bootstrap_return,bootstrap_max_drawdown
0.3404637346800792,-0.057463635533318014
0.49288870190042,-0.10975907632439408
0.21243668698342888,-0.08607218115930304
0.3772316709638419,-0.058652929001302145
0.8653137739962227,-0.04992988850848912
0.15883527868093994,-0.06923127958906294
0.5649730307564242,-0.11487996432246295
0.2398771843725358,-0.09357342600521534
0.4779787773280628,-0.058297413355705596
0.7208558635909141,-0.039111182349332196
0.3329265359523421,-0.054884315554513785
0.46248683492515386,-0.03856035126728763
0.47448553165548857,-0.06890299511369813
0.5362292527028052,-0.046261115957008214
0.10786131507905838,-0.07473675207406039
0.39824458921626427,-0.0971710147175473
0.6582445996610453,-0.03157628991380501
0.21655442893868004,-0.04329355308121985
0.3613903851154827,-0.04427057848243188
0.1308525600972641,-0.18258073890477633
0.13998032933238158,-0.11786362810884476
0.3955082288309564,-0.07222178209932661
0.5095108791734873,-0.04632788228552365
0.39901243259998,-0.07755745430013528
0.44849066700723994,-0.05659344957531476
0.06802588469743132,-0.1124942095817536
0.356679853891245,-0.0502551427410618
0.3443990588255932,-0.06666277677891286
0.2756984280487109,-0.03352760617040307
0.4701626523132376,-0.09020885713526905
0.8535552672245068,-0.04821736245970054
0.1845566553254545,-0.1411560440470342
0.6285951144201178,-0.04176690366980662
0.7733468689341534,-0.0432846432496502
0.4896213217135932,-0.08985220808638195
0.4538426342500044,-0.14427267960494272
1.079018598549113,-0.03912087198615333
0.49209900670908113,-0.07766018208834136
0.4999562207807542,-0.04503377019344279
0.4566920753725874,-0.05017044518707092
0.44938073233847264,-0.1072988627992506
0.5792845970135687,-0.041900931864635504
0.14616561521590787,-0.1151271230518296
0.19052734154013784,-0.15007480240624527
0.3471074168507915,-0.05801635159793839
0.9955634890953002,-0.048145319458507085
0.5094546706909067,-0.05052662691778764
0.6568856092814566,-0.07304518858204045
0.8287983228036615,-0.043944629907742505
0.4246026470147337,-0.052878166021391504
0.22650626261516682,-0.11186137707515864
0.451200053453098,-0.06494210373075693
0.6546493771447808,-0.03669300364195793
0.5068446659727894,-0.042252422305706916
0.5994634348046086,-0.05250793350088323
0.38347090780702753,-0.06687594235389172
1.2855475563128063,-0.05876947674045063
0.4644498863980686,-0.08583669179042774
0.6186881859558113,-0.08371348841110238
0.16706918819762695,-0.07917725841492484
1.0368077875099808,-0.031740909936498474
0.3892638742448937,-0.09123358327669107
0.31683609242761945,-0.07184905555468502
0.36250519990129937,-0.08642698620278921
0.623630977233566,-0.027834613731558044
0.847121962185339,-0.050700469530559844
0.18100249151538073,-0.08970176530925311
0.4828902137378561,-0.05114462714700685
0.3660216943043515,-0.08382150986852088
0.4210371745370298,-0.048869439963299954
0.31259774514142413,-0.0908587603074773
0.7335012821156752,-0.046371982624303754
0.47733514941569366,-0.046883793051433864
0.5233486683569286,-0.043259349056916196
0.3951172420961204,-0.05030743978163321
0.2927629599832182,-0.11015845818519565
0.670470121268921,-0.05097804028014241
0.46992662780117356,-0.06219989141750715
0.40082405731351045,-0.07522962089132146
0.45319327957938227,-0.06120235024196152
0.25760025210269855,-0.09030682640934151
0.6732647913350005,-0.05127317910540741
0.18864835642831634,-0.06044569479471196
0.7528856530269996,-0.05931450623345813
0.6254993316697004,-0.05307916401587642
0.5788005332296196,-0.04028887090153144
0.4240787564984865,-0.07843663939639212
0.7058412680254673,-0.08202298873929148
0.3116663398724824,-0.06972412711516851
0.687476640068319,-0.05346913219677463
0.9441703285933163,-0.04522321529371254
0.40040273157850637,-0.08210771403461958
0.5497437759022625,-0.06825838559134356
0.6376899272447178,-0.045453703518488875
0.45395988626275585,-0.057046496791332224
0.6346798412535088,-0.09571436665481659
0.18932390134948607,-0.0730195949536574
0.4577954849134491,-0.04912943835010408
0.34791635000433896,-0.07620297870383697
0.40611985175832865,-0.0574937534943073
0.7195259337060647,-0.05260588148840739
0.44861970156880715,-0.10566365396425936
0.5265424388528916,-0.055461522277728936
0.3201501238750386,-0.15603713369791405
0.19365732436554484,-0.09817834581632057
0.34447181009886907,-0.06482665737620896
0.17447618424345945,-0.08123477745641638
0.19500289551104832,-0.0936382738752155
0.22842571084579566,-0.06896816503480063
0.4157553487597456,-0.09812994406088393
0.3777155262892655,-0.0821152016747132
0.7114164860013674,-0.033936425930941816
0.6085177628594232,-0.03958043871896855
0.2162453400268496,-0.059555522601490996
0.29813963134534927,-0.07418111741289246
0.38502945488077267,-0.04465359295872395
0.44278628541200926,-0.05776576975854519
0.7110256913072126,-0.02769537972403846
0.27885647411712466,-0.07034509066215655
0.5179742649058703,-0.06443669207232172
-0.006452726435105638,-0.1386071932578964
0.7329315370599498,-0.02208749362671736
0.7197270389910981,-0.037354157664092
0.1169785392381042,-0.07431550667217857
0.31730503176381886,-0.05249009708364816
0.6754965663273329,-0.05080387881306159
0.6275398517996873,-0.038804504164659526
0.6683269811230141,-0.04256440745929557
0.3735149470276393,-0.08979732227232917
0.38714923335742357,-0.08722812469050134
0.4210549014223439,-0.07387298084134475
0.33152732497903226,-0.08864039666194734
0.891930853938544,-0.03817789232528879
0.8779794344159688,-0.03907714207038582
0.4987465482576119,-0.07735908553380078
0.47480793383684783,-0.04866745325772459
0.38953308737433145,-0.06111390650459558
0.6594853193197137,-0.04085883696843884
0.12743592487355948,-0.07914887854615593
0.6272247024836268,-0.07268062842568834
0.5671283416761037,-0.041238036563724934
0.4241012721569375,-0.034529971274903426
0.3551317959406668,-0.07424813086374438
0.8797469911835578,-0.03140296323583691
0.5660524082521585,-0.07517107390978695
0.39176320041029755,-0.10680396862874997
0.3658945603858834,-0.048293880593822114
0.1803481660320787,-0.07713469406102957
0.46675572175593527,-0.07909044108080121
0.7144603125982898,-0.06335367406654602
0.9098672473760154,-0.03255699866964967
0.5458377675813164,-0.09940384811797165
0.9689863076999619,-0.05575382496155712
0.4051465647534147,-0.08495503819699657
0.8190027143356917,-0.0727295114537162
0.3770274370148192,-0.052861147603496916
0.6055877753942631,-0.04529156360603026
0.45600087885648666,-0.06064327882941356
0.34476769779523897,-0.07257246381159432
1.0088534644679803,-0.043524249438637086
0.5930907428577639,-0.04470271363516254
0.38771883371682536,-0.08019543122017403
0.9263100330863241,-0.03690804143026116
0.2568683884509182,-0.05836691655851722
0.40179650894273133,-0.10886269375377355
0.3681639675601256,-0.046841659507340205
0.24449115559322054,-0.15315014944204264
0.3281370519393887,-0.05504435698596055
0.5549404355767107,-0.04385474719999383
0.5018481383567979,-0.058625453942892425
0.3410138008328685,-0.06711190728889216
0.06538823670949978,-0.05807745799695774
0.5872368330328428,-0.052044531074177725
0.3378039625321292,-0.07952527261506526
0.1173740393826086,-0.09008825124173436
0.465423204107726,-0.04212445053300928
0.21711439028896273,-0.09894162932443362
0.4925820713477529,-0.08250776866082232
0.5339135487887401,-0.03879186598073492
0.5363359922375168,-0.05615178335707127
0.5348923351325423,-0.06507003670253109
0.5297425695996665,-0.0414738689037798
1.070523871954602,-0.035889735065361306
0.4240212999080617,-0.035966334212509166
0.44072270527561574,-0.118548854899305
0.10211045035847399,-0.06885630497734918
0.13102925716585534,-0.10774094208693419
0.8023791095077566,-0.07613567959294731
0.24948809345259582,-0.08789109262116324
0.46040848499138054,-0.07770385848788208
0.16374531131802939,-0.08102830496917912
0.3666736971477329,-0.057137048588349004
0.3300469467039828,-0.08148970205290318
0.8359437067026061,-0.05137647580841398
0.3270389825140494,-0.04449395965661951
0.39726811275006013,-0.07084536725922186
0.17753090210412537,-0.06314560595246599
0.21970244482844392,-0.16903405601803667
0.5849212816000882,-0.044955268800827675
0.5512980556397482,-0.03907714207038582
0.2802892927514209,-0.0530348378379204
0.28547806424869937,-0.08496899304801597
0.28999319094270404,-0.11372291543426305
0.5552752086334909,-0.09551558902290325
0.37990021458606527,-0.04453705731682145
0.7428818831866617,-0.04971557462759968
0.34965690070703026,-0.05462499920548647
0.27404345000364305,-0.055574633145239916
0.33384889968167997,-0.05397452112425205
0.5731939482523818,-0.0424800447708743
1.443646653635235,-0.03401700097518723
0.39490021239481066,-0.07691255289472976
0.28566076149432784,-0.08941748809823313
0.8293209347802684,-0.050627725276617075
0.7700293364454174,-0.04176012753387448
0.12847644428763627,-0.09860321898398017
0.30377663332325056,-0.09978414672076363
0.09286061378017019,-0.08110956706445138
0.42404002917901495,-0.07261229680375314
0.410431925389072,-0.07442691394817125
0.2908465365122139,-0.05680929964263104
0.3431488593904559,-0.06811890806728971
0.6238130417016454,-0.0717283860322897
0.25911260296643124,-0.07881431870072308
0.47240090113120337,-0.08884248683410967
0.1208192235084673,-0.11353318585698569
0.013126034928361507,-0.106373904310887
0.5369329070868256,-0.055367939915528686
1.0055438935217325,-0.05437721905326642
0.4422329912938556,-0.0662469727647963
0.6419470760545645,-0.050492322499034015
0.37505547271341855,-0.04952737693852616
0.6979861098044489,-0.06403233661993324
0.4480191930231676,-0.06465623925214214
0.46447909601223936,-0.08334686187980045
0.7049007807658394,-0.05052370363644054
0.4756161832592056,-0.05598727751956745
0.7140387775494299,-0.04510049291390594
1.3664284158108733,-0.042250352147597314
0.029380932614409216,-0.12054605528393103
0.3968170447309196,-0.04544880367038362
0.5501020053301073,-0.07572790281018926
0.5366057174231695,-0.049463896622165215
0.435856521948097,-0.05646270706754619
0.40792301642035866,-0.0635119895636187
0.3315221238150541,-0.0716159774219769
0.35506148452406405,-0.04176836625076563
0.8093608319137642,-0.03874681584114803
0.800008746785615,-0.03739542281859676
0.7733460997110901,-0.039728240289582106
0.3551076750916926,-0.051545410938903746
0.6938643187930529,-0.049261964038578965
0.5415074814058165,-0.07813867939687325
0.5911907688384579,-0.06906857514596354
0.5037267294507854,-0.04970489466239636
0.37139111121381196,-0.08304026400386211
0.34440847988749645,-0.08894314360647149
0.27935720084243343,-0.06818849741464328
0.4111256064595803,-0.0723586247751764
0.06510011786584324,-0.07294534804438202
0.7466168472434369,-0.04730826158032675
0.41985563997265785,-0.07067379057716994
0.19204171228448308,-0.10058193324855269
0.2713432339648303,-0.060775157059265617
0.8142705569278701,-0.03166525555209754
0.7285816469202413,-0.06326660664742834
0.4354428286422596,-0.04572322465498235
0.1818736186836627,-0.06525493833769813
0.4351572723858106,-0.03574829705420657
0.39294248387693353,-0.07385006244978576
0.28032667570659275,-0.12484648520168273
0.38894595652344766,-0.04081185898581019
0.5619676858026976,-0.03623791056041603
0.6047965621469407,-0.12270898393962393
0.5240205011783172,-0.08325071247260019
0.5238278707868549,-0.06099984403067693
0.13254251009906182,-0.12386114880297794
0.23483941581306267,-0.14234439314090952
0.7430038216538088,-0.06127636375145595
0.6939153014878592,-0.046461871375999664
0.5366564687802005,-0.041804293627589306
0.45506224761915726,-0.06861468317673358
0.42360003346802166,-0.06809014726400575
0.18092781670969527,-0.09829283304100933
0.2858812929117427,-0.08470683213602637
0.3166534805766499,-0.08654876025390945
0.5783293090470554,-0.08054223099141355
0.3648466127813639,-0.09261008306922403
0.7903699314419612,-0.052288610629717236
0.48030274667802964,-0.0726295025110173
0.39133795055033094,-0.04548053173763367
0.7859965898205143,-0.048256082865492544
0.4832664042010568,-0.042196096219436985
0.7271840089041186,-0.053665058009035094
0.5690970226102556,-0.0738033789092305
0.7097508407921358,-0.051369367597693505
0.23745423278603028,-0.07001397867323023
-0.025918930311776278,-0.21977188497054545
0.6067567150772981,-0.07133996145273414
0.4586575167589484,-0.07319468409064944
0.6503894299658217,-0.032770296851400205
0.5073197048675735,-0.051950022813338825
0.6504798834003753,-0.047523791697426154
0.4323249508090694,-0.04213991213968327
0.6983038339344625,-0.03863379952428814
0.2998421965506979,-0.0421424538430798
0.8473673983110801,-0.08390588842746816
0.47543473335331554,-0.0786101114040525
1.1208837092317405,-0.04054199454470875
0.6556088404052371,-0.06401616814424826
0.4171721946829958,-0.032080836998432116
0.6821425683110782,-0.0645493275066481
0.5745204828969912,-0.04856308814597354
0.6120320333548794,-0.04458941981305453
0.5433069267279782,-0.07185256432124276
0.22728622972064327,-0.08027393998818677
0.7066828083371515,-0.04742192961338665
0.5882694340911043,-0.0704460607795716
0.24779335682992487,-0.0780096054467605
0.4595492674147308,-0.0705440122829315
0.6667061714515332,-0.06834454393011968
0.16598344278227906,-0.08441859886526015
0.8543883659591924,-0.04105192300165561
0.7376850595508653,-0.054888085320146995
0.6935433392879691,-0.03696327921092968
0.4531740960311783,-0.053194450758898504
0.8281772933358702,-0.03159584549098726
0.6844908991703176,-0.04542650542830684
0.36252723525967356,-0.039427074200325984
0.5221641080090775,-0.0684457860451686
0.2397589752707059,-0.052771286909498505
0.6242740115496941,-0.05253351789114613
0.2621646951154004,-0.05521091022181024
0.6284505817079413,-0.058941841923834004
0.6473455318679511,-0.07440634919393663
0.36012130410138443,-0.08332629503964373
0.4980916257393342,-0.06512244122815591
0.6917523996837058,-0.0818128799197626
0.8751551590870048,-0.049065517891342725
0.5541335696067511,-0.04141897964654817
0.38717346566018085,-0.06350745320563611
0.4668017602908492,-0.045795643206212766
0.2427918158792719,-0.07019519187093715
0.28872678862219026,-0.06694683380091426
0.5451570154794478,-0.10428766846689297
0.3276109880366693,-0.053924205917353696
0.2797850693060906,-0.08553295109280712
0.7459002987314187,-0.04280938315579863
0.5062634083598918,-0.054499331780207605
0.38154981130735455,-0.11146674287797909
0.5233777404675737,-0.056794899673772825
0.2339171905118218,-0.07821622551228347
0.4036238767396543,-0.05407652046127309
0.4585899059586003,-0.049741126362679355
0.7099643672522606,-0.061668716068660534
0.40980016684300824,-0.05615656839515826
0.8140764496916435,-0.03713846828355727
0.6382270575255118,-0.035306823809561516
0.5026657787703097,-0.05982264379474045
0.7236182272088356,-0.047797109104716684
0.9666525108144199,-0.03660283334773007
0.4807212948035755,-0.04363599101353788
0.4416770410821027,-0.07692059446893151
0.6918450236958911,-0.04671170685433801
0.2816175413387696,-0.04902855685945562
1.1937637834766899,-0.045107179856835544
0.2571318035590713,-0.09595391619967497
0.1557540187266222,-0.052034577857756226
0.6329588442016172,-0.04942476712077881
0.39031068395081303,-0.05530239774356682
0.9452268473882677,-0.09485215184268825
0.3575183610892061,-0.048888692549947876
0.4193418516549652,-0.04487764147881668
0.40596584313322404,-0.07219881657744487
0.6549643146369435,-0.045164698674922454
0.5163762614960636,-0.08488834792404054
0.7279782962189434,-0.05614427247282672
0.28508915019518377,-0.07966151700953072
0.2797897145671502,-0.05628752801163173
0.6491829088523484,-0.061120937348116855
0.6809608024038358,-0.04403710835178776
0.6165428980558443,-0.0506312352109034
0.3054333470282795,-0.06866647672753035
0.3782091388321698,-0.08848599254634615
0.5489457823137891,-0.05370837170117826
0.4667043757975169,-0.036971803466478326
0.6935074509323726,-0.05739888269052351
0.9664841873854733,-0.03382194467429689
0.6079147533384011,-0.04343519470095569
0.4281814707411422,-0.035426298115928234
0.06059324523782261,-0.11136967222373484
0.6867797953081138,-0.04914974190365484
0.44750162903680524,-0.05628541088984629
0.16836769407744723,-0.09424525254340788
0.21534225240773863,-0.09068313553101315
0.5673840484987367,-0.09003929932031529
0.3587993780478289,-0.044270578482431766
0.5811017075691678,-0.08332440759343351
0.511630225080117,-0.07697241731455207
0.39618508883995984,-0.09001463915685903
0.5507175692017845,-0.05397081774403856
0.6390095187050071,-0.044270578482431766
0.5141500213592018,-0.07776294935805061
0.11062601935236582,-0.15192621346933544
0.19986841430535618,-0.07721343769504052
0.3141581895195322,-0.06176207551227142
0.29968224171827185,-0.05868518842534021
0.41003545115157936,-0.07859232904967484
0.8134141409486186,-0.051819679684311115
0.27167438308464664,-0.06970916889162093
0.13700427946798222,-0.15750124129942
0.5077436840703526,-0.027587019447060768
0.6442490981553892,-0.09504763528578197
0.5802914383168807,-0.0418496417959493
0.4724962050143624,-0.08761735312826913
0.4649962178654896,-0.058346899255650064
0.3908028992561554,-0.08519722956853559
0.5566985710793686,-0.050119868707870774
0.5218853820616489,-0.06843443441584185
0.3945269692933193,-0.05635141990917836
0.328688956566465,-0.06850983968488145
0.6255321193807442,-0.09571487615908647
0.593985782386903,-0.06266569371713948
0.41771923458722027,-0.05851761560386859
0.25276085656295133,-0.05384543004936615
0.4966392646443438,-0.05015413094364263
0.6654169659177758,-0.050995545945843546
0.7174483068120039,-0.0738726724469454
0.4101501348294492,-0.10448887049000177
0.6475304204467427,-0.10111140981348476
0.6423119662894763,-0.08395206989269488
0.48171896977777084,-0.08095720910976845
0.38926277447722724,-0.07128116295469511
0.506019612785932,-0.05698814133304153
0.5129851504067049,-0.04748085792420598
0.5135455056977849,-0.05358841064586273
1.0654334267697618,-0.09288397153894301
0.6677224424274419,-0.0415469394929443
0.2676511298968409,-0.06735412717833522
0.24183887594370468,-0.09346766993744515
0.7211475088735324,-0.07572971906566084
0.7788621164502552,-0.05833215842937278
0.6408813079501872,-0.057461567647390854
0.5664179509717462,-0.043329622366576004
0.4912731654163225,-0.13235875254830576
0.33616319799691996,-0.07258304517979275
0.9745069621662847,-0.039719095835094476
1.0371134261220334,-0.06142299291329467
0.3226973420419441,-0.06277966296188153
0.17996818024729744,-0.09997832643299609
0.9002764226894366,-0.047129834519312186
0.6967849711974661,-0.06152832990518453
0.38424066088879627,-0.08611592729612838
0.5144221320430375,-0.05600749139073069
0.37060562229655813,-0.06733081730533985
0.5557713318600452,-0.058263230649689746
0.28920376945163806,-0.0952687647956717
0.7974399535216181,-0.05406820681019353
0.6076745610606309,-0.047207923438504884
0.16104021849685068,-0.08174884005591687
0.788229866459095,-0.044344411536298534
0.6666490677725094,-0.03786592587981241
0.4278317738339359,-0.03818809768605835
0.12009300870411832,-0.07341002043367983
0.5482004445553366,-0.04536675399731571
0.679743439596834,-0.038909145470794604
0.41506190442526525,-0.04561038501164694
0.4080008380597713,-0.046660186566249484
0.14464196305367283,-0.14894188219619386
0.07171856922569786,-0.11486532835671237
0.8323168951712963,-0.06975565659689764
0.40949938304294364,-0.061959358969226996
0.8527866727319697,-0.06083691755780973
0.13501993139981217,-0.11265803207317382
0.5892343050379991,-0.0556462583156323
0.6959498801962689,-0.038220136856529585
0.42570920707311677,-0.04453119307092057
0.5534790645449319,-0.10061343631228759
0.35515071521588104,-0.07945069507163027
0.1797197749767956,-0.12139603992528869
0.5282998709197804,-0.09652520605866599
0.5015028713964786,-0.09859663473131675
0.4671557261684123,-0.0833759521061922
0.5758211423808306,-0.04529880997925939
0.33583294520389084,-0.05621553274181057
0.5182414213199771,-0.06356221038823484
0.3576516734903601,-0.07182584379830492
0.28624104997950894,-0.08540172722709749
0.3320698429517399,-0.07107600307311557
0.6210123920954811,-0.06819223577805522
0.5234433327667054,-0.03902718678206141
0.48296586508140904,-0.10269349146669315
0.409148723329511,-0.09053090168862943
0.3095746676221893,-0.10846799956301689
-0.08261954384574033,-0.1465632535211483
0.4551522708282332,-0.08634480438681746
0.40347600104495895,-0.04437625950534063
0.1548315975410126,-0.06330580220837256
0.6123705457736213,-0.05206103839074161
0.567445205667862,-0.05191077753501849
0.26117216341951743,-0.07437632231416946
1.0086870427363461,-0.058128759421970155
0.5660762065136542,-0.04955217388904476
1.0785575753119123,-0.024775202876121893
0.32780663224936446,-0.09570975951582561
0.7490609784798632,-0.04541593655377696
0.49488521597763424,-0.1119019125365035
0.5734111622743479,-0.054177390431259353
0.6043374457508688,-0.05736194411668527
0.31026389249225517,-0.1029123891847179
0.6966810757643911,-0.059973289324778745
0.5909878016869177,-0.060005070801739
0.7601296349639302,-0.06969361334331403
0.34250306216842374,-0.07900550073777679
0.6086843167408855,-0.06589434459580745
0.7215249609526255,-0.06208769923950519
0.3935108637238198,-0.07517747336122671
0.743785203565277,-0.04931005300324376
0.42191390484086666,-0.07729256435222231
0.5124421541282953,-0.05745039197824675
0.5396646286379756,-0.04878654408817917
0.33104259242695777,-0.06667301140355963
0.3462943385362487,-0.0683801053725237
0.7737824540120073,-0.07265019107200155
0.6314498967430238,-0.06255608268428658
0.2640361684277752,-0.08424045982327855
0.5833746288922712,-0.0518193262765313
0.8822244778630934,-0.037657462497518446
0.20310698299839824,-0.1280918965293396
0.41506220208996303,-0.06176044711770734
0.37338249845817284,-0.05935326344347569
0.6333356970317097,-0.05492281280532518
0.3938216866373243,-0.11725873112518936
0.3046930829671515,-0.12815450244436266
0.5183590821159183,-0.03663113663323414
0.20268845411868486,-0.11628829133515495
0.47458925761207205,-0.08022332989101799
0.9596071799894996,-0.03547692199937913
0.4273758752504673,-0.06829888428451225
0.047448604028244246,-0.10653130866335259
0.24220652410832133,-0.08750056250736937
0.4034018726524793,-0.05316012133287451
0.15920030456082612,-0.08878694249544772
0.2822629276623767,-0.10004653543288489
0.48306787221468306,-0.05602292717969015
0.4186588185843134,-0.06160860901599263
-0.059561536502554135,-0.22962574245464962
0.3678636811066327,-0.04230380784516363
0.6337407090772738,-0.045309757023199615
0.24702435935173228,-0.054559926146098614
0.42320430334310033,-0.08641555252995414
0.18119160748535457,-0.05337141333837625
0.6460041562903136,-0.05191645394670763
0.286864997169584,-0.06615650083128732
0.2952762643679301,-0.11072274117253167
0.3074001311726753,-0.055276433989467466
0.7343654452596775,-0.04867665025192791
0.5588662207503281,-0.09391677761759354
0.33692544917096856,-0.07273719559960978
0.6454254576391028,-0.06613196771607588
0.5244708039402641,-0.05946803998371053
0.9806957487452181,-0.04245940417572369
0.5824629796834226,-0.04436877290563612
0.8290320002015128,-0.0693189244347896
0.37746824040176885,-0.07711376580485019
0.6086070695625052,-0.04695797855043138
0.3465550819088754,-0.07220410733990579
0.36195826221733296,-0.03881645788051802
0.703451542329236,-0.045347908825783434
0.669553972476121,-0.044270578482431655
0.09059281930894558,-0.08482596946006682
0.5131265152577953,-0.07898862967524667
0.40540260869039413,-0.08691104902237656
0.5287011083815698,-0.07042682682716783
0.4705138975255281,-0.047478466106994244
0.13635299726585215,-0.09686661260434493
0.41370668048685144,-0.04631629100062584
0.5578405831244679,-0.05755962572283724
0.32099499650317753,-0.04322984600762614
0.20770007127997903,-0.07936449479664864
0.4008889109831,-0.049842440369727736
0.6270679612296717,-0.04958586635141682
0.4016271471946746,-0.0791451740307968
0.32676817255494095,-0.05634130098968826
0.2922841260357145,-0.07820121719982964
0.46066282421398164,-0.05555650987795002
0.6664556883063939,-0.07581027251640615
0.6031051766860414,-0.02948353792764169
0.18531267346012514,-0.08330439754192076
0.31713346571703527,-0.04588603543464931
0.36852205866444154,-0.08495696599554214
0.47794985071115637,-0.050907405230090186
0.6892623194293481,-0.10375253856234079
0.6346752218576035,-0.032596892479935025
0.9383174521652629,-0.07689360338050899
0.2525391234729697,-0.10337145038931894
0.25356125052760814,-0.07248182874679698
0.4982386108957093,-0.0625715908335589
0.6097122572506803,-0.054667439405025386
0.10017884010766842,-0.08845206196134214
0.42492530390698513,-0.06171758754972689
0.551054570692544,-0.08483982115133082
0.625520976367216,-0.09001743890006486
0.8249889842276399,-0.04118559337408689
0.3518288559503071,-0.08126482841127358
0.5329963550713972,-0.04472784791031026
0.5959473499197683,-0.0519513177901928
0.4459153841783998,-0.03983392356152937
0.4020244420074115,-0.09385428477483038
0.3797559402702544,-0.05792526817813237
0.5855480878412416,-0.06363353450056108
0.5034938187657445,-0.09046394865264495
0.4649080598032549,-0.05222267666183922
0.7225540589460988,-0.062916571476485
0.6805966011614795,-0.07057788530844067
0.8735517639043637,-0.03234354614373758
0.5474288380697128,-0.0727697309962877
0.4949198212185071,-0.05987422775892459
0.5081479177707418,-0.05096185455115465
0.7322353532653691,-0.06232490810635116
0.33535373597914253,-0.06542629756017437
0.9945332073979778,-0.04833829202989104
0.3677093097604749,-0.09266633589260487
0.1457470514617092,-0.04881475225979803
0.3578220339321565,-0.05006545870823209
0.593041399362197,-0.07357282451895175
0.3636674090162082,-0.05993620742531036
0.7789872442946641,-0.05283691326041973
0.6002667921351676,-0.0629400536359388
0.3346840389714063,-0.08940004574877336
0.482912742273953,-0.07565852074080404
0.7436697587660457,-0.0720725011025618
0.4018466943495964,-0.03578584496882431
0.300601955048873,-0.07935167512175823
0.30045008841019705,-0.08209066856016889
0.3053101616052738,-0.05105312649401417
0.7454201918324062,-0.05424455966494457
0.7756169402142745,-0.074370706591122
1.1451144141369944,-0.025083067732293407
0.8196012606941074,-0.04226202009489133
1.0400544139530017,-0.04789293303955078
0.42905976787204825,-0.05034201341944067
0.46346804816983234,-0.07422027727365343
0.2098924763023826,-0.09287600585436717
0.4972556593977735,-0.046197990922531185
0.44885422554686816,-0.049034225749452265
0.21685915966755176,-0.12608758957960764
0.058140287142828484,-0.09475718071740169
0.11644066337067804,-0.06753577040630698
0.5404375083482704,-0.06532433261958603
0.4203546838445309,-0.06517439011317028
0.7808041795866714,-0.04760594843300414
0.2428792046762418,-0.07829610301074097
0.5483944764225777,-0.0642963916653867
0.5589621465494305,-0.04401547980080778
0.6106112934079544,-0.07411957516209278
0.9835735272764765,-0.05374032061627265
0.4358460656273897,-0.04485713304114214
1.085241860179171,-0.04213711631556838
0.5529717509283312,-0.06406459109403362
0.2504383917898345,-0.10641921979855662
0.1204653958018822,-0.05638891413185898
0.4801951234099462,-0.06422289062182784
0.6436390613784566,-0.07366744535038916
0.373446350976522,-0.10296367624480374
0.19736111330238604,-0.1484585245411586
0.27554206479999777,-0.053829521159376004
0.6256097273701624,-0.03800829956257523
0.22938312048427445,-0.09080926765015274
0.668491580179553,-0.044074709826214975
0.5284599477700933,-0.10689268451328571
0.15749369617498465,-0.1035957484045047
0.6549736954280465,-0.04865082249623098
0.6095210064888232,-0.052554838075801746
0.2936685454584511,-0.09813557997357514
0.2607661789710123,-0.11518316965929087
0.6184876419823295,-0.05376436305132937
0.49215676271697406,-0.04623840674135615
0.8687426736191932,-0.04682103782162228
0.41275285320410915,-0.10741585724901537
0.007883141820480777,-0.09588939015112874
0.37614793094320564,-0.05439264079502415
0.5973791181164356,-0.032659728696925905
0.32543006716329725,-0.045813503128467103
0.4450069841471642,-0.08520453236896597
0.44207929065710627,-0.12047417247171621
0.4460604052388153,-0.09996973847527146
0.5790344293537506,-0.07633865566490494
0.6938473595630059,-0.09130181733606524
0.46149915276857745,-0.09534574592758371
0.3245618793715319,-0.04724331687774641
0.5335234235705684,-0.039029225627148945
0.40706394679554525,-0.0690463194500518
0.7673871720671177,-0.08731490305572209
0.6762632791325043,-0.055189344275137775
0.8945119055386721,-0.04092004937034477
0.20899559268046586,-0.17106298774199846
0.3991584368415537,-0.06005620620217522
0.39726117078794676,-0.06658223668963992
0.9995062054259385,-0.04459504861985397
0.31647403298422105,-0.04459226519493187
0.708564799366145,-0.06447726637764639
0.3931363785766735,-0.12139557636532394
0.4411751405918878,-0.04839192388356217
0.586988329192903,-0.036272363481435366
0.5567344441644801,-0.07742786852452377
-0.0022777038296705188,-0.10338710567671061
0.23045732450527834,-0.04915329050711037
0.26713620954603745,-0.0760426677291478
0.38105328974310493,-0.05021514328081533
0.3505590161882748,-0.048661609842202136
0.5904148744966569,-0.04028148165556833
0.512853464812397,-0.057919019378206316
0.42320527604525915,-0.040607243162183226
0.7576073782547332,-0.05796259482486843
0.26781950369714935,-0.04465608528094145
0.25902556132085186,-0.055487941133337326
0.28769563117003294,-0.058180180143422966
0.5790432110478474,-0.05813454485279823
0.4911286477225758,-0.04259896696396148
0.34846673988868626,-0.10127693254359149
0.420693113607282,-0.039154879711179924
0.2142489849496143,-0.10112797075124114
1.0157751206365173,-0.04108138864181521
0.3570005903385489,-0.08134715929089509
0.22935869328318947,-0.07032744595081786
0.2710655162184994,-0.07941825348974696
1.1347213168817532,-0.03855927587954511
0.42967101310178113,-0.1352258166748539
0.5632965480927736,-0.04925398881308607
0.5032326033153733,-0.08099563469502369
0.5688863634936863,-0.06271479812827796
0.4304969129679932,-0.043560528562240686
0.9648437821715008,-0.0878236865057338
0.1932130392371194,-0.07538009667352852
0.28040009076465156,-0.07717344115828251
0.08172181873407913,-0.1187217966914319
0.18185018527748986,-0.0681027071791861
0.1369152364392925,-0.11406544201161195
0.5385839916910746,-0.0871962583672301
0.6377684619525497,-0.0754306139079105
0.3320789956852199,-0.08638812254700134
0.9233933906611049,-0.08939549637548694
1.1521487205626388,-0.04572455065619574
0.8346947836505496,-0.04934319505844864
0.6394925099863977,-0.05939455098893476
0.2053451414687415,-0.0683165721442055
0.2653130351976838,-0.11366709566549027
0.4057815916874765,-0.10642867472134387
0.6060176521442024,-0.030523384228922756
0.5531778191518439,-0.08505455689606478
0.4268295876573516,-0.06090994010977624
0.15945336294252122,-0.10283443635469958
0.9729235382556738,-0.07376372532677833
0.3236879398232939,-0.08374561664264768
0.140671375627764,-0.17034036856872992
0.6986113851831188,-0.05534426805377568
0.4338803852128996,-0.06304676498336359
0.30892210899051165,-0.05213585941199628
0.25918729241408744,-0.12877028003468005
0.2037660890878914,-0.06989802796510769
0.7824289035718961,-0.054088294569638706
0.6358269477357781,-0.04413282195904389
0.06643674727432347,-0.1607360472452256
0.419124687117151,-0.0817918462604581
0.560350826621826,-0.05933807559706583
0.9856861614448746,-0.033624294265258814
0.6784227614669975,-0.047839917757117156
0.7112847436657685,-0.06314391021730115
0.5097426635879425,-0.04909122363833174
0.2779023394167246,-0.0628174365000862
0.36523591440258674,-0.07161030955228875
0.396056509339332,-0.06273646422103585
0.7848817351334294,-0.03126156731924923
0.6041193513966734,-0.06137122289873165
0.5095447430244837,-0.07223277350757473
0.8576377493760776,-0.06273016719288771
0.43856331255046843,-0.060462566854907585
0.21467257715972798,-0.05130605010697664
0.2949500089629349,-0.058279519916735745
0.35051634264615705,-0.07234428051526953
0.28264186653959533,-0.05951130719470199
0.5615829244994033,-0.045556416713601555
0.181851603522883,-0.10900975871112306
0.5133186171693389,-0.0513708473551997
0.3978249708633337,-0.11101670122042528
0.8988291867907368,-0.051237622008213135
0.3105803792286468,-0.0838643975212573
0.5382425601193117,-0.09211622449868517
0.6686361194438222,-0.06340536529456187
0.3379395375769141,-0.04515183310905324
0.5542284474306194,-0.061525950365747595
0.5029563223756925,-0.06982644782538905
0.7954944434752307,-0.045223316717641904
0.6835015845554377,-0.07257103088390227
0.28074136444155995,-0.05865276357429694
0.3529798124759531,-0.04911885105272151
0.4835801495764005,-0.07310748711242632
0.8476000304407516,-0.06628165745033843
0.6214145082976315,-0.06362566038720385
0.760847847342984,-0.05885379793339551
1.0467873439922775,-0.043436317994260176
0.34551286870856024,-0.04378974546266856
0.346416538697067,-0.0756565349396171
0.7210717568951963,-0.04797223425082475
0.6735128119123999,-0.038233152950177485
0.4197802680630127,-0.044847127874898196
0.9283441717714529,-0.06521798974811477
0.43872970005011314,-0.06588861131288593
0.6029792139833468,-0.07926722442022949
0.3825640544281337,-0.07766501322848995
0.39717100701640207,-0.05129246392031328
0.7714280623420056,-0.044867357385711126
0.578063434001431,-0.05689596276478781
0.7501564186037466,-0.0546551429070109
0.5621530567842599,-0.040960142530246046
0.45018407144523365,-0.03501191060903219
0.3079585576493036,-0.0448410591361309
0.6327133975230428,-0.04450523022567643
0.5467056903783807,-0.04646981529100691
0.7737085877309999,-0.03539941678601266
0.7102617451798188,-0.05063131718662217
0.621504191338488,-0.07889753098597108
0.6158437188720132,-0.06704343051669004
0.49888727143658507,-0.07220094852996439
0.34758306432067543,-0.06655134386739436
0.16724365004904995,-0.06297361123979983
0.08295939945650188,-0.11034134511665783
0.6945470593697496,-0.0471082324869998
0.27095215975473286,-0.06187629247285986
-0.02225130718573609,-0.1334039663433717
0.48895240148729413,-0.09552872286862635
0.4203300329924591,-0.05458358105757999
0.5486245215365031,-0.0357583522427849
0.6398212392642362,-0.038482453513446147
0.28045686578002926,-0.05674630529162117
0.31758312923350585,-0.09477631902550843
0.534233311004298,-0.04362118412195559
0.26436341205546143,-0.0865783263814548
0.75136596713487,-0.06516496265222649
1.2320055945554946,-0.032187235487509236
0.6335128870425926,-0.05348463233358758
0.5932517440582812,-0.06370726076843869
0.6371746909709739,-0.06688913055033663
0.38273886149310443,-0.04631686602954377
0.7775011303255774,-0.041791744623835836
0.47401944457744793,-0.045590950203457714
0.24966347731652183,-0.06461533546167342
0.12721673412301748,-0.08857362763584042
0.40450053289040655,-0.0766052844329107
0.2144402865481827,-0.09386308583736536
0.2977675567685958,-0.06246959613373215
0.29695156502093245,-0.08590934008969364
0.4514124157530488,-0.06547622171789813
0.13724544971067454,-0.12202667115612797
0.43840251743536585,-0.05982116731775611
0.4466261241943479,-0.06298213814908504
0.39006919311852184,-0.05485110126004955
0.6018471424651224,-0.05817901065229181
0.3443886581575948,-0.05052934269058951
0.42683887321846115,-0.07114661634556751
0.46300402671320406,-0.06791578937556308
0.22747748271414991,-0.08717902146139833
0.3602347550153546,-0.08571685126003603
0.15906655387780888,-0.07045528750510277
1.0324474514980766,-0.04911561424039601
0.2989603154354634,-0.10070381882175128
0.7746036622103114,-0.053281281459089946
0.4448600943484775,-0.08585664090435374
0.4557447347635859,-0.03447178213209423
0.28683600906658424,-0.077124629143834
0.8661000858412224,-0.044734983940530326
0.8453304513843698,-0.04496719202568178
0.44791935481801204,-0.060837124756270455
0.19093096044205105,-0.0959427667955981
0.669693280648205,-0.05122840081958979
0.7915686434129343,-0.03993026101441599
0.5432879044365977,-0.048000441424882356
0.6723644996960008,-0.0492858987860324
0.3833134872558155,-0.04552624283632589
0.5842111333928963,-0.04483511559643416
0.7003398552533366,-0.05221086002136943
0.9926362094157861,-0.04085883696843884
0.7011937775565131,-0.09205094101932254
0.4580105718497487,-0.06129581326609601
0.8096342607818747,-0.036683321861874396
0.8294454464705656,-0.05552964336154964
0.24499609075815965,-0.07843875271003808
0.46527869633071584,-0.08018882878176925
0.5747840359948588,-0.04377777308155861
-0.0445094303642406,-0.17210930913735845
0.33231889152449234,-0.09270426729267411
0.6668625316678076,-0.06229914691593408
0.4206884147682144,-0.06083192762286349
0.6193901870746141,-0.03136313639632371
0.2896803005787838,-0.10002259617110898
0.5232330500144657,-0.0519565120629264
0.6203014349308467,-0.06720370399498021
0.516428954244492,-0.06721782895431716
0.7041243743510819,-0.04239436434355448
0.6312334187952293,-0.0454193217493738
0.28609205748308564,-0.05302129830170732
0.9200894946880571,-0.08532108501549662
0.8154458234831523,-0.04215349668282231
0.44738534362191507,-0.0747275697153379
0.6636155762136224,-0.05365073753990601
0.19949403620130535,-0.07722110617902622
0.49671368106326463,-0.03508179551058743
0.42887549524061974,-0.043555857344515725
0.3733782249814972,-0.05026747553202571
0.3414720074908133,-0.06224679463687832
0.8582811484258652,-0.07232554328070029
0.35195045494373156,-0.08568141629758996
0.5406964435504054,-0.03189194687916652
0.3686744559659947,-0.07385952026397025
0.7563011305369656,-0.0587732325917274
0.40377534263860015,-0.08581731976664086
0.3688172569969381,-0.1724304483778486
0.477505726776559,-0.08664840040199884
0.7126149003106443,-0.05140249367695404
0.15137906895955533,-0.06070190349039373
0.4613091778334564,-0.04342769156216908
0.46543080015337224,-0.0406984736370829
0.21777381990838185,-0.08417623714794953
0.2954473847776087,-0.0710836550874766
0.8432571872407388,-0.04908134267149411
0.5145302968649907,-0.06150905175622734
0.3877220725445085,-0.05303856543454111
0.8607416594975699,-0.04408834571859921
0.39327873227885535,-0.06640019397799501
0.20121098166383322,-0.08635887600977821
0.715140280838175,-0.04290461164844395
0.5238558752328895,-0.05179369487842367
0.37435934424141104,-0.06265124188423998
0.3872096634374562,-0.06732926542525208
0.47119948040217485,-0.061042336770533834
0.7567823344820006,-0.041156517824467165
0.3748032797911953,-0.048454814948878266
0.4139507334375716,-0.0460508169148669
0.3291841256838839,-0.07691423528498365
0.511900886724967,-0.08430496814003396
0.7368220219575838,-0.054355774311116045
0.30710583768946287,-0.09116219674893777
0.3603591696494035,-0.055391476413139684
0.6144657328152576,-0.05225641338982945
0.5011518809700846,-0.07730023590353519
0.5519055630807521,-0.05548794113333699
0.522319165620919,-0.10060695008165066
0.6562260861428861,-0.07406303717614438
0.6593955546177048,-0.03549596514067421
0.5351209051273227,-0.07601414381498872
0.20286410490322515,-0.09630474632827857
0.5433251339122656,-0.07562567270193177
1.2014471240408797,-0.03747299255211323
0.30306911778445,-0.04344749455101937
1.0840642890676464,-0.043337833066073084
0.24749521056177293,-0.07749660455390617
0.5271065068410581,-0.04703547593963464
0.2964513258188737,-0.054742719844164345
0.2360588433066393,-0.09480594830732947
0.6036288046737615,-0.08782634286919677
0.10046583495206929,-0.06757023641307436
0.26595199191981145,-0.07151855505148708
0.3604412742349816,-0.04498658588724325
0.269831540370693,-0.09380589409734708
0.32389430015577725,-0.08940005697252462
0.5255814182513239,-0.08409651729915435
0.5679761937367751,-0.052157936859305476
0.3987752057807157,-0.07097319683348757
0.7205754607194912,-0.04056914432469616
0.2052511949776119,-0.05895320168751761
0.45738896411103114,-0.08168896661513547
0.39342382026965694,-0.08279297207948311
0.48753866142277547,-0.11486530539148909
0.529288274054249,-0.07632508188298825
0.6324168727845789,-0.0773088048835121
0.5703011418191954,-0.0538147159064607
0.5219601355258794,-0.03271327801197543
0.4535141864035934,-0.0561765972981606
0.5531365115013187,-0.04290461164844395
0.7585498673556641,-0.06113579525546442
0.7629125440779458,-0.03518730624031674
0.5941018038801431,-0.06235549252865191
0.5173089721474002,-0.05731005836516201
0.200200791599364,-0.07932872208073571
0.8480899978734033,-0.08913633738820192
0.6123189034576597,-0.03865003953042523
0.44537892700365833,-0.035442675737358376
0.8031349130227383,-0.032187235487509236
0.8088841461032956,-0.048867253843436154
0.46557329387452406,-0.06076893494118052
0.2802490169568044,-0.08035667981828021
0.7662717617597437,-0.035341174386081975
0.311088234951169,-0.058383252916481276
0.37163190076635266,-0.12829931660665428
0.391453863930334,-0.08621790108355276
0.3223397268641153,-0.0698709599073104
0.44122738190595157,-0.07475039336838907
0.5461440162295299,-0.1109401466118517
0.5075036167341049,-0.06997646778220323
0.7888025509226679,-0.046142191466682525
0.48330137334869105,-0.04092223068492862
0.5200955316312159,-0.15203408381519845
0.3745577767839465,-0.10944672984123882
0.5513729918816896,-0.07617968477215731
0.25944102632724664,-0.1355332817038849
0.7079057592402358,-0.04734560619812367
0.949955869672537,-0.10368513230122112
0.583444827020883,-0.06573597968627432
0.5158050645648959,-0.11335662370756272
0.7135313230059852,-0.044460057787821694
0.18766329630042633,-0.0889294103590903
0.34865408355689986,-0.05346615897904328
0.4631551763592474,-0.04692961468742263
0.4751128859718112,-0.04809289326119082
0.3289072618837199,-0.08413317068483284
0.8867303397462842,-0.04043239798531206
0.9046384103807612,-0.06447997242269798
0.39253363907093486,-0.06438720476454418
0.4691186537769392,-0.07912254545185704
0.6748189091189134,-0.03775660323261598
0.5493280759475592,-0.12187118423246202
0.2422626586248493,-0.06781328179965351
1.1777207242338994,-0.05112635818446154
0.3811362251120778,-0.05032116486868776
0.547391376306803,-0.05535557832160565
0.3148473480470624,-0.09670367801183544
0.5016484245884723,-0.04810296250469981
0.5835457015697278,-0.0611177836312603
0.43693516666233223,-0.06520752076693836
0.5574571235046297,-0.09893747167114286
0.2704422890204574,-0.04423069336586294
0.47056967196429267,-0.06374111854797226
0.4897289443127222,-0.04700455457092312
0.43341975487965034,-0.06252928095137733
0.6085003969159899,-0.11106322317615358
0.33507112666887195,-0.04283394091459447
0.5176175354107648,-0.08452493047092957
0.4506994582887176,-0.044629624814841784
0.36710393425838594,-0.049633134037818105
0.5577513968729888,-0.050804468751672216
0.3282855475647486,-0.03890238654556155
0.31208074021947363,-0.06884262498054672
0.33241788014625273,-0.08076245997208464
0.3658876040169319,-0.05505319763298255
0.9178157190756968,-0.045309450651344396
0.5312978766647647,-0.04645608272512136
0.25027687850421465,-0.15159593930636706
0.661656634706006,-0.03889311695352671
0.3763885747112101,-0.07377934795213092
0.48561484962497126,-0.05743730378869727
0.671849972709154,-0.08882356265194313
0.3119760204824946,-0.07494226433422235
0.4924690107333123,-0.049127095589822645
0.24534400042305404,-0.08061240792673208
0.12348540204083269,-0.10913011676325102
0.5386146288009293,-0.04221602416892456
0.88542412213035,-0.05860972331082481
0.7272302058377869,-0.03713256187337999
0.5119467322484914,-0.06474194409410916
0.45699072734070834,-0.04828084209243022
0.2609969652008819,-0.08024138794946456
0.2699070711027256,-0.10897091002445658
0.45185524906513885,-0.07819923235911397
0.6673367527462402,-0.0684737469962019
0.39763945064203665,-0.05391689150441892
0.40508561847402835,-0.05817199448918664
0.3353351749339577,-0.05537845899027116
0.3622693695075814,-0.062206151728772086
0.6772356493469274,-0.05833152065824965
0.3508288862432465,-0.05803632330589914
0.4307064265972744,-0.05306990494190722
0.36848517458155783,-0.06743326597203458
0.16913822448607552,-0.11655831802007699
0.8361365085660302,-0.049775730127121554
0.8388329065946198,-0.03853183490255252
0.5574591994105365,-0.06270139026519284
0.2646329962676186,-0.05852247083480777
0.10057159588560549,-0.09689259419761376
0.38983661371784506,-0.11460248381578675
0.43873025177347125,-0.046570080716071605
0.4686973293124419,-0.044641687500384886
0.4241075308581481,-0.059913567961709324
0.28498357084728476,-0.06300084360166058
0.2883031341054487,-0.0803505970058016
0.39883607225439466,-0.10576470362623336
0.5008521519015428,-0.10508435023090323
0.5089152415540703,-0.08221819418816956
0.2512353362729802,-0.05626017127233718
0.5328706956094045,-0.0795721191670612
0.5494087844613107,-0.08878913398157817
0.5894738574841512,-0.04260171248199218
0.6028475451074722,-0.04827985852928984
0.6481788351114899,-0.048224217046122675
0.315300941449427,-0.07727593281588718
0.45930331534384794,-0.037096612400420614
0.49542753587909605,-0.09074556859124727
0.4471377637102174,-0.04699699624097198
0.6155574893713203,-0.04617325776901193
0.7121723029091322,-0.05518805631703305
1.2875291709039622,-0.028816465401201974
0.35871086418053055,-0.05915263346374
0.6837274161894169,-0.049590394878090915
0.5618358240531658,-0.0631419898452159
0.3291389856077629,-0.1039952005407685
0.2328086978023236,-0.09962623194026032
0.6221689154057428,-0.028816465401202085
0.3950646156669557,-0.09286239044954747
0.5256621871174261,-0.05255036680880676
0.1850347352371784,-0.07066721802592557
0.5836472338906911,-0.06415921235723343
0.7586833787497624,-0.05847024848540161
0.12465429775504533,-0.11611316331918642
0.23719636044297476,-0.07086568046891017
0.5311072226922255,-0.05481773158073244
0.058815165408151904,-0.11461061824970853
0.09826892441289847,-0.13881296972123314
0.18015312767770952,-0.12194523210956831
0.5006655740658674,-0.06560150356040273
0.47944388444200836,-0.06196857438472669
0.43378918529074983,-0.08428822545201131
0.16383107751316417,-0.10377420297418649
0.314125859221998,-0.06462476180105148
0.8367871970836773,-0.06850336422771353
0.6928880105786421,-0.04227144152939055
0.4641186430098212,-0.04914776886410621
0.3071336780291454,-0.048852746246643264
0.4711422010836661,-0.06624037416116324
0.5430201996262765,-0.04368712987872447
0.5494178128289677,-0.05763822241561456
0.16642384479272043,-0.06513759828139287
0.322084223065944,-0.05479255967193275
0.3688187161719958,-0.06987188047976545
0.43218443814665664,-0.07685432571000395
0.8396325488355458,-0.05095910085460453
0.3613294926439208,-0.09893312868936721
0.8105629053400476,-0.03886624697783314
0.4979598158072769,-0.04261362628927268
0.5402449873839392,-0.056401844801485024
0.34753392691347695,-0.12645627867788667
0.67434711819539,-0.12867966956367405
0.5585854016316611,-0.08006036185744059
0.279194541008682,-0.06246459369532975
0.3388443727248709,-0.07776014142539134
0.5077895554417207,-0.06152203292791247
0.11508841771207456,-0.12232708932189984
0.2293502960715743,-0.07027374076610027
0.9710700930208442,-0.05447205761255958
0.3666132442698422,-0.08625655174241198
0.2996070951717602,-0.05802483701875616
0.33369029354079505,-0.0659860812059837
0.7078256768461815,-0.059728780924231506
0.5155528923691322,-0.09297095872136907
0.175091089782637,-0.06079944719843122
0.5370876422334592,-0.051102133454567045
0.366929934491081,-0.05410436138729191
0.5466498360637722,-0.06641854393919555
0.7540797731209194,-0.05119221521996464
0.26343483182807814,-0.07032355071601792
0.03863687809054639,-0.11906624089398365
0.4016405264346423,-0.0708813316126401
0.5822985814099075,-0.07180492226164081
0.49432620702215013,-0.03675210264031814
0.4769022622839121,-0.04514310496985541
0.5973210735552781,-0.05873902219224314
0.3390083953199947,-0.056880563105121795
0.7828598087042522,-0.044190573435974434
0.5224217095085777,-0.0753538388361602
0.6273352533908003,-0.04544319915201667
0.11596951343955686,-0.0537341458011964
0.6382611623251884,-0.04051716640660952
0.3665749276512613,-0.03819246685307809
0.1055592455374208,-0.08429846323107981
0.4014533665927671,-0.06146646596520389
0.40164135267270673,-0.06992542893522813
0.3746139423647943,-0.06682237521550893
0.4117964008859343,-0.0657034445892355
0.7581164907680507,-0.054335877897486395
0.5842392149296356,-0.06746025018198676
0.984122756597136,-0.0441036529655352
0.740867529892018,-0.06622250130111718
0.4583465838411196,-0.058750050716587565
0.3703146405034632,-0.0626949236235208
0.2883787963172151,-0.05151141068750953
0.19813469825799102,-0.07662149373651117
0.7307746898801177,-0.03789139897696747
0.6835196491035382,-0.047763140371427704
0.7063389478426936,-0.03281631353176673
0.5674784419436429,-0.08772761592393041
0.34877319765343073,-0.05010138707630751
0.35607054360089796,-0.04340753725415125
0.45330484790148295,-0.09846589346870283
0.3467206572289361,-0.06697004721783895
0.21864886398747974,-0.06698918821220501
0.2990864886351341,-0.057259432143996425
0.4775367125763017,-0.07936029003897582
0.16978815655587987,-0.09911483057567916
0.328229109367866,-0.04866620620553497
0.7544705277909474,-0.05732649114526722
0.3911313169979629,-0.05775210449737889
0.5579978828148746,-0.12281927800792236
0.5032716426189847,-0.04500831119402493
0.5918973098735296,-0.059266673398797876
0.5209916538612638,-0.06512840805630948
0.47217746771767666,-0.053168901732702056
0.49124429702571426,-0.07717727255866857
0.3948039238556835,-0.047898045625770935
0.25691111580253434,-0.12040947183612916
0.4502871964940578,-0.05830899208362328
0.5440397319256902,-0.04673300146904169
0.8942365526541269,-0.043482344780473525
0.24901991216158215,-0.050165958563753055
0.5732393790011088,-0.04601918150219364
0.5455775907084022,-0.03380890426695182
0.6002051862035296,-0.05795652428799214
0.532883180003026,-0.051138388717502425
0.7208569592193181,-0.0445907894040124
0.8807135919396669,-0.04901750694323337
0.39855994882997514,-0.06125853638948797
0.18036535203908244,-0.07029821151858762
0.5172251592244543,-0.07251000088627912
0.20993369358838887,-0.09055893880171995
0.9379475321137596,-0.04741950388984695
0.45288036656084385,-0.07654032962035373
0.5536344894825227,-0.04563864675146201
0.253354374270528,-0.10288363987623794
0.7599327288092632,-0.057489136555668674
0.43869819672536803,-0.08186133071602886
0.2729474582209497,-0.09349855351114478
0.538444540749188,-0.05703310495736846
0.5152452238868499,-0.04449019667749954
0.102232885791399,-0.06889250824875348
0.19535686654558893,-0.13365055308405227
0.33304111169848616,-0.08058017259475336
0.7488794326467629,-0.04260822944017506
0.5043250119884215,-0.047203886280319796
0.35410044978502175,-0.09470213546895678
0.5731069558168806,-0.049805938024478524
0.16995663712126285,-0.07777528068547002
0.6461309537765101,-0.035908719535067024
0.5038746666536669,-0.06937987315524963
0.24490182164709484,-0.05716410352706691
0.28493400205050423,-0.10689383233357619
0.3285393128908156,-0.0597386637396472
0.5661593280923647,-0.08139154600785259
0.6810271807008754,-0.058043801326175704
0.21711463707655176,-0.057487408468275714
0.7059924914418405,-0.06414883465382137
0.167296012414357,-0.10119924548043124
0.3506936808106027,-0.06676529277645205
0.15622405153814722,-0.06089265714526837
0.1919198184124593,-0.07021151739506337
0.9210207501425693,-0.08492709179348157
0.3375249996737628,-0.04723085754297718
0.7435201774179854,-0.057286004197132256
0.32092687023765953,-0.09315615129053045
0.28265015306132124,-0.07074741886381941
0.6578936477449624,-0.044162297319681576
0.0831298717981015,-0.07069899705831151
0.21152138063638737,-0.07339526682156772
0.2681075984762591,-0.07801855760887799
0.2128556709409004,-0.09248729949487966
0.354397544865769,-0.05966416381476136
0.4608385463197413,-0.07205521769074019
0.9490376193123677,-0.04215877539190338
0.24168688948165462,-0.06206366935974594
0.6503530564503348,-0.03769106848139636
0.5975178338078926,-0.041716921055975686
0.4698341708350149,-0.05460234641953288
0.25844190716696147,-0.05335049083188559
0.5386654318961079,-0.052807767415247286
0.6261702080283371,-0.049205128117890795
0.4557868572153607,-0.07478827304532376
0.37448407520142335,-0.08983856459422235
0.2761737549796597,-0.08692682174023614
0.6550539442099514,-0.062015992928571406
0.4167643939743877,-0.08413785640158267
0.7531806715256697,-0.05593115086259359
0.6170794424895667,-0.06055040544944357
0.15202796615338832,-0.1412474120282572
0.5744916126379405,-0.05928910269999654
0.07487499646476903,-0.11637450146010664
0.5120464848885025,-0.07485059718036402
0.19501529965380282,-0.10704613438013366
0.3029285933499013,-0.09545061676968092
0.564398083783485,-0.05545492295804488
0.7805813559533614,-0.0656993042534918
0.22783515956834854,-0.059034721121244194
0.1360446737359049,-0.09635396672422136
0.10551086737946402,-0.0751063435301933
0.31441258223154467,-0.06717205131833026
0.6001857108182922,-0.04004420061455649
0.5015564216695216,-0.07130508153466075
0.4816074178245833,-0.06500118923968345
0.6832572168194648,-0.04949034177433376
0.5604254754272098,-0.045890542110747834
0.20875808603740897,-0.12080526848584128
0.2567754231159478,-0.04882430680683458
0.5579436360580841,-0.0802701141812796
0.37325554519289805,-0.046090079723231536
0.5255067463654408,-0.05884937104216703
0.09966368229204403,-0.13304450632159437
0.38908152045106226,-0.06864245341556052
0.21037613532467914,-0.11581963758979674
0.3510194651272467,-0.06690782841194243
0.7023838753498022,-0.0711709052973144
0.5763808818701783,-0.1042943487703919
0.6358089329526215,-0.030285193903988872
0.3821497407512877,-0.05390657209951555
0.1485583133691193,-0.10841176836094402
0.4786557203261994,-0.05165378957239919
0.6867636040311889,-0.07213409771352641
0.42896956829224586,-0.0949472112141102
0.7023072490762035,-0.05891483444051193
0.12883376804327895,-0.1347015264527639
0.49496102769164785,-0.05386549179040123
0.5146718995083159,-0.07118015055998206
0.37360974955197546,-0.07719110610378688
0.35536175224592226,-0.1008586222909903
0.5856350408283242,-0.06435186176742624
0.6458231512759625,-0.07259343177320143
0.4234753633310424,-0.07285443097243338
0.659098713096749,-0.05322521662607804
0.1284503806238495,-0.1016880069279893
0.6804550813796537,-0.08131626316885421
0.6734662054429641,-0.08424879814430764
0.24378572491990558,-0.0929566406341572
0.14628283335442815,-0.14186331196724578
0.6392932880313686,-0.06306055827916379
0.68455068887515,-0.059419340579968005
0.4891123273160647,-0.06253567420915651
0.32412580406583213,-0.06004125370916946
0.7042643075240167,-0.04487764147881679
0.3396095216858681,-0.08485889386178824
0.3898940675408873,-0.048979245078868194
0.6770835623828828,-0.05862057275358734
0.2763668634090153,-0.1600128831328369
0.5338613569749489,-0.04879437972168321
0.3654646778461499,-0.04911056108193601
0.31052593384062477,-0.08452562831736676
0.29053288142160705,-0.0681538281988896
1.2295010093248866,-0.043346321788149234
0.1432221006309018,-0.10078380843065948
0.26572701276857935,-0.06710668764272765
0.4609737030250529,-0.06261924941742958
0.24759722993606892,-0.059854259193492076
0.5759767854710491,-0.055618993915643955
0.2127752422638136,-0.14333165588637398
0.8469126820720512,-0.04903233350320124
0.6460752953343321,-0.05685774101483332
0.6662940968386777,-0.11612101485893245
0.34567115245089464,-0.08026622073392153
0.3862482328917598,-0.08609648465659214
0.35373963441794154,-0.0724008918770569
0.4785935459364601,-0.05557139536954059
0.40943373042860176,-0.07577314951725223
0.4615335894604313,-0.09472568259038383
0.9834773501873932,-0.039069119391870855
0.20360201399371958,-0.11649577716589532
0.11891157288350906,-0.07886521871851393
0.5980803070831227,-0.060871283193742576
0.6042978802457255,-0.05073517492264268
0.22778000343658134,-0.11059594311467047
0.6496331761015248,-0.05167341853778595
0.5236342128999127,-0.05268354534597397
0.8175612202557121,-0.04767700710714229
0.7207255785281534,-0.052248668736664006
0.5192108924325354,-0.04153148195821843
0.2412392512502206,-0.04779273314502397
0.32726067893606303,-0.07148108195323244
0.646007628607012,-0.08539795926828597
0.5995043198772645,-0.03594359702382688
0.6744799309614928,-0.0367045534199526
0.10181313059781005,-0.09019175286903458
0.7651392953154195,-0.07016430568417686
0.4828820116808199,-0.06521147072207101
0.3325155261125301,-0.04065923535988747
0.433158514157574,-0.05358211928759793
0.31822115749079405,-0.0666784574526692
0.3935219937624599,-0.05318536012446007
0.18799426408500142,-0.0981611333303346
0.6491561910069663,-0.044786759491386
0.6386400753279393,-0.043274562921381765
0.12441628728248944,-0.06621212222577433
0.1629974602031352,-0.12667692956003973
0.6043370364064617,-0.047478477946389264
1.0708700501114174,-0.05778119867684073
0.6711656086359137,-0.05010920831983656
0.9092582373314877,-0.04635906543554191
0.39283594795741883,-0.05028085744523236
0.48680994051210225,-0.08011663033145666
0.12564642512030488,-0.13771731331799963
0.6094733556825553,-0.12618310891304674
0.7487429396597072,-0.07809216393424767
0.5674563404671658,-0.07627504303360122
0.31051972563010066,-0.03981367144159742
0.7195872584471954,-0.04987181263634011
0.5093741282649793,-0.06395609990466478
0.38335649797327465,-0.03732999670607595
0.05065808792172155,-0.10041207174146471
0.49243333700663405,-0.055523377850817957
0.6309873906930117,-0.057715429978282384
0.6739182760148936,-0.05627012293578526
0.010261768595517307,-0.1136710553675202
0.09262274036409868,-0.10888544402460898
0.08654971833038383,-0.09956403951013426
0.16154117236166776,-0.09791247401195291
0.3814486781082316,-0.06881477762831734
0.2783947469012036,-0.11789197755348702
0.36116460711109366,-0.07722848066164867
0.6796615191456621,-0.03537648256526438
0.921971238710545,-0.04289635238407363
0.43167825627721257,-0.05207260096021771
0.6930272749958772,-0.04172768307132391
0.4712607377471978,-0.044263187140372584
0.36797788235738604,-0.06346813534086071
0.6510604768968353,-0.05573502712268397
0.2739881981504564,-0.09783673496716305
0.8647795837574017,-0.059384710450309464
0.38880023372611405,-0.09222175916729358
0.9383062104703712,-0.05813763379799908
0.5358135448874726,-0.05199584315653927
0.5093052112123213,-0.05024886933907524
-0.10425346691277593,-0.19476016635621707
0.595106078409467,-0.04937869791216731
0.561943833929555,-0.06349320528515412
0.3556123477773665,-0.11306990026763342
0.23992821304946532,-0.06049112400046486
0.3838102144899427,-0.06564189638663742
0.5998452755190531,-0.08059120396954411
0.26655556866584407,-0.06873416492117246
0.4662588596143873,-0.0510767893949402
0.5244671826481428,-0.04313205392479258
0.9408777464805209,-0.04237979107197798
0.38424572057840467,-0.05828258439052625
0.43553307334369395,-0.05246973576522673
0.7606279133036598,-0.05626240126168636
0.38130765367965114,-0.04481099487828266
0.0454136758810646,-0.1693801293636208
0.36954138827953087,-0.05531894821112848
0.6565129722962144,-0.1032465730662947
0.7692209758114286,-0.0630077394583517
0.3617413427630305,-0.08353522587093898
0.5669425146368303,-0.0761262891561314
0.36036386633818096,-0.11952311680154593
0.46261447935642397,-0.08478073735973635
0.371652550032076,-0.09239937643340101
0.694865511239602,-0.05200785190903645
0.7257627224430099,-0.025649845059368404
0.3421952278894069,-0.07853084823154277
0.7518454783981636,-0.08217162159151803
0.32689737168489175,-0.07280384763359427
0.564979888500319,-0.04082772141301316
0.7538079324984823,-0.07019505956216954
0.18363669157540463,-0.07470445991577612
0.23268656028681423,-0.04718705057363648
0.3996637279544162,-0.07531477840608225
0.34302920754306454,-0.06270362707919619
0.4752070602390137,-0.042982663895650086
0.26193866269194466,-0.07984958847331125
0.48799937697003526,-0.0427217827939983
0.42122557276607453,-0.08740483552808076
0.5482566815404304,-0.04220630148848814
0.6391537069982569,-0.04509551034630943
0.37979256815538553,-0.04893412434647626
0.19694962417520823,-0.09803491129346398
0.42299619184567705,-0.07747067017170184
0.6377155173583764,-0.05148238216106782
0.721008719769044,-0.06721356029566328
0.7202223047610374,-0.046710259132022314
0.3611277354655804,-0.035407126463167016
0.5438724661181062,-0.04313040091450948
0.4372402534564115,-0.07008679609773016
0.3811449777624456,-0.06206648072474974
0.9923883359673191,-0.061700520515631796
0.31914726899836743,-0.09428496742059733
0.7298053194589207,-0.05195449751682524
0.0474998732350318,-0.09733089595506861
0.3511052311709708,-0.06569406587143967
0.5380418105652307,-0.05125078129596061
0.30208515848816697,-0.06966260505777477
0.3499922699410436,-0.09034487438448624
0.373547733173208,-0.07390529618168273
0.2815138486397961,-0.060128335272781164
0.5019764064292931,-0.12082513631532255
0.8490903247640278,-0.0612987653138114
0.4277155820798244,-0.05761921301523598
0.4449372434544667,-0.053029369462566756
0.5221539038503729,-0.07254071953173225
0.7236509491565966,-0.04438184784036625
0.5930147236361776,-0.05102793923572613
0.8085835774450603,-0.04926758227305317
0.727364015590819,-0.09815576874256493
0.5311436064816171,-0.0815262019614792
0.7587975578162773,-0.04872143020664854
0.4475092882237015,-0.06222345368062698
0.6376231909167223,-0.05798686866849789
0.47115784721572096,-0.0686871236638642
0.35373870549423847,-0.06840959663273372
0.13148212746528887,-0.11631679968330755
0.7570723323987023,-0.08005638201052445
0.7474008741241982,-0.044162297319681354
0.8569097021547742,-0.060657258320259366
0.5757604578570847,-0.0778315888654455
0.3215125009885411,-0.06785989714849605
1.268524527059458,-0.034121674374497535
0.6309166003077185,-0.06328061632403381
0.5557312023475158,-0.09263426593672597
0.5469520883982657,-0.049889881432010785
0.5044558455139112,-0.0807673051925486
0.3241882286733855,-0.07832333866049723
0.23825243144747543,-0.07452139983652073
0.38213591196170693,-0.059254663292609866
1.3819456782610002,-0.06618740306958248
0.1991884388387939,-0.06408247623248031
0.46761044716773226,-0.0810024833321571
0.4808760155075993,-0.0495696445924978
0.6971677356173334,-0.04603536090521787
0.3715638579832319,-0.06757399756770155
0.660796602726959,-0.06607306954121261
0.6159409069105257,-0.06389129903355129
0.9147510185949201,-0.03686450756972948
0.6163137611872849,-0.0912476664037144
0.8311045816465084,-0.034840857495633815
0.5642931666537983,-0.03554440974850415
0.25241212726074824,-0.07371440506024529
0.27053081839782456,-0.07748090844711775
0.45141922892193387,-0.09095051392490916
0.4691613747992418,-0.05626054531101632
0.570974060066342,-0.04829316612070722
0.4311669421331732,-0.06310421538774036
0.4192193250686316,-0.07303870714622296
0.39734769685873395,-0.038003373581117716
0.5395020266611841,-0.07179160418930752
0.5090907134571285,-0.1081701108097034
0.9327595674331168,-0.043007156971858085
1.0255280866105374,-0.05307041813544833
0.5442730603625616,-0.04041170059281063
0.2360072563158413,-0.052522572541377155
0.9080404993001128,-0.05155762571609246
0.5183483923145256,-0.07595241271745634
0.37464435408856356,-0.09918612616145372
0.4340477038508006,-0.06819932365472192
0.7510214443266883,-0.06338995841653972
0.34040668168237564,-0.0587529829407788
0.3281460639124225,-0.09706949555131139
0.5308928141857789,-0.053229241144983286
0.33699737346342507,-0.06109959020706013
0.33867525638335305,-0.09800745270321787
0.9684224415999354,-0.052398809650947786
0.6113299581245815,-0.0641102796669264
0.6352725538426465,-0.07249577461873091
0.5702969190665601,-0.05180409462420554
0.22563166136623258,-0.13524069963286256
0.4204243000882628,-0.08285324801505356
0.24809246825157327,-0.10975982988183519
0.09724096686207817,-0.08863688856593
0.637018370907144,-0.046062309451469385
0.547613750453021,-0.06708596674415634
0.1456343778912026,-0.11643925110068953
0.41284260285834495,-0.06102658757503887
0.31959269186829786,-0.09849285239495309
0.40462216364021675,-0.07764534437011383
0.8078328378345949,-0.03964715125971663
0.039485656836979244,-0.1145077072208397
0.4309765872597069,-0.07625488409398518
0.4107310696161732,-0.07050232520996791
0.41878867059493574,-0.05818397912084816
0.2521152990428588,-0.06630876885194248
0.23470307834723836,-0.08850541244804255
0.30569065912297133,-0.06896738553385151
0.574499179590358,-0.11216336409110361
0.39803338312635295,-0.12975908448878493
0.4994176619796584,-0.08495284199404785
0.3271580544536139,-0.11302086029851277
0.3730923133021238,-0.04613380209125906
0.40919163296903105,-0.04189959359353357
0.35075405708280605,-0.054566992527893765
0.30026975041073145,-0.05262055451654224
0.7944048543733393,-0.04578012873666715
1.0713448618145796,-0.0287074904674538
0.6176255570760489,-0.0778008924707616
0.23858596741502303,-0.06682534783704785
0.40134807984172793,-0.06590233984870897
0.37697949123176255,-0.06692698889187376
0.4722795782189988,-0.046855659477209044
0.2022660657430677,-0.07408506268321968
0.3617856964730244,-0.10666930819605225
0.7097410859187563,-0.09852072528661315
0.4996522213422112,-0.04496719202568178
0.2559259737334525,-0.13838972735667732
1.1470826450961948,-0.04901750694323337
0.3388836321510369,-0.06851330972912018
0.45649549820097324,-0.054011625024557586
0.4314783742588286,-0.053090161533922986
0.5348151197276163,-0.029554764654635357
0.18797148040475853,-0.11246672926797197
0.7379502329358016,-0.05028640973695142
0.428011338948425,-0.051399077974118135
0.2637318160974298,-0.07359699714525259
0.64624116979901,-0.04312664378848574
0.7615724711423042,-0.03624329070926324
0.5536806609489793,-0.09000225112492877
0.20008021146334953,-0.06244162297849609
0.43423720783196584,-0.06716546393414224
0.2607429165133963,-0.06692737507119295
0.6481406524169044,-0.060739890720242995
0.5954032131403504,-0.05251291020220039
0.7300947450587878,-0.03362296699463163
0.9385849028088871,-0.06482425249794888
0.20490527929883529,-0.08767578960413835
0.12506955043566892,-0.06671184154179188
1.026427408088253,-0.03654978206353632
0.2591175134661854,-0.09284978620921003
0.6324007751382443,-0.08992626482319155
0.3261057377004468,-0.05709918250426271
0.8734569006749986,-0.04653698242083515
0.20632428116249124,-0.09829487369022494
0.22901520996734637,-0.11865009626870482
0.4353206374268601,-0.0843682475659755
0.7063650232181355,-0.04487764147881668
0.3787956691105432,-0.06232026121470491
0.05774238794558051,-0.14323800849014268
0.6780507704990093,-0.07976239956615905
0.4531914753953896,-0.09200557164671375
-0.13583796592558706,-0.13887844982367092
0.9082069901797307,-0.04161361534204122
0.7161901423619255,-0.04752736679012315
0.9430762212683017,-0.035227146213562266
0.5363725694448818,-0.10745321986941159
0.728801711192641,-0.0514655745748418
0.16758356199779811,-0.08565748808040319
0.0013031688437858957,-0.1091907631471507
0.22793019306915907,-0.059920221626348025
0.1596625595914738,-0.11213158670151957
0.421034535782044,-0.057733396062873976
0.6168598918712838,-0.05878006678365444
0.5055039452986345,-0.07356699200847983
0.5900274448551701,-0.0462380535277358
0.3529767240674524,-0.1064037630725223
0.804318358127281,-0.03771691928988685
0.6651517307249102,-0.07047940403647779
0.279605907060299,-0.05872248761806709
0.19422507706298875,-0.09125662966486747
0.640548734047121,-0.04085883696843873
0.6150192269160797,-0.06371176000753087
0.2847381067208534,-0.07196516130734476
0.2506138454348288,-0.06845407600392595
0.3899610677612779,-0.08048220213568236
0.24573180779302817,-0.05466969489758422
0.49838938673376076,-0.0895129804308038
0.545999090406232,-0.06203869933363637
0.15120123026554388,-0.09081886981567977
0.5083641645373969,-0.0959579320379711
0.4010115067445357,-0.07280494678856186
0.24582529105362427,-0.05636606746336015
0.3476372461810948,-0.13215382531457964
0.5223761935382889,-0.03797693898368715
0.7140454191937988,-0.043940136111496275
0.31033160621135614,-0.060365387292673045
0.39859126717694315,-0.055063740035313447
1.0132867121306628,-0.02673457188586148
1.2294498204283566,-0.03468238624462827
0.4818586206983917,-0.07964460689130293
0.4641958235917625,-0.08824183569909616
0.4972671610981345,-0.06767230383332035
0.6869856280432396,-0.05244771400174164
0.1416611925456035,-0.07259960580153368
0.5127564253863077,-0.0472425342598467
-0.014098460612958053,-0.14115316567907965
0.38314956029850755,-0.05896587012992671
0.47708531365776685,-0.05875368793124158
0.5480492580332388,-0.0546039263433411
0.29390548550463147,-0.08064807015584963
0.6653342942015945,-0.0533214898252774
0.7419820524554073,-0.03970589002047442
0.5614800951737327,-0.05388834767236761
0.530101684878469,-0.03853009300291632
0.2784549728373926,-0.07802945086942625
0.2526036526240545,-0.12753414525620177
0.5117321916728563,-0.0648383805352557
0.40992685315149835,-0.0874215261267619
0.5752808594389789,-0.05773172734356491
0.505140281280424,-0.05733145594267597
0.061667017312052375,-0.1736046313581182
0.5187462960092946,-0.0510369713477451
0.5560648879807693,-0.03663106928337545
0.4770575896240705,-0.0529697114289589
0.30307299853171377,-0.07865907433562969
0.3779549167548413,-0.08658454172049146
0.5482399500540842,-0.10367210276099637
0.8094848643700117,-0.07761418626420469
0.5058874839729659,-0.052789357262705505
0.1899550333221529,-0.09832700891502677
0.3158119228517198,-0.060380856557330054
0.8073260510294755,-0.046957956707975756
0.37230036598662397,-0.07218334001507709
0.35896414952156896,-0.07802430820158424
0.19053858976398708,-0.10647226959811151
0.5080736224555882,-0.056994357732881196
0.311958770531513,-0.053274744988339284
0.6184718556790734,-0.03157482095736519
0.8759081576128565,-0.047575790165570564
0.1848874031175216,-0.07204793638582585
0.4645417044595048,-0.05704007752538143
0.08908612114941272,-0.14854012539239592
0.21032375216859678,-0.08837979261247819
0.019011208422688775,-0.11458155031150952
0.4666898971736022,-0.0722505414548702
0.21077145430847666,-0.0716459519026702
0.8915319099402872,-0.04367588554158519
0.6689704178296698,-0.04653253556568071
0.5350398198740727,-0.0686515019181898
0.1566778292421378,-0.08222434533809231
0.11594872861073635,-0.09180910514602669
0.31765046797181795,-0.06108318242553057
0.23094752128474139,-0.08655278329954907
0.38728360152075236,-0.08430141927249057
0.40379624530910174,-0.03444423556937937
0.4064141778411825,-0.059741350256165004
0.1083199601632383,-0.052318914122187254
0.11877977994424516,-0.07595692322291259
0.3789663280679716,-0.11270602048660916
0.68619304879706,-0.037734210879579066
0.6881303160744541,-0.11879757875783936
0.5787961518712006,-0.0345112799347822
0.5413918178651371,-0.08008004635176957
0.8720380671298351,-0.032075331475149294
0.5313467247936561,-0.10201180144250643
0.610694826763237,-0.0641132687650432
0.12252766599226761,-0.07200252201779567
0.589061782099942,-0.07289466427235614
0.35558126054944705,-0.06183892283461312
0.5813895194934724,-0.05126399972939999
0.3360425636577429,-0.047025132153539095
0.3446585850981343,-0.04170511382282682
0.654742335852607,-0.0600997771770051
1.1214416401779332,-0.08111489388103066
0.08014992243368346,-0.08470261645458421
0.6894501343324804,-0.04922161283346349
0.4557918314443512,-0.04931515938265174
0.5488023200636136,-0.05299763191758111
0.7112866907437447,-0.059571537738481894
0.694509777310145,-0.04973315309017878
0.8152508456807217,-0.07220253225097517
0.16159211477897806,-0.057543056553107985
0.7504562353865227,-0.03877932284842456
0.08811983107492871,-0.1418301210249726
0.40440268876472585,-0.10964842982650336
0.34027710081873885,-0.0938604360134363
0.23130817472903709,-0.05622115751919088
0.3916296881167336,-0.06230114603718295
0.3290248545975121,-0.05125824491426445
0.1586856316136851,-0.09923930510827372
0.323007194513401,-0.043155459071456126
0.615351621652986,-0.04481784778375486
0.6478428686732864,-0.09066373814684148
0.27954063127396966,-0.04344607868902073
0.5170986977500351,-0.08926599952572656
0.41005640098827567,-0.057874338529304015
0.6957729699299535,-0.06115297445773382
0.32095165265602654,-0.05671146185213061
0.6451557567459694,-0.04516987284634444
0.5766831955771679,-0.04744391215324806
0.5621053153935325,-0.0563607928135742
0.29573863502957765,-0.046197990922531185
0.43530100563205765,-0.09397409860575412
0.4986417730654684,-0.0538065582624454
0.7670670011189846,-0.045067750340376134
0.38054656254789565,-0.09278065259580992
0.754445197671689,-0.044566487508717056
-0.06532028471706708,-0.1765987080282969
0.6997187589495932,-0.053316010898815436
0.3835656121895459,-0.048603966505697205
0.39356208361098455,-0.04241212807163708
0.2244697309398389,-0.05244955174372923
1.463062424741695,-0.04682426578467913
0.7425576515178463,-0.025484435479619538
0.5424144946138763,-0.11782667248726375
0.6546577126711977,-0.0691799318209183
0.2345777344542217,-0.07752771085186105
0.18020927583361424,-0.08017720050137356
0.2838195880171146,-0.04990787576991984
0.7868387239949519,-0.10089179535469694
0.36966825578532503,-0.09244326478869502
0.9453917407035017,-0.03686776357141919
0.24307056682729744,-0.10584270248081618
0.4104020213610251,-0.06017634254043669
0.551252354712803,-0.07925797166918902
0.7542567602685628,-0.038507831371794476
0.19228844420324442,-0.04776563719638027
0.38804484008901197,-0.05522642563807556
0.41247094088747427,-0.09202178893311674
0.5999165292350284,-0.07625922218073522
0.3353617378692384,-0.07375194062005341
0.8136678818484873,-0.08535928381557267
0.45423970536348346,-0.058691744730584916
0.37656955419595883,-0.06448043473017318
0.5310224084811019,-0.06694539325763693
0.4601675785395116,-0.052488169862832224
0.7276493135377957,-0.04017717725575454
0.6199203195211385,-0.05263793904077785
0.24376342874777146,-0.05957916014457776
0.4503184784640588,-0.05903836456694378
0.2852211290642537,-0.08066545112244294
0.1212206978772159,-0.09756813928167896
0.8575989970090983,-0.052063705351724776
0.606872110786215,-0.08906860842606501
0.13247951084533316,-0.11297308536097794
0.3907448074582138,-0.1018343705638246
0.13899922562194567,-0.07813896717858038
0.5513724695640536,-0.050996658994386546
0.6290397867815833,-0.0600881862018523
0.499783890419484,-0.05177869831180271
0.26952488270138475,-0.05168826788487424
0.3102783566772134,-0.06617752585391168
0.3163077468135307,-0.055184094960250674
0.31106981436307124,-0.06551207213276644
0.592937636065447,-0.07709517349018757
0.25724621796356395,-0.0833627191192533
0.9260383592579438,-0.03980855658039251
0.32355861920635576,-0.08853973038025054
0.7711127781094695,-0.03234338305522544
0.3753202592097058,-0.06747759342057746
0.29714725892298866,-0.0988459357172019
0.41329233252713604,-0.044707103526411496
0.5691337313667566,-0.034273517847265844
0.3447461198771855,-0.051411049078026516
0.4641581845327367,-0.07020530822322346
1.0330047388682506,-0.07664523908208087
0.2660756516935987,-0.06033914411985264
0.7273067427329281,-0.02482631328163032
0.31313963583418647,-0.05589069055024731
0.7425561438734549,-0.06423312966610295
0.5665823921125881,-0.05957588766372246
0.2597818312000575,-0.06935107079631486
0.6572238760495352,-0.06922255482515971
0.6002207966817616,-0.047861729450483836
0.3607977080533016,-0.07523462546925064
0.30925628173093545,-0.10477194722719718
0.17643337225873634,-0.09233569818236786
0.7836107658717124,-0.023761657105844103
0.4432190628228909,-0.043338232802234145
0.3116465671828297,-0.0809782412458121
0.3544078036525429,-0.06869601625707877
1.1218029075687053,-0.051843311959989924
0.3462124322027553,-0.11534773772658224
0.49407624836475006,-0.04615769161298744
0.495555644708791,-0.07302777814622063
0.17170253400577162,-0.09381260266242719
0.4195239214430886,-0.06688336095403913
0.49844925341174906,-0.04176183560433355
1.0388211010194914,-0.026482619482133596
0.27332514785873707,-0.08831507653799042
0.4548590955484806,-0.052969623654293585
0.7002988386993598,-0.043290638216484933
1.0891833993113917,-0.046728968209558186
0.7935493877951638,-0.04089129725248619
0.3571110639321735,-0.10041179242168585
0.5116443860724134,-0.08490289154549457
0.6728916728823815,-0.05774549321639899
0.5620454291747479,-0.06426782032039502
0.507012998788682,-0.05776947760852291
0.12212360095093766,-0.10169863873406182
0.2406112764449313,-0.06062294578367433
0.21377280198775162,-0.08886657907310369
0.5134466760057519,-0.05806372283437444
0.2671089161983593,-0.08982172765501828
0.6668241194055351,-0.05727876347384586
0.14502783816686438,-0.14364715269270822
0.20660994633433472,-0.08751381411103054
0.6238374882042867,-0.055238535691120805
0.4475610133027321,-0.07616827168840856
0.6549832373232267,-0.11000601484447903
0.8097203700511892,-0.06842104515890934
0.27946291992572236,-0.101325583568452
0.967834822856181,-0.04680998227975475
0.4736953191770905,-0.06826715750000012
0.9695433113055156,-0.08622982279197122
0.2996651833612016,-0.08722800922820872
0.7693133546595847,-0.043678245718827946
0.29320770766365345,-0.06759060711362008
0.4848420071252393,-0.06512923716655772
0.5453874307814988,-0.07835505379176733
0.9912841340096037,-0.04786172945048406
0.44855927492065595,-0.08313009990980968
0.5062492685844131,-0.04196418579692862
1.0261389548113709,-0.053843414988276495
0.4789955084633497,-0.07388973778693808
1.0062669712432109,-0.05333715574689024
0.17972427407820035,-0.09312552406161156
0.6262906432691697,-0.04094392304027705
0.37199373951821046,-0.06982559567723856
0.5316353258550901,-0.06426726496680513
0.4904509838943516,-0.04708072879564851
0.6482352793420099,-0.04081785267824356
0.4042540867704396,-0.09533530262880685
0.2418053531357054,-0.062449953260557134
0.642739981155592,-0.07231615126325863
0.4695962123152535,-0.06831248181342575
0.15130590015936507,-0.06316458691648608
0.428596239943843,-0.06757455391864575
-0.05546367993371204,-0.15222311710605219
0.4941243620460116,-0.05476760573895023
0.15204000443566978,-0.07520068583068773
0.2334793997995519,-0.10186957129900298
0.44057914265923004,-0.08054121119898738
0.7472117742859359,-0.03429307994117348
0.31781406711505134,-0.04976678886903663
0.4694290643634076,-0.06331569827126515
0.5189261103358089,-0.08030290202348611
0.48267734101144155,-0.0712287691225979
0.28338555016741784,-0.06628938377570437
0.2724836004226301,-0.05518362185035086
0.47283234342113944,-0.04761638551363845
0.5715380137520962,-0.05087481520602166
0.46034252163064227,-0.0387322860986794
0.20769957255196103,-0.08571135545470632
1.0718743077802753,-0.03569307478102379
0.3200153055110373,-0.09569171595146997
0.29832120043485655,-0.07588399440794802
0.5036841442104387,-0.05045744634942628
0.613487131475059,-0.0666727141018939
0.5982412989176937,-0.06783566236386318
0.5854938374310694,-0.049434366333825364
0.8214005470410801,-0.04447687061746697
0.7599520138515876,-0.061056851066799145
0.46578187089294754,-0.10190638314132461
0.41627079705532455,-0.06735054033933296
0.5153075515328032,-0.11483661008866208
0.3019057100835849,-0.049766345022742575
0.18363893585471902,-0.06922025533858622
0.323401148625059,-0.07822339944847811
0.2727877588881056,-0.05797458247502929
0.48604835416220293,-0.05175158821100312
0.10793197310465041,-0.058415234430991836
0.1992048260475605,-0.12410093164736247
0.6746769786014304,-0.10392796355532474
0.41938023301738236,-0.059140153143488194
0.7050939700949741,-0.042767947449235066
0.3772470466319475,-0.049197890297947855
0.47190825200457853,-0.0907177728973746
0.84076952781004,-0.07347383051568124
0.6261386692278113,-0.061524073966323534
0.4727034542118853,-0.057954527856760585
0.33359581583653264,-0.07916340357634721
0.2768004046891963,-0.08518710965311971
0.610625581957454,-0.06320641317021258
0.4511035689051395,-0.07476169849945635
0.5011214022158708,-0.056676234457852415
0.3961285884306627,-0.07391127296204936
0.4832244366780398,-0.04952737693852616
0.9138484201691459,-0.0325155720442003
0.7745611925577336,-0.05406373758290972
0.36319347027947013,-0.062306078672807796
0.27926161661692306,-0.06428724333169666
0.8294019017223346,-0.03777226283953661
0.6017604004412762,-0.08939892001702543
0.3243708732223489,-0.09063769882895367
0.1318638201754634,-0.11081205060618227
0.6647487509516012,-0.029311204374839472
0.516144404393426,-0.04760150333649782
0.47980611059782063,-0.049921797563880266
0.784381648034113,-0.042828938992328536
0.42394836254542767,-0.07422199792825013
0.31212280177371476,-0.051038273451550875
0.6587459069076871,-0.0438236046859084
0.8363256627095492,-0.07842848653900103
0.20522763258244647,-0.09826431440000505
0.8347925142762875,-0.07532397466601037
0.5356292870182444,-0.13902685323970387
0.7081761519810694,-0.030330294434860794
0.3229022830465911,-0.08228932627995622
0.7163936719058714,-0.05996206875284138
0.2925651068366535,-0.06804789875869366
0.16072292549512235,-0.16986299959974638
0.4937101540859039,-0.04941935129802344
0.35042376362173444,-0.06669109669973605
0.5777088565268211,-0.08754497830607932
0.33265017225418303,-0.07555847276577898
0.5684876794586344,-0.03686122325990715
0.13399591292072865,-0.10653242436975174
0.3664501055289022,-0.0901300416286761
0.5320378660491518,-0.054969628641609924
0.44285478380669696,-0.04938797073571444
0.3693995894828044,-0.037052664667560076
0.21959235785433506,-0.1678636232938644
0.4366182845586264,-0.07165246650430845
0.4782700361850041,-0.06883267959170314
0.5719656936342334,-0.08293615151705702
0.3506562042879726,-0.051401478549575774
0.6848493159024693,-0.03359985974426183
0.48733410058818394,-0.07558579633037321
0.6132533329331318,-0.07654285883819989
0.05266087665660968,-0.07218561309690508
0.44619050890828293,-0.04245824252994679
0.4797774806918862,-0.05651189862172179
0.24438916684457057,-0.06278565225611743
0.2042042873548544,-0.07164383631890148
0.6282801585139746,-0.05774511459301657
0.5464096432597578,-0.05614876629605403
0.49191128887231184,-0.06194691928570906
0.4472568826205705,-0.05317584787791696
0.45617140876121853,-0.06442982778402584
0.3129817178995902,-0.10719453800779599
0.17657982712494835,-0.1404795318786768
0.5693445691682892,-0.0535665295275537
0.5507668074075303,-0.045294701292935224
0.6299776049368824,-0.0659151779914976
0.38154942932597224,-0.06004580478524946
0.6201147050574101,-0.04047232561865388
0.304500591512729,-0.1190053918733035
0.6210435020418099,-0.06338175019592907
0.6640505287503049,-0.08137881675115355
0.27192994507225854,-0.05167571037999641
0.09232756790659624,-0.08421069947049353
0.10352741485854966,-0.14141938044503455
0.7380155748786505,-0.055866590972438956
0.3017196378698115,-0.07687934491256865
0.5415581464522694,-0.06846951324126782
0.3497954833541834,-0.04817954346402309
0.4939821434589251,-0.06052337833529886
0.4868233122560508,-0.06441090978751629
0.3876497684327722,-0.06624751151484409
0.5799325543888199,-0.06354650776881865
0.476243583498686,-0.08501905279932509
0.5924097040683656,-0.044894609939890584
0.3872992989876971,-0.051609831691846186
0.4339728323622234,-0.0625340133041431
0.18784070168158995,-0.14110796864952435
0.17726343665263822,-0.10992071487775879
0.5903775661855606,-0.04981060513368096
0.8021540443648671,-0.04585314623525982
0.4986901086562263,-0.06342694990182862
0.49662963687524075,-0.08108745085954638
0.2676787497229536,-0.06296988230524136
0.3840018599000812,-0.05219252076761749
0.5514736298423029,-0.04186839971581713
0.3391981787113654,-0.06330020757894828
1.2243206655208296,-0.056957136072787296
0.3806758482797319,-0.1296722155635125
0.35750653567527024,-0.08226393042859492
0.48080871789122304,-0.045629673535604875
0.6709625125501797,-0.04093088325263039
0.568797886481045,-0.093613872372872
0.41769551940365046,-0.09056346184361297
0.3536642930388574,-0.06327858940976239
0.2876471629008093,-0.06515041630277385
0.37105363846746386,-0.03853941272567951
0.2724552050809683,-0.0571001401006237
0.6566205019907196,-0.09327795466159905
0.5513664199975434,-0.100507075507561
0.42134312743512203,-0.04884747293029856
0.09883982666640079,-0.07725825764884298
0.5472561172073946,-0.04466464242052581
0.4422078340641651,-0.05791328251957106
0.33259627151130466,-0.038292403917157936
0.7016261958848533,-0.048649926389124465
0.4543797864273489,-0.07136276304159306
0.5363517610239283,-0.07170575950168667
0.4776833326390264,-0.057556047440795344
0.6660335191039077,-0.031096541795713528
0.5582198668167253,-0.04464917486966691
0.6552174335872349,-0.06871891719577772
0.2760021200847147,-0.057169379286018174
-0.04977250054979765,-0.18023567681291752
0.6835642952723591,-0.03847569737274992
1.0160728466561424,-0.06036710846091309
0.48249354401092615,-0.07030040885192268
0.22519016402203929,-0.06336942606824492
0.2192441602541273,-0.06352923989047443
0.596782909787279,-0.0431895376841559
0.6401102662967297,-0.045514182669035286
0.5261236839355281,-0.10045697996767577
0.5854453053964557,-0.09931531853383002
0.21966285736379265,-0.08324002760493399
0.43953854471663956,-0.11015487118199807
0.6185549094086396,-0.03780120925921926
0.4896516840485834,-0.06626308883522314
0.8045954070166914,-0.03535313644147242
0.31200322909708444,-0.0622296491177905
0.3995250776442345,-0.06488929278491873
0.13200366300730804,-0.1159145353500588
0.73841304412342,-0.054600287111531975
0.21996499915208179,-0.07292958354554369
0.2968097068434221,-0.053899004644939796
-0.015324353749350816,-0.1679343019341385
0.5361266394592699,-0.05335519246291742
0.25013423042277294,-0.07939608171074763
0.9462356800659835,-0.04041509354286943
0.17747110163107394,-0.12152409602445091
0.5405759379206811,-0.09180436681359072
0.3734809045928924,-0.05229614342842992
0.21637879760364198,-0.0653713481796051
0.8336659022948771,-0.04371429022197326
0.17730922255732873,-0.07323063011537934
0.7265271017405892,-0.04700455457092312
0.3904523246216123,-0.05502087548905088
0.881679763439694,-0.0322779758639139
0.6215278074582142,-0.045451509184829986
0.0979728033240328,-0.04523672443085036
0.20696399162069024,-0.1215299793504232
0.38031826274937464,-0.04598497520226108
0.08853922605859554,-0.09952553066897363
0.534091702293569,-0.0401308644683549
0.40247503204337387,-0.08009011717805836
0.633610142266199,-0.04611716085874751
0.5353716474997818,-0.1487401668051651
0.3231461804521818,-0.06363035968244168
0.28768753612435605,-0.06086277398148465
0.5565197196978549,-0.03193621154973503
0.40902250590949496,-0.09057943997267237
0.4105369524349092,-0.06174944825476192
1.0593332168408245,-0.04574935642084488
0.809051310216192,-0.04303690856267062
1.1008082495657274,-0.04172372296017324
0.38540504580258284,-0.041628988428270786
0.848624607533057,-0.04688289265510048
0.3181297866025212,-0.07167496766484072
0.8939036745355067,-0.058346899255650064
0.05704086217556248,-0.12058853790184088
0.491076771217122,-0.050906965202883514
0.5887928263024256,-0.04501357634008796
0.2482020679944057,-0.04824931751008377
0.3019425410761074,-0.09525679264639952
0.3372641822723925,-0.12254664134814275
0.6223445779139154,-0.05836983826752129
0.30491526385285694,-0.06461322825048743
0.5720908704871972,-0.057303150722560536
0.3588231529222068,-0.07363120216122454
0.820710160322947,-0.03581994543098965
0.1537308662503083,-0.06512544675971044
0.2940691240246369,-0.09648445446898735
0.5344810740364911,-0.07939169433889037
0.2636036595693423,-0.057421034147476346
0.38944188759049303,-0.06147167006335885
0.36773750740145195,-0.060876993719641614
0.635410448404488,-0.07663526098354057
0.1342214557167214,-0.08529804720851053
0.713040812408936,-0.044710619089382786
0.8265451217589135,-0.0785089639318739
0.15181017545871134,-0.09637639362128048
0.5125626413596123,-0.08833820500337553
0.43599035069441294,-0.04627653802950238
0.5236097874374042,-0.07663298597777568
0.6916388009162853,-0.06677361543940341
0.36975264371185834,-0.1334734595598287
0.5920113707081547,-0.040849608566749795
0.3044948961481595,-0.07927361861377491
0.8315288966753405,-0.09382473963482385
0.41627272228196643,-0.07999447640041368
0.6252836723961464,-0.06591216873394012
0.42117652612449863,-0.044270578482431655
0.7085914298876426,-0.04612946494234815
0.2164253894143071,-0.09343798525814762
0.2857168310681364,-0.10183757833878893
0.8735807153642126,-0.0529793819299722
0.5719416121687269,-0.041478250452698706
0.28559781753154634,-0.12014085096594962
0.08522756133958209,-0.11380769237036281
0.3488775748551549,-0.09380991954872897
0.46333710085262503,-0.05441209138807768
0.5845220522396146,-0.060717619701974535
0.41405484445707263,-0.07453369350201677
0.32879763777268844,-0.059509165094136396
0.23591443503649745,-0.0521623791065301
0.3559428006709786,-0.08526667829287904
0.6961501877496157,-0.04221206088859697
0.40373899312258965,-0.11952294758745463
0.3695435727953442,-0.0821607466025065
0.4002112915218172,-0.05867661841950922
0.44199022526055654,-0.05685904155806221
0.5425786644879116,-0.05236235013894153
0.5532297462530584,-0.04347742194402526
0.34481994261961635,-0.05782611918390457
0.5544712748832139,-0.09075238262445584
0.8380393107922439,-0.06349565756732012
1.1409969931314952,-0.05185186744758752
0.49896709291788577,-0.08007509345101771
0.4454545307203315,-0.05690243634003722
0.3717097871461372,-0.10965289025627278
0.6080690102018869,-0.057762992176503825
0.585509120721015,-0.049725112346386435
0.29254677178604305,-0.04859627650084564
0.5776817162960906,-0.04143963465901945
0.04104817872859701,-0.08297975334929897
0.47069326852080096,-0.06993224455359226
0.28941699785822905,-0.10862789684906149
0.3051573768330593,-0.0924798378746936
0.5543463256455345,-0.04605724872627737
0.5312899849161774,-0.04223980143927952
0.9497052445108269,-0.037943505409432365
0.7419089093379285,-0.06977380451864734
1.0649980068260718,-0.03314544858341306
0.2544334045202101,-0.06102924791986719
0.34313295049573256,-0.0728411039819048
0.129376216720966,-0.08441509211451126
0.17449730848752076,-0.0840236794860394
0.9287148875170033,-0.03387042599143064
0.6601460807246387,-0.05485930887093449
0.4255094241552293,-0.057373054485683195
0.7514185140794742,-0.03760073723117374
1.0044768541545288,-0.03549849992441545
0.597355068243326,-0.05649837111887257
0.6554067554610579,-0.04382598812614946
0.43554897926236236,-0.1036096751788933
0.309829427404976,-0.04921686583173179
0.36364523547591965,-0.05390135957058184
0.5543388439314274,-0.023581841984134932
0.37953915112669545,-0.03948936103683165
0.4628336895420462,-0.03689875049850788
0.2021888205960889,-0.07410112501384214
0.3141580238347472,-0.061710460243813214
0.29037304497648875,-0.05733117359838735
0.3518603162914764,-0.0639558160121334
0.42543953980320515,-0.061619840043450114
0.5679316355783026,-0.08056447924158128
0.630286436193982,-0.09290026150203412
0.30982028445019427,-0.07181951591806546
0.5059282867569435,-0.039202438956557506
0.22480955972227035,-0.08348922427410954
0.09928142769055648,-0.06521300682225861
0.2161428167891275,-0.10906808447872218
0.6275847799259087,-0.0563157934119356
0.37041314392667535,-0.09425604167104529
0.34502538886613165,-0.09403060684956066
0.28795880515863503,-0.06597879805559115
0.3050890547884588,-0.06274839693537604
0.4649942089094523,-0.06410305351453716
0.4810164910844543,-0.06329944627562678
0.28803939596145245,-0.055977110956013654
0.34940085208930394,-0.04948857358812475
0.1742960700593117,-0.06754793473014808
0.536096020216176,-0.0654029069327785
0.5390600252266233,-0.03533378432750045
0.7803234062071462,-0.14119334897325275
0.8155721879149087,-0.0661071791224227
0.40436645087219736,-0.05748910268769214
0.2626157003038072,-0.10051201945239752
0.4626344258864361,-0.08373332259457189
0.2000909196192573,-0.07813837351357433
0.8324283527692105,-0.05030111390757874
0.6219767469662079,-0.07818287061468043
0.6486286732612749,-0.05750879887033278
0.23498188227764394,-0.04267711876488067
0.8288962574749275,-0.04426913368521457
0.4472130719780343,-0.10797658040354607
0.6355897855195234,-0.04212145311016391
0.5606826082416323,-0.05767589170786536
0.14346117954984083,-0.10902647726379555
0.8808899037725499,-0.05508808646111485
0.5071014123595861,-0.050898224753693766
0.3758474448459055,-0.0503396259448895
0.5289732455857616,-0.06713292946740301
0.32041066332653356,-0.0996402665759416
0.26397858082234227,-0.09207315016867257
0.5703341961625397,-0.07989167018831578
0.47723718498266443,-0.06769089549386453
1.0208728413608341,-0.10667927271727351
0.5846098942333069,-0.04984888421796374
0.6816225780540783,-0.05453594939529527
0.1993025318932815,-0.07236677394254598
0.27562771094981153,-0.053191279916773526
0.4350305423212615,-0.08128387068908227
0.7332596366329396,-0.04305292510117509
0.7116644440887101,-0.04909876157772086
0.2850435256133037,-0.07141345228891605
0.2451555924367359,-0.11771713894912261
0.46720887395629385,-0.059625532931920966
0.3788133849222317,-0.07250704021091126
0.3385044204580365,-0.04718954364375627
0.43403610124060554,-0.03447770665571748
0.8328789174997386,-0.08140459925522481
0.3602884707092793,-0.1149561695896043
0.5174439646912334,-0.06830716417262417
0.45612495430948985,-0.08599825720788279
0.4085780610816765,-0.05116935523253552
0.2628238240101486,-0.06630527478535941
0.40018355661833427,-0.0673195555529813
0.8145909355951992,-0.05509457585268129
0.5729800936252181,-0.05349967078587048
0.2293999923975072,-0.12878056848546515
0.6255120368212377,-0.06622843634928899
0.28476420275210046,-0.11104916210835336
0.5917052757993362,-0.05931450623345824
0.20988839903473067,-0.10642822370518112
0.2347722251058717,-0.09719416844303186
0.680849567036726,-0.10601404366951694
0.1554243197151879,-0.11924550295383196
0.2942275123806555,-0.049309032513603746
0.2242982832084346,-0.04605704505476205
0.3830512602497822,-0.06391360941350077
0.26613410365292656,-0.07821208721537498
0.5691619160619585,-0.05691374915385772
0.4491343619721233,-0.07009297542545023
0.5442009095008153,-0.05293844282603566
0.9102273382775974,-0.05115309967620918
0.23368865963584629,-0.13857761844007976
0.6830939923907788,-0.07640799342932114
0.583081979102982,-0.06480518943751357
0.42781677349636205,-0.051237325710686954
0.9732325511287885,-0.08009348807251004
0.3535395190912156,-0.08115492886650544
0.7196337645475372,-0.04784773489413785
0.670528622286999,-0.07482940045418729
0.3954758135137353,-0.09311424928337009
0.42652195118358893,-0.09078452772911594
0.47935118220764883,-0.06117655445488235
0.26535595854221805,-0.09660177556602068
0.3178306680758922,-0.058833651150676625
0.45890408678812844,-0.05278368001591549
0.15669840953068137,-0.09474855436235352
0.4417263473966082,-0.04729517198370503
0.35411561629320554,-0.11112483030902276
0.14673155306308572,-0.05729378325990497
0.40458086430950413,-0.04729407113551143
0.7459511996856427,-0.044316910668668386
0.509363783988686,-0.0359177976299111
0.7037605911476641,-0.051955491937387355
0.6793728054273112,-0.036670051098508294
0.5402396788649197,-0.04545957670708345
0.3601109703694969,-0.10531057308738512
0.7768370310709993,-0.046197990922531185
0.494465683822088,-0.05125984708716225
0.48191496925094013,-0.07020377347978102
0.5049656651666261,-0.06360568415379475
0.0315020689544494,-0.13965593528524767
0.7431653304932542,-0.0574958092506187
0.6370474881285151,-0.06992821665025106
0.5906147475496561,-0.06995832166195604
0.4342659701168825,-0.058167150218152996
0.715621920650755,-0.04902530804241734
0.4952211860652025,-0.06939121417679828
0.36225809746389936,-0.04328503096856395
1.0239627308819639,-0.05620120182585464
0.19769019902545892,-0.11850282770825049
0.26221774701185896,-0.05749853467893218
0.5833768357282554,-0.04368712987872447
0.7654422921247213,-0.06084754274243431
0.2583243586923014,-0.0909484000462355
0.6043266052111087,-0.07653951632193268
0.3515456463306952,-0.04845821027022934
0.44112880924970344,-0.039110669684866206
0.2662362696494538,-0.1155883986235986
0.16059461132713815,-0.08840175727478394
0.486601168264001,-0.06478455531418459
0.2055142356122477,-0.06376786882568863
0.2690703073687879,-0.08485298443875344
0.4662534548318802,-0.05311977608503149
0.7377886289632698,-0.0570563492670173
0.2557684996420071,-0.08208530901964073
0.5920405424279225,-0.11526256897525144
0.5304176372144034,-0.08906090685574097
0.26622143333882264,-0.051054957202665396
0.23629924027257432,-0.0689310650063838
0.3001561631813796,-0.045273130769875713
0.5108503566081231,-0.06835991334359715
0.15333359495440013,-0.08936892663547591
0.6904756182840235,-0.052409307179425935
0.3310168171822969,-0.03949778842277207
0.5445170057476858,-0.057588470215533705
0.44292048119136695,-0.09416207216021133
0.30202043124484423,-0.08898259860983315
0.6427774354658731,-0.049898647101159876
0.30417761346567285,-0.08085182735997087
0.2916835867437595,-0.08997092433036058
0.2604417224071105,-0.07779543218333584
1.0473317390631354,-0.06131196928600935
0.592461228973445,-0.056869459343976136
0.39710535391835355,-0.045890542110748056
0.9134177500060243,-0.04978751671285042
0.2938641500253556,-0.08818982920786755
0.5681428293848154,-0.042533467826335936
0.6743234162621952,-0.04463550620691459
0.43438032396228277,-0.06137721924901107
0.44942549271195764,-0.07500070117138713
0.26771035035153923,-0.07308192615030218
0.3059295489512148,-0.07600998520890323
0.00586854134368342,-0.14650172713827225
0.6920357695045789,-0.07506425234864589
0.3670683259555123,-0.06346913859090719
0.15143205429694406,-0.12673593062102462
0.37611953541371057,-0.06585726140659853
0.46957794771574357,-0.033088811895243486
0.6553078970612731,-0.07204450121126149
0.6948996710340374,-0.060772066311245765
0.5985477838748339,-0.09106762126494583
0.5651446640603657,-0.08549967396007652
0.7073308287723936,-0.03994211665555636
0.35091232381222603,-0.103126484649391
0.30829883176130357,-0.12481976902388447
0.2983443255920346,-0.05229581207686251
0.5571963356555896,-0.06043708428385974
0.22110376273662613,-0.10253520293285068
0.8202482733734053,-0.07533958732393387
0.3643120439716958,-0.054802595251949304
0.3708471547340837,-0.08808588191631361
0.48768303223312426,-0.08737655822051671
0.4352865295924029,-0.0387589451440431
0.5337122928608387,-0.05385266155474333
0.18932376285576202,-0.07810649216723531
0.4373301833709251,-0.06286152601783479
0.33743219566160687,-0.14218907172630568
0.3485086047710457,-0.06735549733931268
0.24157341289627365,-0.08599866861394934
0.5365210567313978,-0.04063578899368869
0.34639451577107505,-0.06169598357046813
0.908414224731936,-0.10705229787522363
0.2100790148105478,-0.07171909444632862
0.7071542521713867,-0.06013309753798557
0.6438665217208861,-0.06329920863355032
0.30395663213490876,-0.049008475689878206
0.32248294876884254,-0.06196733664126952
0.6571053270901392,-0.04241555153459842
0.205054567656497,-0.09146596697358367
0.596036053578356,-0.07896674053470176
0.09804839156455536,-0.09337163057413533
0.3328750452547713,-0.06267777279356168
0.27438199721185086,-0.06687442621300743
0.502039942831483,-0.05914764072401457
0.1867458573917442,-0.08808940709832991
0.3618417037526269,-0.10259904816692544
0.9669080707683679,-0.04765139678530239
0.6399035357340279,-0.04933059269083706
0.42274013799564414,-0.08122335142585069
0.8441286921907805,-0.042817153551663045
0.45544653585323336,-0.05114610865630875
0.42763340094029867,-0.04115387627590794
0.5822261069267596,-0.08375436186776408
0.6099159678296111,-0.05138572570491162
0.3317784242585191,-0.05848288202127405
0.15554353418201305,-0.09053418280584358
0.4513123951085176,-0.08627971210091656
0.5110183459130713,-0.07656688275648638
0.30788250168757725,-0.06124097956487373
0.29356868646507794,-0.04293383764199443
0.5355033551646926,-0.045704593114462067
0.3616185367767655,-0.07297170339705172
0.5006959776298532,-0.07924742430004972
0.651293089322361,-0.04626449393143395
0.4531369120898452,-0.07319151058086415
0.2760922208792258,-0.05925441320870095
0.13315469411208491,-0.11427435234062111
0.44739035228055424,-0.10400034572403716
0.4499137388217249,-0.06504623546989341
0.3910171828835416,-0.10585349127660859
0.9037924612652175,-0.030944297091353157
0.5076535319657505,-0.04498228918740954
0.2184864273123206,-0.061247564499619433
0.44087822951139466,-0.050739760829267344
0.32781959508304315,-0.06322083053341077
0.36132592720507484,-0.09735378173160802
0.32493206337688774,-0.06666255539685462
0.3032404157834929,-0.10527030784423264
0.39909456906829877,-0.04709023203978646
0.2691186022693943,-0.08529274185163171
0.55701782195047,-0.06901032707721622
0.4203179803892447,-0.06840175607761978
0.7764004693016624,-0.06370954694520492
0.2507331898348937,-0.08050720908423947
0.0581905043170754,-0.0895536329353338
0.4024489559652624,-0.04754908272693703
0.4168514488546444,-0.05418824850183945
0.28086376490327036,-0.09865694556532134
0.5894644309589296,-0.05673759044074278
0.5663761612718545,-0.10303797634390743
0.4438401732262425,-0.09282189421054521
0.09588905358079569,-0.06181639363847269
0.39855929831728054,-0.050373146725169904
0.566827288075862,-0.05707910620558787
0.3216240881540735,-0.035469515588738565
0.6631226254390274,-0.054412626338576686
0.4862119741665092,-0.05556583081812405
0.4123643961339547,-0.047896003669883
0.4339210112369125,-0.053200367601385246
0.44316551308395424,-0.09367997414192153
0.4727490082590995,-0.08958818468127894
0.7337073240735157,-0.03611546024055878
0.45835352133799145,-0.06580109201172246
0.6225853702338227,-0.051235119045247246
0.45865855356521634,-0.0619033543148132
0.3461261018286992,-0.08053063401473382
0.676331044523552,-0.07525986538569962
0.4150023633114748,-0.06160939686731737
0.3560063920997021,-0.09714545629687799
0.2860026854616873,-0.09112732453522221
0.788656761390768,-0.06329535780425244
0.541036018801482,-0.05258077562843111
0.7872923168725918,-0.055018475787821264
0.6286975545171585,-0.04602477865454957
0.10570696262128099,-0.07755527392511141
0.532463126684042,-0.06138204676971282
0.3031225352996545,-0.08177195922395664
0.2217070630111848,-0.06503482992233844
0.6263903840769227,-0.08505606270729538
0.5757551420679485,-0.07436579480025685
0.36011771952918625,-0.1100561681176403
0.5917529006064144,-0.06319835663472706
0.5092039231417289,-0.05315603286213877
0.2449380642823049,-0.05287334350785422
0.34992028753253823,-0.04951234391028181
0.3566127350345345,-0.0712325152712664
0.3487636909999128,-0.05858772411138191
0.2857597740663851,-0.07782026863284519
0.37842523547439133,-0.06237749752509436
0.9015106768919217,-0.047936910613618045
0.5026961790343509,-0.049610822770817076
0.6365253855236774,-0.08237190570490704
0.5206111180932891,-0.09681551954251766
0.6107843864035816,-0.05293448637761877
0.7531246498002904,-0.04105985165589532
0.343481101660414,-0.051942339856976494
0.6858153220406535,-0.04445384906561123
0.8021881821667034,-0.04344480362439895
0.5161277191572968,-0.0630079282036653
0.4211791477568023,-0.06106792347834966
0.32205876985252946,-0.05642540462349799
0.4566127220703542,-0.1263716129673027
0.2040411877803059,-0.0726331993677719
0.7844307217497601,-0.056510817523319545
0.7807646251338449,-0.044270578482431655
0.3449346793139332,-0.08103733203610175
0.5153029762536314,-0.08077417354380667
0.1942739269024336,-0.11043739996737623
0.8475882471632825,-0.04681591825723885
0.25026030836486135,-0.11725189788581436
0.3457728863700471,-0.044328413400555156
0.8656516771948601,-0.052984865430361294
0.5829707676101339,-0.031107527182553385
0.895533708689406,-0.06906013128939414
0.6528880548385447,-0.058497378728647464
0.45258110334410295,-0.09012554910052706
0.33448128050662906,-0.042858378818623755
0.6884211456402209,-0.03335357429021024
0.329106022369557,-0.06305052942204925
0.43540742965690216,-0.08400716599777014
0.2968907603609945,-0.08377988813001191
0.6534574768521109,-0.07984926085461985
0.1686229539625297,-0.06744533049917623
0.572382331987715,-0.05113852189188117
0.9966026068110234,-0.03833671901800462
0.35246251057947675,-0.07052550076187891
0.18034954475848286,-0.06394581910484942
0.5178885825668289,-0.08691690347827297
0.1466273205958495,-0.04713795310716673
0.5018099136898704,-0.10439083887288159
0.26703067331419206,-0.17331191182637373
0.23379324566859205,-0.10094415525751266
0.37140655592877514,-0.093081115083394
0.45956594600660794,-0.07040702828983458
0.7043593200188483,-0.0573600264232722
0.6085543295266074,-0.0758193888967793
0.4054812752210186,-0.06642481074019468
0.675361795762845,-0.050143124240535686
0.2867585654269629,-0.06383981723858267
0.3302833360207855,-0.04464460521788749
0.184410186984995,-0.0592632486414576
1.6983797072877742,-0.0353988837953082
0.15886988743419184,-0.09168682155462127
0.5984999260959281,-0.03665036236590469
0.38291144937554433,-0.12425420606480175
0.5284977111490954,-0.06680760092832982
0.7500574100187385,-0.05483859628903398
0.6046508308344032,-0.03287337817424174
0.545802778338139,-0.06065686724889041
0.4016851925937506,-0.10444965428698239
0.4623247341364265,-0.058122696575415134
0.6607152601069115,-0.05011663154501944
0.3747731760615314,-0.07421709088705752
0.2559750101874896,-0.14523419092377232
0.5827456346421496,-0.07546958557913996
0.6689146707505087,-0.055163208107658956
0.21219942990270146,-0.05999004546928066
1.1320621865924752,-0.036550248640719096
0.4468415069648264,-0.1061915675046089
0.21097413919984898,-0.09265128365860165
0.7644667181705829,-0.04799092180792175
0.8248608114215112,-0.03333500020531677
0.48258465123550276,-0.07030095069777598
0.5822975420284278,-0.060705225391332496
-0.1025042274318233,-0.15589260631376456
0.39123907468866737,-0.08668282652171055
0.43758445508849153,-0.0902213694426619
0.3538273128918057,-0.06782936567092546
0.4755430505511933,-0.054270713913096014
0.6197142495763626,-0.045724487745804065
0.8414680380228077,-0.03808388725741407
0.771463561783482,-0.04837522797217575
0.8337826703490399,-0.07881699426170785
0.3107840606487686,-0.07825320322939577
0.43846244751980956,-0.03584537966331236
0.7024424254918191,-0.05561117974605201
0.8824093969677083,-0.06846918034589211
0.3896812124421283,-0.06716104999127337
0.43769651154154343,-0.08796592752954202
0.6991973199166592,-0.06648569361476775
0.30391233585713495,-0.06252792631197146
0.5660677940045451,-0.06335608620356892
0.8386824744285406,-0.025272826332858656
0.4526695164551353,-0.09842015919794211
0.8099587003181861,-0.027588271497376415
0.4293187566161365,-0.1220317858927602
0.6243382806703899,-0.07716625207530525
0.4847492192226386,-0.040604650554170285
0.5764372715746986,-0.04372100132214951
0.3719200689184674,-0.10282270442793195
0.5807889228896883,-0.05957677330026623
0.36889808851762296,-0.09583736112527907
0.0007463246438776938,-0.10790376160267268
0.5304571891387619,-0.08163034793615886
0.5956305831160154,-0.04605930751551768
0.22118819466693052,-0.06672476418937934
0.6458295747447882,-0.03984787087356434
0.4615144631212915,-0.05784752597952769
0.5203243123222066,-0.08712726922983971
0.3714038535970423,-0.06203247590071381
0.48086067147122025,-0.07079533380235004
0.5530114716657704,-0.06380475392042384
0.34995401946912286,-0.051364933136641366
0.26461755359874783,-0.0934492920876907
0.5777468286000229,-0.07302589015510108
0.12889537736602286,-0.07818134925193654
0.39354469028247174,-0.09827690993714222
0.4811210489233979,-0.07419684829710371
0.3486138719934,-0.06020344061759042
0.9071482546619722,-0.0368333638193975
0.5298439068269067,-0.05130890993264736
0.40760883828245564,-0.0725412146474802
0.17016535430134638,-0.08094837381446818
0.8033917189728794,-0.07453360071012438
0.35365262694971933,-0.08483239508430296
0.3614859364577412,-0.04848398913482033
0.7766311288001373,-0.051305967912197326
0.7307523429360205,-0.056149150872715214
0.5268242682506041,-0.04934335328879469
0.5627839457288042,-0.047241115556567626
0.4079630456545149,-0.04256440745929568
0.6842799526443133,-0.0937829538135807
0.5309371360563235,-0.05263714682536513
0.2148015234884315,-0.1440259709182149
0.7609828441147359,-0.0774235342638514
0.5096629216065631,-0.0656486134402613
1.1895093070312641,-0.028816465401201974
0.3741254378671022,-0.09251530776733607
0.6458343320604552,-0.0712445109587656
0.5014152271594607,-0.12255411805076921
0.6290675624350743,-0.04779552843867141
0.5399246643869657,-0.05096889422457651
0.5934228567419255,-0.07489647049677295
0.2391990870517482,-0.04544430229691898
0.574372973764453,-0.05952691274029642
0.3943987841503265,-0.08404019097841786
0.6963298801431175,-0.0516944331902478
0.5688638842140792,-0.061271496097379474
0.04045916559913909,-0.1444334395721193
0.7000880767661919,-0.08387146822161773
0.49322283755252316,-0.03825995165737306
0.13747819501875647,-0.062056673913403526
0.5231806747819543,-0.0769426953352167
0.41287944147961664,-0.05758178454522289
0.1727747888445128,-0.0443500898112652
0.504176024776799,-0.06634015065174992
0.37889505575365434,-0.07682459353275928
0.3852859369475621,-0.08066180594154138
0.5138819648845079,-0.05958259201333238
1.1251077580859632,-0.04215877539190338
0.8194583005059066,-0.05740424560530699
0.18907424640514603,-0.11602787143003734
0.5297770409225875,-0.04275030297642235
0.23229967662315443,-0.07108085077357351
0.4602246405682191,-0.053671892436511714
0.23454645216027648,-0.060707249367993765
0.8833037024269454,-0.03504388011323112
0.2453823519003726,-0.11655803843774515
0.49443759570524115,-0.10004604236916048
0.3236038446545584,-0.06333533436602168
0.5284186598225344,-0.06075530628697268
0.2710896813167778,-0.06435740394622502
0.8436108010006567,-0.09682174977978841
0.23128719435403444,-0.09737008836929761
0.22121532488371964,-0.06544356234371507
0.5442294725538854,-0.06294918966202201
0.5364258422991575,-0.05709636237654814
0.4948759877196234,-0.05302435385848081
0.022256407865273387,-0.09528150508737143
0.18871982134179688,-0.10922980059821097
0.14003616251867124,-0.12040444171269171
0.5750000755189237,-0.05382159967740319
0.23317883113056093,-0.0556185283066033
0.5003522723445148,-0.11370334019323791
0.6713991034420763,-0.07843356059065976
0.47790984861227304,-0.06385470679861993
0.45129064507361005,-0.07322684185304595
0.4236665535100006,-0.0846339902873312
0.3590117029985731,-0.06768553471998395
0.43416068893449333,-0.10882619188682652
0.3771142403890124,-0.08600719428487336
0.13343614816474436,-0.10524621175437099
0.24032075511278794,-0.07454523535094226
0.9857516607816463,-0.03605201488808485
0.273316895695916,-0.08950789087573063
0.2558317288927714,-0.10261935084320728
0.666248445987345,-0.06587001116090807
0.5683246295486599,-0.039365102097038474
0.5954754225103902,-0.06440226916590408
0.16520096492908065,-0.08983555784946207
0.38088792287675877,-0.12631534317775273
0.4183334412492128,-0.07884315649241203
0.4701358133184159,-0.05287263616390059
0.37524862307294127,-0.050145572667666616
0.3295034738347027,-0.04943617949701973
0.43726772484726384,-0.0717339367309936
0.6623006893411214,-0.07464480668713269
0.705743815324986,-0.060845371240739965
0.31480386285253803,-0.13148341942444486
0.4222711694170216,-0.047676287477468215
0.558701519549236,-0.1083839629503407
0.4627899159618942,-0.10000939145032917
0.52583888633285,-0.03730661011125658
0.8728010417257064,-0.04469587970920452
0.2707891572083021,-0.06076491792832883
0.35885651887223213,-0.06178250380080197
0.3087752203391536,-0.10689712009749497
0.8479281607487208,-0.03262562841904637
0.4956612504751683,-0.04660872181424025
0.38577520974770185,-0.052706966635569286
0.628618873481094,-0.05626660455316579
0.11431252796064073,-0.09189093494478939
0.2697919426767481,-0.08394744780289742
0.5387846289033982,-0.04081649031376278
0.2112767599759966,-0.06362484330205187
0.31773742326464594,-0.06403382787917444
0.6132586058287002,-0.10114220669390239
0.8398733453906464,-0.036693003641958044
0.3425535436753915,-0.08983316805766106
0.5296347195689965,-0.10549994987992961
0.728705187469985,-0.053760540889105424
0.2393445068537996,-0.05540284024096798
0.8694829012767704,-0.04324277342009808
0.5838145427875867,-0.05024067519557229
0.2668232405987032,-0.04750242731745047
0.20048585001056463,-0.05535820625828081
0.15026532683015437,-0.08008584080745151
0.5307993107993552,-0.044390474640681465
0.5030972916398702,-0.0349342180210549
0.7960969519496086,-0.08502637735289076
0.4974470848995407,-0.08114704893942648
0.5307208041232678,-0.07136224993106566
0.9774120121217538,-0.028878630231243707
0.6318525200229186,-0.041062321847890604
0.3101323063919157,-0.08992881871642688
0.37993919977180246,-0.04573225601144115
1.1683300507109338,-0.043413867037130016
0.5676321962757733,-0.054376505090474314
0.5211646211123437,-0.05323011516873066
0.5899405349947999,-0.05161991448910419
0.3347989148334951,-0.06237965504741516
0.7301974964624356,-0.08417595571942149
0.8157030243694092,-0.060275217894983246
0.6257338014244209,-0.04435414740774091
0.302384250832352,-0.10855808857776228
0.0881556094039142,-0.09805363017728519
0.3613413227007931,-0.07580086824393373
0.732148844028508,-0.06399196118544226
0.15653226074172055,-0.10343405301418429
0.3953358649353278,-0.03977039047153408
0.8153589352255621,-0.05548135849535474
0.22887372866287126,-0.06750919437705483
0.1288259710017452,-0.06160802551993205
0.41604236670435046,-0.05680254212418523
0.426771810825912,-0.06038706669061089
0.31004782444080137,-0.0819160508914688
0.773331937871192,-0.07823160774231352
0.3780731645220561,-0.06868795682703666
0.5164806021567627,-0.06018005831455464
0.5831088656207455,-0.0315494882167916
0.4742716177010531,-0.03521132229661872
0.7008862664493016,-0.0423000391585715
0.7163136587967924,-0.0461753198348156
0.41027738363325694,-0.06627657556555866
0.35794359243543705,-0.058092719888986455
0.6019724516552825,-0.09813217462656709
0.4923396664526538,-0.038739239715696705
0.9091500433839321,-0.043979147343991776
0.39617812788384055,-0.04844903614697538
0.7019350245621427,-0.039810134571434674
0.2259960343787788,-0.0626251533648311
0.5004058537395786,-0.06811775140739729
0.4223641702449539,-0.06997468952016994
0.2988031387630039,-0.08544931856276461
0.5775577715282361,-0.063243028103797
0.3427240261887132,-0.03367656251847195
0.4741159978109404,-0.037563237345484723
0.3032738047815806,-0.08568161682653552
0.7075168265323957,-0.08961358844464451
0.3482364519127259,-0.06645433274980128
0.29088936772564256,-0.07198939682325878
-0.1505384901093988,-0.15092294702022957
0.18246075027784325,-0.12269114518899238
0.38980105099357343,-0.07288545497500798
0.5626241338687925,-0.061621701338082424
0.8876672590493278,-0.03835332380803558
0.3919592816821664,-0.0847311931338296
0.39002737670991094,-0.06428123531804131
0.2511204210475195,-0.07162454261482587
0.3542006904996071,-0.06171263641597935
0.4620577546710607,-0.059254329535346595
0.6876453446630171,-0.07658930578605216
0.5607376427283945,-0.07105549672674139
0.6762804253063863,-0.0984032936367849
0.47521312550684724,-0.06841274420982046
0.1875406337104959,-0.04940822522753563
0.9086866224385655,-0.06385748372768019
0.3690918395996743,-0.08272966372661994
0.5787242898205327,-0.07601424801004886
0.3060564990560999,-0.07300543101052781
0.29342942796840576,-0.062424659427691265
0.44614586592282146,-0.05365704379816538
0.9639053905720965,-0.06575946612041095
0.2791351694031634,-0.05721589336339561
0.8849656208669066,-0.03973403502149231
0.8755360657328219,-0.03375402533714145
0.11297910463780947,-0.060365543865428584
0.27150971970636784,-0.05721019524973925
0.3586429791822936,-0.06918456208204682
0.5967058357984749,-0.054185049692983434
0.20105793486550638,-0.10450365702732611
0.33837119582961983,-0.047615723503849794
0.2665212226157818,-0.08660827705534213
0.19155891715057582,-0.11261967372327308
0.7651052014141533,-0.037714191490548665
0.5486844210561961,-0.11632029948970302
0.3978372849323306,-0.03351342485865583
0.6821633654345292,-0.07171612986828868
0.43448679363592335,-0.070974053578571
0.5450661677851338,-0.054136831307612265
0.5348886720888133,-0.04759046369797426
0.8541045364134716,-0.054359024573167436
0.4176638851646459,-0.10905905472783384
0.5776805463305543,-0.06281159781133772
0.23505358732737447,-0.06925894482959316
0.4426307481263789,-0.04747591247666172
0.7713320947420619,-0.05842348461038527
0.40568966103070925,-0.05741335637878853
1.1409929669121683,-0.09131609323997214
0.5343793896259654,-0.06219607470050181
0.2910427539511944,-0.11775064366529975
0.4636294622333694,-0.04626345158465994
0.33174444571446315,-0.11980449001955717
0.6425171959179325,-0.03625996289468347
0.3759098787042323,-0.06470100198545703
0.7326521043589704,-0.03779193689308935
0.2549387766089086,-0.050690818108472424
0.47201101327558126,-0.07154966547484742
0.6528762704916058,-0.08274421615568828
0.6877906866144152,-0.04752255120621807
0.5440886832294527,-0.04322312739454004
0.22765513418392946,-0.10987345548826466
0.5637785069628785,-0.04566310040562582
0.24132241383360165,-0.0918792964766939
0.6443076403134829,-0.0444406952902312
-0.06596004942990785,-0.1704893398845313
0.7279748776717148,-0.03829679523577412
0.23523129253106023,-0.0724864822226452
0.6119616564757588,-0.06929556951199056
1.0155368410005345,-0.058710617778310104
0.39937068501209616,-0.056243432380286174
0.3925408807040147,-0.062247100032142066
0.5847918088213937,-0.0752589947764779
0.5475543754500705,-0.05708739015035469
0.5739045011837836,-0.05827350442456025
0.845175092582509,-0.04323866544131305
0.18814013062432133,-0.10481618633799628
0.33563477464850155,-0.07258336620607819
0.3413379088893511,-0.04949034177433376
0.6013793984075708,-0.04744580970236134
0.34006341908964344,-0.05443969763563716
0.06821363824199245,-0.09189782281411973
0.4576567470705293,-0.08338245538590794
0.09833720248598743,-0.15951916487923012
0.3420317206304542,-0.08301362525475708
0.6862417499713105,-0.04643687262823004
0.4356176809439265,-0.03662949043194075
0.46927430430902395,-0.05955907753787626
0.40321210108378613,-0.0852445094656541
0.35904887071643143,-0.0852103748409182
0.2533345566631755,-0.08345735085039208
0.3082087281102259,-0.06759576417570456
0.9058256341936612,-0.04641072730653728
0.35048915514633827,-0.0610009001245454
0.5263824555184122,-0.06846949226546906
-0.01106618914391222,-0.1584091213948008
0.7550309978381968,-0.13174042442505518
0.3698048173681654,-0.05811228149971681
0.5242994402034877,-0.05173263303359177
0.422083298380729,-0.06876584615046977
0.15328003050111416,-0.09515569645156785
0.43614129001353974,-0.06019481921080061
0.6711187530761127,-0.07814400963427726
0.47919489940084103,-0.061523949143550194
0.21477706194567814,-0.1659320447110333
0.2584721088252393,-0.0676691482668953
0.5723328281634312,-0.10967058718696188
0.6161483867114492,-0.044087919044639046
0.2874022670607477,-0.06946567383483582
0.32127032811030576,-0.08880864312617875
0.6741151036522353,-0.07893605617727073
0.8428931201120775,-0.041370668773685004
0.15334435956884795,-0.09829906209065298
0.48707440507277133,-0.08385756167976843
0.6271539202893901,-0.04599327865142766
0.33055993508795845,-0.08201465931689877
0.35789205556354364,-0.047887671154661304
0.49497742301316583,-0.05115215605438983
0.5102936800322799,-0.048870771631995824
0.2921847850218364,-0.12580994470159557
0.386896682223532,-0.04673405450206802
0.45302939763140215,-0.09092745645223843
0.4653815900196687,-0.02375244236101004
0.24130320925345394,-0.07600166192622226
1.1290236034701224,-0.035741634099502595
0.6371932964042872,-0.04140871907124821
0.15697118486548067,-0.09899470042726566
0.5389502137860249,-0.07357732421130436
0.19763617460737648,-0.07664922412489905
0.5438357728530685,-0.04311336898861895
0.5692655326600216,-0.09105975959085733
0.5724347744311438,-0.06771864780848569
0.49728125609231366,-0.06256948646841953
0.6955870367563803,-0.06782959847776948
0.41202485029359637,-0.0646476707232343
0.28252285216433837,-0.09982843641602457
0.4253185262915884,-0.04251767679938423
0.47642995889023454,-0.04334720383946944
1.018008219372183,-0.05152066966054014
0.16022350892696258,-0.16050247790634353
0.5042408115418402,-0.06211990226432906
0.6544433592070986,-0.05904370922074664
0.5842596084115386,-0.04114164053809444
0.28713516286298435,-0.10906486329403653
0.33246618402223227,-0.07998794040111945
0.5071473893759026,-0.06925613855010793
0.11310433443064749,-0.08029126359746774
0.13154139803109266,-0.08604546776158806
0.44647595556123365,-0.04890628797809027
0.5009229591536837,-0.1076250266783575
0.29071729984322414,-0.08448605197105497
0.6729952591080899,-0.06574340829250225
1.0322959601126271,-0.07136378968314327
0.5087670861824405,-0.05314551607201001
0.3137015618658505,-0.07703233429120471
0.19848801682553052,-0.09800970706470424
0.33818421843206603,-0.13592158003269383
0.4384026744335603,-0.06387846846955192
0.9549411722771621,-0.04015787715693142
0.6646459650758358,-0.048816653840054736
0.1331146321334864,-0.12226695432198453
0.4190073239754073,-0.05967327082368479
0.6618778989148575,-0.051131946381192006
0.29045224176251305,-0.0798156739533844
0.1602684388717488,-0.08118307964849947
0.09004462759467446,-0.07955086302419634
0.646612032351549,-0.10525015048325204
0.6553043053529684,-0.050959093127246446
0.5570269023721908,-0.06919537716978164
0.12599104995530275,-0.15599170628871784
0.6739204682168514,-0.03403204272807103
1.1551176398125467,-0.0607681607055226
0.7396634314698638,-0.06450120397949932
0.3331971425893363,-0.0858282138453017
0.4045441677282575,-0.05109278617266255
0.49468712412053906,-0.08419328596758369
0.5083566784905846,-0.05671985834430471
0.5844969949927439,-0.04170374779163033
0.4139247414086251,-0.05293027064446498
0.5695538030421714,-0.08620979661190153
0.29322945271351886,-0.0630693454625979
0.5690316469264911,-0.05374652551769221
0.2711862399560043,-0.07614368064325583
0.534061767708303,-0.06449122252331918
0.9090310829378943,-0.07855433632654496
0.2542036777244896,-0.07170790217773793
0.45781290766797067,-0.07191110270771883
0.5474037596201462,-0.05647060631184109
0.19284994727777183,-0.07732154409807668
0.5452865120626744,-0.04517152673666025
0.6236507165407235,-0.052499961103220416
0.5851901405307456,-0.04478842777306569
0.24427811278796296,-0.08192525053401245
0.9232878867913199,-0.030681635989673217
0.48997691874433835,-0.06007590563338683
1.446438240064606,-0.05454983489990817
0.33012530416438723,-0.05779991334501944
0.18989176377480121,-0.16521977254360587
0.3578629957938866,-0.06791580608105541
0.859613219518442,-0.0263010800212351
0.11799336010224404,-0.15507129847364853
0.44299140331100784,-0.04308292372223588
0.6511149090667665,-0.06670829718636984
0.4034189130422803,-0.05335249828773281
0.3344377515187371,-0.0736226598726134
0.4804718797597789,-0.04607085086348073
-0.0932178614853667,-0.11102193682624206
0.16361022916907575,-0.09240458686378217
0.6869028618151951,-0.06762308652947768
0.3953263650779024,-0.05802783443419912
0.44192297811902725,-0.04049791442012185
0.3333617970442748,-0.0500653166718269
0.6921458051053089,-0.04215877539190338
0.5171239460743979,-0.0461891595030004
0.7949331761651015,-0.044803829050843236
0.4681386631526332,-0.042648146303364776
0.38674710754135133,-0.07533090408728726
0.7275264881140711,-0.04654147310057799
0.5843911964312083,-0.06638827292786376
0.6480938141732624,-0.06171168222355028
0.3576212228340858,-0.08935529766228578
1.031334549008737,-0.03848570893641179
0.5536017352246003,-0.05668493559466459
0.2961888397119905,-0.07346832190938624
1.0528705504108413,-0.04005639244633197
0.3406393451165559,-0.06919039381748415
0.8282478893624448,-0.06424260676814741
0.2909907580981277,-0.08519356917861043
0.461182546820303,-0.09744063356878152
0.4309649559923454,-0.0726520131882723
0.48519159811728163,-0.05512326355401498
0.6298902083715598,-0.044527082107948535
0.5900961507457061,-0.06390638679460015
0.5124909737342269,-0.056234335385316636
0.5031127594974751,-0.0538196687844793
0.41119434211326933,-0.04265955603443694
0.3167909333753378,-0.08308954653030165
0.19249466384225622,-0.10760748628979688
0.6472343190570442,-0.06604162866391539
0.8213227224416983,-0.051120624068755616
0.1849206158125789,-0.0714282362679175
0.3339081783824971,-0.0703212239513763
0.21086077710733275,-0.08901904288197593
0.783873566688998,-0.037050257957986776
0.5330880116847048,-0.08525425993578051
0.3638923352203345,-0.06543933187533457
0.44158145067063814,-0.033012360081750125
0.562528924583019,-0.06478817337685094
0.2866604000356794,-0.06038554483175418
0.751018073982807,-0.03500257720572797
0.28959252929182955,-0.15457539562615152
1.2418887179553204,-0.06323857209473283
0.34004151747289146,-0.06120293867552018
0.33925403538347365,-0.11774371776172321
0.48629875204855444,-0.11117622767516588
0.2232539133749829,-0.12314823575048772
0.5762718566685123,-0.07390676828951703
0.5370186912694646,-0.0378084643361597
1.1544487115567965,-0.04048345266699116
0.40979678725441326,-0.059594570710911454
0.19381435153799775,-0.07037583632565969
0.5254118849831533,-0.037864141269282725
0.5322866303271063,-0.08384666915895056
0.6274400751484488,-0.09333548268091107
0.6285413831434872,-0.04574635859198195
0.46371465127962974,-0.09501761271886067
0.8912255416684645,-0.04632142383724969
0.7638233850109277,-0.05295672875046753
0.9880511399934655,-0.061497990286280224
0.5003099364255861,-0.06212562121968335
0.3668882199350534,-0.0989351608798219
0.46105066736709266,-0.07370731060171387
0.2935233948132141,-0.1274843383972707
0.7369239800673619,-0.06040708958247354
0.8291378053576379,-0.030126915158280143
0.810598023713796,-0.043125339465693746
0.29159567441250234,-0.10235839580960127
0.4564557619665113,-0.05397988192772751
0.43567510921162445,-0.07130448472801187
0.3254127461724965,-0.07891252270304483
0.39588676783584176,-0.11592184179848086
0.2462965645158921,-0.08484199721650099
0.3644238897810568,-0.09104296473822027
0.30810219088654556,-0.05179927690794983
0.9901615888524689,-0.0589693474276578
0.22834225587453338,-0.09754212601402468
0.14512374045131393,-0.05566908868762466
0.5371748368237768,-0.0835055479753678
0.37584415533786886,-0.0648428350874668
0.4241625637224309,-0.07710802298592545
0.14405203478484907,-0.06864434488981719
0.3178467333102106,-0.06737311448170114
0.7028394258080859,-0.04213274400906697
0.41831441873120645,-0.055527242102843544
0.640648387542418,-0.056417760664551175
0.7014477437243325,-0.05635161061688232
0.10659518044958594,-0.07405074881062701
0.2182615311843379,-0.06773780311056199
0.8120909890816534,-0.036372251963598834
0.700556883449754,-0.16463414162147127
0.33696323758821967,-0.04979420190863182
0.6264909004761277,-0.06656095688970332
0.6227416342011332,-0.0493150921648563
0.8117508206738331,-0.04922858735743685
0.8270167802358188,-0.040481675300341746
0.6941938647332095,-0.03560902925234832
0.3960828127829632,-0.03427350441971644
0.19467578301418587,-0.06282266319803098
0.9185004659829692,-0.051879664302480255
0.4770955934867833,-0.07963062925290532
0.256554341603753,-0.0652707069051166
0.5480234673053639,-0.038054310482648845
0.3821713882163873,-0.06821095515235875
0.654782205941753,-0.06212971969213665
0.26552130701059284,-0.10497050225702254
0.48599121635059195,-0.06722960513968113
0.9257435206054805,-0.04966048520410238
0.6848171324771242,-0.05311328297226736
0.5572903494611083,-0.06289894018238196
0.6079144089281101,-0.07003980388772679
0.2905141346898328,-0.07668655334862728
0.6824251306727878,-0.05867685566725467
0.1500153572444023,-0.07129082717443114
0.21193819847660222,-0.11292226697621333
0.1601801391377078,-0.0978674570723117
0.4594916930880888,-0.08907146810912037
0.7877831702105622,-0.04862774962409622
0.5164712495219128,-0.06962790224554527
0.586224923880148,-0.04582257793727906
0.034552597394791995,-0.17623320397700415
0.29385702075795495,-0.07974934576078274
0.19505572245314395,-0.06013607890944794
0.7042902503559636,-0.07004036717597684
0.2576168943873398,-0.07460597313384343
0.7135242342844994,-0.07161768335441854
0.5244093525313422,-0.05506000899626662
0.1439902324059792,-0.1338925151069026
0.38262376908503093,-0.045637262486674546
0.7355941953688299,-0.10759005655691967
0.27165778721322864,-0.07480577442049852
0.4176208108803239,-0.0985244285785174
0.6268386748734542,-0.04631588325764813
0.1494226835170458,-0.1254222263382332
0.6619007396317249,-0.05179369487842389
0.3221815932533396,-0.11980989289108057
0.3452288941810089,-0.07040020563052707
0.3590610873592086,-0.05286856782111293
0.7858563343550591,-0.02722783531941031
0.6967167008707309,-0.038827353452001945
0.3948181490429714,-0.11020823511402422
0.711880260120759,-0.06644710646959473
0.10338951418440301,-0.09187479854054514
0.3685203772630794,-0.08928765422711027
0.21139454575350514,-0.07133934764123018
0.34123188710901053,-0.10650819207499462
0.22415566352973304,-0.07435672132604454
0.2264734785850453,-0.08904700455400805
0.2656765408343087,-0.15122081753800665
0.5910524644541333,-0.09955597031706909
0.19725066177912254,-0.1096790729981102
0.4335663444064797,-0.06127314734307865
0.5936149705670288,-0.04226450698668216
1.0383836341399935,-0.039568753560209946
0.7372376896811448,-0.04365143826963325
0.7823271554282429,-0.03645295987390407
1.0273378684615389,-0.07321329209195993
0.3788454107664079,-0.046867664506727635
0.6027271844451101,-0.046832008395139346
0.39758088608625375,-0.03678650847323439
0.33293078265233644,-0.05578059282791792
0.3553948504759459,-0.03864357856870859
0.6122805201307897,-0.06804383127289548
1.274988688608897,-0.04131293430818761
0.4172743262724372,-0.05599817829151155
0.986871608890487,-0.05905552569227479
0.2419768595615328,-0.07611978223314653
0.37747544264086796,-0.0685247495532304
0.4481322362883393,-0.06441631354876509
0.582768499978682,-0.029216018918148512
0.23396993502203656,-0.07091364831724067
0.31188103384262034,-0.0583631806746977
0.3047334376407551,-0.09980972824051237
0.8068892136047465,-0.04803089501026747
0.725175964185959,-0.06908987608345829
0.7148557538147682,-0.044620586828760245
0.3489815435751562,-0.07779531204179402
0.3069379186595167,-0.06628839897337957
0.8243134946464787,-0.052784599984197156
0.22957069595237956,-0.07482757408374596
0.17262026273262032,-0.09790413566297085
0.5680656609975068,-0.05856764011412319
0.4168415944621573,-0.04052266734831367
0.321658370195145,-0.04506163208320024
0.44046125054103125,-0.06636318111600203
0.6888721185012106,-0.04690481537604341
0.4682909385535754,-0.06552551899179293
0.1803303245107415,-0.11705051474749406
0.15267045214631003,-0.0783996275916119
0.9987653329201924,-0.03721174031130725
0.3115592733918695,-0.057484129629923886
0.5562966148480712,-0.04846805685489186
0.2264032055416767,-0.07690077403188034
0.28696182241073176,-0.05374997084055455
0.3291582416118064,-0.0778264453646269
0.21951653565075824,-0.09528817311276006
0.3685552554323026,-0.05869949658083795
0.5003501252167124,-0.05268334798181251
0.4388934345495461,-0.08997444451046221
0.5295375461082872,-0.04804872428718121
0.6156873701511081,-0.05864435983025218
0.4736981202953694,-0.05258674604969715
0.640892658635148,-0.06916075244711839
0.753546307277287,-0.06838432868733835
0.7087473433032978,-0.06942144637220649
0.1300466687002797,-0.13993111971915517
0.37596523342213506,-0.07639351117216286
0.5663198239073948,-0.045233453368187404
0.45202876635252176,-0.04392742135864125
0.5191058992897508,-0.08904177836833549
0.7144872177928125,-0.060837130162581854
0.9443354596877864,-0.08646393803362717
0.6504055453296604,-0.06663810869326581
0.7632228313005258,-0.0507551833467923
0.8967431606501304,-0.06078345812281927
0.39046584467499557,-0.036124509887255574
0.3495343996183693,-0.06521459786643313
0.30987581577313383,-0.07763928480830173
0.4400427260226576,-0.07403167654786136
0.19223590387476674,-0.09027735979770768
0.26088400438307713,-0.06476429234335701
0.5301126628309818,-0.08541606466782325
0.4096905319462911,-0.06940018092689915
0.6215076033104838,-0.0722601760356888
0.10641010965473119,-0.06288801419460044
0.08266951501061648,-0.05720621662053649
0.7265756872814981,-0.0413974443979267
0.44622466171203223,-0.0634917522283528
0.3388991115821429,-0.06625767530217186
0.19511940589835164,-0.1500633067652365
0.6182139001241209,-0.07327523553905368
0.3268465912525478,-0.05130173006300798
0.3606319652825434,-0.06473560240262011
0.45863265941029074,-0.07237182998531488
0.47761243058158165,-0.04980390623874198
0.5099178034525123,-0.12813096813960434
0.452145067334613,-0.061698532668993944
0.5300559963050686,-0.06115847969156829
0.20648619623622566,-0.06252907882793068
0.6601425810090995,-0.05142824231133447
0.5025606204003767,-0.07321991890442192
0.3087508236643799,-0.08565134421777032
0.2869529691520205,-0.12026144597348609
0.43752208786427893,-0.06064451801423831
0.1342534025503037,-0.07987722456272495
0.564664997255464,-0.09263508699974743
0.2517789625908138,-0.09014791922129561
0.8987649865348122,-0.027669708329634113
0.26871408410005304,-0.06159781903506456
0.2647406783421422,-0.09064941405436755
0.45700248788402753,-0.12902878577734445
0.5504150383377395,-0.06902436590493599
0.399161879438507,-0.06573870086453404
0.9689225926746665,-0.07487792234238799
0.35475656665793265,-0.09665803332426548
0.8318548305868481,-0.045448803670383287
0.12413929609241015,-0.1248580188910936
0.5072122183488426,-0.06949808952052461
0.193005382145375,-0.08113569230153517
0.6379119101134021,-0.04716404355231196
0.17282081954763107,-0.06586937832336714
0.2161232916685507,-0.07611132486468719
0.1927838267646813,-0.0532022915986462
0.450367326996886,-0.13800681345926047
0.48287993565857423,-0.045624881796432204
0.9676477147581399,-0.06587825104110678
0.5404313966058287,-0.05264007165598994
0.6015085008224628,-0.08977237185345543
0.49162242400695044,-0.04419851679232367
0.611103936527928,-0.051706053361899484
0.3429650282288488,-0.08186060273847107
0.32741013986341905,-0.09123434264301988
0.8387896993123916,-0.033167683478783516
0.7518721367967125,-0.037979798164884726
0.3734443825702358,-0.07037354408416441
0.40363518384374597,-0.082426102018066
0.7189574446142171,-0.07326649523459039
0.929022367535641,-0.05501617181052276
0.33601798025914986,-0.06405899218904743
0.30670711477166446,-0.07337968543841011
0.2956628398567933,-0.07361799350892806
0.1086235233035151,-0.08043268210588461
0.42996907322852196,-0.07654359695947444
0.47519960471797584,-0.06887279331040386
0.4275880718241891,-0.05956222914445353
0.35978370133585424,-0.047849640308980756
0.16531345653045615,-0.12050534797255041
0.46898439290593985,-0.0661150932898592
0.7537838269773958,-0.06616216461427415
0.5310863285985394,-0.058455483382346185
0.25506668304643965,-0.08487534856820222
0.4124188310754737,-0.07961514307248285
0.2727261912827863,-0.05758019756206978
0.31262240751435266,-0.05846884186648027
0.6467804379959596,-0.05131245764188397
0.8476901803868235,-0.04234548216202716
0.24018121930708314,-0.048193163502229464
0.46715334151689114,-0.051929969680156285
0.5251675939400697,-0.05406188575714288
0.16797156422584236,-0.07754331585059493
0.35797290597745546,-0.12111580395493526
0.310343790097358,-0.06748399284069606
0.14963950777958823,-0.06630661988754039
0.5956610648795393,-0.08668360073945813
0.5843721848410923,-0.06957502228539536
0.9338711231289203,-0.05503702849911085
0.0996473802986344,-0.10071885833301242
-0.03813604753817401,-0.1994958923701441
0.29005941001936697,-0.07295563636190738
0.5992128729969963,-0.03843875653973561
0.33616431368152266,-0.05297925908665535
0.3868732712074039,-0.04765253666798319
0.18067316163207492,-0.16655142159882097
0.4119097192863026,-0.07999959589895922
0.15599786213698041,-0.089533651086389
0.3591362284342141,-0.03902086269872429
0.8389601913842608,-0.04216930069163338
0.31427307334773547,-0.08763968106171516
0.24015498047377926,-0.05881725084844913
0.7454209066420077,-0.031544676729948984
0.33061480099701757,-0.053434629575549786
0.19880419727502296,-0.055063839060063735
0.1473338217606226,-0.131351263037088
0.19861705141811825,-0.07916727965900827
0.3899456575255602,-0.047651926490268726
0.7803200021878707,-0.04602680503815426
0.539677324062384,-0.057176181676995785
0.7181062813067152,-0.051829402409711345
0.6095458559584772,-0.029179967645959537
0.1874377672920009,-0.08244723938163878
0.9897093137137747,-0.03163350916290708
0.46773454772555145,-0.14134879671428646
0.6270405644315862,-0.06928160391635041
0.37805496120842363,-0.07546287847216471
0.963699467380638,-0.029828714563656433
0.10908839789817226,-0.07550228242374102
0.4762811186899034,-0.06416883916891158
0.5796723073328589,-0.08668272872462157
0.6423923683787938,-0.05389268394969016
0.5130040410287431,-0.056966175261743524
0.6915905209580824,-0.07170628028886061
0.21991341892638006,-0.06404718812027188
0.3564911833049751,-0.0483299070125367
0.5493039787046334,-0.06571921621937904
0.4347414071044091,-0.07742102045277943
0.6928098033868242,-0.041855115084716066
0.5038866867719289,-0.07387012283177163
0.22325166014901265,-0.07580837027722065
0.8001936655352466,-0.03983480941250206
0.2878718890364267,-0.0681326306925022
0.2626151349454364,-0.1030571133392213
0.36243965580762527,-0.05110147048032021
0.9320147529661154,-0.04674400154518843
0.5676074817926533,-0.05553110197491007
0.9276072791011456,-0.039738155454729474
0.28891435920906217,-0.05823730894167578
0.5986959895528039,-0.08645019090354067
0.5529885257587686,-0.05058245895165392
0.5153839750879041,-0.13026234220407018
0.7263403787252793,-0.07123086602888695
0.38739893235864753,-0.07799092791657014
0.2624821910631534,-0.12618767591469116
1.0801719070358486,-0.02762947380246128
0.427003384376196,-0.08094411201726981
0.22060906556737625,-0.0909916351981448
0.4716982358368669,-0.059486109209500815
0.28932282906342555,-0.043038728717230246
0.9126957304958632,-0.0413477233738031
0.47484297482150595,-0.11293284752569965
0.3479687819291468,-0.11106393464778896
0.32429006330513754,-0.094723479517143
0.3684711549807893,-0.12920332873020401
0.48022677237269895,-0.06663762701855003
0.379201971763125,-0.04470802241532923
0.39967241647899376,-0.06567610589971262
0.2855338631637303,-0.08757169905998685
0.36840344917283563,-0.07964300836886651
0.8233156354482234,-0.038841785062375234
0.1536726909830437,-0.07666371498067981
0.5857067166936296,-0.04441836211688732
0.42313557588085526,-0.07408640264968869
0.31711766775752426,-0.04227335541437938
0.6137692504307877,-0.045518314282297356
0.3472509105150552,-0.06934228092960792
0.5365285903606007,-0.07234833381853434
0.6362961894566872,-0.07071592405236282
0.49218286570300407,-0.0571935073123464
0.7773973350237169,-0.047726383578995835
0.7103882073014167,-0.04331416252575715
0.6478182774279106,-0.06849270082567316
0.17344029833079722,-0.16939718449223196
0.5876099374520038,-0.06986143451696702
0.7519578860648504,-0.03779443665371607
0.5512061555282606,-0.04994755564749109
0.38824933712873344,-0.050041116966744514
0.15496849433289928,-0.1240324307500148
0.374770411463494,-0.056238283146350265
0.22451718689871125,-0.05581149149070708
0.04805382185438889,-0.07407691526251736
0.3987647486325272,-0.06719508796815143
0.9281717827445413,-0.04806378638688691
0.45561825075236895,-0.08236154140353469
0.8294543985810325,-0.04554329156044257
0.15329369647527447,-0.13511323985852663
0.1867191642969359,-0.08999518179218657
0.23904846086447185,-0.11944323218381037
0.43492998506239267,-0.05293264197606151
0.2655027876512823,-0.08597285424660672
0.5641800734111815,-0.04949034177433376
0.2704655539975769,-0.05874549927163586
0.6481003389737174,-0.08663709926957874
0.3125509511203497,-0.08985818166624804
0.6593537716101743,-0.04201461228129455
0.593054100151962,-0.07570315249603599
0.7607343173508987,-0.04946775753717736
0.5679247156444751,-0.039403697703610296
0.2361296248459277,-0.06492560591419527
-0.0007916336184018435,-0.13238478348569627
0.1458217523679195,-0.09427375508903979
0.2733936826882264,-0.13201342544718275
0.05534590621658131,-0.08322169722633099
0.3756673449602641,-0.03847757537810281
0.5223128684756118,-0.04090451749307977
0.17596329139648637,-0.08880965720842293
0.35889659463022006,-0.11294213734772574
0.6867014951206969,-0.059186354686568854
0.3506916622162266,-0.06032967647812959
0.8912011863272271,-0.04491209448915379
0.332208031420139,-0.0737167102947004
0.47878538676805804,-0.04695432473648209
0.5491999241072838,-0.08281043096249463
0.7872689692440578,-0.057151151508296194
0.12966920087064415,-0.14238260748059628
0.2515903513693274,-0.13426524701238585
0.5049444482894239,-0.07886802085127465
0.5136377655286319,-0.08798185474729647
0.30939547008321466,-0.0638320400461655
0.3304820430746094,-0.0728255101757409
0.5946001741181131,-0.06867626905923974
0.7628760717202767,-0.03025094945232154
0.379867862319222,-0.06293008584802462
0.41927249266119015,-0.05516899388699492
0.31992165509766135,-0.07218792224188875
0.3676228226158571,-0.09838669858246485
0.4195428392960521,-0.10762780041985687
0.4385160499546641,-0.0739976176734537
0.5191411689912142,-0.06553119834210275
1.378892778815766,-0.04872031369539287
0.15432187212029702,-0.08246305571845347
0.2139083550302474,-0.049600501371319106
0.22668511046385675,-0.06698634944923265
1.1896889788559473,-0.05635339677023854
0.16792701587736936,-0.053605038503584335
0.4056532985097572,-0.09424098084065535
0.38431242984922576,-0.06091946500345258
0.5067751009465018,-0.09086749780524572
0.3193707061691604,-0.05097719349619878
0.35794988301008956,-0.04816939084387262
0.3174606931197159,-0.09592298251564768
0.011200373737963343,-0.11259608084250594
0.4268875686099767,-0.043244947162927705
0.5568188480274554,-0.052160060104600725
0.3181616113228207,-0.07851623290599563
0.26455714837672506,-0.08941539324640135
0.47605914488307266,-0.07727672539026831
0.5100501689501347,-0.06755337488670765
1.0366308439647844,-0.028816465401201863
0.3016763764157331,-0.09201241708793606
0.46412721395549106,-0.03830827541465143
0.5434286270391138,-0.04386045143571338
0.544550724438547,-0.04697228865114911
0.5731367849241855,-0.09495071347970852
0.3479159275378316,-0.06227702813339209
0.8017523926471537,-0.07405536783699807
0.7297910263318825,-0.0412974171929642
0.7289690991151614,-0.04104372586723992
0.30202755615009824,-0.1474015433968372
0.48637018443409574,-0.0713541139225915
0.44930900009732544,-0.0828032394326007
0.5371690068875306,-0.04330779136846319
0.2993692515765398,-0.05744685139233319
0.8678319754197159,-0.0430070571715353
0.17757455209089934,-0.09535628882272185
0.2282545946489558,-0.08978215340792595
-0.0013318877406198748,-0.09171074994917061
0.4367565337854016,-0.1841634232451611
0.7554807700179831,-0.04709519030004472
0.6005569794596683,-0.06201718642184473
0.43929887316105654,-0.06105337613569439
0.5883444963901776,-0.04657197976923377
0.4774292209533735,-0.04877794924093026
0.47655122873166955,-0.07160805337216514
0.4025611188285323,-0.04963668822613754
0.15886336893858344,-0.09186149445517766
0.44763051855292013,-0.0784665931570202
0.0778751839672791,-0.09837303663414176
0.3534886534669064,-0.08942939338790967
0.4231363637700041,-0.10399427812356032
0.16355718976040867,-0.0698208211682072
0.19530644891233861,-0.07997984940891967
0.3363023593048804,-0.07160515121161692
0.5827899915217556,-0.06220534760667651
0.6520030038252771,-0.036326034440014365
0.3880220050144505,-0.06546296513875838
0.43144317746584115,-0.036916085276247124
0.37544356312736693,-0.07265965442716671
0.31853305305565627,-0.11381348031780159
0.5859139549691106,-0.044665278133923514
0.35863524246145206,-0.07221346986182309
0.4903964373141789,-0.04539665728108355
0.35779424228708123,-0.08652929573551715
0.37147091549082356,-0.09171312054679326
0.6864560458855637,-0.06188354486184844
1.042074975556318,-0.054801349900889584
0.27139490843858805,-0.05784086548575085
0.6079924574910711,-0.06424638515578185
0.4377347937620846,-0.07628069213802324
0.1225609915660153,-0.07990630207068761
0.887247088681437,-0.03957764329309987
0.578503129993786,-0.07149476640163921
0.21442828224719035,-0.08031772940015347
0.5244001034827168,-0.08147357453460458
0.5181868095392717,-0.03985897769846569
0.3189854262614451,-0.05948579092051165
0.5912480601308974,-0.04306544566237003
0.2349486720309879,-0.05868989179398654
0.4606918576814565,-0.05994481907422622
0.21957399877328587,-0.06347889746526703
0.8213181754622949,-0.039986536669705086
0.1516061840604621,-0.08753744415435216
0.4406971742294794,-0.076148267729919
0.45465502094810106,-0.0689977591785873
0.4945774412727262,-0.035403155327269564
0.5363808749995065,-0.04260171248199218
0.6109242553234524,-0.0764839045574709
0.02477981598080259,-0.09320871034394007
0.3841017748034432,-0.11025739859314765
0.40182169149424984,-0.042774150380139764
0.40814202042607084,-0.052456076652658945
0.21420151121390352,-0.10645082882196277
0.6461147115795411,-0.07915012079949413
0.20187722570137967,-0.0562331437054866
0.32167985472515115,-0.06590155566868161
0.8698043193396909,-0.05424868727604659
0.17115059498886964,-0.06264742732476658
0.49629404606711414,-0.04244886647169166
0.38961829845154927,-0.05884717769126113
0.5795966468928886,-0.047797109104716684
1.076711351078675,-0.03613001961607609
0.08052269798496958,-0.11259648704094827
0.35066905042181795,-0.03694106132588004
0.5063491564683369,-0.09379337346511807
0.34781929393014943,-0.07040907032920207
0.2735569552818542,-0.0582406694961175
0.45321191505082536,-0.0607635745243702
0.847700779237307,-0.05279684411222274
0.8348230490351243,-0.03223818500323039
-0.017831827650434007,-0.08576220584498928
1.0913404649274776,-0.029543079227577818
0.1088031789258892,-0.0652018370164843
0.42853384609846956,-0.09690152947598396
0.8035115350817412,-0.08478682746698751
0.5621200221058751,-0.05871729493336164
0.5147068946267621,-0.029096418013978553
0.4349391780009715,-0.03201595036911686
0.9347505951779966,-0.063380998313462
0.6922207620088179,-0.07889585125816345
0.37638241933383276,-0.06108611644701478
0.1689254268118534,-0.09179763741210312
0.08128091517093217,-0.0906135258321229
0.2560409882738617,-0.06466286490557083
0.46713007925264227,-0.06404469666540313
0.913423275221575,-0.04501498080235722
0.4777757386103405,-0.09350267657876432
0.516486961090183,-0.04613396927683133
0.13227300103240713,-0.1064303490979448
0.36650991444332437,-0.09877135402960069
0.7801773351930177,-0.0835557870343725
0.6481936438342397,-0.058082908736605376
0.811555251183971,-0.04367877619950433
0.3273777247313643,-0.09180728477093036
0.579351289215394,-0.08516282987806423
0.2581516599784084,-0.08431558935741035
0.38992800178022247,-0.09493108323953536
0.3120484807072579,-0.09581728641210974
0.21689958940269816,-0.08726908559300184
0.4228169829249473,-0.06627106556172913
0.3708895006250872,-0.06157048209552496
0.6360972517192585,-0.056745073034134674
0.3936139605922693,-0.109343411049721
0.455046268292048,-0.03244978149668132
0.26697819216965946,-0.0929764546574362
0.5452769498938868,-0.09978828589468636
0.39510748964789544,-0.06256542954912592
0.337968920019845,-0.1562758727002168
0.34966011575756584,-0.09547975099765194
0.340104296492989,-0.05096803286330409
0.6013587488596339,-0.0908172381952792
1.078036051724233,-0.023204713070572036
0.31343425851175555,-0.05991937042943063
0.06710622721462411,-0.12699166691553865
0.2414213175635953,-0.12337009668326837
0.5812837703079099,-0.04954404439787208
0.46216623029036175,-0.06476254338176013
0.47058005248391477,-0.08533444743863727
0.6079526476059005,-0.03754789211492704
0.5029191361203507,-0.05543613630842015
0.6602167903919853,-0.05322199409585526
0.2648421475434426,-0.11268792662845384
0.4411953354884208,-0.05073646372287921
1.0185988756520894,-0.03894089174995741
0.7578003567021603,-0.05092056691235802
0.49594627385153967,-0.07115316446475473
0.2678189673836795,-0.073369195003264
0.4136088780643128,-0.08674281221358959
0.49271745298058,-0.04159577180613416
0.4840874470403118,-0.04472477846840772
0.7847255393274633,-0.05345767762550502
0.39382441303187954,-0.08710168984422895
0.5974891892229217,-0.06316856907894464
0.3708600042681296,-0.09453615598670806
0.385121741269709,-0.04808071002471348
0.6956582143377232,-0.08011481303931045
0.3929862031694815,-0.073697887228938
0.35371817810289286,-0.0980580341826538
0.612544906896799,-0.060527916340506804
0.7413990127370631,-0.03889412067480347
0.2595998830325059,-0.10761824112197338
0.5068363024676483,-0.06847033795843227
0.40147653351111456,-0.10995533376528677
0.4901025201349498,-0.06584859753938588
0.9120146563426661,-0.04016328213453135
0.693561716342701,-0.0551752682990031
0.6432597557617508,-0.033538128975438175
0.9019985214801578,-0.04256440745929557
0.26779439070857225,-0.09198006778963996
0.6117362369671018,-0.059544524881032124
1.0244455213316837,-0.059802208447189864
0.44095447568577595,-0.06347617015559504
0.5262345295019015,-0.06066643738443789
0.4215103278442389,-0.05960716724041604
0.6119723517967239,-0.056376282506767406
0.47921280555304735,-0.07506755148972244
0.9007748512531621,-0.05360727570803614
0.2831491367832395,-0.04797302906599865
0.25439167724227896,-0.0826058005299053
0.5832053415447926,-0.035126072356607696
0.31530996297263836,-0.06726372558540439
0.3359965204893025,-0.11374853693088893
0.6490108789108509,-0.06354438832377862
0.6942829441542242,-0.043176881376616016
0.4143233270150213,-0.05458355148255467
0.36614947702894396,-0.05326801660935565
0.31688312440831945,-0.12015533392187239
0.42911273504701253,-0.08354395247543178
0.23851015698260047,-0.07151678630890623
0.6921028412794146,-0.06635543140969824
0.538074351468492,-0.06570832116515013
0.7262230632583373,-0.07259670499674442
0.4454992255170942,-0.1027831137553965
0.46313574256364576,-0.08998931082761463
0.6588196524006724,-0.048573554483225756
0.4132028459397954,-0.07597224466978891
0.5077490275930832,-0.04336661326242153
0.19707169111141387,-0.10606846536231229
0.45213571678562237,-0.05161657580319379
0.4935338029063314,-0.0348242020856907
0.482781704536839,-0.11054290228207386
0.7394838117787643,-0.06252289212247952
0.6593762016972855,-0.049497709039137194
0.6023520461883627,-0.055257527119611405
0.4900413483692858,-0.04723801773628533
0.5129681891277611,-0.12385484744506103
0.4986701794008179,-0.06076469125464434
0.5565439725274832,-0.05260778354440565
0.652701406145161,-0.0683547395850489
0.6408421259809594,-0.045103108743525855
0.39959830370915395,-0.08814927295903285
0.4662168738649821,-0.06114477870182655
0.30681183038300675,-0.09505593936489898
0.5423998912958037,-0.07822449950759414
0.36908058326589566,-0.07201279966371965
0.2069844554803717,-0.07146726359910516
0.3364068401127507,-0.09585697552465355
0.43145054355825363,-0.053156026750826535
0.6283356261226041,-0.049278809149280955
0.5568869853168774,-0.09062022385280444
0.9074835894854785,-0.06765446269620579
0.322270425000621,-0.05514691993814558
0.7056954183816284,-0.03674234101736207
0.43296481369831574,-0.04653638630372381
0.6547570140163241,-0.05894355230962156
0.88274954774427,-0.06386401478972115
0.4129947034457233,-0.07044557924772454
0.5927983965547439,-0.03936006956451821
0.621851014237804,-0.06731762689731302
0.3883365169434059,-0.06511963586313074
0.47703751051913557,-0.06208761606744617
0.21092043567955998,-0.07376206815973563
0.38509846631270195,-0.08050556998403269
0.8081124252007343,-0.08045118566165232
0.3202151095963146,-0.06972613725530075
0.4751414203682207,-0.0788318512879358
0.3469424835118986,-0.11544074554312411
0.699023018342932,-0.0422686126592684
0.6806083326357306,-0.06073750399828037
0.5238807908379988,-0.04566721474126367
0.14817383257789585,-0.08178552132982864
0.7694785166549587,-0.03774068760629401
0.5785698351679012,-0.07117814266431588
0.3917901701603934,-0.0643828060471684
0.5247089103263292,-0.054534817105508226
0.2996757258667564,-0.07148360014696264
0.7385734573642522,-0.04137069172554175
0.736624459825415,-0.07243270129849488
0.3322683295575726,-0.05579176319303247
0.8638428601002157,-0.03868063103303909
0.4800650402452562,-0.08088730328358229
0.29271477971782867,-0.04374837142704946
0.44802607065437994,-0.06587172252971807
0.4706330700544541,-0.07766937081570235
0.6806996822107028,-0.07115811558207252
0.13970785582496825,-0.10783198753437462
0.6584966526612248,-0.04992988850848912
0.5842224367939304,-0.07658207992920696
0.6852144724309241,-0.03933936809576688
0.11470778764373768,-0.08201512947118583
0.3071148204783791,-0.05343253963703121
0.6573880702099388,-0.09151473644544539
0.8607448277722007,-0.0572600969597068
0.5113497274310153,-0.07911080144747329
0.3924846946802929,-0.046509170866969374
-0.06878113766236227,-0.1331137335589172
0.5544820496424385,-0.10212926414596024
0.8858717771892071,-0.03520761652937776
0.5158522710647464,-0.06608355964659585
0.518503561348509,-0.05909280758649926
0.49998428466290634,-0.05290716204607748
0.14078448193718218,-0.12379630329022084
0.43530103662551345,-0.05655444806289711
0.40300765975009,-0.043344299564438526
0.45993713743019327,-0.06989906126052614
0.3832118150678807,-0.056106306297762365
0.2952737090969675,-0.08649675947824831
0.6480999138935875,-0.05860893029180814
0.7927207594569148,-0.07862986535906746
0.4852921726186865,-0.062297072658058616
0.18954674519114412,-0.06311605832029765
0.4402900480687437,-0.053819313388475454
0.36375470159810486,-0.10258407665240976
0.1725405137517333,-0.04828303247762433
0.6243181535023608,-0.05870091956088863
0.33325050397829137,-0.08736127663869497
0.6940946203080711,-0.037271468502730776
0.2813122405075603,-0.07463894991599451
0.2172646275511425,-0.09896054214372374
0.361437728626014,-0.04777752952588854
0.40487916900430565,-0.06365187451858345
0.5158201085518954,-0.057330645678611236
0.4908571189570894,-0.028816465401201863
0.4027493904575594,-0.06812723164429246
0.4750097990873734,-0.07382060631260878
0.28770520278286593,-0.03835002383515018
0.30128205877864467,-0.05769202207741975
0.45804553664288994,-0.04604967237457791
0.23326876615196523,-0.059278239683138834
0.3185187164468579,-0.059080286357684586
0.17421874662562775,-0.12488708031482432
0.4081076395393115,-0.061469303893921245
0.8741110002034587,-0.09609640577374001
0.6069669840921925,-0.04229548208340206
1.0358812258512962,-0.0538619743733455
0.7771849963927238,-0.03785429296918197
0.8606205025662097,-0.07069729886473819
0.7594993881892707,-0.03760073723117385
0.34857734828919074,-0.10168391507826424
0.3840785771050135,-0.09795103882187195
0.28587859346777944,-0.078044484957983
0.2531557232581567,-0.05951240165776772
0.46385728422993333,-0.043929276279465634
0.36356487867753096,-0.054296352438330864
0.44402012810951663,-0.06828985962879353
0.8497630564794996,-0.02528562458587358
0.9350581878532576,-0.034990215945456704
0.31836842212767524,-0.05369198485131477
0.6528969260650686,-0.06278552650867308
0.23473884416864021,-0.050959218987737254
0.3897974243615605,-0.1098457024688616
0.38387416128458574,-0.07490432326700125
0.43010863249441256,-0.09019055924483088
0.509898963121356,-0.08152907136360887
0.06439931437158997,-0.10314110211442473
0.1713584642748467,-0.054255248142441204
0.5056355247522106,-0.05644595323030688
0.4349908846119239,-0.1108294816384704
0.7577334510158691,-0.04541986683398491
0.15638724092399237,-0.10166914306437091
0.3036600559810281,-0.055100119203628894
0.14994586105497154,-0.05931583986561062
0.9812607469304842,-0.10674260064986252
0.5372061752785169,-0.10620805032883285
1.0448560643994331,-0.03314544858341306
0.5279460548039565,-0.0800652512218375
0.28801550588056357,-0.062231287483867415
0.15451741629166937,-0.1248651246260073
0.32386833564081385,-0.07821433195173821
0.3845408989457968,-0.05756634231327873
0.2140846993499803,-0.07285934143591599
0.2582699400575392,-0.07894895180168549
0.9419947809936018,-0.047607615340229614
0.6305779335068318,-0.04590486847589115
0.19637198023736313,-0.0831789331212377
0.6737663950399926,-0.03766773897972231
0.2546814358864766,-0.05876802192771513
0.564741072532472,-0.06287832271908511
0.38931899282652327,-0.06558329292036758
0.145064179103519,-0.11219479432987955
-0.014838569384077127,-0.0940684302557927
0.6548976807338724,-0.06563452864189312
0.5250117199471596,-0.07555365256239721
0.12751364767881657,-0.06452288976009113
0.40438047504904606,-0.06357484143986902
0.6598388606380803,-0.05750879887033278
0.49764322636907354,-0.08034416305236003
0.23779333239770106,-0.10100071705963498
0.3763436104609488,-0.05015078395300154
0.7144697563898146,-0.024112535558242665
0.298196975727953,-0.058730485249754216
0.3797948146293748,-0.0546402609651403
0.10174647164380213,-0.1228116949098238
0.5333532520503028,-0.09148049579124828
0.4779861795380518,-0.06648727503314589
0.49892137777175893,-0.04007549208330574
0.4566698608065016,-0.06570287038533862
0.4638435400667278,-0.0412446181110907
1.191189555537104,-0.047622550532273156
0.3763929148801801,-0.08759348861812633
0.7447733668424377,-0.07410144394639029
0.4882938198588349,-0.08111813177216864
0.45144615962081436,-0.06583641948546326
0.47845343020894227,-0.05300812674733413
0.8139225494351026,-0.04983105380583608
0.04999839470830536,-0.1259489672876153
0.35756075446027635,-0.07574968040510055
0.7725599743632559,-0.06534600238910149
0.4085544011856588,-0.04992988850848912
0.16691414325602505,-0.05289344176558852
0.19852960189533753,-0.052291932231932514
0.4768848123674081,-0.0784900855877596
0.12229234903351349,-0.08472244524807404
0.15715235968941554,-0.08006093387543356
0.8354338255104903,-0.05149227176213378
0.44173626790803655,-0.06348183836400167
0.3550143158169179,-0.0692485827319198
0.42449706171044443,-0.06909522797620793
0.21637123672846492,-0.05853906539082576
0.43489722423512767,-0.07142866949570992
0.1740088601488854,-0.07934592186684986
0.23622407491065922,-0.1174037709065876
0.5630799700086115,-0.12934893329079244
0.4393270726923941,-0.07014774202392204
0.5804125914688938,-0.07164726596591542
0.891588261197843,-0.052744255706399734
0.2859028452979864,-0.03210572051434779
0.4573339714493456,-0.04833344486996505
0.5066636831164728,-0.060483487243920386
0.36147584431924207,-0.07726876721026765
0.22568372226659195,-0.10674201484406953
0.45683919803453654,-0.06975548074657367
0.585661403072673,-0.0710511846716948
0.521979016410703,-0.08140890845021254
1.0791274333670158,-0.0726244321049524
0.4752554588534075,-0.052208238299462195
0.31836066389157525,-0.09426478512691261
0.46142828122955515,-0.037539651142941
0.1455267464165093,-0.0780525382201046
0.36723818427025545,-0.07210580934502264
0.35316237061913514,-0.04830788114695905
0.7564939189437883,-0.04952737693852616
0.4330328297864572,-0.0588915534955049
0.6331589564986793,-0.06055567203667922
0.6254334824099641,-0.04292513225898309
0.7567637514926879,-0.06042547295467915
0.21309809291328952,-0.14017789292534444
0.46143616037809365,-0.04929082970118104
0.7576652263997208,-0.035642980857757633
0.7298771212303261,-0.029588826237418875
0.7038030489548806,-0.040967843896981826
0.28427664480571124,-0.07227625230207324
0.3209644942633165,-0.06706738992072125
0.4232109586218997,-0.05188457540811098
0.4788212440713546,-0.05917976591670393
0.6725112963308149,-0.06109718163616473
0.8138065138087256,-0.0800004863837781
0.11208675122314626,-0.10401071604943035
0.3654899942781298,-0.0571298944138765
0.44806612130770507,-0.03567059054148114
0.2857272843520995,-0.11090806352684124
0.5062770995133006,-0.07597744423854635
0.5540102608556756,-0.06297943695501673
0.22225326061691808,-0.11381049682553279
0.8676886308729497,-0.05167093156380398
0.8046549506070706,-0.06786932037169235
0.4762907365449718,-0.06728188356812437
0.43861610134081763,-0.059251902449219074
0.8647833368998383,-0.04611992044848301
0.9913397243482274,-0.03208529611895716
0.26796048531434913,-0.060569056103401575
0.7091657595881613,-0.07149970534551964
0.16460060345016347,-0.059827758009804666
0.3371817227887681,-0.056415147111511854
0.3195509367885223,-0.05779858757913503
0.321740093135892,-0.06311387844562877
0.4063977660414866,-0.06627023057248382
0.5577801923073482,-0.03801486091232742
0.4138773215217859,-0.06323317544556717
0.6745136931682105,-0.05426462775787988
0.5334593827489156,-0.04475320331170618
0.2529776888097166,-0.06555280396591412
0.9026479007545529,-0.054023986063463814
0.29433847247584066,-0.07283934488063026
0.4830759158635478,-0.05373740122402837
0.45941565482659996,-0.04853688387708599
0.6669237911453447,-0.031226708957075577
0.4640775366847487,-0.053921386856949804
0.3058483467931785,-0.07602481578895426
0.1556732241817005,-0.058751590573006274
0.15319702001125268,-0.11719323053805342
0.8588321415750022,-0.09503770456888272
0.2454850441794787,-0.07962527340752279
0.0027164819162242004,-0.14640987810921668
0.4083292288603113,-0.06344827026175115
0.884828703386239,-0.03292058837837164
0.6788355543748186,-0.06078247575249407
0.22568651630878622,-0.11442818352018491
0.6877085739099287,-0.042994514868558764
0.8741632633693432,-0.04764267560002988
0.29540625582576197,-0.1093633074728606
0.4443682942264593,-0.06046533577044644
0.468392968711687,-0.04002319753069916
0.1856824629935696,-0.13505300903347373
0.08185243725080449,-0.08758119688500998
0.23280183104910912,-0.10817743373739419
0.5076020282732148,-0.08194582182245913
0.6910051215642106,-0.046893422926880146
0.10334654999218995,-0.059431783792146975
0.2590550224273609,-0.05057466369877095
0.665670651449999,-0.045718806154780856
0.10833105324160153,-0.08765360705276914
0.28188849832733,-0.05635598187386781
0.3635756690808938,-0.10152638628973065
0.6695358592530791,-0.06353783471517993
0.14549258751068894,-0.09209820811641645
0.5740813851191651,-0.048165549252809914
0.3824468128481573,-0.08837603847240494
0.3348757521315817,-0.0983632921951717
0.8171865895018773,-0.04307162690221755
0.5952103638268944,-0.05848345435676572
0.3798686343347746,-0.07033332607144838
0.610395333670603,-0.09396192986766116
0.17405587770569664,-0.09442243086638868
0.3925605743460725,-0.06730504980406038
0.1413965977395415,-0.08742440182202715
0.14671921132532217,-0.12167451191006673
0.44627336971360254,-0.043374269681268895
0.530059566551494,-0.05799768658706217
0.23831311675515487,-0.07534172843340181
0.20748918377054637,-0.07280690868197937
0.763762755570675,-0.043578059890888476
0.17814717199286845,-0.10411088024283766
0.12226330454962331,-0.06673602687451852
0.6607307730038363,-0.07225401600127601
0.6208577480849606,-0.041405081875109606
0.3130181353171375,-0.07847206617812075
0.5741283567529243,-0.06336455950941688
0.38646674994889896,-0.060599919187006246
0.18010492844183057,-0.1542073440700924
0.6348375322817901,-0.04148829059584136
0.46938979502540357,-0.05494158429783358
1.057314795765445,-0.056178583957390615
0.43327220274074274,-0.13191585019095076
0.4779192739252325,-0.050960886427373064
0.16160322942533356,-0.0850531898071184
0.8858754468093948,-0.04114838664307052
0.5504308355720666,-0.08323280652504839
0.8533719044798942,-0.02794824048423883
0.6770824641622477,-0.04556697525094977
0.33233177787710577,-0.0798744451849498
0.793868082129856,-0.08982354839164475
0.6372502168597769,-0.051658022259282954
0.4561952127840887,-0.0709610353242226
0.5548574339854724,-0.08966277507630382
0.5520812075901629,-0.05377686236726731
0.22010711469239386,-0.08261335308762552
0.09880710881370436,-0.06547991180908908
0.5085764085544675,-0.10567323781624072
0.5861772709447126,-0.05653230943572918
0.535535484150502,-0.07291490755531516
0.3284618508481765,-0.06442755332203087
0.2896589840376269,-0.07886768028969648
0.7278195101177816,-0.03748060046373891
0.3626376610778328,-0.04961697125416675
0.755675903909538,-0.0972957280766078
0.5282359244591428,-0.1235471634703953
0.2462487263040145,-0.0999337191327977
0.2238168800047471,-0.055903078442858356
0.2900158817504028,-0.051041164733683364
0.06898678999986352,-0.07921455166360081
0.20611406184680559,-0.08516552535589139
0.1549565601390659,-0.06450839729266045
0.25137618262835937,-0.07862738762658672
0.39182744529996505,-0.12054111606697859
0.7005199903908528,-0.025613081148711636
1.0075614311418546,-0.04211498718053519
0.8667481346222505,-0.0457128576243907
0.6346900678642311,-0.05870907209294929
0.3467215053011903,-0.05321467198977026
0.6152906972605501,-0.06692761468068009
0.240598275664202,-0.08632130089387147
0.3024463519082856,-0.1166464506824354
0.45762010168530787,-0.042919465749124974
0.46168106982125745,-0.05283849441580901
0.36182642254289044,-0.05548424262836249
0.41847877694529023,-0.03464032258380734
0.6333339708186747,-0.04249276842622729
0.48628064366288615,-0.05060879431338294
0.5790493331086677,-0.05802500729760107
0.24883115604918649,-0.04472614375220041
0.4239180581436144,-0.07223171812842177
0.3563538291685333,-0.06700765554918853
0.1168080268882905,-0.09266803993249118
0.5673663211512765,-0.08026137539212608
0.5444134467622566,-0.07708033558928518
0.41652035237593465,-0.057944269062763065
0.3168330529515817,-0.05204148738532788
0.3331813819105378,-0.05595551967190249
0.7764622000719161,-0.06137560129902686
0.2003027134983073,-0.07071609093333053
0.2749964676122827,-0.0898576115551536
0.18023325207598195,-0.11187706477326531
0.8947834955320733,-0.05119296726292555
0.3091356614449263,-0.11868082573113337
0.646283672186815,-0.09065616618579153
0.36163495283953817,-0.07344003493205542
0.6301649207050362,-0.07031388652864212
0.5020036564247883,-0.07555732821942451
0.5391276550912123,-0.060708569721832806
0.5290286247272322,-0.053827432776688444
0.6921119937500477,-0.05537916267302312
0.5774494945933384,-0.0445407981746172
0.540958137965049,-0.1037996989542378
0.3071769775969051,-0.04935176141445585
0.6769172002936148,-0.044270578482431655
0.5391303461569763,-0.04676660314213288
0.2538745422692774,-0.08527136308531902
0.6421720491539187,-0.05028746363485004
0.26411560301008863,-0.10811116067865223
0.566516376641578,-0.05864431377049584
0.581161703738684,-0.03167058252130195
0.5244921150164674,-0.06150667414280431
0.4638401898959341,-0.10128208054699195
0.28885679185939717,-0.04133408433667185
0.5346367847372646,-0.05659726143472221
0.1373617829649425,-0.09693963136187467
0.2602037806032693,-0.05916155461513073
0.3837940011629484,-0.1025165317306016
0.3339591972290943,-0.10245273253818132
0.7533173089248009,-0.03749335321731795
0.5403017064377476,-0.041124981500327285
0.3666649883710644,-0.04378544929348127
0.6431836082377087,-0.047050265629668186
0.3601733924977626,-0.05230559360428122
0.37768090865923765,-0.09141209578353082
0.4142087909604151,-0.04120250112146051
0.4132510971580645,-0.053350825414706704
0.48393588695535183,-0.032097855372515305
0.3856786555211904,-0.07810234848617403
0.30728509134461146,-0.0651754600526987
0.5175831365784871,-0.09297226255702695
0.5267693940219524,-0.11231864067603714
0.4251894953366113,-0.05545452196024325
0.46232819836348593,-0.04503960471320001
0.6135667711028745,-0.06527261650286309
0.2124202608370065,-0.06141239833313983
0.4503714347771688,-0.05752411402386459
0.6029832443552439,-0.09134095106946927
0.5091531021986764,-0.06451192089870905
0.28713066179471514,-0.06791546715527763
0.4545092055057549,-0.07295497647442162
0.5645331259849877,-0.04359835697742542
0.7116410690813924,-0.0836219997111356
0.524993561135026,-0.04100588288156726
0.6374611581982683,-0.048932830381422154
0.5262572429778674,-0.06870968136204425
0.38427745742847774,-0.061525795211655576
0.9290332903293681,-0.030976435214267517
0.2993171092816378,-0.07253255992232943
0.5793897885356942,-0.051311254341497525
0.367601603401871,-0.055821628613788477
0.22461077488860592,-0.08488804140360995
0.29071211055016355,-0.08468399494773449
0.14148926382225735,-0.09381859973654338
0.3906542045151935,-0.067731867867877
0.27723031289378963,-0.11037921292590835
0.4535554870173588,-0.06214276137769392
0.21214205393284136,-0.06573013365327984
0.2958943914383356,-0.05694438896260334
0.45288700181878383,-0.03397128613609934
1.3518116050774882,-0.022087493626717247
0.40117391357599397,-0.1281039060963397
0.40469163227179394,-0.05698828881741047
0.5346477455180785,-0.07518790872010672
0.5868001006118375,-0.03575835224278501
0.26711975412174294,-0.07452841705420543
1.1239865399812068,-0.027739520757577685
0.5816833731187729,-0.049787263346757316
0.3824898403489765,-0.0899336070530401
0.5940001013828424,-0.03886687198598715
0.8188935945436877,-0.03449128214584429
0.5191328571614164,-0.04740095598951488
0.696755131312522,-0.05438400194856119
0.20292022637151153,-0.06381761312620327
0.5559157102681878,-0.06289354000988567
0.17996097010899037,-0.07995660089062595
0.5339382936962349,-0.05541297758639474
0.3061974902922835,-0.09180329146479627
0.3530927928121885,-0.05783884597036182
0.19058664689188354,-0.0638622293111557
0.889129575350109,-0.04430884803031088
0.5633335282499738,-0.054219096289941815
0.7905882101187094,-0.043697134822177075
0.7689092194810254,-0.03800829956257523
0.35354497356586934,-0.08484696276152359
0.44790190804684626,-0.07338109239107038
0.41099386638590407,-0.084185636087178
0.41067647960594367,-0.10107301995533546
0.3997382258119968,-0.05293048654168164
0.8036085631542738,-0.03310908782641342
0.530090269284949,-0.07419174270255102
0.5705354423568965,-0.06635513579614816
0.2851591437319192,-0.06524922999569549
0.8312831689891853,-0.03423074415686733
0.14804454969828584,-0.0912266419111083
0.21910392044408744,-0.08558735532188166
0.11022284326142429,-0.10214722005631449
0.3153760196915847,-0.07618996456797977
0.33568432207846644,-0.14682453051821864
0.34579183548849723,-0.12930225961335629
0.2517370340778302,-0.10661692247652821
0.3350869679726336,-0.10556855756691086
0.38850775419360795,-0.046751763018577974
0.3275311099167759,-0.07606620860293467
0.4695604373044715,-0.06596076765514325
0.3484959043599498,-0.1413752114237371
0.09936561617439965,-0.0959965083978479
0.7467931344206156,-0.08089268839257369
0.7536776461706947,-0.050625227597983824
0.4742152182434176,-0.05526323075020334
0.4239518107547655,-0.11484530742439669
0.854134418904932,-0.060926550337857655
0.5093846949571368,-0.07236860730970751
0.36519909753152446,-0.1232345841016832
0.6730961114791203,-0.042956058343313064
0.3413305369783335,-0.0675256674573258
0.638663358349238,-0.049475606979488496
0.260697854219506,-0.10933393042905071
0.48207189091939684,-0.04611143792010608
0.5834191082952702,-0.08682814749306156
0.5658889352194256,-0.058018660579815196
0.3862064948365611,-0.08090740467760693
0.6763883664373291,-0.06047273350899296
0.15326557612437397,-0.055743265663096064
0.8822498270811254,-0.033562303854034914
0.9551983837592493,-0.04716684829966489
0.2917100413150948,-0.07686229853317783
0.671484387736228,-0.06202941314151311
0.43927832899822716,-0.11022124752064688
1.092582657548117,-0.08227619640532513
0.565394284663258,-0.07307080416757672
0.44533701107966794,-0.06947057187189798
0.42802898211481377,-0.06197224112902777
0.3759451274263901,-0.05005904682657336
0.7675563041809439,-0.042810455848927065
0.5734536574151061,-0.08660719087386559
0.6021471659863846,-0.08918492455258875
0.28433509207925667,-0.05476841398449028
1.1765494933058824,-0.02092956842911875
0.7940356210375386,-0.04981912780335318
0.08416410498714977,-0.08048775644098582
0.33647431411285633,-0.05839822371229075
0.11192941329089279,-0.05975689020395836
0.41787362383337867,-0.08914011798619403
0.889477699241576,-0.04568861562886428
0.6185059715393328,-0.05415665886099674
0.2983956386772204,-0.08732078375082641
0.7356079591156139,-0.061018549660101895
0.13552107556476445,-0.07805569300403292
0.3010268146570749,-0.07539000240232574
0.6618279917478846,-0.05246889577490832
0.603505862037282,-0.0826616140658245
0.3609898837432015,-0.055949851738941514
0.19226812060495035,-0.0703116575121785
0.29447287029165947,-0.0796294607395377
0.3555640562074538,-0.059845503057388116
0.8332392153043715,-0.031075063333648623
0.45036936291350815,-0.1498063828864561
0.37155109645387085,-0.04443623979042055
0.3880383421679445,-0.05746881321169184
0.3750246107792712,-0.05100270261769546
0.7335680774909397,-0.06036116338623909
0.8968200844330991,-0.03875545494896104
0.44619850593030574,-0.077464489222693
0.616803337057483,-0.05547666471745705
0.20624565680394924,-0.12718659185112413
0.1789140881069875,-0.05289691039246891
0.5826359438456645,-0.05103212650016331
0.27596322142340335,-0.050524909226970616
0.5015142184134724,-0.08234949850483364
0.6396955288240584,-0.06822912360147293
0.7355588496679295,-0.04200569761123607
0.41929626019418476,-0.06391876069741198
0.38483316045112104,-0.06806720288401391
0.5187751294732603,-0.06729950826913622
0.005120134774515117,-0.18059000113187307
0.3869119501346703,-0.03689875049850799
0.23733786944012247,-0.04733327544753163
0.6345200906487241,-0.0257303859288589
0.20451075637297045,-0.07093045845806911
0.420800627806144,-0.061791730821806445
0.6828547400526594,-0.08699325190502982
0.4175964717242451,-0.0779984538072509
0.8971560459265921,-0.03095722907159104
0.39601716010990806,-0.056093350791923235
0.8545597806032588,-0.05026747553202582
0.6137757452017223,-0.06523441440184796
0.26808769935109433,-0.07998544557643383
0.5968910134589938,-0.06250135234996101
0.04339458653740391,-0.16180069651419782
0.5474790243532177,-0.049760402538946424
0.25137126677012533,-0.051749721977163765
0.17737221026410177,-0.05789668106842771
0.46743328894560277,-0.03227797586391401
0.5727964668234318,-0.04496555826949156
0.12095971296883978,-0.09143249239010465
0.5520374536826276,-0.03928728173487128
0.3499887901574992,-0.09467830726110693
0.2618426452245237,-0.05744921002121761
0.8053200715765936,-0.04265468903346903
0.8331604208162051,-0.06255573006680093
0.5008550592901273,-0.05422077070960629
0.6473585463053755,-0.04339468859618023
1.0089418681667985,-0.029700484214153722
0.3597968380075067,-0.05568062235353588
0.4579091840382812,-0.04053934934298731
0.41805427169924525,-0.046623838263474715
0.5978117030171666,-0.03170073404540552
0.7057470354299502,-0.04117571750177862
0.006977821684511998,-0.13530768136413962
0.4947802879088914,-0.03669300364195793
0.49340763760632056,-0.08906350794717965
0.6383566415026121,-0.11437377038382712
0.3298885889188694,-0.11215611703136519
0.16201666802748926,-0.072022726778746
0.6629751436466409,-0.05939450611388797
0.20721630917029388,-0.09071672483160875
0.6084828080464098,-0.05150726033018216
0.5233421871243384,-0.08170072509684567
0.1340430744310357,-0.09887871116879887
0.2960599865680489,-0.06500479313641572
0.3242426615731193,-0.07393669133293168
0.39298679149258575,-0.06744354341235725
0.4773631557493343,-0.045194891246163604
0.3407791822935211,-0.13544788733169888
0.8503074610292232,-0.05708736274762427
0.42084633589762444,-0.08492313361405412
0.3904399544431292,-0.09715704860492436
0.5214327553293143,-0.07694460387065338
0.6554919087534972,-0.06406967222165594
0.3630395876545873,-0.10279463882591922
0.26002591364623484,-0.04977328188588448
0.3087904660063352,-0.055019558109953515
0.3916460044842638,-0.06370964652712907
0.3275035899197465,-0.05514312071389571
0.6628952790960951,-0.05599918795905401
0.30810089732841295,-0.06845082206669939
0.35147326555615854,-0.0740604152192127
0.4969049981500657,-0.11482477222882037
0.7892612332509465,-0.044109751139072007
0.36580976151832156,-0.08185301832069503
0.30015388004636856,-0.07954529902201035
0.6915787002603131,-0.04201441005838891
0.3644328743925269,-0.13180454458579283
0.7177488258043037,-0.05727750456437086
0.49248933470846223,-0.06272998540136143
0.015545302864047983,-0.13104077559142036
0.4699205852867665,-0.07758719292233252
0.3329317586674745,-0.04490600888892815
0.3299883216294628,-0.05777518533962733
0.12385684960574483,-0.07706121540706112
0.6650235780952958,-0.0761569776548523
-0.01250019431443461,-0.1219975084743764
0.4835806047318023,-0.11028577769455816
0.25384370408174184,-0.0983740402614155
0.5727181686909903,-0.06428331207147375
0.5485840882149176,-0.11613710056181814
0.28886031595564643,-0.06179463511277139
0.7491773991763084,-0.03759617045183716
0.5534671646762024,-0.0723595460912585
0.24140960080402185,-0.06103655988096679
0.8647567586893359,-0.04085070241638522
0.7279718409362093,-0.04043623192807655
0.4708898294580266,-0.057265267646554485
0.8955294963688631,-0.035796317245781806
0.17303398093693145,-0.11862222481568485
0.7722540558647588,-0.04141202282560463
0.378879931692379,-0.048205169146908866
0.5430719155533255,-0.060207396856678086
0.2015022556470376,-0.09617854266905934
0.3620530257290051,-0.08671115827874898
0.8961683550128334,-0.03484014217684428
0.6285804905418444,-0.061395667610819826
0.1387094882637967,-0.08010139396880023
0.6363677918382604,-0.05198148481904852
0.09718284280889455,-0.08515746072856734
0.7585858614824004,-0.058549554116992475
0.5132789734991106,-0.06452304611867143
0.4034331393025343,-0.07218891426051577
0.5724289221624965,-0.054481299232742475
0.2635720190509303,-0.08112430727873687
0.48714707264808643,-0.09207620917372805
0.3857441683675331,-0.06946388475456922
0.394738854688766,-0.09429980555322937
0.7961967003744665,-0.04308855421894631
0.6129764342598008,-0.06060625738779013
0.5453287107901736,-0.07340314968603867
0.38740039254357317,-0.11768176469452019
0.7473836687288831,-0.05274832375293215
0.8563325074743189,-0.08897080726032602
0.5694555212697028,-0.06477418632138776
0.3284484563322778,-0.07173153642638075
0.20178413806074968,-0.05118027637861644
0.10511968612553435,-0.09089087980513089
0.3387146156185552,-0.10987237233972069
0.5157771716891943,-0.0871250216999997
0.30135647781360086,-0.056606068240098284
0.6777744358500797,-0.08497027604527174
0.1318406858090151,-0.04945948959947932
0.6832248978041773,-0.060071036805811495
0.5973200461168853,-0.06386484432264361
0.2642406035315068,-0.10383041255814662
0.3190592407833934,-0.05595821099560838
0.6599608599446762,-0.03730661011125669
0.7184188980662303,-0.04074910016147926
0.5762185519659864,-0.07071900276145204
0.2576239162944671,-0.06406140362116741
0.2814467374552063,-0.0560225523002279
0.29413638714015033,-0.07466968771566518
0.6843758625131384,-0.08221754569062945
0.9164164043401233,-0.08549815021303253
0.4284715783566144,-0.06852591227232085
0.7420194335526937,-0.0790552150646624
0.5051708450695696,-0.08962369959481509
0.6611970230201425,-0.07351456724121874
0.3602323415559403,-0.06302350975884474
0.42952313783429785,-0.05602019972702388
0.29427797681464996,-0.10200108985209777
0.7225595127348554,-0.06296200377143035
0.4530575588171357,-0.07674503677934241
0.2989337921410562,-0.06629480641373842
0.41439570328440767,-0.08199580729292122
0.5584681549395234,-0.05692557169371282
0.7257319850965438,-0.05288281248638205
0.5053472577641009,-0.06662253413676056
0.5934179457948663,-0.05630486340048135
0.3203651925889408,-0.06440851397823566
0.4539828502245469,-0.053140177058088045
0.28777117735697066,-0.15861572070508567
0.23510887953509907,-0.0846566606322966
0.8197807403846555,-0.04022294153710637
0.23732561479128256,-0.07646833075614157
0.3491910625921113,-0.09986433072691403
0.7117034739304295,-0.053668724724958206
0.23848095817167803,-0.07500462260539054
0.43697489641206677,-0.0558151498025532
0.4297486787695697,-0.04327042948892712
0.43641978756925504,-0.051277653056452266
0.49470520827843756,-0.04885209804319146
0.048900990741557404,-0.19272337019200392
0.42332295923787,-0.05704741326660945
0.30782131199629204,-0.07272889523139159
0.30994700013101695,-0.07036738548930821
0.43409678655342465,-0.0624009499333521
0.4781078380638917,-0.061551512015360466
0.4377295318069214,-0.09803864686467734
0.35602714973674177,-0.05240722866923142
-0.048148039070544435,-0.08195067085594232
1.2380727264485532,-0.030851105648813548
0.5776826084434035,-0.05638570038096913
0.13661004299354795,-0.15374350669628434
0.6748535280249666,-0.03140296323583691
0.01990581856430662,-0.2148326535050865
0.2778528817643866,-0.07575362037712352
1.1276336053934775,-0.04779710910471657
0.20298265207227661,-0.10825429109374518
0.4269228494006634,-0.08559128169938479
0.3511531588734156,-0.07880091765781105
0.32965046489165917,-0.13913240183273679
0.21409196245801643,-0.08282514134529306
0.9724135980801409,-0.061631366632808327
0.9167341371339415,-0.048969711929083726
0.10705410228293388,-0.12413223604389989
0.365804991811447,-0.0804642563158986
0.5444681997874159,-0.06073711230906842
0.7643428944526574,-0.03963038212400094
0.30011601104027164,-0.05913408133789988
0.714151476587426,-0.058093097731002796
0.3330059544428643,-0.048785114840062316
0.3075886581502545,-0.08058540708291773
0.5136970307705864,-0.060607535351170694
0.6190324448874591,-0.06339787847267964
0.6970518473033323,-0.0698329101143842
0.5681956600051388,-0.06362262096187032
0.4416415467715711,-0.04949034177433387
0.3914113337377141,-0.07719837649763506
0.4099278083653508,-0.054345136567803265
0.1634341435634994,-0.07876211420216306
0.5869964870375635,-0.04629745810626029
0.6808914091046152,-0.07637253753309925
0.29240063814943595,-0.07484810845891754
0.11734478203043741,-0.08018822323245212
0.5404791908433904,-0.048139166032642455
0.4869051884552662,-0.046965133890606636
-0.05831709294575871,-0.131629873299682
0.17341097279573625,-0.09429063003155636
0.45750671893516626,-0.029041300834478312
0.26455838907503515,-0.06508854249842866
0.7935947932744885,-0.061095355475009994
1.073813635496701,-0.06909091402069878
0.5379704417243871,-0.05873768711581062
0.21831039353187687,-0.09770576962705901
0.6023126128622145,-0.05844927795447197
0.17237794385703564,-0.0841122925612563
0.29237080289591955,-0.07303315668950372
0.6072123644803493,-0.0792893982301518
0.2852255670361581,-0.03662291235127446
1.1861631330494027,-0.0365431663334731
0.3490137993425244,-0.0742302279664917
0.36165582351978554,-0.04808482985979212
0.485255867478914,-0.05962838100181744
0.3082467386729959,-0.05206977962773285
0.9860243716407655,-0.04697028365203171
0.413361647907984,-0.08493394862112491
0.5134634216027913,-0.067506258000669
0.39032136325370015,-0.06431783885588638
0.4803304256725762,-0.07976947236089893
0.23001123482748098,-0.16572150076352488
0.4569674147390861,-0.06330964834562103
0.30037198178288915,-0.054715483262267606
0.2652229765142107,-0.08705886379243033
0.7533246485752725,-0.04881085937301943
0.5747295881395036,-0.05517105395018462
0.6907889655794046,-0.039963124643372705
0.7619265994811106,-0.033947190264634775
0.6744720970523788,-0.06616162370010437
0.5517795668044934,-0.03686122325990704
0.47668807341782893,-0.038866784013403155
0.7071706654796739,-0.06356396175173218
0.2529490718032348,-0.08921037041757252
0.4957424161226929,-0.055164839476227745
0.15312060259096882,-0.1307901018597627
0.6683024935014172,-0.08007325766040507
0.3533621760953829,-0.052439266433209175
0.28561817004579915,-0.06775849790271338
0.3594121751349171,-0.07033484137754609
0.6470826527701117,-0.03772746437694985
0.6632038181028788,-0.053662116404444515
0.2914450269245179,-0.06220566794516258
0.20240090754392348,-0.08670633624297575
0.5071376857886258,-0.05568601679807528
0.2972203051428324,-0.052214702094121934
0.3568589955188106,-0.08442322556614879
0.3557769121819998,-0.06014799808384397
0.4462342732703264,-0.07157945690586587
0.364748005998204,-0.08270502146615988
0.3195990036878509,-0.03799025062203154
0.5051890576528155,-0.0683975976333524
0.4599488214773677,-0.03771727044435247
0.698667702149578,-0.05724639467557091
0.6930587515709243,-0.04366698242928457
0.5000926483530854,-0.12090451649947032
0.9745931210484948,-0.0731246123413114
0.6483594805705948,-0.05191437707485158
0.6704821841184465,-0.061598633976942097
0.826231079674145,-0.034213662510172216
1.0445132859718287,-0.08178088149762608
0.4278244758921719,-0.09693150060306799
0.5077171070145667,-0.06152244785751548
0.38393267299767375,-0.06569139299326043
0.3058367227936025,-0.04806247582259393
1.1077449553897871,-0.052618897374028584
0.4709987144721197,-0.06469365121536053
0.2992536559202372,-0.08532440344410153
0.3221714029106031,-0.05740043187877608
0.002106671427518858,-0.13560260809187752
0.2866731066342296,-0.08383911059670146
0.36810712419157654,-0.08833509101979142
0.40723588421940526,-0.07293903485973752
0.6385764809846812,-0.06287790052836473
0.34387161599683314,-0.06862806231176344
0.256213858599293,-0.14307678621530617
0.5124236449473631,-0.08597099901830729
0.6292131084443606,-0.04205621687557415
0.7907172976755092,-0.04995372497040984
0.818545710476672,-0.04949967285406276
0.5591557106836373,-0.062298719008283876
0.8493795284521788,-0.04110461460795456
0.31510516731460547,-0.05889040520920552
0.4906442206934998,-0.05539137139752859
0.2719690537722237,-0.06588299317955748
1.1935957934531687,-0.04368712987872447
0.7360994156078073,-0.04800410982908454
0.5406182401354245,-0.04640479365566064
0.783310115097676,-0.062631693997522
0.6093164439012113,-0.059127229548087135
0.16730961467047334,-0.06885617744314909
0.33115773568864415,-0.08503710563067157
0.2432452542492365,-0.06590965297012596
0.1106121447476558,-0.12048815535673352
0.5838192143611607,-0.0700474517373263
0.34105820444135193,-0.08852060945127882
0.4139117430157786,-0.04734575813942454
0.7203810508216408,-0.05760227558455966
0.08722462206102288,-0.07467949943846142
0.5595820937848364,-0.04287146389261198
0.18284566394799273,-0.15451015524339418
0.644234777163067,-0.04159640850563162
0.46255527510504657,-0.0704023801566317
0.8559844578920788,-0.0802020173057243
0.7863174997885425,-0.028816465401201863
0.2950245447715134,-0.05829818200084669
0.3600010972135277,-0.02961975652298443
0.17232425566165332,-0.08738387385349022
0.2757235727910754,-0.0868875865919626
0.7695359231348535,-0.08223368993395852
0.16047837836621182,-0.07846949345231113
0.5975919976928863,-0.0671771733303177
0.6551165411199498,-0.03438287929816297
0.6075005464945737,-0.06906747266083058
0.6690012623102242,-0.05286822574453054
0.5006762877381821,-0.10595427960504455
0.537545701975296,-0.05026747553202582
0.34993136221701104,-0.04696607326546631
0.5482148807594196,-0.04699801916087931
0.517805783791238,-0.0720187843339457
0.35647829584810453,-0.04072059691193941
0.509803881414735,-0.08493778117651918
0.31229514733869923,-0.08298424958839679
0.42395879280362414,-0.057017666630170716
0.22486952330896126,-0.10126511820355977
0.41755323351096196,-0.07174917823751925
0.46318718797012615,-0.11113906466073808
0.634430618509283,-0.08754488893880963
0.028669645222552997,-0.12183940107845892
0.8827556871680198,-0.050301729644291804
0.49433976773962174,-0.050751286961736364
0.22050337795423758,-0.06960872807467522
0.718532818372061,-0.0787415290775243
0.37686077730406975,-0.07684392443707877
0.3546906736039306,-0.0316484049209147
0.7662475557324113,-0.053461348471455894
0.5595721305827208,-0.04274324175629818
0.7258065413118335,-0.08351085697899174
0.7442974809006779,-0.048503065627213515
0.6611012170017194,-0.059385352033654026
0.46217312196986216,-0.06108814083279779
0.5088171311515519,-0.04290461164844395
0.5185570530792609,-0.05378348145523415
0.583189297892988,-0.0593159598977423
0.6420945296463354,-0.049884378569978294
0.4491029798037134,-0.07065970280916734
0.1295115972925831,-0.05553616213142876
0.4253809365982899,-0.06290746368015787
1.3003468217574152,-0.049821778338921985
0.4703021243571288,-0.04295970446409636
0.7913334791661581,-0.05902907292191151
0.9651963942086359,-0.03547382426923551
0.5762820464204357,-0.03397255981042102
0.6743551342604648,-0.05645807540283232
0.5924739413832649,-0.12692811638431212
0.08850912923110532,-0.06834715809459657
0.4358619701387849,-0.042959113632076606
0.27401062503506,-0.09612772308619955
0.3778866667877556,-0.052678209535193754
0.20073986981437275,-0.10733730833842348
0.7551228537049404,-0.03803861570919276
0.6190448535400204,-0.04790311078422427
0.3306713709634992,-0.03602235339716009
0.2616686124491241,-0.08607321975781579
0.7386333881126712,-0.03547002749629946
0.36587055850763806,-0.0659409324250273
0.5786918008733135,-0.07207684197946895
0.13994099785233316,-0.08081934591367701
0.4791759441224901,-0.06544884400951512
0.5640552877082512,-0.06718090967988244
0.6134864606402239,-0.043639136779128895
0.4628260092675296,-0.0674958488116949
0.719564873686539,-0.056122135975339216
0.21887024291341306,-0.12447493455844827
0.3930628635126836,-0.05762335401925167
0.11429852060483214,-0.1365872917884452
0.2036408303590027,-0.08720254487388479
0.434338988288006,-0.0576670841958159
0.11306881546148184,-0.13668942669382322
0.7716191195366955,-0.039200647259331034
0.6071416544284749,-0.042452862357239884
0.733909723872588,-0.08855681214619116
0.06431315007681349,-0.1257848630656434
0.38458167655132436,-0.05577290400931545
0.3649588792596006,-0.08507797943681583
0.48669700614175504,-0.06250103804612317
0.6949800241405728,-0.03581842866063967
0.5722871815047745,-0.03497478843265911
0.467676213968927,-0.05921557079467521
0.2022933775185467,-0.09967821973443969
0.4378446298605445,-0.05852504964998684
0.6310813451417092,-0.04121395774721348
0.5691453320759405,-0.0556294686989417
0.6399249715814168,-0.07347305025610296
0.22938038600491906,-0.05642144591133735
0.6921777364520514,-0.03198569580501698
0.16040377399941597,-0.10023717801154752
0.6424089047586927,-0.026055992332480682
0.7842523355262283,-0.0706085921388101
0.9749818178686391,-0.03061628126596727
0.20684394145628437,-0.07405659467220527
1.0807205905091606,-0.042450806817522335
0.7272520467851251,-0.046783615899177455
0.5655989053918646,-0.038705694276040425
0.8344170021640651,-0.06984663777536082
0.2889814080810771,-0.112779244808634
0.2119218477386653,-0.10791078008937072
0.8870175020223914,-0.024258091344152022
0.4971655957022978,-0.06986847262647555
0.7248143649715686,-0.06673020943986918
0.5443413535599702,-0.07013185406948685
0.7528358715992529,-0.03271787396870718
0.8829277937746027,-0.04455874817452821
0.5559905875981681,-0.06243339458796693
0.19442795220196518,-0.051151982115864136
0.6944796652738154,-0.023739900425089777
0.20452942142680608,-0.08232948931407336
0.6073554390920857,-0.06050146792937239
0.6810063668597386,-0.05895800258452277
0.2023487802112307,-0.07172127404046968
0.3022219283499641,-0.05074200956060915
0.5084702560617134,-0.05835305193209461
0.4043383335101005,-0.08248657500017631
0.8484427669833334,-0.04116522149679458
0.9084563851781216,-0.04356152905538169
0.49030517346724856,-0.06972793062536375
0.23591164476431747,-0.09695268816397351
0.7375366557112535,-0.07523995244294446
0.5000446797939493,-0.05808353136361333
0.40849737498515326,-0.06142236730404749
0.3519374573802998,-0.08972879013884272
0.5462427187928927,-0.0508754027689059
0.48910738445294033,-0.0814092478056897
0.2759849413092563,-0.06918569045420686
0.22162173994041945,-0.048447099571795604
0.9284114182507086,-0.04675135912801642
0.4218384545256577,-0.09509376611531495
0.40262828763403813,-0.05259452225101802
0.9135566417976522,-0.025030938388945767
0.8860142950163286,-0.05638560654990388
0.43228027444163275,-0.04942150965696579
0.23151368835496666,-0.052252018293957536
0.342459658149433,-0.08285383932323931
0.4673657517818839,-0.04764973945201323
0.08304562081033762,-0.0502255246775809
0.6737272431386898,-0.04401147452749554
0.33104860744795395,-0.05955999044399296
0.765521520702225,-0.0647471159888291
0.6928734155111973,-0.052211998746086064
0.3275624233006069,-0.05328833173903447
0.795136248789521,-0.04642828615360506
0.6309942945241993,-0.06378006821612148
0.8131696555849923,-0.041606333045687616
0.7586450087700645,-0.03483042043176354
0.2532306424802586,-0.10353990639289434
0.014471258366308248,-0.09355189041443668
0.360766761002693,-0.05198481684895928
0.6482316332987403,-0.06051939027587039
0.5707352534882555,-0.06221214987096968
0.5031608297133792,-0.05952588457906072
0.3005085566149128,-0.0633398433290584
0.23422641056990678,-0.05550178685244611
0.6312179304737269,-0.08238240868342095
0.3126916725258502,-0.05644057258843771
0.33513244986908797,-0.06985949125689028
0.8211727623918397,-0.07989012264422013
0.6580651946907021,-0.06292440180203629
0.3823245202934953,-0.07037185965253678
0.5915741879991234,-0.04829456510578989
0.5281629672195998,-0.04953099914941628
0.6662938707022323,-0.04580286314586668
0.5234074863043885,-0.04353119835388619
0.37194883232858933,-0.07571565011309545
0.7316178960074344,-0.052694528306942434
0.1268464410360426,-0.10088647883833834
0.34964894211496444,-0.08933210593554497
0.30767005238104006,-0.046863447036337824
0.6317088262315234,-0.028816465401201974
0.40538152995761156,-0.06748507906685075
0.35237525119785373,-0.06358848911554515
0.8026993428622362,-0.046697027678637815
0.2206242141733128,-0.08928605894851038
0.1770368080589093,-0.05984192779965003
0.7601408394097255,-0.04805150989801987
0.5780310602467202,-0.06597105172270745
0.2768022827133523,-0.04425921917513387
0.7619223947483853,-0.03759347361107268
0.4700667911925609,-0.04756911188213131
0.573817969278698,-0.040885753385266455
1.3559997593029571,-0.028816465401201974
0.5290009256303982,-0.07411695137482022
0.5128556935298891,-0.05372585728963142
0.7286970069593084,-0.051578311517994635
0.24219694375266387,-0.06499594363684547
0.5036751944200175,-0.05287433408066089
0.38934596876965055,-0.0751579722318172
0.5691430826858712,-0.03784286290688488
0.5823834220645543,-0.07003690215208203
0.49663431947458614,-0.058090861098823554
0.2225548564498585,-0.07547849607212709
0.1757493640122776,-0.10920105410475456
0.4994074795687711,-0.06799427418445148
0.5103766343492606,-0.03554726199862013
1.0275946993513347,-0.0330427136552387
0.8837575511460389,-0.058659050954997016
0.74392945683815,-0.04573055895163347
0.40537960076554147,-0.06823051542513658
0.20646191459493868,-0.17972271083860714
0.31445048999635916,-0.09800071530171117
0.40850163966416786,-0.0714157101620162
0.334301358211204,-0.04806788610873669
0.7237682652255548,-0.031181827941938245
0.4609257888738638,-0.06661036309222523
0.26399148758837465,-0.06706280619938543
0.6125353337870654,-0.07474197592526977
0.3185241602108877,-0.09899761341750934
0.6324543974369272,-0.11128434919506835
0.12494439994242867,-0.057643574500317984
0.5704662274614838,-0.07330663642222535
0.39222077064253025,-0.0573794171798655
0.7155936440492374,-0.06097236371078274
0.4747638006759396,-0.0659912956429034
0.27202325826901474,-0.08605845971188908
0.8281456983318967,-0.03463761503344842
0.38411485847179416,-0.03484787107736009
0.7302737855466297,-0.06130706311304257
0.2915799437012683,-0.0683068647733941
0.6307072758336616,-0.049998907339922294
0.2732487586993324,-0.07807523093091162
0.36086946510374696,-0.10251289623379423
0.26539188026663174,-0.0738970714778433
0.5395236203406948,-0.07110202407562227
0.6704570940635612,-0.09254858224729645
0.4985057699760682,-0.041669802994575345
0.311135348255944,-0.06698297866639125
0.44521031518298027,-0.08593483524642642
0.6519465757306635,-0.061439901615788495
0.5321035065299402,-0.06278310890966021
0.7819508583149875,-0.048414213057998534
0.29849384968712633,-0.0382562190737713
0.5328731710059269,-0.059597038606096664
0.7771148387601816,-0.04044259272311834
0.5313332984635009,-0.059124862104507514
0.47114311501433037,-0.07350512077427118
0.9085056420880773,-0.06612943927332615
0.32790304265029735,-0.05393628064856826
0.10237671636608114,-0.09038350577168286
0.6513139769896472,-0.06127434349102856
0.05048238916746994,-0.1638929023645208
0.827702448570512,-0.039387983646887226
0.49371384954512254,-0.04886449564240425
0.6465571539277719,-0.045150028735143066
0.9354728531342229,-0.04406997063471674
0.805343564712705,-0.05680254212418523
0.6330012713392141,-0.062416293318656724
0.43597053547874487,-0.05048312343685546
0.66462864506626,-0.05163582581447379
0.8259286362269465,-0.03541829283596698
0.17654373395285106,-0.07705388581558692
0.07156179882521285,-0.10833148394371539
0.3014282338032075,-0.07994557593039653
0.038416006350421306,-0.1239312020634763
0.48246630721077666,-0.03730661011125658
0.5481380021862474,-0.041032798877204124
0.5536067048225728,-0.07328484166730909
0.149550190025318,-0.06703291059316141
0.45795609175170604,-0.07120672303744979
0.33886151119691843,-0.0784783649723313
0.3691987962570762,-0.04298800571600736
0.4208173830605402,-0.03016833323070567
0.5105820072336953,-0.06463290939665434
0.23188924835164304,-0.059102164533314294
0.7152732296596311,-0.03241049453518419
0.5636173601012562,-0.03552904877651908
0.4465194600095366,-0.03678963413063818
1.0315336923769047,-0.044270578482431766
0.4055234638556158,-0.06279867202910361
0.4588898418959042,-0.0808027170835337
0.36393432122708314,-0.06061809123876383
0.25525884859625947,-0.06442991387626584
0.8208602113695247,-0.07768808049324016
0.7977477440680447,-0.04469213257486382
0.9275604067016403,-0.04652390320121047
0.3627695559556823,-0.05253739884150255
0.45231634174896707,-0.06213973444946286
0.3272756470098004,-0.06766773910384549
0.5850903803050003,-0.078829006785051
0.6787477862461544,-0.05236612963928067
0.4370214032880091,-0.056251861796574154
0.6837631900473355,-0.06959952596681074
0.4246313694817603,-0.05079555419672521
0.3040406017083126,-0.060782698924012224
0.4844175188624673,-0.12818133087901296
0.10389198339262329,-0.08549128620756652
0.31457168200616703,-0.07570648931368695
0.442344335391585,-0.06470888465694635
0.56473076852199,-0.05360139957512933
0.45487874672080153,-0.05293615416125841
0.16710376253535708,-0.04340139333459636
0.6113261054472403,-0.056303092278504274
0.3704538087366003,-0.08744736287661758
0.4063347031629967,-0.036203215568711644
0.6073109681207456,-0.05615132386122068
0.6603294541206368,-0.05261654576691943
0.2521310594435706,-0.061610728929833214
0.07884606125896632,-0.14719293550406343
0.6915071382877744,-0.049929888508489007
0.7374428160593594,-0.039140850737504285
0.12423336222154391,-0.10887029370547185
0.4723668104302814,-0.0427490503818827
0.5381738914946563,-0.06339630206321711
0.8390353176913927,-0.05420101117696052
0.4956441393525426,-0.06470906911992214
0.47532460244608155,-0.11221036955896435
0.5021458927529674,-0.04910927485952632
0.4750425183471212,-0.07586922423378761
0.38068234963801917,-0.0655271854743088
0.965342382932521,-0.07063063975653328
0.6375726744167283,-0.06347556804514287
0.1877237570718877,-0.08171721654532205
0.7560230951652287,-0.029438895140198262
0.34184579439952345,-0.05907688766395425
1.4650914728119404,-0.028816465401201974
0.6154658664646322,-0.06148469875963802
0.5744340024931767,-0.05329278262071613
0.31864525758255224,-0.05361927947005407
0.31659218998691796,-0.08622464826022014
0.4834630194016576,-0.04302054288853252
0.15985167698024916,-0.08072681525053926
0.6422524403857452,-0.04779710910471657
0.6876290289983953,-0.08287430574670174
0.932511824100928,-0.034589868313987804
0.4678640911427554,-0.06292387180565917
0.4759780081982832,-0.06694983761781426
0.40221703835825307,-0.06515058791452699
0.7556513915722383,-0.04189311562435594
0.5426567206294997,-0.06471009658166638
0.6801300967393507,-0.06321014007576375
0.8784221796891167,-0.05151659347974413
0.34686276086967904,-0.09030493647991045
0.5506546889247899,-0.05590731898329604
0.7619767025412139,-0.04560329140607955
0.2446667017621431,-0.04012602056349479
0.4886933768975863,-0.06142669117763122
0.18165722561727904,-0.05373126458327082
0.37286418485394757,-0.07871566578103306
0.4940230848791758,-0.07052093494276579
0.23160397716627612,-0.08181158316770898
0.3450404604647035,-0.056218641592596375
0.22103374798530173,-0.06090390075904217
0.7678316790784852,-0.0302693643364621
0.6731852333881532,-0.06975674823190803
0.42434807640329564,-0.05756547633617859
0.8118848182860905,-0.05113573712614494
0.7440578732242897,-0.05937809309170261
0.3981093361009298,-0.06223900182145825
0.7222823250195498,-0.035263495618161445
0.24287198898516515,-0.0656377299865486
0.4737044532858281,-0.08565662875300573
0.40286083738469247,-0.08565426092654738
0.2809613757212521,-0.10567531406861008
0.5088827039861157,-0.06508827790252059
0.4014476519730803,-0.061992447106806625
0.7642078713104385,-0.062003717937930025
0.38092673683287526,-0.07073251044430706
0.6396887490904761,-0.03846938665242294
0.16525005916667723,-0.1258343247562228
0.6072338492712896,-0.06628207681848397
0.5688169132999594,-0.05085492262015234
0.4004350115748061,-0.06238415889157034
0.4259152929673342,-0.07192052336388166
0.3371576228575701,-0.03907714207038582
0.9293270631447759,-0.03223309415594955
0.49085091054316954,-0.07187096164683504
0.5471852152301704,-0.04106694298387292
0.7350668444432218,-0.05393990423249184
0.533853179214675,-0.03571178977993106
0.4163439751258964,-0.11999101925687883
0.3250183098064323,-0.05899179535210619
0.3809932174709174,-0.0843270163427482
0.3248447410019464,-0.05228011338912908
0.49272403083966543,-0.0769024548071996
0.5890328843309744,-0.04519935775339179
0.22204441843939482,-0.14426198837906545
0.5199293609350377,-0.06666405557721533
0.29632836927709416,-0.08661661777073415
0.6255496370542173,-0.08763498629243927
0.35086163491744804,-0.06713603531731871
0.03920366217914384,-0.19382421176587394
0.45457709575266847,-0.0643328563881963
0.3698735662649604,-0.0941165069330463
0.45727860461765757,-0.05317876024566237
0.3378722909996321,-0.0693310632202313
0.823715838669836,-0.04584752206016218
0.5232440290725904,-0.06073939287600416
0.5316371785335712,-0.04770331223484792
0.4363171938660739,-0.08303118765092099
0.6610496610830778,-0.05041313003927361
0.17918163898596684,-0.07316369392267252
0.6387117817551999,-0.10581270648980778
0.18130001949675956,-0.05540134656749951
0.4085338196821662,-0.036683483429046815
0.6560614034769803,-0.06178136697309855
0.4596423418928475,-0.04525296170805282
0.618499639919547,-0.05159031451693896
0.48262798073836755,-0.039734182994740075
0.6027873870033491,-0.06414773570414889
0.31545945731138536,-0.07663602668153513
0.5173040547009908,-0.07744061184404294
0.9023368250799049,-0.06108633425281895
0.44237920654910345,-0.04896780359360031
0.05607979879415237,-0.10632620156919814
0.12659962495418475,-0.07266541155647022
0.8142059139104143,-0.03669300364195793
0.3376534481632132,-0.06680566308279479
0.5592997729611766,-0.08477573403329075
0.2087215514980576,-0.08610138345766682
0.31501023587135,-0.06188679931408769
0.27637865036303544,-0.0733664725749048
0.17523903206005764,-0.09065783691906559
0.26786248796839285,-0.10025744634632028
0.6633117424580406,-0.06361716041892074
0.4044468990720478,-0.06551664865878948
0.44769778616237343,-0.0773416480221274
0.2709866706590143,-0.08240930703979532
0.20912893076180272,-0.07142202415494725
0.3491806991085147,-0.07451412805894542
0.42890820275308794,-0.049012505783509686
0.8022232150518649,-0.031352654487878495
0.1564197255247246,-0.04046560753192452
0.20451179562120902,-0.07812030021604444
0.22881420494281235,-0.08771939042402921
0.3367939155566817,-0.08451712224041985
0.7115817811667235,-0.03400307942559844
0.5660230876502483,-0.08057361992534018
0.5430720709788603,-0.07110143823435189
0.29497181368271863,-0.05672910224726968
0.09918499505858058,-0.14601605149761143
0.3880545203120287,-0.04989449034554361
0.9624040817825592,-0.03227797586391401
0.43496876817375085,-0.08497927045110731
0.30914638380712445,-0.07345927136444419
0.7622242496113809,-0.08456391916097405
0.6359999165087864,-0.11278938859864196
0.10907076569000762,-0.141604147404928
0.4704778208513718,-0.06137478315359135
0.3832089583932736,-0.042983587066351525
0.686740500515812,-0.06093116774966956
0.5383646105239153,-0.06607259597014847
0.6226619075469373,-0.037349475230882945
0.5196988379933605,-0.09875432228971925
0.5714578091973053,-0.10349777588998754
0.2593163184708325,-0.13825598406926132
0.762643195182211,-0.06070297759075971
0.6754942512456017,-0.031196138309159682
0.2562396170806289,-0.1008084084510138
0.7217813643430262,-0.059585635140446236
0.11553416212319378,-0.09032680284033112
0.46532829482873694,-0.06509651835556629
0.32196572764154574,-0.03835012266688054
0.5864339515338199,-0.046023289551953006
0.31281468348644137,-0.07167075197045103
0.7814655183911137,-0.04326119726020261
0.5811341897525337,-0.061122127468538845
1.083869676138038,-0.05847351320715388
0.7258072459183189,-0.03813973002109339
0.44952169826611144,-0.0663016390758916
0.39046450270479416,-0.0935901740312477
0.6856543691962373,-0.05823457617398997
0.27010494541478614,-0.08124717161290163
0.5215467828436267,-0.10951045638195922
0.8786402787747261,-0.05389986319198492
0.2553617955031262,-0.08091312974373632
0.11978429659361378,-0.08147884405310446
0.5243444132203761,-0.08023624874728119
0.6682887562728939,-0.06982146836551206
0.3620714738679971,-0.07725068043525085
0.26409409210157664,-0.10204579211293952
0.11393800249361696,-0.06207115465462931
0.45465531397500114,-0.09019509539241766
0.5852353168900901,-0.0704289607314228
0.16213810757581504,-0.1525047245196819
0.2288500324871725,-0.09898417663568981
0.35073864690847456,-0.08021707160938396
0.28343464806033314,-0.07333947114286143
0.6120609043457339,-0.06165147164102991
0.7210130805217081,-0.09620395121401126
0.4888078419850084,-0.05565634893906102
0.522738289725136,-0.05005362600446295
0.6186237526089613,-0.06071671111081234
0.2247976660974731,-0.07345500544891403
0.5458634590091376,-0.08266621037693755
0.5813098756504256,-0.049714984398212536
0.7803171784270697,-0.06301278172621827
0.48156905185572674,-0.04185289252751756
0.46192693942197827,-0.06257921045638148
0.7476238484982105,-0.0755608741886219
0.4648609903773071,-0.0424372716261503
0.5503597453089091,-0.06686568188132092
0.6388000995888647,-0.05622296146304473
0.537485048987278,-0.11178484527284205
0.3699930537411382,-0.12320164158476232
0.8306795229141448,-0.049490341774333646
0.4479115133084368,-0.0701587223961454
0.6394907665418263,-0.11653974108788301
0.5344086983926626,-0.05500341849945811
0.531706443462215,-0.05717380887917933
0.3263987942647959,-0.05947852048725799
0.3541218471733725,-0.07857531178621746
0.7139515318544594,-0.030879364909722318
0.24169073028926658,-0.07608632179038666
0.7292850305798484,-0.07164084017939576
0.3667976317921211,-0.10750421527544718
0.5526018547457621,-0.058086849748855474
0.22373815064028935,-0.09981942241640163
0.49213089762735374,-0.05064458357829171
0.6477549066966286,-0.059168074413252336
0.107066688871442,-0.10112662323660682
0.15644268438105158,-0.11048595799665606
0.659886040480492,-0.05886126003816772
0.43064976931319365,-0.07957833321976604
0.42393514077457994,-0.07536142939690416
0.36107032256236904,-0.06825355275066414
0.7633057701797294,-0.0477983265717129
0.3103393557214684,-0.05105362800245594
0.26837043366850155,-0.04999675460109265
0.6945224246623827,-0.05743730378869727
0.34003352770169903,-0.06737907703593715
0.20377247750461192,-0.13742328241592838
0.26924098368132454,-0.057689581588242556
1.0556873848227983,-0.04206712416080616
0.4841009379896608,-0.04157154183091005
0.06956830279746207,-0.12060872287666669
0.17148917316425227,-0.09678321092332753
0.5084238695529946,-0.06065253811486704
0.13839666351084423,-0.07104826789499241
0.5286583097065727,-0.07211816172490937
0.6164950628825245,-0.043239715077356244
0.18260308017154125,-0.07321758894788599
0.9668980994072314,-0.050271443822077044
0.2621044830348158,-0.045056122270243804
0.41795563404943326,-0.049735639916329566
0.4020388325841666,-0.0323142923540819
0.49883181171297153,-0.08363224364840893
0.4983207035617996,-0.0919648438878411
0.39668891172117293,-0.10128111869277068
0.09240164233481263,-0.06842900887217818
0.21661374066855799,-0.055499834557429684
0.8373173206304223,-0.039126938377324505
0.3030756222559763,-0.05054763689248465
0.5642565209675738,-0.05557167439896682
0.4292866757440794,-0.04956522360910376
0.49324056424125606,-0.060705022409391685
0.8475574806382054,-0.03398658084151973
0.8609162083391437,-0.026216875724811572
0.40830799588854294,-0.039763402993854946
0.5891801983586695,-0.08989614830901882
0.6198245019219883,-0.07220130072423692
0.5300708475839848,-0.05572143541434049
0.1819404000412579,-0.04615787236221902
0.40734343494939096,-0.08334268147117185
0.8316594139865037,-0.04471785240328374
0.03325667535024435,-0.10449936862068643
0.21749721388448995,-0.06526589676935135
0.4336118112976466,-0.06499845587777942
0.28767265056972957,-0.07051292970398382
0.7089784647366448,-0.06061400153248653
0.4999984775478903,-0.06891361016773168
1.025716161739144,-0.03666882528177173
0.22182092563003075,-0.07518814587711486
0.47803233248427834,-0.07825412841057977
0.4856423809694841,-0.1265966269974581
0.196318161814931,-0.10288890882962853
0.6313533900551282,-0.041229217801489026
0.3484214478911889,-0.06350214845187441
0.7447746790357015,-0.049976429403858824
0.44707950972299737,-0.056639235071963334
0.9159992566212283,-0.037407063526580075
0.2533541636475889,-0.05639748396273858
0.42246635630299223,-0.03694447888424557
0.47311322154216784,-0.08028248732072785
0.5308931548386917,-0.06930638947452006
0.45780212348890115,-0.06370434194685659
0.29810337208798043,-0.11945986586388613
0.3485213257335029,-0.07250556025748012
0.7355353650425835,-0.09728772468003644
0.4811397716880037,-0.05716054262674508
0.19390632322544366,-0.15779316565817203
0.40001910375472005,-0.08940788648648013
0.9696346538944882,-0.06365166846708048
0.9407894777054302,-0.04142490430567258
0.294075770445438,-0.08233308883219248
0.4104232616136336,-0.09243246381452674
0.693837269706663,-0.04241148397481809
0.3237050887380102,-0.05526551275520475
0.44022267926823777,-0.06477677060404197
0.6809306776254487,-0.05265242096619971
0.74620380756402,-0.055476614427476534
0.568296278117224,-0.06087331128672502
0.9341642295859718,-0.03838525470203058
0.34260490752366124,-0.07980580977872809
0.784971865118721,-0.048014495228622556
0.8080275898062466,-0.043463503084654076
0.636737922371831,-0.05169103589089763
0.3632498929572958,-0.06890559196780544
0.476465978427441,-0.07554461577885285
0.0736097007539529,-0.15786922080418886
0.25628255187037174,-0.08690819233214542
0.20253727286751477,-0.050841803465634605
0.24069991490576914,-0.07358110382128069
0.31723594995754034,-0.0636457631421653
0.27749217626450173,-0.06808838950253682
0.7420977865492298,-0.054532269975450576
0.2682270205619135,-0.08361411494537918
0.5880359429296547,-0.07338303051198092
0.5344992914474149,-0.10296583527167225
0.6841032500568403,-0.03446685342635902
0.4566638599328585,-0.06707903198577603
0.08489089523999516,-0.06636539178987211
0.32539967484752785,-0.09139179229779937
0.3306104214513519,-0.10694230049267262
0.4022503900387784,-0.057192288610889874
0.6085181088996476,-0.07465377151967845
1.5289115247319232,-0.03541911118133245
0.5652991566804115,-0.065820920055503
0.26017938654962536,-0.09851811892565887
0.23926244235897776,-0.06142204066557766
0.5523321992935111,-0.05026747553202582
0.4341558739746674,-0.051024880045083765
0.9875467888107878,-0.0468951338865885
0.47258557094129316,-0.0610143811210383
0.3464707370650162,-0.0723997998754703
0.7373356348467539,-0.032138158779690285
0.49741111758638334,-0.06689058872947584
0.1833328969000827,-0.10767767176226384
0.33008690668111207,-0.0889644646605311
0.1859591726913956,-0.23442890381289783
0.39402974236593047,-0.08901299153399633
0.40055934549295524,-0.08567676057738549
0.2383590248087939,-0.05457663318422468
0.6732084591866194,-0.08791215127734897
0.7492976604365713,-0.04934731976600959
0.5015424980742844,-0.07306749227451237
0.4095385855130482,-0.04189199118331599
0.4771325768492931,-0.08031237402377422
0.7252877264276878,-0.09839945289218122
0.7391641932562496,-0.0567111129819905
0.19098407333085543,-0.07596592583890982
0.6214629291636786,-0.06425653828597666
0.49883721216375987,-0.060729121792267304
0.6145058868409916,-0.046940059014005664
0.7485637468500446,-0.04960980177492347
0.4746651078540336,-0.08436128344920624
0.31838112336512436,-0.06586051839367857
0.4294499109124348,-0.05691185838311541
0.4590450169867393,-0.09228128797121449
0.3498787742101348,-0.12881090566757392
0.760315374109195,-0.03851647004893588
0.1853339390969606,-0.10306835185113228
0.48022628038699344,-0.06960887656087844
0.6453630478384935,-0.05450300610088743
0.4033632986830853,-0.04215877539190349
0.5032422189444512,-0.03545499927367468
0.5610172548267998,-0.051796186104257846
0.45568127504553235,-0.04773639793703366
0.5525411072360842,-0.053849514088321615
1.218057074017906,-0.03807525890567498
0.12190478414170913,-0.08061449003783894
0.9120549352881786,-0.058877358950562786
0.4561321603386508,-0.07427267840911145
0.37269670128353294,-0.105970913644436
1.217944883176553,-0.04256440745929568
0.19616785610100496,-0.10185943628968708
0.1884053849606957,-0.12940423042358007
0.5716855310709257,-0.05707939603514656
0.5087342826086847,-0.05303277903545456
0.5022637721662375,-0.04976976916148268
0.4861301752541711,-0.06629646243569975
0.2648002830483107,-0.12747451703115997
0.4617738445219317,-0.08758147568706065
0.5661898067168818,-0.09101795015085812
0.6974700404638892,-0.07602059323502564
0.9935638079026237,-0.04480670813631071
0.7046775942050894,-0.04239394562737542
0.18636336152099364,-0.09571420948210119
0.22713022750617995,-0.07644041730794049
0.3051117002684278,-0.05461996078945053
0.5565062408083095,-0.04174679114653945
0.2843840224238603,-0.13339706671870288
0.1106673198382988,-0.1431983990542306
0.27465695951397495,-0.07583723827486855
0.5576626483487837,-0.04994139852391788
0.6089221643537317,-0.08827470953144534
0.6287239547911061,-0.0833557549219337
0.7762265767831444,-0.04776122403507577
0.33323668244248617,-0.05256329663021675
0.676591186435507,-0.044162297319681465
0.20365070653593342,-0.07216724009664088
0.31124365634938633,-0.05590324889646037
0.6239582414643035,-0.15546168854539044
0.5597040564419506,-0.07200243382028892
0.5278754920253876,-0.04041509354286932
0.17931270892341167,-0.06300237245548213
0.17593608328334454,-0.09138272925719948
0.27637587669010033,-0.05523711826555355
0.4506209258918865,-0.06640750845606658
0.859782374272849,-0.05326639990035287
0.4499222601846924,-0.08137861522406309
1.2744050474198167,-0.06798043240184726
0.5232750787402269,-0.055916479513483885
0.9633863372181111,-0.06996620394821351
0.8780971591894617,-0.04180762016458006
0.24249816607199737,-0.06891613142260111
0.300798605007776,-0.06518419424061916
0.3479764044618918,-0.09561480179897086
1.3238946829615683,-0.03669300364195793
0.9220765977942591,-0.05908065245102245
0.3311592243496433,-0.0652072251750434
0.3431749614371955,-0.09389569945957776
0.6718061360270724,-0.04585505227258391
0.4813176229379601,-0.05026747553202582
0.5674406035215747,-0.03292058837837164
0.5928622012915601,-0.06959043105005103
0.6980392049739506,-0.04862936603706647
0.5212749725260908,-0.08616719993115385
0.8281815306972906,-0.05183072470417682
0.25841951574187494,-0.08171888001936145
0.4709160031820496,-0.05989245385714237
0.5556586002177855,-0.048208994676353534
0.9726125672979857,-0.07854870416004078
0.8085385486285004,-0.0362799822613864
0.7837916635615854,-0.06404597870006756
0.17081291536206078,-0.09190264514257873
0.42511132580905553,-0.07999141144159028
0.7062618597760242,-0.07224368432708694
1.0173069093837377,-0.034195391997195124
0.413214323985424,-0.14999023777722498
0.6094340195384604,-0.10161914029474539
0.47822511457049965,-0.1150307964008207
0.6689102532133417,-0.05000379739255212
0.3017930245503717,-0.10033905503185248
0.3955766657743214,-0.07869320702280658
0.3652923700957791,-0.07783354695909428
0.2632672799130438,-0.09788231942904213
0.6487973871909802,-0.030223181715745784
0.23773464333979777,-0.17011468490339143
0.17579262495797376,-0.07738502684425208
0.5079555657097952,-0.04455446711722122
0.5900792521842348,-0.05865475313525226
0.9218338511414195,-0.035604910034945814
0.5246295012073487,-0.06531267772264426
0.7099966878571169,-0.04992122288044232
0.19792003724313734,-0.08936436595283348
0.1162035558565313,-0.10129265755037187
0.5167381419377044,-0.09061150342469748
0.3436462513637226,-0.06809938532075521
0.6404501741907374,-0.07858771612153126
0.8602946293185469,-0.040559663036724425
0.277180587197583,-0.06466234382655522
0.20604268839797313,-0.13892404010732762
0.3177480389556022,-0.09663850066051971
0.35821611840029943,-0.051090185477037586
0.5016671975831628,-0.0396041575666608
0.34736803736074684,-0.07619967325662125
0.7729970307908307,-0.0677331206556483
0.39655959703354715,-0.09742370045611926
0.7863360469965979,-0.031142793036120775
0.39939085405145414,-0.06845670839437346
0.311430286928444,-0.06270120246132294
0.8178980836096261,-0.06808708603798008
0.14779418525741206,-0.06350099201404524
0.4082462387713608,-0.054113203788054065
0.3325931540717977,-0.05077720593031487
0.4967367893971424,-0.0892482277073382
0.5883625414231883,-0.05060707755493876
0.34546882865109074,-0.06733448860509239
0.5454109962205769,-0.07325300175183713
0.6621474372691631,-0.05093315529301268
0.5450896028978993,-0.0602389677341143
0.3616635424558663,-0.08703583420418004
0.10640973899273343,-0.11106941057128383
0.550465451004087,-0.030265724061256716
0.3911218585867433,-0.059260269857023595
0.3891730515206,-0.06910840965815168
0.6685467485705499,-0.043224176354449084
0.5399272365604337,-0.040098104533060175
0.22590209979055098,-0.10741408003753683
0.3493244398244828,-0.052924084068156185
0.5993989827295425,-0.06218341254174542
0.8027894774118753,-0.037557936055586105
0.24412381002498518,-0.07275514777336722
0.651920732037365,-0.0764029590834937
0.05803199687065508,-0.08265887779004355
0.49213308745980666,-0.05382474356595668
0.2416358981049358,-0.07267128428909442
0.6896198760097283,-0.05179089573747386
0.6547291096189869,-0.05329443414941182
0.826256176130628,-0.06327947068841111
0.4282365659381506,-0.07073261515862739
0.9026052802546929,-0.042077846634945515
0.13766030569121868,-0.06714786847332133
0.4082699438869859,-0.06703180060329383
0.4213117774699986,-0.08785264780967728
0.5853924568580338,-0.04758500669548715
0.38229630254531877,-0.05815710036453359
0.15893421656824946,-0.07322486242715942
0.1635205877985355,-0.06048138199919029
0.25755051108981,-0.08369638151170855
0.2045375868934043,-0.10598413576794286
0.6690577869464933,-0.08706750941304953
0.4908643464867555,-0.057401382150527036
0.22792555373161427,-0.04748816376489673
0.7580740640019581,-0.07194961880870399
0.30800430658756484,-0.046604782546851076
0.6985664124331434,-0.0963343822365258
0.20442071989840915,-0.08628279554842244
0.1529929522831741,-0.11153271086335725
0.2695512755348599,-0.07878665426440212
0.31806480953620775,-0.1266472719250482
0.23788250101172403,-0.07089713035883594
0.6352798216563216,-0.05800669465973285
0.42873356090899684,-0.0755541082166008
0.2670172230915693,-0.06005782363720502
0.5313443226732852,-0.04914643473619762
0.8058636842238647,-0.03715006797470366
0.1551544654290291,-0.09147079749212306
0.7474692152545352,-0.03863643797639671
0.5515302091150844,-0.06179994155887136
0.9473721689304546,-0.08688859246521285
0.8397087949531037,-0.05176163284285251
0.6670429590528151,-0.06901808300876366
0.32413378642786483,-0.12431911634812332
0.3877192295296077,-0.043184964743015364
0.7617689262480605,-0.03907714207038593
0.2574246838755263,-0.07572554249870156
0.7058848239103253,-0.04747702681819266
1.0391697495360779,-0.056599515060890226
0.4994310703750824,-0.06977908084608209
0.4841821642521502,-0.04747132228526407
0.32613522126930516,-0.047443177267114556
0.049474389720436385,-0.06828200699673226
0.19153516096315926,-0.09942718357948566
0.35090258015842357,-0.07336924195201566
0.41642035929569277,-0.08013218326375549
0.18036276652883765,-0.08811182939919593
0.42092899836319564,-0.06342987975559156
0.6670021057943252,-0.04229833326584298
0.49475076054364386,-0.05653007580495795
0.9627624601763001,-0.02630108002123499
0.16900141847966355,-0.05726008182087139
0.6831449168532091,-0.03949807589591725
0.8452753733559148,-0.044748568398554345
0.7349718189197763,-0.06222945975099092
1.0187279190655452,-0.02900714453581088
0.38258682366390206,-0.08555077915869602
0.8098052313097235,-0.031936211549734805
0.4572203380435633,-0.0848610007448517
0.4159033937433938,-0.06625240746012862
0.6705320982288712,-0.04377438803815403
0.4260334603384841,-0.059967393964832194
0.7948953088335575,-0.03764227247402563
0.8494892072283524,-0.03849146733700304
0.5207451194913395,-0.07854155719367872
0.851656905987106,-0.05545813920445708
0.4655997461570276,-0.07255275731393507
0.29629896940544986,-0.04984291991611356
0.6243600794959152,-0.04706974585758217
0.44709778131034494,-0.0506374987330801
0.33758055348120375,-0.11272672869412759
0.46661012713183436,-0.08639434039124261
0.3171963766267283,-0.039734479867877814
0.5352061785240236,-0.03751700955594228
0.7782618848624345,-0.062063063315134115
0.3750096787538397,-0.06747482140713146
0.3468865077093566,-0.06471516276496725
0.19166823212607187,-0.07077777464138701
0.18543464202281656,-0.08567325252671931
0.4515011119730319,-0.04667532644154415
0.38630819552417406,-0.05135144041280382
0.6357314153987006,-0.04491949163064102
1.0646334094041254,-0.03211284474296838
0.8070446760580705,-0.04593514798144571
0.34872901283173463,-0.07073018572879985
0.40727656698476533,-0.04260803077035846
0.321317527357349,-0.06796822726743523
0.49863824091800013,-0.045550325054175
0.5803842207051257,-0.06723076979064502
0.44680456823294956,-0.059646514096906356
0.15593284217118164,-0.09225479726645558
0.725826329653863,-0.07262999313724083
0.657288533082397,-0.05514353328219024
0.3655815661881259,-0.04346307044402975
0.34128598537399335,-0.0695845802558096
0.5663834599077235,-0.040453434228483354
0.9058803986650223,-0.055482878310524786
0.49793915771525565,-0.06918269674163413
0.35257371718437436,-0.11682943469268026
1.0357297824408809,-0.06532054045689051
0.22002635357577982,-0.0684791649292893
0.4943873340447318,-0.05229466102102065
0.41461383677789865,-0.04393346647653029
0.2625742725473379,-0.08171992228931624
0.8114739345547937,-0.06618141452664861
0.3914822245176828,-0.08246503733522592
0.7370577648234435,-0.03477211114951062
0.4608237091525671,-0.06987969047207232
0.32565206032044647,-0.07410094904383102
0.722286581115287,-0.03785233886791872
0.39179712664820343,-0.06373472884370401
0.39600674599171204,-0.05780874819461912
0.15919304617839014,-0.07379736140294124
0.4649455714929793,-0.04054619317027797
0.2696224712628583,-0.08362689484005092
0.5930199486884873,-0.051550273122570434
0.6398291992071885,-0.056451600724052975
0.24786321600036776,-0.11994738948516792
0.27951620838971203,-0.07876535542932062
0.32456546232290395,-0.0639971732399186
0.3838245895106742,-0.05020871978065167
0.1884573835277943,-0.08640681159463026
0.45404374563418637,-0.05070623111831274
0.3999416657919783,-0.06759069485725422
0.5775832724056218,-0.05405343675066465
0.8335259555978531,-0.03935288022450045
0.7406333719959759,-0.04919978294920546
0.7122523697685805,-0.06304773316963175
0.5729995167609117,-0.11481976111907943
0.31508549461157553,-0.07900312033262957
0.45949996775047386,-0.08106725160335004
0.33319090103927507,-0.06664067017280384
0.23667905717555504,-0.09013977971533416
0.2148645722879743,-0.09478850610242706
0.4112718859515876,-0.07715957510380211
0.6204673503168643,-0.058987484145477276
0.4392408827479992,-0.054910079473133755
0.49759406187142785,-0.06393737937696331
0.3824399344259686,-0.08562370354004101
0.8758738018640797,-0.029142032213203328
0.8213275117726835,-0.06392593333757912
0.45678826605217804,-0.0603627969695415
0.5504822858344633,-0.06981027286751285
0.44264259662956285,-0.07721841509187355
1.1130946607774654,-0.048826998554235446
0.7948264020306761,-0.05679435411712963
0.4698830612438163,-0.05162556215629244
0.44512517983049626,-0.0644171736870982
0.46322113168161194,-0.08125918960560308
0.6873236132133778,-0.057697783067578
0.5658224835107049,-0.06598688292053445
0.653396934465593,-0.04658270151022281
0.4925631476300749,-0.04374336674460633
0.8781261855983427,-0.03789105451665897
0.38054375585339084,-0.07641223519321394
0.6400604482019359,-0.06136536501537715
0.5355146473994628,-0.052978320676496216
0.6384836718224915,-0.0634984344967422
0.5305533021302726,-0.03376952170048397
0.73930835895535,-0.04744385631591974
0.7616106199625092,-0.029354367926262337
0.676397240623765,-0.07678180156374648
0.8291924543045173,-0.06943120113698964
0.6179477878749684,-0.03872797266227768
0.5888378975104858,-0.06941009615864757
0.5379788331520139,-0.06057428488219563
0.4361182675873214,-0.031026906483020866
0.7518648699908155,-0.045136213934247715
0.7214783478270295,-0.07025744936704348
0.3989365557359832,-0.03818685972660396
0.2737023035937003,-0.061773865460875266
0.9894341453582745,-0.042021409354992434
0.673067669435458,-0.05374902298745243
0.6207184896801956,-0.05956924021226229
0.14906170076692926,-0.1222590649748686
0.7251993956624863,-0.05601410963418085
0.7932228855903518,-0.048158892269739906
0.2723659126222102,-0.12055877035051055
0.7352897071738693,-0.04617342769944455
0.2907888410030173,-0.10782372990766942
0.10659759171333394,-0.09188797211851596
0.26491994526186424,-0.07409361530736991
0.5006461022420061,-0.056976149489291306
0.5685221412611914,-0.06428208995448381
0.2777840574763686,-0.06496888308946491
0.5519508480996704,-0.051395531231970826
0.6074988796506728,-0.060284075258632
0.17622747681362227,-0.07057147232720773
0.45838799324642343,-0.06242367760494727
0.36769075960177156,-0.040790134237079556
0.4377943852137205,-0.057800427075080374
0.5307893607087455,-0.042218788456358514
0.18597085472591024,-0.06338316484853568
0.44769174536431766,-0.04992807242274888
0.4596267578955895,-0.07303770100022156
0.44950797140980203,-0.1033068157593916
-0.035738298980474315,-0.11992718002260261
0.42000243062691434,-0.04994319901606903
0.25298434129275704,-0.08524957306761072
0.24130527646601685,-0.08696178419469869
1.1187545035191886,-0.04434360037438967
0.7959555373792524,-0.04081451259173152
0.26471834293974417,-0.09678758295672452
0.2762350775263773,-0.07327237780890761
0.47158187256998607,-0.05261409468993394
0.3747756537855076,-0.042952219850766915
0.20857265917118428,-0.07249531889024119
0.6781028060391214,-0.042595718763620116
0.3174183185243735,-0.04903643287724291
1.0231421300603145,-0.03683364106876519
0.44429081291060024,-0.038486256347353476
0.2993424791271748,-0.039561514106811746
0.2725034678036782,-0.07958675115647884
0.6912491182840574,-0.062496857565730535
1.0685177452515928,-0.04007816378597273
0.689384370994002,-0.06206268846147234
0.370493376197492,-0.06202153379451636
0.27318701531547407,-0.07193828859804252
0.5779487611524663,-0.06782439415825448
0.3633988062626392,-0.038296795235774006
0.5173107470248306,-0.08804545823740961
0.5631573408221988,-0.050346773286012114
0.41517785642163374,-0.05680254212418512
0.5790142555210458,-0.07809332273523706
0.4677052678303344,-0.06529480454609804
0.6393734106826015,-0.044570695948035866
0.6183813709875956,-0.05901533556546357
0.4604224276183384,-0.07001799218597482
-0.059259796942935705,-0.12819434258949924
0.06257166456649488,-0.1557101201436385
0.6589702056755105,-0.0439644757199501
0.2521771601391205,-0.07029002368644599
0.47918037369549893,-0.06268601646479988
0.423686935149727,-0.059695147618179845
0.5338693173751936,-0.05086749099370136
0.4880685522940764,-0.051089369516037264
0.48096128127967974,-0.07597608020233582
0.3461963050354895,-0.08099486441620107
0.5585231547551484,-0.07475560946924342
0.28912879896659116,-0.06692300346665592
0.42665098891125486,-0.06693150719200003
0.5609067126866578,-0.09496471110001148
0.6998124146755318,-0.05345266604238064
0.2657721929040464,-0.06773258101493795
0.47472682884582706,-0.05898775736278328
0.36363700883460015,-0.07424758806233489
0.3376221957387966,-0.053058309701495165
0.7528851192538915,-0.05513922131664706
0.43714690839050085,-0.1138332640786549
0.6422245658237791,-0.0705950704104632
0.5084273087550568,-0.05788757702958425
0.8743204830491449,-0.06252397565369272
0.6229550272262014,-0.04961418655191818
0.33555180371695226,-0.05819328536655799
0.8266888654950417,-0.06639114556394432
0.4854864973257713,-0.035756629376335614
0.2437085176027054,-0.06289417210305293
0.7908611025989569,-0.07614202591163799
0.5419066497575291,-0.047362504087951285
0.3967084101250038,-0.05624819558167826
0.23148478602827272,-0.05217636762431643
0.6594279713271058,-0.03802711073416887
0.5404533471845712,-0.03833061892793055
0.5047336547192567,-0.0930338622345761
0.31061805275559196,-0.08732300911703672
0.4750838936099251,-0.08887643298256243
0.5899810385060384,-0.059396702590090555
0.3970312143755026,-0.0440000160112084
0.3711549098151483,-0.09709720816308387
0.26933997802861676,-0.06959698039724727
0.7212627723361253,-0.053694994272335594
0.6064859166387526,-0.06177105146748674
0.9712719682619986,-0.028816465401201974
0.7815675428272715,-0.05573097502529323
0.5577917638041008,-0.03632563109521869
0.4370691754347811,-0.08793587013812554
0.37672723935274055,-0.08786383691031119
0.49379849797010356,-0.06597390048538865
0.6617662575272178,-0.045740034520609374
0.36915409289326595,-0.07840725102276558
0.42865624047657147,-0.10134402174652446
0.7104255767770984,-0.06357157343869924
0.49177468618361764,-0.08512978726807652
0.3652412718565725,-0.05505135300844988
0.31318795564123936,-0.08026023202589239
0.48085545357194537,-0.03681470316072788
-0.038848811896853186,-0.11415127294941052
0.475502765754932,-0.09842016411226662
0.5944612889325345,-0.0443156281911945
0.05019082929255991,-0.1522905964137995
0.323845847394828,-0.060065008079048354
0.6079019602398703,-0.07358119275182717
0.49441485376077754,-0.07029724299288631
0.33734799795410453,-0.07798263970625419
0.7780943700300316,-0.04845786330334212
0.5000400419711231,-0.06309329041688916
0.4912887841482745,-0.0387375901892677
0.6585624771353873,-0.047245904992981536
0.5326238366659253,-0.037563237345484946
0.43643924609655893,-0.04085047953038223
0.43737838096367354,-0.06321999700654302
0.35726251059275116,-0.06775354453189619
0.7109641993795608,-0.04885562938587851
0.4847441334113869,-0.024095228909989275
0.6309543154392054,-0.06529833535242568
0.43094219460404903,-0.04893522217694579
0.5652704181407953,-0.05003807382801617
0.637561206892127,-0.0613622283891635
1.1883995299868526,-0.04320343776355773
-0.06253598208728073,-0.1309033987872269
0.7180861706093156,-0.05343948204987836
0.6056643050803294,-0.04127328168522504
0.7248786188263292,-0.0552974861651101
0.1385372073239859,-0.11520216580870479
0.17475953576252978,-0.07255095165646464
0.7858328541000623,-0.050948876794319586
0.2234167958707003,-0.057363535711929425
0.4490833650739212,-0.06962318916217414
0.4480721905872127,-0.07254033978748142
0.3484720958591463,-0.07477974011582289
0.0676117634947806,-0.09470124211501507
0.6016295075546088,-0.07774423211778614
0.22723059745621588,-0.061722745822136216
0.6583723483986106,-0.05815972878890119
0.6184094654119736,-0.04225992839312043
0.5057605511566965,-0.06517011746521284
0.7417778213153576,-0.034432590312863276
0.5358149461507367,-0.08188137264992579
0.48258177019959425,-0.06470556571709751
0.6518353790674478,-0.07257012447508271
0.8163024003915984,-0.04344054672416531
0.5935810749985035,-0.09251045936364977
0.5895251851030743,-0.060209588830980265
0.2697736602839149,-0.06326635348772924
0.493855736383241,-0.04646995660509179
0.16178925519151677,-0.0741681994271911
0.48949726118810966,-0.05139112878233221
0.6722695556312421,-0.07717025989353932
0.4491254840525518,-0.03786289980080282
0.18490697131758926,-0.09807147484155243
0.4323810495202174,-0.054160131711437076
0.0008318515670313609,-0.12646570197860973
0.3912266739902466,-0.05646343712409796
0.8791347581207423,-0.03629450041303106
0.8269391826179697,-0.03455167538273074
0.27304729835241703,-0.08970336144478708
0.2060820889783319,-0.06742146196961474
0.8244474002975188,-0.07402575523445254
0.6290972549371929,-0.03859741474115408
0.31325659789036564,-0.10220487710165105
0.3458761558025103,-0.04772705494995655
0.4834589678778478,-0.03678336242210689
0.3984832698012857,-0.058653076027961104
0.21485558284909456,-0.06329944627562667
0.0419369883165035,-0.11882957861053689
0.2769458081101941,-0.11387400284448579
0.5711799044553207,-0.06062140459961651
0.7688039445180173,-0.06184060448104056
0.3757969703058146,-0.07295591800192835
0.5188187072887547,-0.05964990216126931
0.2702090892479343,-0.0685612245510322
0.3998785944498673,-0.11928151814851651
0.6118087524388345,-0.07825785148162423
-0.043749500311667466,-0.12113330025938762
0.39102643831416617,-0.06172867029996909
0.7685564148748827,-0.04805237373428739
0.3745918482468322,-0.0585955269333166
0.8552447422495697,-0.03403072338253188
0.5381876025266186,-0.057172507497578406
0.8661851961308991,-0.04949034177433376
0.601831383943511,-0.046441524007853285
0.5349457206448642,-0.08139168852778578
0.3582578490024815,-0.052871178648103645
0.5561457939340884,-0.061593748642119195
0.6126541099797498,-0.039200881908781016
0.35531562431229813,-0.07477000763823516
0.3285666425705145,-0.0551408445206536
0.8297421792509503,-0.040726917711543464
0.19510878743355886,-0.1609487079673152
0.6571029345259738,-0.04210698345267927
0.3877657102490939,-0.05600343440728761
0.4495421071307475,-0.05134928154121832
0.13949543093568084,-0.09851584641667221
0.9651776521279876,-0.045675187219699986
0.6765961595676366,-0.061287326899092665
0.5554700486859279,-0.06155024830988376
0.13091257767272846,-0.14330224874178865
0.35439658771485116,-0.09588895271083164
0.4086422005839565,-0.04794643219157235
0.3626182220016192,-0.05741994670536177
0.3271935865463045,-0.08420254633824376
0.3691715851801467,-0.06453972494303484
0.5346187488044991,-0.061479264426220426
0.37529720706021985,-0.03413494276226925
0.6020894112316235,-0.08688520118779186
0.4041303312503677,-0.056252889918371296
1.1237410763046265,-0.03785525797385725
0.3520228086041777,-0.07133895084835884
0.5283791184088482,-0.041576162789342286
0.4955039729036761,-0.06799099811900233
0.17340967792892026,-0.12986393498286442
0.20577223638228004,-0.05717273428377623
0.5541460754022591,-0.061814201174993144
0.6248680274976,-0.054259766628754647
0.3640758614453692,-0.10065552917714304
0.7029448603347954,-0.08127751177163767
0.28918234256759656,-0.03555694249174024
0.719477223602226,-0.07368032507610989
0.3644951950156241,-0.04801356667525314
0.2590146449720181,-0.07224061679805927
1.0867793511077215,-0.028816465401201863
0.3615879186164668,-0.03118222071792487
0.2517019381660637,-0.12365181211037113
0.40277225829493424,-0.05111476077697075
1.04293945114761,-0.06390441307714845
0.40117448928426613,-0.05653428037658936
0.48068299768715805,-0.04288030646856833
0.4793144249983765,-0.06625247815540836
0.7007789213170768,-0.09663324153498032
0.5344037506134527,-0.07757132391387245
1.071726212731059,-0.05761498679128052
0.3189958425255457,-0.06389546913016997
0.5284789658845284,-0.04318617987682449
0.494355901498865,-0.07544639224401495
0.803223130338325,-0.05903466577705896
0.36589760562812423,-0.057550200148256736
0.42529843118583543,-0.0815371604302727
0.8766479195584456,-0.05600458915033202
0.4785446271089264,-0.048225143249590485
0.3271900034646791,-0.06928024192175442
0.22637500039523006,-0.09026236241620267
0.3119843854375768,-0.07183631242352728
0.3415497032199144,-0.07363776266633637
0.47096741987177304,-0.04086799338502045
0.32091740669036284,-0.061135357770551346
0.31525574364584097,-0.0661894134473896
0.5855060376209493,-0.06703101955979285
0.44855325111258915,-0.0674945017587828
0.5949028722075709,-0.0461665171965826
0.42043347246377705,-0.051104745962613496
0.8723401572067411,-0.0408021380878435
0.4618233880349749,-0.08033498968735076
0.572710307544148,-0.05209002954112052
0.6374618446875806,-0.035362603893029476
0.21360941699443048,-0.06908401790975549
1.0261579632293847,-0.029076818323436338
0.9248893287977684,-0.0333156179504599
0.13009418068971224,-0.11349764915932792
0.3217507537747428,-0.08970506910556175
0.44310494863547634,-0.06449404410906157
0.6076155601101592,-0.034385271859978084
0.3407796832394949,-0.05884583477104577
0.776181151501629,-0.056642024538406055
0.47564764847822305,-0.06585296727541068
0.3795364273979658,-0.048062518076993355
0.36447806599566546,-0.06874048517326792
0.41346567532743084,-0.061704640197992044
0.6327305150062783,-0.04518102661598322
0.1420607002281491,-0.0812790793579733
0.7890502900372891,-0.043783258560808225
0.3532180657345234,-0.08100113181000357
0.4508689059998461,-0.05160145840883157
0.3629251685485664,-0.06199867564437589
0.6147226731255024,-0.04808058212731392
0.7049216836477177,-0.04070854906463972
0.6211249990683647,-0.1159763670290751
0.41875477228468094,-0.05548146895026873
0.5273969838128003,-0.09315700247840597
0.24420554915751613,-0.06579156336916825
0.64860691108994,-0.035226443810844166
0.39724926362717494,-0.0803247031391291
0.6257927818215989,-0.04093809728753195
0.8299514881171357,-0.05139741600000325
0.28804056863123306,-0.07483958892138065
0.38037469341363495,-0.05345426897081429
0.5314047476224475,-0.05585286163748571
0.5408977642553792,-0.07331103487074753
0.7090840303145145,-0.04035610102425924
0.4524147655664512,-0.056700762986356734
0.39088261248246736,-0.06097253296381355
0.5313271712831862,-0.06427991632974206
0.48648819421983225,-0.0672618333343411
0.2897957193652898,-0.13444250264736857
0.8493899425812854,-0.05221899859561807
0.356223002326705,-0.06393927555620427
0.31979620670015496,-0.07062098813096929
0.4010294712945315,-0.08110073007089602
0.3211162910843768,-0.05564975747833034
0.7596135127553199,-0.07197563295711551
0.07709794046023521,-0.0661207886371542
0.6630555569771444,-0.0716328279931473
0.6032056752299675,-0.09086586623118653
0.2638157365646321,-0.08271054964389857
0.12565311944883129,-0.08276530233381696
0.31390405973987745,-0.06424291924696746
0.5121220752433759,-0.08749409021900911
0.31784540918068815,-0.04055967673066063
0.2704705701245369,-0.04522415170629934
0.6619057053736526,-0.0441036529655352
0.23391628915244067,-0.0932617807367776
0.5702213255765858,-0.06531020813096922
0.5439557684869234,-0.08471847435920588
0.3399859805255818,-0.06924318550930875
0.3585726558264202,-0.07232836333420967
0.4727903582011235,-0.044691829527746085
0.39317764147124135,-0.04821580686413518
0.6667270811063024,-0.04559001638303173
0.5072761870955531,-0.09251961528692121
0.21726247256257736,-0.09031605614685789
0.42822370024484835,-0.06978082263331253
0.28629634125530035,-0.07165115810990241
0.26837971334603905,-0.12355500407275377
0.3891607241688311,-0.06599111899939958
0.2780998661668488,-0.08599056825737128
0.3100752201801884,-0.1050414161986436
0.1944522250221885,-0.09006093173892105
0.4767063351237113,-0.06046921337601341
0.5666566914355597,-0.08763827007041225
0.392542503684431,-0.07652155688422124
0.6623177099488613,-0.057932202244744824
0.4843235807725772,-0.07359891841931099
0.6873764295618066,-0.0786513307213147
0.5796425606492746,-0.06414432290949657
0.5010559693307344,-0.03209309839263996
0.42246594944214966,-0.09932537516904771
0.08262639644226644,-0.10239915515215636
0.27148307669950245,-0.08181586958426323
0.21474845231142337,-0.06713756303665852
0.9500769685591497,-0.0463314308922993
0.7354549961670429,-0.04099440934215892
0.22845407560734277,-0.08987940605874212
0.6138830490956382,-0.05537094321731695
0.8601689739048453,-0.03991628452179896
-0.03673721087558246,-0.15041670518629258
0.690493886143676,-0.0662192305938335
0.5337011557563429,-0.06378599936825935
0.8361181140845837,-0.06523924857615204
1.0315435129032506,-0.04515348563042809
0.8007735432182617,-0.038113311999305344
0.4118515886255709,-0.08056847711739168
0.24797172965595604,-0.057937762509798874
0.7257258870585437,-0.04779710910471657
0.21846099484132275,-0.06623030572510946
0.326378366131469,-0.05941349141731078
0.49492359003134734,-0.04090034507401186
0.19556277128266553,-0.0677645953465742
0.37622803553336714,-0.08147330635377958
0.7749415973327252,-0.05163286458156302
0.35816034884650727,-0.03896111036600436
0.08908394338727432,-0.1530684716742141
0.5886959357323454,-0.08050420758772281
0.8917558183846572,-0.03195942092967141
0.5781471473779329,-0.05090250232822824
0.4737013683240918,-0.06518360900445619
0.4585141625540001,-0.06391085997313428
0.6482021267607825,-0.0632209500876969
0.5933074179195195,-0.03914094815763258
0.5559026666699307,-0.04740909450418618
0.3237497452927045,-0.08712484138052023
0.48732622259856306,-0.0398161723996826
0.3899648425236393,-0.07850074375330984
0.43597536512903456,-0.05547268083605306
0.6279003611546077,-0.05312011203901679
0.19603219061602184,-0.08867569462378899
0.7185096655208267,-0.03428233106401568
0.3148519331141666,-0.06740069704060225
0.9256826235575475,-0.044195433416428065
0.9142948577477277,-0.04616634464460023
0.5353899926627115,-0.035044124144722244
0.6182699584367037,-0.04272509073505304
0.9233610994098271,-0.03036638468848807
0.4941220978031755,-0.047258970727015015
0.31488063877683437,-0.044207521119426496
0.7592538007620502,-0.05081996785608167
0.4368501137770531,-0.048919453579936434
0.8614761328720428,-0.07605330113120135
0.18955979939098389,-0.0787840235061672
0.22506000967586948,-0.06462192704152936
0.16141106001895067,-0.101146723208416
0.5122247306236258,-0.05677835718533597
0.4016466871754094,-0.06605731301081696
0.40707946831432484,-0.0575218623722944
0.5955820711610376,-0.07275036441285632
0.7382640876344293,-0.056156935381688755
0.5820032144438834,-0.13513453345247384
0.22972527710728752,-0.08301558809744791
0.32537015308311656,-0.12046975988624686
0.5489558022834753,-0.07268472509324087
0.7527229679515781,-0.049929888508489007
0.3686502066433437,-0.052251848734427675
0.2685006307047513,-0.08708247097505195
0.42586457247995035,-0.055870548711046464
0.7749686751399303,-0.08710613036797654
0.5331578219326845,-0.10366147973313866
0.7728640728214451,-0.032230732708331766
0.5859771458867915,-0.056069488448139526
0.7913659248110492,-0.07001321451205522
0.23458549155660768,-0.05404512683245932
0.542462584105645,-0.13574129854392114
0.3580538476134021,-0.07371969125576328
0.7263772089976874,-0.037455181525709036
0.5269040818411477,-0.07583443149751368
0.5457036631982912,-0.03447186949634862
0.8360118073679057,-0.05093818188446375
0.3038851174743613,-0.04806148671673449
0.5871874994355786,-0.043769506923376444
0.7134065905754738,-0.04720025831187946
0.4310068914519172,-0.06376866722308927
0.526497710848898,-0.028816465401201974
0.4487698462166527,-0.0681349515188241
0.386342324215704,-0.05426112387634119
0.5204063390391103,-0.058737970493358715
0.49511963038569307,-0.07197550288035648
0.7472726058477088,-0.07595025399161204
0.4123602803324198,-0.048534501784902595
0.5108121113815831,-0.07171340327495868
0.1393552770101043,-0.09722393229855775
0.5667205424921569,-0.04954269056408489
0.42465697535322655,-0.07880268476407892
0.5124155205221703,-0.05989431528257794
0.23703889630865738,-0.06865027042622007
0.5412109794468716,-0.07835735093123286
0.4274816988470276,-0.08489938786780393
0.4005923967237284,-0.0919797521818867
0.41748353738525057,-0.07716301347760957
0.5788128852552441,-0.06877132746373582
0.6053387027219372,-0.038994074461054073
0.2808980520130089,-0.07730072613090344
1.418212849738401,-0.047632968776034734
0.7479314942500008,-0.07302998546207362
0.32619981295861855,-0.07835375761891339
0.4681772455722455,-0.053424849036023514
0.8137177809813918,-0.06474498277760121
0.460244165423074,-0.059405432773174116
0.46724954531193186,-0.08060328705645892
0.18759557610904865,-0.05857895159588966
0.8725716515682722,-0.04368712987872436
0.3145758192708521,-0.039065278495226785
0.5720120541768441,-0.03380890426695182
0.24650121193904306,-0.12105565977257149
0.22158620242971372,-0.06872790965524711
0.3938972640727729,-0.0642443500907971
0.2697568050862491,-0.06961633736424822
0.12643603067877307,-0.10072581250317203
0.13528174329580245,-0.13456358469571084
0.2760181896656231,-0.12355476441423052
0.1448559475286244,-0.17995503332339913
0.48495018665815026,-0.05316467051682339
0.507986675734315,-0.0741680776628183
0.5041242044506344,-0.04640498468257537
0.47315075954683095,-0.05291369753980657
0.5340068898042352,-0.11028807127235907
0.45576081774261223,-0.06623001983456178
0.3906196097860235,-0.04769614037262049
0.4808048493662822,-0.06875177200377958
0.2448964758880654,-0.05370286109567601
0.517445560125722,-0.03821807989748216
0.24488433265314713,-0.07709636253669938
0.4373879379902055,-0.04081143012121813
0.5470753151025922,-0.054255954059916456
0.8324325326448281,-0.038446665712370987
0.16961789355444257,-0.09752025944985121
0.6086745215395779,-0.07083482324829449
0.4281162115440271,-0.07530179888958521
0.6348863874931332,-0.06488435533751535
0.48490813613809514,-0.04555454856759611
0.4642191236998727,-0.13407174896100982
0.502502024981468,-0.07840065037665056
0.5449686227987989,-0.07559728800201115
0.25476850992038025,-0.06036315971868056
0.37326536639094576,-0.05865894756514045
0.3391309943543279,-0.0498515159760019
0.7092518006741197,-0.0360011404115439
0.23724812369398696,-0.08996779080853945
1.075599291291978,-0.040399583527469085
0.6938561254679916,-0.0725563894136858
0.5621574215539262,-0.0467302677706285
0.46840544446004606,-0.07812735917595881
0.21612893438592762,-0.05914214329740608
0.9466012447720864,-0.03749074163902433
0.6149901991591631,-0.058848020963097714
0.3712863261426176,-0.0744888223250263
0.268082713342525,-0.06336568658919484
0.78970723826211,-0.061106818328182655
0.3518020674362696,-0.057813350173274713
0.48590491722658236,-0.06554393930880109
0.11133575989240985,-0.10682708935630358
0.34764880139859544,-0.06053411064658276
0.5384279039894728,-0.0922641780799095
0.23125508309831,-0.08142602620501482
0.3504561658110763,-0.1617724733002296
0.20978119549620988,-0.11040197274941521
0.2649463849095035,-0.07317738672952134
0.7557285374243217,-0.05901635333528776
0.39019888824159743,-0.043474366853151314
0.7185648801296738,-0.041823460238104904
0.6233177190720889,-0.05030478194505239
0.36749478369681743,-0.07396658834245307
0.37089582117473086,-0.061251088568134104
0.49845310590123826,-0.06169704407707999
0.3259423400505874,-0.0637898763058794
0.49600164027307003,-0.04473216883122466
0.6521559729375712,-0.06439543780623791
0.37302591869456014,-0.05763661996880509
0.08124169627379962,-0.05812133247182527
0.4650903754934239,-0.06856168048753464
0.592341886620952,-0.047561398704650704
0.6596859691414303,-0.05579568712967786
0.5119051065917182,-0.04340638329640811
0.1931173201673777,-0.0908370145454972
1.1765588158721614,-0.06214935263509869
0.48746001028308417,-0.03880752214610528
0.8490107520924983,-0.04060539336467217
0.2387409668300018,-0.07864207384725774
0.1786358634295857,-0.07423099510374898
0.3853991276008999,-0.0487362625721901
0.2233109409301295,-0.08132284555876046
0.6140447021685553,-0.02803419525222739
0.402593319168681,-0.0840983776725791
0.46801566488965296,-0.05087794297702353
0.6455773076846285,-0.0614617998142033
0.4415560958326308,-0.06047471178205022
0.4432268975452236,-0.04744680783791544
0.5383731970204326,-0.09460479479786654
0.43865102097715214,-0.06725177864488852
0.4171865805018604,-0.05785357979881134
0.13559822873698146,-0.11536771364150422
0.28295481683927903,-0.08375707857283698
0.4952938249169445,-0.06463151240924525
0.5758654047532037,-0.07373280108053115
0.20535034812068043,-0.12238950988759578
0.37999670354347526,-0.05164014987160359
0.6819935935543555,-0.060575338589539895
0.5244557025239187,-0.031124834621425457
0.40732858350551027,-0.06216639551349479
0.5380011076692157,-0.06541610435808654
0.5182628993776024,-0.05447914213091731
0.33156461946421656,-0.08322614053327804
0.3806318082415856,-0.07776795303663597
0.5285347252590309,-0.081539152702088
0.4567472711041043,-0.06597390048538865
0.039371282181960066,-0.07072300685233546
0.8070678703309249,-0.04274878659564907
0.6239627896497608,-0.04719853516201655
0.03950963590050449,-0.08086428456012784
0.20782770907185966,-0.07909979343354268
0.44413512241660746,-0.1044664360152352
0.6867651383801487,-0.03549849992441567
0.9423994826565376,-0.07495337906979427
0.5132326155272231,-0.06912859196492993
0.3239126553448526,-0.12689771042180498
0.551970480201389,-0.05188929694214628
0.0020376482984236777,-0.11342085981941585
0.44909728726509157,-0.03810535947802762
0.19209689060157387,-0.05764204069438339
0.33618208926902504,-0.07961596167303042
0.3107258133829547,-0.06833723717131757
1.196729732920816,-0.050463577903179235
0.4830337702196399,-0.048110027281982104
0.5967246492727503,-0.07295528422392228
0.496954871583452,-0.08108026443772576
0.08587695673823958,-0.1388081020927402
0.3354039798168733,-0.05734842511021354
0.41127809858681874,-0.06452698808805246
0.3117681403299488,-0.08363666495699007
0.3664438076742751,-0.07806585026346868
0.37689937981220334,-0.06687754370121857
0.5416724014923866,-0.04913503308369005
0.19172618793452711,-0.08322131199648775
0.29885503328702034,-0.0702068131381165
0.6101431470607088,-0.041826094728983465
0.958072660804423,-0.026199350616379347
0.5619691612513722,-0.04050269555211905
0.5557638022085105,-0.07883617801709975
0.23046637944495263,-0.12254514116979875
0.24172906416738948,-0.058769184374396155
0.17881361630634873,-0.05140785795291103
0.458706865278534,-0.07940690392848382
0.8634886685213548,-0.05234427427268806
0.5248291377656078,-0.08764440496121151
0.5080041083653217,-0.05617010313895243
0.48467922244892914,-0.039639477921724064
0.3379099182918699,-0.05309306677409509
0.11727051512595144,-0.0870203999537611
0.6255388500915089,-0.06452527416756981
0.4643456211621535,-0.04401683518915056
0.48240299028692024,-0.09370965952193866
0.41700448266507206,-0.05058852181127105
0.4366252150251855,-0.05397255655117639
0.3690443440045472,-0.05099844074695303
0.25388390125665605,-0.11824683747663745
0.5106634091400633,-0.14043855538307826
1.0310412451756226,-0.045583271931341596
0.8475041306602684,-0.038705694276040425
0.4781504692320464,-0.06206836678347105
0.12980603294399362,-0.1248957914808988
0.4170328111535515,-0.051831426470759334
0.39948782981235476,-0.07617016290133993
0.647149946419491,-0.05700548567084729
0.3447714579912309,-0.05757460376271295
0.456378617915852,-0.05749443616582328
1.0425308823777835,-0.08410564020662914
0.46461922760073904,-0.043679979766367394
0.4964802584015826,-0.109770126102398
0.6463199129731483,-0.04536419859033958
0.2264171736719114,-0.050520040222076235
0.7402296285441521,-0.05058098957910406
0.8075837397318479,-0.08324976953156527
0.7156085475985403,-0.06844444059007904
0.4680245342159963,-0.11895263200371364
0.09301159660542568,-0.06646210304434386
0.5507389272321166,-0.12066816501675937
0.2310776635037266,-0.07129072493155753
0.29449821594724734,-0.06788902453250745
0.14540309583401978,-0.12046931541029027
0.6437713329460746,-0.11157992883627488
0.5070635380278745,-0.0542188465679434
0.4870925916852351,-0.06739696251312421
0.4784861007525232,-0.0739675946471281
0.7459741116079588,-0.05680254212418523
0.4660475459724287,-0.07160116422570728
0.9127648919321858,-0.04625650678879567
0.29159103971661615,-0.06923467519163196
0.9801716047832241,-0.038384183140635963
0.6073220400032875,-0.031059775836248305
0.9870905874210845,-0.04723907963127427
0.30063189404559965,-0.06364921580286165
0.21386553990244117,-0.08765383759806322
0.4264392578415237,-0.07399785829352024
0.6033960837320049,-0.04837261485570443
0.3896457850040169,-0.08693937174495703
0.309404064537647,-0.03525678855483094
1.1312732922698294,-0.033471593713809034
0.6878770186696106,-0.05869799583323865
0.2501839952483884,-0.10048374961588624
0.38746055424856896,-0.07981562128102138
0.8389198673378706,-0.027833322085920265
0.27036505325579485,-0.06755262861792022
0.35672208949551143,-0.04207003350919769
0.8038817880381413,-0.07478901853674591
0.4106334250050816,-0.029202488071677024
0.256453228420763,-0.09042593544121835
0.4696214316826661,-0.11452668830555035
0.40512376691987817,-0.05155762571609235
0.7026448491621027,-0.0633484901182475
0.20211840013154458,-0.06538576871807433
0.4557150239366776,-0.12220993736807917
0.543762298286385,-0.06407299224174967
0.42855442355416407,-0.046128809026466766
0.1362632340486858,-0.07393600539792311
0.8340391947237171,-0.03859747436985628
0.4646769906829191,-0.04270889189629834
0.47764738065604817,-0.10494393019002168
0.3410414726137736,-0.12572795189697805
0.5984154233553995,-0.08662402932979552
0.44468818722984227,-0.1127099019699963
0.46882467742386313,-0.05845470534952679
0.17334857719051966,-0.11787893995591914
0.36756515776876597,-0.04441284710298121
0.5038713739224883,-0.07719524138292899
0.31490410719011064,-0.13377054829104595
0.5929812839316633,-0.05123431667319944
0.2720734274275072,-0.07606780627968146
0.6305197388996291,-0.04191081218144388
0.4332301096734603,-0.07255872913908434
0.2644377635487314,-0.04985027817773402
0.4056691559101202,-0.0839223629485295
0.5631089627915846,-0.04789680449907541
0.7600197594671605,-0.050522077910749474
0.5218861779814967,-0.06933913310809925
0.6819915163726022,-0.044028080664675895
0.10295256929637886,-0.12113545687574978
0.2988135669105594,-0.06646771922790196
0.4506230046403905,-0.05864986290137231
0.3133732815418313,-0.08407068073664503
0.1766493459334859,-0.07523363402494698
0.800909689040084,-0.046559275306938264
0.23387426946597234,-0.08300969935018998
0.22726189021369447,-0.05315938519281127
0.4108255029856094,-0.04874809709708128
0.3834045689075172,-0.05308113379660706
0.5061448743014827,-0.06598761581386148
0.37889456631279317,-0.05322378873231315
0.10922756073578332,-0.06896056234777026
0.3605219223523639,-0.09507737267136274
0.7508250610466769,-0.05139726526671129
0.36065456667132056,-0.11277482821591478
0.35046888905668383,-0.15134704720593195
0.5093746921562983,-0.0532396877697171
0.5577245772795039,-0.04488313531379462
0.34444597785347786,-0.04953513149547717
0.25278087119263715,-0.11712218345210235
0.40118854930143044,-0.06258028554464523
0.2543236343653055,-0.06266000051887721
0.4384166954400981,-0.032314334656221466
0.34687940805784945,-0.038021699949026044
1.0069067364750284,-0.05094929217168609
0.6517124184099421,-0.040485737674074596
1.0728165968258936,-0.026136578016369816
0.7261690913525467,-0.08178016626530238
0.3083961617460276,-0.12776799948742457
0.23553787456183328,-0.07659925880523111
0.4289300754335992,-0.044905824861783517
0.2803893044092116,-0.07531834145214966
0.5811160773769855,-0.07386940891402971
0.49509661193045273,-0.07160967318972378
0.628208629348969,-0.06040521642633423
0.4994539639182376,-0.05046930951244255
0.17046999574706856,-0.12279004645682012
0.8869548759173711,-0.04449562280177388
0.5033109871991286,-0.04899801897054479
0.3652777858538774,-0.0438854382755397
0.9247297634720304,-0.07135355034052471
0.6915640261322129,-0.03514450852730866
0.20191737232771478,-0.08186305632030555
0.5958179636246688,-0.13983959073639984
0.04043200188239293,-0.13000304951504205
0.5697995542903438,-0.05432733831573777
0.6505298939114406,-0.035943766941883615
0.2946701071446376,-0.11637360320646484
0.3496898864414404,-0.047785549345234934
0.811343037720202,-0.04085883696843873
0.6152831514911075,-0.05279372994856657
0.6734773944947521,-0.0543402854367544
0.5461680636811759,-0.04332192020945391
0.35294350807761865,-0.04341645516113957
0.9508874413687953,-0.050644656531368626
0.5703947232182176,-0.053494782966490906
0.6101562787030437,-0.10367457520737855
0.3483889207886177,-0.07902303733410831
0.4334694501382743,-0.07243242727436394
0.7946029425863999,-0.0352891201168426
0.3834384504090753,-0.06604696563851731
0.2057986409255692,-0.0731611640212958
0.26802335758827045,-0.07775353220604597
0.9312622185551886,-0.04864450308243762
0.530708392014849,-0.057795516639142064
0.6302696477162026,-0.03835896390381133
0.42580709168795927,-0.12685602319214795
0.40811846109608774,-0.059430332349059034
0.3859307236157805,-0.08068031212517457
0.35468393439407153,-0.07668137934697994
0.6344652636189458,-0.03471611594349455
1.25168834511453,-0.0639547319363416
0.6797334621884115,-0.04316103346444222
0.7102737820096066,-0.07805723119820929
0.6042593448574156,-0.04437800673076431
0.35050572869964847,-0.076233081386479
0.4289783504226581,-0.036810725337516836
0.8382023855823029,-0.03313442912803399
0.3259363028251825,-0.07718371701701354
0.2975035268829902,-0.09535245365375589
0.22684318572171658,-0.0593443048949186
0.18987410026538387,-0.11496787083577598
0.29624576135298697,-0.09334385502090237
0.42868523181916385,-0.045619050933154215
0.29295368438109315,-0.06465073432543644
1.416099515651462,-0.04170973340217243
0.6342844808582289,-0.037180212120921596
0.32614472294467056,-0.0555368658488844
0.6958755247335238,-0.040206846104014815
0.40557763019253557,-0.1041122380644035
0.6252852998030105,-0.04204905266409309
0.7456010285554404,-0.04542320741425809
0.34099301913314606,-0.05012876150326273
0.8442645569229079,-0.03929087518678742
0.06491378096595857,-0.07459326443411562
0.30821631350673506,-0.07875226422701376
0.3904785602133112,-0.059129713178979415
0.5495062373616877,-0.05220730627152803
0.40053615050675573,-0.06848694664206267
0.29213763511067836,-0.04982679820908065
0.3731703132187505,-0.06129528750730484
0.44333513175177663,-0.07659571525245024
0.3922204587440674,-0.09502568143694357
0.5918951053920203,-0.05293162448190458
0.3212409502411928,-0.052363687385348245
0.4278957485291588,-0.11719285579580052
0.729437362380754,-0.04697062194799817
0.5607584068612692,-0.03549684730491176
0.44123334481774634,-0.06773375291096495
0.46294463082254467,-0.040062566949870204
0.36169062122200724,-0.0475155451458249
0.6173683446955225,-0.06377247139931752
0.5711328766688741,-0.054590422767136104
0.8328579853596998,-0.04645964765188293
0.6257171063779352,-0.05948176715476894
0.694087336852045,-0.042007225065756826
0.6519012450150186,-0.03835012266688054
0.3613037097733205,-0.0912152527525435
0.42455675007488325,-0.06548933079612462
0.4014106090054055,-0.06403837804364554
0.789803207955005,-0.057316836446121844
0.7366758659114263,-0.049883354818857306
0.39894685744152025,-0.06146557539247732
0.5041197876681329,-0.0489205514981057
0.30410878700507515,-0.084086471009305
0.3889394150911063,-0.04542268308841246
0.3514497767965341,-0.0727758064783196
0.8907531694850661,-0.031791328014576625
0.2741456418634942,-0.06572950011447365
0.5057201796733097,-0.05004633981273454
0.2084336110504943,-0.10636760187901295
0.21620696989913535,-0.05396762629872365
0.12717971746964807,-0.11851225729460335
0.478717167677313,-0.05385208435541966
0.3417625329155647,-0.09588942450479054
0.4972884815581964,-0.06165747229231555
0.12728308756443574,-0.11036304991338108
0.7556612579486599,-0.0311209020943074
0.38848591503547136,-0.08538213919841176
0.5334881315303184,-0.04362618761796788
0.5932859452424712,-0.0594290882257843
0.32184519044851556,-0.08186836390776586
0.8262046195352575,-0.07578160591178595
0.329489507400035,-0.06303493302395091
0.344004522797444,-0.0801391433726899
1.0906106347464073,-0.06884828024296696
0.3331284807437773,-0.08908581573176211
0.40373606328423817,-0.05311172276747744
0.6041547635661348,-0.056537794037485045
0.26820668982846874,-0.07574155257035065
0.3898241368512154,-0.050272762481456734
0.5886749115374297,-0.055715826318421424
0.8204690100548593,-0.02506142476353801
0.5272513636628025,-0.07621130216991556
0.3717440042241704,-0.057972216397226495
0.9067067532273847,-0.06369844267440972
0.2357719653532515,-0.06954979444754739
0.5490489108918966,-0.03576744170346324
0.6581239331379243,-0.034140124722442655
0.28111081018986295,-0.06411365844155259
0.8263664064352032,-0.06492312756538965
0.9137763848817246,-0.051414189356548956
0.7619651641937029,-0.04498007053159492
0.5947257011170699,-0.07219745336522154
0.2275388082481764,-0.07805565856151331
0.26634439107744257,-0.14511285735220303
0.30477288940523595,-0.07081442381096026
0.9828488568210476,-0.032287171683408
0.3792932986173325,-0.07691139592285434
0.6478390367215352,-0.03800829956257523
0.6777497910551133,-0.0506878384399041
0.05037725390974024,-0.10070205062333903
0.31279622289058273,-0.12814635739478475
0.35376759844543915,-0.055739528697177576
0.4437090906723993,-0.07703788928391264
0.5752718483242028,-0.057551721349136775
0.34845713539418566,-0.08105689828060403
0.2906612255106764,-0.09305257854518678
0.4311137683290962,-0.061169047820568756
1.0700458284270886,-0.039041621459614095
0.5666567045217712,-0.04758212200629819
0.20099298496126772,-0.06685060514958097
0.2977955174211069,-0.053704216368514524
0.877359914083587,-0.04550209331676336
0.7702020913875014,-0.07336337183326147
0.7224286167945819,-0.0395400458546894
1.0591314653210504,-0.04072691771154335
0.31857172787799426,-0.11942292827447876
0.8209279676259778,-0.07932793106704628
0.6541377622695235,-0.05818868617603212
0.4393986612589098,-0.04185936213903485
0.3747274957642901,-0.056108086618181896
0.2562690385858428,-0.05005793900004085
0.640906313731221,-0.05034057200425268
0.30215717539523923,-0.05530903318473923
0.6715593487105724,-0.05660434796047642
0.45386945587276095,-0.041371786127134325
0.6024151795790136,-0.10335861291467874
0.3350067102188603,-0.056116118421455474
1.031580849962844,-0.04028803121251978
0.5557101839447702,-0.06482625705180922
0.26255300547629545,-0.056379375978271584
0.4497687515686031,-0.05002816807725019
0.37336615327037515,-0.059056617010247336
0.35251950103875074,-0.08115026232388534
0.8433037615583192,-0.06632188401893546
0.488931412004745,-0.0780676871868553
0.5829859702334363,-0.07381291815699753
0.3187800464451491,-0.06784471622329236
0.27453523684355496,-0.05675152592552024
0.5704395438701577,-0.04813254001671896
0.6606215178300858,-0.06740637892453383
0.2829097240791376,-0.07277297429228036
0.2461011540061504,-0.05270407943924493
0.3948842487577555,-0.054332415935687495
0.35143262488011384,-0.08403576242255029
0.23360823285800159,-0.09480181179129876
0.5333242263606968,-0.0955724527473385
0.6348419428974381,-0.0822841763694061
0.7266619259707467,-0.049230512030959406
0.5077141275446599,-0.07885603897906479
0.4543458673866734,-0.07431342046626632
0.457361154949695,-0.04919262363914534
0.3705891367194738,-0.07077757811802943
0.4248611563157798,-0.10287643800108104
0.16664460001026415,-0.10630212182699528
0.2630532942321222,-0.07517943067591248
0.7697332254294929,-0.04634666588646186
0.5710967749646194,-0.0442567661111436
0.7799450702617454,-0.04910929110967632
0.9766094634548024,-0.035036178141671814
0.23143534497129759,-0.13307410068959458
0.4597479405645357,-0.06042785138677875
0.3932628209922324,-0.11284395478611231
0.25211467117975683,-0.13735036879932894
0.7271991395364288,-0.05474443756611891
0.32847985958846904,-0.07421358011202173
0.3523230194217113,-0.052158086720850205
0.47386607090839994,-0.07041735963142692
0.7459265995349007,-0.09644493634781881
0.566761242869481,-0.06725957881190703
0.3508145583174749,-0.06469320312587445
0.3782786008183303,-0.0839572215235278
0.3571311161730697,-0.08429877746088976
0.4155440694476229,-0.06631102937589961
0.2970761921703611,-0.06251558170824745
0.6278107500919343,-0.05265028689709805
0.4238095794993375,-0.08429447697170067
0.2721113935632071,-0.05568540736427274
1.1515006325506754,-0.04213263837838843
0.2564262742362031,-0.06429544578990654
0.660945707715461,-0.0731358255580895
0.5159836921237249,-0.07515612823498397
0.5298596103161053,-0.04271229385240349
0.7905668531422907,-0.04489351093728844
1.0001318543301432,-0.04880871191266467
0.7266877819503281,-0.0686284818927182
0.36568288069375,-0.057275952350341774
0.0806720262220304,-0.13310654931235655
0.19396008650179675,-0.07478924799105602
0.6354595752636156,-0.07327540611585115
0.30709666045788264,-0.10840864078542567
0.09644389444058699,-0.09500914491261458
0.6365218384318132,-0.057279902818754946
0.6230351899750859,-0.05661597865837886
0.9459441445591634,-0.051410287096487095
0.946029779179471,-0.04523673191658495
0.5151602852555839,-0.1163256209308583
0.6376185503205081,-0.07943074956335539
0.6972122749737986,-0.06380278507407366
0.6353899611933773,-0.046201379605008364
0.6404332642847184,-0.0569168588484239
0.6127525341688171,-0.034466853426359245
0.3877646217695476,-0.12448390663465936
0.5105329835266794,-0.06717521092781431
0.44299751699296075,-0.07435698582879013
0.2635696276960289,-0.08621141613427807
0.05496642663716034,-0.11103239576049773
0.783212123352637,-0.04645608272512114
0.33350285409223956,-0.05345135584734195
0.7168692714734275,-0.060050794534503904
0.4105832095415489,-0.05311595768988031
0.6637548726576983,-0.04898139157192949
0.24792414007957575,-0.06900252334975288
0.1977034906712698,-0.07049394339581228
0.8430622774140513,-0.050515865061205534
0.540600183484957,-0.03675210264031836
0.11405272703878855,-0.0874768333468795
0.25541527406884645,-0.09892757836842081
0.5111521390258231,-0.06512976165619655
0.7290087750183538,-0.07148159486702887
0.46215224431398316,-0.06427425172975687
0.6661684218065447,-0.03125997135720082
0.7805899370644993,-0.025678301097017298
0.3555836171971858,-0.11101867911440111
0.429666665505372,-0.04547314846994088
0.2936424399577682,-0.04549122785311022
0.5107777174838559,-0.05782974635368343
0.8019863921208668,-0.07571180708139347
0.5144501490563385,-0.034905406455986054
0.05364067667677075,-0.11435024134265981
0.8413831726562129,-0.047081825483961004
0.9379741449252843,-0.06858588355010042
0.4058614761476256,-0.06711848033529777
0.2477250679996046,-0.08566624231031839
0.2623352116350688,-0.06725894229572116
0.6192206881122679,-0.09576522314288327
1.0483355793061766,-0.05466524266450745
0.37847654414720777,-0.06468689631559144
1.092342887174992,-0.03719753995260888
0.08657531722882306,-0.07485874483556287
0.3664069525622913,-0.0544316728796822
0.24367764618648047,-0.05259268904448999
0.21277370549819596,-0.1328866313018422
0.33076072796729283,-0.07089303332088381
0.4760158716187377,-0.04660802614571824
0.5416628572371678,-0.06470032151923355
0.4886692254990814,-0.05162621151083868
0.5638496477096833,-0.039385489292678044
0.7516322771894108,-0.06587776625476427
0.5314252845613341,-0.0643515861400279
0.2692788707721394,-0.06341112453189868
0.5374041630007724,-0.05615873491121548
0.3227246171422564,-0.044541931105712806
0.33362273428934097,-0.049143801662143605
0.3947826615471335,-0.0509677326260205
0.6323216202985602,-0.04706537033947589
0.6490584909689372,-0.06502031820175502
0.31508876920672413,-0.07933133180337404
0.5522741004585545,-0.04867012876096066
0.17524384669755655,-0.08231918251988835
0.20671416945336873,-0.09610251268992209
0.4145078040257455,-0.06757238505649654
0.5881368950531258,-0.06940097859600514
0.37328103333129947,-0.056490836097324304
0.12346559776868093,-0.13084203725223786
0.32231298622836224,-0.06170448763653158
0.5323105611675512,-0.0841756113671357
0.6212929414350601,-0.07900343016020595
1.0491276309101476,-0.035875999360855615
0.2498529836389629,-0.08055818076770549
0.5925548864781818,-0.11111055816959092
0.3898186604945273,-0.09118111608417523
0.8200269748118691,-0.029186211219932368
0.8665372840650019,-0.06420996182308636
0.5635808605856993,-0.06655435204310367
0.25090476055244704,-0.09425547603767437
0.2938869812026499,-0.059938585094578056
0.2147825000076582,-0.044804116855400644
0.5493045435023349,-0.05196803692328278
0.7744405027903825,-0.04415819049306535
0.33344550948439866,-0.08261884155789156
0.09578512228160063,-0.07502160952393999
0.03369599889790731,-0.07720746015427749
0.5329810821363636,-0.07719335636673774
0.4004995060984746,-0.0783015682993643
0.3471124539712078,-0.04407092214290553
0.45623914461269166,-0.06127233078827621
0.7544698366930322,-0.09344738775615258
0.74674203809286,-0.05182053280666321
1.019485640174139,-0.06196534027977563
0.5736968077766886,-0.07107718271865326
0.6922921886475968,-0.03774543778104145
0.47364610191883894,-0.03971528139441982
0.2545403447822563,-0.09108738637996938
0.43563215597261173,-0.07766042969832543
0.675355101278948,-0.06047900795714012
0.3184613238603755,-0.0731100490616714
0.21914861900084892,-0.12927412869764288
0.746177778175017,-0.07467002031637138
0.3484860121718967,-0.08421838084799571
0.25706745667961006,-0.08450400503393729
0.07246174121627913,-0.1168786329020075
0.593904288351891,-0.08068189392245517
0.5686367837729607,-0.0480694439058551
0.40717243838557016,-0.08359619397425999
0.41240039850254395,-0.08829520210338693
0.5467072275615983,-0.04895662074986562
0.281254571808353,-0.07846014234731291
0.5568690234716391,-0.06343799637570191
0.3315737033417221,-0.08717448587414633
0.5235393457890596,-0.04990070150332648
0.6786619272736902,-0.09819288514638747
0.8728869816899758,-0.1122027946787727
0.8690958781645444,-0.05994412105788549
0.4350663873374079,-0.10387633578323496
0.5380018980294492,-0.056844825806615096
0.3109021559238947,-0.08717015838019071
0.5240268202395493,-0.06993221751427348
0.4597051898122091,-0.05061671351440766
0.374648921659291,-0.061149311372841075
0.5260702242304167,-0.04985229264827484
0.08323535784579872,-0.10588766721195964
0.42414934653008385,-0.06048398395522303
0.6684098978168407,-0.04311559799767306
0.2554508376804079,-0.05957439896875949
0.5778026440340192,-0.06884425057339194
0.6669722687969819,-0.06354443936968579
0.41653123653978774,-0.053417416689451436
0.2925078391565792,-0.053438856624702824
0.44425675560392897,-0.059214297884622735
0.143093270229238,-0.09904135142669757
0.8782689165765678,-0.04260171248199218
0.7534528010434474,-0.047328307436210415
0.737030442089655,-0.06031260514635284
0.27759430334972124,-0.1006127947745884
0.6042183937942505,-0.054401448977407396
0.7141371677057746,-0.039324802235887635
0.5232484764751857,-0.10487775707997393
0.4660341137219879,-0.06533332393304259
0.36658967893729977,-0.07814093973951064
0.20543075264937127,-0.060683635580777384
0.6920173265180722,-0.03231014993723991
0.3527597257346684,-0.05065980818547744
0.3078521979075082,-0.05519182276890122
0.2907142523807189,-0.09081567545287672
0.4943754262565152,-0.07683329321366295
0.5899152306924611,-0.07986070191401862
0.44794893844859573,-0.05441873084906368
0.4276760992976849,-0.05418173089422895
0.36156960124477155,-0.06705656588772235
0.46133935136949744,-0.04884632257486243
1.0458896011219876,-0.05588524830876884
0.39464969704601205,-0.04839649046899552
0.9427762836469245,-0.0575306978647393
0.33370516855470167,-0.10123134214017726
0.4558788709474426,-0.06472287217226858
0.34233604932499695,-0.06351017566577744
0.16139057785189181,-0.0985066577751521
0.2675262627599142,-0.09693006336155507
0.2171344418127592,-0.08056155979562374
0.3405390032109019,-0.0573476098833946
0.5528831971861716,-0.0421361948763892
0.33120095186004495,-0.06519187935242743
0.6015704067479739,-0.04689829536884926
0.2863757538050813,-0.05984742173100488
0.3241029780460196,-0.0774153923970613
0.5618976283483159,-0.06603905232386642
-0.03035800658828658,-0.08142727262908378
0.09576713146723215,-0.0931930847221013
0.311890019172147,-0.06700282365600418
0.22054300606075228,-0.08164608780647231
0.39508765700560233,-0.06452715562148659
0.41738861945146444,-0.05012365613142444
0.3442707435574117,-0.10053884436609828
0.8515893391570155,-0.05317239953303099
0.35880145463091373,-0.05069473501319177
0.39327597952866156,-0.0489138915571653
0.7650703243205292,-0.02276957666039303
0.6337210576307157,-0.0478478553695193
0.3301193668077458,-0.13521640750245367
0.11862641346357705,-0.0578198454312846
0.34810185034242025,-0.0968686483622222
0.3480605310577507,-0.09183574357773472
0.30759752791220385,-0.09645963601622809
0.39011879397050553,-0.0721080430382206
0.3562832379643277,-0.08446633657147506
0.482714146353201,-0.04090963258766778
0.19919734604183859,-0.08502353136052176
0.1425891610387604,-0.07865507652341641
0.6548024544844635,-0.12208668262512268
0.459374911749558,-0.050884093422980614
0.2244347287990489,-0.09884235065213876
0.38067717148889835,-0.06496302387526365
0.32683027866237224,-0.069876407620171
0.5132270552003564,-0.088911776421015
0.7013408175372065,-0.05840566622875554
0.2822675095595668,-0.0748148695564359
0.4484412630952317,-0.09581166287882226
0.21941519532444298,-0.11833937459630517
0.4773323897204733,-0.06403583893592446
0.5227032838800589,-0.06148318449429213
0.4357063685486098,-0.07451440528720588
0.6161692314649008,-0.060631329569474035
-0.009547934354459109,-0.17590068892800492
0.4548222121916543,-0.09072974425308389
0.3284778617897688,-0.05307757316049011
0.17244696565662876,-0.08504160090262591
0.6116544253828609,-0.06720513289283192
0.7468031741683878,-0.06912371309123932
0.5320466165177251,-0.04440901197235336
0.326608004439074,-0.0802590277946007
0.46367014194894085,-0.0737491799042106
0.4683622211781031,-0.06579649341235239
0.34947069507464956,-0.045205722109492585
0.5645579338039652,-0.03923549863393361
0.6683033117373014,-0.07111393900725738
0.256314973922255,-0.0675303788979974
0.6854458897076117,-0.037563237345484835
0.5079650658994612,-0.060229774086845045
0.5750906897436394,-0.05345882861412421
0.4766544120801519,-0.047254293293947036
0.40505907148311193,-0.08194984344956224
0.24475612668634739,-0.10271395471196054
0.8091014413085569,-0.03819689364084411
0.1939063172508897,-0.09816535207989097
0.6084001495451719,-0.07512669201133215
0.49575108729235917,-0.06585659477703887
0.3601991791760768,-0.07518490060628336
0.33494819402687237,-0.08889596934693356
0.35680939084326857,-0.06337772488900106
0.7277562275929699,-0.0503269427917149
0.559637862223743,-0.06940496946075447
0.4131678442096254,-0.0575716681592674
0.7633917688300009,-0.09278463922046665
0.7122011301442417,-0.05689624470532417
0.4220738082598585,-0.05277373568714694
0.46439843008298953,-0.05792901796851957
1.0619627706590227,-0.05684001324948529
0.7532424563949143,-0.04212650194772438
0.10408823020562896,-0.08418477221191834
0.64906125686363,-0.07645680531523869
0.08553443496546076,-0.07869613410977527
0.4911817961257514,-0.06059955104285797
0.32308726098287877,-0.07149890280659343
0.7359373009522183,-0.0648650892238204
0.42839318783730773,-0.09355380643503985
0.29342565753670624,-0.07501363774374525
0.08109055016001077,-0.12278284510959858
0.43279725471410324,-0.0715983277249177
0.4807120133490066,-0.05231616663447436
0.571281433285296,-0.04963289599399945
0.43599194993772206,-0.10336956132854536
0.6194689383257366,-0.04868107268733046
0.7758377137594783,-0.04161692955977947
0.1285917048683054,-0.13952871382105614
0.888453868727225,-0.05301088039160817
0.5475510780306321,-0.04309630309961732
0.740790336867885,-0.04065167280113369
0.3636124843808659,-0.042202374199494574
0.28206077904537596,-0.10961651529084382
0.30389145139091145,-0.10288101802162886
1.1458074878368825,-0.030500553564008825
0.4944666169129597,-0.06417292233538585
0.21622187168806772,-0.1082701484134394
0.336129414787248,-0.05479982815106321
0.4397141022722584,-0.07225142725550426
0.46298946851520517,-0.056963905328666686
0.11715001128223967,-0.09856101406477702
0.4773493586593984,-0.08010139007111994
0.12875341634884707,-0.06778240505625
0.36261398261567535,-0.045909484940958256
0.6925812932761313,-0.1076536219308104
0.5177975207836256,-0.05311494511900272
0.6355187808966083,-0.04576739600212687
0.11997015208643691,-0.06286935888936185
0.6799748736074063,-0.04592771753566294
0.40713735903689185,-0.059883782955697296
0.7174243573305863,-0.07288542023272948
0.21719833778301534,-0.08476467961471601
0.3691651550637023,-0.09092900063577991
0.1119157094772687,-0.14304765923823137
0.37651306338048407,-0.06902977493345464
0.11025316504593374,-0.1730604318537059
0.5033040869039054,-0.05905391278108474
0.2987696637991766,-0.04115852561184363
0.3578428176704622,-0.04864523027464129
0.5598662372266496,-0.07316854102283432
0.39603589147180296,-0.04814556267438019
0.33212859068864264,-0.061559563962022223
0.3690995995949833,-0.0738274961099672
0.7310406820826731,-0.07014775815556762
1.0660491178881024,-0.025686023387328505
0.4444626152857314,-0.056846375692492845
-0.02922976795025989,-0.16684339518047642
0.33933434362874393,-0.08188874821451286
0.530376454233195,-0.07991674797611947
0.34928327720989794,-0.06138582008319948
0.3961897097300764,-0.08711885042754441
0.6285129145316997,-0.08707018730825067
0.8806722432999678,-0.06629030173538053
0.29726781090953636,-0.05909162317269456
0.2685774589034988,-0.08423195501477809
0.14076124274658253,-0.09779558660986876
0.11639852193603883,-0.11444045369337807
0.4513221650201473,-0.04473625678438986
0.22967442055652865,-0.09546327443906799
0.36624714878509135,-0.06255001694314599
0.29143023433421344,-0.05327050806248501
0.4485912484500838,-0.031386597064473776
0.4314302542587276,-0.07754266470288618
0.2914661744845768,-0.13285599336223275
0.49194325664124894,-0.07381827908792993
0.7072158783401366,-0.04757607068862413
0.31580613711910366,-0.12341781851533706
1.0134469196167957,-0.06653149279871462
0.39779985094069636,-0.09096713561594916
0.39869654928276055,-0.08572244466126211
0.3032882695415928,-0.09374024902201128
0.2900187218677184,-0.05894556143849872
0.33662135691564044,-0.04949034177433376
0.19582164794125512,-0.05299529503644285
0.306264037824995,-0.07878988181397717
0.651100307149421,-0.04728198682966578
0.6233601266381836,-0.10288156824386752
0.3726874785832064,-0.04608329699842717
0.2524941425596845,-0.07357559603485031
0.47919158926139516,-0.05939518871512117
0.29319864225121317,-0.06697787843959901
0.6477478572729345,-0.05581927130476794
0.4222583344292179,-0.07060662497614567
0.5187632504275992,-0.06986952388884504
0.6921275421171995,-0.0500016692558376
0.6146768046106128,-0.047874258262162406
0.07087700861141788,-0.10013354952183084
0.36664115674717435,-0.057925192026396566
0.5753422128442516,-0.05420281856787057
0.43299178293681884,-0.04907771212436962
0.7082254821699596,-0.04394823718585794
0.4340714211450982,-0.04913503308369005
0.4374463472892707,-0.07472146499983201
0.33245750568154486,-0.0504997708631415
0.7152611623822653,-0.042120443132641516
0.5012050890547275,-0.06438576837363263
0.5130462179862638,-0.04949034177433376
0.2770333735759485,-0.038213018938397236
0.41504305551355447,-0.06306912952111943
0.5070558965163965,-0.052399887657372246
0.08585190202072623,-0.09511256399323431
1.0499032481576993,-0.04780571863628469
0.41496391445738445,-0.08830537764890967
0.2634135852768609,-0.09340554868461237
0.46070574057735736,-0.09024526724255522
0.31048252359794604,-0.06543840264926981
0.4084899865516689,-0.06785404689064967
0.543471445280225,-0.025723986050607883
0.6375016627333623,-0.05192428617179712
1.0996166623755097,-0.040443729938076545
0.2674834011543241,-0.07239040941869612
0.42012416150401855,-0.04869020999836782
0.6716872973827037,-0.042614959456058754
0.642527790814414,-0.08759716557590158
0.6352257484432715,-0.07494375426720878
0.5675561064626091,-0.03771769226435395
0.5628935849526389,-0.05394634653461261
0.5824440728673819,-0.057231153126570455
0.6904934581328372,-0.03470619814359943
0.3974454238219003,-0.06443411337097438
0.08810342950510064,-0.11677335659605226
0.5938139863451215,-0.058340126134606374
0.5913273448133798,-0.053085907636605145
0.8386821204330299,-0.03747299255211334
0.1968896132897897,-0.10645064620909372
0.47835400989358323,-0.05508672635953482
0.5963971503329257,-0.04913353490842509
1.1922171683575988,-0.04182966613346306
0.3858539085837511,-0.04826578805166026
0.7884174106836168,-0.08755907660956341
0.53555877620306,-0.04900799737842565
0.6066729212964204,-0.03653923518822022
0.7399409729170343,-0.07962449878908451
0.7130272414396541,-0.0739323090247429
0.5003350718845725,-0.078092578570221
0.0862697905677956,-0.07267875985829952
0.6983901575916807,-0.0527178099815645
-0.06687489417599313,-0.1945656293167929
0.5271960704480789,-0.11627768409784822
0.44179372659400085,-0.0663955690896545
1.1750994914529307,-0.04676383181124666
0.5573354852778982,-0.05960639375220089
0.2518031060424748,-0.08704092347081738
0.26482263425152075,-0.06868460429065848
0.41755355812136363,-0.09008576773510812
0.7259065315856119,-0.044047115544987636
0.5195509967235328,-0.08285468053711575
0.9857954681790613,-0.03911554862983302
0.2904603530659786,-0.0678193505431911
0.3886478221698473,-0.08644327889294601
0.4371159837607528,-0.053370788997058605
0.3063698707569029,-0.08543251241361327
0.3482121789441972,-0.08070355912058069
0.5930963984610174,-0.048379239364589655
0.5527848506960951,-0.037461592419026024
0.2486648416924322,-0.09019693487745051
0.25121371008559645,-0.07573954521375159
0.3805640850859857,-0.10289876777238582
0.6115643890370168,-0.04278839678302093
0.48149029643467967,-0.08038118671532768
0.3966452217644103,-0.0533829537226288
0.1634738231529258,-0.09448411492858444
0.11437993446784134,-0.08098544263763541
0.40647363611255427,-0.08510728742337825
0.8444269327993659,-0.06152985162791491
0.23877188852047526,-0.06100503907354604
0.3447826436509098,-0.10005356215592198
0.23503255152323232,-0.09263129369469503
0.7100237070940545,-0.03892404796647475
0.47213382407111837,-0.05651015406928006
0.8063047226902467,-0.0263010800212351
0.09762209658517662,-0.16392577152109955
0.36994565604412677,-0.0938851400047267
0.4068334236114084,-0.08359477240785151
0.29940819210413694,-0.06958349765574512
1.3498358537307644,-0.06191282976525536
0.17250012550485128,-0.06818387253674285
0.4930135632211854,-0.03867490349216307
0.28596551899445877,-0.0971871611622076
0.5735263554155017,-0.1160521862145546
0.1292047530193201,-0.11846767712116901
0.866917067806364,-0.05745059505821548
0.6772260213405938,-0.07139457513382785
0.6775779506943906,-0.05278161922643376
0.5883383954268095,-0.06990131402732491
0.10188893412823541,-0.1576337996003031
0.8082224076576461,-0.05366320451282269
0.14960879814252537,-0.06861863372527188
0.5515818925029825,-0.05758124555808253
0.36680025417171747,-0.05851544016430077
0.5765438031091898,-0.07167448300324109
0.40137803104070957,-0.07193126632383995
1.3256515665722497,-0.08671861530332758
0.2741146032091937,-0.06866590652709925
0.35303498560088276,-0.04664677106886517
0.13066685740627704,-0.09627549288692883
0.38258353235107534,-0.0500562010648784
0.8854771636990377,-0.0487733271179327
0.705572917020497,-0.05140915232047183
0.39643250285674414,-0.09556817859635924
0.391101334038205,-0.08399401940468199
0.45500990801810337,-0.058804247849651325
0.7132399330341406,-0.0531769448793622
0.29534377352237806,-0.10352134739548924
0.5058808650769855,-0.05693700362115728
0.26919638776604615,-0.0901091893201994
0.3311201230221823,-0.09274458158119447
0.5317246612679662,-0.040801766167520404
0.32277953147375826,-0.061696709657028115
0.34461799550290095,-0.10891182538974231
0.4393906018991993,-0.03652862419189351
0.19886383476881075,-0.11218812016127333
0.5743851766399681,-0.0499367671386125
0.12984367046223433,-0.119201562039014
0.6381405442985859,-0.07726185354249837
0.6786733859717597,-0.058519327133571886
0.8219394945729186,-0.04940752175931107
0.36583120051408846,-0.06771857420050731
0.2514985840744819,-0.08232864148833663
0.536019431352535,-0.06420262410512878
1.0293245401494473,-0.09761496411204162
0.2664025187605439,-0.08190346660114012
0.3642983381306464,-0.04848139573497645
0.46083750010358804,-0.0755013375348571
0.7982663580242257,-0.028816465401201974
0.3261747780517834,-0.08622240289582228
0.729575836435872,-0.05204930209940439
0.30188155925852644,-0.04579457851191726
0.5263898826310742,-0.098400131046807
0.4705058729360634,-0.049725951555764536
0.3840512543488548,-0.09989211241428508
0.7598590923720048,-0.04227029224948842
0.7540098638045643,-0.08374530503591682
0.8647829688470747,-0.046539738559198796
0.6783151771240714,-0.041138433732199386
0.3906943554831577,-0.05517629183874606
0.27230917115819686,-0.03394305621854021
0.23122166764950225,-0.12333469488379123
0.1562173980969197,-0.08043017722556522
0.4898653781137876,-0.05125434811205021
0.4845137986477419,-0.04175241037073574
0.49170510444334314,-0.05873203872092059
0.5180198962763205,-0.07018428832935975
0.6691585149609776,-0.039032762895945594
0.08719079290551646,-0.08728958335876735
0.6945540988655634,-0.04393311763729224
0.6901820282370796,-0.06733951521300596
0.611360948124333,-0.043640749987926886
0.6988248703127053,-0.05476010643508511
0.6072305548469221,-0.08974407404766727
0.4490583737420444,-0.07060489558009475
0.4462835516350856,-0.0899040615765192
0.3797680559362271,-0.08541576298650944
0.4100845234074275,-0.07004131970175664
0.41076287482697404,-0.09919776818379866
0.26334637925274995,-0.10097783190675591
0.5653467314532168,-0.07397888082689519
0.4295867676582146,-0.07322356596242352
0.6318387099550473,-0.07470973292679184
0.6861387701453807,-0.03809388228031574
0.5042007109099609,-0.15778854758904304
0.6075282719856225,-0.05533669944896136
0.15326697423335278,-0.10618544244230288
0.10601880956701026,-0.07067610972610194
0.4619884246174826,-0.09574736771075099
0.8522853789985385,-0.03096073096532559
0.7265486429183066,-0.06857245923893696
0.39456874689693255,-0.07492487566430106
0.4692383995290028,-0.07558345006897971
0.12112863520642314,-0.06491933959274443
0.262489994546645,-0.09596513615977187
0.6249432553161793,-0.03129322421241043
0.7435658704281392,-0.056708899173977256
0.13437042567351143,-0.06344423057585946
0.5931390905229093,-0.07955102530154667
0.3997081252169925,-0.07940955666388616
0.929430140836796,-0.06024942728972604
0.6988326063992354,-0.06393168890042034
0.8678607751838079,-0.05275528535271956
0.4391194243779304,-0.0853736541957032
0.16977751302737887,-0.14259353719057777
0.5803165750172581,-0.08693122164117795
0.6487664528348476,-0.06170985170958543
0.8539008671548638,-0.04712775205959274
0.7604796075724762,-0.04386684185377576
0.2263608925361058,-0.08478633640425726
0.6387356486335956,-0.043007156971858085
0.5818461252920129,-0.056266633018468126
0.5626756747748249,-0.07396349069772801
0.2929091830439745,-0.05967072102674287
0.5335874407886341,-0.11718696043686849
0.27644898439303556,-0.027867774103059628
0.2259932281173027,-0.05823533787313517
0.32101182767830716,-0.04649772232445393
0.6170261850493965,-0.036107362221656225
0.34711068141449286,-0.1100630354069636
0.6450213254751747,-0.07318583156924507
0.45027737847765636,-0.12962592416907837
0.27168248292257835,-0.09349939791717643
0.2992989205494154,-0.06275695575570883
0.4567477391163044,-0.04635564855277152
0.43477418550143176,-0.06843939025363
0.5880872321770707,-0.058769476740450854
0.5061948822611047,-0.059636260716216305
0.5304572469850943,-0.08021994491016282
0.37770802605561027,-0.13293708859279052
0.532171270890651,-0.0399083430626318
0.5912357639053241,-0.044270578482431766
0.513930180081487,-0.05982232567568524
0.5170493540510197,-0.03612642030625146
0.3524437393696753,-0.06388284962059876
0.4448793373166795,-0.049914351219811026
0.49835050310269446,-0.07542216018396541
0.8540587876666654,-0.05030111390757874
0.5286780418854171,-0.03335779918029924
0.6896237884875691,-0.045885399417813444
0.4139989352439868,-0.08038840682788384
0.5533556660420178,-0.06941268714726556
0.4998684006006091,-0.04744830322057436
0.4774543078429494,-0.11082284012381916
0.3464559963471632,-0.06484546583829798
0.5734138308107715,-0.039443713871829766
0.6315775923639031,-0.061517316891234186
0.666149568018181,-0.04024191394965915
0.27529161616795816,-0.07431494254384885
0.36586662324776076,-0.04685855857566368
0.34215341679201927,-0.054200606388595585
0.7202332589203395,-0.07713537851502905
0.7812673883948702,-0.045348109920079205
0.37515836106245204,-0.04187290048656733
0.9504279548894625,-0.049433008512706156
0.3198172145686231,-0.03783469372284909
0.19594900404299764,-0.0693229503459607
0.3777771261002896,-0.08790014460566109
0.2642431222029562,-0.10375079135353904
0.6398705073261295,-0.04846076482004369
0.11618025084161898,-0.10026111663191573
0.32323128497612874,-0.06918180625286141
0.390481371740262,-0.05251018479846159
0.4190904980021053,-0.05552474261018603
0.2128003429978591,-0.08909708237583325
0.5025083443684704,-0.07428138000242468
0.45815521446447427,-0.0845544918124983
0.35152435464617304,-0.0698893886999371
0.524919983044333,-0.08107045032142157
0.2431330335166202,-0.1200071687378883
0.3374738504674335,-0.06190985052810727
0.8130713052248577,-0.058077085899953196
0.7597795516888124,-0.05274435685681034
0.3261338069602826,-0.03520236836860957
1.067521269660253,-0.03941742452823094
0.7696168206436287,-0.04290461164844395
0.050321378935809236,-0.1096633430441396
0.7308680853465925,-0.06217788179756578
0.28781439498858363,-0.06792270624878094
1.0780986154928387,-0.061658563943787104
0.6368791250023231,-0.04737530550333824
0.4326562479544902,-0.0957027232512978
0.6078480886726505,-0.028692307594633815
0.37971228612973906,-0.13338499348290955
0.53391888469528,-0.10700374882075503
0.20516811446422012,-0.051895778060733866
0.6416427486401524,-0.02897051360633207
0.44155592898599694,-0.0641815927840137
1.1872849242731154,-0.06843150758252714
0.9416481236306915,-0.05026747553202571
0.5502633943335675,-0.10170159299182058
0.45009148821552203,-0.04618238222780158
0.4288443848424468,-0.059001904404338945
0.38491332863349115,-0.0617782989232184
0.5638103239360608,-0.05695215120454222
0.5529957887427916,-0.062210910723756174
0.4856581162644169,-0.07704972328308901
0.39335265540811903,-0.051157650961731416
0.4547792119227341,-0.06690916885775855
0.2615755396219803,-0.054471695014696286
0.5061959607692577,-0.07493421028316138
1.0215817320730967,-0.03838474068044595
0.2730036256224595,-0.07846448807845552
0.37401244032309044,-0.055971406924139044
0.4414331381098393,-0.059255963588569216
0.6545879342397027,-0.05455834816542848
1.0452471961381335,-0.04976929805471597
0.42065148794237484,-0.07037947974472836
0.34163518771802504,-0.10188829767349539
0.20170173790557477,-0.09415901590777265
0.21480651950917573,-0.07144401042037163
0.4236787740259196,-0.0489377750506057
0.7899064390938517,-0.05908401107930206
0.8523038101667233,-0.08181998203516538
1.5811308829042323,-0.044805366810080405
0.7320383224015186,-0.06427666941841992
0.3376561134953333,-0.0990419818810202
0.271770798593979,-0.07286664688977484
0.6279685437187854,-0.11180093995096585
0.5382046170622297,-0.04439929420739919
0.43245595750058796,-0.08660834734090828
0.3718450989646207,-0.04857865704013231
0.5038023924289818,-0.0450940577614275
0.31694306439724507,-0.07190587370088641
0.36365483611890537,-0.043625243032797134
0.5845417180603734,-0.07684626673753614
0.8175216375769854,-0.03612193826404464
0.5694052763559609,-0.0398539190412015
0.3658332501870798,-0.05262539994057713
0.3172270572230773,-0.061074773046813524
0.6540573558719409,-0.06039488285565342
0.5447931579155552,-0.05847604261030792
0.3395996361857876,-0.06254862999422361
1.0082097456572017,-0.051436695705974755
0.5837682493412275,-0.049344113430597525
0.22720595116818365,-0.06428241491083897
0.6557933657528008,-0.07649777523988832
0.48204275385808826,-0.04619449725795399
0.5811840067952392,-0.05839590593117483
0.7247957177444859,-0.07942738469790289
0.4836481939491497,-0.06987039406138895
0.41366943892392594,-0.047810083081527344
0.7863113677563425,-0.03849146733700304
0.6962670236540245,-0.032678649823925765
0.3706271630104436,-0.08092926665393918
0.4847899351755862,-0.06966099781118806
0.4798298006535211,-0.06887490821444497
0.0634935480550598,-0.05530409188281127
0.1643244955221601,-0.05989422551985113
0.5801239604124786,-0.03551412609640181
0.39513482641239417,-0.06574116128696061
0.3050085155918223,-0.04471704747124561
0.6711869583479728,-0.030648986392150968
0.7937728076650941,-0.05557984795767501
0.48668783796961335,-0.11049201764674943
0.614362288655862,-0.07339085124251687
0.6227657273509748,-0.07255125663589346
0.24332270792572408,-0.09394297837988885
0.15971374472046174,-0.11523187681993563
0.26255294152173514,-0.09599540052674305
0.42256002837867146,-0.046168639138796985
0.7048563080067094,-0.029461027189039757
0.5025543323215587,-0.06409795081802616
0.34078931011559255,-0.059205138189343476
0.39431598819609404,-0.03289690207152296
0.5477680499202708,-0.08763350743795617
0.19862728450102196,-0.08740903625864005
0.47666191449290585,-0.09055049991265562
0.4367367845550032,-0.05984124745305741
0.5336699670824689,-0.059339505706997975
0.4020400813892473,-0.07252327308586437
0.5821727652057753,-0.05826296689600041
0.6479686699313381,-0.052477174239411895
0.8180413329951544,-0.024641352115113868
0.43932918214270744,-0.04119170745600087
0.8415692181597534,-0.03465734985988844
0.5264844301901819,-0.04087635137127954
0.40679012282329485,-0.05394829259688294
0.5516302865946272,-0.036231476489652414
0.20025402406319603,-0.07737923843490424
0.4809864423403072,-0.08449913781528795
0.29894738428693746,-0.08011831323122232
0.3091752885880943,-0.06909477403767783
0.2074975125832741,-0.09519921017501753
0.6388846729778135,-0.05349506570124396
0.48000968199669236,-0.059058655466473486
0.1864173906621227,-0.07037875965657969
0.4757221524450099,-0.08078029062272374
0.6086516355780935,-0.07767049996155373
0.7117281659435941,-0.048202636035529434
0.5746389692992759,-0.03913782550349809
0.28506747433561563,-0.08428198478932492
0.3587313856722303,-0.06894423849482734
0.10970623010777092,-0.10507961700586588
0.5214093406708349,-0.0886474494317312
0.31058608490003237,-0.05485355960687743
0.7056002166457591,-0.06725643589229835
0.5783032852693433,-0.03757029116515809
0.7779919677140033,-0.032871268045996715
0.49883585892105065,-0.04671233114517703
0.6652231473540648,-0.05222377668751421
0.5133047090853584,-0.05859001257300711
0.3405880882853536,-0.05120513105869551
0.5593414475081868,-0.0483312681925363
0.875580361338,-0.04941839540535575
0.49315229276895955,-0.06986228773421077
0.5756589714039793,-0.06554437776521194
0.2065985800802015,-0.0749276313021986
0.22701386524376632,-0.12103784466357581
0.31247994133918766,-0.06882456653988989
0.874921609266236,-0.04186839971581724
0.4788078168632166,-0.04302815670351434
0.5477096484561155,-0.09045012697308852
0.3455401297136085,-0.058772346357051086
0.4105317206964405,-0.10840683656162486
0.3274156968839612,-0.08357631004472754
1.0939619032034473,-0.04641329063050159
0.12425252731038006,-0.07835461541662647
0.48827949495145884,-0.08016775430930001
0.442894281461232,-0.054824663224387615
0.6022293053129191,-0.06122209705026638
0.3947004083218315,-0.10430397987921869
0.7331282195454858,-0.03219003305068724
0.5925648728312467,-0.02536273294043634
0.24224000420758984,-0.09939271078737089
0.4061088329289606,-0.04379789200213802
0.6052097540893315,-0.04676641005526594
0.24812750466444733,-0.10778950382607821
0.5411250648284276,-0.0628959776700283
0.6368072896188697,-0.050485286092488035
0.3803955395002643,-0.07783797447806007
1.0266217538604794,-0.044672518071238954
0.5287969736213487,-0.05348724301775465
0.1254392852084305,-0.09360493701712691
0.35374047616742943,-0.11126043329756907
0.19334789317764245,-0.0848077043282609
0.30662251266890683,-0.05079225021951783
0.22866803662072144,-0.163058438836312
0.13978002690239366,-0.1289132638057141
0.6577661962540946,-0.07388132446051932
0.5257337245549223,-0.07775427898307019
0.5708815751166267,-0.05739729606608113
-0.03711013038272393,-0.13533995457061843
0.11112240370455595,-0.08487130872723103
0.8024009660890219,-0.061496338818824436
0.4949961526911588,-0.06017658577865015
0.5516187449163013,-0.07358305258640463
0.32228148641072907,-0.09917375987734056
0.9533831471040808,-0.050555565383314405
0.45924756849244286,-0.05315864029206707
0.7006116348745086,-0.02667988857568948
0.3721596044173454,-0.08421056909009261
0.5744245071345644,-0.0518053521303361
0.2434275147110081,-0.06046895257151319
0.4600260876403155,-0.05876947674045074
0.443951442536876,-0.12136472821541433
0.4221851423750145,-0.08302130730984103
0.9504303860381116,-0.03780846566161067
0.5061803615010549,-0.08663591470567666
0.5712123859526299,-0.045029142075530104
0.46744427535584365,-0.06597352151215452
0.3635706476979135,-0.08604117108764309
0.7340566491901492,-0.033137121623783794
0.17502727018579045,-0.1571955132944889
0.5338846630368212,-0.09700494471865351
0.5388367857835525,-0.045236889718137996
0.48363284070175805,-0.06539100353438965
0.6485206909602166,-0.056709912085268654
0.7465349899542613,-0.04396253606216283
0.35600451206580175,-0.07137767280223462
0.5080950738924719,-0.0714795825538872
0.5731052275845769,-0.03874670066005259
0.4499259883146147,-0.09324730863244679
0.66962127480491,-0.08250386946109822
0.13746964428155528,-0.09171623705270482
0.560461459358232,-0.09319646448708108
0.4396916583748618,-0.08523685769890121
0.20057553702060904,-0.1335446034669482
0.5065787413018947,-0.04194833979452606
0.18696885952158349,-0.06175376285825018
-0.0008099171383414427,-0.1330275988031976
0.6276343383591891,-0.04949034177433376
0.543314482538497,-0.07618194153449609
1.053012846757396,-0.05592695576555784
0.7006340082143492,-0.05861914870647278
0.37310870408052677,-0.05212002713484565
0.49584560651492815,-0.043743402916397334
0.6310031702758367,-0.05335038672957404
0.6959075525874923,-0.047427176937542725
0.5725101108832036,-0.044451705197599
0.6058323495577698,-0.03663131575257228
0.8046894580583781,-0.039701931355494935
0.7646207340246283,-0.04705690566284082
0.3500214065215357,-0.03662949043194075
0.4843504999777708,-0.04788820869741639
0.12521896442219038,-0.08077877365982478
0.31791414985482214,-0.07944089013811617
0.7834608540872896,-0.05271895205549637
0.9017184679117254,-0.048451701528800406
0.47922339427544536,-0.04989885016007112
0.4015829644849698,-0.0549549183864686
0.7168637088354473,-0.058580710456354934
0.4678558911057087,-0.04680625921662551
0.2807197282087561,-0.10370290713223795
0.4917016521197952,-0.08345541739460405
0.4399343362807868,-0.04819541796000271
0.27836828191024066,-0.0641276114080156
0.25178430235064453,-0.11320043372873112
0.377920048732046,-0.043744921170863704
0.4194009587819858,-0.0452930157943946
0.4386097321040274,-0.06597222436940386
0.11977581630152656,-0.0871896215324155
0.6360159544072153,-0.10638410363578632
0.34257021073943705,-0.10367668456728096
0.7217797617673585,-0.044166351808548665
0.39291870201903745,-0.08299821528390694
0.24263181527890687,-0.06825249742734318
0.5131502648723201,-0.06638746669582607
0.11811667831933814,-0.06387333518729932
0.5726384980200006,-0.056978277869460636
0.2287104472457866,-0.10588234836375843
0.27631163524504543,-0.06359021012746302
0.1949756845882744,-0.10147215133382892
0.16373988915435134,-0.06897448758934366
0.16643242201479214,-0.0699383176022571
0.40602276346907074,-0.04205334523260351
0.19869498678223696,-0.09009939637287412
0.6207564038962927,-0.04041509354286932
0.2052171933427689,-0.08831319719621233
0.4850130041046079,-0.04797035997226751
0.5180603826684997,-0.05150927209603717
0.6615245695835172,-0.05104854331642927
0.5280660011530525,-0.07120090334447271
0.2769667684542678,-0.08738586777920854
0.12221399033965352,-0.1535912485295955
0.679490597687582,-0.053684422947114174
0.1676170557801293,-0.13719600194650894
0.8647006443830991,-0.049624901612584815
0.657749642833811,-0.08178601284222264
0.4421519688927873,-0.05617360961892515
1.0151873530043378,-0.056829501785879866
0.7497588921990876,-0.052067942687125335
0.758445455717657,-0.04777248322498595
0.6638653576107043,-0.05056596708064032
0.6568828587345323,-0.04053261857072077
0.16077244725570017,-0.06104392698043637
0.6255333976609168,-0.05097560373614762
0.33341182538024783,-0.05919731980379506
0.5470131387896771,-0.03773863072212891
0.2317263351115071,-0.08276252404335027
0.40153371110686664,-0.14582201003408868
0.4192544575363977,-0.06156829270117692
0.690414828257776,-0.05249430039178504
0.18813650967055917,-0.07209853374722464
0.5306810174398848,-0.07383599227002935
0.4723844061321427,-0.08451252846035084
0.6337112148971751,-0.03827345729499643
0.6775702133203569,-0.046896521878283526
0.44653073899781504,-0.0772729128609555
0.40483315923509267,-0.05265545773186109
0.7445238071692373,-0.059204173477594435
0.6395376223198379,-0.06544742101657841
0.8331599037974198,-0.054037114032944755
0.3601361472549329,-0.04009417571734408
0.2699537382698216,-0.06499382511518303
0.46805621243948603,-0.07510140377774177
0.5358052344022415,-0.0885841455655757
0.12412758236266841,-0.13555852924667577
0.12773154130142372,-0.10795224483783672
0.6655987435837827,-0.05373464212548473
0.4963534926525761,-0.059134095785171925
0.5883670571020221,-0.061878477914869334
0.4723702619252077,-0.05171719999137725
0.5960987241798978,-0.042522755683961466
0.5356371742913117,-0.09563845256632408
0.5697581417402675,-0.04155311101799519
0.41019123824087855,-0.07567324612157433
0.44035811326931107,-0.04856410132983724
0.5852620411940268,-0.08245966164606866
0.6046036688615841,-0.037472992552113116
0.5341658614835398,-0.07504061516637128
0.44439162118134745,-0.05677338422991296
0.503867148112614,-0.06245326941390006
0.42385795639753043,-0.059284284162443246
1.6718411573918686,-0.02804598474530584
0.7417021163580577,-0.053130228657198186
0.48108215289014455,-0.09183794056821437
0.3472524268987993,-0.07177606755819288
0.5396108592440327,-0.05197073922370754
0.40303636116163455,-0.10919587181228885
0.34533263342333287,-0.06638230368683729
0.3366556822240798,-0.06605768716796423
0.33721096673975914,-0.08347854519696707
0.40584672721672255,-0.09080466317513458
0.26262193506184195,-0.08632620412961989
0.3508094591749056,-0.05680254212418512
0.9376493873711285,-0.05142157244355128
0.14865946742782388,-0.1460882596310622
0.2603014217594122,-0.06431575771355647
0.5030111184633592,-0.10449788157665396
0.4128091208774032,-0.054326458420352886
0.47375532493552686,-0.09958059259793173
0.4732761703381596,-0.0539449892995254
0.4389100699392181,-0.07017799506512512
0.5215756672407843,-0.026441263535417647
0.43337741272466057,-0.03432048819252809
0.6412231679190399,-0.05750879887033267
0.36633472208565654,-0.045391698995738694
0.6538152131108568,-0.03779276539258358
0.8693032093509543,-0.04999648551202984
0.46134540920447975,-0.05531994612406377
0.7741442014899349,-0.07271390516643472
0.29823962432935036,-0.07975849049701589
0.49266936636554237,-0.05045860960710924
0.4881565903376095,-0.07042356398877869
0.8588988356884681,-0.08341770685695071
0.37650510251631775,-0.09826944473476784
0.164057773155579,-0.05234724168513338
0.537292875886608,-0.04173813188405384
0.3896937958092932,-0.07768262123613945
0.7514803762939093,-0.0637256513582567
0.6565922304509013,-0.07082727653450949
0.21578076600555662,-0.08084103841029777
0.3930465356928301,-0.06612166541180386
0.30566683832975694,-0.05606598986809175
0.12784256472640676,-0.11011553347214542
0.20278215358453822,-0.09870650660590297
0.17411078256521262,-0.13753464692316064
0.6642476768716148,-0.03889999686616974
0.5731957896452979,-0.059962028138015544
0.7189536217891186,-0.048149360696692955
0.6994438724396332,-0.05989458137497694
0.5870122063477956,-0.05173263303359166
0.516804182032369,-0.06656537106669125
0.20569639163370135,-0.0490706213618729
1.3999354972988178,-0.041968499290113925
1.13816344495855,-0.04835373260189768
0.23765989897305673,-0.0873189099891698
0.21930990603923295,-0.059098554672924464
0.7299917826859175,-0.04063302072742048
0.5141433909313817,-0.047425859129832104
0.6076265064061863,-0.07170652617329587
0.3425476923066666,-0.07390039740111132
0.5686651232137838,-0.042085510064245546
0.42042672177089524,-0.05026747553202582
0.6033812721536116,-0.054619126499925175
0.3217307605211932,-0.04761115282063111
0.4263347738442369,-0.05216484680107192
0.46304323527387536,-0.08572164566150864
0.3440711031715691,-0.04960350253148993
0.3218418543475232,-0.09755196642002473
0.15553939296251063,-0.06273317800495348
0.732703166610897,-0.042617419893320685
0.6433930873600555,-0.0741030162462627
0.6685090096735162,-0.06974786804896627
0.33533354383135094,-0.16047807304460004
0.22752487902233476,-0.07951334550917
0.27698765243362966,-0.09013622150104983
0.513460667803799,-0.06457021735095014
0.7597066093272378,-0.05226770371991041
0.5598107774894634,-0.06575808348247747
0.39868261040668385,-0.07911932250237608
0.27987735051307827,-0.09819057442046952
0.5171485584500006,-0.12509278772876964
0.35895669234752914,-0.09131369739646866
0.7470936579179399,-0.0625453729158072
0.23039021114056601,-0.06132974794299351
0.41719445809773603,-0.08028944721808917
0.49596350080390117,-0.031247303955874828
0.20836943893854176,-0.10250401204302739
0.7146574935643879,-0.04053126309761679
0.4597970678845431,-0.06118861945612708
0.35049563224806635,-0.052665619692391474
0.558366038464436,-0.052763817747393915
0.3267125122258241,-0.06599095239915598
0.46912043316184016,-0.05608166170748585
0.5111050902149017,-0.08976277400029775
0.4823702021472529,-0.04818421627533065
0.5346003882453283,-0.03483415857011263
0.5973595719932061,-0.06407343075801064
0.5705826301415098,-0.06987300136266505
0.5183728185669072,-0.046395929334760555
0.3408603342624381,-0.05629306197823769
0.2876230089349412,-0.16381485658835482
0.17216995544035707,-0.0695184484156618
0.8039217583795879,-0.04340194484510129
0.44569823442403034,-0.06734040185019996
0.5099407933486566,-0.0581832990142942
0.5765401007275259,-0.07116923619292914
0.6805900151045061,-0.07417859608694644
0.8335084338977361,-0.0609421301042693
0.3723980609018429,-0.06511340800025767
0.37537534153373864,-0.051770215193744695
0.3144722359403447,-0.057579181097141774
0.8270027914298794,-0.04727094589255654
0.7610078123865831,-0.079329831584242
0.6638035413352135,-0.07263805212470109
0.42995809434371335,-0.06997892118081972
0.39932982450006005,-0.06312713944822701
0.8436786321428111,-0.04615787236221891
0.6637592430800396,-0.05851157135179774
0.3823678666951873,-0.08329474374165735
0.4241962697651087,-0.0778851089871232
0.1875993297132481,-0.0755943402204371
0.8133064977460318,-0.10790603938855381
0.7212003260689883,-0.06115141864500451
0.8550433020898445,-0.0444776552253725
0.8602287542160845,-0.04586295907147209
0.5318583595195339,-0.06296395086037054
0.6934108760590982,-0.08522429616187199
0.4203929509543416,-0.05311767123594724
0.21630553577900113,-0.09406905972145674
0.413351643264134,-0.06413738269657587
0.5736295385349139,-0.06137866093536315
0.2628277142511197,-0.06312471112328255
0.5146624088215206,-0.1341828961323034
0.03967496026239248,-0.21603214242281632
0.38203481637864045,-0.07133464487721453
0.7554770271961997,-0.0722915629874552
0.6098777668901982,-0.07518509152124964
0.4295214479468439,-0.044800600681991654
0.303844438283698,-0.07373551520713739
0.6454067406238864,-0.04917519217476729
0.46253387057710915,-0.08824434744813647
0.2478201335698369,-0.0892828285693269
0.32059074222683503,-0.03795741649636597
0.5394246671771235,-0.09131890194595127
0.5666223457879496,-0.03825995165737295
-0.030885984726754856,-0.15525476119137527
0.17001728831013652,-0.16287705106934913
0.4001200652731114,-0.045308133526036354
0.5401250479355308,-0.06882439490621006
0.7266701659334487,-0.05011624340741572
1.0547878374043607,-0.049587322683374846
0.7609549969125384,-0.03876007782310886
0.19576339337697668,-0.10581145302546979
0.7792261824127316,-0.04462348673182037
0.43434961273845496,-0.07647611439466773
0.6108808537063641,-0.05136725377135909
0.2641150237495391,-0.0813932708336832
0.4719298293140932,-0.03906357232737223
0.42104450981497643,-0.03885346154235303
0.9935788523034201,-0.044810611763428154
0.44457066108870213,-0.07587486243110741
0.44061979955330455,-0.0428502875929333
0.6929135367526287,-0.05945673982805355
0.22788608733547222,-0.05873380339064671
0.30682284333778864,-0.05370264020389359
0.13858846414053572,-0.058093417149996496
0.4243917747255368,-0.08375150742016901
0.6096921208617048,-0.03499132735859345
0.5774182151910441,-0.05959055820360937
0.5745586257738078,-0.05533265612193694
0.3536281964124799,-0.05375158723084361
0.8817068000093713,-0.04971694255373549
0.23025647178978392,-0.07536579861815229
0.7779640920957196,-0.05125686933677032
0.3115775249408925,-0.07372207135148678
0.9381199703806233,-0.04049108290180503
0.5943945719305168,-0.03727001758127546
0.5063265678500832,-0.04155118755856502
1.112497567020975,-0.034889327172078044
0.4581797428402805,-0.06691539066974428
0.411552784049537,-0.057396877819289704
0.3938321043305839,-0.08300053375017957
0.7262756978085696,-0.1041277953233346
0.07322247729575038,-0.06545366783565398
0.3945668145325498,-0.09375063572577502
0.5327051962204434,-0.08117599402184461
0.14435554993963073,-0.1519692376456261
0.9268798376931939,-0.06458910351296943
0.5456769588318706,-0.07206503501410022
0.4190376005227836,-0.06779165387418407
0.2884939004738589,-0.06252959227172517
0.18863403843169202,-0.06310115542751815
0.8468336256219258,-0.03441770642369013
0.6355941550923283,-0.05607340883935763
0.45908187358495445,-0.09335488060912756
0.5433023035752356,-0.06991158584892154
0.37873133540006987,-0.09273794551131709
0.14544307992256478,-0.19673391980422827
0.5878040316580451,-0.03428897729594138
0.8706284465862832,-0.04592914548698512
0.4267975546716922,-0.06431338055354996
0.16578968292910123,-0.06805194037671125
1.0311399763071765,-0.05274965349425764
0.6893645725418076,-0.06759331078836617
0.5439279203366736,-0.06744235821510092
0.7377875918363468,-0.05071538388844299
0.5710050364457941,-0.05241094112367528
0.4230206655816775,-0.06779191817700003
0.5820983884704636,-0.05623453803230749
0.3099547953581878,-0.08298271902789667
0.5754856202455481,-0.05154350220172188
0.219502152004742,-0.10347261595640422
0.4271346790381798,-0.06169890169398462
0.9106889088205576,-0.05782217749326657
0.47003022199351463,-0.04480324455850637
0.504861674923307,-0.0799953297094087
0.6349404297833143,-0.0864481209637713
0.3632273611010588,-0.10447800306614863
0.9358835081225487,-0.03751639839880916
0.06982269803613161,-0.11592000521178925
0.4171336495570608,-0.083014331511715
0.24091544720239289,-0.10201055612313248
0.8909554727617488,-0.0768965711248969
0.5062177675882298,-0.04636836387497534
0.5041990505388576,-0.05231952213896307
0.32068079556950324,-0.10634447651959911
0.5540697429235393,-0.08490873943195354
0.22062816900682547,-0.08253315530562721
0.9049545951368774,-0.05306778208263985
0.21724900649831302,-0.0562267238692532
0.7721443060668156,-0.03596027514555333
0.5658143095319728,-0.04946166639781735
0.587065485736515,-0.055409359167888805
0.5962371112905891,-0.041113440545658686
0.6001782795765149,-0.04199474642248546
0.24113904405552256,-0.07568176595103526
0.039359646167223206,-0.1424062955799783
0.7672603744366124,-0.04713997726103225
0.3366505351009632,-0.0735493041459172
0.2961503716495901,-0.07985376727243909
0.7166664912900158,-0.04969822807665614
0.5880544333462503,-0.035582390451081025
0.7885901715673562,-0.0638428790508575
0.6434689113568228,-0.06829670067956095
0.489123812529622,-0.04523035085128546
0.7569323987898757,-0.048731175058499665
0.5702525465147201,-0.05650024248496255
0.022605504470361693,-0.13682072658375732
0.05024816854334935,-0.14168933112571258
0.9927526531773225,-0.04155803348677667
0.28028798729617277,-0.04704168659003605
0.16307162244018714,-0.1494208167510962
0.6289020360533921,-0.059079194329161755
0.6534061325791316,-0.03456488246421607
0.3787699285899735,-0.06226277785967782
0.21537633482783636,-0.21943159153210712
0.9901677662019603,-0.03280197361687609
0.3878178019844074,-0.06405787357570347
0.27060064550949114,-0.06768421410641212
0.5128987016062014,-0.059837729101117176
0.5096427857765762,-0.057541929415357296
0.7894120248661047,-0.06861337480944285
0.8537146654580283,-0.054766575865461076
0.5311599650376737,-0.0664872907276931
1.2600077877029783,-0.05786504503484469
1.1249009091553446,-0.042635225641157626
0.5622872863660553,-0.05285495513806204
0.36696492845121553,-0.07894596159577383
0.36783778633252084,-0.08424099421748188
0.1971137435751904,-0.08331250803367218
0.39471780614076524,-0.07089346331960644
0.27134852521249586,-0.10205313328264587
0.9158033806058319,-0.042941903415601224
0.5079190071572544,-0.09153515767044373
0.12712465006890805,-0.06595508529526917
1.093740639932442,-0.03859741474115408
0.581329976338089,-0.0831263985303563
0.11667301386642048,-0.13567398268108
0.23823396199591218,-0.10575742864119497
0.44322537414804497,-0.06388648487190196
0.5771373988045538,-0.047256462983260694
0.09813110883427711,-0.07954646128522602
0.2770705515515055,-0.13560329713657515
0.4033200964002346,-0.06839139589696541
0.5698925097166578,-0.07601645535775559
0.48780441221939586,-0.037982226160148014
0.30888224629391026,-0.07744434514991316
0.5332643702019086,-0.06029966622348759
0.5561946081146003,-0.07914418852857585
0.1508639780197829,-0.0878433750641201
0.11978262506223492,-0.08472666411279473
0.45482848995698855,-0.06696725945616766
0.359920526660118,-0.06777293185529631
0.724628296662378,-0.06746603828889053
0.17870314906771712,-0.11437187420779182
0.2257115589975387,-0.10857990911806015
0.21601768627092688,-0.05835557070602149
0.3196855151246232,-0.13792504632491465
0.9871796539624971,-0.05475913103352126
0.5637907798843558,-0.049750964718418555
0.6529112640852037,-0.05119569441111238
0.11290143870900926,-0.12710689975496314
0.20288836310020408,-0.10289778400748228
0.7177590599826562,-0.04431007159913958
0.4525115576060208,-0.09107751791587548
0.19736936297045715,-0.12387852303929625
0.486746510549005,-0.04363753579044205
0.3698919279982167,-0.0712345228809722
0.2935356430463645,-0.06031850762484048
0.4875281159799545,-0.06400803418708834
0.35095161114504636,-0.04668315599453199
0.6976799501963111,-0.030771945336165007
0.34037888489800827,-0.09441923505713878
0.5342543499843782,-0.060845615075440285
0.5242449915937146,-0.06243977540107659
0.296789596877554,-0.07749905731761131
0.3973540292568607,-0.09753977559460669
0.14984006786817683,-0.12225130058800304
0.5886051939122328,-0.05510289451901751
0.8685883218408255,-0.0401204504499596
0.4105840799240199,-0.07784105867370972
0.27048882755241554,-0.09028094595340486
0.3984118978268649,-0.07975342143767694
0.6879958312189469,-0.04694948130107046
0.8121144065792347,-0.04019603239730507
0.3673918171570292,-0.0781908393211378
0.2772596324205836,-0.051417167499080096
0.10047172985055752,-0.09061936708884633
0.3356768605114686,-0.09274627955137926
0.9288579806292827,-0.04801372135708859
0.39964646582567487,-0.05695013963731399
0.2409483506397685,-0.052946386848198745
0.3958198920257523,-0.08595603666898344
0.6416289595524194,-0.03767977509938014
0.548778494848297,-0.05991126325939011
0.7591663844084833,-0.06398400066313592
0.8449139005732402,-0.06781919675410764
0.6376405959148046,-0.07295236926506021
0.763518086649271,-0.041767225703827404
0.8065619152810173,-0.0433425160357398
0.588608338241221,-0.05030864171210059
0.6173694872384754,-0.06736578518467351
0.18519560358020426,-0.11838495681850614
0.7752149070178358,-0.050353427531175554
0.29894918671199844,-0.052368375381224075
0.4324744296723946,-0.1152115712949544
0.3199155244323646,-0.10249016899855035
1.2075438196613848,-0.04983105380583608
0.2997254282213113,-0.0943922274418848
0.2031268637246466,-0.13082158039101666
0.24777331157746385,-0.06825893066437116
0.39205830563301136,-0.04861117890398847
0.3852933881428091,-0.04128163571955046
0.2535647016734077,-0.05124171274574307
0.6933325090831115,-0.03284119754888226
0.34182245857545746,-0.07531346979988573
0.364317110990378,-0.05815168561715511
0.31178603414586603,-0.06137899217849896
0.5385455717640675,-0.048861889993501606
0.6234106602246927,-0.0515296045587158
0.8325077454704235,-0.03639373179852823
0.48762095710604214,-0.07378666517313215
0.2853913030528443,-0.07023784186717297
0.6132532042981473,-0.036318326305516346
0.28977989758263956,-0.09948994337002504
0.30941423973984716,-0.11463785263002113
0.26095378042649253,-0.06849021557427648
0.4457420879672267,-0.06785624174608029
0.45798056441665924,-0.05220732869851297
0.7524488267114744,-0.05347893967987394
0.10693750051700723,-0.06463931660730526
-0.08826510470330384,-0.1710501430915332
0.07114405470884066,-0.12088017305357923
0.1740565883015628,-0.09889743315466182
0.17756888116919733,-0.07567416724771048
0.9133299211327228,-0.031181827941938245
0.5990417610970273,-0.03735625251132968
0.36394880703144805,-0.08292608968461157
0.5064509398765276,-0.04613959158380465
1.1806934410237622,-0.02644647073346229
0.6666539287281457,-0.05057273258860229
0.5494820405684047,-0.07005758630705083
0.6784911624871617,-0.04909115489345883
0.6990754478310801,-0.040783328136642094
0.769816240757347,-0.06189961791115939
0.9064731759172622,-0.049829547610329206
0.20007876431443306,-0.12464068431071196
1.196054146453958,-0.04243956357600298
0.7188405001610132,-0.05140792139405903
0.9974071542972847,-0.051059715516253545
0.46732849056610704,-0.05650659462056229
0.8581890284597689,-0.08757657261821539
0.7826922323163774,-0.05761184388965257
0.2638120561187285,-0.09868720631318528
0.06364927780865992,-0.08170942606130294
0.3280797963993367,-0.07986205780113098
0.3907249087007698,-0.08999172756425855
0.8094125734226305,-0.046509143927939256
0.3426343820443709,-0.09897938349358948
0.3741500844379553,-0.07148521647887818
0.39911144693264955,-0.054088419476659766
0.0800662420144922,-0.12118203126142324
0.39530605965644106,-0.12820526982140634
0.8522993101899867,-0.049759316574820134
0.9445532432970227,-0.06052372438258791
0.831486212723991,-0.03862101730413903
0.4544863498881815,-0.05378502994651169
0.4112686397584102,-0.043579734101494294
0.61315999301086,-0.05265202045899564
0.36955884691770247,-0.04985862198663238
0.6256022098530034,-0.08697869151029769
0.5090219334295796,-0.09417979304276769
0.5551630421046134,-0.06474896796336815
0.4647211157011655,-0.049149122409666846
0.41117532534089096,-0.05680878111082577
0.09002528888797201,-0.059168385348721375
0.5206232745279558,-0.040203998836628174
0.7614758205240575,-0.037405645151268985
0.2555540329071222,-0.055884716382172295
0.7677697429996038,-0.04950051478177364
0.4837071023915416,-0.058221219475579344
0.6813588255125451,-0.06630709869867268
0.9437333557303311,-0.06763909911659971
0.7061391151642911,-0.057235429893440215
1.1022594141272934,-0.05705050632736619
0.41258227752793597,-0.0719377026928748
0.3538395999186872,-0.11711322202048535
0.6062069425330536,-0.03641944347479176
0.6024210112785884,-0.054949196980263015
0.7262415386993919,-0.06770401351163213
0.3077649844329673,-0.09038737858809609
0.8011009196404348,-0.0606746434228147
0.45121725953039094,-0.0718470266869452
0.7170513717758695,-0.0709145560409924
0.6160640569507851,-0.062420393663778384
0.5090177830499241,-0.11049728669953629
0.47017265827004495,-0.10222059978675957
0.7549730416627434,-0.03873509998710789
0.9642429533694921,-0.05372308327475295
0.667461688206604,-0.07226784066225977
0.541916436388258,-0.060021941954716995
0.45759420803851136,-0.07148526816039746
0.6013451152762317,-0.053799177097801465
0.8150867202944427,-0.04447562480935108
0.3406463435701046,-0.059629032850107455
0.4105912575443411,-0.05854402833880179
0.36677261911080383,-0.07201339151093034
1.094078360823422,-0.061693079318320354
0.2408189988727003,-0.05164826485746721
0.26479783170229054,-0.08984209073697669
0.9469389480085335,-0.08613076863614766
0.37417823420591967,-0.09203787545447628
0.6999823888368129,-0.06337231379676456
0.26863550526328606,-0.0816081638226539
0.46459734500142313,-0.05887186828540725
0.19284270665929948,-0.05667268569892636
0.1843657449473486,-0.10443003959601904
0.09548905102207628,-0.10281485488607367
0.4477072519784153,-0.09842285916687266
0.332379323748784,-0.06191802683500813
0.7099699131704993,-0.06680746046545949
0.3563188432780233,-0.0466921051085315
0.849472946504692,-0.02943862892709359
0.44982881517875173,-0.05244717718887615
1.0679306264772306,-0.04187928010035824
0.35660864498256806,-0.0751602044371753
0.2107002639662745,-0.061605537441460245
0.5367147454490435,-0.05400728202291205
0.3126265884711146,-0.07286743825844955
0.46092094408794004,-0.07508244196315972
0.3104140656950751,-0.05557569633511028
0.6787895800667851,-0.06758881910684023
0.31232265976683693,-0.05705351835693784
0.41894406755667046,-0.09446073009875455
0.6855323858587579,-0.06825321102439574
0.5432731324057416,-0.040206846104014815
1.0708844125353254,-0.05893036479987013
0.9602776633179728,-0.05946721667048649
0.45453320394130703,-0.09562665847783458
0.452272883874673,-0.05598284308686041
0.4738570863572218,-0.04347634727984451
0.6183102235398259,-0.06858252450178115
0.22848382403997158,-0.08891679759451254
0.6303164632204903,-0.04615672865006992
0.37014492777892305,-0.06126716704204127
1.0560667638512924,-0.0525442865456095
0.8058527780949996,-0.08495944589174187
0.4394034025549196,-0.07269977807326355
0.6596695555270049,-0.07539019937294844
0.41669994825313794,-0.035109471527943636
0.20638587776020811,-0.07550582724497434
1.1530822555364297,-0.03356209047741754
0.3557676539519459,-0.06349326801608213
0.4339999044092606,-0.05307164670682074
0.9520993455543336,-0.030593472876906835
0.4375633008011095,-0.06424007978577118
0.26270531658468577,-0.08973372795666457
0.2904054579149731,-0.10489379795591114
0.3238785686247265,-0.07219724538004646
0.30780652079848925,-0.06316854101250113
0.5986419316878973,-0.044809766114038974
0.9350089644564714,-0.031936211549734805
0.37834052704623566,-0.06403716204460952
0.1135007674740185,-0.14505841624381777
0.4883949503082925,-0.09384912675244783
0.28230920132751547,-0.08205072369275901
0.2656760435706522,-0.08927995208039718
0.4775187494447639,-0.03776645510302279
0.6842501956705074,-0.049617971093520286
0.587426003399194,-0.0351454931481312
0.656325954019749,-0.07082412713238961
0.6076011405211252,-0.06296890130604516
0.7621997650227903,-0.043598356977425534
0.4858859316505417,-0.04952737693852627
0.37435271526616676,-0.057799754217136456
0.6228495451122724,-0.06897922612335983
0.5552928431587538,-0.061213367244332906
0.5038549314007126,-0.04865238892205459
0.3909407147405075,-0.046204168373148224
0.3157471245124266,-0.06849910021775618
0.6223319450330966,-0.03805739849400924
0.3548858248647895,-0.04359680858598525
0.621327027803726,-0.053988200762035254
0.484407070795873,-0.057638405389759506
0.8023512194596496,-0.051543706722984806
0.40010857313016146,-0.033968306412662796
0.13182192797614234,-0.05355480109437061
0.1987568717278949,-0.07581526555069829
0.3033754508827018,-0.11069638613284749
0.8303474806819324,-0.07131695975135899
0.5037728019354226,-0.07806069515241532
0.36341027158652683,-0.04885148924216287
0.6027171316593876,-0.031887123729587574
0.9013492166531865,-0.07031044938680897
0.4997764102810145,-0.042672157830741186
0.3648921419620672,-0.05836752741161233
0.29185835476657784,-0.18069640571636103
0.5685706443554008,-0.05410445408250786
0.5117370883445649,-0.049760600284461165
0.6751205556294684,-0.07904165774107885
0.5555893565911136,-0.04378798523852656
0.3496441374318011,-0.09265634368896092
0.5077511487285762,-0.09003536103665222
0.517543324660751,-0.0629678249510024
0.522478632324541,-0.0803936821302268
0.5129714260346576,-0.08668043960659855
0.7861230283573426,-0.05133418220839492
0.344720956555016,-0.12529108429889213
0.4275344577635576,-0.04793437318134408
0.11944160801219694,-0.15841802379561454
0.41171645380669264,-0.05231647143320439
0.8871961053755923,-0.06979083198753089
0.36184435234301504,-0.06718162515078385
0.6161924235112126,-0.041837080466838095
0.6570947899951385,-0.06838721911729095
0.6650059698135347,-0.06774279940647798
0.3561057417819593,-0.07169366484030837
0.6293039014658388,-0.05091679566487872
0.20181253262322985,-0.08166951973452052
0.7008845462054787,-0.04591671620055815
0.5171049288838077,-0.14320491041785144
0.5178255529832874,-0.09478903644563663
0.4963476889004088,-0.08241710827261461
0.7423115052813141,-0.11420199078915205
0.49290466483535766,-0.09023020743165777
0.8337801683321191,-0.054529619188013134
0.2905556336162216,-0.06710759144016487
0.49829919461408134,-0.03457400686285961
0.44750592662986444,-0.05594199781927933
0.8925959074919645,-0.06294786356890081
0.3452749606851975,-0.10225060065087055
0.6472469144210702,-0.07022099727229714
0.29064049519974033,-0.07942781873088922
0.22958185147904953,-0.12310348662256543
0.3698301127079475,-0.056456806466140264
0.4837177590113486,-0.06246993573456727
0.45814255352522193,-0.05201025048434271
0.8058213885891217,-0.05096888925962961
0.6275745845439471,-0.05153830895440081
0.6922092241706612,-0.057506406774330054
0.48551535635329035,-0.049240316828734754
0.28787899653126336,-0.10829089012262871
0.2848832731321471,-0.1265332739217525
0.32263739461912455,-0.10546510513402396
0.34731094178146993,-0.04950465293961237
0.40353055470746524,-0.08624448779465166
0.5765547430990905,-0.0457502423634244
0.4374584704908,-0.06223669004511845
0.6200786911434937,-0.0672740459170883
0.21341850614548474,-0.09752263775761805
0.25795072995284185,-0.07022481344455123
0.4628205687438336,-0.053207569401971466
0.1733597770079438,-0.08250352760680812
0.2697296628636412,-0.08226981914726028
0.23867882378991756,-0.08744599578987733
0.6252651054016765,-0.04912081658840772
0.4492021934140833,-0.033672561313708216
0.3924821333496078,-0.1044626720628925
0.6214583993550942,-0.051480206202493384
0.29017454598056536,-0.06425734196202182
0.37579411150294995,-0.11034557392361888
0.45055130024120027,-0.055703758119663105
0.9285859619968964,-0.0375966304287102
0.3830377978656909,-0.07841055205685965
0.5450286625377163,-0.03608200798255268
0.7479546082515804,-0.04673059716093819
0.22799070762900464,-0.06440913187809783
0.2981751816376532,-0.04424833462373423
0.05541565601297038,-0.10799320910673005
0.27338166242803696,-0.04362781038496477
0.286552223934182,-0.06380523863267873
0.24637540838657945,-0.08884738310067164
0.42030857259388843,-0.05713147647062766
0.2959634545072678,-0.10052375805849145
0.724533269110369,-0.06704508117053865
1.2259924932510926,-0.036020960219912634
0.37514973245308636,-0.05734327296825492
0.436134139284877,-0.07724603447339429
0.31690749104750626,-0.097012726527678
0.7932068669352303,-0.039785023212949744
0.7249952942055404,-0.04132158040522704
0.3683762988277415,-0.042080326271409785
1.0445991269883672,-0.05598031027759487
0.5059956097081302,-0.12210029075122963
0.4761416879531828,-0.12444040152086522
1.0967637993931736,-0.03305088880873164
0.9787319875345448,-0.040847291881657366
1.015284399056441,-0.031107527182553385
0.3027348426818435,-0.07232043077272532
0.7757767686181707,-0.05490854192276351
0.2269373104446999,-0.08055028275300058
0.42661292075781354,-0.06474682064108894
0.49319076409244,-0.08691990454161713
0.31120759382134167,-0.052627286570029685
0.6052550957802174,-0.050160237508739214
0.7109934836121741,-0.03381013481973305
0.4699269438326421,-0.049245263942838124
0.46768929477693155,-0.11046615537975168
0.41192667366231395,-0.06051874545966984
0.3878933169395251,-0.05172864547445433
0.213244428797293,-0.07980726880201128
0.530884705377114,-0.042381357380135154
0.5869100343055573,-0.07919083879137889
0.5833670816331631,-0.052798749039170034
0.26833581036649523,-0.07766949112399679
0.2630769737460754,-0.06597390048538865
0.49327437830576026,-0.049757151632883745
0.42127345125764437,-0.0824874176222482
0.3237394698828102,-0.057293529326029935
0.7151357067586208,-0.04687304530723879
0.3090667677449537,-0.06767551021270868
0.5478222110651139,-0.03315096535711615
0.21629655273921977,-0.06515902342964353
0.4040022908068872,-0.03616210749128801
0.6352452691882204,-0.04256440745929557
0.6954877497192786,-0.05287802650460749
0.6156929441704919,-0.06043462043032122
0.5867958821066228,-0.032077585319682855
0.8151934895000139,-0.03852376326304041
0.8931184332955511,-0.09660636668389178
0.4371087285924766,-0.05466610742848699
0.5804766419024161,-0.03225157225356834
0.4834886038041819,-0.08054529318786074
0.49803372023818393,-0.06707096552680392
0.6024604582828064,-0.06557847836544017
0.6782362427145223,-0.06360308304323825
0.5360086686397016,-0.08910790291729143
0.5381290364810083,-0.0662966070922053
0.470941816751852,-0.06810502997302359
0.29257270152799064,-0.052662995796911694
0.6872388394198188,-0.03890718207750399
0.5233042952306051,-0.04044541337315766
0.3694859335582723,-0.0561582239313444
0.4007143799879054,-0.06289899050525305
0.2283524907082377,-0.06861586621461957
0.45877014930636184,-0.060712806923548523
0.2901051023543473,-0.04748748041785855
0.2806334911006554,-0.061727604999766816
0.24900869969823858,-0.059839883708242336
0.536892791488196,-0.06621258840176047
0.4037269746052492,-0.08667645751596686
0.7967411571184111,-0.059233511718474574
0.5348227495639515,-0.06818343834444651
0.43490239720984003,-0.061673979516273736
0.293810024554803,-0.04537220168000644
0.44873539057533285,-0.04544195237846327
0.45333322238557194,-0.04922311013355252
0.30878653695580804,-0.07129439335224252
0.32631021986371556,-0.05996749919666544
0.48796025112966057,-0.04663790311719862
0.5044867234597719,-0.03952742737590753
0.5718904950704977,-0.07682850988133916
0.43257086289526603,-0.08420802719391396
0.30442943877041717,-0.062183969950433626
0.542347188772426,-0.044649218840836946
0.2522387657116909,-0.08051627467410727
0.564120428536578,-0.06302354643348451
0.5684806645135347,-0.052045473229333616
0.8833606976238564,-0.05260633383733304
0.3475352964125915,-0.06543520750182996
0.4198000305413625,-0.05053100975869651
0.7494904647073608,-0.04283677396706054
0.14819464391736958,-0.09070294387740252
0.25821147860682303,-0.049997347529224356
0.7421596849178502,-0.07386345064301059
0.07070645253311536,-0.05509674914922835
0.42959648304490194,-0.10485308591940834
0.13971621409262203,-0.12778804142264377
0.6442088139555535,-0.05416150440289347
0.7287831803851652,-0.029345311113983086
0.3426660255143519,-0.08254156848341365
0.7257805240373609,-0.04237665235028498
0.7638669408652088,-0.05014530166741282
0.33501964421297514,-0.0672164166435717
0.4073551047179975,-0.0715890550404803
0.4482192009797439,-0.057548969610081824
0.40620806445567736,-0.0533508947393021
0.5908208629379645,-0.03108107365252144
0.44064249827250057,-0.044270578482431655
0.4022339549510252,-0.0582620147183609
0.3942493307585524,-0.04495238360866305
0.5361034169237355,-0.05904413785657603
0.585893271389416,-0.045420952564208306
0.06517603133506378,-0.08054507109086051
0.23344988746464468,-0.06629265238433268
0.4588299853772644,-0.04896554306055656
0.212702438152232,-0.07778728407089586
0.4349444705299359,-0.12823276012175078
0.3793246051566246,-0.042728497685613376
0.2569250869197146,-0.08350045943839823
0.7119229707113348,-0.05910521064022145
0.44872611530386686,-0.035276973506016884
0.4765477732895922,-0.12579255061506256
0.8530284472919012,-0.049940644356090025
0.4335976056961768,-0.0459543921706852
0.9938182657544941,-0.03675210264031836
0.8146211539042811,-0.0560440231661149
0.7561527466567777,-0.04359835697742542
0.47481935111102747,-0.04696378243243049
0.5968784683869053,-0.06851064513479532
0.33166982292865943,-0.05639429375661276
0.44532294609699274,-0.05214205503118852
0.17469203852333393,-0.10712677630001433
0.7977179386388076,-0.05774691861435166
0.40292722112019996,-0.08909461974785193
0.384588188475538,-0.05574440744039488
0.5978636655002167,-0.05901044411591594
0.3547013713879581,-0.09386469199682768
0.36209846237127485,-0.05090925911633837
0.5188487759722151,-0.06518714606689446
0.16308349375538,-0.09784622732110126
0.3245340618051089,-0.08030933530194861
0.2860159935906399,-0.0578057176561565
0.6565217923851532,-0.060853357534953356
0.7141572896244262,-0.041879234385411745
0.6514245379439425,-0.07057008676620014
0.6427056711367745,-0.05640737493567316
0.39279908302781563,-0.059612683551887424
0.3074382746055453,-0.10769002421711948
0.5649853470662503,-0.04129748078945428
1.0647918588424274,-0.052566209849643664
0.406387442522002,-0.04957572519987197
0.29233996961528863,-0.0683282323819937
0.39521875314875965,-0.0772619682956337
0.7435255381207193,-0.03437021627867787
0.7101388450855879,-0.04690977472999813
0.6583159966427317,-0.06723999211252607
0.8678794285375133,-0.04053240817739434
0.46972341143463203,-0.06185277364373176
0.6964902306519258,-0.05205871658118588
0.557941600480083,-0.07899736321630046
0.2562667954998641,-0.05415377036252589
0.4386142090500338,-0.047002053805427435
1.0376973625852308,-0.0775859099630819
0.23453913966363849,-0.058505572181914545
0.10401686022390044,-0.08990939944380594
0.4559323634970567,-0.06181469099633974
0.6595964010501005,-0.04090158551411893
0.26480466701531014,-0.06859885895701423
0.07637256089486377,-0.09986206659295638
0.22967652955812423,-0.050777387438261656
0.3994282854133975,-0.06542507689049404
0.23455440745062983,-0.05188269700003112
0.6103222910322135,-0.06620354341365198
-0.03328804605115154,-0.13711731636789726
0.4196156934092372,-0.054995682272430124
0.28238093056664404,-0.06473767855265833
0.49446434575673415,-0.09126079997473702
0.7054571122782733,-0.054727354956004226
0.772554437374908,-0.054379504060222295
0.7208471817338478,-0.04747080394760539
0.6303106852508176,-0.04193051655479607
0.889095343654807,-0.07541856911211686
0.6842212976704525,-0.05069437551633271
0.4216898030775589,-0.06307893308544499
0.8689577690443029,-0.038266297308694686
0.5501914195876327,-0.08775372721385866
0.8545275673534916,-0.03159731924620768
0.11517838266819536,-0.15881643031538706
0.8953824026647192,-0.08026035720483271
0.7620297575128019,-0.03866899489121489
0.11280184668000293,-0.0733982887128366
0.45362788446321356,-0.053096499797054
0.7191730145994846,-0.05404300171941434
0.5411199297212599,-0.13485190290494442
0.07925549413364563,-0.07055331952899735
0.5810088435874505,-0.056582921868944314
0.16969540600037036,-0.08062114228391326
0.8116811921520204,-0.08753751660254594
1.2349936605061043,-0.03972097092489224
0.35833262376148434,-0.044162297319681465
0.32146290119647025,-0.10625866305285636
0.8916978207054187,-0.03439292924850679
0.7559791610567426,-0.05867877732720861
0.2537618851430117,-0.04823842398030065
0.39931759076121787,-0.0759246232683991
0.6006713226693512,-0.04976941466499496
0.3761391016950808,-0.04822539679289117
0.34963969334308853,-0.0636773939588765
0.3889162521824294,-0.09090307281103238
0.6801896561045833,-0.0380359622713452
0.5025317853278486,-0.050039377608175784
0.2438659370537315,-0.09825906690155495
0.6108399846703998,-0.058533669071108685
0.44206730454524856,-0.04778947673708567
0.4277645082165318,-0.08875500206122222
0.49844245675998233,-0.052926617290749434
0.566490590095799,-0.042720720016338865
0.8289551884323274,-0.04580443654364852
0.5774817911278132,-0.04060192334756674
0.22345157224722034,-0.056521460738433005
0.4801273706041813,-0.09403525908044097
0.19858126724711878,-0.10661780958655243
1.0149300359170788,-0.0469584013988682
0.333670088447092,-0.0926540227249798
0.37821419915454113,-0.04284524361556441
0.37205991103353786,-0.06348320408347741
0.0787555827501707,-0.05967655812487571
0.537433463500758,-0.06171343216756786
0.8411997466280863,-0.06910359469050686
0.6097774495677735,-0.0492804976257637
0.5590402742474541,-0.12555854254838972
0.6420058320321702,-0.05083356392965632
0.5673144295094836,-0.07141305110386964
0.3575756650270743,-0.07950271706602607
0.3130017011675468,-0.07893376010119979
0.31089575868023456,-0.05840680986234492
0.2818254718141413,-0.0858055389945308
0.3928847369318762,-0.05674424962789648
0.07539615859492921,-0.15514516348495078
0.28858864772519044,-0.06459028353699914
0.7125180592011531,-0.05851758555697317
0.1665359645590061,-0.07397434437139605
0.6007485041147897,-0.06741281803512433
0.3878850497445938,-0.04807294749394009
0.6312498730041596,-0.07534555482043781
0.7524409427711471,-0.03555323443337666
0.5182360787895215,-0.11332421414264471
0.4133784181610942,-0.05588285979521379
0.23652783520507326,-0.057614001839718765
0.5971450340880085,-0.058727946540496734
0.49979858644130837,-0.060862892361958854
0.00985485925893781,-0.11853798504854896
0.5258710866334269,-0.049501738115869554
0.3486977222812164,-0.04613968286045522
0.37619214276181534,-0.04059701308888353
0.16892664991894968,-0.07418429249589098
0.014765020145924845,-0.09871392603251128
0.27181296562651824,-0.0721004329927516
0.5104864568005802,-0.04608231141767116
0.48290625360793915,-0.05425975652642567
0.45366422847471943,-0.07338036016575644
0.2729402634238838,-0.05978095475547629
0.5245501363272007,-0.07829026438678544
0.768865362209008,-0.061600870016577214
0.8081499802643575,-0.04473160841845614
0.317880653742006,-0.10583056438549798
0.26691746807954964,-0.059490927433370366
0.13657797957051931,-0.09618876773782425
0.5708477134260712,-0.039903634196481574
0.6833983226896914,-0.05634141370192458
0.3002137143529102,-0.0627561017887831
0.6749291994344242,-0.07973710655935862
0.24459996175193477,-0.08763366925954308
0.548850678965036,-0.03991628452179896
0.4766257109118712,-0.09339275277865655
0.40803056836265217,-0.05435444342585727
0.43851759134339474,-0.056626676611048476
0.47458769557493885,-0.09382977716286212
0.3212538848739035,-0.11301668579637736
0.946085982268422,-0.04647609329484892
0.4158740810568269,-0.05735893148914184
0.014776872278192021,-0.11668846244567899
1.119610062871356,-0.066673795945143
0.10767524728791411,-0.12144398209003315
0.9029587901413616,-0.07607128434743826
0.4867809832767638,-0.057172836693687556
0.575628117819829,-0.05760855922298036
0.6210282035744763,-0.049875172262818124
0.9455385926705484,-0.05248966080063888
0.6060845484816677,-0.07195564731708537
0.5719096839725586,-0.06382848205765634
0.404321089443372,-0.08829948967279788
0.3551868822261841,-0.07002380759650084
0.7382279062424546,-0.06245390936538242
1.2945117909381305,-0.031724415649227455
0.7669536041446419,-0.06976037390066747
0.32113429070456045,-0.08926472252073958
0.5458597066256943,-0.06283995294851663
0.5473814689436132,-0.06683068479219467
0.5525200543413231,-0.04975011983855504
0.3087798029401758,-0.052691976605275026
0.3000108428645778,-0.08620720049289543
0.35050239312709053,-0.05458560455438466
0.9436803637335758,-0.0875492927094933
0.16790477529961922,-0.11372663315274167
0.28974668421586336,-0.041796417623551796
0.10383724070595535,-0.09759298067177424
0.3260975423317394,-0.07829409015833488
0.4098145115273788,-0.07400901724177789
-0.03112964120175543,-0.1593989332936706
0.5100899980034581,-0.04275429047167245
0.6867543269241385,-0.04929785182848878
0.684328512840946,-0.06497510272053975
0.8934437108758491,-0.0441036529655352
0.9397881944059676,-0.040399879681284334
0.7411817849475639,-0.04781158985804501
0.07247577966237917,-0.10190988556504721
0.43594720833272027,-0.07967808660827036
0.4849259347563182,-0.11771399334486743
0.4010959573674888,-0.05362636281234523
0.4143876747188795,-0.0692405620209503
0.013717711641312302,-0.10626777737641302
0.5408525404786015,-0.05136879889335266
0.5662439152123291,-0.04935393291984014
0.688139255833383,-0.046727839887950484
0.2811552566258506,-0.07151777381677504
0.497226914109959,-0.04410365296553531
0.3877512025319947,-0.04958297128609512
0.13038351875100518,-0.08175390192359089
1.2542859257539516,-0.045136152620102954
0.4507761940710644,-0.05817189408401846
0.7504687225685489,-0.05568388464288698
0.664293656960306,-0.06772347227253617
0.5306420160451837,-0.05784985804217302
0.5124754649202472,-0.06773747051448509
0.6985960309868906,-0.05333472649954951
0.5371033401667367,-0.03133318476798885
0.18643771137257392,-0.09287370888299873
0.41724242350993657,-0.05766710330078395
0.653356738276369,-0.08752114198633099
0.3362474124104651,-0.0740697093268664
0.10680289989184266,-0.13632034702451779
0.23828461159548842,-0.10320528612121593
0.033204415988227654,-0.15345890674238682
1.418093579390932,-0.045196258104881815
0.8937291463803942,-0.037161521537950715
0.32382488646073204,-0.08629128463758584
0.29194822452763125,-0.06809108708535194
0.5944902271900729,-0.0807291984249775
0.6103379963377324,-0.06263626074140338
0.636161615203007,-0.07870107667056014
0.3244374806150705,-0.03812814754067939
0.2893765207126575,-0.09053075506752928
0.37554024189214297,-0.06386563756155783
0.41079868405370146,-0.08679030777979346
0.24078144999711415,-0.0753421841925378
0.9046319660251938,-0.046733907156980115
0.39540244790786483,-0.047720479213164024
0.6889399858906122,-0.04395968416539153
0.5949645373808699,-0.09154521838305074
0.33912788931333915,-0.05887099945113006
0.381565561818878,-0.07442834252462782
0.04289445525012958,-0.08027226683567568
0.25331084127705883,-0.16640925808642482
0.22205505755143418,-0.13377719010560996
0.5447327887580042,-0.04016702536359629
1.1324398430255473,-0.07319344687481577
0.3320573428807767,-0.06785359830536308
0.22955075084316912,-0.0833746256788438
0.4824665657197067,-0.05277406075968227
0.5333975341233348,-0.0440329851687038
0.3141728640204562,-0.04709090336684185
0.28127849079048195,-0.08284081251966247
0.4552492270730768,-0.058959389030298515
0.20654878432056467,-0.05746788355897858
0.552957163044707,-0.04690734927606799
0.8123350210338522,-0.05802131564993818
0.6611523120925202,-0.05433802951216993
0.35298297688263336,-0.03825995165737295
0.3698737219928476,-0.08753367325776473
0.29233640766027724,-0.07292452823023776
0.9045326590000082,-0.0377146161621329
0.49515416840921955,-0.07284976956116607
0.34481861677275294,-0.10480264753763113
0.531104434677375,-0.06575340421502185
0.31833372172676766,-0.08057434946568942
0.6247948101905241,-0.042372394626072896
0.6581340571403855,-0.04987994191590306
0.32186107589626634,-0.115640285306569
0.6084162870901275,-0.06788415158794159
0.7203884138165659,-0.0625429241262988
0.22304111374036184,-0.05984536119501771
0.7441132737809784,-0.07411746027806998
0.09102006933092999,-0.08608888959273286
0.9226526050764776,-0.03719753995260877
0.32891471918305326,-0.08680130090269567
0.8769835754889435,-0.06637474269919619
0.468655536299323,-0.09705352288665836
0.5716414850130029,-0.04508420810200631
0.36454878301208327,-0.08429352715477578
0.3512926736885855,-0.10376478141484113
0.6534578041213155,-0.0904449706585595
0.5530542448090525,-0.04446879469380405
0.4046732555884962,-0.04043787092476003
0.38100814645077574,-0.060152447896130834
0.3492091168489404,-0.06362891629063283
0.6400973838359527,-0.04377033918955864
0.2628764168809956,-0.09028312838906072
0.3804407978056876,-0.07270399469653199
0.3824066163720714,-0.06688524586986011
0.7585847297010486,-0.08768823770698353
0.9193790831239221,-0.04262442890704532
0.5633434569074454,-0.06006167280394059
0.24443514493989538,-0.0841932957517999
0.29835523838452094,-0.07077449332005503
0.559605170998926,-0.054802940970088976
0.08598840875344438,-0.06555651111399141
0.255780719379046,-0.06070246247980482
0.4428265394113653,-0.07655280441354784
0.18725233854511458,-0.12186570436759403
0.3162227229256147,-0.07656303148395072
0.869507887472525,-0.06972631831139098
0.30079013811065436,-0.045946956290427776
0.6127725121257335,-0.04938362504830063
0.48370623244227184,-0.07649016894274818
0.1740245130390181,-0.1316957715354421
0.7677500438325617,-0.05768689903313584
0.7225167634339882,-0.07166105064197392
0.5195552824326972,-0.06779837830303503
0.26594488194149135,-0.07912419411711757
0.46269850896194775,-0.07632152717785112
0.25884969642770095,-0.07010175581876166
0.44834143031822027,-0.03460103876073839
0.4701401721372631,-0.05420351571692261
0.9149140716283739,-0.06897484419414257
0.4868145849319685,-0.05075576493270295
0.2600435879150689,-0.09642375440599116
0.7073912746115254,-0.09215298298276497
0.326715994954605,-0.06388329948378313
0.3634842259073541,-0.04456230043032183
0.3131968620314798,-0.06296137320422557
0.42388669341806184,-0.04673144105773697
0.11083186534952927,-0.08538576523681951
0.3404948915067485,-0.07193800801449435
0.545495282890978,-0.03928002039298362
0.491294240544607,-0.06505755198559027
0.7069717408114842,-0.056869678568785664
0.4163631798401335,-0.08562341327588108
0.5307146740800386,-0.03725588691392301
0.40573626659788964,-0.0560952831494379
0.5044782382885002,-0.07282977370583377
0.493879227279705,-0.06453185945592099
0.5463193176316035,-0.09108087683203059
0.3735793354561441,-0.09331258971450773
0.43810052284236956,-0.05347722258413323
0.46585137530502285,-0.09353009932279754
0.3336646455783685,-0.04211433096648931
0.46426922646984226,-0.05254771998437591
0.6513714849516505,-0.05143344237085434
0.114164802919974,-0.07196417520102238
0.6526973839306927,-0.05521700176826572
0.2545507627022954,-0.09188805510352516
0.8339485530180937,-0.044162297319681465
0.39484344853340314,-0.06046916943646463
0.7628541485360938,-0.028816465401201974
0.44339614938212013,-0.07501320006011936
0.38672734482491755,-0.07183325613232394
0.835387841377019,-0.054895041196377226
0.5132907829515532,-0.06760707342211969
0.49853432761899774,-0.08428988474032206
0.4441659442299142,-0.06476140275511166
0.29416360305829214,-0.08722429165360379
0.4531528521908206,-0.07317803861127903
0.47235533644967775,-0.06976037390066747
0.37435872437571804,-0.08455011861463713
0.39034854218529924,-0.0671266268096985
0.5504093052975136,-0.06145466516485876
0.31501851507178547,-0.07928950765661757
0.2460742377641496,-0.06753537347897887
0.3497667246052383,-0.06199977552713365
0.5412371295584912,-0.04812413451220421
0.6568949819731447,-0.039537319086384026
0.3027805389230287,-0.08765527475946633
0.9559603826129188,-0.04147386890377969
0.37906206345020776,-0.05456316049187071
0.4076003368286627,-0.08568194807544105
0.47527596727840793,-0.05969914062938031
0.20461941480446977,-0.09068411799591947
0.28917567292126023,-0.05504704939292593
0.6562076287898371,-0.05229614342843003
0.8733667057866596,-0.052283454908206184
0.8345099918894687,-0.04280154470539177
0.43952156230792205,-0.10240516856910797
0.15856524539190286,-0.054619149531363265
0.42084207765010206,-0.039915475544037515
0.3143292743568431,-0.09806510148600389
0.28488773908019493,-0.08003992071215449
0.3591461015900421,-0.053361018208449074
0.5504112818768265,-0.07784680073464179
0.3076947000777426,-0.06065474039086638
0.6207564258229765,-0.04280193441323077
0.5893063655515627,-0.05114160999922568
0.5355921569878901,-0.05566990800452909
0.6079324183148098,-0.04902183805310667
1.049202901439826,-0.031078826994389908
0.840351453690354,-0.039713057177643174
0.4769314287526163,-0.05834028274373615
0.3738722451689034,-0.10599558834341827
0.616092248705749,-0.08696960513241314
0.34953477391292354,-0.06323631011366593
0.5891341389261837,-0.05104707103679973
0.5480524626192476,-0.08319320794334495
0.549625542966022,-0.04237665235028498
0.6061739248992508,-0.04487764147881679
0.17925335348335336,-0.09992911457277709
0.8096605185459964,-0.03283893382767866
0.9139743015250004,-0.05881725084844913
0.572314220915088,-0.06837209659943577
0.3063373452628866,-0.04356323635985171
0.5617124553106128,-0.08961870821046769
0.6310626793116598,-0.04297178345237551
0.48867386618472075,-0.07901322759048535
0.7063060715716867,-0.04620952749147267
0.28767290958780034,-0.06081832770857187
0.39828488601099044,-0.06027699722502167
0.24780375035856927,-0.06621513816401048
0.3041522635220346,-0.08651915377790531
0.935978014311226,-0.05839456442345825
0.27071686696639063,-0.1035210509295389
1.1782955729180777,-0.03546122568080623
0.3420079739205124,-0.04766961129637293
0.443963022817903,-0.0919447907235994
0.32948129761384726,-0.044729612559022525
0.7188058716655992,-0.03471963066082551
0.5949563941438201,-0.064195491197238
0.6113229375083911,-0.04978217772138749
0.14618669592569278,-0.11106739717852221
0.4379693961802349,-0.06552793342808005
0.24847892853356268,-0.05535087152787965
0.26881850015214925,-0.12949436316330665
0.43984612888144015,-0.07168682615021726
0.44719948043932467,-0.05501165487023718
0.6176294770953901,-0.05890830508329903
0.6579640167975733,-0.051582975379171
0.2897091327835033,-0.09407795924570739
0.3670650805879794,-0.09033672848663876
0.32224128650370276,-0.06550516167494047
0.0636702688138302,-0.08242581681227557
0.5896002626420587,-0.04980245907274128
0.2210611380849532,-0.09580851613552543
0.32019618984103015,-0.05771807891480929
0.44439930850435894,-0.05046507109836895
0.7879735593710748,-0.05583959897735935
0.8602443734640115,-0.0696932064160416
0.5278258389600237,-0.07153371477155956
0.4249925474437197,-0.047797109104716684
0.4360627390895142,-0.06012213650243181
0.5349724997226304,-0.0861451219996372
0.6861910907203186,-0.07628548145511638
0.4019801039240847,-0.0855025728196136
0.42186261607111186,-0.07368556090146627
0.26125923144511565,-0.09831081700565936
0.7997523255646268,-0.07915047847881373
0.4680955251202117,-0.08306558022559607
0.22887682728491732,-0.09481024565931817
0.23889275824003997,-0.08110747368577198
0.033266496352292396,-0.08655739085783698
0.5882904700696205,-0.05096188267624624
1.487142931007119,-0.02208749362671736
0.4162719363894143,-0.037384216377184365
0.635329464654699,-0.06191506734807317
0.3940965703884425,-0.07568137163426392
0.47110633134495283,-0.05535981497516007
0.3082029194965963,-0.12765106172573326
0.178941763627108,-0.142794374105624
0.23312536962214092,-0.036128753614861786
0.26429135769108725,-0.04477771472670844
0.3664570337440063,-0.05751280467183029
0.3121929153973293,-0.05951624349796558
0.4234426241994804,-0.06946496605536945
-0.024224505596229795,-0.11076186433778845
0.5460986883059922,-0.07589355472553727
0.3973145473573729,-0.05000258007667735
0.569903690078114,-0.07589446728445326
0.39689412878469055,-0.07982218640456806
0.8921701738948837,-0.05026747553202593
0.8608914714497773,-0.04855138069128784
0.5466235975191989,-0.047130814287215106
0.2834626849269577,-0.07287179502301777
0.24038345079946266,-0.10183820830092838
0.25079098355794827,-0.07169844679537618
0.32137869737918345,-0.10852146576788846
0.3766952554829035,-0.07076446483768739
0.7786317883254796,-0.04322494912490227
0.7756199966869954,-0.04552313951436493
0.26867002251657635,-0.06879265037016336
0.39767816954317103,-0.06929718476871383
0.4669055454432478,-0.08886551829291833
0.30289546925798816,-0.10652388217329489
0.37838943713816,-0.05288539815043192
0.13719173367862258,-0.10848128464377715
0.4462631333760789,-0.04170863996595964
0.12125754133049416,-0.05543335274516925
0.7311215569185101,-0.033420738054827814
0.404090038088756,-0.06972879163156076
0.5622287090791802,-0.07394123896349869
0.5679599260616885,-0.04119964719545566
0.5629842780243011,-0.06212836329665983
0.037617518333544986,-0.09172620344828564
0.7799529779513656,-0.07743984389421965
0.30386641493527033,-0.05128948432530711
0.4757268475040617,-0.05728505778935944
0.3045339971114376,-0.05540521892500172
0.24547388350377397,-0.057817662181236074
0.5569090230099067,-0.04594350465965602
0.5203605593125218,-0.07580114715543684
0.5906185435009246,-0.05905199960274943
0.48917923569682276,-0.05104667163607124
0.36497420234628475,-0.052630635352006294
0.4528847419064965,-0.0528670284092464
0.49835293029108874,-0.05038589959242945
0.6096570296298158,-0.0740208023532376
0.4281124636878022,-0.049929888508488895
0.5572315439265583,-0.05094558866389698
0.5748463969164328,-0.05073036442670298
0.7498712905040688,-0.04999796687055147
0.12592681379603654,-0.05492392794213896
0.29606447048355333,-0.07698230434884279
0.6361697419646284,-0.047313915403631834
0.42020202654762984,-0.1225106582504315
0.5831718825692012,-0.049784664973640536
0.266023671738846,-0.0891085340607225
0.4462473845020747,-0.0647262881711087
0.2666178531162233,-0.06923380944614477
0.6049188249202981,-0.05376878341086222
0.19215399867462213,-0.06202270792752285
0.22302477233973073,-0.08452385611209945
0.3907674889845525,-0.03864702974556322
0.7630218941911191,-0.07638901394274789
0.37383550745214067,-0.0803514709254769
0.5719646404071941,-0.03229072910445241
0.25898580953501193,-0.04980275832356351
0.4458399563353028,-0.11281196247601133
0.19362417479269833,-0.09341185260919982
0.37078938130910766,-0.07733621092389753
0.4203008763811362,-0.046275602483709766
0.2805456123215817,-0.11125746513813362
0.95930936239496,-0.06043401083849198
0.47299248642118985,-0.04822277170220923
0.7111882762607449,-0.06818177149615101
0.11316162224138071,-0.09291345228077086
0.5246210429593772,-0.04481431871276931
0.8891833912260629,-0.09620701470786397
0.9180979329443575,-0.05996749919666555
0.8000633034332334,-0.053063270560643305
0.8309182193200291,-0.08006026725390025
0.28286721265577075,-0.049335037914809754
0.21505151368225062,-0.11125014661581556
0.21442468458443065,-0.07663688126117185
0.6273974639419981,-0.06667278524705467
0.36675389176566675,-0.04712443530774413
0.3305778966036099,-0.05331169259602975
0.699703308404747,-0.051175840040152965
0.37444990918200016,-0.09631082505634347
0.4822969871711833,-0.049666484684875556
0.3151746563704598,-0.07518220039241263
0.32013579044115903,-0.05595442062660039
0.7443105640680836,-0.07548377469889267
0.1184030650437522,-0.07990397824012352
0.3791297726098446,-0.14037845064103938
0.3738102238073724,-0.04712868364722622
0.8808793808970024,-0.04560934721133203
0.49208428084802613,-0.05176840572744301
0.43540289798554754,-0.05529342235423673
0.5120921259336351,-0.060062962776036066
0.37576002457712065,-0.05807131537437038
0.3960361561976493,-0.057310543893672516
0.4291186410833694,-0.06452970512449374
0.6522935041185396,-0.09204580136449192
1.0777983891478145,-0.04256440745929568
0.43622628829243837,-0.08008069512778204
0.7051930329303222,-0.05546492638042422
0.11176910467278867,-0.11338432659746744
0.5551924259528298,-0.038350122666880426
0.23323544062366075,-0.07079024554930935
0.6709509942450844,-0.06650597700215288
0.37475810410682553,-0.054411574425140774
0.7930907458643244,-0.0712039090481742
0.9389078626166925,-0.06271400333499366
0.4813689286512868,-0.05910022326814057
0.13259287882806836,-0.16225768700309862
0.39929471184511534,-0.06025328369954408
0.36713684831436244,-0.11605433371273666
0.3044117683380634,-0.06427097940516069
0.25054674826752943,-0.05315159653147705
0.5751686942302108,-0.09022719956786995
0.2854040570766905,-0.06080253072723918
0.6367058511370975,-0.058959389030298626
0.24024571228744018,-0.06067508073918004
0.44357323355907163,-0.053710510610584405
0.2686056605946916,-0.11723053381133464
0.3409157304658599,-0.0687300868351135
0.3243952625592539,-0.08335033025310012
0.6764636787020575,-0.05808762016447544
0.05422101616690056,-0.15665031107602378
0.16998767655462355,-0.07551215622211027
0.524590171579548,-0.043086919688488656
0.12007802395794331,-0.09494497588890749
0.39239730965181185,-0.08221744136490328
0.24099128484791676,-0.06551710139005851
0.3973398568907238,-0.05399020070397975
0.6436657704340929,-0.05452495757770237
1.0041377779442109,-0.02431942352673233
0.3859971070540613,-0.07486923058882688
0.6103799043812053,-0.06826584722723694
0.3692356340639815,-0.04647594743148853
0.5383740605614522,-0.06718851017879013
0.09487710693480556,-0.1144228226652847
0.3829199062457549,-0.06666201539667305
0.25293544358371434,-0.0840622852112588
0.49349346818277984,-0.05660853246985087
0.48949865752736343,-0.062413867762007524
0.37987177217805757,-0.055951520982400416
0.7944336633970248,-0.05358352983649428
0.4647630630927564,-0.044051880724506165
0.5196639585419769,-0.05537775724557781
0.6125209671252918,-0.03798710192962218
0.642281195825009,-0.08416220811842923
0.5095443833334823,-0.0733542637601794
0.02691707023750456,-0.09257513970877973
0.40847673800650175,-0.06304821576856312
0.6463622033531626,-0.061370888032797555
0.8451792257453445,-0.06056210849378618
0.4880536210540358,-0.07433628799603786
0.6167927965501601,-0.07890669923964766
0.338999405783744,-0.05045442653340526
0.23501664192900096,-0.10269649275320392
0.5019199217030712,-0.06759294549830663
0.32424083278726035,-0.12034675591561661
0.32823750098156035,-0.11409322476753503
0.19096353114261166,-0.08279321445927657
0.6003810374017617,-0.04621107894173704
0.22340611251368458,-0.09810905456245
0.8088026728920297,-0.044418362116887544
0.702286015636483,-0.0908789445183652
1.5287056172608753,-0.04513368875337764
0.34087020719366334,-0.07387922439669092
0.16274988790970224,-0.10377088283470137
0.9423981447124663,-0.06732245833604256
0.8608058511724062,-0.10350487951050968
0.39537676579157277,-0.10643630684467609
0.7262889005601791,-0.026090374167217156
0.30734056677311683,-0.059910209197533426
0.6797714269722703,-0.07905490755821665
1.0762567945815187,-0.04547670624075162
0.3672416115123307,-0.06944793561947649
0.6886278623875082,-0.03472257409231738
0.7457627078427855,-0.09603567362835685
0.7135042552531126,-0.06669660047156478
0.1771950264874278,-0.11831380944746683
0.6348473245799706,-0.0627545943324943
0.8598770743579489,-0.06672474703702169
0.3720436820338058,-0.08327072004385905
0.6424735277437996,-0.12164668203339435
0.11383860606977692,-0.06894254296663505
0.6683227529102505,-0.09312151313910677
0.6258800541149756,-0.04815262727716607
0.5026327686292722,-0.04668469812232845
0.5029226027382072,-0.0685094328109912
0.41697720308867914,-0.06778113823646403
0.5879896949533157,-0.04334720383946955
0.02473901470520956,-0.09446338137252486
0.6592645084268367,-0.0434259886058993
1.0117792624359971,-0.04530334032044969
0.40464113296559456,-0.052978087500293425
0.24173678789503028,-0.06966174909380196
0.4956241753501416,-0.055594021854354025
0.4579050961635909,-0.06873602232574949
0.4052380052565032,-0.06465985231241611
0.19938579166312653,-0.06600388031274995
0.6017089119277175,-0.05208734638752721
0.2645799644218547,-0.09298590208997148
0.3453054250586518,-0.05736661824312339
0.7365549433112091,-0.028930110591373515
0.32357827353459356,-0.04440880771579381
0.44033686785624626,-0.05825301241031522
0.36892001854951917,-0.06401803516038285
0.2688213964139181,-0.09064649666126323
-0.00998113989583671,-0.1479847137333219
0.6860520952868048,-0.027814568715420984
0.3833335206127586,-0.0521707269981726
1.1428244555313638,-0.04262104062170913
0.39683710389510285,-0.03673053743498056
0.34207855979656365,-0.08310177287035903
0.30406866695235446,-0.10658365746141774
0.37409978875185046,-0.028964908797365352
0.460114026475285,-0.07210609949243674
0.6206279912435326,-0.08518681533613726
0.08658959034717495,-0.1678234742526603
0.4659748349302206,-0.0680820260093139
0.3084289786453722,-0.0669455148641741
0.587421355323881,-0.07031597874928885
0.3804950018523816,-0.04680503326530083
0.42815150871604835,-0.04766928574845819
0.6627480287597158,-0.06449173810969588
0.35802571868356226,-0.04373495524993598
0.7554272826615489,-0.05173692134342067
0.3963678175927958,-0.049789749435609654
0.6482028589125004,-0.06315372367570393
0.4050549127741738,-0.07773034986728511
1.0399469949285542,-0.08717623132824204
0.6261170719412525,-0.04429547502066755
0.8083629825796275,-0.06856040930353458
0.35467323912511106,-0.09722135042807933
0.324377052177506,-0.08514272550084068
0.3356598032012239,-0.06031018436020141
0.1262383373580407,-0.10114654364725517
0.5982065718488365,-0.056077310753402054
0.5226703919446212,-0.03851872856185101
0.6024463296666249,-0.05824437661850346
0.6475268761870607,-0.06341544583560621
0.4648333460630578,-0.04781066195952566
0.49125848699017705,-0.05068535697509402
0.5513279565283649,-0.028912685235391034
0.49680928716922335,-0.044995798965383305
0.5870511870852155,-0.04338493740062832
0.9918849328307122,-0.054781597657815984
0.4008514617744352,-0.06970877572237733
0.14312210444209983,-0.05861207454760997
0.3211819891022534,-0.07207413775085392
0.3715962148949401,-0.07265462652566934
0.4564265952335529,-0.07355703807236325
0.6474768459326263,-0.037526410944907274
0.4112508114539075,-0.06727297767797191
0.2662173925724898,-0.08229439651009862
0.9370215639115407,-0.04538049813896827
0.503292673326311,-0.11248688224952974
0.8536042497596357,-0.06442603457266993
0.2883284246463309,-0.08125690656152118
0.6416371835170505,-0.03348942208853645
0.5626619283794103,-0.04472843242832625
0.5705841803689653,-0.04556564287458742
0.8071648872995676,-0.05609067122304445
0.32857733000359657,-0.07652395971073445
0.11159347055637525,-0.07013620141179511
0.3946712242258077,-0.04658102316671242
0.5609597216019475,-0.06176573195315005
0.494040360937829,-0.028816465401201974
0.27866970721073625,-0.1350294172434393
0.6879731219510126,-0.06589396186578234
0.46202034872310227,-0.06739222869634764
0.6153714143982023,-0.06124545168214102
0.4287236734354518,-0.08082525564755583
0.6237039504280286,-0.03477195682223455
0.573031212575281,-0.0733590726577098
0.7259374136975423,-0.047883716245740726
0.5713743335308203,-0.06823633980237165
0.3134009651365408,-0.1404393969415042
0.6189785063343329,-0.0521300888828109
0.23665468279906188,-0.06873270289643585
0.36140086756510725,-0.044409113622818186
0.6863878517113147,-0.043536993796284285
0.6241473807609283,-0.04272406538191731
0.3308580158702703,-0.053277262047701446
0.32772248056276343,-0.08558037341020042
0.5122483321762936,-0.06206461076532477
0.9284663621015774,-0.08076819821812109
0.6823393178263979,-0.07529769161876154
0.33682215680798766,-0.07056534714905083
1.101697435284843,-0.06403265478655296
0.43295582283564094,-0.06179632695077952
0.5378661696718574,-0.07260928046269799
0.7626987917362433,-0.03575835224278501
0.45046177301643175,-0.057903989170937864
0.6210087158762965,-0.08064116783826525
0.28754112458156467,-0.09896072372902776
0.7371685819466367,-0.057280980645353585
0.5258345781200489,-0.07135046477116169
0.589106665907674,-0.04139394142974662
0.7952150482703793,-0.05328200347482137
0.7029422888036698,-0.06430111715626996
0.50811401006685,-0.0509585911902819
0.5660055424785766,-0.0639550528329419
0.6068274761852392,-0.07680768945104122
0.36695678833646794,-0.05552145829529831
0.4896382910810497,-0.055175496017384806
0.7840892720166222,-0.07450556984956991
0.4690512171367822,-0.09639607215962676
0.8265570118886143,-0.06095030172823057
0.5447401401577812,-0.07741522973850856
0.42324760720182075,-0.0651607411154056
0.46360341366471447,-0.12341444390674128
0.5054250804300495,-0.07217457273143046
0.7845238077353567,-0.06270204107930588
0.486041891771819,-0.07304712620813891
0.20069654535738057,-0.11312859036082079
0.7890346771221923,-0.033027954046377705
0.12013479632642832,-0.05121587816438977
0.08067311462761584,-0.09817608012604673
0.44844410376218335,-0.0637711635278222
0.6542689294573871,-0.03968032961197676
0.12444571397487847,-0.12444229603573542
0.39633597233672213,-0.07541138454009977
0.5590231125408014,-0.05012631053274896
0.4764092004084868,-0.054617365177602184
0.6778879126364947,-0.06287734549369473
0.14112003446196786,-0.11168739453816634
0.9418747834363279,-0.036734146178936
0.44457584626516256,-0.05195815788466884
0.38191536452535546,-0.061826887738054004
0.3993753480346882,-0.06394344136352426
0.4881687122930771,-0.07314051489794715
0.14700372787412608,-0.09925172295897988
0.4349165181453334,-0.16310429366685564
0.41932676272315716,-0.07399405366265477
0.5944944833767996,-0.04366876979767398
0.38129350489720615,-0.0523419270677582
0.3048779624337816,-0.08092479203328695
0.6642561847404951,-0.0667200590288961
0.12056297747590983,-0.08436624831795658
0.8602668572994592,-0.030805705637162673
0.16687207269840787,-0.09280026847186384
0.6379576987269302,-0.0596849130441377
0.3457000475004832,-0.04275545726208396
0.9431559180026452,-0.03618379031345431
0.2494467264724114,-0.06638420722362515
0.4728525992009023,-0.10876559523684493
0.20127194287447603,-0.10882499619884256
0.6155960799762497,-0.06287036225346398
0.576886424625263,-0.08305455442084853
0.6361571566961168,-0.040059385405367576
0.22654021346221453,-0.04688478625874315
0.4561317361569095,-0.06141503999970577
0.452766135377318,-0.058416356280229564
0.13162922901091645,-0.08829190150111466
0.641106707470172,-0.04724386778233369
0.8014495493541001,-0.0353988837953082
0.316851620042663,-0.08538750309075693
0.30579706794438866,-0.07001304070819547
0.7315779566905227,-0.047930149606489225
1.0622858324176176,-0.0427396609734505
0.7015424516211968,-0.05407296042049092
0.485147612672002,-0.07132156295896408
0.710157389436286,-0.05173552530133818
0.8587852602929791,-0.05026747553202571
0.37375450115043374,-0.057919230317407755
0.14915345512046385,-0.15486915963125392
0.331384042397161,-0.0827261687004841
0.3902118024657346,-0.11128640792977551
0.10520821465030594,-0.07891091771776038
0.3583450219781499,-0.15904105773222488
0.37447939875434066,-0.058106080857322384
0.9091276384915041,-0.04067971950588267
0.6205365578543596,-0.07876943119552071
0.28542425622360046,-0.10770002667122558
0.3285443080113819,-0.04743827078020224
0.37768895716021156,-0.08008718107144008
0.25579402342261726,-0.08228268247443926
0.25746282659926156,-0.07258110870045342
0.2445070015902855,-0.078790646437357
0.9518305934147546,-0.03280729132857929
0.13761917213523978,-0.08625438945501918
0.7349000658891267,-0.04824405697357381
0.3714369129532362,-0.10215511556556933
0.1831735130408758,-0.08430706119279396
0.4937932476713054,-0.05082252732277759
0.13806503875609555,-0.09483739642290512
0.45689658929036914,-0.04143175943132282
0.467494400217916,-0.05839201987311726
0.6077414321486576,-0.10217624174978068
0.3749567939081979,-0.09596668754690818
0.7351033255550339,-0.04120636819478496
0.6367420807483601,-0.039012167682999976
0.6115019528747243,-0.05241094112367539
0.2998517339299043,-0.07224594633231318
1.1223600464747987,-0.033641474899536616
0.4615577193905589,-0.0687995529572355
0.3799126204073948,-0.10221616074406137
0.5293789298406237,-0.05733277206635723
0.436997466575366,-0.05773375572082329
0.8188888186312471,-0.06723674975689942
0.33762446069194096,-0.07233365435925776
0.22661289825092146,-0.0848301027538122
0.7725891183023994,-0.03776190783743816
0.7678488605373424,-0.08052946447223974
0.4333594161355603,-0.0721299013153901
0.8206638093159466,-0.03835012266688054
0.338016106416287,-0.06536689965869447
-0.05986498032327747,-0.16555977857783943
0.8310934298078041,-0.03825995165737306
0.0858292913950538,-0.060226918026180964
0.4000595787305046,-0.08187365770552979
0.25439574926228836,-0.04723936575888066
0.30636169147092773,-0.07502410077725563
0.22003758645159688,-0.09037519023251961
0.6385260157787713,-0.05448076233629373
0.49096407771307393,-0.06327643623299561
0.6728837047730329,-0.04282338442732703
0.5519660293078759,-0.06241260994754527
0.6322296813449735,-0.0552755424525786
0.5361043184760019,-0.0634116713423849
0.6674753366072046,-0.051086611779325386
0.36105679934927903,-0.051168960804627406
0.3403966017625397,-0.08177724471286207
0.16179780414270795,-0.08242949427790158
0.3184632187052203,-0.13553055819454474
0.74872397286048,-0.0411190564127597
0.46542021915285336,-0.04455391953000121
0.5160326946588216,-0.027815658275712307
0.315799406169057,-0.05267775584276724
0.33804269023422084,-0.05424150065850253
0.5435250519804726,-0.060239573476159824
0.4622576288415532,-0.052383927496822524
0.38086099447523036,-0.05882315702323304
0.2900713149966343,-0.09442900609323579
0.5414037293906242,-0.06567280280191412
0.40983631341633253,-0.0697991355623393
0.48820430406767534,-0.051912750756192505
0.8294287224085815,-0.05776773134588831
0.48670178550603427,-0.045520072465951134
0.478652772197143,-0.07414939897737771
0.3819408894134344,-0.10408854825384406
0.42018927348829305,-0.04696942111647584
0.028420236876520955,-0.10362756305493925
0.5285891355064507,-0.047335825092113315
0.7861041436831038,-0.054960014698188675
0.9450923007054619,-0.029409599988887147
0.4805181577791475,-0.08394785500294721
0.3213727192135556,-0.07790154515343362
0.4067682168563729,-0.07033555877714426
0.1231485482653949,-0.07678830256243108
0.43417440414686537,-0.07971771175584397
0.5114707540990391,-0.056879437413576484
0.3009443097014033,-0.06530592884265063
0.6011730886555504,-0.04725984037714881
0.38786668808082725,-0.1262398275742137
0.795039451884453,-0.049855093799421435
0.2556062978831295,-0.07659650326962242
0.6896274035704322,-0.05582795564829324
0.5248918807581404,-0.03712174288351078
0.4510796962791592,-0.056264048399443656
0.32701511749180456,-0.05679915411981096
0.38216999711775834,-0.07356777639897438
0.324693540324291,-0.06752210829518168
0.19666083016691682,-0.06916801961135954
0.40410866407391643,-0.04104792985304295
0.2597136938107012,-0.07740486975354322
-0.07968944946641898,-0.17772388986162035
0.24172952743883602,-0.09686391558732277
0.7317951062975514,-0.03730661011125658
0.553594139399016,-0.04212145311016391
0.45803559243238756,-0.04215877539190338
0.40568868390220203,-0.045936029070796525
0.14748548088408442,-0.07517361584757798
0.5646262327755696,-0.06923538861445677
0.2970391282347209,-0.08660465802562789
0.8362059685094938,-0.0487770974177999
0.8759571975925347,-0.047700361695423577
0.23807507100811587,-0.08579838046949184
0.16104489682655476,-0.09517838551268132
0.19903255659939445,-0.10488071296212198
0.2980762045998,-0.052459381851205134
0.4362608502796683,-0.12040470052165264
0.27487717350086327,-0.07085177107810514
0.6451791757338796,-0.04198872619962235
0.2914972438356005,-0.11696310987726888
0.5079413221044244,-0.035042108111387416
0.37058839334452753,-0.0526302211524774
0.6018200282002675,-0.06657538210801295
0.40309615772545926,-0.06371176000753065
0.009992052656335959,-0.12739770348715207
0.7871565620570684,-0.05758605172552789
0.18821801630494184,-0.10237002060444567
0.4709965176620958,-0.04726854252990398
1.2019732043324622,-0.06035644408253982
0.5606073028159462,-0.06447962096465365
0.3758293227261147,-0.040218628914927335
0.46393765880795645,-0.12549927261067595
0.6108682349892682,-0.04573403341972815
0.7639794370740036,-0.03932696045331463
0.40150365719281833,-0.05019606848819491
0.8248064417164511,-0.0538227526935986
0.7634621367680483,-0.08717968969324197
0.6146464101416245,-0.059503261590580614
0.6862072059561926,-0.046951320372602856
0.9436795183758147,-0.02656024373315602
0.6618925663973647,-0.03997018046536582
0.5464277982760726,-0.08688350742135675
1.0676807689953436,-0.05737417551588475
0.8082542484517901,-0.07072574485862038
0.5531133531469066,-0.041766251139249255
0.30085111820718335,-0.04476229845525459
0.45949197869305936,-0.06567710459445864
0.672965939040614,-0.04668059069607278
0.40192250908157456,-0.06910772630341866
0.24631247705956216,-0.07464834619933025
0.2909989830614992,-0.09070190381769905
0.723589258048646,-0.0707102210331253
0.719262617952172,-0.06900324781197087
0.02741899828210803,-0.13393979986107596
0.28529099442329464,-0.05210475219340194
0.5208056268205319,-0.05823302404018149
0.13611605531600612,-0.0924665502618901
0.2123349835624797,-0.0666478034626663
0.5118595805794459,-0.05576258756756969
0.24334070003050345,-0.09761190585654478
0.08311134799771036,-0.06634459185975494
0.25683154873545977,-0.08583199364914251
0.29492992601213874,-0.059477119807317735
0.5409835975791559,-0.041681952453861526
0.3170915911467076,-0.08615955704661604
0.30232106552472193,-0.07953173510176381
0.5383813526769239,-0.05572223254280084
0.806335262578135,-0.04911307363215511
0.4348295369105468,-0.08262886035804728
0.26494022847593146,-0.1273204894453801
0.31089451950106817,-0.053423855670823195
0.3224676561091204,-0.09760729137253366
0.5187331851090375,-0.06073053118224647
0.44927251600337526,-0.0637683706886838
0.38079222449683026,-0.07829538707651584
0.20492929596638376,-0.11326950448416584
0.49868238638395845,-0.06952416523118965
0.44210729627810674,-0.17781894811459764
0.3088470520650448,-0.08175750778309399
0.5588133691580637,-0.054940094234486314
0.3146370962284337,-0.08190056673413448
0.14477208158777888,-0.099939530918979
0.5700586612461842,-0.07604827983181739
0.36673868110579844,-0.08748150265629251
0.5706050476125581,-0.03730661011125658
0.304821462524693,-0.11185541934946341
0.3612826500195512,-0.07838055416057577
0.48239790909391544,-0.08760216966099599
0.496762533342066,-0.09392702297145039
0.4812819963394761,-0.0448776414788169
0.4550953277298486,-0.09854880008925426
0.00040280141338522313,-0.11742501696945407
0.39359537800551325,-0.07589703821773497
0.9332430478309872,-0.03832539567985205
0.7821966738713433,-0.037673242819211916
0.46212947019383965,-0.051265914590226225
0.5261093618659849,-0.05229614342843003
0.044465540058823194,-0.1351917081551629
0.3744189446345978,-0.04858975098284379
0.4516764691268895,-0.0571274269900085
0.3097299390369892,-0.07037945492170905
0.34193935817718946,-0.08596271111764997
0.6520450022569071,-0.0427695519382435
1.0568445161102877,-0.043244947162927594
0.16300484067622145,-0.10678258573310528
0.6147754689095892,-0.05853126162413069
0.5230164339363932,-0.03931442344561964
0.7657264680949456,-0.0482846574381387
0.39095993453695455,-0.0977016396274133
0.25948139682194094,-0.05755328213733779
0.643789221894473,-0.03713846828355727
0.4419162488043893,-0.05199407382730581
0.3509534085684576,-0.08187994698183743
0.4125014806130012,-0.13992467993028201
0.7956586078279877,-0.07969068195158846
0.2500071336405649,-0.057443888854441516
0.6030394287992631,-0.07976272168501797
0.3263195694088137,-0.08365018016321546
0.42761958860743765,-0.05778658849896523
0.8260476895762205,-0.02900793452272943
0.40552758459840144,-0.049075849831855756
0.46907569977300434,-0.0948862789079199
0.37847225543766805,-0.05631236467443168
0.3847360569738971,-0.0567563532659594
0.6561025847545263,-0.06898067820222653
0.4588215108583613,-0.050447656696962384
0.3248454120097737,-0.06962089173698083
0.4551736869320875,-0.051863048532264755
0.7476069462916761,-0.0560781922317497
0.10312926569011993,-0.13930983098168037
0.5325684866437943,-0.07971061942254509
0.6838608087917508,-0.041524103089994435
0.3688125789069887,-0.03594140340292018
0.5118602268943193,-0.04136068797928871
0.46213146264713423,-0.045982298928221144
0.5461815778932912,-0.05105316668261084
0.6690427132699619,-0.04992988850848912
0.34961878108442024,-0.052713661155650016
0.9475884613211392,-0.028970513606332182
0.5904858202214769,-0.08500180200324203
0.7151207153329624,-0.02995002788955492
0.13822303118354817,-0.12090675655902872
0.3331921232614783,-0.09042983981809649
0.3208835117582385,-0.05254602845181311
0.6785344434085872,-0.06827772536890286
0.6870263758224904,-0.091512514602064
0.689445070811189,-0.08541135175872439
0.9714398829551809,-0.02916591636520549
0.4911863254704987,-0.05985277342854012
0.25962696181431366,-0.06463409249398
0.7228101909319937,-0.06615524614295654
0.7313696409487529,-0.039954043134965755
0.3825528049668727,-0.06759152689420189
0.45637501176780937,-0.07434823108094624
0.2415450871452589,-0.13989138560024694
0.15184228134281286,-0.09838486709389216
0.49222237225316,-0.0791479424185878
0.9303609539696893,-0.041610887876973646
0.10447651788123169,-0.08605642663971247
0.621371541720577,-0.048964738934507035
0.6111504547258397,-0.05165381811510794
0.28075941828938733,-0.0573961199300973
0.3879051741133832,-0.062316700449176476
0.4938449680211765,-0.05279988769192134
0.4110712109469339,-0.057678292613026594
0.43219388741234144,-0.0465128336286299
0.600895862663152,-0.06774160391618123
0.5516840345515592,-0.10458894298504862
0.7261967148873567,-0.08125286039815283
0.7747236583476791,-0.03238488430492514
0.18223733764335415,-0.0882384379564759
0.39512696291445404,-0.057158109439083504
0.42850051770175623,-0.10795229372362836
0.3213817290946879,-0.05770013778891314
0.6561345235381391,-0.06176584593842471
0.42665150486015446,-0.10918853452184596
0.252681875738459,-0.07362440051729913
0.6269168648470143,-0.07734836123831867
0.2344452353899642,-0.0639658999952123
0.39035573869349793,-0.09382272333954689
0.12956764603233362,-0.10094632079398502
0.6091908943564865,-0.06433346968301867
0.6676133998659197,-0.05835442988278983
0.4336496268694894,-0.07535282873900873
0.7308692851371794,-0.030562294219319552
0.807516156668227,-0.037539651142941
0.5734734764274245,-0.034589868313987804
0.4855325991890811,-0.06631585458802225
0.5873939856896231,-0.05034922858961688
0.6048146306320958,-0.06706244432804132
0.3151941401783789,-0.05447877237908649
0.5925444943797882,-0.08127102585060408
0.555109673667397,-0.04028615781795697
0.6327522507687064,-0.08126207255595896
0.8842533759892839,-0.04798957994490882
0.6029687823315031,-0.04291608695101812
0.7476280923472811,-0.042671853530100834
0.404307838647433,-0.07080163769677095
0.34078633093617783,-0.06522144167344635
0.41983680572585413,-0.05998701714243915
0.24913390563732385,-0.03795887945481513
0.8237607262561548,-0.02941283523860272
0.2635980728574352,-0.07079960085263182
0.7160257968110022,-0.04256440745929568
0.7303816858752294,-0.08029682483153966
0.45825857621551114,-0.07184110124236454
0.43991159232407573,-0.0732406927711533
0.4031127980709237,-0.08386626238873918
0.7294388851844711,-0.0645045061310221
0.1884724612310651,-0.08516251999085589
0.9455156620681233,-0.06055644351029543
0.25663007629522183,-0.11417636539042819
0.7563224639159354,-0.046118757911205344
0.8260609745955005,-0.0674768073592108
0.2575433150738413,-0.08128303751207255
0.715122263178626,-0.03179472516485238
0.4166626599061709,-0.08003233352744765
0.706146207970479,-0.07928760107334021
0.5477349249847716,-0.04708068098514073
0.7569380887796129,-0.0582436107768447
0.9411137344281288,-0.042196096219436985
0.3903019640681613,-0.0539127121280476
0.7335910241066603,-0.07169664307874812
0.26420499552981047,-0.10188361438815219
0.7388334471126698,-0.028931782666834938
0.9952630256031685,-0.08727773769815528
0.3538649079160139,-0.08586954822052939
0.6058436052402412,-0.07753929846979113
0.5257133117006452,-0.07368067734184025
0.5179143152754853,-0.055556509877950244
0.2994144000154786,-0.08462374110601079
0.20957831432438412,-0.0813460927600469
0.36610912628379144,-0.07770870798638008
0.7483934177389375,-0.04913503308369005
0.44636920632266075,-0.11258329074384443
0.05758714650811325,-0.06819112090425272
0.25772402726908483,-0.0768865148147585
0.32549967971566285,-0.0687039259962513
0.5512846782973542,-0.05980081793363268
0.988642788700377,-0.060782632226358824
0.9992816012588026,-0.08281850145796654
0.30918727245464495,-0.060689988113542204
0.35422215510688826,-0.08810472706344863
0.5400071659935375,-0.10050113694624407
0.20439142872667726,-0.14689700092901636
0.4437838636945699,-0.06919523143572726
0.4692249402533646,-0.05256145677087387
0.42230464570405,-0.056414964530515865
0.3543899487237454,-0.07743182399888315
0.3087239593676645,-0.05864105207817616
0.32763786175717513,-0.06139851368338223
0.6995839297604793,-0.038233152950177596
0.21223018108042435,-0.060664714213264026
0.5122748445287644,-0.06379732512157266
0.3635250477712091,-0.08789145183306091
0.2352390681084242,-0.05325690591301113
0.6321766657922825,-0.046997614404727606
0.8835865843409019,-0.05580668917493592
0.8374277323449639,-0.02710546274893999
-0.012037608097227537,-0.11771057483939829
0.5030260748607522,-0.05311998916577654
0.07560925069122137,-0.08148029654387667
0.32613423699286437,-0.11384603109191793
0.5538385783779805,-0.05882385071223106
0.40377985860057963,-0.054282726949549054
0.30746899597506117,-0.10437541044788867
0.2347416976964416,-0.0981587800519762
0.4000507295811637,-0.07378619922785268
0.66455441033541,-0.0856326063720787
0.7644377079694635,-0.05299810333239141
0.20759683782435912,-0.07153564256905809
0.17255186016464474,-0.09544039507536783
0.5157407253675432,-0.08345598613021676
0.16614223728205735,-0.11306776529159734
0.5811477760824668,-0.06344049861154
0.16559597078904154,-0.057818016685300844
1.0369753282289182,-0.05465181354324011
0.7242492880125151,-0.0622738851218676
0.27445367653857944,-0.08222874611645692
0.3629986083596968,-0.06309021117807634
0.19794002371896924,-0.08707159993141467
0.23282621340146492,-0.0875487875191866
0.9403416646178275,-0.04777054653720747
0.43869997776774183,-0.04991010129514539
0.4978592155040662,-0.05333934056829215
0.6855086429880672,-0.04237665235028509
0.7046638518690902,-0.09036051556624924
0.7820493434307296,-0.056706481866907965
0.7464637129346858,-0.041821233745111375
0.35177093987698393,-0.05529312578219803
0.41427169785991547,-0.047272886131564884
0.41802513497461713,-0.053782499993429767
0.44788041436561365,-0.06542606410346341
0.4536196960352865,-0.036192052200287206
0.4415789341723422,-0.028474824293310275
0.23618267912842428,-0.08025963830351346
0.5079644994129822,-0.05969362388023669
0.35556350554274574,-0.05006677968386364
0.4144822262682948,-0.07458142263820589
0.559592181428834,-0.042904611648443725
0.685619056742335,-0.0873869748941184
0.5364720953033031,-0.06899761540141092
0.38436221093298917,-0.04923234679288613
0.365210457751064,-0.04660439740428546
0.21356701981605686,-0.15968697617909133
0.6179595450911004,-0.08401756408812167
0.1861264449838962,-0.06163528900728399
0.4708753907245886,-0.04611002067102388
0.6122661276349468,-0.0701504765510006
0.7736992380481675,-0.045174110974536164
0.5084347842721819,-0.0619800528579143
0.6124397178063574,-0.07282376775478039
0.6393791997720986,-0.04771852619014527
0.5370806471477148,-0.0574166674904899
0.26596200771102496,-0.11573340626595752
0.4332315824134545,-0.06707313244334212
0.39109212083377565,-0.0738143138572307
0.4539549674620984,-0.06290445530443112
0.8494381970472278,-0.036033377002043676
0.7220641363273193,-0.04307237111711815
0.5219926894246436,-0.09841494485796631
0.7916642583840903,-0.061661117058475656
0.3718529012525287,-0.05887274268461984
0.6778562023095778,-0.0652751190098193
0.4571023530463656,-0.1024918685822731
0.3821686766137895,-0.06226190901177031
0.3976210770403996,-0.06600793024968143
0.16048334865667147,-0.08128434781191451
0.2858338588863336,-0.06512490672648674
0.4559996393765009,-0.04226874793063262
1.03031582215776,-0.029705822578937502
0.2842900653961564,-0.07060696950402057
0.3437606869317893,-0.06963497381799122
0.17969979873258746,-0.07047494768230711
0.7004672088305002,-0.05566051275703121
0.33357579182208785,-0.06189803390945259
0.36758903434931933,-0.09649392716585226
0.5943800964874322,-0.0539164008352474
0.196679896549655,-0.06301404389271936
0.8579676512889125,-0.03314544858341306
0.552560223996734,-0.09138438091631385
0.6014012794057941,-0.07088900721840041
0.2668403757554836,-0.07930557841356778
1.1025736628965324,-0.02790089831451148
0.6664039417319103,-0.05860585298381804
0.21875990681086477,-0.07772637028283702
0.5171396612621624,-0.06688809460813772
0.25463314140009197,-0.10722088628508752
0.23270519704204107,-0.06826972550773447
0.20722544685554167,-0.07528712310548147
0.862378701144497,-0.04338048371253389
0.5584821487296854,-0.03926931840210157
1.053217644778338,-0.06727150460379872
0.24646737813314967,-0.10132045103967313
0.5444804312256843,-0.08669899481354093
0.17976587995000481,-0.051668909840565935
0.5142055910783057,-0.08793614453638476
0.3906740760267662,-0.07625068186096906
0.8893980073866121,-0.04755023659587465
0.31170097844418376,-0.11243735452802395
0.4601956083041585,-0.0418525269090424
0.46884062037275376,-0.04831340190408606
0.5289683658587498,-0.06405179440696906
0.8026759692347718,-0.043259316247547086
0.495828288127522,-0.07856801193388852
0.4686548455691728,-0.041687122037642244
0.6485985525240558,-0.06568521073748967
0.4834618266577253,-0.06483570182788856
0.529282454592378,-0.055924714381512364
0.5205428997282784,-0.06577341799351011
0.42141098399840327,-0.03839747524329129
0.5519212925388524,-0.04844235469032532
0.5556588679528431,-0.06266821349752827
0.2652302825889836,-0.09578273158195683
0.7940908993617499,-0.09927924738151828
0.37766083342355494,-0.10997003629161561
0.48504022410974224,-0.06979211894517345
0.1274796919107597,-0.06072843832906827
0.2741339216658616,-0.058246822807119014
0.025153248528519967,-0.09855602602253644
0.25748116857004866,-0.0910965030751304
0.300904402441575,-0.06638175918982014
0.22772441840891777,-0.058971384044565034
0.5326804217937104,-0.052187322847054185
0.5538344463371645,-0.05015357085005978
0.423051057762313,-0.050929903343560956
0.0579216598133836,-0.06649388082482954
0.2669728343409774,-0.05465568486496486
0.3427420761661637,-0.08812409647673958
0.45183631989535433,-0.061116529744936754
0.789799173708958,-0.05108347129907198
0.6989457588856902,-0.050907648104980385
0.19797933679018165,-0.0836277495199188
0.3078238688859214,-0.05960674679351052
0.14134122086258727,-0.11620423979982719
0.5310189998574244,-0.05048470128702476
0.3283943489584171,-0.04458276851845089
0.801328559449215,-0.02887850171912465
0.7087170086009322,-0.03207533147514918
0.23602768555399778,-0.10064891917368157
0.7494261204817825,-0.07992338792779385
0.5276961910705651,-0.05948497457190349
0.6502858719334341,-0.061119269723087566
0.2847079425181358,-0.0891777631245596
0.2660282251856678,-0.14985605287815695
0.19428315107753047,-0.08867137787863932
0.7195150919120363,-0.06233355468532098
0.673867177460449,-0.045597645030845624
0.5649067043491229,-0.09085899077986037
0.42976081139499356,-0.07558272649597209
0.6399783021676879,-0.057630146222972356
0.6971397458037596,-0.051126316554164775
0.6643869316430246,-0.1205793581012411
0.31950063075751234,-0.05187996878316026
0.36720295877202846,-0.05253069026824719
0.4596252662153588,-0.1035275293378104
0.630149290696397,-0.044270578482431655
0.32853533693758963,-0.08480349944827581
0.6454831931126042,-0.07790561898556514
0.27504025095424356,-0.0993450478141169
1.0335955727479877,-0.0321810111666343
0.5271734963707697,-0.04396398887206743
0.5861556059938611,-0.05658076778902055
0.27663729094144873,-0.06725564970850861
0.7967804039703528,-0.03195750524513696
0.8561378109870537,-0.04242093191694385
0.20513982538650266,-0.05345105793757765
0.6061642660012545,-0.06458597482304407
0.7721513155900437,-0.03615906039043881
0.5360631493985042,-0.045860812541796636
0.4085169576205798,-0.04429537999256428
0.49670512147656054,-0.07971021775004883
0.3296127477154249,-0.07690824012789466
0.3972440787538183,-0.06785658943953143
0.919611945010036,-0.05356379375553444
0.3116838148222272,-0.11062898031465929
0.4741555649117972,-0.07593234769462232
0.47957815863579034,-0.040179775781699845
0.3017285979010773,-0.06688678699071171
0.3030293010551395,-0.06022341501448081
0.16940381853853625,-0.12463876719965039
0.5841673590517649,-0.04809125998948938
0.48887070074334993,-0.08056875405823494
0.4308402656407393,-0.06634922885905958
0.314903181586381,-0.08995683882632088
0.1626196137001028,-0.08495344621032308
0.5084111220667642,-0.04697726211384046
0.5573137764717622,-0.08728235328202782
0.45936110989502565,-0.08176267545234672
0.13538594611339216,-0.11087472109017049
0.025207196676305443,-0.1519895357686044
0.3130599514163219,-0.07483568907781857
0.460230866013827,-0.0730161115502439
0.804959472590201,-0.06589281077632736
0.878102991433686,-0.07232299974301004
0.6390997431919545,-0.054646955077292225
0.251330105579076,-0.07518211856157997
0.2850563723977071,-0.07304465719620135
0.45096007744830713,-0.04978290513697925
0.5095916107360996,-0.04476907150395515
0.556919905712919,-0.04251751301417306
0.2780083173523029,-0.10249375560011631
0.2892843991196081,-0.09250846943292212
0.30291733085512806,-0.07951760743783032
0.810782906876141,-0.053711424781288764
0.5147015389758045,-0.06900297603968775
0.4394024771562677,-0.09060264637388094
0.2657973626489911,-0.05745940937672922
0.738803341166866,-0.05952972937528733
0.6014927080183614,-0.03554195474385813
0.3320210696421346,-0.058797333128213225
0.25338850366239174,-0.0559350364332879
0.1363367542890972,-0.0816092985818625
0.07397481893624747,-0.05294157604532779
0.6445785621085767,-0.09236869719064122
0.32801080149494233,-0.04611499622752968
1.0012981173450095,-0.04550049608381912
0.41200430913304253,-0.08303822016129125
0.14982737743586472,-0.09539768092455125
0.40482534987233887,-0.05216599107941389
0.7208387846590889,-0.059888903192937604
0.29779492180795963,-0.060236887169349274
0.3191221855028714,-0.08992496743280087
0.5289742128369666,-0.05822293274126544
0.3850359792689404,-0.055532669831526715
0.3981687667496958,-0.08819841823233965
0.2672858526662525,-0.08148753442799661
0.5104367343231009,-0.08521962974432296
0.3611147426824406,-0.07848248400294444
0.6960422282429333,-0.08365311245920815
0.2625561783961936,-0.05470654472211178
0.5077060377844804,-0.04991010129514539
0.3524873309052816,-0.06333846525606768
0.5060524424665629,-0.08728701486711232
0.41520162071509104,-0.0645010731581318
0.4329426762215429,-0.0754858651379191
0.4397251598111458,-0.06290962445545734
0.5901796164728799,-0.05820263756286903
0.4945089002960723,-0.08151205905601411
0.39571940939750827,-0.038359942044619455
0.3894255318798252,-0.1087360928066965
0.6627545814781248,-0.02740896048100183
0.11607316080921048,-0.15663144561989217
0.5159768683527757,-0.0951351261039548
0.6185680583779809,-0.041336395268868675
0.39807918797483866,-0.06144684587838811
0.5714989449693857,-0.056400926276013896
0.4006352965968685,-0.10315928771630944
0.44728999800312086,-0.05527431619098466
0.43443198555188256,-0.0634682769439543
0.9947952364748549,-0.03289265635654459
0.22638783000806328,-0.1806277289443705
0.8238945445083388,-0.07296683768806866
0.6400884515303169,-0.05824951732673944
0.4859127830937435,-0.10027388193485354
0.5083840235484491,-0.07592958757143542
0.37709385277657503,-0.05497503167092177
0.08443432988622535,-0.14778956351635664
0.4764505605307685,-0.06771173713251333
0.6180889302680455,-0.06116078867349661
0.34768867547492666,-0.03788629924658771
0.509688607864083,-0.059369934650450595
0.7853651766100782,-0.0552804617156446
0.5472267965633515,-0.06537326618368788
0.3063768751256819,-0.045461671334850906
0.3266851920803113,-0.09909588817831061
0.6324098459225518,-0.04078850077798102
0.33617082743307636,-0.06146618287003802
0.4391771663089772,-0.04883038765657932
0.3047284301024309,-0.10378546706267133
0.4830844572578208,-0.05306954030951727
0.8463339643290557,-0.06514967228747692
0.6189150521758233,-0.07397590810544441
1.0459078596861286,-0.04513662353222159
0.4029800687017766,-0.07757437952526425
0.37718654305714194,-0.04575952247427817
0.22242911267865817,-0.10551387274011903
0.4767017503664719,-0.07000536984792194
0.27484987509791803,-0.05671467659862184
0.6103063022325312,-0.05983948903206959
0.6440923484436838,-0.03776858100423297
0.2125350210611865,-0.06520791452956454
0.22482043338147406,-0.07278467964900637
0.2537346494541868,-0.1451809069626363
0.5331611051190439,-0.05999637711632566
0.44280443224638755,-0.0374052808184725
0.5720355424594483,-0.05157287767049967
0.5612368933727911,-0.0775254349580462
0.19881486435833762,-0.11341029999400376
0.6602175239711838,-0.05312417700646688
0.22462925343682927,-0.08421372770529623
0.33507473744207106,-0.05287256082531555
0.344653510042098,-0.055441912358705436
0.6699141464768699,-0.043646795371394154
0.42666239091861535,-0.061199385712176535
0.4707840433126189,-0.04158035578286301
0.6723289941835815,-0.048769278999590715
0.495992201962391,-0.05475162125137567
0.3776318339663096,-0.08155645690587032
0.418538277595099,-0.0793045863411781
0.29765685631107286,-0.09421291813569876
0.6998994240539931,-0.06603387903773295
0.7024688708797231,-0.044672645421447776
0.4018014816300801,-0.04840035711450308
0.5794551124602545,-0.08226379061936284
0.28969851207085573,-0.08735275782795993
0.7008847510031733,-0.04807184908765816
0.637634407047384,-0.05750697673820937
0.3645552448151521,-0.06404561845437673
0.4055443273352759,-0.04663037990655283
0.8373417032946018,-0.041335881011839715
0.17093440136418936,-0.05591509942871531
0.23716023119520702,-0.06378507314000881
0.4025156682054438,-0.042935230031578064
0.6238504839263441,-0.0491218074042723
0.5874139258196025,-0.07525034001982744
0.10891094615034214,-0.14374563584791555
0.5019105898368876,-0.05693816144690833
0.09615173614473105,-0.07473206283722811
0.5644148530806781,-0.09202608212452623
0.8296812748039686,-0.031201991216149083
0.29214722797037385,-0.14244840477230902
1.2183756629305318,-0.03302383967268374
0.22478735893562396,-0.10767791014633277
0.23793188229181617,-0.06491467183439947
0.6948290058099524,-0.040982391795089224
0.3227725656937259,-0.062369730989513705
0.2612331329876987,-0.0580999824992533
0.6212122506919688,-0.06405080305037625
0.42718631822830533,-0.04779710910471646
0.7628022671314585,-0.048932487358864796
0.35190089026442894,-0.0948986907043462
0.17306322305916888,-0.0745729991694779
0.2412729284157673,-0.06492234601892777
-0.1113799301981454,-0.157550961928413
0.5015754208782897,-0.031936211549734694
0.5736274484305717,-0.04359835697742542
0.42194926220945583,-0.07459543654393441
0.44255556054220757,-0.07098947939806555
0.30566313483600616,-0.07006612094464337
0.7289292415485573,-0.05594080171253568
0.5416659847002891,-0.06476557164009777
0.8572122078360225,-0.06473615024199741
0.3585356577656058,-0.05716986998142104
0.9702232409500402,-0.05690186642826933
0.49848718649655077,-0.05029886913193027
0.37987489427771126,-0.05447607422429257
0.6083042299765256,-0.08207354929899324
0.4028245930007932,-0.09805394070325424
0.2763060692472208,-0.0879075252889665
0.7488057193387714,-0.05026747553202571
0.4209836013811552,-0.06329868955049422
0.18803088522812517,-0.05612657525971576
0.7363348171507147,-0.0859393657744858
0.7238133796957427,-0.043187529983581
0.1526748585704738,-0.05557431040079752
0.3644822954414677,-0.07424065273954095
0.525059117222074,-0.0333488897459705
0.504272890409841,-0.08070857181711533
0.43539451720576716,-0.06538486589837378
0.6103606457776125,-0.10630743451625124
0.31219667106815074,-0.06138056637672962
0.26045956188830877,-0.03983206342267165
0.1269226301844586,-0.10198181515299909
0.2332690167894489,-0.08125581171842411
0.7046291304942325,-0.06293510139459602
0.2851552309148606,-0.09419964176358064
0.7673012794070737,-0.040634742987407546
0.40003965797507757,-0.10730887295235836
0.4653220885028304,-0.05437223447283701
0.47617133472061446,-0.10512937283705981
0.6014364755184993,-0.10816371503065092
0.16411733951904273,-0.08035669371043086
0.393927919421899,-0.07459745711305643
0.4173380374596065,-0.07022133117215779
0.365438250251084,-0.13197939262086478
0.8168387587378885,-0.032077585319682744
0.7165891543332243,-0.034952614340810095
0.8479553788013297,-0.06729900095172536
0.5390332193650504,-0.07558845904938549
0.7155992964762492,-0.03823623900430939
0.2615246027086089,-0.06395132480489862
0.3618960990054314,-0.05385261839428668
0.7280057705646266,-0.0667216656657097
0.5282067656499132,-0.06505862062014955
0.5593828004968708,-0.06645561564614533
0.6842229181653936,-0.05124836762516438
0.5011536654245328,-0.04165784372862891
0.3063045083799363,-0.05294945675995888
0.5910631014359289,-0.0748042611648495
0.39304434550638945,-0.06397893311286551
0.3447874022753461,-0.08314912960095067
1.0202687096457321,-0.039065303039046095
0.4903315296743245,-0.09966691020031604
0.30927719023056666,-0.0968312064560044
0.5777190276457309,-0.06269436062153733
0.33731064228582786,-0.05583258719272344
0.9372461090809348,-0.047324863185321475
0.44826552422189647,-0.1022156431079595
1.061393834529314,-0.04095609021213631
0.435569745477689,-0.07748853581442972
0.5849881843611442,-0.046347035144566395
0.08337993176721525,-0.08181136213956997
0.35458613449639076,-0.08786555131894669
0.4188445669373264,-0.059061883856296404
0.34562435471831976,-0.06163929895897069
0.8159227216939247,-0.09568785774769273
0.30366891096261517,-0.08276171016093292
0.2193271051422203,-0.07484251701332933
0.32948142022933724,-0.09163598346141277
0.5114218957786036,-0.044168267390688576
0.4744738274333047,-0.05629050898866694
0.5848679764269356,-0.06622426030282569
0.3184830477171543,-0.07525145135638778
0.21143354726559038,-0.10332776645962516
0.7379242670910147,-0.02703227394057306
0.3302324443432334,-0.08464759010263334
0.09290240102970837,-0.08550246378033466
0.033909263960504976,-0.12762848030665697
0.33118570122672986,-0.06558412329913021
0.9589628101605359,-0.06398146020189521
0.5465917357691854,-0.06037416403846052
0.48423976604653873,-0.058165522462494734
0.3630597732015528,-0.06466125021164515
0.1726397385635685,-0.06597390048538865
0.36578865280533,-0.04678904900614811
0.7962499800807485,-0.0453300747730514
0.5687801298434771,-0.05936399590188457
0.3383871400990275,-0.0865786013304699
0.21421805863996002,-0.1153858508072958
1.0230491954205667,-0.06214013621073011
0.2923230752129897,-0.052271659544969595
1.1880029163454129,-0.046972599105829516
0.9295092428344778,-0.04061644414161114
0.1339219829554108,-0.15622123177775216
0.30174822811736113,-0.058423966071290745
0.7984776709956378,-0.05954506370500523
1.0986865461918254,-0.040452482310316173
0.8855696607323047,-0.042524096216422946
0.6713412630803011,-0.038928803549196145
0.21579396164706743,-0.1408850754113644
0.31795335612398534,-0.04496270348307052
0.5183410695216661,-0.10100437974002963
0.7514018996101308,-0.03825995165737306
0.5284555938862994,-0.043038400097548224
0.3314391514205317,-0.0728258268578208
0.3122774881918198,-0.0937458691526033
0.43665677630357225,-0.04454404791791422
1.0846448312770862,-0.07557530670845414
0.5959491337366061,-0.039291680063222034
0.23951327696279034,-0.08111398286935623
0.7434406488847056,-0.04720281378921609
0.44630296924063173,-0.08262585132711686
0.3574184480442575,-0.08065989344809132
0.46580929225764844,-0.05365731717824418
0.4772221521332263,-0.06305873578967325
0.3913697804966363,-0.06560648190319873
0.16457043258415704,-0.0752230188816877
0.4573977605649684,-0.07788532856800523
0.2633470981195023,-0.09593339329332029
1.3338481362301708,-0.028816465401202085
0.588741176001256,-0.058168423991818985
0.6352193355191695,-0.05033356656842369
0.25919349477870046,-0.10530884722822886
0.28177109230024344,-0.07844958927367518
0.5215288023249436,-0.03816314678687549
0.6456517861131037,-0.049096932459136045
0.5600387109931018,-0.056193829763236613
0.5963580116889493,-0.03818281741310903
0.34908645230074287,-0.07280088346967162
0.4338914210389728,-0.04354350772178217
0.5269049044700065,-0.03467985936347906
0.4140995177446718,-0.03278571429438393
0.18617534996378526,-0.068882647841364
0.6806689785164233,-0.03956064711097074
0.3188083050187278,-0.12700516160891007
0.7198274736763,-0.046394627067947836
0.2372273406723273,-0.1036492089591795
0.23368723172248207,-0.12166219581671667
0.37649920072431886,-0.06335238155747036
0.9775566058754774,-0.027847825086291356
0.45394124370069844,-0.05271886385215674
0.2077768844928849,-0.07837582600851234
0.2418703924697807,-0.09254472432449856
0.3175204974647583,-0.08852459812383573
0.19635191739507207,-0.09172802654522638
0.45535909934329544,-0.06045046251132524
-0.018138580723513598,-0.1008190044385775
0.8879031400950781,-0.021287301150211824
0.6803458296212999,-0.05363439152525895
0.33089893865033315,-0.0408943187546823
0.36362282667546175,-0.05792089299387715
0.20423655880155267,-0.07510288912124463
0.5628533974832999,-0.0626788769969322
0.6491777466021729,-0.04578099332764107
0.537721495360425,-0.03321342744304334
0.6053322552529954,-0.06875057047753141
0.5538948879439738,-0.037465090317828964
0.5914598742498653,-0.06432305202664645
0.36715008687588213,-0.043294330305529094
0.44479915378613377,-0.052021791897869485
0.17396002217823114,-0.11124311713101243
0.3207462425804948,-0.04920730129230866
0.361119573381669,-0.1034605468071561
0.6963630858445347,-0.04863397218354071
0.5836467129442342,-0.05206899520862962
0.5782029149117549,-0.08859801895387343
0.3592577793297944,-0.059835904965957365
0.6883370811789382,-0.05078864644411574
0.3378368960395224,-0.049312752137789184
1.0673151788421675,-0.0498679262589955
0.20298026864793495,-0.0893729642573784
0.4434062360904272,-0.07116135280786584
0.5351716477738868,-0.03835012266688054
0.7096951125133155,-0.05770014476433971
0.41087504176041967,-0.06316858753126242
0.4213430140469534,-0.058535852633175955
0.5914580400961353,-0.04141545531645774
0.4593176883174408,-0.11100454992815867
0.42690028466663255,-0.12578417084887916
0.3722023461995778,-0.08907244191288644
0.8636308941324511,-0.03093330928840332
0.6196833884433703,-0.10099383742333234
0.3066557178709679,-0.10651093945221457
0.6031617565798368,-0.05395936889042863
0.13401258200860755,-0.07663518707990291
0.4819996203224197,-0.0534588286141241
0.630351017270744,-0.0502973108336352
0.8120454333832507,-0.053828752214389874
0.7545167872556391,-0.059520199969301135
0.7369098515847201,-0.05590493454497791
1.1470605199215376,-0.026876283460099404
0.06296187869606662,-0.07543434644793412
0.5616216712673328,-0.051493024536287346
0.39902961563454387,-0.06836099203989587
0.6404458739730954,-0.0393743120614265
-0.00020431676771559548,-0.18056378024443276
0.556782239054364,-0.0656387193310326
0.482167359733491,-0.07439531669787092
0.12114486122359591,-0.08314213524737835
0.14519927942597755,-0.06299603686378297
0.4235923921446356,-0.04560666237963884
0.3845535508093867,-0.06457823717455125
0.48495090471133384,-0.057086696815873306
0.3400416322385422,-0.058789050661230746
0.8591892698477581,-0.0666589332430586
0.5079450121901714,-0.09654064724614908
0.5617156477434693,-0.04686245982834436
0.5816118359244924,-0.075547242999365
0.1894153932748397,-0.10407506132582778
0.3156998070013708,-0.07056501879291555
0.7004473578025199,-0.09756627207964796
0.4414163409676617,-0.04935828037355561
0.2901386637357426,-0.09306378690391282
0.6542111659756875,-0.08443850106912831
0.5492644506685791,-0.07311242142106411
0.5529346563785447,-0.04578506989518516
0.3200122899653568,-0.0742348949163284
0.53013425224381,-0.06673964466350935
0.5118787158527471,-0.09110186951256938
0.3638488752453508,-0.07300917634400983
0.27740061868761834,-0.03456067223008019
0.348817246569749,-0.06089854453358279
0.8020696477988583,-0.06596408654726338
0.6502960805379092,-0.05692443003636527
0.5338029272203766,-0.06529900306613345
0.7310156343696916,-0.03969587632301208
0.07361695318715045,-0.10520829547487465
0.5173207579351928,-0.04548077545861673
0.3118470916086846,-0.05424474043578553
0.3927605866816193,-0.0730545323141113
0.6226703200044001,-0.03783335281530753
0.18112027227565197,-0.08919842126558875
0.24103666466624518,-0.07018402036233273
0.1720407441986731,-0.08267126668601477
0.7922351287987168,-0.045909595013543525
0.6555389103291263,-0.08045408623409644
0.3684273233729649,-0.07670404594644697
0.34195257769243215,-0.06473026491609768
0.45572826697000113,-0.05170587066484067
0.5517600244738565,-0.06384442857534955
0.6250769943719527,-0.07032481182140105
0.20464659814942343,-0.08446064181518809
0.557903687450547,-0.044897891941622636
0.3757498801900909,-0.07135940759357406
0.8486425067069974,-0.04607759091498498
0.28566946448015296,-0.07566460736433489
0.7983803245175418,-0.03197116762210739
0.3356345828517202,-0.0738937363628025
1.085021176616046,-0.048848592562471094
0.8325688383549965,-0.05892345451684522
0.5437766204803614,-0.044908818990259
0.9022769560431836,-0.030269364336462212
0.1755816135649515,-0.14703721276707593
0.427088091474785,-0.05363531558688106
0.45102827343496066,-0.07371094275769574
0.3086283510309935,-0.051598372533197434
0.5682183640158516,-0.06839468821030359
0.5242762966716887,-0.08292892539249852
0.3884812835545617,-0.08706427638750736
0.5665919644415054,-0.048830797797227876
0.4273231119481682,-0.05862101652526308
0.14174847861266882,-0.07470654504747143
0.3425121367813737,-0.04689755875769763
0.2328572899226704,-0.10086600689904235
0.1482750139528919,-0.0792899114305533
0.5519247333074031,-0.07287551855630525
0.37435682779892376,-0.12096071389509644
0.46671934363600065,-0.03671591859981116
0.2856115351553681,-0.11617841513175664
0.7129014955887756,-0.04115951300381371
0.6502774784926155,-0.06067628437781436
0.6017074197954904,-0.06401267299446878
0.5260494489785419,-0.07430889299208976
0.5538817059526913,-0.054825488310988324
0.6902528104589363,-0.04622481502249376
0.4887350243775441,-0.06333537485556184
0.21440955313517085,-0.11251863613813484
0.2823260722103764,-0.10091334900622373
0.29878830388183886,-0.07545103467736347
0.1843250619061001,-0.0914335889397121
0.4167554032395635,-0.058064007192172196
0.47485507877656086,-0.0455027327733627
0.7176415901877244,-0.04294792348469767
0.355341099693393,-0.053065696851157806
0.366447092380185,-0.087003098317604
0.8570391948060463,-0.059227751408903906
0.7376983504849228,-0.04867288925937985
0.30952779551273246,-0.09775882806742009
0.7531961819958415,-0.06807736567399791
0.24366153389995615,-0.060085097448564495
0.4587279338911543,-0.04990710730931147
0.05213480928357228,-0.09123416370163717
0.5955972908724303,-0.060878659287314396
0.33060122804338987,-0.07175915861199877
0.43852631280783316,-0.0825940305951991
0.1339369552109151,-0.08750943055933702
0.6228134859810277,-0.05008779072853908
0.286959859621454,-0.05628542819604587
0.18886359274657893,-0.09744434047154904
0.44912926532471054,-0.038345638497918166
0.568365711719544,-0.07681647637722133
0.5994695995035215,-0.051289974355378964
0.4971032881093431,-0.03804954254330106
0.32995455533501805,-0.08876605270786841
1.0575051805753377,-0.07823491213715916
0.6203628165509238,-0.04835705580212113
0.9602036940055885,-0.05202036778575159
0.353760166715001,-0.06187536070241495
0.07166657444668001,-0.11002779977783095
1.1102850250962812,-0.05041292702887368
0.6063860217954995,-0.055929217630393935
0.5659561056196845,-0.04146294100957304
1.1589008562144123,-0.06703717583402213
0.3831448710676406,-0.054703554146487865
0.6209963059523858,-0.04899888812406061
0.6587332688145511,-0.0852136680472011
0.8543928660736411,-0.0408997771515065
0.5576884332745258,-0.04600182887315918
0.7215071807971936,-0.06516536322731459
0.4772189732015415,-0.05618539615042939
0.9479309214712299,-0.026131591244491492
0.6824418317966552,-0.06882194451505841
0.3337920381642787,-0.058293814510426034
0.34054009360320237,-0.0675511426436235
0.4006633206754491,-0.053410566200936094
0.5557146800428341,-0.053415479704821744
0.5781114753942727,-0.05450084232578967
0.5333835691894375,-0.12158865591191792
0.3236289940752315,-0.08330421891898598
0.5859130745092287,-0.07392330100120847
0.3620939586230558,-0.04727565796775701
0.6375459645688768,-0.036465850303256886
0.6507342978305313,-0.08802893490263142
0.2709511893477261,-0.07721538796502647
0.5248789267071341,-0.06431771903573757
0.9824572319836704,-0.06690961675223084
0.4234759941967883,-0.06297145914601165
0.18474168534819446,-0.12074527808323698
0.8608561322445072,-0.045626626123854264
0.20383768756892806,-0.11894429554585928
0.35453899148259294,-0.046838651980752544
0.3831364819821268,-0.07996757213954064
0.4745228755236721,-0.06928361684534534
0.5400604376619216,-0.043472041519971305
0.45978273702173933,-0.05276922817676788
0.5626475471046701,-0.06458400504523021
0.25916172945423477,-0.09654983434286235
0.3553842926043891,-0.05952265571052884
0.3262181858468125,-0.07813137193170172
0.32893688407063926,-0.09707199931740251
0.3272060717299141,-0.05278772064738624
0.23615615177493154,-0.06266983031160633
0.48068025175218376,-0.09234939343869708
0.5180716238963792,-0.04256440745929568
0.2747590516671472,-0.07520347919693382
0.5474552136576618,-0.040196152640542326
