Date,Open,High,Low,Close,Volume
2015-01-02,141.77581779656805,142.23610459606792,140.45051489027082,141.21237182617188,4997200
2015-01-05,140.5140106790269,140.63305726400762,138.45066974172468,138.75222778320312,6700200
2015-01-06,138.95864733862985,139.30781936382485,136.75245169894632,137.60159301757812,10131400
2015-01-07,138.7602352411031,139.50620514691116,138.27614130209864,139.3474884033203,5547000
2015-01-08,140.67281105376608,142.02193383047688,140.6331409444735,141.8632049560547,7166700
2015-01-09,142.03771488920307,142.10120398039325,140.1727727863793,140.6409912109375,6646600
2015-01-12,140.81551665537057,140.96630166204483,139.24420174603435,139.8632049560547,4305300
2015-01-13,141.03792049116035,142.0775295967394,138.6412565279784,139.6570587158203,9913500
2015-01-14,137.64129040136862,138.6570922995156,136.83181910120612,138.13331604003906,11090600
2015-01-15,138.67289222056314,138.94271180415896,137.14124649616164,137.3396453857422,9293700
2015-01-16,137.06802244827404,138.97427732059953,136.71058905499922,138.73599243164062,8721900
2015-01-20,139.18075224199347,139.48258050618924,137.520721028257,138.91864013671875,7224100
2015-01-21,138.4023095766715,139.5937211368724,137.93369060504546,139.27601623535156,6259300
2015-01-22,139.72884816654928,141.49213953038435,138.608917574986,141.31739807128906,9565100
2015-01-23,141.1505864441765,141.23795716092707,140.10213784316957,140.11802673339844,4795300
2015-01-26,139.91944838444263,140.35630193809786,139.29991502459384,140.1894989013672,3730400
2015-01-27,137.80663099396875,138.7994741567495,137.08383826274414,137.87811279296875,11565100
2015-01-28,138.64074470554937,138.68839928050508,136.28968467708125,136.3929443359375,9673200
2015-01-29,136.74226854854004,138.25933539413245,135.8685619569255,138.12429809570312,9615200
2015-01-30,137.56838659767612,138.16409267022928,136.0354421217481,136.17840576171875,11138500
2015-02-02,136.57549897746748,137.75102185365577,135.10609841214887,137.6239471435547,9437900
2015-02-03,138.30710191590623,140.1100973392004,138.28327463680887,140.05450439453125,7543400
2015-02-04,139.63351590427465,141.03938573043467,139.61762701435234,140.2133331298828,5935900
2015-02-05,140.80906221941638,141.88927663660985,140.65814803971176,141.8177947998047,6037800
2015-02-06,142.03222189334667,142.46112494163853,140.96788447782365,141.452392578125,7211900
2015-02-09,140.7295933905382,141.33324995285085,140.3324560183518,140.65811157226562,3723100
2015-02-10,141.51597540948126,141.9766563642128,140.6978731283971,141.78602600097656,3572700
2015-02-11,141.45235117238255,142.2466257194155,141.11875731698882,141.93685913085938,5174500
2015-02-12,142.38969200780843,142.91390433133066,142.17523435019567,142.84242248535156,3742700
2015-02-13,142.96946668356637,143.39836975096145,142.7788363649064,143.23951721191406,3998200
2015-02-17,143.0171532081771,143.52548871858218,142.73916423261116,143.4222412109375,2850900
2015-02-18,143.11239649105207,143.50953380459546,142.9456056063785,143.34274291992188,2724800
2015-02-19,142.86624363385792,143.31103570486619,142.51676068673,143.04098510742188,2663500
2015-02-20,142.68257789323744,144.31528640609858,142.16489545994165,144.2675018310547,8914600
2015-02-23,143.92500865965738,144.09225463867188,143.61439683160688,144.09225463867188,2738600
2015-02-24,144.17977349028484,145.00010709076918,144.06827218981311,144.88064575195312,4228700
2015-02-25,144.8009976990831,145.08771706683615,144.6018873646082,144.92047119140625,2822900
2015-02-26,144.88871132809427,145.14357857352238,144.47455813064317,144.96038818359375,3045800
2015-02-27,144.89665592786957,144.90462812390143,144.275432274278,144.3072967529297,3161300
2015-03-02,144.45071177909605,145.49404907226562,144.45071177909605,145.49404907226562,3213100
2015-03-03,145.13553535239538,145.2629689127479,144.30724151557027,144.84881591796875,2825800
2015-03-04,144.48258217618428,144.48258217618428,143.46313713411465,143.98081970214844,3820200
2015-03-05,144.3551139136794,144.51439988469122,143.92504057667347,144.29139709472656,2410700
2015-03-06,143.4550858771122,143.86127895233574,141.87017455296328,142.085205078125,7297400
2015-03-09,142.1887262767616,143.51082232753166,142.1887262767616,143.20021057128906,3844900
2015-03-10,142.06937807213717,142.1729073048725,140.71541647130283,140.723388671875,6070100
2015-03-11,140.95426471270784,141.20115972338232,140.3569333696939,140.4525146484375,5584600
2015-03-12,141.1612983768995,142.578963300209,141.1294339107953,142.5391387939453,4024300
2015-03-13,142.0771855374035,142.16479458039706,140.38873360268974,141.4161376953125,6833900
2015-03-16,141.96569537233805,143.28779116034357,141.96569537233805,143.1842498779297,5550100
2015-03-17,142.3957728724105,142.53913866428277,141.6550880980584,142.16481018066406,5392900
2015-03-18,141.6949284510115,144.16389012770597,140.94627140004656,143.94088745117188,11294400
2015-03-19,143.50279430984992,143.6700523378708,142.80989423532841,143.08865356445312,6229200
2015-03-20,143.9751576757997,144.9405167805872,143.7437821663847,144.3740692138672,5999200
2015-03-23,144.44580172866407,145.00427518181033,144.27825360581605,144.28623962402344,3593900
2015-03-24,144.12671215575543,144.55754336940163,143.4246362325514,143.47250366210938,4692100
2015-03-25,143.56823566496465,143.73578383889645,141.1189255687497,141.1508331298828,8474700
2015-03-26,140.53653685744436,141.4540407441119,139.9860491340214,140.79981994628906,6604500
2015-03-27,140.68009777565376,141.19070388792707,140.3928810766369,141.06304931640625,3971800
2015-03-30,142.2597642045916,143.4166046890211,142.23583049740955,143.1214141845703,5399300
2015-03-31,142.42735419059218,142.87413308771772,141.55771793674575,141.67739868164062,4633800
2015-04-01,141.6453280088632,141.6453280088632,140.07362969693153,141.007080078125,7440500
2015-04-02,140.9753186748465,141.94068984084655,140.75990306074831,141.4779510498047,3223600
2015-04-06,140.67210551743898,142.9458929277123,140.48859752971853,142.483154296875,6284900
2015-04-07,142.62683816774856,143.27307292718697,142.34759521484375,142.34759521484375,6011600
2015-04-08,142.49111029729767,143.25701311720417,141.98050435942474,142.61077880859375,4738500
2015-04-09,142.539043887227,143.31293308309847,141.99651797855918,143.12942504882812,4483800
2015-04-10,143.34486188681439,143.95918902664317,142.9539242207755,143.90333557128906,3463600
2015-04-13,143.74378337033963,144.29428324529383,143.20126951745462,143.32093811035156,3358200
2015-04-14,143.2730682235248,144.03897155259818,142.65076720347247,143.7517547607422,4811400
2015-04-15,144.2702413287105,144.70904612993348,143.9670648889919,144.3101348876953,4377800
2015-04-16,144.1426550933369,144.81282337605873,143.95117322378323,144.33413696289062,3873900
2015-04-17,143.11906471582452,143.23083233578186,141.4345591839098,142.05726623535156,8683500
2015-04-20,143.1509759873355,144.18882500958443,143.02323809929598,143.7257843017578,5355800
2015-04-21,144.26059316546548,144.40430125541658,142.8794630379426,143.11097717285156,3596600
2015-04-22,143.42244726286603,143.9014583770465,142.54427646254675,143.74977111816406,5575200
2015-04-23,143.25486032328723,144.5561650415026,143.06325336312088,143.997314453125,4893000
2015-04-24,144.10092991225648,144.3564055521382,143.53410094986197,144.1328582763672,4010000
2015-04-27,144.867424925692,144.93128168929846,143.66990960910113,143.83755493164062,4969100
2015-04-28,143.98918939705638,144.4522299449592,142.80764479515852,144.3723907470703,4534200
2015-04-29,143.54219526161108,144.26869092978794,143.09512475250463,143.75775146484375,6559400
2015-04-30,143.4622950965178,143.7177708113746,141.66602258984582,142.24880981445312,8564600
2015-05-01,143.07117762432867,143.709842829045,142.88754980530268,143.6220245361328,3895700
2015-05-04,143.97316986263013,144.53999873750536,143.9013219181627,144.05300903320312,3256900
2015-05-05,143.8854485705477,144.17285272376319,142.7278529079525,142.91146850585938,5316300
2015-05-06,143.5980489369886,143.9014233809744,141.5063927560483,142.41650390625,7534200
2015-05-07,142.20091766529634,143.46230165613358,142.0173021004428,143.1269989013672,4142800
2015-05-08,144.61204911583312,145.31459581873835,144.5641504191376,145.1788787841797,5529600
2015-05-11,145.11490009680682,145.298515689259,144.40437487548667,144.5640411376953,3753600
2015-05-12,143.78170317456343,144.6838232589919,143.1190764512836,144.27667236328125,4742800
2015-05-13,144.38040683859055,144.85142651469258,144.0850115009348,144.30056762695312,3851400
2015-05-14,145.14679652965492,145.8094229446435,145.08292760247807,145.72958374023438,4921400
2015-05-15,145.81208598149541,146.0281069433531,145.5320425304334,146.0041046142578,4522200
2015-05-18,145.96412646362649,146.42819193540262,145.7721077916606,146.16415405273438,2890500
2015-05-19,146.35610852035762,146.64414858663483,145.9160456123357,146.36410522460938,2766600
2015-05-20,146.6041434786558,146.70016497507476,146.068071274427,146.18809509277344,5080800
2015-05-21,146.11608847404392,146.45213321861402,145.9080642632272,146.25210571289062,2724200
2015-05-22,146.02807621222883,146.21211030818029,145.65202352392464,145.8280487060547,2357000
2015-05-26,145.56410370819395,145.56410370819395,143.85186765239752,144.31593322753906,5529700
2015-05-27,144.63581866705437,145.45192168490615,144.37977772981972,145.23590087890625,3588200
2015-05-28,144.90791173015157,145.08393689365846,144.53985578589834,145.0519256591797,3660900
2015-05-29,144.9559486341143,144.97195425491583,143.75578345693958,144.1078338623047,4923700
2015-06-01,144.8199758870525,144.9399875581689,143.86784260047796,144.33990478515625,4349000
2015-06-02,144.08378442517386,144.7878850056881,143.43569739479483,144.13978576660156,5106200
2015-06-03,144.6998593775029,145.41195659719818,144.1157704446817,144.72386169433594,5481500
2015-06-04,144.16391338616177,144.75599958972685,143.04376349695013,143.3878173828125,7312500
2015-06-05,143.28375232329915,143.58779814055302,142.61965931697384,142.81968688964844,5228700
2015-06-08,142.82766808470456,142.89968728166804,142.1635751505073,142.26759338378906,4380500
2015-06-09,142.27557362818624,142.6276117915959,141.77949709987604,142.18756103515625,4722400
2015-06-10,142.72366130112312,144.45189005351253,142.72366130112312,144.06784057617188,5480900
2015-06-11,144.5718988166838,145.0279552342841,144.33186334013612,144.53189086914062,3714800
2015-06-12,143.90779212006174,144.06781168613878,142.99566716384132,143.32371520996094,4566800
2015-06-15,142.33155955014388,142.71560891049268,141.70747476131123,142.4995880126953,5502700
2015-06-16,142.47569184196357,143.50782908211443,142.3236688837024,143.3878173828125,3276900
2015-06-17,143.7477095641344,144.13175879617205,142.81158269364616,143.6036834716797,3650900
2015-06-18,144.18784969112136,145.57203677638543,144.1318361226975,145.08396911621094,6542800
2015-06-19,144.9155493051009,144.9957776015679,144.18551342705723,144.20957946777344,3964000
2015-06-22,145.22836765777586,145.6054184810656,144.93956303230107,145.14012145996094,4048300
2015-06-23,145.3006134033203,145.66162848439026,145.00379075020135,145.3006134033203,3116800
2015-06-24,144.8513206086947,145.18023937649468,143.91270861172404,143.9287567138672,4328900
2015-06-25,144.44224206186956,144.4983920795638,143.2709749716061,143.31910705566406,3602700
2015-06-26,143.76832751306404,144.2657085616939,143.34313232887033,143.7041473388672,4855500
2015-06-29,142.47669541068936,142.96605840716774,140.86419800467831,140.90431213378906,8888700
2015-06-30,141.99536647301724,142.00338440330472,140.75190177601922,141.04873657226562,9149800
2015-07-01,142.45262889004903,142.6531872937973,141.65841320440504,142.3162384033203,4135100
2015-07-02,142.6289991979284,142.83758761152433,141.71445407068876,142.0353546142578,4008600
2015-07-06,140.86424597524092,142.10771095444755,140.66368750250172,141.73867797851562,3748700
2015-07-07,141.899042136714,142.5809331552697,139.94159075900637,142.50071716308594,7783800
2015-07-08,141.28144099083065,141.5461796999297,140.21446822062666,140.39096069335938,6849400
2015-07-09,142.1156161130451,142.37233663017142,140.55929388212164,140.59939575195312,4581400
2015-07-10,142.17183818527505,142.63713513767252,141.6904931335223,142.3242645263672,4504400
2015-07-13,143.46348377086335,144.16142331734545,143.43941773416518,144.08120727539062,3873800
2015-07-14,143.96077874964664,144.8352102030072,143.84846656518852,144.666748046875,2757100
2015-07-15,144.65886037166584,144.979749118731,144.32191127379005,144.67489624023438,3407900
2015-07-16,145.36474959035513,145.40486372512305,144.80318842695013,145.26046752929688,2495100
2015-07-17,144.93286717257288,145.03724840332814,144.54741996549467,144.97300720214844,2762300
2015-07-20,145.30215838784324,145.4226151682067,144.82839357556222,145.0933837890625,2961600
2015-07-21,144.290454036487,144.3065173984818,143.27867052765367,143.71229553222656,5026700
2015-07-22,143.27865183734474,143.67212451198085,142.80488686871897,143.1742706298828,3811500
2015-07-23,143.1982930096604,143.1982930096604,141.99379888467303,142.2587890625,4968600
2015-07-24,142.3151344125445,142.3311977810077,140.77338186459906,140.9420166015625,4591300
2015-07-27,140.09883629135214,140.34776330979818,139.54476660371043,139.90611267089844,5370200
2015-07-28,140.41198000065233,141.55223365387752,139.96230388419792,141.4157257080078,5625900
2015-07-29,141.5923610519782,142.58004322368805,141.46387868335248,142.33914184570312,4175900
2015-07-30,142.16250685878316,142.44356055839125,141.43178929476161,142.3070526123047,3659000
2015-07-31,142.66830729561525,142.7164850983656,141.72077783419851,141.8733367919922,4483800
2015-08-03,141.98586016513968,142.02600019165496,140.31562582007575,141.12664794921875,4530500
2015-08-04,141.15875390618743,141.4317820371052,140.38788410281447,140.78135681152344,4055700
2015-08-05,141.1988961780866,141.74494014847642,140.54847099859214,140.81346130371094,4565500
2015-08-06,140.90978113671034,141.046289031416,139.44029650158376,139.89801025390625,5374100
2015-08-07,139.6330935691262,139.81777937657162,138.75783011997498,139.5929412841797,6158400
2015-08-10,140.36367937957885,141.58423652277367,140.36367937957885,141.47984313964844,4504000
2015-08-11,140.19511189200287,140.43601321677139,139.3840900931242,139.80967712402344,6761100
2015-08-12,138.78190592058732,140.04260422997876,137.63361439400833,139.89004516601562,8825600
2015-08-13,139.71335390913447,140.50028698338213,139.36003351786928,139.97030639648438,6562700
2015-08-14,139.85790774571657,140.58863754741355,139.76957763504163,140.444091796875,3512200
2015-08-17,139.9141187529075,141.1105757319059,139.41625257615382,141.08648681640625,4055400
2015-08-18,140.7492611664342,141.27120412244747,140.58866427633453,140.78941345214844,4050400
2015-08-19,139.9863840220542,140.91786292072595,139.0147528470553,139.5126190185547,10988700
2015-08-20,138.31614759413665,138.55704899550457,136.68606567382812,136.68606567382812,12317200
2015-08-21,135.17149503299333,135.88042631856322,132.44857788085938,132.44857788085938,18858700
2015-08-24,125.59300781896228,131.67528895710151,121.29917156846184,127.59090423583984,35102400
2015-08-25,131.5785255346731,131.86047789359975,125.90709999308474,126.06822967529297,19357000
2015-08-26,129.21004385878777,131.23209324807482,127.01881324365948,131.03875732421875,19884300
2015-08-27,132.8110802447016,134.12421083119312,131.3448838484389,134.09197998046875,15223700
2015-08-28,133.50385394272422,134.2288880533961,133.11716990319684,133.99526977539062,8115700
2015-08-31,133.20599360860237,133.87463093523922,132.37622641327494,133.06903076171875,6363700
2015-09-01,130.0237325694691,131.00656477798125,128.6864469660993,129.2664794921875,14266900
2015-09-02,131.2562335195851,131.69931540900532,129.93505170815507,131.68321228027344,8260600
2015-09-03,132.38414604454962,133.31864426462985,131.4174292583329,131.85244750976562,8023700
2015-09-04,130.03990082580734,130.46686767922924,129.0892990895022,129.67738342285156,8651100
2015-09-08,131.96523043202393,132.94806264383598,131.53826375061863,132.8513946533203,6821700
2015-09-09,134.15641220229168,134.30142642703748,130.69233374128558,130.92596435546875,7865700
2015-09-10,130.9421883660713,132.52116941028828,130.62800493029312,131.626953125,8327000
2015-09-11,131.23217773402942,132.47280807565812,130.91799436302801,132.43252563476562,6202300
2015-09-14,132.48886413198153,132.58553211281904,131.6107515669855,131.93299865722656,4595600
2015-09-15,132.40833139917476,134.1564808006248,132.09414809278462,133.81813049316406,6516100
2015-09-16,134.1000838186981,135.05873679536438,133.72950267969338,134.94595336914062,5511700
2015-09-17,134.8734044849883,136.50071816483975,134.11613933815246,134.38198852539062,14270000
2015-09-18,132.37858966199738,133.37950538369364,131.7328379807962,132.0072784423828,10400500
2015-09-21,132.91934635540713,133.63774156063093,132.11216017800137,133.10499572753906,7762600
2015-09-22,131.26466107113643,131.8619834986827,130.7480622180409,131.57139587402344,8979600
2015-09-23,131.78127678813632,131.87814755321133,130.66736768163705,131.24046325683594,4554900
2015-09-24,130.0538661937015,130.9579233187459,129.09331242647815,130.6592559814453,8451800
2015-09-25,132.24947122284098,132.72570843874357,130.8126798251298,131.47457885742188,10474600
2015-09-28,130.79637734127576,130.81252450541825,128.8107072354609,128.98020935058594,10013100
2015-09-29,129.13369836145964,129.92475003341332,128.4879466704177,129.3354949951172,9906200
2015-09-30,130.79650925619276,131.3696171528236,129.997402417023,131.26467895507812,7621400
2015-10-01,131.57944177686176,131.80545296831994,129.56147591263763,131.1597137451172,6862800
2015-10-02,129.43234565993671,132.84674072265625,129.09331652934074,132.84674072265625,11877500
2015-10-05,133.7831507584017,135.42980648604427,133.581354049212,135.26837158203125,6342100
2015-10-06,135.39749375403946,135.95444219918892,135.0019678596348,135.3571319580078,6661000
2015-10-07,136.09160719167613,136.80192271901853,135.17948278438533,136.37411499023438,8832800
2015-10-08,136.14823132542935,137.75453790729577,135.9545020092652,137.52044677734375,8160300
2015-10-09,137.72216893316738,138.00468915996092,137.30244078386625,137.83517456054688,5006100
2015-10-12,137.81095837832382,138.2145516596071,137.6010943060647,138.16612243652344,2835800
2015-10-13,137.42357040284938,138.49713046314812,137.33477935074364,137.73837280273438,5909300
2015-10-14,137.62524814596742,137.98847947539122,136.18845768438237,136.47097778320312,5424000
2015-10-15,136.73742214162309,138.2872314453125,136.5679198318609,138.2872314453125,9637200
2015-10-16,138.4486709876204,138.8686074050543,137.94798562381357,138.8040008544922,8353700
2015-10-19,138.31949801669177,139.00593203343243,138.1256783087732,138.9978485107422,4859800
2015-10-20,138.56976049633738,139.21581349269113,138.28712078210737,138.908935546875,4140900
2015-10-21,139.2562539420059,139.6681068969321,138.35985795103844,138.48098754882812,5801400
2015-10-22,139.3531626078023,141.25094185737225,139.2804848465273,141.162109375,8553100
2015-10-23,142.13118285077132,142.64802302278557,141.62241387806733,142.4299774169922,7642900
2015-10-26,142.32495799958386,142.5026229083474,142.02615120442454,142.1472930908203,3795900
2015-10-27,141.59014687192789,142.28465215600903,141.51746909535345,141.86471557617188,4696100
2015-10-28,142.13917930541155,143.48780822753906,141.61426821011446,143.48780822753906,7348500
2015-10-29,142.96292288129715,143.51207230556983,142.68027081142242,143.24557495117188,4726900
2015-10-30,143.45557907867183,143.60901811465442,142.49457654588915,142.52688598632812,6527500
2015-11-02,142.83385241260046,143.98059190764548,142.7207939362566,143.8433074951172,4178300
2015-11-03,143.68181323579856,145.03852742629886,143.58490948020966,144.6105194091797,4284900
2015-11-04,145.01417895670542,145.03032135402987,143.89973741928333,144.27120971679688,6870400
2015-11-05,144.3520466329232,144.75582858154675,143.5283280074459,144.26321411132812,5008100
2015-11-06,144.1420045801997,144.69114181125167,143.51210607519764,144.6669158935547,7642800
2015-11-09,144.1501704551758,144.2309317821693,142.72077876004062,143.2779998779297,7962300
2015-11-10,142.92261116701448,143.63327112140226,142.72072025474006,143.56866455078125,4837700
2015-11-11,143.8836068256836,143.940142193121,143.02759137120583,143.1083526611328,2860300
2015-11-12,142.20382156155935,142.41379591038182,140.99247658581731,141.0570831298828,6164400
2015-11-13,140.57258758765883,140.96021462627618,139.34508758918895,139.39353942871094,8011100
2015-11-16,139.30473406055094,141.37209509878608,139.02208184507376,141.3397979736328,5012900
2015-11-17,141.8081956126144,142.33310710700997,141.12983271581248,141.45286560058594,6612200
2015-11-18,141.87278178183314,143.61712229286647,141.8647105810905,143.52828979492188,6254400
2015-11-19,143.0841470060139,143.7867358855652,143.05992107800648,143.47178649902344,5457300
2015-11-20,144.34909912889697,144.9972425930514,143.93591369712382,144.25997924804688,7730000
2015-11-23,144.11414133259598,144.60023961807866,143.64423766968093,144.00071716308594,2597000
2015-11-24,143.1339067762015,144.54361859275147,143.08529815534024,144.1952362060547,4369900
2015-11-25,144.2196007985954,144.47886336797706,144.04136087272545,144.15478515625,2227400
2015-11-27,144.0494218750905,144.35728061929524,143.69294214381767,144.13043212890625,2878200
2015-11-30,144.3167824288481,144.47881529964317,143.50660571255716,143.58761596679688,3578500
2015-12-01,144.14669501637837,144.9406650405956,143.9198464380306,144.8677520751953,6058300
2015-12-02,144.72998940039992,145.05405518967555,143.46611551498046,143.63624572753906,7427100
2015-12-03,143.9359899325303,144.08181579898954,141.18138184147844,141.6431884765625,7005500
2015-12-04,141.98343862912753,144.7623382273024,141.89431871523868,144.55169677734375,6251600
2015-12-07,144.22762322281008,144.27623183458107,142.9313358847935,143.67669677734375,5647000
2015-12-08,142.33184459506745,143.2878595823527,141.71611471944234,142.40476989746094,6890200
2015-12-09,142.13741949405545,144.01702323800203,141.03557855370167,141.77284240722656,9545800
2015-12-10,141.92673245056633,143.50658672818858,141.65938504839525,142.49386596679688,5613800
2015-12-11,140.687179319466,141.27861721263372,139.71496974979104,139.9418182373047,8895600
2015-12-14,140.13628150327412,140.9302513025296,138.96152762061396,140.88973999023438,12321600
2015-12-15,141.70801056886918,142.95567725629817,141.70801056886918,142.1536102294922,8039800
2015-12-16,142.9394653263691,144.21144864439094,141.75661429971038,143.91978454589844,11286600
2015-12-17,144.33296740607955,144.36538139545937,141.85382879806014,141.8619384765625,8504100
2015-12-18,141.16999549131393,141.22684623827962,138.77439571763878,138.8637237548828,10946100
2015-12-21,139.9033436395947,140.13072212645446,138.79081230094528,139.8789825439453,6466700
2015-12-22,140.5691018257171,141.52733697734558,139.8219876914352,141.30807495117188,6003700
2015-12-23,142.2907491467185,142.77799556474758,141.91719190740403,142.76986694335938,6456600
2015-12-24,142.64811452240934,142.77804860097447,142.258312286714,142.29080200195312,1765100
2015-12-28,141.69788889742873,142.21761243203758,141.39741501643,142.09579467773438,2932200
2015-12-29,143.07838087114303,143.93917167827973,142.9240858413384,143.71990966796875,6145700
2015-12-30,143.3869999629048,143.50880533152636,142.615524657678,142.76170349121094,2910000
2015-12-31,142.1851231029631,142.63987964800495,141.27561001287938,141.29185485839844,5773400
2016-01-04,138.9044307920811,139.12369293244052,137.5239157132687,139.0993194580078,14350800
2016-01-05,139.424119377957,139.46472530351124,138.18977111000282,139.1804962158203,9413000
2016-01-06,137.17471889263538,138.02739397564852,136.4357329946112,137.1909637451172,8713600
2016-01-07,134.77094638083443,136.37883916967073,133.56907560949028,133.95887756347656,15400600
2016-01-08,134.7709777362596,135.1201614611939,132.36724802551333,132.56214904785156,12512400
2016-01-11,133.30921343144996,133.58531384179759,131.6769472590117,133.04122924804688,12353700
2016-01-12,134.14561503763767,134.62473254140042,132.40778871605755,133.95071411132812,10250300
2016-01-13,134.42996521808973,134.67358852030537,130.80002634074054,131.02740478515625,16369400
2016-01-14,131.57144764366842,133.73967079531903,130.4264271640082,132.8463897705078,14749500
2016-01-15,129.39816342326404,130.47066454941364,128.56129317984895,129.73941040039062,19969100
2016-01-19,131.17750382798707,131.31562668880522,129.03251444063815,130.01564025878906,10233800
2016-01-20,127.76505695688378,129.08943003600962,125.43319629161549,128.05755615234375,16436000
2016-01-21,128.21996825884375,130.2349544979067,127.4643530683337,128.86184692382812,16782400
2016-01-22,130.7388501999398,131.00697560528477,129.69072248834433,130.64134216308594,7390600
2016-01-25,130.3325042996568,130.5843761107404,128.91875660162094,128.94313049316406,5782500
2016-01-26,129.59316901371864,131.39691191908065,129.58504851331992,131.2506561279297,5945200
2016-01-27,130.4625532232133,131.81128782830555,128.87005482026163,129.43067932128906,10121900
2016-01-28,130.5518801870256,130.73063033835393,128.75627057282875,130.41375732421875,8613400
2016-01-29,131.30747288396955,133.59870504946647,131.0799750064792,133.54995727539062,6182800
2016-02-01,132.75381129619979,134.03755733764064,132.29069470780976,133.5256805419922,6977300
2016-02-02,132.19304192910326,132.19304192910326,130.7630540249783,131.14492797851562,7901000
2016-02-03,131.96560406228596,133.04622527283735,129.57686374398352,132.59934997558594,14249300
2016-02-04,132.29059469343673,133.89933318074696,132.09559120497022,133.3630828857422,11715800
2016-02-05,133.14368778428286,133.25743670465118,130.99057879241735,131.57557678222656,8292500
2016-02-08,130.08876415340424,130.65750900107673,128.4150240026646,130.2837677001953,13377600
2016-02-09,128.81309820869075,131.18559721440593,128.78872432281113,130.19435119628906,11449200
2016-02-10,130.79552702741142,131.8680270785572,129.37365984904864,129.503662109375,8205700
2016-02-11,127.39944458007812,128.39069123109567,126.14819311672925,127.39944458007812,14806700
2016-02-12,128.50432696996617,129.98306274414062,128.0980791070599,129.98306274414062,7073000
2016-02-16,131.4293040963594,131.85992583906702,130.50305946517875,131.78680419921875,5451200
2016-02-17,132.78630582855382,134.273176009643,132.70506361180688,134.0050506591797,5584200
2016-02-18,134.3298875847432,134.4273830811685,133.48488529006417,133.67176818847656,5187600
2016-02-19,133.0790005743271,133.59279162669105,132.59783789193256,133.50308227539062,4660600
2016-02-22,134.8486866887104,135.75393083146454,134.66926803381685,135.32984924316406,3450700
2016-02-23,135.06074264662078,135.18306791065663,133.6172423106192,133.87005615234375,6052800
2016-02-24,132.60593247099752,134.48165211743077,131.68437438023867,134.29408264160156,8003800
2016-02-25,134.58774165571688,136.06385803222656,134.0739506174996,136.06385803222656,5266900
2016-02-26,136.87925650148614,136.96896576082932,135.476536688519,135.60702514648438,3798000
2016-02-29,135.50920216935785,136.3655157988907,134.5305633544922,134.5305633544922,3485000
2016-03-01,135.38685395177117,137.49093408341602,135.14220360023887,137.43385314941406,3914300
2016-03-02,137.0261607025411,137.76828791370707,136.64285835067338,137.7356719970703,3106200
2016-03-03,137.6050629190989,138.14331840271814,137.10758662861372,138.11070251464844,2968200
2016-03-04,138.25762525587285,139.0894743060512,137.76014848834433,138.65724182128906,3524900
2016-03-07,138.12714204384972,139.39937449691703,138.07006107176338,139.1465606689453,3236000
2016-03-08,138.47773527126375,139.26064127944835,138.00472385445502,138.3309326171875,2832700
2016-03-09,138.97529992222863,139.12209022539713,138.2657761246907,138.65724182128906,3584000
2016-03-10,139.1873419062752,139.78267890755953,137.25452814737636,138.6898651123047,4862300
2016-03-11,139.83976220074263,140.54927354055252,139.79898296928903,140.45956420898438,3674200
2016-03-14,140.02727300538209,140.99776106421467,140.02727300538209,140.60630798339844,2658400
2016-03-15,139.95391502149803,140.81837984121017,139.71741542602058,140.79391479492188,2431600
2016-03-16,140.44327095738586,141.85414285359096,140.41064259262183,141.47084045410156,3556200
2016-03-17,141.46259878566573,143.05288833510343,141.15269173969995,142.66958618164062,4070500
2016-03-18,143.24582194445924,143.8015708312287,143.05783705263707,143.58908081054688,5112000
2016-03-21,143.5318751655552,144.01408375908323,143.22948310059365,143.85061645507812,2884900
2016-03-22,143.27033463119446,144.05492273511777,143.14773416627932,143.5972442626953,3980100
2016-03-23,143.20491767268123,143.47462366925004,142.69820411774597,142.8698272705078,5039200
2016-03-24,142.0852199380249,142.97605895996094,141.9626195177117,142.97605895996094,5104900
2016-03-28,143.13141082804495,143.5073556924229,142.7472851160908,143.12322998046875,3098800
2016-03-29,142.60831362992477,143.9895172208586,142.2568739802827,143.89962768554688,5584100
2016-03-30,144.74964354374777,145.1909728612023,144.25926655030494,144.56983947753906,3858000
2016-03-31,144.60251666745037,144.90492119904002,144.19387335468986,144.36550903320312,3155400
2016-04-01,143.60544252971016,145.35443545908964,143.36025404094013,145.24818420410156,4035200
2016-04-04,145.17463668733507,145.37895835695264,144.56167167848236,144.7578125,2318900
2016-04-05,143.90784833582205,144.62706464598583,143.49103659468935,143.6953582763672,5439600
2016-04-06,143.7280362907952,144.73329541709847,143.22132253898144,144.6924285888672,4086700
2016-04-07,143.66271268175436,144.03048934993006,142.76369196327113,143.26223754882812,5251900
2016-04-08,144.04680194342382,144.50448056703547,143.11509546798374,143.56460571289062,2565300
2016-04-11,143.94049921887245,144.7986525668259,143.3602327680525,143.38475036621094,3237700
2016-04-12,143.6217964111536,144.8885933618653,143.31940430573175,144.73330688476562,3588400
2016-04-13,145.47702538210723,146.31066126657157,145.41164095285464,146.2289276123047,5400200
2016-04-14,146.31881662636906,146.70294231980108,146.08997737974622,146.3842010498047,3689700
2016-04-15,146.3924847984278,146.51516192305522,145.91811245008472,146.13893127441406,3799900
2016-04-18,145.68901573700123,147.07940969285525,145.6644803274168,147.03851318359375,2573700
2016-04-19,147.33296913588413,147.84823776178268,146.88313243707302,147.48019409179688,2992100
2016-04-20,147.21840759530602,148.37979575764146,147.21840759530602,147.83181762695312,2628900
2016-04-21,147.74187761577022,147.93817335490866,146.74406278157386,146.9730682373047,2760300
2016-04-22,146.89946269005128,147.28386738105033,146.29422685148953,147.1366424560547,2410500
2016-04-25,146.5886070617072,146.8830443170259,145.8525201633387,146.84214782714844,2485500
2016-04-26,147.08760006430313,147.43110831585747,146.49055089944898,146.9240264892578,2241000
2016-04-27,146.49870393705268,147.75005970024162,146.39238799263654,147.42291259765625,3569300
2016-04-28,146.44963912797118,147.3411256269736,145.3700436612578,145.7462615966797,3550700
2016-04-29,145.0919609749142,145.54179763820233,144.18411333804656,145.2473602294922,5496000
2016-05-02,145.64808497400497,146.32692693253506,145.1818873418173,146.15516662597656,2463100
2016-05-03,145.15748171954283,145.44374499312772,144.3396009148668,145.01026916503906,4643200
2016-05-04,144.2577194988457,144.9365615898603,143.86512800148125,144.20864868164062,3446000
2016-05-05,144.62573542595504,144.94470815659759,143.94689346487277,144.3067626953125,1778800
2016-05-06,143.69337980781017,145.0919480143568,143.68519301838703,145.04287719726562,2940800
2016-05-09,144.96930533020432,145.38641985419994,144.45403666890127,144.74847412109375,1921700
2016-05-10,145.3537793905305,146.62149714932156,145.28834742776834,146.56423950195312,2867200
2016-05-11,146.15529729963728,146.35159318551297,144.97754694412444,145.01026916503906,2697200
2016-05-12,145.42731025548247,145.68085117978958,144.2740959095716,145.10833740234375,2534900
2016-05-13,144.68302553511154,145.1901198265446,143.34170229171494,143.52163696289062,3336800
2016-05-16,143.69341226393115,145.3373474071123,143.603444918989,144.97747802734375,2393500
2016-05-17,144.69125620015706,144.96115828876282,143.0636693554862,143.5871124267578,3349500
2016-05-18,143.1945418208206,144.54403986481893,142.74470497953186,143.64437866210938,4097800
2016-05-19,143.08820185161113,143.29267199214783,142.04131573045257,142.86737060546875,5090900
2016-05-20,143.40252377330307,144.07553734264346,143.23015946144702,143.4353485107422,2749700
2016-05-23,143.50099507171836,143.9031700736199,143.3040216207824,143.45175170898438,1736000
2016-05-24,144.25603810217842,145.46255015686418,144.1657544612244,145.15887451171875,2797000
2016-05-25,145.6841674998746,146.7019092912373,145.64312720146452,146.32435607910156,2711900
2016-05-26,146.4966996337794,146.66084828049694,145.94679477921923,146.16018676757812,2263200
2016-05-27,146.2751636426395,146.57883941383736,146.14383965151526,146.50497436523438,1628300
2016-05-31,146.89882685838813,146.89882685838813,145.38043658418792,145.80722045898438,2395400
2016-06-01,145.2573883435806,146.0781443151606,144.9044692871975,145.87295532226562,2481200
2016-06-02,145.52001882997502,146.34897775339948,145.25737093914307,146.32435607910156,1965900
2016-06-03,145.98782271268075,146.3325386282979,145.14244528358034,146.14376831054688,4367200
2016-06-06,146.49669261455855,147.29282666291866,146.43103065426988,147.06300354003906,2720300
2016-06-07,147.2928500810799,147.7278496788822,147.19435086311722,147.22718811035156,1572300
2016-06-08,147.4651688530679,147.88374973374437,147.3584666090035,147.78526306152344,1713500
2016-06-09,147.21896450830033,147.76886939395382,147.03019418008844,147.63755798339844,2141800
2016-06-10,146.6691068118213,147.11232210173193,146.18486373751546,146.6773223876953,4126600
2016-06-13,146.0945428923303,146.91529875127597,145.5692596435547,145.5692596435547,5111300
2016-06-14,145.27378924730442,145.61850521046608,144.4530333758507,145.1178436279297,3643400
2016-06-15,145.47897589220315,145.96321884293081,144.76492230303725,144.92086791992188,2470100
2016-06-16,144.23137472154076,145.82364255224735,143.468078042715,145.6512908935547,5573700
2016-06-17,145.68837708380022,145.68837708380022,144.55347188682947,145.17027282714844,2748000
2016-06-20,146.7162722204708,147.39886627178657,146.1899363018324,146.22283935546875,2958400
2016-06-21,146.486109646324,146.82329717748036,146.1653736541831,146.436767578125,1854700
2016-06-22,146.57658882944736,147.16871880427513,145.91866524087777,146.0338134765625,2966200
2016-06-23,147.22619390290382,147.89233653934852,146.9383486049841,147.87588500976562,2949100
2016-06-24,143.55010254615362,145.3018082098891,142.52210125686415,142.78526306152344,11377900
2016-06-27,141.84776230454912,141.84776230454912,140.1124951868922,140.7950897216797,7683900
2016-06-28,142.1520531532822,142.98267385186801,141.6174848412903,142.9497833251953,5642800
2016-06-29,144.05177085871384,145.4169596127635,143.92018367905612,145.2689208984375,5578200
2016-06-30,145.60609840452358,147.27557141737046,145.4498402079484,147.20977783203125,5069000
2016-07-01,147.02885015247918,147.86770268830273,147.02885015247918,147.4647216796875,3998200
2016-07-05,146.86434288762507,146.9465754419703,146.10773562390807,146.56005859375,3233100
2016-07-06,146.06655264045597,147.29193389744546,145.53199733742943,147.1932373046875,5395400
2016-07-07,147.3331743177097,147.8019490390196,146.42030845675865,147.037109375,2343300
2016-07-08,148.04044423893313,149.31516868399842,148.01577320538357,149.10134887695312,5177300
2016-07-11,149.5618150679478,150.26908028191482,149.4960214958531,149.775634765625,2358700
2016-07-12,150.50764343147299,151.00930867988293,150.31849466369943,150.82015991210938,3128000
2016-07-13,151.05860940604936,151.1573060590992,150.54050531012206,150.99282836914062,2390500
2016-07-14,152.1934843786915,152.36619406175657,151.79051603293945,152.1112518310547,3354700
2016-07-15,152.54339756660238,152.66684282061118,151.80268836851482,152.15658569335938,3837200
2016-07-18,152.1154165525327,152.56807003137527,152.0166603600617,152.3211669921875,2134900
2016-07-19,152.2636098354775,152.60104370117188,152.10724998948714,152.60104370117188,2046300
2016-07-20,152.99604930097553,153.14419617422084,152.57632284980338,152.8972930908203,2159500
2016-07-21,152.69975536236527,152.85612772072923,151.8767535250909,152.23887634277344,2837700
2016-07-22,152.25535289374542,152.72447000888567,152.05782791505283,152.67507934570312,3078300
2016-07-25,152.4776007692494,152.50228982731443,151.7368913532522,152.09901428222656,2316600
2016-07-26,151.93437295860355,152.27180673308686,151.1854382566074,151.9261474609375,4744400
2016-07-27,152.37062347533924,152.48584327850023,151.52293223250845,151.9097442626953,4146700
2016-07-28,151.66278146087743,151.97552618563228,151.03730456937944,151.74508666992188,2906300
2016-07-29,151.30888240545806,151.8438285397108,151.05374130471125,151.53932189941406,4207300
2016-08-01,151.72036723750492,151.860276018455,150.9220545900767,151.3253173828125,3295900
2016-08-02,151.18542830129422,151.3335751556097,150.04145630045775,150.5846405029297,5139500
2016-08-03,150.48586752134284,150.96319746153824,150.37064778439748,150.9055938720703,3008200
2016-08-04,151.02091947160423,151.34188986080352,150.73286364831483,150.97976684570312,2368900
2016-08-05,151.7615173107928,152.48576286760937,150.9632046105773,152.46929931640625,4187700
2016-08-08,152.6669013243555,152.83149924544693,152.27186380213277,152.48583984375,2076700
2016-08-09,152.56806978538262,152.96310711264,152.30470319520424,152.5433807373047,1903800
2016-08-10,152.58448912220913,152.8972337436586,152.12361024302524,152.3540496826172,1618300
2016-08-11,152.8314653945286,153.55571115653615,152.74917273121824,153.3252716064453,2188700
2016-08-12,153.19352711477546,153.28405779888308,152.6832701087191,152.99600219726562,2514300
2016-08-15,153.40751787377346,153.8025677470349,153.34991428267898,153.50628662109375,1561500
2016-08-16,153.21824735883564,153.38284521127252,152.8478990513499,152.8808135986328,1614100
2016-08-17,152.8890067270651,153.26758042062374,152.32935912362046,153.1605987548828,2952000
2016-08-18,153.05369333114226,153.4158162449988,152.84794281717964,153.3582000732422,2571800
2016-08-19,153.0409734049411,153.33003405619652,152.56194456878688,153.0574951171875,2368500
2016-08-22,152.75194615272193,153.2144534159143,152.3472585986175,152.89234924316406,3152400
2016-08-23,153.3713131799134,153.72646063649205,152.99965661549194,153.04095458984375,1647900
2016-08-24,152.84277934697514,152.95840614965013,152.20682563107437,152.51242065429688,1882900
2016-08-25,152.19857462515267,152.61978385850009,152.0499169906924,152.2729034423828,2034900
2016-08-26,152.4793819566468,153.23921705529352,151.2570396329435,151.81866455078125,3403500
2016-08-29,151.82693782849194,152.82628121963214,151.82693782849194,152.65284729003906,2229800
2016-08-30,152.73547614588946,152.91717728971463,151.98390788993848,152.3885955810547,1866700
2016-08-31,152.17378498762142,152.26463551260457,151.3643974211014,151.91775512695312,1876400
2016-09-01,151.74425556722343,152.19850803328487,151.0587495915982,152.0498504638672,3003500
2016-09-02,152.74364077284542,153.1400736376225,152.2315811307428,152.6775665283203,2652800
2016-09-06,152.8840486445351,153.19789816534708,152.3389455617692,153.0574951171875,2152300
2016-09-07,153.0987804942426,153.12355676142525,152.61149710315215,153.0574951171875,1803600
2016-09-08,152.528907120907,152.88405463506396,152.3637277990925,152.64454650878906,2229900
2016-09-09,151.61211248903663,151.76077005137768,149.41519165039062,149.41519165039062,8242600
2016-09-12,148.73800104843593,151.66998154913858,148.605852537433,151.38917541503906,7056100
2016-09-13,150.36501229168869,150.5797567282944,148.97749101995794,149.32437133789062,7477500
2016-09-14,149.3574705230829,150.10079663235848,148.67196412778176,149.0188446044922,2990400
2016-09-15,148.96925955525202,150.82755551950896,148.8536327549044,150.5302276611328,3932400
2016-09-16,150.19425904612544,150.19425904612544,149.31709349293706,149.75567626953125,2844300
2016-09-19,150.50870369379038,150.87281297078775,149.50740318204763,149.76393127441406,2260400
2016-09-20,150.45076158494388,150.641086830168,149.80529977340228,149.8218536376953,1997800
2016-09-21,150.32662791101907,151.30309117389467,149.74736897313545,151.15414428710938,4496500
2016-09-22,151.981689453125,152.47819179669304,151.70033686241308,151.981689453125,2323500
2016-09-23,151.77481233030417,151.8658396551991,150.84798521494682,150.95556640625,1741500
2016-09-26,150.20248575116227,150.23559347569767,149.43290161882703,149.57357788085938,2639800
2016-09-27,149.4330055029707,150.723929865548,149.15165278331278,150.6080780029297,3717300
2016-09-28,150.9058980610197,151.62583332110123,150.21078728391348,151.5182647705078,6413000
2016-09-29,151.28657111065652,151.78307342965869,149.49084921155492,149.96253967285156,3376400
2016-09-30,150.7156590974735,151.79970423098445,150.5832533612065,151.2535400390625,4583000
2016-10-03,150.8645805206017,151.07974296230853,150.42599764206616,150.87286376953125,1987600
2016-10-04,151.12093405207872,151.3774619343541,149.7307135441776,150.1775665283203,2811200
2016-10-05,150.74038609906424,151.4520506875778,150.69900775488014,151.15414428710938,1818200
2016-10-06,150.88929430867907,151.22030835040567,150.1693592866274,151.0382537841797,2368100
2016-10-07,151.2699541665235,151.42718425472495,150.0452338047405,150.7899932861328,2527700
2016-10-10,150.79006074207993,152.13891670543538,150.79006074207993,151.53482055664062,1879100
2016-10-11,151.31960268182797,151.34442715601034,149.32528574321424,149.9459228515625,3949800
2016-10-12,149.78055375515805,150.4425697777995,149.4992010492797,150.08673095703125,1920200
2016-10-13,149.06060247811064,149.96259274303407,148.4813306272605,149.64813232421875,3460100
2016-10-14,150.6080349491849,150.98869817577267,149.95430233134144,150.02049255371094,2698100
2016-10-17,149.92116224690446,150.20251482542974,149.32534935890993,149.5487823486328,1801800
2016-10-18,150.55842163474384,150.69082736465322,149.8798517391374,150.08673095703125,1720700
2016-10-19,150.48395551687648,150.94736296734976,150.25225179163985,150.6080780029297,1503700
2016-10-20,150.37625441330977,150.98033774209932,149.9624962870629,150.227294921875,2359600
2016-10-21,149.59785414077726,150.30193388669665,149.29136047308498,150.11141967773438,5607600
2016-10-24,151.0557717901242,151.1717386456995,150.4676460400671,150.7244415283203,1905700
2016-10-25,150.60836561337686,150.89827622266375,150.13620706079712,150.32672119140625,3351100
2016-10-26,149.5978019207238,150.8568661937263,149.39071748431056,150.56695556640625,5375400
2016-10-27,151.00598772552442,151.0474071445786,150.11966018760702,150.3681640625,2027100
2016-10-28,150.60833574696102,151.02250451189346,149.6557400039598,150.227294921875,3726600
2016-10-31,150.40952191471806,150.50891836821665,149.97050405919674,150.0699005126953,1415600
2016-11-01,150.35990653068592,150.35990653068592,148.3884581872564,149.20022583007812,3622300
2016-11-02,148.81922174605677,149.27481021567795,148.31393501419257,148.56243896484375,3552700
2016-11-03,148.85231801180984,149.00970423502366,148.13994691266467,148.3636016845703,1966900
2016-11-04,148.36354127282326,148.82740828535177,147.9742216074308,148.03221130371094,4337500
2016-11-07,150.07004628789187,151.13031828656133,149.97064973784137,151.05577087402344,3402400
2016-11-08,150.9231438180257,152.44728232834078,150.77404908175714,151.9005889892578,3437500
2016-11-09,150.6994914704227,154.52642074144458,150.55039673178348,154.03770446777344,8363900
2016-11-10,154.75831787611898,156.40671427748921,154.3607193606041,155.8351593017578,8748100
2016-11-11,155.68611254088586,156.2493889098627,155.23881561680372,156.11685180664062,5003800
2016-11-14,156.64691188003937,156.87884537887854,155.8931216890982,156.3652801513672,4796400
2016-11-15,156.3570259768932,156.84575484547437,155.8434606268999,156.83746337890625,3750000
2016-11-16,156.38182894271685,156.70488005775834,156.1664657458315,156.53921508789062,3459100
2016-11-17,156.63051723803235,156.82932301973582,156.340606359087,156.80447387695312,4211200
2016-11-18,156.914910521223,156.96476179795152,156.43312892232868,156.54942321777344,4359200
2016-11-21,156.89821503994912,157.33847266540093,156.6656265840546,157.2803192138672,2999100
2016-11-22,157.76224884597974,158.0363739064916,157.34691014977344,157.84532165527344,2756300
2016-11-23,157.77035407909577,158.3601398684133,157.7205155257959,158.318603515625,2465900
2016-11-25,158.73392338014085,158.9415924450084,158.64254848459458,158.9083709716797,1547100
2016-11-28,158.60125060895237,158.83385197244746,158.26068246357886,158.47665405273438,3159600
2016-11-29,158.51798783255794,159.00808389404517,158.39337876049254,158.81703186035156,2264900
2016-11-30,159.46513035258096,159.697718994323,158.94179957109623,158.99163818359375,4774600
2016-12-01,159.35700652147125,159.6228291352427,159.13273295061143,159.40684509277344,8323900
2016-12-02,159.41513927331133,159.47328004057505,159.0164054044248,159.27392578125,2773600
2016-12-05,159.88859398711202,160.13779944846965,159.3984979406823,159.67262268066406,2925600
2016-12-06,159.62284780690277,159.96342831746642,159.38194445060304,159.89697265625,2669400
2016-12-07,159.88031394096262,162.555093401612,159.83877757912785,162.38064575195312,7241300
2016-12-08,162.6714402822572,163.47719779730568,162.32255754509018,163.0452423095703,7032100
2016-12-09,163.1781002560574,164.24136520484518,163.11994681466027,164.21644592285156,4392300
2016-12-12,164.34114502930987,164.79801994322324,164.2082336588758,164.54051208496094,3791700
2016-12-13,165.27146917779893,165.90277901129963,165.00564650572116,165.49574279785156,5357500
2016-12-14,165.27973413691012,165.99411656322786,164.15001338541046,164.59027099609375,7456100
2016-12-15,164.92257273426685,165.869543816236,164.7564399028047,165.0222625732422,6033000
2016-12-16,165.4151643830103,165.6399394298105,164.78247883590785,164.9906005859375,4467700
2016-12-19,165.08219103191882,165.5816756598676,165.00727024313824,165.33193969726562,2729400
2016-12-20,165.79817579220168,166.17279254134166,165.7149219800602,166.01461791992188,3062600
2016-12-21,166.0228580223882,166.17271227130578,165.78144240819145,165.798095703125,2523500
2016-12-22,165.74810465364695,165.8063721163799,165.31520801914164,165.63987731933594,2250900
2016-12-23,165.63159168223646,165.71483274680645,165.44011055796852,165.70651245117188,1374200
2016-12-27,165.798125303871,166.11446174763256,165.7731517083831,165.83975219726562,2340700
2016-12-28,166.09780057990216,166.1310944688475,164.83241685335085,164.89901733398438,3818100
2016-12-29,164.8241424560547,165.26535964821937,164.52444656111768,164.8241424560547,3018700
2016-12-30,165.04052913643875,165.05718243132876,163.9333200269825,164.4244842529297,4277400
2017-01-03,165.59002166419725,165.74819625476312,164.39955843708015,165.18209838867188,6669800
2017-01-04,165.46520161719772,165.96469917019422,165.33201327878237,165.7898712158203,4823200
2017-01-05,165.62329723880327,165.88969919402152,164.74918328951694,165.45680236816406,4124500
2017-01-06,165.44013869238088,166.3558794775696,164.97394800273702,166.0894775390625,4322600
2017-01-09,165.73988650629383,165.88974081939193,165.45684388491114,165.4651641845703,2303500
2017-01-10,165.43180719390648,166.00622522001785,165.00724342374463,165.1654052734375,3029200
2017-01-11,165.3569890987434,166.13952934762528,164.9573859698991,165.93972778320312,5209800
2017-01-12,165.56502975031452,165.5900033457732,164.44116714369716,165.45680236816406,3865200
2017-01-13,165.59000426352554,165.95630060260856,165.09883994645713,165.41517639160156,3468900
2017-01-17,165.0572334452316,165.37356992945848,164.49113556868772,164.90737915039062,3329800
2017-01-18,164.89905991635146,165.02392791057008,164.24972094092243,164.79083251953125,4634800
2017-01-19,164.8574127853119,164.96564016884997,163.7418831647081,164.23304748535156,3050900
2017-01-20,164.6021532422314,165.16046409100517,164.4188257736573,164.96047973632812,6999000
2017-01-23,164.87722785746809,165.08555347576998,164.19391372614822,164.81056213378906,3249700
2017-01-24,164.81889276354758,166.01052192791082,164.67723286704884,165.69386291503906,5205800
2017-01-25,166.6688104894645,167.11880091148413,166.45215644027567,167.01046752929688,4880800
2017-01-26,167.1605058042389,167.46882369582585,167.01050472509627,167.260498046875,3999700
2017-01-27,167.23542090236293,167.38540919538917,167.03542379647874,167.1854248046875,3576500
2017-01-30,166.51884345279214,166.5771680170689,165.34388385249568,166.14385986328125,4718000
2017-01-31,165.59390425867701,165.7355641838962,164.62727012933382,165.29391479492188,4628100
2017-02-01,165.93551106348872,166.16049355666715,165.16053321920631,165.51885986328125,3676900
2017-02-02,165.12712236729078,165.8020949324063,165.01046059943351,165.50210571289062,2640600
2017-02-03,166.31042186821304,167.1353954613055,166.193760091782,166.97706604003906,4857300
2017-02-06,166.68545799440764,167.24376900939336,166.47713241947935,166.89378356933594,2770900
2017-02-07,167.4021358230193,167.743792893759,167.01881108496235,167.14381408691406,2606300
2017-02-08,167.07710551470808,167.2354349807973,166.78544463347183,167.08543395996094,2291500
2017-02-09,167.34372221295789,168.41867625268495,167.3020545678131,168.09368896484375,3487600
2017-02-10,168.57710096327793,169.16041017948007,168.3854449454945,168.94375610351562,2880300
2017-02-13,169.42702673202058,170.38531927393763,169.42702673202058,170.1603240966797,2637400
2017-02-14,170.04363153419322,170.97692585598915,169.9519677907896,170.96859741210938,3586600
2017-02-15,171.151970061405,172.06860773731785,171.06863473989117,171.97694396972656,3646000
2017-02-16,172.11860948680604,172.2602693658758,171.53530036264078,172.06027221679688,4589600
2017-02-17,171.31737689784634,172.06103568818455,171.30902576530616,172.02761840820312,5747700
2017-02-21,172.59582259781,173.21415072682404,172.47884297878812,173.02197265625,3076400
2017-02-22,172.73789485233675,173.4063553848771,172.66269638925482,173.33950805664062,2254400
2017-02-23,173.8491497734472,173.92434821143914,173.13892105382362,173.64862060546875,3179900
2017-02-24,173.03032595299493,173.75726982673163,173.0219748193255,173.7405548095703,3703900
2017-02-27,173.57344808120976,174.1082138979715,173.47318347488655,174.04136657714844,3433700
2017-02-28,173.89103820084628,174.058150193854,173.53173530354326,173.78240966796875,2821900
2017-03-01,175.40326867531712,176.79867235324141,175.36985140600524,176.32240295410156,7846100
2017-03-02,176.46452724837957,176.46452724837957,175.33649947203912,175.37828063964844,3336900
2017-03-03,175.52042664977773,175.73768374549334,174.97730941014783,175.3950958251953,2589000
2017-03-06,174.85187861549622,175.27802870616185,174.65134939619304,175.03570556640625,2524700
2017-03-07,174.81010239822297,175.1861074174699,174.6179115718648,174.77667236328125,2741000
2017-03-08,175.1191912086263,175.14425735006068,174.15827570431046,174.30868530273438,3173100
2017-03-09,174.41748975252696,174.70993261430303,173.69053266790883,174.35899353027344,4430100
2017-03-10,175.2112108257372,175.2195619613371,174.09989779933454,174.75999450683594,3004000
2017-03-13,174.74324870066133,174.91871175332224,174.29203249417463,174.58448791503906,2261800
2017-03-14,174.27532303979302,174.53434841625327,173.78232568639723,174.250244140625,4433000
2017-03-15,174.49262901654907,175.3950489619163,174.39236438367254,175.1193084716797,5737000
2017-03-16,175.61228373593505,175.61228373593505,174.67644654691682,175.0023193359375,3018400
2017-03-17,175.41918572022084,175.41918572022084,174.83314603433976,174.85826110839844,2873200
2017-03-20,174.84994731852638,175.2015712379318,174.6071511618608,174.8164520263672,3308600
2017-03-21,175.25175909843279,175.33547175920185,172.67317153717931,172.75689697265625,6192400
2017-03-22,172.43042044318057,172.941115035746,172.0453012525942,172.80715942382812,3898500
2017-03-23,172.48903375217586,173.55228575972737,172.3885734214411,172.72344970703125,3840000
2017-03-24,172.9494425829416,173.21734097028062,171.62665996342932,172.2545623779297,4052700
2017-03-27,170.94016310888,172.05364502724117,170.6304019767893,171.81922912597656,4559600
2017-03-28,171.69363850795924,173.3596775206448,171.5513154930123,173.09176635742188,3538000
2017-03-29,172.90763549651928,172.93275057920297,172.4220559401155,172.72344970703125,2323900
2017-03-30,172.71509700334903,173.51880526720498,172.58950880450666,173.2676544189453,2849200
2017-03-31,173.06675294973599,173.242558576008,172.71512892247702,172.7486114501953,4179600
2017-04-03,172.8992204536938,172.99131332308053,171.52620762128723,172.6731719970703,4436100
2017-04-04,172.48070331037664,173.1086060615663,172.3048849191693,173.0081329345703,2555400
2017-04-05,173.79500028640268,174.6824335888222,172.5978059038158,172.6815185546875,4110400
2017-04-06,172.84060668945312,173.54385434653267,172.39688999334047,172.84060668945312,3186900
2017-04-07,172.62301849975705,173.3597617820061,172.37185485583456,172.78208923339844,2609300
2017-04-10,172.87408492286355,173.568965077887,172.4219880631103,172.7903594970703,2395200
2017-04-11,172.64804995659395,172.81548804653136,171.5764308513457,172.74014282226562,3511500
2017-04-12,172.71515613439328,172.71515613439328,171.91981503494753,172.18771362304688,2181700
2017-04-13,171.9113620913773,172.41368929678342,171.09090624561142,171.09927368164062,3605200
2017-04-17,171.5680493239255,172.68153113677226,171.50945174151636,172.60618591308594,2260900
2017-04-18,171.92806518718214,172.30480410625827,171.14109206416953,171.6936492919922,2497900
2017-04-19,171.84440303299775,171.8778983301931,170.48813731498328,170.66395568847656,3606400
2017-04-20,171.0825514212748,172.63975054317197,170.93184813865898,172.2127685546875,3873700
2017-04-21,172.2059896545242,172.39033848888283,171.58591883533592,171.98812866210938,3034800
2017-04-24,173.73104943299774,173.98243536149187,173.47966350450363,173.77294921875,3220200
2017-04-25,175.08857544047643,175.95165762093316,174.99640099469832,175.7002716064453,3483600
2017-04-26,175.80925127956195,176.32877312608062,175.49921569838492,175.52435302734375,2865300
2017-04-27,175.74221108652443,175.77573604857162,175.18078943948765,175.59976196289062,1951700
2017-04-28,175.65838198768154,175.65838198768154,175.1053353212137,175.197509765625,1934000
2017-05-01,175.54097366973676,175.54097366973676,174.87899044597134,175.06333923339844,1886000
2017-05-02,175.2142578211969,175.3818442192356,174.92097203511221,175.23939514160156,1359700
2017-05-03,175.23945312613776,175.52435137567508,174.68640632219348,175.3148651123047,1829400
2017-05-04,175.67519675690744,175.67519675690744,174.46017883849464,175.2897491455078,2640100
2017-05-05,175.18916737527002,175.78410116539422,174.92939368487774,175.77572631835938,1673800
2017-05-08,175.71707928367968,175.98522784438273,175.57463015556635,175.90142822265625,2311000
2017-05-09,176.08569820164382,176.2365348959082,175.31479061435206,175.64996337890625,1570100
2017-05-10,175.28971641984532,175.8092382277956,175.04670520991462,175.53271484375,1394300
2017-05-11,175.24775478126935,175.50751559359495,174.37629791546527,175.3650665283203,3093700
2017-05-12,175.10525127586223,175.36501200742833,174.97956472381975,175.13876342773438,1575100
2017-05-15,175.46561932500722,176.07732817679184,175.46561932500722,175.90972900390625,1818500
2017-05-16,176.23659252337066,176.35390430792646,175.5159593365206,175.92654418945312,1746600
2017-05-17,174.39308674478866,174.78692186671475,172.92668318451788,173.01048278808594,5717400
2017-05-18,172.64180133009452,174.2590417726503,172.49935221936587,173.4210968017578,6653800
2017-05-19,173.75561278427546,175.06665671044442,173.6127439280854,174.6128387451172,4892800
2017-05-22,175.07495448025514,175.53717166743508,175.07495448025514,175.35227966308594,2246200
2017-05-23,175.73045438232705,175.9405577410703,175.38588179630221,175.74725341796875,3457500
2017-05-24,175.91539497304214,176.4532592071004,175.71369107638472,176.33560180664062,3479500
2017-05-25,176.92383566975542,177.25999590619034,176.73894369260893,176.97425842285156,2198200
2017-05-26,176.940673828125,177.091954944554,176.7557946337911,176.940673828125,1152200
2017-05-30,176.6633758544922,176.92390205904326,176.46167194272883,176.6633758544922,1066600
2017-05-31,176.83143484837464,176.83143484837464,175.91538706997056,176.4868621826172,1577500
2017-06-01,176.71382373613517,177.66348266601562,176.4112742373482,177.66348266601562,1827900
2017-06-02,177.70544513464844,178.3441676489842,177.5541768488489,178.092041015625,2314000
2017-06-05,178.0500946044922,178.34424460762432,177.8652025151575,178.0500946044922,1923000
2017-06-06,177.6046337223931,177.98281733322105,177.4701644489489,177.63824462890625,2094800
2017-06-07,177.90717692074165,178.10046847971188,177.44494682433873,177.93238830566406,1545800
2017-06-08,177.8483906460274,178.75603922357072,177.65509903397708,178.0500946044922,2030300
2017-06-09,178.2938313334942,179.06702352594394,177.8232015284903,178.73085021972656,4271100
2017-06-12,178.55428080322815,178.82320648947498,178.06683937173088,178.50384521484375,3682300
2017-06-13,178.8399560639401,179.33579684229093,178.7979328334364,179.31898498535156,2426500
2017-06-14,179.66362752619347,179.84851955349916,178.9912940472359,179.71405029296875,5423100
2017-06-15,178.91567914402825,179.68045871891027,178.7980217343307,179.5880126953125,2571800
2017-06-16,179.61662361757288,179.82711513549802,179.18722554606336,179.81027221679688,2372000
2017-06-19,180.48388426055152,181.0311571792356,180.24813474043665,180.95538330078125,2103300
2017-06-20,180.93002390728506,181.08158442661036,180.492198109363,180.5174560546875,1762100
2017-06-21,180.7279784594012,180.7279784594012,179.87759751057348,180.0880889892578,2129400
2017-06-22,180.2481540487634,180.42495978409647,179.8945297307106,179.95346069335938,2697100
2017-06-23,179.7092758453246,180.1386740015289,179.38932456380854,179.9618682861328,1346800
2017-06-26,180.42483684565403,180.8205617801795,179.7849474938616,180.0712127685547,1940400
2017-06-27,179.936591608141,180.29021584953117,179.22933027797677,179.27984619140625,1981600
2017-06-28,179.27988683655417,180.62703812121535,179.27988683655417,180.38287353515625,4693700
2017-06-29,180.6186725408287,180.643930510186,178.2443206421177,179.01051330566406,4372600
2017-06-30,179.46501531164623,180.17227638777507,179.31346762579102,179.54080200195312,2216600
2017-07-03,180.13860818073854,181.34262614145499,180.07967724626766,180.59327697753906,2134700
2017-07-05,180.8038613781828,180.87963526746415,180.0376689046388,180.6691436767578,1799000
2017-07-06,180.2565762940092,180.39129399600225,179.28832011163198,179.4567108154297,2297500
2017-07-07,179.79348932835907,180.3155172033307,179.6924574771845,180.222900390625,1326500
2017-07-10,179.9112972407104,180.4754257931448,179.79342250901863,180.1723175048828,1156300
2017-07-11,180.10496370951984,180.42490207739925,179.06933620139793,180.1638946533203,1577600
2017-07-12,181.0059695392361,181.61218649715238,180.93019563134413,181.21646118164062,2103300
2017-07-13,181.2752860160278,181.49419255537396,181.0226936414703,181.41000366210938,1587400
2017-07-14,181.27535294270945,182.43725773883705,181.11537728484745,182.08363342285156,2395500
2017-07-17,182.1342201090549,182.27735288860595,181.8984576427106,182.05001831054688,2291000
2017-07-18,181.57846384009417,181.70475365205064,180.7112395382949,181.6121368408203,2247500
2017-07-19,181.77201171486138,182.15089378804115,181.57836316143698,182.13406372070312,1785800
2017-07-20,182.34460944105615,182.35302447722884,181.62051806131646,182.024658203125,1372000
2017-07-21,181.3806733815411,181.68411291117778,181.01822564769247,181.66725158691406,2217300
2017-07-24,181.650443239367,181.650443239367,180.95084598474506,181.2964324951172,1459600
2017-07-25,182.48497310413998,182.5018344395765,181.6336621553396,181.94552612304688,1924200
2017-07-26,182.7461700439453,183.04118538285834,182.53544847655706,182.7461700439453,2041000
2017-07-27,183.142342065643,183.5384996724953,182.59447109178757,183.51321411132812,3202400
2017-07-28,183.3531095019806,183.88413214213747,183.15924919741065,183.76612854003906,2305000
2017-07-31,184.29699497885665,184.61729573318823,184.16214301093316,184.33914184570312,1765000
2017-08-01,185.21585313899888,185.266424262706,184.7185404125535,184.9039764404297,2307100
2017-08-02,185.29169877676907,185.54456724165286,184.96297363084744,185.34226989746094,3063300
2017-08-03,185.37600109590096,185.62886958998314,185.19900215304156,185.48558044433594,2496400
2017-08-04,185.97446167083777,185.9997472348604,185.460300433334,185.91546630859375,1877700
2017-08-07,186.06721071485472,186.26107102515834,185.94078287366287,186.15150451660156,1902800
2017-08-08,186.10938064648013,186.8511121756411,185.8059409286411,186.01666259765625,3623900
2017-08-09,185.7132019134853,185.94920912722355,185.40133799420875,185.8564910888672,3555800
2017-08-10,185.27485971890633,185.3507164090619,184.2128274724504,184.25497436523438,7832600
2017-08-11,184.3897129413517,184.777446110354,184.18742855875743,184.33914184570312,4944500
2017-08-14,185.3337350390456,185.67930844464263,185.27472685917735,185.4095916748047,2605000
2017-08-15,185.92388073418397,185.92388073418397,185.31700150680504,185.5698699951172,1835700
2017-08-16,186.02493011726474,186.3620922205042,185.6709195549277,185.83106994628906,2476100
2017-08-17,185.43506569384792,185.49407393369134,183.55543203824243,183.58914184570312,3535800
2017-08-18,183.34320618382498,183.90931342066543,182.63344805917393,182.95452880859375,4468500
2017-08-21,182.89528484689228,183.28394910631303,182.27847082515785,183.13186645507812,3467200
2017-08-22,183.6980666360989,184.91478003466315,183.60512289335477,184.7795867919922,2423200
2017-08-23,184.20496284861457,184.5851953332084,184.06132490914422,184.12892150878906,3660200
2017-08-24,184.66125048121697,184.66125048121697,183.7402709160638,183.9092559814453,1934400
2017-08-25,184.41629523931599,184.98240255739415,184.19661584345786,184.23040771484375,2373300
2017-08-28,184.61905275505364,184.68664937870577,183.79946142078612,184.14588928222656,1425000
2017-08-29,183.08123303822586,184.8387063298235,183.03053880074236,184.695068359375,2013300
2017-08-30,184.83027811379532,185.17670595788834,184.52609976896142,184.98236083984375,1804100
2017-08-31,185.48934073938315,185.79351910339355,185.1429128734501,185.48089599609375,2173000
2017-09-01,185.9962903894975,186.2328721053364,185.74280629603103,185.81884765625,2150200
2017-09-05,185.48932580691044,185.48932580691044,183.50371541103252,183.91773986816406,3828600
2017-09-06,184.6528634186002,184.7204600491338,184.2303941473194,184.4078369140625,1915500
2017-09-07,184.5937597480664,184.8049944241279,183.92625095177672,184.28958129882812,1982800
2017-09-08,183.86708337707086,184.7542714572245,183.79104199976211,184.39939880371094,2135800
2017-09-11,185.5315738556189,186.63844108745323,185.5315738556189,186.52859497070312,3019300
2017-09-12,187.01018606807818,187.21297589125018,186.7905067625262,187.0862274169922,2072900
2017-09-13,187.02713544091372,187.39889753771317,186.90038693480534,187.37355041503906,1720800
2017-09-14,187.28060534750188,187.93965631785858,187.25525822500646,187.8467254638672,1893700
2017-09-15,188.07364221436922,188.44618468913367,187.88737097698697,188.34457397460938,2377700
2017-09-18,188.74250073514563,189.14044262673332,188.53083006597566,188.94570922851562,1827300
2017-09-19,189.12352150460572,189.37752891316927,189.0049864365232,189.30133056640625,2042800
2017-09-20,189.29288691831027,189.61461760925258,188.76793477740117,189.57228088378906,1819900
2017-09-21,189.57218185023856,189.6314558187934,189.1403784825385,189.20811462402344,1741400
2017-09-22,188.99653627249845,189.19974479613578,188.65786831912388,188.97959899902344,2448400
2017-09-25,188.9034455947227,189.1743774380165,187.9551647641584,188.6579132080078,2844300
2017-09-26,188.86101316962922,189.23355556983822,188.48847076942022,188.54774475097656,1314500
2017-09-27,189.1489201106946,189.25053082527933,188.25991356371378,188.91184997558594,2381500
2017-09-28,188.7848231246709,189.4621717984766,188.55621520189933,189.3182373046875,1462800
2017-09-29,189.14042111514598,189.5468251363119,188.92028829521252,189.50450134277344,2415800
2017-10-02,189.81781338815043,190.83383013424648,189.6738788667276,190.7068328857422,2611200
2017-10-03,191.13015596751296,191.58735893769318,191.02008308311568,191.55349731445312,2510000
2017-10-04,191.6804962002376,191.92602849906058,191.5026871484775,191.6974334716797,1746900
2017-10-05,191.86673331402093,192.75575257604783,191.73126100527676,192.7388153076172,2258500
2017-10-06,192.48478865393722,192.73033380382873,192.39165306593512,192.66259765625,2090300
2017-10-09,192.95065000001787,193.00992403024713,192.48497161736444,192.64584350585938,1006800
2017-10-10,193.22151591093385,193.40777426854152,192.73890044261228,193.2638397216797,1417700
2017-10-11,193.314633065129,193.58556485703477,193.18762288696743,193.56016540527344,1423600
2017-10-12,193.45854668180363,193.7294784444167,193.17066472737574,193.3230743408203,1307300
2017-10-13,193.64487984069925,193.8650127756717,193.475532900643,193.66180419921875,1744300
2017-10-16,193.94961639824385,194.33908321365544,193.7294706231953,194.27134704589844,2373400
2017-10-17,194.49145031373249,194.70312094695396,194.33057856538812,194.6099853515625,1838000
2017-10-18,195.5837105674264,196.15944862235267,195.50751222239555,195.9731903076172,2720500
2017-10-19,195.44822231498543,196.1425082981182,195.1772905815973,196.134033203125,2305400
2017-10-20,196.98391171602785,197.5431671142578,196.49244602633163,197.5431671142578,3275700
2017-10-23,197.92448820100893,197.92448820100893,197.10255569969453,197.13644409179688,2325100
2017-10-24,198.37366685931775,198.8736016620848,198.24656917372317,198.52618408203125,3300500
2017-10-25,198.66163592175744,198.66163592175744,196.8822048189019,197.5685577392578,3813300
2017-10-26,198.20417463928644,198.6363196468339,198.06859517158028,198.15333557128906,2581500
2017-10-27,198.2380352258052,198.56003318403398,197.73810055455263,198.42445373535156,2944200
2017-10-30,197.87372179143546,198.39907610406757,197.56019263394836,197.7127227783203,2672500
2017-10-31,197.97534203521175,198.20413072007335,197.60250504642005,197.9668731689453,1772000
2017-11-01,198.78880845639856,199.14469478796866,198.0516033349768,198.44139099121094,2675700
2017-11-02,198.45843399157124,199.27188514804917,197.70429078649946,199.0939483642578,2459400
2017-11-03,199.43283408958217,199.4582536237379,198.8227394107055,199.28030395507812,2574400
2017-11-06,199.32264383889057,199.62769113193224,199.20401505435035,199.4751739501953,2549900
2017-11-07,199.72088486998396,199.87341496943873,198.86506391440122,199.48362731933594,2390700
2017-11-08,199.4412455797497,199.6446147240571,199.10230993547006,199.51751708984375,1531900
2017-11-09,198.69564603799952,199.36504866786308,197.56866592429554,198.89053344726562,4225200
2017-11-10,198.66171079526964,198.84812930433696,198.36514529780277,198.64476013183594,2506600
2017-11-13,197.99232367967664,198.94135403269553,197.96690414733283,198.8396759033203,2452400
2017-11-14,198.2549468522469,198.57694474707324,197.35675580832634,198.5176239013672,2566500
2017-11-15,197.56862250039887,198.00076742498192,197.1364646462486,197.39915466308594,2823600
2017-11-16,198.46686899761258,199.36506042235337,198.44144946140827,199.05154418945312,2933400
2017-11-17,198.5605020021033,198.73037621058205,198.2122514503505,198.23773193359375,3483300
2017-11-20,198.4671412810762,199.07019688415286,198.26328438056487,198.88333129882812,2056600
2017-11-21,199.74971914473852,200.44622054366124,199.6902689788126,200.22537231445312,2749900
2017-11-22,200.50560034741895,200.50560034741895,199.5627835166711,199.74964904785156,2860800
2017-11-24,200.08097334052164,200.3442804126029,199.95357087357152,200.00453186035156,1435500
2017-11-27,200.03001753987252,200.73500811661984,199.93658474149453,200.22537231445312,2329500
2017-11-28,200.72651370482336,202.52720436052599,200.65005926408813,202.4422607421875,4844500
2017-11-29,203.1301292992278,203.55482119653797,202.80737227045842,203.35946655273438,3376100
2017-11-30,204.42976202051096,206.81654226404368,204.20043764169796,206.26443481445312,6586400
2017-12-01,206.5193047985271,206.77412268880425,203.3511048870088,205.9332275390625,9772700
2017-12-04,208.1076144396458,208.58328046998773,206.4598200081142,206.49378967285156,6565800
2017-12-05,207.0628002968184,207.07128946977517,205.35554337151393,205.55938720703125,4925600
2017-12-06,205.31316932028844,205.98417719923341,205.16877554787183,205.2282257080078,3976100
2017-12-07,204.87996386501237,206.28993175449565,204.78653108674172,205.85675048828125,2718300
2017-12-08,206.5617424563078,206.9354735721821,206.04361758395007,206.92697143554688,2704300
2017-12-11,207.0544012661203,207.45361289856652,206.82506389075064,207.39414978027344,1857800
2017-12-12,208.03970607018096,208.8381294460975,207.92929491604434,208.472900390625,3282400
2017-12-13,208.68516806087848,209.78936991134015,208.65118544116285,209.2032928466797,3748700
2017-12-14,209.70446286582808,209.85735876004807,208.49833886718375,208.58328247070312,4713300
2017-12-15,209.60578408807442,210.0229271142351,209.2737661942764,209.63983154296875,5862800
2017-12-18,211.13816017127039,211.5893636293257,210.72952577327288,210.95086669921875,3285700
2017-12-19,211.39353281133072,211.41907164584381,210.227216067728,210.6188201904297,2773600
2017-12-20,211.4105452965323,211.47013157531381,210.0739524479628,210.33787536621094,2401400
2017-12-21,210.8996894131491,211.37643148401824,210.6357795517928,210.84010314941406,2446700
2017-12-22,210.77206618775972,210.79760502227282,210.2527549022411,210.6188201904297,1847000
2017-12-26,210.22719420328795,210.7805528805221,210.17611653957405,210.49110412597656,2156700
2017-12-27,210.40599524511424,210.86572026288113,210.3634391796097,210.6869354248047,2930300
2017-12-28,211.07852555433226,211.29135781564133,210.93380117547213,211.2402801513672,2743300
2017-12-29,211.61481373389867,211.64886117142623,210.4229455764805,210.6017303466797,2951800
2018-01-02,211.41902495003393,211.5297018686466,210.4740493110105,211.1466064453125,4454900
2018-01-03,211.40198038860285,212.1681711361975,211.18914818202134,211.9383087158203,5528600
2018-01-04,212.79824372626692,213.61551244984594,212.50878193767437,213.3430938720703,4932900
2018-01-05,214.00707996743648,215.25853458864987,213.65803197316626,215.14785766601562,3349200
2018-01-08,215.17343196140956,215.36072540431516,214.72222857356914,215.03721618652344,3847500
2018-01-09,215.5565177296477,216.4844632974425,215.14788341369004,216.0843505859375,5031400
2018-01-10,215.530951806262,216.1779571410591,214.91799391424408,215.91404724121094,2357600
2018-01-11,216.23757506496224,217.65929299573256,216.10988090570896,217.60821533203125,2760400
2018-01-12,218.476599189299,219.61737710792994,218.34890501566557,219.56629943847656,3678400
2018-01-16,221.57540232360085,221.9840496202733,218.7149491883961,219.48114013671875,8102900
2018-01-17,220.7155849549308,222.35864383924883,220.10262697988708,222.26498413085938,6144400
2018-01-18,222.40123564351492,222.46935652974634,220.81777577546328,221.4818115234375,4860200
2018-01-19,221.51074637154179,221.9366466921907,220.8463429111252,221.9281463623047,4057600
2018-01-22,221.21257447082866,223.18023131695344,221.1529422040042,223.15467834472656,3359900
2018-01-23,223.02700162057985,223.4188487217628,222.54999523165145,223.0610809326172,3483300
2018-01-24,224.02350976197522,224.67088639752157,222.2091707138467,223.65724182128906,7106400
2018-01-25,224.51759700696755,225.20757942761853,223.5295311587611,224.66241455078125,5918900
2018-01-26,225.14794422213492,226.519330731244,224.91794141993998,226.50230407714844,3861700
2018-01-29,226.20408136084583,226.49369033804743,224.97748687217927,225.01156616210938,4605600
2018-01-30,222.7287776807668,223.54649878520988,221.54476264865394,221.9962158203125,9409500
2018-01-31,224.02344731433877,224.15973846250856,221.71507610536918,222.69464111328125,5360500
2018-02-01,221.42554547334035,223.93834129580523,221.27220163061838,222.84803771972656,5182000
2018-02-02,221.13587929045454,221.3403290536608,216.979102366118,217.1494598388672,9486600
2018-02-05,214.8410785547811,217.22612205920143,203.63138318221453,207.21746826171875,19888200
2018-02-06,203.00108350091594,212.3794014999843,202.33666721184647,212.06423950195312,20493100
2018-02-07,211.4509634734172,215.3266453994798,210.8802586908925,211.89389038085938,12657100
2018-02-08,212.06422749025847,212.16643937627524,203.15438983159967,203.2991943359375,15829100
2018-02-09,205.63314278090257,207.8648557250437,199.11686176090248,206.1612548828125,19858000
2018-02-12,207.86487631994115,211.11876048976464,207.03862878980038,209.68772888183594,10458400
2018-02-13,208.4525912131281,210.60764514692917,208.1203895829457,210.02842712402344,6234000
2018-02-14,208.83589635209302,212.51568021039017,208.7251581441758,212.3538360595703,5764000
2018-02-15,214.33007739949787,215.0796661376953,211.66395017831206,215.0796661376953,6111500
2018-02-16,214.71678043306147,217.01399508684634,214.52036813711783,215.16940307617188,6399000
2018-02-20,213.87125167047884,214.85332574673217,212.29137977661284,212.94041442871094,8685200
2018-02-21,213.15393717159625,215.63901517689953,211.53991152534527,211.54844665527344,5894800
2018-02-22,212.3255724357128,214.65693990630422,212.24016901392534,213.05999755859375,6342300
2018-02-23,214.1700947261557,216.01469858319638,213.5381565195475,215.9805450439453,5119000
2018-02-26,217.18476189142325,219.62713850239982,216.8773277746088,219.40512084960938,6120900
2018-02-27,219.55883829709214,220.2078470752712,216.8431680080425,216.87733459472656,7219200
2018-02-28,217.91908579972036,218.42294500283208,213.666259765625,213.666259765625,5299300
2018-03-01,213.67474478793696,215.09234435994776,208.6874822724687,210.06239318847656,8144800
2018-03-02,207.98728984601726,210.01122273534418,206.80025555195832,209.5244598388672,6393400
2018-03-05,208.2349876630214,213.1795512130055,208.20083411327752,212.50489807128906,4891000
2018-03-06,213.649230933329,213.649230933329,210.9762758786515,212.50489807128906,4408500
2018-03-07,209.95996490898307,212.2827964368179,209.5671275492593,211.8814239501953,5362600
2018-03-08,212.75252749362846,213.24783858859615,211.12141884083087,212.7610626220703,5846600
2018-03-09,214.29818596163096,216.53561401367188,213.78579169089556,216.53561401367188,3904000
2018-03-12,216.95422309709687,217.52638971970617,214.9473593209221,215.16940307617188,5512800
2018-03-13,216.14291422949313,216.88587462245903,213.19666502138338,213.68344116210938,6100900
2018-03-14,214.6996758624299,214.87900483376131,210.86529095347274,211.68511962890625,6222800
2018-03-15,212.50493076346052,214.17874163452603,211.61679499543058,212.64157104492188,5069600
2018-03-16,212.66199670379584,213.99663960474277,212.46521272272386,213.1154327392578,3430100
2018-03-19,212.4309434833002,212.4993883654688,209.025892186203,210.38619995117188,5739500
2018-03-20,210.88253783886836,212.04607540137332,210.73709727537198,211.4044189453125,3258400
2018-03-21,211.43858347676743,213.58598852803607,210.737046043714,210.9936981201172,4341400
2018-03-22,208.82930394666116,209.633515747604,204.6200376577739,204.7825927734375,7449700
2018-03-23,205.3129602383854,206.1000572916519,200.92403876804642,201.16358947753906,7598700
2018-03-26,204.50017681372293,207.16946333165458,202.9345335893105,206.88714599609375,6589700
2018-03-27,207.9394686288353,208.97466705325496,202.63511127549125,203.86708068847656,6513100
2018-03-28,204.50869702967603,205.94601397808822,202.80617727831935,203.85848999023438,7983700
2018-03-29,204.962141098502,207.84531258739153,204.52580645581787,206.52777099609375,6614500
2018-04-02,205.6124275286234,206.2113043675288,199.51240838379528,202.0362548828125,9217400
2018-04-03,203.08853245243532,205.54393343190284,202.25009202398013,205.4583740234375,9874500
2018-04-04,201.09512384514792,207.81111984858538,201.0010137150714,207.4346923828125,6437500
2018-04-05,208.58112491410853,210.54031018764576,208.2217988704502,209.53077697753906,4786400
2018-04-06,207.2978208587158,208.96612508059152,202.9687806018618,204.58575439453125,6985500
2018-04-09,206.32249178797164,208.44423208636002,204.84239487264776,205.09906005859375,5052000
2018-04-10,208.19612497688976,209.6077638791606,207.2122439667778,208.76077270507812,5977500
2018-04-11,207.15227038767236,208.3928029686259,206.51916496943855,206.93838500976562,4733100
2018-04-12,208.46133774765846,210.30931134273226,208.27311748957501,209.44520568847656,4742400
2018-04-13,210.82263443403707,210.85686342073856,207.32347117948459,208.3928985595703,5222500
2018-04-16,209.71041267165245,211.03650514106135,209.36820115578743,210.13818359375,4018400
2018-04-17,212.30268190448035,212.58501225100264,211.5498140349521,212.0032501220703,3821900
2018-04-18,212.0716764809901,212.3625575200152,211.38724052393744,211.64390563964844,3645600
2018-04-19,211.25040534438705,211.81506613404892,210.0269866879864,210.9509735107422,3721800
2018-04-20,210.89281890604482,211.14106634184287,208.51313878776415,209.2749786376953,3396500
2018-04-23,209.77137272358172,209.8740885511477,208.1278541749042,209.1636199951172,2491000
2018-04-24,210.05394041244267,210.19945891498426,203.83081376488568,205.5171356201172,7088900
2018-04-25,205.68829762136744,206.578545210088,203.80509965349663,206.0392608642578,5269200
2018-04-26,206.664015059135,208.76122491296178,206.3986572243131,208.11065673828125,3845800
2018-04-27,207.9823488792448,208.38466997800938,206.9551513540794,207.96522521972656,3209800
2018-04-30,208.94974956060705,209.58318163878727,206.73269810237895,206.7583770751953,3475700
2018-05-01,206.0306477034457,206.20184509580554,203.6509686835298,206.09056091308594,4396600
2018-05-02,205.96222304603162,206.89526019450633,204.34438307736787,204.67822265625,2729400
2018-05-03,203.65949948362942,205.294462466274,201.2626970943292,204.66958618164062,6177500
2018-05-04,203.82218904689802,208.1963501815125,203.45410220339292,207.59715270996094,3600900
2018-05-07,208.4360352899148,209.43755389209724,207.57147984568698,208.3675537109375,2983800
2018-05-08,208.15355367470556,208.84691170225295,207.01507191456852,208.3675537109375,2927200
2018-05-09,209.06090513550424,210.44763420832624,208.18779441955272,210.0624237060547,3670500
2018-05-10,210.57602451272044,212.38218524543282,210.5503455546531,211.82579040527344,3877800
2018-05-11,212.03123765641013,213.0926825601469,211.75732439638105,212.75027465820312,3293500
2018-05-14,213.4950073490372,214.1712417420133,213.0156493396071,213.3751678466797,4286300
2018-05-15,212.34797145190137,212.44211893287113,210.99548959674405,211.69740295410156,4755900
2018-05-16,211.58600571056152,212.52761063246714,211.40625308280087,212.2622528076172,2034400
2018-05-17,212.11678759402,213.04982439319355,211.32926921716066,212.0654296875,2058200
2018-05-18,212.00273675909492,212.48344702517372,211.53060592692023,212.0284881591797,2408800
2018-05-21,213.93424710838713,215.1789465864075,213.92566767140497,214.55230712890625,4060300
2018-05-22,214.92143551816304,214.97293834067386,212.81832064257713,213.04150390625,2329300
2018-05-23,211.88261498873783,213.48784714247356,211.57358500796977,213.42776489257812,3489400
2018-05-24,212.99851420961812,213.2560282261658,211.04132909361678,212.80966186523438,3448100
2018-05-25,212.38053535380047,212.97284401445359,211.7796472554488,212.34619140625,4207000
2018-05-29,210.63793412439898,211.35042033979508,208.00259307112515,208.98118591308594,6439600
2018-05-30,210.45766757113137,212.16591865271943,209.95120571170594,211.7710418701172,4185900
2018-05-31,211.1701559373551,211.1873279102616,209.0326972045245,209.6078338623047,5357800
2018-06-01,211.2902736232876,211.88258208597946,210.86964554583457,211.4791259765625,3565300
2018-06-04,212.64660391820695,213.46209569836554,212.49208237866196,213.0586395263672,3062500
2018-06-05,213.0243548655021,213.29904096436698,212.16593952168404,213.01576232910156,2816400
2018-06-06,213.95138395837836,215.91714877151125,213.3590754444164,215.9085693359375,4102500
2018-06-07,216.50937569310713,217.4965474454411,216.09734026847045,216.77548217773438,4286800
2018-06-08,216.28629060818793,217.53098997702327,216.1231896311947,217.4108123779297,4451000
2018-06-11,217.71124101639958,218.17479252155627,217.1961997975732,217.51380920410156,4200200
2018-06-12,217.81427399141333,217.84002539912092,216.80133726086902,217.4365692138672,6531000
2018-06-13,217.5395370171159,217.82281555101667,216.34634064010143,216.47509765625,3819000
2018-06-14,217.31640173763893,217.62543174290536,215.92576016475147,216.3120574951172,5007000
2018-06-15,215.1565946287398,215.95610736991884,213.8670477935875,215.56065368652344,6340800
2018-06-18,213.89290035463,214.83856044006478,213.32549643259756,214.69241333007812,4075500
2018-06-19,212.0015189007302,212.5431196869386,211.08163580115695,212.2422332763672,5511100
2018-06-20,213.1707421914004,213.18792670811573,211.58888775082679,211.88119506835938,4711700
2018-06-21,211.33958228072913,211.43414959500797,209.70614804481755,210.19618225097656,4676600
2018-06-22,211.41693463443218,211.9241533158372,211.00428325955613,211.21920776367188,3584900
2018-06-25,209.9211388121933,210.11027350043696,206.92939219863456,208.31350708007812,9536000
2018-06-26,208.837879866808,209.4998511370255,208.27908129817902,208.62295532226562,3829900
2018-06-27,209.13870251190963,211.12460247378448,207.19577694876585,207.29034423828125,6149300
2018-06-28,206.73165362897413,208.87230714306708,206.18144723536196,208.1157684326172,5524000
2018-06-29,209.319211811594,210.591573970978,208.55408131207452,208.6744384765625,3966200
2018-07-02,207.11838759355808,208.94094268950397,206.86047563595605,208.6744384765625,5700300
2018-07-03,209.81797043328672,210.02430275309442,207.48819532600177,207.75469970703125,3143800
2018-07-05,209.0184296692906,209.4826609300675,207.7804621499474,209.37950134277344,3294600
2018-07-06,209.17314760581456,210.79797652888678,208.74329854555256,210.28216552734375,3546000
2018-07-09,211.29658999764905,213.20512075708814,211.27939236327126,213.06756591796875,3679300
2018-07-10,213.6521948818263,214.47749778669981,213.59200971274532,214.2625732421875,3474700
2018-07-11,212.63771660391234,213.34267531500635,212.0359305809976,212.41419982910156,4409800
2018-07-12,214.12496602363444,214.44305005449712,213.35123002922776,214.32269287109375,3175400
2018-07-13,214.2711480186549,215.3199806955238,214.00463060244127,215.09645080566406,3018100
2018-07-16,215.25969769067893,215.56918937461853,214.7782690974274,215.5004119873047,1881400
2018-07-17,215.3972352191995,216.27413043980928,214.83842391124617,216.02481079101562,2960100
2018-07-18,216.11951721992835,216.7900807269217,215.80143310244384,216.6697235107422,2119600
2018-07-19,215.9733604807206,216.31723447791722,215.44894410832683,215.6036834716797,2537400
2018-07-20,215.04244080770323,216.09259192174372,214.92191766757796,215.5761260986328,2687800
2018-07-23,215.37808310591112,215.71379038659958,214.87020746827346,215.42111206054688,1792000
2018-07-24,216.28194048788725,217.48705353183865,216.10978523435244,217.09970092773438,5485300
2018-07-25,216.54876844693052,218.77820956043118,215.99785069094972,218.65769958496094,4687600
2018-07-26,219.08823977312525,220.08674603265143,219.02797817805669,219.60470581054688,4175000
2018-07-27,219.59605636657628,220.0178480393423,218.19296498141884,218.8643798828125,5852900
2018-07-30,219.09674510879822,219.32054564495158,217.4956761519647,217.66783142089844,4484200
2018-07-31,218.37370518280144,219.22587843951143,218.29623727484713,218.78688049316406,3743100
2018-08-01,218.5544074455514,219.19139628349075,217.4009528860909,217.8743896484375,3159000
2018-08-02,216.4455189005108,218.13267211339704,216.08398888373634,217.86582946777344,4132600
2018-08-03,217.81412544420166,219.07088364038154,217.81412544420166,218.9761962890625,2469400
2018-08-06,218.8298603944936,219.70786917221616,218.32199785168063,219.37216186523438,2305400
2018-08-07,220.3448830669672,221.0163109319617,220.060820968017,220.46539306640625,2394500
2018-08-08,220.3363005149857,220.4654136926768,219.82843783659268,220.03501892089844,1876800
2018-08-09,220.15554975652853,220.56013506564523,219.50135437000205,219.6390838623047,1677300
2018-08-10,218.36505491698824,218.5544296411591,217.26324550432372,218.0379638671875,4796900
2018-08-13,218.27034304049573,218.6060503327833,216.66065816269472,216.9533233642578,3686700
2018-08-14,217.57314447978874,218.25317552512848,217.11692710564668,217.96051025390625,2815800
2018-08-15,216.78123656614878,217.09112132874174,215.07687693919056,216.71237182617188,5804000
2018-08-16,218.9589792422679,220.71499684346261,218.88151135431596,220.3104248046875,7919200
2018-08-17,220.16209174460067,221.79241038263888,219.9895738305443,221.2662353515625,3902500
2018-08-20,221.78374478200774,222.30994606372565,221.66299410517348,222.05978393554688,2930700
2018-08-21,222.49106993076242,223.15529074354222,222.34444223865782,222.61184692382812,3290900
2018-08-22,222.55147192318657,222.7240029738742,221.73198891923386,221.84413146972656,3850600
2018-08-23,221.51635186135,222.1719383047418,220.8090245267565,221.2489471435547,2811900
2018-08-24,221.8958721186201,222.7067206237045,221.68022148055599,222.4220733642578,3631500
2018-08-27,223.62969728359812,224.8373355141466,223.62969728359812,224.77694702148438,4111600
2018-08-28,225.39810634111723,225.41537524522892,224.57864945682863,224.8288116455078,2713600
2018-08-29,224.966771820971,225.80349748622373,224.65624748725,225.4239501953125,2433900
2018-08-30,224.91506839179925,225.26873873450856,223.8023296209527,224.28538513183594,3867200
2018-08-31,223.923084206354,224.69942155336545,223.39690907183615,224.14736938476562,3081800
2018-09-04,223.60384172639166,224.20767406189995,222.73260469718326,224.0437774658203,2945000
2018-09-05,223.60393109503065,224.54416512359242,223.34516074755572,224.207763671875,3282400
2018-09-06,224.39762283362472,225.18256862810853,223.44875399057122,224.52700805664062,3878500
2018-09-07,223.69877830131654,224.57001557560588,222.94831805792035,223.87994384765625,3796400
2018-09-10,224.72526653081212,224.83740910402102,223.29334275858258,223.36236572265625,2247600
2018-09-11,222.63778001905712,224.71665585199545,222.39625229663739,224.30259704589844,3072900
2018-09-12,224.40612031659515,225.80353268526324,223.91443038701217,224.4923858642578,4971200
2018-09-13,225.50163992840672,226.19171165195908,225.1307007105622,225.81216430664062,2472300
2018-09-14,226.01053630777633,226.40732616917208,225.1565417550304,225.9070281982422,3077700
2018-09-17,225.76047972219234,226.16590422380114,224.82887997623862,225.12216186523438,2473500
2018-09-18,225.3550326551198,227.3217664325823,225.29464412752012,226.78695678710938,2998900
2018-09-19,226.9508049923036,228.5811106174295,226.9508049923036,228.08944702148438,4001000
2018-09-20,229.4522665163644,230.58227369286905,229.44363206745479,230.34938049316406,5247100
2018-09-21,231.2622215372374,231.3140816356125,230.43243358475232,230.8905487060547,3944500
2018-09-24,230.51020039464427,230.5275046780063,229.27415754437334,229.42111206054688,3778600
2018-09-25,229.9483162797046,230.0261064028646,228.65176147008816,228.82464599609375,1820400
2018-09-26,228.89377889827375,229.78407879264122,227.56264193731062,228.00347900390625,3365900
2018-09-27,228.40972900390625,229.3778189989961,227.83924174712675,228.40972900390625,2440100
2018-09-28,227.8134218985836,229.00625706895266,227.76156179365336,228.53948974609375,3288800
2018-10-01,230.0089093648325,230.91648749924707,229.69772238431491,230.553466796875,5828100
2018-10-02,230.01751117858217,231.66846121008874,229.96565108364325,231.27951049804688,4553400
2018-10-03,232.31671929685044,232.75755644535116,231.36593338370062,231.6079559326172,5827700
2018-10-04,231.38329094067356,231.40056885065852,228.6950855534104,230.1385955810547,8720900
2018-10-05,230.21623221340576,230.458254684234,227.2427982126755,228.47021484375,7477100
2018-10-08,227.54545476413838,229.23961296728967,226.5341300253199,228.91114807128906,6236400
2018-10-09,228.52225893162233,229.33476924762226,227.450448037534,228.39260864257812,4559100
2018-10-10,228.228326747679,228.29746476070613,221.105911184749,221.3306427001953,12292000
2018-10-11,220.18101133503214,221.90976487702446,215.107162620268,216.325927734375,15270300
2018-10-12,219.86116115093057,220.07725365822668,216.0319950632386,218.94493103027344,8634400
2018-10-15,218.57327320036504,220.18965433173028,218.1151580810547,218.1151580810547,5500900
2018-10-16,220.08587205878402,223.1025147378303,219.532675819333,222.9383087158203,7099800
2018-10-17,222.07399480185416,223.02478088229455,220.12914873782825,222.11720275878906,6822400
2018-10-18,221.37380465041468,222.022082199062,218.0978610970899,219.2733917236328,8694600
2018-10-19,219.88310187802938,221.39667397712557,219.1133428812382,219.96095275878906,6618300
2018-10-22,220.60974536985015,220.92975370578543,218.1274768158362,218.85398864746094,4662600
2018-10-23,215.39431904405885,218.75877371882447,214.07968281140307,217.66900634765625,7360500
2018-10-24,218.30044634122987,218.72425149358355,212.05587610677048,212.4537353515625,7624300
2018-10-25,213.91537162961794,217.02899866116155,212.9812795609633,216.02572631835938,5920200
2018-10-26,213.9586494149764,215.39437125913753,211.30340401187647,213.22348022460938,5882900
2018-10-29,215.11762274442395,216.43227256771266,208.48385077409694,211.44180297851562,6833300
2018-10-30,211.41580245224404,215.30784590476017,211.11308268257102,215.1002655029297,6151100
2018-10-31,217.03760535730027,219.00957264215637,216.56190860058013,217.2538299560547,5376400
2018-11-01,218.0840969455266,219.53713292466884,217.01163152006256,219.4506378173828,3267900
2018-11-02,220.8777971178704,221.06807585568484,216.72628141593506,218.352294921875,6413400
2018-11-05,218.68096255187692,220.48859748906872,218.38690019026117,220.09939575195312,2833700
2018-11-06,220.14265306524368,221.74272085201943,219.96967597412615,221.6129913330078,2193300
2018-11-07,223.5415869891858,226.48223566403402,222.71129208684488,226.41305541992188,4462300
2018-11-08,226.1968667131015,227.4423224612973,225.71252574375907,226.6898651123047,4023400
2018-11-09,225.87689425811843,226.12772221231015,224.04331367074704,224.95144653320312,4386500
2018-11-12,224.61413412702316,224.80441283850712,219.40742865578298,219.87448120117188,10153000
2018-11-13,219.53720667649196,220.8691446739678,218.1533636788271,218.87123107910156,3937900
2018-11-14,220.566530196256,220.80004340674554,215.93931561304043,217.0117950439453,5610300
2018-11-15,216.39767601437114,219.6842940770325,214.7976211609352,219.00967407226562,5667000
2018-11-16,218.2909598634014,221.03922346549635,217.90083210460776,220.2502899169922,4529500
2018-11-19,219.86877700584327,220.01615798218208,215.73339195330357,216.61769104003906,4249600
2018-11-20,213.58341064196222,214.07756898370488,211.12992208171636,211.9708709716797,7341100
2018-11-21,213.13249474476467,213.81739750492198,212.04013476832884,212.10081481933594,4257600
2018-11-23,210.88701690136668,211.56324142655734,210.4188665488104,210.50555419921875,1928000
2018-11-26,212.2915369825461,213.90407586535628,212.12681320617133,213.60931396484375,3435500
2018-11-27,212.56035592654965,214.5977086825447,211.65872712458645,214.5717010498047,2932000
2018-11-28,215.97617156941877,220.06820678710938,215.516685741173,220.06820678710938,5132500
2018-11-29,219.8599963837486,221.04772159771272,218.66359314541089,219.851318359375,3471100
2018-11-30,219.42662154460265,221.80207308824353,219.19253966439726,221.51597595214844,2991800
2018-12-03,225.5560057118385,225.668687793378,222.82507252176867,224.30758666992188,9544200
2018-12-04,223.36256992974867,223.70934705905788,217.06846052606056,217.37188720703125,5376900
2018-12-06,213.58328879695281,216.62629971013658,210.51427026107768,216.4962615966797,8232800
2018-12-07,216.44431280008632,217.96148632345447,210.92179217950795,211.80609130859375,5963700
2018-12-10,211.48525692264886,212.829041420276,207.41923100905606,212.15281677246094,6021000
2018-12-11,215.38660102722855,215.438616282777,210.37559523596957,211.73670959472656,5646500
2018-12-12,214.4763049785126,215.66403080129405,212.967796349478,213.16720581054688,3734800
2018-12-13,213.6353787350936,214.8837979755579,212.55168331506613,213.50534057617188,4455300
2018-12-14,211.58934692874723,212.25690696632873,208.78041705656554,209.3005828857422,6591200
2018-12-17,208.1041228568612,209.28318360514513,203.77802066625222,204.9744110107422,7036700
2018-12-18,206.71703018843115,207.9047559018095,204.3155579063081,205.7807159423828,5349600
2018-12-19,205.94544726765125,209.10983209559794,201.19453101156114,202.3649139404297,9545700
2018-12-20,201.64534214979494,202.32156693677697,196.7557096438546,198.43760681152344,11912800
2018-12-21,199.0773470796023,202.08511518578308,194.59179261938482,194.8004150390625,10242700
2018-12-24,193.41837268692225,194.12250037080352,189.4022291481001,189.59347534179688,7024000
2018-12-26,190.54090670073427,198.84268242138168,188.61106938717984,198.8166046142578,9761100
2018-12-27,196.06099721627825,201.1289940540683,193.44442125550358,201.0333709716797,7952000
2018-12-28,202.29385557764687,203.25007311303395,199.65118860244715,200.35531616210938,7266800
2018-12-31,201.9634132489321,202.7718516495562,200.8507161354132,202.71969604492188,5079600
2019-01-02,199.30337981133678,203.41514374654142,199.1903671535374,202.85879516601562,5319500
2019-01-03,201.02467071988343,201.17244942663032,196.7738144296153,197.08676147460938,7350200
2019-01-04,199.93804519983166,204.4409913291584,199.7033316066515,203.65863037109375,7343700
2019-01-07,204.1454051353458,205.91877584466673,202.50243674358094,204.59744262695312,5101600
2019-01-08,206.8402503482744,207.46614440229322,204.97125636926765,206.82286071777344,4845800
2019-01-09,207.7008268541772,208.52666842689973,206.7011420490084,207.692138671875,4872000
2019-01-10,206.57935227805865,208.76998033596126,206.05776974756932,208.63088989257812,3052200
2019-01-11,207.6486751513707,208.57882798687976,206.85762608612552,208.52667236328125,2047200
2019-01-14,206.83155166757325,208.3267415650189,206.57946171174427,207.7095489501953,2330700
2019-01-15,207.70948655417277,209.52631112020507,207.66601912259733,209.18728637695312,3940300
2019-01-16,209.81327681768238,211.1519867813204,209.62203064224784,210.2479248046875,3718500
2019-01-17,209.70013893248776,212.81221825366242,209.53497067370537,211.93423461914062,4108400
2019-01-18,213.694966087248,215.2173198423646,212.7032618862983,214.91285705566406,5393200
2019-01-22,213.4340515795763,213.7733185360691,210.8243016761319,212.25965881347656,5218500
2019-01-23,214.129901770935,214.79974106938568,211.37226856613484,213.75584411621094,4330300
2019-01-24,213.53836059570312,214.17339579399768,212.3726759101022,213.53836059570312,2840400
2019-01-25,215.20863342285156,216.21773970646842,214.59098689312364,215.20863342285156,4110600
2019-01-28,212.89464411159383,213.3296023264189,211.51148017417924,213.21652221679688,3560300
2019-01-29,213.43402190698262,214.56490275548865,213.08604733724243,213.7471923828125,2432900
2019-01-30,216.096029568347,218.34911083304524,215.5479777516833,217.63577270507812,5686200
2019-01-31,216.5658017619765,217.85327501069253,216.03515194122738,217.58360290527344,5649600
2019-02-01,218.06193845851516,219.08844669439668,217.26161697782766,217.8966522216797,3971400
2019-02-04,217.85320513245293,219.52345666526676,217.20076769034162,219.4973602294922,2576100
2019-02-05,220.40202554933586,221.13275215921556,219.92356886172254,220.92398071289062,3090500
2019-02-06,220.63694689942687,221.26328790026074,220.1323936890955,220.84571838378906,1913500
2019-02-07,219.5669315408694,220.3846552203127,217.6270213543192,219.13197326660156,3884800
2019-02-08,217.92279782591532,218.6709266161808,216.72232197093018,218.62744140625,2942300
2019-02-11,219.32333956144205,219.49733347723108,217.78359694291177,218.29684448242188,2677600
2019-02-12,219.84534429144506,221.72436750477794,219.80184580269776,221.41989135742188,3080600
2019-02-13,222.2897465304019,223.18575940039875,221.93307760478766,222.52462768554688,2918200
2019-02-14,221.42855347770853,222.84653498008342,220.62823184211118,221.96791076660156,3811000
2019-02-15,223.45775469887076,225.64721598516425,223.44029161080908,225.6210479736328,4751100
2019-02-19,225.01920325396006,226.34512043174806,225.01920325396006,225.7606658935547,2744500
2019-02-20,225.76941982344482,226.58938659503625,225.33326841815443,226.36257934570312,2454000
2019-02-21,225.87405047946137,226.13573062641964,224.61793253293303,225.5164031982422,3197200
2019-02-22,226.15325318668704,227.1563961745697,225.9351774666877,226.94705200195312,3938500
2019-02-25,228.4124610988353,228.85731736173594,227.4529228308529,227.57505798339844,3585000
2019-02-26,226.76377919260614,228.10713266665692,226.4497630306676,227.2697296142578,3080200
2019-02-27,226.6417440143274,227.16513107416353,225.72581000447127,226.6853485107422,2777200
2019-02-28,226.67668522556733,227.12156835348767,225.97885334935236,226.17076110839844,2772900
2019-03-01,227.8018334823337,228.14204429633145,226.12702728891787,227.16506958007812,3676900
2019-03-04,228.10720194406002,228.2642100727135,223.48400735212206,225.2983856201172,4823900
2019-03-05,225.24603191099143,225.8042918648316,224.5220322941591,225.21986389160156,2107200
2019-03-06,225.26348635068123,225.44668912159156,223.702083368267,224.0684356689453,3222000
2019-03-07,223.658504111171,223.7370081938046,221.22478437750905,222.27154541015625,4104600
2019-03-08,220.58797961974187,222.35002203818632,220.46585773618347,222.18429565429688,5495800
2019-03-11,220.56175101069465,224.03349884532386,220.22155347777962,223.9724578857422,5469400
2019-03-12,223.51888976178248,224.1556804712604,222.81232653236216,223.1874237060547,6570500
2019-03-13,224.04220819682433,225.11515003381444,223.3182087143626,224.48709106445312,5272800
2019-03-14,224.46969029324757,225.001808897239,223.85036269697662,224.65289306640625,3409600
2019-03-15,225.16427909697038,226.53670547232272,224.0715880357716,225.82864379882812,4225100
2019-03-18,225.47900071356722,226.5104947310371,225.27793594323487,226.3968505859375,2786200
2019-03-19,227.37578862094605,228.11882356386937,225.53133969430556,226.30059814453125,4761400
2019-03-20,225.93347971486648,226.55414728532148,224.26384500189192,224.91073608398438,4382600
2019-03-21,224.11524903382002,227.25345368306566,224.08902552276305,226.9125213623047,3800000
2019-03-22,225.46146007917542,226.09085104547202,222.79527852767362,222.87396240234375,6226500
2019-03-25,222.63789530684792,223.68687560591854,221.6588488061831,222.97007751464844,4982500
2019-03-26,224.70100399466583,225.38284222514955,223.17124967838805,224.1852569580078,3278700
2019-03-27,224.3337878548199,225.03309926977406,222.1221828256772,223.87921142578125,3166200
2019-03-28,224.58739288724615,224.90207515160685,223.42475449750657,224.72723388671875,2434400
2019-03-29,226.03836510808725,226.70272961349744,225.15548913207738,226.5191650390625,4255900
2019-04-01,228.3549067251036,229.6049386140993,227.7866861600857,229.36892700195312,6051700
2019-04-02,229.02805007266423,229.08924717555212,228.22381770092886,228.75706481933594,2320000
2019-04-03,229.5350119819552,229.65740616906092,228.34617707476673,229.02801513671875,3265500
2019-04-04,229.22036905275556,230.72391307207283,229.1241983639878,230.58404541015625,4397000
2019-04-05,231.2659003484522,231.51066210528663,230.4354443822117,230.91624450683594,3112700
2019-04-08,229.75365670581292,230.25193039519024,229.35155373333276,230.09458923339844,3231700
2019-04-09,229.13296719912344,229.15046733143953,228.11022318580802,228.59974670410156,4161200
2019-04-10,228.94056458152062,229.08918226399118,228.15383256325836,228.67832946777344,3602600
2019-04-11,228.95811657523157,229.2465752657008,227.78672832973956,228.5035400390625,2731700
2019-04-12,230.66254596716786,231.11712220262618,229.97195823199712,230.83738708496094,3395200
2019-04-15,230.79380936679604,230.942427078572,230.0333007099465,230.61024475097656,2190300
2019-04-16,231.89523858064422,231.9302121599288,230.71512704226723,231.2396240234375,2536000
2019-04-17,231.73789748940052,231.81656803502236,230.70640365521456,231.2396240234375,2873600
2019-04-18,231.7714324542131,232.60235783666087,231.2291114353821,232.2787322998047,3469200
2019-04-22,231.43907551670284,232.17379952046105,231.2991242741341,231.8501739501953,1604200
2019-04-23,232.18252075475507,233.41578918134852,231.8413846461047,233.08343505859375,3399200
2019-04-24,232.99594045480228,233.27584287274678,232.42740701976504,232.59359741210938,1899800
2019-04-25,230.96677017121831,232.00763597038758,230.02213254063918,231.37786865234375,2333800
2019-04-26,231.28161751193906,232.0863037109375,230.79177486489402,232.0863037109375,1883100
2019-04-29,232.06885610149382,232.58491132333404,231.85891587908793,232.17381286621094,1522500
2019-04-30,232.67231849465347,232.71604156994945,231.0016859466985,232.47988891601562,2259200
2019-05-01,233.07469347328376,233.37207982774345,231.03671207335165,231.04544067382812,2902500
2019-05-02,230.70433451981452,231.3078625307633,228.88499519339936,229.9346160888672,3660200
2019-05-03,231.19410086971496,232.00754220799752,230.5643338061821,231.76263427734375,2161600
2019-05-06,227.72158881491623,231.52642952175034,227.48540953615387,231.15029907226562,3282600
2019-05-07,229.1473864134965,229.5934525518064,225.49997959540767,226.99566650390625,6758100
2019-05-08,226.8994342876224,228.38636570195078,226.37462397369887,227.11810302734375,4115200
2019-05-09,225.43875738687007,226.6195741400813,223.36578161874868,226.05104064941406,7175400
2019-05-10,225.29880255355178,227.88786009193532,223.07713365188332,227.34556579589844,5456100
2019-05-13,222.75349533938018,223.65440958107845,220.93416961781492,221.70388793945312,6326000
2019-05-14,222.51739126776405,224.9927373180138,222.37745336291326,223.7506866455078,4308800
2019-05-15,222.31617244494078,225.34255421620497,221.94006855168936,224.72154235839844,4151400
2019-05-16,225.66617507570223,227.48548753295805,225.53497914971643,226.68080139160156,3889400
2019-05-17,224.79031773489004,227.4472115065779,224.658794963882,225.73733520507812,3652900
2019-05-20,224.65882259755801,225.71105841398054,224.0274998393324,225.06219482421875,2613300
2019-05-21,226.40370174233303,226.9999560090877,225.94772055996611,226.9034881591797,2376700
2019-05-22,226.1494318684201,226.98242716253318,225.76361394460235,225.8776092529297,2942600
2019-05-23,223.87848564636835,223.90479020961277,222.08969506732532,223.38743591308594,4616900
2019-05-24,224.6587018379012,225.07082418920265,223.61525706772565,224.5797882080078,2258900
2019-05-28,224.5798375091592,225.5356051380671,222.24741608645618,222.2561798095703,4580100
2019-05-29,221.03744408997866,221.2128122823943,218.75761744936872,220.3271942138672,5192100
2019-05-30,220.7655940888755,221.26539404445066,219.9325852430944,220.853271484375,3454700
2019-05-31,218.67859691641726,219.27486453495771,217.65267944335938,217.65267944335938,4891100
2019-06-03,217.757939271642,218.8715477008738,216.6180262903578,217.8982391357422,5479600
2019-06-04,219.85364984131596,222.457907885951,219.66074084691832,222.4140625,3796100
2019-06-05,223.79075468201245,224.29933177968448,222.78237759266594,224.23794555664062,2792400
2019-06-06,224.57978616650445,226.53517973204538,224.0624456467146,225.98275756835938,2796200
2019-06-07,226.63164174528643,228.9640762300144,226.57903265430772,228.2012176513672,3124900
2019-06-10,229.63055642764868,230.1742016891718,228.80631143131896,228.8501434326172,3495900
2019-06-11,230.31446106557436,230.49859290190415,225.30763251790893,228.753662109375,2792100
2019-06-12,228.68357129692407,229.08694350745347,227.97332151505657,228.37669372558594,1725500
2019-06-13,229.15708184325442,229.63059062131654,228.30653216759998,229.34999084472656,1882700
2019-06-14,229.0694455538246,229.8498588506918,228.3591955975275,229.30621337890625,2260900
2019-06-17,229.42019106356915,229.89367315830833,228.83268685931918,229.4552459716797,1319500
2019-06-18,230.8143283695313,233.06782320595724,230.56003317246487,232.65570068359375,6147700
2019-06-19,232.71704573023163,233.42729532789426,232.0418777851399,232.8573455810547,3920800
2019-06-20,235.0407425652026,235.43533763373782,233.15551150773788,235.06704711914062,3471800
2019-06-21,234.93259573697281,236.40041498713924,234.58979521767293,234.76559448242188,4446800
2019-06-24,234.96763353094408,235.47743508652545,234.76549396855003,234.8270263671875,1654200
2019-06-25,235.02046740134554,235.02923858729793,233.03404860351893,233.1483154296875,7240300
2019-06-26,233.90427871377446,234.22948329291648,233.10443746126407,233.1132354736328,2141400
2019-06-27,233.3153346282333,233.71964073232937,232.48032839055594,233.0516357421875,1991500
2019-06-28,233.74601751564916,234.0272856096752,232.98134167886735,233.6669158935547,2176200
2019-07-01,235.9521508520245,236.2158229017979,233.79873076047718,234.65130615234375,3970200
2019-07-02,234.53701218127136,235.31928387706984,233.92176852859927,235.25775146484375,2775300
2019-07-03,235.85546903836413,236.96294536809546,235.8027346248723,236.9277801513672,1262900
2019-07-05,236.1806611057885,236.8574640820016,234.95894482655663,236.67286682128906,2157000
2019-07-08,235.46867995229135,235.9345183837233,235.0907411316041,235.60931396484375,1423400
2019-07-09,234.43153698696727,235.66205108198494,234.4051697857596,235.4335174560547,1407000
2019-07-10,236.29484562442502,237.20895313044332,235.70596930214074,236.1630096435547,1978600
2019-07-11,237.01566218024684,238.12313842773438,236.63772330388812,238.12313842773438,2238500
2019-07-12,238.77357839992067,240.29415893554688,238.72084398348994,240.29415893554688,2411200
2019-07-15,240.43472025091413,240.4786834716797,239.91614737290269,240.4786834716797,2624500
2019-07-16,240.4961916804203,240.82139604491067,239.86335214137202,240.32041931152344,1780400
2019-07-17,240.25020437651492,240.34690202559597,239.2306275833888,239.3185272216797,1550800
2019-07-18,238.77350459738165,239.73154863068797,237.97366376446843,239.3096466064453,2119000
2019-07-19,240.3063304394995,240.44707974006786,238.7053373463666,238.78453063964844,2364300
2019-07-22,239.06611134250718,239.40919295246331,238.21283677502242,238.96055603027344,1623500
2019-07-23,239.96329293510016,240.6845962397976,239.22437918833634,240.45590209960938,1722900
2019-07-24,239.48828106633871,240.01608429998524,239.11881074922985,239.80494689941406,2355400
2019-07-25,239.69064120121925,239.7785860460946,237.96648198053413,238.7318115234375,2348600
2019-07-26,238.96051139239387,239.31237131584433,238.48548573088044,239.14523315429688,1731300
2019-07-29,239.14508802653506,239.8664178812362,238.99556040127695,239.3826141357422,1346000
2019-07-30,238.46780269874827,239.40024318743687,238.05436007865578,239.1891326904297,1670600
2019-07-31,239.5321553611174,239.86643150033277,234.9579251820839,236.20703125,5058800
2019-08-01,236.47092516590814,239.0131363202843,233.46246702551096,233.77915954589844,7225300
2019-08-02,233.29547869886474,233.70014311491488,230.8500159829241,232.94361877441406,5691500
2019-08-05,229.5832522797508,229.7240015900625,224.42843965986734,226.161376953125,6608200
2019-08-06,227.43692747159676,229.02911584093943,226.11743256804033,228.96755981445312,4991000
2019-08-07,226.1877684410378,229.31936680817836,223.75109799005085,228.9235076904297,5089500
2019-08-08,229.99671608118857,232.34542846679688,229.22260822607888,232.34542846679688,3637100
2019-08-09,231.738425562963,232.61808857319434,229.81196142294155,231.50970458984375,3773000
2019-08-12,229.96156821311078,230.62131562073424,227.44571747254088,228.18463134765625,3072700
2019-08-13,227.8943971303303,232.78532335042377,227.50734309750024,231.5010223388672,4326300
2019-08-14,227.99108653401416,228.47491736887358,224.36687868685425,224.3844757080078,6148000
2019-08-15,225.40491223001305,226.0294924927643,223.37289218321973,225.51046752929688,4034800
2019-08-16,227.01333968100744,228.6538131352426,226.5546918556454,228.32748413085938,2743200
2019-08-19,231.11456000272847,231.29976867759535,230.03854093643668,230.49716186523438,1971800
2019-08-20,230.20606195311424,230.69114114243465,228.8478025406919,229.04183959960938,1975200
2019-08-21,230.92930574675552,231.66136578626765,230.6294351349383,231.105712890625,2156300
2019-08-22,231.7054730630891,232.68448703451145,230.15320311708803,231.57318115234375,2329200
2019-08-23,230.43538899753418,232.12880599797393,224.94064582267487,226.0431365966797,6293900
2019-08-26,228.4332198022918,228.80366389363374,226.82800693304452,228.52142333984375,3145200
2019-08-27,229.76517571816282,229.8092640587435,226.8810768964882,227.37498474121094,3077200
2019-08-28,226.68699986201534,229.72102004057393,226.0872585726606,229.6593017578125,2741700
2019-08-29,231.90837065622105,233.05493659575527,231.07930534635832,232.75506591796875,3740600
2019-08-30,233.9633157966929,234.07797774381203,232.1111754433689,232.95787048339844,2442400
2019-09-03,231.1410931339742,231.2557551322427,229.34184181982997,230.56781005859375,3082900
2019-09-04,232.47271887614835,232.79907470644676,231.75831587014582,232.7814178466797,1963100
2019-09-05,235.2509094509822,236.99721540375515,235.224451085514,236.08877563476562,3614800
2019-09-06,236.43293161431097,237.20025168155743,235.85082023875538,236.65342712402344,2470100
2019-09-09,237.12095852849055,237.60603805122452,236.39772654669818,237.07684326171875,2243400
2019-09-10,236.79450020855114,237.6235653128391,235.9742366200447,237.59710693359375,2654300
2019-09-11,237.88807502871848,239.66966814701436,237.44708423465042,239.62557983398438,1899800
2019-09-12,240.4458428946557,241.16907433689389,239.42274090913597,240.18125915527344,3272200
2019-09-13,240.7987316001238,241.02805554813338,240.30482380130036,240.42831420898438,2182700
2019-09-16,239.54623786304248,240.084233786587,238.84063634534584,239.1669921875,4077500
2019-09-17,238.6554932752183,239.52864679500837,238.46145616904795,239.51101684570312,1756200
2019-09-18,239.22873271325375,240.01370942799983,237.6764630617615,239.87258911132812,3052600
2019-09-19,240.31365892054487,240.9575155300459,239.1318061607697,239.38758850097656,2965600
2019-09-20,239.932979451802,240.26008813693332,237.89955811624517,238.041015625,4076900
2019-09-23,237.15690340997926,238.6775377561613,236.9977738456745,238.1382293701172,1898300
2019-09-24,239.07543812604507,239.2433902696204,235.94575447904197,236.90940856933594,3733300
2019-09-25,237.2895904277089,238.81907480817264,236.42320007992623,238.3328094482422,3391800
2019-09-26,238.7129227729191,238.7129227729191,236.84748061521162,237.71389770507812,2401100
2019-09-27,238.33286906491165,238.6776769689455,236.05192970537138,236.9271697998047,3171000
2019-09-30,237.38678609672652,238.55376326872897,237.38678609672652,237.97911071777344,2128800
2019-10-01,238.49199905565004,238.96056542499954,234.68157535879791,234.72576904296875,3558400
2019-10-02,233.45262624172472,233.45262624172472,229.483073785064,230.49977111816406,6690100
2019-10-03,230.13731126458362,231.65794612308656,227.54693577861158,231.64027404785156,5610300
2019-10-04,232.40938990906702,235.03513610091034,232.2679323892734,234.86715698242188,2937500
2019-10-07,234.21298961425782,235.6098390778098,233.5675946010728,234.0538330078125,2104200
2019-10-08,232.19729157761972,233.58529166142114,231.05680850749883,231.2601318359375,3505200
2019-10-09,232.90447940919535,233.61174003297452,232.05576126460764,232.8956298828125,2020800
2019-10-10,232.71890891345996,235.1943489353218,232.6127955008607,234.29258728027344,2100800
2019-10-11,236.73264574312643,238.8279606104264,236.60003770855593,237.07745361328125,4177000
2019-10-14,236.5823194183719,237.58134471744626,236.44086188237083,236.81216430664062,1194600
2019-10-15,237.9261929266358,239.75626490537212,237.6963209929953,238.89869689941406,3168900
2019-10-16,238.5185205484586,239.19925976993724,238.17371268311453,238.77488708496094,2415000
2019-10-17,239.29646303190526,239.7208086291206,238.447717876946,239.04006958007812,1883400
2019-10-18,238.511864004975,243.2801682617205,236.751408881128,236.7691192626953,2232400
2019-10-21,237.14062257615143,237.41486347263557,236.5567470230639,237.2733154296875,1379600
2019-10-22,237.512296837306,238.3084813156523,236.87534385512078,236.9284210205078,2534300
2019-10-23,237.19372668654668,237.8837566009196,236.52138015547962,237.2998809814453,1693400
2019-10-24,237.98996839883384,238.07843933180294,236.25605150230047,237.0699462890625,1843700
2019-10-25,236.83998654556595,238.96315448057658,236.76037078522688,238.50314331054688,1825200
2019-10-28,239.546901979204,240.25461524565924,239.0249587206254,239.5734405517578,1809600
2019-10-29,239.2727911236474,240.2724562291068,239.1312429939098,239.62664794921875,2884600
2019-10-30,239.6265487566573,240.6173582571331,238.75074875133205,240.3961944580078,2144700
2019-10-31,240.245887413247,240.32550316416703,238.03424878477333,239.2816162109375,3021000
2019-11-01,240.50230058379435,241.8115997314453,240.35192434913208,241.8115997314453,2989400
2019-11-04,243.04130799841113,243.32437711538125,242.36010628554607,242.88204956054688,1543200
2019-11-05,243.3509840684337,243.73140639061074,242.77596348507913,243.1121368408203,1706300
2019-11-06,243.29794254796977,243.46602925046372,242.3867484753913,243.1033172607422,1605900
2019-11-07,244.66021659743308,245.97834408039637,244.66021659743308,245.09368896484375,3023800
2019-11-08,245.1912338337239,245.26199442718908,244.20925174058826,245.1116180419922,1512000
2019-11-11,243.97911227701627,245.412249658134,243.62525552819721,245.1910858154297,1729000
2019-11-12,245.42989848677163,245.92530326486687,244.73104028046248,245.30606079101562,1694000
2019-11-13,244.46568605698246,246.28807414090488,244.31530974772573,245.9784393310547,2595600
2019-11-14,245.82803002663104,246.2172805357615,245.12914474920976,246.13766479492188,1582600
2019-11-15,247.160501031343,248.11771252674257,246.83257698019224,248.1088409423828,2363300
2019-11-18,247.9491780776891,248.48093189598686,247.8162125756163,248.4011688232422,1790500
2019-11-19,248.8976309195201,248.90650250399915,247.16050435498954,247.5681915283203,1928300
2019-11-20,246.9566366418467,247.18705437554993,245.25494257963987,246.56666564941406,2463600
2019-11-21,246.68179980282946,246.7615899361569,245.64485263960685,246.14117431640625,1382100
2019-11-22,246.7260862100548,247.302170868892,246.20317693218732,247.1514892578125,1419300
2019-11-25,247.87843459934277,248.87995007694752,247.8430023514314,248.87107849121094,1811100
2019-11-26,249.11028890971355,249.5622797821241,248.70257480459017,249.36729431152344,1300300
2019-11-27,249.588862819392,249.85476684570312,249.05710886178076,249.85476684570312,1786300
2019-11-29,249.31414812005568,249.5534644809896,248.9064610146808,249.00396728515625,811900
2019-12-02,249.4471172245357,249.48254946202263,246.56666564941406,246.56666564941406,2544300
2019-12-03,244.11151554160205,244.29765642460495,242.50732841999462,244.18243408203125,3834300
2019-12-04,245.5030442125429,246.17663522731618,245.15737712417143,245.54734802246094,1928500
2019-12-05,246.26532050119386,246.26532050119386,244.74976728756252,245.82217407226562,1453000
2019-12-06,247.67451324225297,248.99508074955062,247.62133784246296,248.78237915039062,2686400
2019-12-09,248.55198298319405,248.800143913237,247.8961348925475,247.94931030273438,1206100
2019-12-10,247.8872524808961,248.28609508738938,246.94778421194607,247.6833953857422,1406900
2019-12-11,247.39095454288474,248.07339037474665,246.9655241913586,247.9138641357422,1921700
2019-12-12,247.7366526801531,250.77665875462594,247.48849167892274,249.89036560058594,3768600
2019-12-13,249.872425753537,251.36139058896117,249.04818026044495,250.03195190429688,3065500
2019-12-16,250.75879482932675,251.80461375607948,250.75879482932675,250.8828887939453,2117200
2019-12-17,250.9891791141765,251.70707388646105,250.7410182922448,251.17529296875,1697900
2019-12-18,251.5211146811606,251.6274655205931,250.95387414083064,251.00704956054688,1592600
2019-12-19,251.39694265557785,252.1857562157767,251.3260511337948,252.11483764648438,1815100
2019-12-20,253.15152755182305,253.41821657216494,252.76036556857898,252.8848114013672,3637000
2019-12-23,253.66704076390775,253.95152703291723,253.49812873731486,253.65814208984375,2564700
2019-12-24,253.92493940436944,253.92493940436944,253.24929108177028,253.37376403808594,611600
2019-12-26,253.56934752226772,254.34277277808124,253.5426786213815,254.3072052001953,931600
2019-12-27,254.99161872341037,255.00941606998674,254.16485601065395,254.547119140625,1930200
2019-12-30,254.5561851553855,254.61842164911315,252.58260462521173,252.9470977783203,2552900
2019-12-31,252.39582389104018,253.64041762985798,252.08466867380855,253.4537353515625,1341300
2020-01-02,254.6450258785771,256.59193700695596,254.38720842013134,256.5830383300781,3865500
2020-01-03,253.66705522703106,255.24057421015556,253.52481208441617,254.5382843017578,3296700
2020-01-06,252.7336202148277,255.16946963082097,252.61804596426936,255.12503051757812,1645100
2020-01-07,254.5204050228698,254.95603298505785,253.88032465219638,254.02256774902344,1413000
2020-01-08,253.64927603995358,256.6274289947886,253.43589776852275,255.49838256835938,3136700
2020-01-09,256.8764244822182,257.66761995452464,256.41412736436,257.418701171875,1783100
2020-01-10,257.774227575271,257.8453627116179,255.88955341365997,256.2451477050781,2989600
2020-01-13,256.73417662593494,256.99196695069315,256.1563323692496,256.9386291503906,1463300
2020-01-14,256.8050864400638,258.24526019688835,256.6717420422265,257.1162414550781,2198500
2020-01-15,256.9296550298393,258.91210578655824,256.87631725083077,258.12091064453125,2195100
2020-01-16,259.25877143083653,260.4500267833951,259.11652834141375,260.4144592285156,2522000
2020-01-17,261.06225953892977,261.1423039931385,260.4130010293763,260.83990478515625,2147400
2020-01-21,260.1014275556195,260.84853549161613,259.1497436881567,259.5588684082031,4476900
2020-01-22,260.1547466908178,260.66172142942986,259.3364702455378,259.5410461425781,2077000
2020-01-23,258.5984077505895,259.5856491763523,257.57558198772193,259.3010559082031,1872600
2020-01-24,260.19028858919637,260.39483731000746,256.45472300395846,257.7532653808594,3612500
2020-01-27,253.35078223605154,254.95172415493025,252.47023975206753,253.8043670654297,4129100
2020-01-28,254.5693879893,256.32154368405827,254.15136016944697,255.5210723876953,2999200
2020-01-29,257.03306769351394,257.2910066826746,255.4499037010091,255.5210723876953,2126300
2020-01-30,254.08006498215195,256.83723920869124,253.3507356706033,256.6326904296875,3433200
2020-01-31,255.22742246495883,255.4675827347814,250.46902997599807,251.18948364257812,4885700
2020-02-03,252.3191179386638,254.6049298303843,252.15012626462087,252.57705688476562,3157400
2020-02-04,255.86784462087104,257.04188326634704,255.63661432492592,256.18804931640625,3004100
2020-02-05,258.60727986014933,260.63515254757186,257.88685319112375,260.47503662109375,3305900
2020-02-06,261.50675698382554,261.61350997911603,260.11039089109255,261.2577209472656,2857200
2020-02-07,260.3861701783064,260.43063024639156,258.5183858894506,258.9897766113281,3839300
2020-02-10,258.1091840688596,260.56395995374874,258.0735997392552,260.5550842285156,2877700
2020-02-11,261.80037868916503,261.8626445074475,259.9592756141434,260.5462951660156,1994500
2020-02-12,262.04924485640146,263.1521145545387,261.96029762267443,263.0187072753906,2804400
2020-02-13,261.83584890712257,263.1254890703976,261.4178212482797,262.2182922363281,2638000
2020-02-14,262.3516510221449,262.493961171483,260.9552581282199,261.9692077636719,1861700
2020-02-18,260.7329515907562,261.38223667730557,259.4966743516332,260.5550842285156,2397800
2020-02-19,261.28447960597964,262.1294380919261,260.9465233545014,261.5780029296875,1474400
2020-02-20,261.0974923706263,261.7467771489287,258.08238008317323,260.40374755859375,3493900
2020-02-21,259.3550452946149,259.578012158595,257.5267278970319,258.40966796875,3271800
2020-02-24,250.0172183274874,252.20230471214515,248.8042915238965,249.3304901123047,6595200
2020-02-25,250.4363355806762,250.93577910847202,240.69715957102676,241.42849731445312,9903700
2020-02-26,242.57890541257615,245.53991049212607,239.7606023243129,240.57220458984375,7477600
2020-02-27,236.22001559716986,238.7796982132839,229.55779142744333,229.6558837890625,11188900
2020-02-28,223.430629320124,227.533211276758,220.2912521989656,227.0337677001953,17541400
2020-03-02,228.95119832454728,238.3514852905227,226.58775592515394,238.1552734375,8544500
2020-03-03,238.84200961916278,241.71382290364826,229.37038493075661,231.26113891601562,11482600
2020-03-04,236.74621577817967,241.79416138659357,234.5254474107845,241.5979766845703,5408100
2020-03-05,235.693720795954,237.70934925487745,231.4930341606392,233.1875762939453,5872900
2020-03-06,226.2399834459277,231.9746974411772,225.13406306010634,230.85986328125,7372400
2020-03-09,215.3859759635722,220.35368388759332,211.52418850888992,212.90658569335938,10406900
2020-03-10,220.5499167836525,223.44848627294638,211.4528706467093,223.3860626220703,9407100
2020-03-11,217.2052946841594,218.42716179279782,208.3401476665173,210.33792114257812,7687200
2020-03-12,196.6567470989705,204.23761943611902,188.92425894813687,189.17398071289062,17322600
2020-03-13,201.24979387030007,207.34124743915808,190.2263166163581,207.01126098632812,13676000
2020-03-16,184.17060616553326,194.7035572995753,179.72018322875184,180.59422302246094,12407000
2020-03-17,184.62544826262743,191.27878443062804,177.79375496193106,190.3869171142578,16128100
2020-03-18,177.54397059789162,183.22515904509302,169.16041261486671,177.82936096191406,13369800
2020-03-19,176.91970193224628,182.8149449959189,171.52391595970826,179.5417938232422,13532100
2020-03-20,181.851510915833,183.6405956413155,170.85759128358146,171.6626739501953,12206000
2020-03-23,170.07931321681517,171.03646627504966,162.89614042745742,166.5011444091797,15712300
2020-03-24,175.57183601007077,185.35813179027554,175.51816565143665,184.84823608398438,14123600
2020-03-25,188.36382616366504,196.95142621947255,183.66747790435858,189.69668579101562,17556100
2020-03-26,191.81671193610313,202.05027873088196,191.4410057824025,201.33465576171875,16071900
2020-03-27,194.66131311424772,199.7154706800412,191.94191104964904,193.53419494628906,10545600
2020-03-30,194.43778443639798,200.1270760457945,192.41612302899236,199.5724639892578,7691800
2020-03-31,198.54367574080064,201.04839709977904,195.40383694467874,196.1105194091797,8426600
2020-04-01,188.43529881736035,192.12976227218658,185.85902670191734,187.2992401123047,8570300
2020-04-02,186.34211357517955,192.13874414490587,185.33127635814043,191.3962860107422,8231900
2020-04-03,190.29603716946806,191.92411119933746,186.68209119107865,188.3906707763672,6664500
2020-04-06,195.86009734167507,203.8752049535511,195.1176253540524,202.64073181152344,10322500
2020-04-07,210.62887483533652,211.2550515336817,202.56904231568842,202.70323181152344,10857700
2020-04-08,204.97544113354022,210.441095640693,202.917990922323,209.6181182861328,7010200
2020-04-09,212.75793652117096,214.86011637777437,210.3158398736514,212.1317596435547,9393200
2020-04-13,211.47878139821646,211.7292521893058,206.6035278328658,209.2871551513672,6761900
2020-04-14,213.52726767711266,215.110611543503,211.89920761052835,214.40391540527344,5391900
2020-04-15,209.75230107503265,211.630845601261,207.88271070869564,210.28903198242188,6828000
2020-04-16,210.84367282155546,211.1657086802203,207.6948792756811,210.52163696289062,6126400
2020-04-17,216.24082009076318,217.1895565790657,213.2424424051976,216.9836883544922,5924500
2020-04-20,213.23356269245016,215.80231382423852,211.46138007387208,211.80149841308594,7357400
2020-04-21,207.04886554440876,208.8478846041795,205.3303965192894,206.0553741455078,6571400
2020-04-22,209.79664992657692,211.47037826456094,208.89266754818146,210.12782287597656,4318000
2020-04-23,210.7900754038313,213.84215364182097,210.18145704051244,210.39627075195312,6364800
2020-04-24,211.77464647700614,213.3141107833111,209.61760462655627,212.86659240722656,3568500
2020-04-27,214.02117320957825,216.76894245810678,213.42150025418334,215.99026489257812,3632500
2020-04-28,219.2930130471282,219.42727679302467,215.13109641077494,215.7844696044922,4709900
2020-04-29,219.71369162937765,221.6738249577682,218.56804529576536,220.58187866210938,5015300
2020-04-30,218.56801983566172,219.43620676726187,216.5183912351622,217.69088745117188,4928900
2020-05-01,214.43290055671415,215.1041781015359,211.67618580045172,212.3743133544922,4723500
2020-05-04,210.52165547450093,212.79504340965494,209.11644085111246,212.4996795654297,3845500
2020-05-05,214.82671762082356,216.36618187367816,213.64526259353568,213.73477172851562,3143500
2020-05-06,215.11310630255682,215.2921109020531,211.76567795473173,211.99838256835938,3082300
2020-05-07,214.12863102522738,215.86499112421666,213.51105338440672,213.83326721191406,3411500
2020-05-08,216.84058234332744,218.2099876367463,216.00819096775564,218.0488739013672,3894800
2020-05-11,216.3124762010412,218.33526800613987,215.70385776362616,217.10011291503906,2743000
2020-05-12,218.21890395234198,218.51426771345152,212.96504269355412,213.09034729003906,6433900
2020-05-13,212.08795971660828,212.5712736559722,206.77143809770592,208.38250732421875,7531300
2020-05-14,205.9300695341887,211.9089088303636,204.33690511540303,211.89996337890625,6964500
2020-05-15,209.99163013985776,212.762698460544,209.31903994451358,212.45779418945312,4811100
2020-05-18,218.37651558646132,221.68566056546632,218.24200306043613,220.54673767089844,5207700
2020-05-19,220.11629806522083,220.62747306476078,217.08516825145358,217.2196807861328,4404700
2020-05-20,220.07149033426995,221.12970594643778,219.47064477914242,220.367431640625,3280600
2020-05-21,220.20603939934531,221.8471611680352,218.70840682749767,219.73074340820312,3378200
2020-05-22,219.6320508237824,219.80244249926966,218.0716369199244,219.6051483154297,2521100
2020-05-26,224.95004525375583,226.0082610174167,224.08913740645963,224.4209442138672,4872300
2020-05-27,227.5417778064568,229.38915696797588,224.49270726389506,229.37123107910156,5326100
2020-05-28,231.25438134977892,231.3171629868779,227.6851741245314,228.0977020263672,4957600
2020-05-29,227.1291868918959,228.967602489547,224.80649878011462,228.0438995361328,5082300
2020-06-01,227.5865428114427,229.17385920780376,226.61801146877562,228.92276000976562,2060800
2020-06-02,230.07062627612694,231.29924709391173,229.3173423855623,231.23646545410156,3045800
2020-06-03,233.47850038661426,236.75176745553313,232.8597151686159,236.0074462890625,5184500
2020-06-04,235.28997115772447,237.1373499554792,234.41113752385436,236.15087890625,3937100
2020-06-05,242.491169098025,245.6747789718235,241.9441422327445,243.51351928710938,7866800
2020-06-08,244.73316828720561,247.8539969182294,244.73316828720561,247.76431274414062,4667600
2020-06-09,245.03802618403816,246.6343056565809,244.04260593311966,245.16358947753906,4632600
2020-06-10,245.00216685620993,245.88100041255166,242.14141474969512,242.54495239257812,6531200
2020-06-11,235.08371038781252,236.31230395371108,225.43427543640078,226.01718139648438,14257800
2020-06-12,232.2677747010052,233.45153981214543,225.47909224669402,230.24102783203125,9817200
2020-06-15,224.45680672673288,232.8059049872684,223.38964171726067,231.68492126464844,7421300
2020-06-16,239.5227381704965,239.567593922734,231.98973593796038,236.5902557373047,9238000
2020-06-17,237.2987532566768,237.3794881561326,234.294539228521,234.79673767089844,3669300
2020-06-18,233.20044737053666,235.19131516325817,232.36641484619565,234.4649200439453,3268700
2020-06-19,237.62451607084435,237.84936044062212,231.68861921934632,232.75888061523438,5852600
2020-06-22,231.93138727665314,234.3596891496153,230.85212370190584,234.12586975097656,2823500
2020-06-23,236.38330870445986,236.67111600945964,234.7554380903519,235.18714904785156,2948000
2020-06-24,233.13660754396946,233.40640978155912,227.48851864692872,229.0084686279297,5903500
2020-06-25,227.84820792040688,231.77848174398463,226.69700624590254,231.53565979003906,4312300
2020-06-26,229.9257580137942,230.28550337677396,224.57446682988638,225.18605041503906,5331400
2020-06-29,226.80486017875387,230.3484073624354,225.69863043370182,230.1595458984375,3759000
2020-06-30,229.40413352850416,232.98363697727075,229.08934604035926,231.92237854003906,3667900
2020-07-01,232.82175784418385,234.0719052540136,231.2658529445521,231.41873168945312,3575300
2020-07-02,234.87238151547723,235.7897639473985,231.9314275613485,232.41709899902344,3830000
2020-07-06,235.78072032442196,236.58115172707707,234.62051609914906,236.53619384765625,2989100
2020-07-07,234.8273390490477,235.50187179577222,232.7407778319461,232.97462463378906,2828700
2020-07-08,233.51423493701583,234.90825817386897,232.26408785309798,234.4855499267578,2837800
2020-07-09,234.62053291139816,234.9083402113907,229.65598049719284,231.3557891845703,3995600
2020-07-10,231.31988072734015,234.88140758423864,230.65432278039978,234.57562255859375,3110100
2020-07-13,236.59018498278053,239.70202268517934,234.35971944845312,234.77345275878906,4876000
2020-07-14,234.3237029530217,240.1786288512323,233.9279748575384,239.76492309570312,7614300
2020-07-15,243.25460429446167,243.31756729913386,240.17872153744415,241.85157775878906,5220600
2020-07-16,240.27757653517676,241.8694640365591,239.25227352130347,240.55638122558594,2478100
2020-07-17,241.17831262415427,241.28631866471403,239.5761589294115,240.0891876220703,3415100
2020-07-20,239.77426971151894,240.89937883970808,238.55013669643716,240.1613006591797,4017400
2020-07-21,241.9613790145916,243.2664886030414,240.90826520339095,241.52932739257812,3173200
2020-07-22,241.06133226114417,243.33855151167634,241.01631142532858,243.00552368164062,2039300
2020-07-23,242.69945692708748,242.82545481572535,239.08108982996825,240.044189453125,2838000
2020-07-24,238.65812728976158,239.72923330776564,237.6680258275121,238.2440948486328,2637700
2020-07-27,238.31612613574038,239.70226839457007,237.938104817824,239.3782501220703,2637900
2020-07-28,238.45104126150258,239.0720759713732,237.2899214321894,237.5599365234375,1989300
2020-07-29,237.7940628986083,239.4862313956064,237.4430156712913,238.97317504882812,1917900
2020-07-30,236.25497760630273,237.46109156374754,233.96874765818075,236.97503662109375,3055600
2020-07-31,237.40698595662369,238.06403196995655,234.1846587064532,237.9380340576172,3306800
2020-08-03,239.12617797443167,240.4582894476193,238.8381434786414,240.07125854492188,2569300
2020-08-04,239.68422676874826,241.60141688842356,239.45019530821136,241.5924072265625,1909800
2020-08-05,243.01436456528435,245.06656084885574,242.93336007009287,244.82354736328125,2122900
2020-08-06,244.49073188712921,246.65093603883645,244.436728843473,246.53392028808594,1948100
2020-08-07,245.93088440419902,247.3620200403076,245.2558188700825,247.18199157714844,2311300
2020-08-10,247.9830771295813,250.4763092259753,247.95607560754402,250.35031127929688,2313900
2020-08-11,252.83455596323668,253.6266373040194,248.84717520339836,249.4952392578125,4546400
2020-08-12,251.88041162688165,252.690484654593,250.87231830630907,252.06044006347656,2641600
2020-08-13,251.24140836075776,252.2225003617939,250.43133516864876,251.50244140625,1668300
2020-08-14,250.43127482268943,252.1684365489926,250.13423066045166,251.84439086914062,2247000
2020-08-17,252.15035976914098,252.2493561442237,250.67420405411704,251.07925415039062,2436900
2020-08-18,251.21415563402695,251.45716910811083,249.42296476350194,250.40408325195312,1678300
2020-08-19,250.83627529658142,251.79036545880726,249.29713399238383,249.71116638183594,3374300
2020-08-20,248.4599850866157,250.5301738819019,248.30695823394285,250.1071319580078,2063700
2020-08-21,249.9033149373994,252.22155672011135,249.7409254218113,251.93292236328125,2601200
2020-08-24,254.12489724458908,255.50502922275334,252.99733753928126,255.44187927246094,2622800
2020-08-25,256.389094326145,256.389094326145,253.49350063608972,254.93678283691406,3346000
2020-08-26,254.92787051025857,255.82991885859676,253.98976004838514,255.6675567626953,2647500
2020-08-27,256.578760336871,258.3918872160107,255.8931944465805,257.1199951171875,3432800
2020-08-28,258.1932238144595,259.29372353894837,257.08369480038823,258.6171875,2715500
2020-08-31,258.2202997802381,258.29245151629704,256.08245017232775,256.4342346191406,4070100
2020-09-01,255.9380994666592,258.8246366682745,255.43295476816849,258.6983642578125,3023600
2020-09-02,259.8618890317978,263.45204878423544,259.42892375436963,262.685302734375,3464300
2020-09-03,262.4690447621442,263.7228778223588,253.56583075607125,255.58641052246094,6118500
2020-09-04,257.0024106110021,257.7962169825765,249.87623936705884,254.1699676513672,7145800
2020-09-08,251.5090508444303,251.51805260591973,248.0722498814089,248.4420928955078,4780100
2020-09-09,250.85040626135824,254.8194100767257,250.21898947726984,252.43801879882812,3488900
2020-09-10,253.5927351832652,254.5308727244026,247.9278753684855,248.7758026123047,3455800
2020-09-11,249.82201565410202,251.50883973371202,248.0269227725939,249.9482879638672,2787500
2020-09-14,251.59919932425237,253.86332071650483,251.37368736095482,253.05148315429688,2371700
2020-09-15,254.75638049873572,255.18934587340854,252.46517112059536,253.09658813476562,2331800
2020-09-16,253.96272379846036,256.38923628801666,253.27715817960177,253.50267028808594,2651800
2020-09-17,250.48967720267467,253.6107551496181,249.94844297073297,252.18553161621094,3305300
2020-09-18,252.29133585140193,252.6349382572859,248.44846358565928,250.03082275390625,3156700
2020-09-21,245.5639064655547,246.09741153482437,241.46786017522052,245.4373321533203,5936900
2020-09-22,245.64548973856728,247.06507122523738,243.94557919517484,246.67626953125,3169800
2020-09-23,247.91494852997425,248.28567593352022,241.49508677953276,241.9471893310547,3575900
2020-09-24,241.29612546966368,244.9310471156538,239.85844287615484,242.4173583984375,4432100
2020-09-25,241.20571088377815,246.2240371020726,240.72648338472328,245.6724853515625,3606800
2020-09-28,248.89159874510568,250.57340762169127,248.4033200801588,249.47027587890625,2790200
2020-09-29,249.1989439760145,249.54254634686149,247.11023229444612,248.13198852539062,1971100
2020-09-30,248.65646362304688,253.33121728058904,248.65646362304688,250.91697692871094,4028500
2020-10-01,252.57156876592208,253.49387551981238,250.0759817471605,251.49559020996094,2968000
2020-10-02,247.90599023426122,251.83023809895863,247.39058656781148,250.28402709960938,4771600
2020-10-05,252.08331645462002,254.61507938460423,252.04714052872126,254.54275512695312,1862500
2020-10-06,255.47416655842324,256.36027006916777,250.68186203629725,251.1158905029297,4364400
2020-10-07,253.4306340343995,256.4959029279388,253.3854348117606,255.8177490234375,2422600
2020-10-08,257.26443755991033,257.40911369420513,255.6097542883126,257.0564880371094,2148000
2020-10-09,258.2499849265081,259.3350419982907,257.16495544887306,258.5393371582031,2549100
2020-10-12,259.4616649103805,261.8668261974936,259.2175118727221,260.8269958496094,2534800
2020-10-13,260.10357862758417,260.5104542663717,258.6206693818438,259.2716979980469,2430600
2020-10-14,259.70570268160776,260.3657821167581,257.31858877433024,257.81591796875,2264000
2020-10-15,255.01304365409783,258.0602113867969,254.67849207667865,257.7347106933594,3128000
2020-10-16,258.9259578847228,260.8527101674132,258.609378207121,258.6817321777344,2409300
2020-10-19,259.2878803042353,259.6677870617478,254.43933480436465,255.11776733398438,2837600
2020-10-20,256.13996560223126,258.40140756339787,255.31679741570753,255.95001220703125,3339000
2020-10-21,255.57913774208305,257.3249643471894,254.9368683357644,255.0635223388672,2907100
2020-10-22,255.18104728891964,257.04447275166734,253.55279295468884,256.5831298828125,2324200
2020-10-23,257.3069206823136,257.3883292939556,254.64746228001923,256.3028259277344,2161000
2020-10-26,253.40799426164358,253.63413831551932,247.5825212253661,250.56761169433594,5140600
2020-10-27,250.52241517309733,250.63095991128756,248.39665536527988,248.450927734375,3029800
2020-10-28,243.33116467869814,244.91417411434023,239.73093899566007,240.14706420898438,5815200
2020-10-29,239.83034243692148,243.27677627063736,237.731718589087,241.15101623535156,5479400
2020-10-30,239.73990787669433,240.90681928726735,236.46534537469122,239.7670440673828,5271200
2020-11-02,243.24069535835628,244.68802375564354,241.45867796282928,243.5120849609375,5062900
2020-11-03,246.6418418331651,250.05208543887971,246.22574435577863,248.4419403076172,4343000
2020-11-04,249.57272557577676,256.04949856822424,249.26517278632295,251.93368530273438,6766400
2020-11-05,255.35288893563657,257.76809255205745,255.1538810162083,256.81829833984375,4316200
2020-11-06,256.85450360314314,257.2434648658398,254.99107825505584,256.19415283203125,3078200
2020-11-09,270.1155743461252,270.91160607985455,263.58455854321846,263.883056640625,10839300
2020-11-10,265.3122724095309,266.8138726895598,263.5935826065285,266.4068298339844,4354500
2020-11-11,267.8179420167843,267.88126899025184,264.977558863329,266.0449523925781,2910400
2020-11-12,264.33537482372367,265.33041460356947,261.59450883339076,263.2770080566406,4361900
2020-11-13,265.0137781475349,267.68228986310044,264.516272115032,266.9857482910156,3090400
2020-11-16,270.7217351686948,271.4453855439609,269.17491661840546,271.3549499511719,4615000
2020-11-17,268.93960086764673,270.6040180913316,267.39278299003684,269.84417724609375,4049200
2020-11-18,270.64934871676365,271.146854839411,266.6330261230469,266.6330261230469,3566400
2020-11-19,265.99981815190034,267.58282735284774,264.95050588318503,267.14862060546875,3266600
2020-11-20,266.73347455538925,267.06890410731125,264.90219630800647,265.20135498046875,3090200
2020-11-23,266.7696792832768,268.9363865452976,266.06254947532193,268.2474060058594,2855600
2020-11-24,271.01236712405137,272.9796254377508,270.43214405771516,272.3631591796875,4022700
2020-11-25,271.9281563570292,272.00974507930135,270.20563555382034,270.8311767578125,2629200
2020-11-27,271.46559782623353,272.1546056531672,270.3142542381415,271.2842712402344,1518000
2020-11-30,269.7251250182295,269.9789657971337,267.2139134674068,268.9092102050781,4159300
2020-12-01,271.7286364439937,272.8890551881954,270.32342393089857,270.55914306640625,2841100
2020-12-02,269.3443408390653,271.37506679251237,268.6644073100202,271.2300109863281,2481700
2020-12-03,271.4114264384038,273.24270471567286,271.11224009448415,272.02789306640625,3140900
2020-12-04,272.64432743046297,274.3215026855469,272.5174208651627,274.3215026855469,2747300
2020-12-07,273.5780644437341,273.93164318419457,271.97343115985547,272.9706726074219,2589900
2020-12-08,271.982487381429,274.57528730300527,271.9552911468169,273.9678955078125,2205400
2020-12-09,274.8924452717069,275.23694916667085,271.9460682400586,272.77105712890625,3074500
2020-12-10,271.9643780986918,273.01601210258406,271.24820125975685,272.4630126953125,2413000
2020-12-11,271.45653977163306,273.04305066306114,270.7766065324496,272.81640625,2454300
2020-12-14,274.71127169564573,275.41840147041455,271.06683788207806,271.1575012207031,3646100
2020-12-15,272.8346023315491,274.63868331582194,271.50193184738407,274.34857177734375,4211500
2020-12-16,274.2760028706905,274.5751613141549,273.16997705968726,273.92242431640625,1977300
2020-12-17,274.8925630186644,275.3367773542597,274.5571336088016,275.1373291015625,3002900
2020-12-18,275.28994026121,275.35353055928067,272.7102642678558,274.2271728515625,4442100
2020-12-21,271.40222314037567,275.19906798951314,270.15780495414896,274.4451599121094,6340800
2020-12-22,274.17262800329337,274.20896927031197,272.37410950944445,272.56488037109375,2698200
2020-12-23,273.59131613089096,275.03556969362916,273.53681808854355,273.6639709472656,2714400
2020-12-24,274.009223808516,274.40889471609387,273.34612713906324,274.3362121582031,1955700
2020-12-28,275.85309158935286,277.1792569334196,275.54426008294104,276.1346740722656,2382400
2020-12-29,277.4335607943951,277.6788296999876,274.89931871854975,275.6441345214844,2319600
2020-12-30,276.2346841495058,277.1612067453208,276.0075996262616,276.25286865234375,2081300
2020-12-31,276.13468771403797,278.214789011454,275.54427369554537,277.7606201171875,2797000
2021-01-04,278.4873271759422,278.55091748494544,271.3568687650501,274.6087341308594,5106600
2021-01-05,274.2545118460548,277.088522241124,273.75493698651474,275.98944091796875,3355200
2021-01-06,275.90771244402526,281.8028181538211,275.2809569043078,279.9588928222656,7290300
2021-01-07,281.33037703819633,283.38322928205326,280.7308707797177,282.03887939453125,4107900
2021-01-08,282.72013159822177,282.88362574435376,279.7589415903535,282.5293884277344,3234900
2021-01-11,280.2131679396958,282.4931050859578,280.1496053500112,281.73919677734375,2811400
2021-01-12,281.74813860232814,282.7200664474764,280.5945598767607,282.2568054199219,2290900
2021-01-13,282.15692138671875,283.0380099933336,281.51200943350517,282.15692138671875,1854400
2021-01-14,283.0289136041367,283.64657652832256,281.4847562936719,281.63006591796875,3232400
2021-01-15,279.8927001448472,281.083111956908,278.09343842052357,279.9926452636719,4009100
2021-01-19,282.02814087653604,282.3734562383157,280.4288249249462,281.0830993652344,2781700
2021-01-20,282.09177612327903,283.8274213191642,281.6465156176607,283.3094482421875,2398400
2021-01-21,283.5275016633226,284.163584011353,282.79144648254817,283.4002685546875,1930000
2021-01-22,281.573855253776,282.6279658801547,280.8741560821109,281.673828125,2049700
2021-01-25,280.78321120100605,281.5011022108447,277.7208529349086,281.3829650878906,4546400
2021-01-26,282.19183481281385,282.7824929090943,280.98323059890265,281.1468200683594,2256100
2021-01-27,278.55696381015343,278.72052553741923,274.52227481389946,275.5763854980469,5743100
2021-01-28,277.1392670204481,281.1739544683264,277.00293790165114,278.1297607421875,6392100
2021-01-29,276.1759549244647,276.957434475647,271.33250107307384,272.4411315917969,5929900
2021-02-01,274.6856454896464,275.6579746338789,272.74101493288936,274.4493713378906,3138600
2021-02-02,276.73935455623604,280.2742322977569,276.72116255518137,278.81121826171875,3090500
2021-02-03,278.1571015733191,279.82913044639304,277.32107327091984,279.2112121582031,2087800
2021-02-04,279.7473284533876,282.3099060058594,279.67461587690354,282.3099060058594,2638800
2021-02-05,283.8456486681545,284.0183063988456,282.49167484173955,283.10052490234375,1955600
2021-02-08,284.15462153250337,285.2359924316406,283.8910869462978,285.2359924316406,1690000
2021-02-09,284.6634601678864,285.7902554806863,284.03644594209374,285.2632141113281,1798700
2021-02-10,286.3991026277247,286.4626914647738,283.7910728936272,285.7902526855469,3048000
2021-02-11,286.32637203957705,286.9352219434479,284.2454115323321,285.95379638671875,1937100
2021-02-12,285.5902836416974,286.37179114124626,285.18135175183016,286.2809143066406,2479500
2021-02-16,287.45314112427013,287.64399080121456,286.1264280474467,286.7716064453125,1836300
2021-02-17,285.9629021691755,287.9802461806351,285.2177508379786,287.69854736328125,2007400
2021-02-18,286.0173627961359,287.1532538318632,284.7724306580531,286.75341796875,2609600
2021-02-19,287.34616994093943,288.0108062663793,286.4084106240245,286.7179870605469,2314900
2021-02-22,284.8788339618129,288.1473350503869,284.7604714173981,286.9819641113281,2978000
2021-02-23,286.58143449615983,288.14740467873287,283.69533263947545,287.14593505859375,5723400
2021-02-24,286.49942702636804,291.3794369129299,286.04420357127924,290.91510009765625,4290300
2021-02-25,291.0789644258638,291.27017827573195,284.9334479816251,285.86212158203125,7648600
2021-02-26,286.26274599855765,286.2809449353274,281.12781179658805,281.7378234863281,7925600
2021-03-01,285.40688190474094,288.53882121869384,285.3795696112613,287.3279113769531,4749700
2021-03-02,287.4463581892899,288.09276784759044,285.8895014352149,286.0533752441406,4075700
2021-03-03,285.82572063733494,287.5828766005445,284.81511006445896,284.9607849121094,5148100
2021-03-04,285.1428370326448,286.7179200074966,278.3053726371656,281.8561096191406,8577600
2021-03-05,284.5145104195789,287.7465841440973,280.3264512692787,287.0091247558594,7016100
2021-03-08,288.3841461157668,292.9181831037364,287.54652247954823,289.74981689453125,8230700
2021-03-09,290.8604829416394,292.95449977472737,289.9227237115682,290.0774841308594,5829900
2021-03-10,291.8256066564063,295.26709556892564,291.77098205340127,294.3748474121094,6472200
2021-03-11,295.6311756172316,297.6887942969776,294.8299779796444,296.1956481933594,5745900
2021-03-12,296.50533897368484,299.0727788498663,296.3505507311633,298.9089050292969,4257200
2021-03-15,299.70090891821104,300.6659804256842,297.5431541744335,300.5294189453125,4456000
2021-03-16,300.3109378074554,300.4474992956625,298.91795505847006,299.4095764160156,3270600
2021-03-17,299.72829477418355,301.3853152350557,298.9726358742483,301.1485900878906,4338200
2021-03-18,300.72059891714196,303.0513407503184,299.32761627634017,299.8647766113281,5376500
2021-03-19,299.3182984603806,299.4004026117591,296.48104181111745,297.42071533203125,5628800
2021-03-22,297.00107849788765,299.2180022769221,296.5266896062935,298.5428771972656,3807600
2021-03-23,297.70360447143156,298.7618824306708,295.07615958523206,295.64178466796875,5068400
2021-03-24,296.7547509512591,298.9899107060967,295.65997314453125,295.65997314453125,6099000
2021-03-25,294.4100067114763,297.977123425815,292.5032921623205,297.5848388671875,5557900
2021-03-26,298.8713494125289,301.87284292620376,298.03201592809137,301.61737060546875,4956600
2021-03-29,300.4131269890535,303.3051202285386,300.0573144315259,302.5752868652344,5200900
2021-03-30,302.01880297947235,302.5205878394435,300.86018471682456,301.8089904785156,4568800
2021-03-31,301.6174129934695,302.5388507784838,301.0061836868402,301.2251281738281,3763700
2021-04-01,301.77253188482786,302.52062937351155,300.80548989852565,302.3837890625,5936100
2021-04-05,304.65529575049885,306.6714830758584,304.6279276996154,305.8048095703125,5632700
2021-04-06,305.3395213379185,306.00551435686407,304.50932001556833,305.0475769042969,2987500
2021-04-07,304.8377644637311,305.777437988351,304.19913949535294,305.0475769042969,2658500
2021-04-08,304.9837984748577,305.75926392398463,304.19009693377734,305.74102783203125,2665000
2021-04-09,306.2793084569144,308.4323368103542,305.95086388693653,308.23162841796875,3034700
2021-04-12,307.6840599368289,308.23142078246406,307.12753928863964,307.9486083984375,2951500
2021-04-13,307.1094293787399,307.8301585767202,306.06938766205775,307.2554016113281,3391700
2021-04-14,307.27374167909807,309.37203406971753,307.2098735854739,307.93060302734375,3966800
2021-04-15,309.11643987788693,310.8407105227386,309.11643987788693,310.58526611328125,3881800
2021-04-16,311.86463055071334,312.5034375736713,311.1801765507912,311.9832458496094,3748900
2021-04-19,311.2624384626713,311.4814549225026,309.96652609079814,310.97039794921875,3222800
2021-04-20,309.7382631773783,310.1580538577983,307.31986446880893,308.57012939453125,3762900
2021-04-21,308.1229825980552,311.69127325029336,308.0590935324211,311.47222900390625,4191200
2021-04-22,311.3079455590641,311.3900767019393,307.6301469587286,308.57012939453125,4962500
2021-04-23,308.2326287447749,311.73703189976624,307.66681756852137,310.67840576171875,3613900
2021-04-26,311.33537028987996,311.6365457103892,309.7292034990359,310.167236328125,2090900
2021-04-27,309.9209778364921,310.6784285003455,309.0996380737352,310.130859375,2732700
2021-04-28,309.5833480857773,309.8206067110067,308.5155867954063,308.7984924316406,3025100
2021-04-29,310.1856784770654,311.0708795941471,307.88589344547285,310.8062438964844,3688400
2021-04-30,309.30030039476014,309.9664846545304,308.32380572435613,309.31854248046875,2909600
2021-05-03,311.0069679954783,312.2754756960009,310.78792364426727,311.2989807128906,2698400
2021-05-04,310.2766609246139,311.6820808570782,308.1137908622875,311.64556884765625,4478300
2021-05-05,312.3393221599006,313.2975470701476,310.6236188706239,312.36669921875,3506100
2021-05-06,312.9598538788746,315.43303528232474,312.02900612716275,315.31439208984375,4276700
2021-05-07,315.0040502811892,317.8513749633414,314.67549782143584,317.4772033691406,3526500
2021-05-10,318.73669640071296,320.4067526859803,317.2126325284761,317.3495178222656,6092500
2021-05-11,314.83988885559415,315.0497982309993,311.0982270847403,312.9416809082031,8396400
2021-05-12,311.7005103016605,312.3211034328644,306.37089559301137,306.63555908203125,7034100
2021-05-13,306.9094093655572,312.1477871314597,306.88203229755277,310.6967468261719,5741300
2021-05-14,312.39408312135845,314.7851058149803,312.0016693190809,314.1736755371094,4677300
2021-05-17,313.32496382945556,314.96767112011554,312.1477222992486,313.61700439453125,3262200
2021-05-18,313.7995397813567,314.3927280377387,311.07996421220105,311.2989807128906,3462300
2021-05-19,308.0591383565436,309.88434952246723,305.90540254899963,309.77484130859375,7223900
2021-05-20,310.04874970988374,312.96910001413244,309.6837128844838,311.6731872558594,4532800
2021-05-21,313.02024808082103,314.6480363468228,312.09660584906567,312.7916259765625,4481000
2021-05-24,314.007727179662,315.21485798792315,313.7150843337882,314.5472717285156,2531800
2021-05-25,315.20574702261405,315.49838990826584,313.3584911343652,313.8340148925781,2623200
2021-05-26,314.1815607080139,314.69367186240305,313.36768073006016,313.9163513183594,2064500
2021-05-27,315.81852610696683,316.5592593647756,314.46507343558,315.1326599121094,3026200
2021-05-28,316.76036087744336,316.85181525989327,315.81843934492366,316.0836486816406,2641400
2021-06-01,318.7357634505466,318.83634376884345,316.04716558592776,316.2940673828125,2584300
2021-06-02,317.09879026644643,317.64748878000745,316.1843020464999,316.74212646484375,2576700
2021-06-03,315.1417208144271,317.29077336329857,314.18151950286983,316.43115234375,4436400
2021-06-04,317.39149959347526,318.2328133033692,316.906821851827,318.1505126953125,2594200
2021-06-07,318.6990680071191,318.73565534134843,316.4311277202032,316.952392578125,2224300
2021-06-08,317.04395344222496,317.24514198611905,315.26984389369545,316.723876953125,2748700
2021-06-09,316.9068121904448,317.2177348918372,315.2150030995992,315.30645751953125,2591200
2021-06-10,316.9067016870501,317.9949447164454,315.31547347740167,315.4801025390625,3089400
2021-06-11,316.4403724826157,316.915896332437,314.1907391702003,315.6081848144531,3003000
2021-06-14,315.3429845618405,315.37957190764837,313.18480559462944,314.8583068847656,2527000
2021-06-15,315.0503763154074,315.0686560347217,313.0933579380041,314.04443359375,2138500
2021-06-16,314.0444210557423,314.2547634053174,310.4596147474938,311.62103271484375,4032000
2021-06-17,311.43811265421874,312.0965453030678,307.83502675745706,309.6914367675781,5169100
2021-06-18,306.20485927885454,307.02909286460033,304.6754254002893,304.9318542480469,7126600
2021-06-21,307.0382817268301,310.54586527968917,306.2598279718976,310.261962890625,5435700
2021-06-22,310.21621777271224,311.7547911404784,309.0439674046065,310.8756103515625,4042100
2021-06-23,311.00377596510236,311.52580085414945,310.1703751638123,310.261962890625,3082700
2021-06-24,311.9928726987212,313.5039723418036,311.71810952356554,313.1925964355469,3704700
2021-06-25,314.7587091137011,315.94012673266275,314.209210596836,315.4547424316406,3638000
2021-06-28,315.34471735138527,315.4271658583377,313.0460250289056,313.9435119628906,3606300
2021-06-29,315.02430929472257,315.7111754625954,313.7696102845372,313.9985656738281,2375800
2021-06-30,313.55902086183426,316.42554709686766,313.53154733029265,315.9126892089844,3778900
2021-07-01,316.67272382276514,317.24052862121994,315.885130831012,317.2038879394531,3606900
2021-07-02,317.82679748413636,318.971574705993,317.0391762221944,318.6510314941406,3013500
2021-07-06,318.4768791095525,318.8065613850112,314.6762260413252,316.7093505859375,3910600
2021-07-07,316.5536553143527,317.91824817954523,315.436352109605,317.7167663574219,3347000
2021-07-08,313.72385345330764,315.95846045298373,312.7805582980175,315.3906555175781,6379900
2021-07-09,317.3962728344617,319.6858266484588,316.7277130592588,319.37445068359375,5063100
2021-07-12,318.71493168447574,320.8030028168943,318.12879272516483,320.56488037109375,3999800
2021-07-13,320.1070272516843,320.76641972495355,319.48427545711036,319.62164306640625,3310200
2021-07-14,320.7115626176989,321.1694734095288,319.03559346835385,319.9972229003906,3933300
2021-07-15,318.6141997785529,320.53742994796994,318.3761052642422,320.48248291015625,5082600
2021-07-16,321.3870049285085,321.4053221308725,317.3733283604204,317.7398681640625,5710400
2021-07-19,313.2039322014703,320.7547595462924,309.1627652467201,311.45367431640625,9715300
2021-07-20,311.82932814730515,317.1717147889553,311.33448405100967,316.21868896484375,5802200
2021-07-21,317.95066469770717,319.0319669840233,317.4008409701102,318.8853454589844,3056800
2021-07-22,318.6836229236588,319.6366484906643,317.6847903823067,319.1326599121094,2429300
2021-07-23,320.72723882474463,321.63442977998625,320.00330379828534,321.24957275390625,4142300
2021-07-26,320.72712008846196,322.0558579149027,320.2597659074737,322.0191955566406,2466600
2021-07-27,320.7456168528233,321.3504202594085,319.5635277976442,321.2954406738281,3902600
2021-07-28,321.6619445373673,321.85440103054304,319.54514683401794,320.1407775878906,3697700
2021-07-29,321.5977999491519,322.294217232747,321.07546601255837,321.4786682128906,2425700
2021-07-30,320.61727223613184,321.6527674861739,319.5084802093165,320.250732421875,3576700
2021-08-02,321.1395787782407,322.4774615705707,318.94945673304693,319.2152099609375,2827100
2021-08-03,319.89328643809023,321.8176551139071,318.078876892573,321.72601318359375,3819300
2021-08-04,320.35153274417735,320.8005419385365,318.7845588909431,318.8853454589844,3118500
2021-08-05,319.6734131012983,321.32285621797195,319.5084743826699,321.28619384765625,2261400
2021-08-06,322.2117335679245,323.00896534881684,322.0651120502025,322.6424255371094,2123700
2021-08-09,322.1934722500541,322.614991708371,321.231273616583,321.7810974121094,2322500
2021-08-10,322.0192754000422,323.42131032545046,321.65273562209615,323.2288818359375,2841000
2021-08-11,324.33772578101036,325.419028087224,324.1178074720034,325.25408935546875,3422500
2021-08-12,325.4832655956687,325.53824518733694,324.1545268782101,325.5199279785156,3118600
2021-08-13,326.08790114339166,326.56440001420117,325.30898670893794,325.6663818359375,2414900
2021-08-16,324.7683628398255,326.7752009656162,323.1647268558042,326.7477111816406,3634600
2021-08-17,324.31017165574895,325.0066167830396,322.11090510637865,324.2368469238281,5019600
2021-08-18,323.12809750337146,324.42934599661294,320.6264430104225,320.8371887207031,4038000
2021-08-19,318.2805284855035,321.1670959401147,318.262211282609,320.250732421875,5442200
2021-08-20,320.3526562005212,322.8954188523649,319.9395591711593,322.35382080078125,3394800
2021-08-23,324.006109064816,325.2453719711035,323.9694105001023,324.4559326171875,3569200
2021-08-24,325.0341211622521,325.41049143179805,324.6118636949751,324.7220153808594,1981400
2021-08-25,324.75882536143314,325.91547438862585,323.96938606705487,325.1260070800781,2434700
2021-08-26,325.3922638218318,325.8787859591758,323.1891452379001,323.2717590332031,3008900
2021-08-27,323.72146707232866,325.7410082365524,323.72146707232866,325.4839782714844,3163700
2021-08-30,325.8420879952614,326.080768767658,324.8506943503852,325.0342712402344,2482000
2021-08-31,324.77721039624333,325.6951788009972,324.20807446756356,324.88739013671875,2913800
2021-09-01,325.2269228589598,325.28199870329604,324.3089547678057,324.547607421875,2739200
2021-09-02,325.67696868950077,326.0441506054756,324.8875289708641,325.75958251953125,2390000
2021-09-03,324.66706981785927,325.5575003216116,324.1254718021586,325.08935546875,2465400
2021-09-07,324.6305352171561,324.6764224564774,322.1978952209982,322.6109924316406,3168500
2021-09-08,322.0416591989113,323.2809220585778,320.9584632830069,321.95904541015625,3075700
2021-09-09,321.8029167458834,323.59296586809637,320.29746352702523,320.65545654296875,3484700
2021-09-10,322.43641933052163,322.8127897582026,318.14033369102845,318.2596740722656,4539000
2021-09-13,320.2883691833401,321.2338755483605,318.96649239924915,320.6463623046875,5439700
2021-09-14,321.65610129069273,321.8121682349983,317.3508275274968,318.0484924316406,3902200
2021-09-15,317.9933513478214,320.7931430097334,317.41502692897336,320.2056579589844,3267300
2021-09-16,320.28844384751466,321.362451476098,317.617151724202,319.6183166503906,3646000
2021-09-17,319.07179647041335,319.8537280537693,317.4251445111363,317.9587097167969,5380900
2021-09-20,312.9727495779768,314.7573827450346,309.08150813307026,312.2184143066406,10010600
2021-09-21,314.0674767389467,315.594535571271,311.8596913220797,311.95166015625,6071100
2021-09-22,313.83766241663943,316.75377220601985,313.1753236383036,315.0703430175781,6862700
2021-09-23,317.1950936084316,320.7459712036615,316.9375191771849,319.724853515625,5592200
2021-09-24,318.7498859110849,320.52531143839946,318.5751001779793,320.0101623535156,3121600
2021-09-27,320.39644513081066,322.4294446099937,320.28606008376164,320.6907958984375,3426000
2021-09-28,319.4949768963177,319.9641415026656,314.98740887998025,315.4565734863281,7493800
2021-09-29,316.3304307386112,317.9862907310442,315.41972599055623,316.2384338378906,4116600
2021-09-30,317.44348358413333,317.7746667767049,311.03169050953755,311.1972961425781,7926000
2021-10-01,312.7980798568656,317.16766749517427,310.63627825268213,315.69580078125,6219800
2021-10-04,315.171383943611,316.4776727745635,310.99499907706,312.7796325683594,7037700
2021-10-05,313.8100754685017,317.25054274168644,313.20292923084605,315.64990234375,3826100
2021-10-06,313.2120772032834,316.7261245243296,311.3630425651954,316.560546875,6276300
2021-10-07,319.0901638952476,321.7579055297231,318.9981669960908,319.789306640625,5310400
2021-10-08,320.05610616380125,320.5528389132139,318.82339818218543,319.69732666015625,3658300
2021-10-11,319.8170453541551,321.56487492259504,317.24127139803744,317.3516845703125,4098400
2021-10-12,317.82069331758,318.3818547750609,315.70490491373243,316.2476501464844,5100300
2021-10-13,316.40413052989203,316.9652640607754,313.8007606653265,316.34893798828125,4189100
2021-10-14,319.4029443647616,321.2519782438042,318.84181098120905,321.169189453125,4473900
2021-10-15,323.5957660967133,324.9116756188626,322.9240226213236,324.7000427246094,4206800
2021-10-18,323.3105611195352,324.9577651757192,322.307523232318,324.3780212402344,3310600
2021-10-19,325.4547164528059,326.2276990625556,324.6541002413125,326.1816711425781,2380900
2021-10-20,326.2276167017229,328.13245318491465,326.09877225782895,327.6263427734375,2873800
2021-10-21,327.03753731641467,327.6816755264085,326.0344711532477,327.5620422363281,2243800
2021-10-22,327.5712247624046,329.0895845108902,326.97308644729566,328.27978515625,3872300
2021-10-25,328.8502411710658,329.33798537648823,327.86562581026914,329.02508544921875,2518200
2021-10-26,329.9546195573427,330.295097019862,328.85955372317267,328.97918701171875,3182200
2021-10-27,329.52206170234723,329.71530032371305,326.64176436740144,326.6601867675781,3542100
2021-10-28,327.36877300028715,328.86873842114676,327.36877300028715,328.79510498046875,2490500
2021-10-29,328.1968831759263,329.9176923151892,327.95764476190806,329.6508483886719,2979600
2021-11-01,330.773573028695,331.32568336824403,329.4208465309464,330.4790954589844,2548400
2021-11-02,330.73676956554516,332.08949611750234,330.16623680319674,331.8042297363281,2629000
2021-11-03,331.19678968055956,332.97280971840723,330.26735735437427,332.71514892578125,3557400
2021-11-04,332.5127309399732,332.7979972704028,331.16000462864616,332.5219421386719,3870900
2021-11-05,334.00362582704327,335.8256747144695,333.0190100529021,334.3164978027344,4489000
2021-11-08,335.93602076485223,336.46976490127037,334.3440276390284,335.25506591796875,3056000
2021-11-09,335.135378337899,335.23658919530976,332.95445847482455,334.2979736328125,3680600
2021-11-10,333.59861678425744,334.7121047810296,331.53733005126696,332.2643127441406,3529000
2021-11-11,332.3748303362891,332.43925258594226,330.70923154512576,330.7828369140625,2461200
2021-11-12,331.91453144870707,332.88075231419026,330.8930714841595,332.45745849609375,3099800
2021-11-15,333.67229209997805,333.7919253777002,331.8962715014559,332.4207763671875,2555000
2021-11-16,332.95454473160345,334.5373268104945,332.8441226465766,333.0557556152344,2728600
2021-11-17,332.60481119269014,332.73362758019556,330.8563962221864,331.14166259765625,2976000
2021-11-18,331.3072622775598,331.3256565930827,328.6386262146665,330.6815185546875,3438100
2021-11-19,329.98170689602654,329.98170689602654,327.6674280033889,328.1560974121094,3542200
2021-11-22,329.603707379485,331.2264433849658,328.3220861213545,328.42352294921875,4929200
2021-11-23,328.4973175775898,330.4243361952399,327.63061643922583,330.10162353515625,5789300
2021-11-24,328.294489555819,330.26762616613183,328.0547553147622,330.1108703613281,4246700
2021-11-26,323.01109653316286,324.0529831265898,320.2726973444703,321.8032531738281,9075000
2021-11-29,325.0950215639501,325.26097840737225,321.7112239925261,323.80419921875,5243000
2021-11-30,321.50817669384236,322.7160198592931,317.5065877283805,318.0044860839844,9543500
2021-12-01,320.89978410511907,323.05730709443066,313.7817900119338,313.9108581542969,8415000
2021-12-02,315.1557350151638,320.8169527775275,314.5656566950455,319.5814208984375,8326400
2021-12-03,320.7338104723607,321.3239166805928,316.3265567291982,319.2401428222656,11365300
2021-12-06,322.0247396974227,326.4135361111491,321.6282496812931,325.30712890625,7026500
2021-12-07,328.1746211421431,330.64562836023777,328.04555295442077,329.8434753417969,5271500
2021-12-08,330.23992908322424,330.8853262265314,328.6263940182285,330.0739440917969,3355600
2021-12-09,328.9306366125052,331.1711384704126,328.56183423826076,330.1845703125,3774500
2021-12-10,331.5491149803744,332.2314006662938,329.72350554503385,332.13922119140625,3855200
2021-12-13,331.40161101016486,331.9179399110953,328.801508099027,329.197998046875,4563000
2021-12-14,327.97163313199184,330.46109767976566,327.2893475299571,328.3957824707031,4079700
2021-12-15,328.082364428206,331.89954073678825,326.80077125905524,331.75201416015625,9274900
2021-12-16,333.0981423079972,334.241466197221,330.36897109279073,331.4108581542969,9493700
2021-12-17,329.1218680314571,329.70381692565877,325.8057121475585,326.6555480957031,10638300
2021-12-20,322.7297062625558,322.9698827870071,320.106341527583,322.6280822753906,7303400
2021-12-21,325.2976573548297,327.90255787377674,324.6972442198271,327.837890625,4693300
2021-12-22,327.8749018484498,330.2858010216841,327.1544003287746,330.1287841796875,2999500
2021-12-23,331.0524428224451,333.00148095521655,330.8399768055706,331.94842529296875,2655000
2021-12-27,332.5949901326657,335.2737754682376,332.2624640946091,335.2368469238281,2594300
2021-12-28,335.41252334590234,337.2692127090038,335.20933166411504,336.22540283203125,3048500
2021-12-29,336.14222815109383,337.7495226341958,336.0406323232337,337.0105285644531,3012200
2021-12-30,337.7955569086081,338.7469884734443,335.86498327470673,336.29913330078125,2863200
2021-12-31,335.7818935558827,336.9180525604171,335.2276552125879,335.60638427734375,3133800
2022-01-03,336.5486242775677,337.94345249948896,334.6642248808261,337.7864074707031,5624100
2022-01-04,339.31969409774655,341.0470479863895,339.19960584842187,339.80926513671875,5462200
2022-01-05,339.66152379527534,341.3149926813635,336.2160616670127,336.3176574707031,7638000
2022-01-06,336.3361490623721,336.8349664575733,334.3501539050216,334.74737548828125,7019800
2022-01-07,334.2855757187598,336.11452618469343,333.5835383820826,334.67352294921875,5806300
2022-01-10,333.5280500110222,333.6666025653557,329.25121596559745,333.2694091796875,8091800
2022-01-11,333.17694417826044,335.07980726551347,330.4150272893283,334.8858337402344,7310900
2022-01-12,335.9850887389469,336.7517648550546,334.0822255117711,335.26458740234375,4493200
2022-01-13,336.4284833920449,337.2783192819292,332.9553109209871,333.6481018066406,6418100
2022-01-14,330.8862180103597,332.3549315790624,329.2142846163796,331.74530029296875,8575400
2022-01-18,328.22588468004926,328.2535951920976,325.72260779255953,326.8587951660156,8166100
2022-01-19,327.83792981027636,328.42909678333274,323.49642842644073,323.6257629394531,7386500
2022-01-20,324.6695249536746,327.9671880857972,320.355734713214,320.8360595703125,8968700
2022-01-21,320.8526611990402,322.4796277581321,316.27686006761996,316.4709777832031,16301600
2022-01-24,312.8473897216652,318.10727344896003,306.3025935560379,317.8207092285156,29707000
2022-01-25,314.53911864306764,319.65109446219316,309.99101824085585,317.0350036621094,18657900
2022-01-26,319.88205757992284,321.6938888248873,312.93974652642635,315.64825439453125,19047300
2022-01-27,318.3661360441325,321.3519842883878,314.1970748005615,315.7315673828125,12854100
2022-01-28,316.01789396100827,320.93574800212343,312.35724862853266,320.87103271484375,12008900
2022-01-31,319.64172662482827,324.79990971465116,318.6618566177627,324.54107666015625,8379100
2022-02-01,325.077348268058,327.4900398117902,323.2470101167918,327.18499755859375,7636000
2022-02-02,326.8614161359724,329.69935542140126,326.0941699208805,329.1169738769531,8856400
2022-02-03,327.99836125424764,328.36811870830996,324.07885325126784,324.4486389160156,9339900
2022-02-04,323.9125120359133,326.54708010779564,321.5275521437954,324.34698486328125,8532300
2022-02-07,324.70758795197753,326.4639576442251,323.3856629707053,324.3747863769531,4746200
2022-02-08,325.0218622150339,328.4883922552738,324.27309398319755,327.7396240234375,4568400
2022-02-09,330.33711731776606,331.03042313491096,329.6992737091379,330.6329345703125,4781700
2022-02-10,327.9614950907856,330.9935524425399,324.4949648161871,325.9000549316406,10298500
2022-02-11,325.8166773414917,327.6285364521124,320.0576363568663,321.0375061035156,8211500
2022-02-14,320.51068480896606,321.277930897229,317.256779394453,319.7434387207031,7315100
2022-02-15,322.5535694099704,324.2452512854199,322.01742536096066,323.7460632324219,4932200
2022-02-16,322.3965477737131,324.208379580943,320.50149441986855,323.2377624511719,4496500
2022-02-17,321.166999264755,321.4258323236167,316.9424487945054,317.7004699707031,4433500
2022-02-18,317.4588057425944,318.6623702443608,314.4684710664998,315.6812744140625,6193700
2022-02-22,313.65387917383015,315.0148153692158,308.8304087021859,311.08013916015625,7942700
2022-02-23,313.0705213745742,313.163107613719,306.2751095709743,306.92315673828125,5732600
2022-02-24,298.868650513466,308.0526287001012,298.7482912327374,307.68231201171875,14167100
2022-02-25,308.92285318237333,315.7182639376491,308.34885814292005,315.2738952636719,9496300
2022-02-28,311.02446641363713,314.60733029996095,309.950528306967,314.1629333496094,8217300
2022-03-01,312.2465773936572,313.86673788299373,306.74728752958373,308.4415283203125,8532900
2022-03-02,310.3949091462583,315.1906047980178,309.85795419859346,313.8481750488281,6836200
2022-03-03,315.43138343085076,316.7090003491802,311.70038603699874,313.0428161621094,7790700
2022-03-04,309.7839370484724,311.8762676829803,308.1082304219646,311.5059509277344,6025000
2022-03-07,310.33020278063356,310.45053383567705,303.97915851386335,304.0995178222656,6590800
2022-03-08,304.1180388545035,309.589556333807,301.8683367967265,302.303466796875,8209800
2022-03-09,308.40441077080305,310.1819702644748,306.9694231417227,308.66363525390625,4669200
2022-03-10,304.8864126919034,308.1545064629783,304.2938833408389,307.4693908691406,3317400
2022-03-11,309.31178915174104,310.8208574469167,305.2289813158437,305.53448486328125,6923400
2022-03-14,307.13615793435747,309.77471083480435,304.3957799297419,305.580810546875,5640600
2022-03-15,307.3675146424281,311.8576782630251,306.5435339481944,311.24664306640625,6648500
2022-03-16,314.0241284442372,316.0886859234151,309.71913634510605,316.0331115722656,9577100
2022-03-17,314.7184118249687,319.94920871015967,314.4128801027683,319.8196105957031,6032900
2022-03-18,318.83806641982665,322.3825742082867,317.93802184143016,322.1506042480469,5903900
2022-03-21,321.6123979221419,322.8372060314241,318.54111810642615,320.52679443359375,4329900
2022-03-22,322.08558806643646,323.5702012088938,321.844330289753,323.03204345703125,4430800
2022-03-23,320.8143007923586,321.45453984018155,318.58739590788554,318.64306640625,4098700
2022-03-24,319.64515886889393,322.0298156738281,318.67089684558937,322.0298156738281,3550000
2022-03-25,322.71651755677726,324.12691268892223,321.22264497423146,323.4031677246094,3206200
2022-03-28,322.67010561742103,324.28460693359375,320.4710356683897,324.28460693359375,2962400
2022-03-29,327.2259704754631,328.2002325720256,324.8784365979033,327.51361083984375,4711800
2022-03-30,326.75281084258097,327.977618768172,325.1661445806249,326.7249755859375,3909800
2022-03-31,325.750696020955,326.214635818182,321.75153723418936,321.81646728515625,3978900
2022-04-01,323.04120430805807,323.22679151290777,320.34107188229626,322.91131591796875,3560200
2022-04-04,322.5680582054633,324.08976593267664,321.0741574152626,324.0526428222656,3829900
2022-04-05,322.7349658126115,325.7319976515124,320.5822791680827,321.3616943359375,4331700
2022-04-06,318.8100701044432,321.10193328650166,317.98427218781205,319.88641357421875,5431300
2022-04-07,318.97723825695203,322.0670939413136,317.23284796640667,321.0185852050781,4599900
2022-04-08,320.7772518507242,323.94132471691006,319.79370173004924,322.3175354003906,4535900
2022-04-11,320.4525904518727,322.0485450214029,318.02154963103374,318.4483947753906,5344400
2022-04-12,319.5709989075732,321.74223365449825,316.40692624710573,317.5389404296875,4501400
2022-04-13,317.04716239099525,321.0927035947249,316.9079861232773,320.8236389160156,3605000
2022-04-14,321.8223512963874,323.6973691823249,319.5389436826647,319.5760803222656,4179600
2022-04-18,319.18631045910644,321.2284013344327,318.0353292349941,319.3998107910156,3939000
2022-04-19,319.5761679789067,324.63493884255024,319.53903132911955,324.0594482421875,4261200
2022-04-20,325.8601537170135,327.72588064618304,325.1361449325084,326.2964172363281,5677000
2022-04-21,328.5519095959487,329.40588229295736,322.2585950977792,322.75054931640625,5369600
2022-04-22,321.47897579058497,321.543957840379,313.49629639119587,313.9882507324219,6855100
2022-04-25,312.29892955898055,316.59655472077867,309.2822213282133,316.1138916015625,6806600
2022-04-26,313.76553414219273,314.7123063187737,308.4189893168751,308.5860900878906,7619800
2022-04-27,309.91334989136055,312.80938476697895,307.3143231701189,309.1243591308594,6894400
2022-04-28,311.17578926337603,316.0953615964433,308.6231897961227,314.9350891113281,5976600
2022-04-29,313.38486876452384,314.8793140555508,305.47646381949687,306.02410888671875,6495600
2022-05-02,306.6368195273533,308.4839642680379,301.16960195387924,306.9988098144531,9221700
2022-05-03,307.40718591968965,309.4864132008912,305.4857681394973,307.47216796875,6051000
2022-05-04,307.98268055457163,316.68010586508973,306.4975546115099,316.1417236328125,10569700
2022-05-05,313.579775940568,313.9603486002173,303.4251002722603,306.53460693359375,9101200
2022-05-06,304.21409337620423,306.9152105793779,301.4387312127294,305.4486389160156,10644200
2022-05-09,301.6523092222901,302.94251756951587,298.3014273635865,299.4431457519531,7817200
2022-05-10,303.063122260442,304.09343045740343,296.157179321643,298.72833251953125,7716500
2022-05-11,298.64486533999946,302.6640653461109,295.32185719601824,295.6003112792969,9374700
2022-05-12,293.8738785691602,296.50072352891175,290.09602381516504,294.8392333984375,6790800
2022-05-13,297.3358213380436,299.8420192616004,295.962077927541,299.0994567871094,4236700
2022-05-16,298.61696851939,302.1999042935202,296.7512698287031,299.61016845703125,3692600
2022-05-17,303.36935822562555,303.8706036817951,300.2412693172395,303.6199951171875,3316800
2022-05-18,300.9374155433625,301.1045162372809,291.8594486878387,292.8990478515625,3659000
2022-05-19,289.71537106153534,293.6417430392047,288.51796201978436,290.69927978515625,3836700
2022-05-20,292.8905121908557,293.1510318504858,284.9725317869529,290.6853942871094,4654000
2022-05-23,293.3834931407774,297.41224664932895,292.88105247873546,296.6585998535156,4484600
2022-05-24,294.54658757336756,297.87751850182843,291.8018044013126,297.17041015625,5260500
2022-05-25,295.8585432676457,300.1013075558939,295.3654158339746,298.928955078125,4612800
2022-05-26,300.4828393850659,304.96749726363896,300.43630077721247,303.7393493652344,3270200
2022-05-27,304.29756960011645,309.0241768823802,304.08358855652006,308.9683532714844,2773100
2022-05-31,307.2004512396661,309.4148534240088,304.8650600737305,307.2283630371094,4354000
2022-06-01,309.28468238723855,309.787123256835,303.41366295559203,305.51641845703125,3721400
2022-06-02,305.6932074888296,309.6289423059572,302.7251292223798,309.61962890625,3718800
2022-06-03,306.92122227091124,308.65183843015643,305.86054585901604,306.4374084472656,4150900
2022-06-06,308.52162523918366,309.59161525660556,305.6745085274863,306.530517578125,1957600
2022-06-07,304.0835578214444,309.3404888758765,304.0835578214444,309.0613708496094,2424000
2022-06-08,307.5633561777631,308.8380424655819,305.7024936508432,306.4654541015625,2032900
2022-06-09,305.33038759247137,307.03306464989305,300.52935791015625,300.52935791015625,2591500
2022-06-10,296.1656274630465,296.59361797219094,292.45321512790593,292.4997253417969,4484700
2022-06-13,286.10745392727335,288.0799625624498,282.99981864805284,284.3210144042969,6317200
2022-06-14,285.27935867929466,286.0423187091098,280.92494958319224,283.13006591796875,3724000
2022-06-15,285.0841409250628,289.0663857013744,281.2321701584179,285.8564147949219,7060900
2022-06-16,280.4040509408694,280.67388394389263,277.2871006892787,279.03631591796875,4943500
2022-06-17,278.161594465884,281.24844273252074,276.40836187041623,278.5812683105469,4738000
2022-06-21,282.6472534738603,285.80872362058193,282.21827324699115,284.7082824707031,3246500
2022-06-22,281.20172332574964,286.93710252229874,281.0151953599384,284.0740661621094,6361200
2022-06-23,285.06246124330465,286.35873591869273,282.36728457394656,286.060302734375,3582600
2022-06-24,288.3546461917596,293.8755210628006,288.28002362151295,293.7822570800781,3314800
2022-06-27,294.13664223590393,294.59362721179053,292.25283501544516,293.166748046875,1896500
2022-06-28,294.69620467830316,297.26080772534533,288.38262851361037,288.4851989746094,3025900
2022-06-29,289.4737180471484,290.48092348754477,288.00955610629984,289.1473083496094,2462800
2022-06-30,286.0697261755791,288.9327617243852,283.73826956453115,287.0675964355469,4117800
2022-07-01,286.6759495101063,290.3223517048983,284.223252171243,289.89337158203125,3315000
2022-07-05,285.92985124574943,288.8768158871588,283.1134333783668,288.8301696777344,3767700
2022-07-06,289.10076129268845,291.2363845627003,287.1796423815577,289.4831237792969,2493300
2022-07-07,291.46947847455067,293.08282873759464,290.60215471526715,292.784423828125,2267500
2022-07-08,292.36476490141564,293.8942146530115,291.12444205764376,292.32745361328125,2094300
2022-07-11,290.6488459345378,292.5886062171686,290.1918893328986,290.6861572265625,2633200
2022-07-12,289.6230661885155,292.4114811368703,287.79521089683095,289.0728454589844,2806000
2022-07-13,285.54755335991746,289.04473914835484,284.5403479151518,287.00238037109375,3481200
2022-07-14,282.2557078269748,286.17254120526417,281.14593125474585,285.7435607910156,2893100
2022-07-15,289.97727222221454,291.81522976779263,288.42853396540664,291.7032775878906,3027500
2022-07-18,294.5953537818871,295.1458040432103,288.9695317374494,289.8278503417969,2344900
2022-07-19,292.0858014530853,297.0585339514819,291.70327918827473,296.7879638671875,3004900
2022-07-20,296.90912415676013,298.0193635781544,295.2391240792492,297.3756103515625,3243000
2022-07-21,296.34029548640956,298.9805972342157,294.2411056913824,298.9339599609375,2159800
2022-07-22,300.1933852757506,300.60389565120573,296.06963231216025,297.6743469238281,3264100
2022-07-25,298.6166188669862,298.9151770042192,296.91860149255336,298.51397705078125,4002500
2022-07-26,297.5157447078844,298.0661953077126,295.84571522808704,296.2562255859375,2101700
2022-07-27,297.50642578509826,301.76078025848255,296.7227319054828,300.4266357421875,3338100
2022-07-28,300.83712261297893,304.2611172072832,298.3740604935019,303.4307861328125,2688400
2022-07-29,303.7014016462609,307.2000508678472,303.1416405484713,306.6309509277344,3225600
2022-08-01,304.9982565346681,307.61990881400186,304.56909685693404,306.0525207519531,2745500
2022-08-02,305.0540681155658,305.809773683325,302.18983525046775,302.3204650878906,5394600
2022-08-03,303.86926248341507,307.0786913002209,303.34679997575563,306.16436767578125,2564600
2022-08-04,305.7259268217084,306.3510027917904,304.66232392754875,305.41802978515625,2426400
2022-08-05,303.28150588032696,306.19237675786115,303.15087600840195,305.98712158203125,2672400
2022-08-08,307.70376934330375,308.92596148300146,305.74452068959704,306.4069519042969,2528800
2022-08-09,306.2762866631602,306.89205208160365,305.2593498041162,305.93109130859375,1655100
2022-08-10,310.3068486474108,311.4543873009034,309.70973221626133,310.86663818359375,2934400
2022-08-11,313.3109029011458,314.2251979365608,310.8478412754708,311.3423156738281,2401600
2022-08-12,312.35934179350113,315.2702414027833,311.79024194324796,315.1862487792969,2606900
2022-08-15,313.58145506819864,317.0707924889718,313.5348178198634,316.6229553222656,1936500
2022-08-16,316.10984189155994,320.0936253837163,316.04452696413045,318.8341064453125,3897100
2022-08-17,316.90283398176297,319.1326238198404,315.9978493683008,317.3973083496094,2960300
2022-08-18,317.3974472777663,318.14381433899706,316.24988016084745,317.751953125,1850900
2022-08-19,316.28058112797925,316.57035859572454,314.32690817281707,315.0560302734375,2010300
2022-08-22,311.38227148178015,311.76553189797187,308.6247077950533,309.1855773925781,2684500
2022-08-23,308.76492770664856,309.83058282793166,307.2038724666107,307.6431884765625,2897200
2022-08-24,307.4750583102948,309.43808847935236,306.9141884724176,308.3443908691406,2581700
2022-08-25,308.5593950483957,311.4197998046875,307.5404953108822,311.4197998046875,2498900
2022-08-26,311.73753671103924,311.9058175845049,301.7635216384329,301.8663330078125,4191000
2022-08-29,299.63235179549804,302.2403497224514,298.89387262926846,300.15582275390625,2896900
2022-08-30,301.0811391886667,301.1559370303837,295.92120066390186,297.2953186035156,2926300
2022-08-31,297.6878984465926,299.28638133611236,295.0144604897409,295.0611877441406,2981600
2022-09-01,293.7898694803398,296.5567900938089,292.30358355370225,296.3791809082031,3228000
2022-09-02,298.9124630487914,299.8285511990327,291.9390618642762,293.29449462890625,3826200
2022-09-06,294.0328756673181,294.6405010214369,290.64900151212703,291.836181640625,3320400
2022-09-07,291.31271752464767,296.26700379805493,291.1351083443734,295.69677734375,2520200
2022-09-08,294.16380504447017,297.6318059172067,293.2196749053386,297.48223876953125,3301100
2022-09-09,299.2021851152447,301.8756512281219,298.6600292259692,301.2586975097656,2479300
2022-09-12,302.20281404105776,304.4369069940381,302.1280162153192,303.3993225097656,2486900
2022-09-13,298.00576884716855,298.74424787113315,290.5556231996382,291.3969421386719,4301200
2022-09-14,291.98571226766944,293.0326821039531,289.34031694252593,291.7052917480469,2868800
2022-09-15,291.3035137870524,293.07022113132155,289.34048343906517,290.1163330078125,3294600
2022-09-16,286.7637275291523,289.219341292049,286.19201332455856,288.72259521484375,4071000
2022-09-19,286.21070021282827,290.7282942572798,286.13573209801075,290.6907958984375,2730000
2022-09-20,288.38508641136434,288.66625253607174,285.4701974385462,287.7571105957031,2822800
2022-09-21,289.16311439317417,290.8033175184428,282.78976511899384,282.8741149902344,5110700
2022-09-22,282.63976572048824,283.96130408084787,281.0745595183889,281.6650085449219,3492500
2022-09-23,279.1343803269979,279.3030800207123,274.0544258165287,277.2973327636719,4949300
2022-09-26,276.11642106447607,277.65351047192274,273.2109133494491,274.3543701171875,4143400
2022-09-27,276.28504618484845,277.9252484808851,271.33632268720646,273.02337646484375,3681000
2022-09-28,274.00759515904184,279.3312178753715,272.78914164955387,278.11279296875,3995700
2022-09-29,276.2757842049147,276.3507809314144,271.6644866256515,273.87640380859375,3351100
2022-09-30,272.93900622664734,275.04783759243065,269.03065477966163,269.2743225097656,3827200
2022-10-03,272.32991019022865,277.77538144102675,271.30830154726476,276.2945251464844,3457600
2022-10-04,279.8748563801487,284.1581362644972,279.7155383904604,284.12066650390625,4163800
2022-10-05,280.9245324559121,285.4420972015912,280.0528602135901,283.79254150390625,2746900
2022-10-06,282.555536693783,284.2800902170593,279.87496046535034,280.4560852050781,3081700
2022-10-07,278.11275505822476,278.2627198667749,273.1546490485918,274.5886535644531,3029300
2022-10-10,275.81635271179294,276.41621171256224,271.88923841236374,273.64190673828125,3154500
2022-10-11,272.9109829440973,277.5598067164407,272.4798519484625,273.95135498046875,3849900
2022-10-12,274.110725550577,276.08835667179727,273.0891167980767,273.8295593261719,4378700
2022-10-13,269.1244295689466,282.7990281673179,268.63703682473533,281.7024230957031,7389600
2022-10-14,283.5581713260592,285.2639599178852,277.6065746189584,278.1970520019531,5519400
2022-10-17,282.0118520290508,284.1862709996159,281.15894297387814,283.1084289550781,3555700
2022-10-18,288.91940338893494,289.03186986713223,284.02691136727526,286.304443359375,4685500
2022-10-19,285.2452874502556,287.410352592988,283.32391870375125,285.2546691894531,2939800
2022-10-20,285.70459136034026,289.02249556691754,283.7457238736598,284.27996826171875,3574700
2022-10-21,284.234932283531,291.8500670291168,283.2314850133236,291.5499572753906,5357200
2022-10-24,293.09733260582976,296.3515741375212,292.22516553809515,295.46063232421875,4331700
2022-10-25,294.8040808733887,298.9586216518275,294.57898433832844,298.6866455078125,6024800
2022-10-26,298.2084343240488,301.7158769105206,298.01147123996947,298.58355712890625,4991800
2022-10-27,301.56584999659174,303.7322151618373,300.02783776821,300.53424072265625,4262200
2022-10-28,301.7627913755222,308.44010400122164,301.4720690216831,308.14935302734375,5251400
2022-10-31,306.59261269465486,308.37446779345817,305.59849558938606,307.0615234375,5128200
2022-11-01,308.8901392931161,309.3215289969115,304.6042898840154,306.11419677734375,4376400
2022-11-02,305.2233078615714,310.1843904802929,301.3407426182496,301.37823486328125,7110300
2022-11-03,299.493239221121,301.83779248162756,297.45815439818585,299.98089599609375,4112700
2022-11-04,303.48837029671995,305.8610859200571,299.48388321163713,303.9854431152344,6263700
2022-11-07,304.92336608628773,308.49646453005545,303.9949031270077,307.9994201660156,4518300
2022-11-08,308.9840364103568,312.81972273294394,307.87741396052314,311.0847473144531,6349000
2022-11-09,309.20908424461055,310.2969604976118,304.75443261673587,305.1108093261719,4799200
2022-11-10,313.4387178592333,316.5053840076254,311.24421887872677,316.2897033691406,6002300
2022-11-11,316.8898592674008,317.3306364895802,313.36367011000493,316.7867126464844,5190700
2022-11-14,315.773674316727,318.7371918616815,314.6951859815119,314.8921203613281,3303300
2022-11-15,317.4431326091356,318.9717859551619,312.68840022062017,315.3049011230469,4824100
2022-11-16,314.798522183238,316.2802674036095,314.685959574316,315.17364501953125,3085500
2022-11-17,312.04138907120813,315.8395550764121,312.04138907120813,315.20184326171875,3606500
2022-11-18,317.1197586210461,317.7681715091138,315.05237973170904,317.0351867675781,3659100
2022-11-21,317.3076834443905,318.2380024176037,315.3060637448101,316.73443603515625,2304100
2022-11-22,318.4634517342021,320.5590203454954,317.99358918592884,320.4086608886719,4389400
2022-11-23,320.0798540579967,321.9311142392445,319.49722889972014,321.339111328125,3108500
2022-11-25,321.4706831011004,323.0776056274699,321.41430186706253,322.8144836425781,1498300
2022-11-28,321.09484089521624,322.3070949428195,317.58027634642696,318.08770751953125,3089800
2022-11-29,317.5614418564516,318.91464891554955,316.3209972725873,318.07830810546875,2943600
2022-11-30,318.2380388850115,325.3235772749683,315.9169157233781,325.2859802246094,6940400
2022-12-01,325.84980251872577,325.859208950311,321.0947939961216,323.6508483886719,5325900
2022-12-02,320.31470769895594,324.5904744295815,320.31470769895594,323.9608459472656,3736500
2022-12-05,321.8090300694539,322.61718028698976,318.5951560301143,319.5348815917969,3827200
2022-12-06,319.29041974734105,320.11738250890977,314.54481897542865,316.179931640625,5516300
2022-12-07,315.87937918965116,317.93735188434835,315.31553809002264,316.1612854003906,3577100
2022-12-08,317.3829057179351,319.17778500300733,316.7438992113127,318.05950927734375,3278400
2022-12-09,317.31714774964456,318.6703261946903,315.04299923817524,315.15576171875,3815500
2022-12-12,315.8793726741681,320.11751557166434,315.8041785674222,320.0893249511719,5017300
2022-12-13,327.19356542116645,327.23116246503935,319.0367562673933,321.20751953125,5274300
2022-12-14,321.1794095609721,323.8858238365241,317.2889605484778,319.71343994140625,5498400
2022-12-15,316.29288489554807,317.03527627867874,310.8424869379049,312.74072265625,5865600
2022-12-16,310.141119922395,311.280747895417,307.4662751899325,309.8397216796875,6672200
2022-12-19,309.74550722727736,311.12059708197665,306.76926448183826,308.3421630859375,3709600
2022-12-20,308.5399896328628,310.68740197020907,307.4286158668065,309.2840576171875,4721700
2022-12-21,312.2602958957371,314.88803113705694,311.8647070864102,314.20050048828125,5086800
2022-12-22,312.22263092822374,312.5522834967926,306.71281404561194,311.05474853515625,4876900
2022-12-23,310.45192745357315,312.87248366737276,308.982646900019,312.6275939941406,3997900
2022-12-27,313.013768414114,314.40771383515767,311.346707761391,313.0420227050781,3098900
2022-12-28,313.34339106199525,314.332319894266,309.4629821777344,309.4629821777344,3102400
2022-12-29,311.3090042920915,313.49409845213825,310.93227085761555,312.7500305175781,2458800
2022-12-30,311.3937959362886,312.1284362614294,309.2558112222957,312.0625,3881800
2023-01-03,313.08912190897234,314.41710228291123,309.25579368615234,311.9588928222656,3910700
2023-01-04,313.22100830078125,314.6149538650016,310.99826053551146,313.22100830078125,4137300
2023-01-05,311.72339860932897,311.8929243319394,309.020299752568,310.0751647949219,4350100
2023-01-06,312.863057397612,317.5157887524427,310.725072814749,316.7246398925781,4800800
2023-01-09,318.0525736599487,319.6725529634159,315.4436657016475,315.7921447753906,3864000
2023-01-10,315.4719726553309,317.71354656339673,314.85034957828293,317.619384765625,2277500
2023-01-11,318.7214213703098,320.0494307657896,317.52528451787833,320.0023498535156,3265800
2023-01-12,321.05719523985834,323.053908677129,318.2975871165158,322.112060546875,4332600
2023-01-13,319.4371778189759,323.51536709749877,319.39006817223736,323.091552734375,3473400
2023-01-17,322.451029791006,322.8183642646686,318.9379555571299,319.4371337890625,3929700
2023-01-18,319.8233501123996,320.41671898439154,313.3528585900524,313.6071472167969,5164300
2023-01-19,311.80821652737245,313.12679806314,310.78160559084915,311.4032287597656,3454200
2023-01-20,311.84625866395936,314.5893628736085,310.4605674398537,314.5328063964844,4120200
2023-01-23,315.49433824927655,318.3788340446415,313.94838428455216,316.88946533203125,3985300
2023-01-24,315.7488058144628,318.3505188839749,314.56109100352796,317.7660827636719,3360900
2023-01-25,315.07008305830203,318.2751034204309,313.47700854555677,317.97344970703125,4318600
2023-01-26,319.0386709878845,319.99072424656515,316.9177166849381,319.8964538574219,2930900
2023-01-27,319.934071422476,321.95134782698636,318.765199497485,320.13201904296875,2907400
2023-01-30,319.0480621180262,320.90507649994294,317.53041536679245,317.7283630371094,3032700
2023-01-31,318.2375266977515,321.31053532994423,317.21004526289164,321.2822570800781,2593500
2023-02-01,319.6701932731178,323.5821694764466,316.3332174768289,321.31982421875,6175400
2023-02-02,321.92310327188903,321.92310327188903,318.6238416712558,320.905029296875,5169400
2023-02-03,319.3402925976666,322.07399001762815,318.5767513580254,319.53826904296875,6504300
2023-02-06,318.28448207949964,320.084939764539,317.3795497868784,319.06689453125,2708400
2023-02-07,317.624654286728,322.677224200944,316.908233956365,321.9325256347656,4969600
2023-02-08,320.84856081307464,321.87604196981795,319.40631292570095,319.95306396484375,2769500
2023-02-09,322.14939406652724,322.91293531801614,316.78573396781155,317.7472229003906,3094700
2023-02-10,317.42675682232266,319.56658267795234,316.682086838202,319.3026428222656,2523900
2023-02-13,319.44400734030506,322.9129390872255,319.44400734030506,322.90350341796875,2653900
2023-02-14,321.9324611112695,323.8271888329884,319.00084577261816,321.57427978515625,3501100
2023-02-15,319.99068094874923,322.073949827979,319.20829723602014,322.06451416015625,1967700
2023-02-16,319.08578284698535,321.3387213849837,317.9640314124036,318.0394592285156,3229600
2023-02-17,316.9837921755973,319.54254162475326,316.3794961265922,319.4103698730469,3034200
2023-02-21,316.0397424851246,317.19165713084755,312.6217742715101,312.7633972167969,3142900
2023-02-22,313.2354317154394,313.87747481826284,311.06380347347766,312.0740661621094,2896400
2023-02-23,313.3298290780122,314.1795953235151,309.67581405225127,313.1598815917969,5999600
2023-02-24,309.5341294170131,310.7710461625175,308.2122677518604,309.8079528808594,3764700
2023-02-27,312.27227661916936,313.45251528154495,309.88347471909805,310.6954650878906,2887300
2023-02-28,310.51611034144537,310.51611034144537,308.2878332632375,308.344482421875,3155300
2023-03-01,307.8440728974543,309.5247318951544,307.14535189285556,308.75048828125,3317500
2023-03-02,309.28871108576124,312.71612967213036,308.5616654374841,311.99853515625,3047500
2023-03-03,313.0181987843093,315.7657981296135,311.97961170652474,315.5580749511719,3033500
2023-03-06,315.95463303133926,317.36146837441345,315.5297355635166,316.0018310546875,2641700
2023-03-07,315.9925008998465,316.22854871427677,310.37455139063417,310.51617431640625,5009200
2023-03-08,310.5632810628424,311.11089910218914,308.3727512766167,310.1572570800781,3169600
2023-03-09,311.3186671145849,311.99848580778007,304.4071818695045,305.0492248535156,4760900
2023-03-10,304.5394051518939,306.73935773430617,300.6587647513447,301.88623046875,7741600
2023-03-13,299.08200705082703,305.1342759653447,298.9875821700508,301.02703857421875,6831600
2023-03-14,304.22773574911974,305.6440220708532,300.92306766507505,304.2088623046875,4760500
2023-03-15,299.21423020844935,301.9618304685688,297.3919478357319,301.7069091796875,6518000
2023-03-16,299.93175295849846,305.5119259042027,298.77038751420406,305.20977783203125,6569900
2023-03-17,303.62682997972195,303.97710574709544,300.2565669174331,301.525146484375,5314900
2023-03-20,302.3109082200181,305.54864789038595,302.3109082200181,305.12261962890625,4695000
2023-03-21,308.07639310908496,308.47399256452576,306.10723283558315,308.2657165527344,3527300
2023-03-22,308.2940712685145,310.1022789029867,303.00200075819777,303.1156005859375,4378700
2023-03-23,304.20444587815786,307.6977866645292,301.5252857218272,303.7405700683594,4772600
2023-03-24,302.4245358033927,305.2740945515028,300.96660388436237,305.1415710449219,4484900
2023-03-27,307.2905275206757,308.2183074780449,306.0692717495565,307.02545166015625,3550900
2023-03-28,306.7225237562605,308.29405537153815,305.6338202750856,306.5521240234375,2536500
2023-03-29,309.174505779049,309.73308642984324,307.95327871227164,309.6478576660156,2531700
2023-03-30,311.35194233357106,311.41821853172684,309.307058711397,310.9732666015625,2487000
2023-03-31,312.0240670873751,315.0724541381765,311.948343503929,314.892578125,2837300
2023-04-03,315.8109641422432,318.3292000916863,315.7352405390688,318.00732421875,3450700
2023-04-04,318.0073727053177,318.33872491333887,314.90218446171286,316.1423645019531,2449900
2023-04-05,316.1990987097159,317.5718309042709,315.97189902166645,316.97540283203125,2566600
2023-04-06,316.5304109093297,317.4392384379622,315.51743094274315,317.05108642578125,2333300
2023-04-10,316.19903427613906,318.0545654296875,315.6594062358747,318.0545654296875,2834200
2023-04-11,318.3860281705997,319.8628841375412,318.10202851969325,318.944580078125,2343100
2023-04-12,320.5634213912261,320.9421260968146,318.05466161782215,318.6700134277344,3363800
2023-04-13,319.1054726019712,322.42838345856893,318.1587687550904,322.2295837402344,3040900
2023-04-14,321.8225079392169,322.68401190659534,319.3326721999676,320.7811279296875,3107900
2023-04-17,321.0462997816323,321.8131278152574,319.9765194926913,321.8036804199219,2226400
2023-04-18,321.82255486699705,322.08763082706594,319.8912706487167,321.69000244140625,2191100
2023-04-19,321.0368176443313,321.5291222730267,320.1658660400677,320.9232177734375,2854700
2023-04-20,319.44626363761785,320.7905957765835,318.8971881330931,319.9385681152344,2179300
2023-04-21,320.40651036200575,320.70959866405934,319.033030382628,320.264404296875,2470100
2023-04-24,320.0750967674782,321.0223167174609,319.4120312397468,320.8707580566406,2288800
2023-04-25,320.3212938967401,320.8043562798859,317.5080502733701,317.63116455078125,2745300
2023-04-26,317.8869576405001,318.7015527598437,314.77059653222926,315.3768310546875,3588400
2023-04-27,316.54185938995454,320.709620117177,316.2103267272192,320.3497009277344,3066600
2023-04-28,319.39295393051265,323.03975488294014,319.3361230715633,323.0302734375,3651100
2023-05-01,323.09662258544154,324.5079705883664,322.30096156257355,322.3956604003906,2296200
2023-05-02,321.99787628446984,322.05470715553736,316.6650245967686,319.08990478515625,3275800
2023-05-03,319.3361465786519,320.33071559032385,316.30503231294534,316.47552490234375,3924100
2023-05-04,315.6894057998329,315.98304161785467,311.98577300672343,313.8423156738281,3576800
2023-05-05,316.6176417557751,319.6866240969138,316.31452453750614,318.957275390625,3542700
2023-05-08,319.374113539211,319.5825030520425,317.40388016210306,318.4742431640625,1789900
2023-05-09,317.7068664494625,318.9098246962458,317.4605801521516,318.0478515625,1924900
2023-05-10,319.59190786522464,320.01816827544826,314.941055860526,317.78271484375,3365500
2023-05-11,316.1251189482681,316.2482621443055,313.9749404621528,315.73675537109375,2744700
2023-05-12,316.7691648799075,316.79758030925905,313.8232971385206,315.6135559082031,2636400
2023-05-15,315.907215463061,316.617630157252,314.3442800103624,316.1534729003906,2171000
2023-05-16,315.14942585143945,315.4904399398979,312.8476891550257,312.91400146484375,2265200
2023-05-17,314.6096437736002,317.4797190266469,313.4256188522632,316.9492492675781,3068800
2023-05-18,316.2766339323101,318.6825799264159,315.18733712107525,318.3226318359375,3553500
2023-05-19,318.91676988836366,319.3819319295767,316.31577912369585,317.236572265625,3706700
2023-05-22,317.17013465577486,318.1478817415495,315.1766615671727,316.01202392578125,2555100
2023-05-23,314.9300021625899,316.2020212039683,313.33520564600053,313.83831787109375,2526200
2023-05-24,313.2591862550045,313.48700184751806,310.86703562532455,311.3701477050781,2978300
2023-05-25,311.4271866051547,312.0537086250012,309.29132793408417,311.1234130859375,3499900
2023-05-26,311.48421655074776,314.79716220566365,311.28487780423256,314.0567321777344,3580000
2023-05-30,313.8762479202843,314.5122718266368,312.2340286898898,313.7528381347656,3474500
2023-05-31,312.73713144123076,313.4206072586649,311.075908312551,312.8035583496094,3067600
2023-06-01,312.22453252870844,315.13879962606495,310.71519606039516,314.15155029296875,3081300
2023-06-02,316.33486844553124,321.3280401715924,316.21145865466895,320.91986083984375,5584700
2023-06-05,321.0526859434201,321.309007453592,318.91682786227693,319.0782165527344,3415600
2023-06-06,318.9833296944412,319.65730356349496,317.5024701956967,319.1162414550781,2824900
2023-06-07,319.4674457781337,320.39771216345184,318.88837581126387,320.06549072265625,2739000
2023-06-08,320.1223887833736,322.0494060632271,319.66672867430975,321.6222229003906,2700300
2023-06-09,321.3944880589212,322.9987573613522,321.1571704576081,322.0589599609375,3162300
2023-06-12,322.5050095540405,323.98586856975857,322.0209015096791,323.86248779296875,2035500
2023-06-13,324.4036511005386,326.1977860279907,324.27076831115306,325.239013671875,3259300
2023-06-14,324.07145879542793,324.68847880539727,321.17616648797843,323.1506652832031,3766000
2023-06-15,323.0841487705631,328.04881384337307,322.92276007482616,327.2799072265625,4722500
2023-06-16,328.5700338667537,328.931574955529,326.06781646949554,326.2866516113281,5576800
2023-06-20,324.71684602739793,325.0117813719717,322.52861043189193,323.91766357421875,3387200
2023-06-21,323.1185452646061,324.34587489892357,322.2242156439147,322.9377746582031,3050700
2023-06-22,322.47149189879104,323.4133802139637,321.80549207840176,322.85205078125,2605500
2023-06-23,320.7399810478486,321.7579987681315,319.88371612888034,320.7780456542969,3721600
2023-06-26,320.4354666215168,321.6532725033005,319.62678985973434,320.75897216796875,2301900
2023-06-27,320.7209247366079,323.1470132213908,320.7209247366079,322.7474365234375,1778800
2023-06-28,322.2717522182834,322.47154058064854,321.03489937009357,322.1766052246094,2305000
2023-06-29,321.9672965394217,324.8025143832885,321.68185555566293,324.58367919921875,2902700
2023-06-30,326.5435807343442,327.83748693114507,326.10593940716575,327.1429748535156,3027500
2023-07-03,326.3342468117837,327.78990570176853,326.12493505476965,327.3522644042969,1698400
2023-07-05,325.74446423757246,327.03837069647125,325.62077602477945,326.153564453125,2717000
2023-07-06,323.7083427012289,324.3077367829429,321.29177762561096,322.7474365234375,3742400
2023-07-07,321.54871323419025,323.8606374145725,320.8066130391988,321.0349426269531,2852200
2023-07-10,321.0063733359064,323.1470501381336,320.78756717838706,323.0804443359375,2560200
2023-07-11,324.1841152630473,326.25821548740316,323.4325206888515,325.9918212890625,2477100
2023-07-12,328.1514607773273,329.0933492065296,326.4769666500477,326.93365478515625,4140200
2023-07-13,327.6092020215184,328.12297262722245,327.0003134443938,327.2096252441406,2472300
2023-07-14,328.9126368424532,329.11245426899177,327.77095985481554,328.3988952636719,3293400
2023-07-17,327.8185382284461,329.85457398073606,327.4950616110788,329.0458679199219,2860000
2023-07-18,328.8554414866668,332.90846453584896,328.4748826215053,332.594482421875,4617200
2023-07-19,333.3747171904817,335.32512896678946,333.3747171904817,333.650634765625,5864300
2023-07-20,334.3736044914162,336.6950510214002,334.278457528428,335.30596923828125,4561300
2023-07-21,335.92307104346884,336.40866966005126,334.87571572186073,335.28515625,2971700
2023-07-24,335.82785225583086,337.59884017686574,335.65647476385783,337.1227722167969,3073700
2023-07-25,336.86571051949164,338.1796628694308,336.62767651571676,337.36083984375,2548700
2023-07-26,336.23722339074936,339.2269144533785,336.21816207987587,338.2462158203125,3084700
2023-07-27,338.82701419484306,339.30308207004975,335.18987771149017,335.8849182128906,4771000
2023-07-28,337.54177703196143,338.53197765184206,336.5134537753861,337.5132141113281,3219000
2023-07-31,337.59879803660186,338.57949674965414,337.2369817830116,338.5509338378906,2201400
2023-08-01,338.26530940434054,339.62688581922447,338.1415561456071,339.15081787109375,2581900
2023-08-02,337.51312038466807,338.19865934638307,335.25653405373316,335.85638427734375,5061000
2023-08-03,334.7708636432744,336.47519440581686,334.31382812091437,335.1421813964844,3307000
2023-08-04,336.2182012340688,337.9701276827468,333.4379808691439,333.8664245605469,4269400
2023-08-07,335.1898952427439,337.88442677231876,335.03755002788444,337.6463928222656,2390800
2023-08-08,335.5518189749764,336.437298579147,333.1714787120093,336.1230773925781,3033600
2023-08-09,335.98007861398787,336.7513061118744,333.7616154900281,334.4661865234375,2873300
2023-08-10,336.2467293742139,338.88416395946984,334.380551467484,335.04705810546875,4133500
2023-08-11,334.3806704528915,336.7895735599992,333.8284152576188,336.1040344238281,2602600
2023-08-14,335.8468569571665,336.579991031611,334.93278570696344,336.3038635253906,3134100
2023-08-15,334.83767810247804,335.17090245517636,332.4668397165595,332.8762512207031,2818700
2023-08-16,332.58109554136115,334.6948386386618,331.06720277742596,331.12432861328125,3586800
2023-08-17,332.24785975141384,332.60014541269385,328.3155335296763,328.5440368652344,4804100
2023-08-18,327.0184082167408,329.8408944669832,326.7609323335106,329.08758544921875,3525400
2023-08-21,329.2592174633991,329.65971933837415,326.5797571971816,328.65850830078125,3176500
2023-08-22,328.77283592786375,329.106582545785,326.655964559769,327.02783203125,2816000
2023-08-23,327.57128581001723,329.35441015773716,327.30429439591825,328.8108825683594,2605400
2023-08-24,328.3246716785366,330.8515604956424,325.1302896192269,325.1875,3840800
2023-08-25,326.55106003478636,328.5439658825824,324.5390937601771,327.5427551269531,3868500
2023-08-28,329.17331287452146,330.5655097445573,328.49630396642016,329.65008544921875,2382700
2023-08-29,329.507171489673,332.5489838780838,329.3546007219275,332.4250183105469,3107700
2023-08-30,332.88261874833853,334.43690200378575,332.3295462636342,333.1686706542969,2792900
2023-08-31,334.6180673195186,334.96132959580365,331.58577171289517,331.65252685546875,2901400
2023-09-01,333.6739776848327,334.08399502974834,331.59525667584023,332.76812744140625,2533200
2023-09-05,332.86359748927737,333.0543181989575,330.78487561327944,330.8611755371094,1906900
2023-09-06,330.3557356319026,330.4129460140847,327.50461578701174,328.97308349609375,2748400
2023-09-07,328.4581409996422,330.155450134325,328.3532650053103,329.6310119628906,2378600
2023-09-08,329.70732061566514,330.91834167036245,329.43081345347434,330.4129638671875,1665900
2023-09-11,331.85273913880474,332.396266803429,330.41290589552676,331.2329406738281,1722900
2023-09-12,330.53694564912576,333.07335045395985,330.26992503820406,331.0804443359375,1813800
2023-09-13,331.4142009012096,332.3200805727808,329.7550413973772,330.45111083984375,2025200
2023-09-14,332.4631179279336,334.3416033902108,331.57632775586666,333.68365478515625,3489400
2023-09-15,332.9598710949831,333.52394707012246,330.416729615592,330.9330139160156,3581700
2023-09-18,331.06676770152256,331.879430212235,330.1393818578793,330.9424743652344,2122800
2023-09-19,330.2924551298132,330.61751439626255,327.9118577266958,329.9100341796875,2740900
2023-09-20,330.8374295547598,332.38625341103943,329.0782697935009,329.1929931640625,3411400
2023-09-21,328.0935797046744,328.5524732676858,325.5121867053186,325.6173400878906,3483700
2023-09-22,325.72247392466136,326.42995417971275,324.41266678140136,324.6612243652344,3376400
2023-09-25,323.8485868988163,325.12971318346956,322.8542690447386,325.0436706542969,3104700
2023-09-26,323.02632301024084,323.8580965556972,320.8082407711261,321.2767333984375,4657300
2023-09-27,322.0797899835013,322.3379175172252,318.30331443246513,320.6934814453125,4442200
2023-09-28,320.5884232831765,322.8351867776776,319.87137296643266,321.831298828125,4053600
2023-09-29,323.8963116554473,323.9441033250521,319.24027097441325,320.2345886230469,3786500
2023-10-02,319.6036396179421,320.3015498416967,317.49071058015534,319.41241455078125,4192600
2023-10-03,318.2172777820004,319.2115954471739,314.58423552629813,315.4829406738281,4871100
2023-10-04,315.6264047796746,316.89796105750656,314.1731642600386,316.4486083984375,4877100
2023-10-05,316.2860677616976,317.17520300127745,314.9188990586644,316.6206970214844,3172200
2023-10-06,315.8366853968767,320.8942871334595,314.0488450802164,319.42193603515625,4491300
2023-10-09,318.3225192361191,321.60182204280346,317.97831994424894,321.3245544433594,3756300
2023-10-10,322.38580014743997,324.1162790622328,321.26718893323925,322.62481689453125,3769400
2023-10-11,323.3323565717023,323.9537943930167,321.39154139558997,323.17938232421875,2773900
2023-10-12,323.8867798478177,323.8867798478177,319.8713162916233,321.4966125488281,3315000
2023-10-13,322.65354307928806,324.6899415421255,320.77963051142217,321.888671875,5154600
2023-10-16,323.88679158667514,325.9327888736513,323.54262148803315,324.9576110839844,3969300
2023-10-17,323.46617824177747,326.5160347110716,323.4088165483055,325.0532531738281,3777800
2023-10-18,324.8141437065732,325.0340495867015,321.2384630084858,321.8407897949219,4141200
2023-10-19,321.89816951205904,323.7433716416167,319.0969004747289,319.4410705566406,5201800
2023-10-20,318.9120387417912,319.72515643164917,316.7596838414988,316.81707763671875,3960800
2023-10-23,315.5831368787609,317.9076737851062,314.60741290643057,315.0283203125,3898300
2023-10-24,316.63530610482303,318.2615414086154,315.53521949022485,317.05621337890625,3583900
2023-10-25,317.80239128851264,318.251995500478,315.51609796572313,316.0135498046875,3836300
2023-10-26,315.8319526866044,316.65461700043153,313.1534475958324,313.593505859375,4882600
2023-10-27,313.61253415970117,313.65080643062953,309.18346028009415,310.1209411621094,4757300
2023-10-30,312.2253920490627,315.69783335684633,312.206241322286,314.942138671875,4617200
2023-10-31,314.89439973897163,316.3293034698119,313.6125559092706,316.13800048828125,3645800
2023-11-01,316.5588618769213,318.8929447485435,315.77444094511776,318.2424621582031,4546200
2023-11-02,320.2514223281098,323.82910676690284,319.89748403142005,323.70477294921875,5356300
2023-11-03,325.35955182831987,326.7944551999206,324.66125087111186,325.8282775878906,4046900
2023-11-06,326.0675354456705,326.81371346989687,325.139658985498,326.23974609375,2766000
2023-11-07,325.94314146340827,327.22498515735595,325.5317802506406,326.7179870605469,2793700
2023-11-08,327.2536734500322,327.72239926497804,325.1874088476372,326.3161926269531,2787900
2023-11-09,327.1676029895995,327.2058460673015,324.0681912975865,324.3934326171875,3940700
2023-11-10,326.019639212686,328.4015696832394,324.5464634437928,328.1241760253906,3268600
2023-11-13,327.5215224418451,329.35818263469696,327.37803792571407,328.6598815917969,2624500
2023-11-14,332.43850335575024,334.35170843094187,331.6254145533479,333.2994689941406,4815500
2023-11-15,334.131640185427,335.556968333077,333.83509579488486,335.069091796875,3149400
2023-11-16,334.40904867012597,335.57610474673976,333.61508153613227,334.8299560546875,3848000
2023-11-17,335.27760248688315,335.69936177603034,334.27114874139846,334.9421081542969,2059200
2023-11-20,334.62578783954405,337.6355834431595,334.59703285535346,336.9454345703125,2904300
2023-11-21,336.55243019399927,336.648289892033,335.83352633715583,336.27447509765625,1849500
2023-11-22,337.3001173815608,338.4982904730826,336.92627333591514,337.94232177734375,3486200
2023-11-24,338.51741003703194,339.27466353052193,338.40239011442975,339.130859375,1245100
2023-11-27,338.9679514594427,339.456815422034,338.15318793921426,338.6708068847656,2532400
2023-11-28,338.833750386783,340.41536224537015,338.45034085377824,339.42803955078125,2759600
2023-11-29,340.25235696624935,341.36426495499455,339.6772281096889,339.94561767578125,2736300
2023-11-30,341.9202829902914,345.2464129776228,341.67108285518674,345.0738830566406,4094300
2023-12-01,345.09303539340937,348.18912541518785,344.9396657164015,347.9974060058594,5852500
2023-12-04,346.17609765566806,347.9014841293903,346.05148299757917,347.6043395996094,4211000
2023-12-05,346.856749124172,347.2401879498195,345.74487013707545,346.9046936035156,5372700
2023-12-06,347.767328220813,348.47663730394135,345.8694115834635,346.2432556152344,5583700
2023-12-07,346.9526176259544,347.3360272090461,345.9653240546622,346.8280029296875,3295600
2023-12-08,346.7608549645714,348.6012322795612,346.3966056984899,348.064453125,2930400
2023-12-11,348.52459355060455,349.74192687671484,347.9494646181366,349.56939697265625,3673200
2023-12-12,350.2596010273896,351.4769345453006,349.3202226479428,351.2181396484375,3239600
2023-12-13,351.4002749870316,356.3271484375,350.8251459464998,356.3271484375,4304800
2023-12-14,357.25687658112156,358.1770946038836,355.86701330578654,357.8511657714844,5507000
2023-12-15,357.12392180780705,358.7090705819734,356.73003866471083,357.97894287109375,6948400
2023-12-18,358.6129640807055,359.17014669756134,358.10380383303726,358.3151550292969,3403200
2023-12-19,358.56493332493955,360.793722557839,358.44965617801154,360.736083984375,3749200
2023-12-20,359.9387194902129,361.5430419305198,356.038323796781,356.2208557128906,4564700
2023-12-21,358.2287132856345,359.4199495448454,356.56672292585876,359.1797790527344,3837500
2023-12-22,358.9491914547333,360.55351377526375,357.93084169040407,359.1028747558594,3330700
2023-12-26,358.9876585873681,361.3029058278011,358.891584519585,360.5920104980469,2217800
2023-12-27,360.3519286833065,361.97548408008294,360.0156840221481,361.7545166015625,3061200
2023-12-28,361.7159754164338,362.83998625413705,361.7159754164338,362.2059326171875,2620400
2023-12-29,362.1291170770577,362.61904499546137,360.51514892218717,362.05224609375,3364400
2024-01-02,360.0635192851854,362.9647970230399,360.0635192851854,362.26348876953125,5776300
2024-01-03,360.80330776426734,361.33167108152713,359.1989560935091,359.49676513671875,6393600
2024-01-04,360.10212727105176,362.3885556927502,359.6794247400977,359.8139343261719,4251900
2024-01-05,359.7081782847217,361.45662667792095,358.5361449936166,359.9099426269531,5381700
2024-01-08,358.7186282667025,362.14826980708466,357.8252011043903,362.02337646484375,4604900
2024-01-09,360.0636775275428,360.8322408796419,359.0549729426745,360.4287414550781,3230900
2024-01-10,360.7841111097553,362.6286334379675,360.53435372734987,362.12908935546875,2718700
2024-01-11,362.91680929920324,363.25305384487183,359.53521939327817,362.3404235839844,4095700
2024-01-12,362.63825214242803,363.37796672852556,359.9963766407666,361.1299743652344,3816700
2024-01-16,360.22690529241714,360.76488482903824,357.41211426729484,358.9684143066406,4471600
2024-01-17,357.13356688767453,359.0549310672989,356.73968371272866,358.0654296875,4361000
2024-01-18,357.5946044387671,360.572694626836,356.7587866284535,360.0731506347656,3953400
2024-01-19,361.2102892280578,364.66109453900975,359.9414611134346,363.92095947265625,5218600
2024-01-22,364.9687739642695,366.30486604151037,364.38240944998824,365.33404541015625,5433400
2024-01-23,364.6515343685374,365.12255615779264,363.32506402611153,364.3439636230469,3110100
2024-01-24,365.46855464404416,365.8626617142356,363.2865772564706,363.4307556152344,3967200
2024-01-25,364.37272279501593,365.80494319796867,363.2673164079016,365.7280578613281,3539100
2024-01-26,365.2475038979364,367.3141386718245,365.21866822516057,366.314453125,3221000
2024-01-29,366.227959885041,368.544523466379,365.7858031077239,368.4483947753906,2730900
2024-01-30,367.9774068463254,370.02482771867165,367.6601850956011,369.5826416015625,2747900
2024-01-31,370.2747003509874,370.86106479678534,366.55475197435374,366.5835876464844,4476600
2024-02-01,366.61248029977384,370.2170865481349,366.199159156875,370.1690368652344,3652500
2024-02-02,369.102028736521,372.7450920413889,368.38110754432165,371.4378356933594,3344800
2024-02-05,371.02447984374015,371.02447984374015,367.30453123968323,368.7079162597656,3761600
2024-02-06,369.03475083578127,370.4285141530575,368.6310220765854,370.1497497558594,2507800
2024-02-07,371.40898837357446,372.4278879465201,370.69765953887764,371.6781311035156,2797600
2024-02-08,372.44719086570524,372.6298266190189,370.56319130634625,372.33184814453125,2549800
2024-02-09,372.1780358568995,372.4760143216077,370.803486250747,371.72625732421875,3526300
2024-02-12,371.50504050690176,374.3118394775383,371.456990835446,373.0622253417969,2412200
2024-02-13,370.14014992408255,370.2266569419387,365.7088726692965,367.9773864746094,5325300
2024-02-14,369.1117079607049,369.64037185034096,367.256544177087,369.3904724121094,3465200
2024-02-15,370.25557334576683,373.2738152972692,369.9575948856162,373.1969299316406,3497200
2024-02-16,372.7464192323946,373.78617208945883,371.33118129484546,371.80291748046875,3772300
2024-02-20,371.1481544522923,372.16866268198834,370.2142898216455,371.3214416503906,3295700
2024-02-21,370.6185794541609,371.78352291469844,369.0396917712901,371.66796875,3027600
2024-02-22,373.8918843048638,376.8860385364806,373.45866639334287,375.9906921386719,4990700
2024-02-23,377.1748609770098,378.20500589641176,376.35655066113554,376.703125,3451600
2024-02-26,376.86690142119704,377.79112927605473,375.70195770612224,376.1544494628906,1914100
2024-02-27,375.8174285875371,375.9041015627285,374.26742198441946,375.1435241699219,2370900
2024-02-28,373.48756251790206,375.220492994592,373.1602325114458,375.0857238769531,3313900
2024-02-29,376.13524369561605,376.53958056953775,373.97870201956226,375.4228210449219,3026900
2024-03-01,375.3264854300355,377.0208981920141,374.39262075559793,376.7320861816406,3857500
2024-03-04,374.8450702838392,376.6742813651335,374.8450702838392,375.6922912597656,3048500
2024-03-05,374.49859479928654,374.7874362567394,370.5802405145549,371.80291748046875,4132400
2024-03-06,374.0170844660271,374.63325584454765,371.74501861423664,372.7558898925781,3039100
2024-03-07,374.5755659885063,375.2013449667914,373.38174105660073,373.9786682128906,2965700
2024-03-08,373.77651414734953,375.8753228493648,373.2662599200394,373.53582763671875,4256900
2024-03-11,372.5056492447483,374.17118081543,371.13853716608287,373.94976806640625,3396000
2024-03-12,374.7391716706808,376.85722421618584,373.3913334056642,376.2314453125,3275800
2024-03-13,377.0979079648471,378.15693423000266,375.5286275965716,376.6454162597656,2788700
2024-03-14,377.5600718228924,377.79112143664395,373.3913656305282,375.5382995605469,4471900
2024-03-15,374.19017451541447,375.65707601639576,372.54959974605686,373.4760437011719,4372300
2024-03-18,374.77871815833845,375.2708756602477,373.93912590985366,374.1803894042969,2060600
2024-03-19,374.5953853383961,377.4229866498862,373.92949568468515,377.2396240234375,3303800
2024-03-20,376.5158482697608,381.4086795866276,376.2649542324873,381.18670654296875,4823900
2024-03-21,382.46050923514355,384.8828039515522,381.97798228453513,383.8501892089844,4348400
2024-03-22,383.85993323754315,384.1494376908664,380.70418744074794,380.7427978515625,3156100
2024-03-25,380.15412122626435,380.3760648189143,379.09255583387227,379.218017578125,2535600
2024-03-26,379.9224723837357,380.4918507406728,378.9091774088855,379.1214904785156,3395400
2024-03-27,381.19636452708426,383.68619111411294,380.68488703880126,383.6669006347656,4427300
2024-03-28,384.14942876300125,384.6319558080687,383.16508419346457,383.85992431640625,3155000
2024-04-01,383.91786703354717,384.13981064974627,380.93585310427386,381.5148620605469,3825200
2024-04-02,378.2722371573203,378.4363093043101,376.64129345672796,377.9441223144531,4034900
2024-04-03,377.99234231876113,379.18902930129644,376.36139870842374,377.5870361328125,3547000
2024-04-04,380.2603371344822,380.4629902871628,372.1249366145606,372.5302429199219,5041200
2024-04-05,372.8486995383353,376.805427685469,372.58811605318965,375.2709655761719,4423500
2024-04-08,375.4542930999588,376.506228006323,374.99108597169584,375.5025634765625,2431300
2024-04-09,376.00441957853906,376.3518544114833,372.25037398636255,375.2516784667969,4003900
2024-04-10,371.46864325094987,372.48193829219974,369.6446768353628,371.0729675292969,5173100
2024-04-11,371.99939140503915,372.58806024782496,368.65065262332206,371.1018981933594,3972800
2024-04-12,368.9498578247651,369.5481866987133,365.5721682256623,366.5951232910156,5305100
2024-04-15,369.9342190396474,370.4071156314532,363.4394230255877,364.1246032714844,4870700
2024-04-16,366.46965448102253,366.6530171261043,363.8640259396928,364.77117919921875,4383500
2024-04-17,365.9582105451084,366.90397430385065,362.9955164075878,364.2597351074219,4584900
2024-04-18,365.80372399389626,367.61803031075897,363.68062276546436,364.6360168457031,4579200
2024-04-19,365.64793853090845,367.9073455171068,364.9044678986619,366.7196960449219,5078600
2024-04-22,368.5832897316289,371.1999495092461,366.7294012629316,369.20123291015625,4129000
2024-04-23,370.4757363173056,372.31029451095026,369.7226006602702,371.7599182128906,3126400
2024-04-24,371.61510441800067,372.1944463610937,369.8288123711952,371.1999206542969,3575800
2024-04-25,366.7101207431428,368.4094866770424,364.47967901332015,367.80120849609375,4682800
2024-04-26,367.6369478422489,370.1377445555377,367.42452347638977,369.1432189941406,4252400
2024-04-29,369.9060957962865,370.80405965516576,368.9115700300256,370.58197021484375,3265900
2024-04-30,369.2881318291859,369.5681525271973,365.0589735990066,365.1072692871094,3463600
2024-05-01,365.348619394337,370.27298158255354,364.962401264518,365.841064453125,5731600
2024-05-02,368.02330994528853,369.722705537191,365.8507992260524,369.0661315917969,3535600
2024-05-03,373.80695850950974,374.6276610371861,371.79857696127743,373.4496765136719,4471100
2024-05-06,374.9463108493338,375.35182959627645,373.50760624103043,375.07183837890625,2596100
2024-05-07,375.7670198591763,376.3270317262238,374.96558851163826,375.351806640625,2428600
2024-05-08,374.96560861271,377.4471051609727,374.8207804898954,377.03192138671875,2855100
2024-05-09,376.6746514972564,380.68174964539367,376.57811905664914,380.4306945800781,4141200
2024-05-10,381.63772569053765,382.265334020372,380.52733718905176,381.57012939453125,3505600
2024-05-13,382.7287665261308,382.9508265191817,380.4983247647197,380.8748779296875,2635800
2024-05-14,380.952046103295,382.60314543295146,380.2471767037499,381.9562072753906,2702700
2024-05-15,383.55905787683633,385.74123297955987,383.269401653711,385.52880859375,3421200
2024-05-16,385.9826228261643,387.18957286627113,385.3839803209199,385.4612121582031,2877200
2024-05-17,385.9389156603444,386.8188881979697,385.2910429251411,386.751220703125,2702900
2024-05-20,386.577182607692,387.4958434690117,384.7108816057139,384.9623107910156,2094800
2024-05-21,385.1750312724259,385.89060105658353,384.64316414029645,385.6198425292969,1618300
2024-05-22,384.81719994936856,385.6874930027495,382.45772042035907,383.56976318359375,2647200
2024-05-23,383.9566097896207,383.98561857838683,377.3713491455101,377.767822265625,3361200
2024-05-24,378.3093205128318,379.30532822488385,377.28430401345645,377.74847412109375,2072200
2024-05-28,376.94584778733326,377.3423208869912,374.24791252942236,375.7757873535156,2176100
2024-05-29,372.59437813778044,372.9908512645765,371.5596821369077,371.8884582519531,2715000
2024-05-30,368.78427032067174,369.7802777494614,367.85595987987193,368.8906555175781,4063400
2024-05-31,369.3742566857099,374.81843579588974,368.6876662075767,374.7410888671875,4748400
2024-06-03,375.0698653004932,375.0892241655352,370.2928882885886,373.49365234375,3614300
2024-06-04,372.2946247608271,375.5630861881945,371.84981347209595,374.7218017578125,2822500
2024-06-05,375.77585742013025,376.13364236665274,373.23264505694067,375.7081604003906,2181400
2024-06-06,375.97883014442544,377.7000869611247,374.9925019159114,376.4816589355469,2241900
2024-06-07,376.046546822092,378.6961144342748,375.0892273293182,375.6694030761719,1952000
2024-06-10,375.2246259989533,376.5107217022029,374.41235036893227,376.44305419921875,1380600
2024-06-11,374.86679764282155,375.38898531248645,372.1978712317168,375.16656494140625,2522600
2024-06-12,378.6573926111595,378.9765187540741,373.92878363114096,374.8957824707031,3866700
2024-06-13,374.05443971492554,374.8763945021253,371.89802201611207,374.1124572753906,3136100
2024-06-14,371.9270855559826,373.78373629559906,370.969766156902,373.70635986328125,2884300
2024-06-17,372.53631543229955,376.3656227024311,372.2752363606304,375.75640869140625,2025300
2024-06-18,376.0755227580594,377.31328009400073,375.21487962463084,376.2979431152344,1848700
2024-06-20,375.91107280629996,380.13685248919245,375.56296743227136,379.1311950683594,3588000
2024-06-21,379.5906826769323,380.3659983816212,378.41797848486266,379.2708435058594,2592100
2024-06-24,380.3660578748897,383.3898310030839,379.81362982128417,381.8294982910156,3096600
2024-06-25,381.4223972028239,381.95542307874564,377.79775026319663,378.9607238769531,2879100
2024-06-26,378.0594226947641,379.6488584583569,377.01274345699363,379.1739501953125,1501900
2024-06-27,378.56338696467253,380.28851930842166,378.12728292529897,379.4841003417969,1601100
2024-06-28,379.2999105694629,382.1589426369844,377.19685122912415,379.06732177734375,3624400
2024-07-01,379.9880201165037,382.1298837733187,378.22417241425467,379.38714599609375,2536500
2024-07-02,378.73780708637236,381.16070556640625,378.6408852318915,381.16070556640625,1711600
2024-07-03,381.587110801609,381.906920364509,380.04615102757265,380.71484375,2319100
2024-07-05,381.06379418321535,381.84881094620613,379.57128039711023,381.5580749511719,2011000
2024-07-08,382.2461832813104,384.49464030986746,380.6664486412155,381.3254699707031,3374500
2024-07-09,381.092896677865,382.85677405187516,379.3968675666399,380.821533203125,3821600
2024-07-10,380.8215247696366,385.2021149295433,380.5210876998421,385.00830078125,4234300
2024-07-11,385.2408563541,386.5880020987762,384.08755431739354,385.3668518066406,4020700
2024-07-12,386.55894382381996,390.2708412701688,385.8417752585456,387.97393798828125,4711800
2024-07-15,390.05761169058104,391.13336450179384,389.0206039630229,389.95098876953125,4433500
2024-07-16,391.40473613704637,397.3456885232735,391.3950646541307,397.02587890625,6547600
2024-07-17,395.959707051243,399.6231278908953,395.959707051243,399.22576904296875,4490600
2024-07-18,398.014438256763,401.0963585379658,393.52722479269363,394.17657470703125,4922200
2024-07-19,393.05563597408013,393.7246774712245,389.7395455530726,390.70916748046875,4284500
2024-07-22,391.7660364596793,392.43507793057404,390.0013175193333,391.8726806640625,2314000
2024-07-23,392.00850347350695,392.97812551508144,390.97100078729824,391.2327880859375,1693500
2024-07-24,389.52615270938935,390.3988063582884,385.9870096819258,386.5591125488281,3701300
2024-07-25,386.52041785811844,392.1054499786451,386.2683066722429,387.3542785644531,4179800
2024-07-26,389.60375962316346,395.2372602975697,389.506791518458,393.63739013671875,2810600
2024-07-29,394.5003415903713,394.6361028562243,391.6884440728887,393.1913757324219,2039000
2024-07-30,393.5403740764426,396.30380197599413,392.968300796056,395.0335998535156,2576400
2024-07-31,395.08210124892594,399.4938983150193,394.14156689334203,396.080810546875,5634800
2024-08-01,397.2541067716554,398.4467227782494,388.77959119065906,390.98065185546875,5497900
2024-08-02,387.78084722754267,388.2171888825852,381.6043609709072,385.06591796875,4844900
2024-08-05,374.7782800979399,378.4434500284583,373.2365846880925,375.0594787597656,8680200
2024-08-06,375.7866827558462,382.5352432816714,374.5261860497356,378.11376953125,4058000
2024-08-07,380.7027044057597,382.79709155260247,375.5152205994632,375.9903259277344,3969400
2024-08-08,377.6774317391384,383.13640771282104,377.4156148909828,382.53521728515625,2993500
2024-08-09,382.20555322040497,384.44537744087546,380.49903879893486,383.1460876464844,3380200
2024-08-12,383.92181219666236,384.0090746188592,380.68324893462466,381.8080139160156,1902000
2024-08-13,383.0684990513006,386.0355394495589,382.09887723251006,385.70587158203125,3510800
2024-08-14,385.657478374994,388.7021059234167,385.4344842335164,387.93609619140625,5230400
2024-08-15,392.4447572145752,393.80225154310216,390.93214942214246,393.5501403808594,3764100
2024-08-16,393.0426137961846,395.31335492570565,392.62534730799445,394.7019958496094,2789200
2024-08-19,395.3037157939999,397.20572874738366,395.2066990961628,397.0019226074219,2012400
2024-08-20,396.5264530683987,397.23485860549596,395.711317312845,396.4682312011719,1999600
2024-08-21,397.20571738900674,397.85587139493146,395.52690804028356,396.8854675292969,1439000
2024-08-22,397.57446371754287,398.35077494110567,394.0033550917793,395.420166015625,2353500
2024-08-23,397.1766442437542,400.11696705178514,396.4682386932702,399.6414489746094,3818300
2024-08-26,400.42738561933834,402.25171964749495,399.4666658458301,400.5050048828125,3145000
2024-08-27,400.0877043158462,400.8446179312875,399.1852064704465,400.6699523925781,1710200
2024-08-28,400.44677244075115,401.67917441100974,396.61366619015746,399.16583251953125,2732600
2024-08-29,402.10616743905706,403.9790394307281,399.1270210392259,401.6597900390625,5024800
2024-08-30,402.2421462577659,404.22174897110307,399.92286662850296,403.8918151855469,2283800
2024-09-03,401.93151678267066,402.89220698319923,396.52636098673725,398.1081237792969,3754700
2024-09-04,397.836377809339,400.3400061471459,397.1182885989542,398.2730712890625,2131200
2024-09-05,399.16592265733067,399.47645900187797,393.96457215085394,396.37115478515625,2234700
2024-09-06,396.8562173414304,398.8358488246994,391.8295341887517,392.4991149902344,3351000
2024-09-09,395.3035885768598,398.7291416478907,394.09058410050056,396.9435729980469,3038200
2024-09-10,397.96263307321846,397.99174400474806,392.984456481026,396.1770935058594,1970500
2024-09-11,395.0998837829996,397.79760504318057,388.9475275166697,397.1571350097656,3134600
2024-09-12,397.57447659549206,399.8063936463109,395.42017882379366,399.77728271484375,3131600
2024-09-13,400.37890789675805,403.98881128593274,400.14602045693204,402.65936279296875,5210300
2024-09-16,404.12463127902123,406.16245535030504,403.3482905531492,405.027099609375,3881100
2024-09-17,405.9101897189707,407.0746564412804,403.5035777765354,404.9106750488281,2561700
2024-09-18,405.1435409189546,408.53995383683804,403.2512418760999,403.872314453125,3173600
2024-09-19,409.4910340395909,410.26734528664764,406.9679780650927,408.9378967285156,4073000
2024-09-20,408.1767784805399,410.045471384066,407.32028185711613,409.3349914550781,2902200
2024-09-23,409.8703075529548,410.4348302205001,408.7802316874958,409.8605651855469,2318700
2024-09-24,410.40562915785756,411.3594306804519,409.1500815693677,410.85333251953125,2790700
2024-09-25,411.15496183801946,411.64160486361106,407.2034228464023,407.92364501953125,2048000
2024-09-26,409.9870495856575,410.8435461526727,408.9748533722178,410.3569030761719,2703700
2024-09-27,411.300968746872,414.81454700721,410.9603126719748,411.6513671875,3667700
2024-09-30,411.1355205413331,411.99198734501965,407.8847188837547,411.8168029785156,3819800
2024-10-01,411.1354568793216,411.8459366009077,408.089067156715,410.2400207519531,5101300
2024-10-02,410.56134165508274,411.2134565368455,408.3714475078451,410.63922119140625,2599600
2024-10-03,409.1111109565653,409.8702729918773,407.1061437940147,408.7607421875,2534400
2024-10-04,411.0868342252211,412.2936994519472,408.4492372819619,412.09906005859375,2520900
2024-10-07,410.8337583261506,411.63186001185977,407.08663081359657,408.4005432128906,2632600
2024-10-08,409.2765452736268,410.025964873864,407.5246124813956,409.55877685546875,1872900
2024-10-09,409.64631670617763,414.2888797563174,408.8092753869708,413.6951599121094,3935100
2024-10-10,413.64661807588345,413.7147552356567,411.7389855185877,413.3157043457031,2179000
2024-10-11,413.9191284747739,417.6078912624171,413.65635190978713,417.2769775390625,3753500
2024-10-14,416.87785932118743,419.8950518086212,415.7780414081456,419.37921142578125,2180600
2024-10-15,417.8608433239804,418.63948990440855,415.6222975227008,416.1186828613281,3291200
2024-10-16,415.7683346436573,419.5641443614884,415.5153004640243,419.2137756347656,2583700
2024-10-17,420.98517519194587,421.32583126513197,419.68097539095834,420.8975830078125,3462800
2024-10-18,420.857771645012,421.7729785202573,418.97865897664184,421.2277526855469,2303700
2024-10-21,421.0232253427499,421.6171500313374,417.45005033648886,418.0439453125,2702600
2024-10-22,416.35957264962485,419.066239621999,415.89222356560845,417.9855041503906,2306100
2024-10-23,415.7656445052605,416.4763989934563,411.764073858036,413.9449768066406,4006500
2024-10-24,413.12708228924873,413.46785575699226,410.8098583636769,412.601318359375,1936600
2024-10-25,414.2273124859892,414.76279246917153,409.37866632820374,410.031005859375,2518800
2024-10-28,412.37745624843546,413.613974814784,412.1048433628566,412.8837585449219,2912000
2024-10-29,411.09232691281073,413.7600410303751,410.63472349656047,411.3551940917969,2697700
2024-10-30,410.8877755818733,413.44840513544943,410.3328338532571,410.6249084472656,2933600
2024-10-31,408.1713434686122,408.85286067658905,406.019618606282,406.6524963378906,4297100
2024-11-01,408.59986179659364,412.1340838675145,408.2493425084178,409.330078125,3856400
2024-11-04,408.765343707093,409.2132013835351,405.4550357663985,407.0225524902344,3125400
2024-11-05,407.23673665636346,411.4719969823752,406.6915108828504,411.1604309082031,3093100
2024-11-06,423.1943491902116,426.2417894151781,422.26939682677795,425.6965637207031,7271800
2024-11-07,425.9886780546605,426.68968682905495,424.91768830036705,425.8523864746094,4267900
2024-11-08,426.73829675697107,430.0486336673031,425.862043338824,428.50054931640625,5014300
2024-11-11,430.2238995631921,433.1350185187326,430.16548464661463,431.3240966796875,4065100
2024-11-12,431.87909967821446,432.5022318269031,427.4685945752584,427.7996520996094,3483000
2024-11-13,428.30592524133715,429.9026493774137,426.8747001550744,428.20855712890625,2631000
2024-11-14,428.96792570287687,429.30869919627526,425.5699959178006,426.1541748046875,2528300
2024-11-15,424.60132477395206,425.2540610795292,422.3411416984528,423.3056335449219,3486900
2024-11-18,422.97439239503706,424.1044541699835,422.0196522272166,422.9938659667969,2243000
2024-11-19,419.6230732876863,422.92564223599396,418.56118393353927,421.67864990234375,3202500
2024-11-20,422.3703092523865,423.6952552549485,419.80815236795286,423.09124755859375,3956000
2024-11-21,424.6208143750046,429.1801575733835,422.4483366195226,427.650634765625,7558000
2024-11-22,428.25459392443577,432.1319751272933,427.9915669302427,431.7325439453125,5492800
2024-11-25,435.0936195010309,436.83747056189503,433.9148291044372,436.0191345214844,2976100
2024-11-26,435.04490113438754,437.7434625890286,433.1939009073833,437.3050842285156,4126500
2024-11-27,437.5973588119507,439.0197324026261,435.8340341670162,436.1944885253906,2985900
2024-11-29,436.73994449938647,439.6431117271705,436.68149406190304,438.4837951660156,3474100
2024-12-02,438.99038432869673,439.3703419105906,436.37949896666595,437.1686096191406,2661200
2024-12-03,437.5681263895975,438.0065344959294,435.09361499002443,436.34063720703125,1697400
2024-12-04,438.2500612640608,439.9062068002224,437.20764541649055,439.31195068359375,3694400
2024-12-05,438.86378824542174,439.8380019231486,436.7887083549608,437.1004638671875,1917600
2024-12-06,437.89931596342075,438.35719760154257,435.25920510394053,435.6196594238281,1973900
2024-12-09,436.10673303374347,436.72049238811576,433.33021819429985,433.6029968261719,1998600
2024-12-10,433.0477943519858,434.3045087728787,431.5280231722553,432.2489318847656,2461000
2024-12-11,432.65802229962674,433.2717816737174,430.97265166416616,431.09930419921875,2084300
2024-12-12,431.0798394883991,431.6935989174336,428.70275552264525,428.9170837402344,3585300
2024-12-13,429.49182153073116,430.1445577669269,427.6018743752437,428.0402526855469,2548400
2024-12-16,428.31306294909547,429.3067799871093,426.6569174368122,427.0660705566406,1987500
2024-12-17,424.9325434662881,425.5657764533774,423.2276694153163,424.3382873535156,3130300
2024-12-18,424.7377390304048,426.74461706012414,413.0471735459136,413.2809753417969,6135700
2024-12-19,416.485991420638,417.9083346985585,413.5049007144009,413.58282470703125,4948000
2024-12-20,412.36452515730014,422.15433711674916,412.0323391428934,418.6956787109375,6069600
2024-12-23,417.4841879463308,419.57504285674344,415.21750491135737,419.0376892089844,2602700
2024-12-24,419.0376700320254,422.69174622925203,418.4416672813044,422.5647277832031,1431700
2024-12-26,421.0698889938369,423.7078773389107,421.02104950529525,423.2584228515625,1867400
2024-12-27,420.6888862678153,422.3596263430731,417.6112526912719,420.1222229003906,2429100
2024-12-30,415.69625278718837,417.835947256541,412.8140072314007,415.9893493652344,3858300
2024-12-31,417.1031689465366,417.9140893431199,414.2991024033045,415.7255554199219,2442700
2025-01-02,418.50032280169,419.1060756123002,411.90538139284934,414.0646057128906,4231500
2025-01-03,416.06750742199426,417.943385060299,414.45541669067495,417.347412109375,2203200
2025-01-06,419.0083551621673,421.2164487285761,416.29221759826953,417.318115234375,3463300
2025-01-07,419.04741577732335,419.4577807668047,414.12318498622926,415.5594177246094,2053900
2025-01-08,415.63757243500123,416.76114890789836,413.5369677567092,416.3410339355469,2020200
2025-01-10,414.5335985345702,414.58243802679647,409.1794722955126,409.6972961425781,3415500
2025-01-13,409.14042557924176,413.5174937634672,408.8961684772991,413.2439270019531,2608100
2025-01-14,415.11975803442584,415.7352905883425,411.86623733987653,415.383544921875,2643300
2025-01-15,421.64635784975763,423.3268478263759,420.61071017054934,422.31072998046875,4059800
2025-01-16,422.1641861497627,422.9653565716647,420.8647515328327,421.6463623046875,2532500
2025-01-17,424.71729502654466,426.5254820119015,424.1601726347581,424.8932189941406,2771000
2025-01-21,426.486409774468,430.47416914376845,426.4473056139423,430.1516418457031,2113800
2025-01-22,431.510267867157,432.00874904554763,430.39605266737345,431.3050231933594,3724100
2025-01-23,431.5395858363271,435.3807722455271,431.5395858363271,435.3123474121094,2352500
2025-01-24,434.7453710860924,435.4100224882003,433.318382452235,434.08074951171875,2022000
2025-01-27,430.67949776266124,437.19870798945726,430.58175226292565,437.01300048828125,3822400
2025-01-28,437.0911638207837,439.57372625760433,436.09420158495175,438.2738037109375,2233500
2025-01-29,438.0783407255746,439.4466881852257,435.69349379829515,437.0716247558594,2225100
2025-01-30,436.44607011963666,439.9353483877894,436.2603626415204,438.6745300292969,2322600
2025-01-31,439.8571809462386,440.1797082529083,434.97998821820926,435.32208251953125,3085400
2025-02-03,429.6727511281613,435.8205761689298,428.7833476171132,434.2274169921875,4527700
2025-02-04,434.1882605340162,435.91823922074246,433.24993970905314,435.4588623046875,1890500
2025-02-05,435.6445957729423,438.7038475637656,433.3868152158796,438.5279235839844,2273400
2025-02-06,439.1925649214498,439.5639798917361,435.3220880535311,437.2475280761719,1867200
2025-02-07,437.6579974812851,438.3519396834947,432.79055891401356,433.10333251953125,2259200
2025-02-10,435.7423906022363,436.1822006014922,433.0838741272495,434.72589111328125,1858100
2025-02-11,433.3184435355285,436.4461205335421,433.2109443661676,436.02581787109375,1436200
2025-02-12,432.34104985666596,434.73568036378475,431.09976851646826,433.6018981933594,2444500
2025-02-13,435.26341528196605,437.7264704114709,433.6702860734553,437.1498107910156,2961500
2025-02-14,436.9934286228719,437.9121825575092,435.2829869103907,435.7130432128906,2005400
2025-02-18,435.21447968744934,435.91820533760585,433.6017837722622,435.84002685546875,2451200
2025-02-19,434.72592006679963,436.70024801523124,433.5237129999547,436.5732116699219,2239400
2025-02-20,435.20473508500066,435.48818803507413,430.0245526332211,432.3898620605469,2960000
2025-02-21,429.81457502357074,430.0984509009475,424.18616743524814,424.96923828125,3842200
2025-02-24,426.61359222719454,427.66097235788385,424.18605532284414,425.3410949707031,3629300
2025-02-25,426.3297677446732,428.28747431298126,423.50086741479686,426.90728759765625,2953100
2025-02-26,427.2107799978271,429.2467819246714,423.84352191431793,425.1551818847656,2427800
2025-02-27,425.253075421268,429.4719312046908,422.9625620395112,423.207275390625,3296900
2025-02-28,423.9022360871674,429.54044103174203,421.9053668572582,429.0999450683594,3249900
2025-03-03,430.2452285122264,431.3709039391768,420.3979657732595,422.9527587890625,3925200
2025-03-04,420.59365970007906,421.9738463751533,414.88695836366907,416.5705871582031,3586900
2025-03-05,416.2182261945585,422.4731134638547,415.47431795880823,421.36700439453125,3018300
2025-03-06,417.1579557695889,421.02440867566366,415.0729933022708,416.8936462402344,2824100
2025-03-07,415.1317925902676,420.2414092676721,413.0566278635171,419.2038269042969,3719500
2025-03-10,414.43675380356433,417.0404775501897,407.80989719229603,410.61920166015625,3442800
2025-03-11,409.6207688149391,410.1689243095182,403.53229969021794,405.9696350097656,3893400
2025-03-12,408.14273980276516,408.7398559608056,401.87808348761956,405.1964111328125,2960500
2025-03-13,404.6090482422408,405.4312814919865,398.6380366845508,400.13568115234375,2557200
2025-03-14,402.1423333330142,407.114925384841,401.24180492416195,406.5765380859375,2422700
2025-03-17,406.16536963554455,411.8818690265246,406.067478336173,410.3450622558594,2141000
2025-03-18,409.5718183494204,409.8165316788536,406.1066692404222,407.7217712402344,1844100
2025-03-19,408.77893560319546,413.55574475936334,407.98606677472526,411.529541015625,1813800
2025-03-20,409.08241088461625,414.1920266378114,408.8083331376808,411.2358703613281,1646500
2025-03-21,408.02987786623737,411.91356331091663,406.20574706922196,411.53106689453125,2485700
2025-03-24,415.189140393025,418.01362777789177,414.63993783811145,417.2878723144531,2474900
2025-03-25,418.10187277296023,418.61183800260574,416.17963397730244,417.61151123046875,3997600
2025-03-26,418.1117103609794,419.88684689503907,414.9832308754079,416.0522155761719,2442100
2025-03-27,415.51280445899096,416.8956277833598,413.3355977249863,414.7870788574219,1646000
2025-03-28,413.8455381628277,414.23782141095006,407.1962368440211,407.6081237792969,2600600
2025-03-31,404.2540946462407,413.23749236789456,403.5087354744153,411.7860412597656,2985300
2025-04-01,410.34437131309767,413.1590419273907,407.0001018246616,411.5016174316406,2384800
2025-04-02,408.34372573957097,415.48338964374096,408.15738593186796,413.8946228027344,2299800
2025-04-03,402.99885705862556,403.67552864340877,397.19296158702855,397.4087219238281,7440100
2025-04-04,387.31705595678716,389.0039012746907,375.3031952132053,375.8327941894531,8667200
2025-04-07,364.22098737798217,384.64943849724654,359.2585303725149,372.25311279296875,12718200
2025-04-08,385.89498142302205,386.75799271163527,363.8777332739669,369.2226867675781,7283000
2025-04-09,364.86825010906927,399.92910281793655,364.86825010906927,398.2520446777344,9861100
2025-04-10,391.896968589022,392.4755916439928,376.9017035566614,388.0525207519531,6624200
2025-04-11,386.83641198547804,396.30038367063264,385.12014660472437,394.16241455078125,3789900
2025-04-14,399.6251460272124,399.9977957452337,393.9663533611029,397.6048583984375,2286200
2025-04-15,397.9676859615414,400.15467959913764,395.7512418950614,395.9277648925781,2387300
2025-04-16,394.55482856371174,396.4966716697886,386.44425682223306,389.1216125488281,3004400
2025-04-17,384.1242401221272,387.00900095810715,382.19125452719044,384.0064697265625,4537500
2025-04-21,381.16103081747036,381.3965417046774,371.2410068177872,374.4495544433594,2881800
2025-04-22,378.81588889206364,385.282061537371,377.9622406743911,384.50689697265625,3308100
2025-04-23,391.7875042032398,396.1636941492906,387.4799762267828,388.47100830078125,4049200
2025-04-24,388.0784877940443,394.13253845867206,386.4005966538522,393.4457092285156,4010500
2025-04-25,392.36642106219756,393.8284149817252,389.6779141379212,393.4849853515625,1790800
2025-04-28,394.25028626041484,396.57577982273,391.22817171416045,394.7114562988281,1534700
2025-04-29,394.8390839560458,398.6854421428707,394.64285983012803,397.5962829589844,1888100
2025-04-30,394.8685111839924,400.1179930401384,389.9428455426007,398.7050476074219,2487400
2025-05-01,400.8734825493273,403.2087680085474,399.37223188899503,399.7647399902344,1917600
2025-05-02,404.0427792000245,406.09350514927536,402.62001227657106,405.27911376953125,2277700
2025-05-05,403.10084862666537,406.65282535064966,402.7475973249217,404.5137939453125,3866000
2025-05-06,400.7949640465164,404.00351088043425,399.8530105626053,400.56927490234375,1745600
2025-05-07,402.1588952705631,405.0436563504097,400.48103380793106,403.3265380859375,2420600
2025-05-08,405.33795920671554,409.90058086848416,403.8367087258972,406.1033020019531,2001000
2025-05-09,406.6528104484676,407.3691047673071,403.8367416001361,404.6707763671875,1789200
2025-05-12,415.0127242973245,416.327542582674,413.177865720425,416.2588806152344,2398600
2025-05-13,414.7379957123206,416.0233789129774,413.5016909971009,413.5899963378906,3018000
2025-05-14,414.1492915549476,414.71841038192474,411.7257005574177,412.6480407714844,3064800
2025-05-15,410.6758282574435,415.7192343765129,410.6267497686671,415.52301025390625,3927000
2025-05-16,416.09449322122595,419.0796512049882,414.8768760029734,418.8537902832031,2430300
2025-05-19,416.05523483518095,420.92573365549885,415.986490646182,420.3169250488281,3121500
2025-05-20,419.6884697237388,420.474053404832,417.36123612947245,419.2662353515625,1971000
2025-05-21,415.45627075681045,416.9095782100265,410.5464847260269,411.194580078125,3624800
2025-05-22,410.33034302858107,413.5511606033504,409.839364557019,411.2632141113281,2638600
2025-05-23,406.4712840982948,410.6249730078514,406.36325324518316,408.8181457519531,3117800
2025-05-27,413.1093255468445,416.21228332342054,411.62656087428365,416.2024841308594,3126600
2025-05-28,416.08463287437775,417.1647615553277,413.148561190507,413.8163146972656,1790900
2025-05-29,414.8375244140625,415.3874179083194,411.0275266560344,414.8375244140625,2751400
2025-05-30,414.543028233322,416.61494340666167,411.94084781566283,415.2205810546875,2957500
2025-06-02,413.7083419208218,416.2025213366288,411.51856680756754,416.0650329589844,2636100
2025-06-03,415.43656082910474,418.6770069863724,414.8473806277061,418.3235168457031,2332600
2025-06-04,418.6868170629878,419.45274229981163,417.19422329188086,417.2727966308594,2163300
2025-06-05,418.26462881759534,419.1189266796334,415.23035507959895,416.3203430175781,3018800
2025-06-06,420.06160710003996,422.32992560401163,418.8537890787625,420.6507873535156,3081100
2025-06-09,420.7881897091735,421.96655005914886,418.7359032393077,420.6310729980469,2680200
2025-06-10,420.5426713385045,422.3396692494028,420.1498945713674,421.8584899902344,2022600
2025-06-11,422.1040738744589,424.26439152859444,420.4445939086791,421.8487854003906,3025000
2025-06-12,420.4740266678847,422.7816017940447,419.2662086914175,422.7226867675781,2587700
2025-06-13,418.4216900653054,419.21710281854695,413.99308429684334,415.1812438964844,4826100
2025-06-16,417.38086602430417,420.47405495665976,417.21395009373623,418.58868408203125,3177100
2025-06-17,416.8014168496609,418.72607394739833,414.7393013689116,415.47576904296875,2450200
2025-06-18,416.02567329408606,418.51982212569345,414.6116530277371,415.21063232421875,2786700
2025-06-20,416.9133741001981,417.6814774769636,414.3037940414544,415.32794189453125,3810500
2025-06-23,415.56417913614723,419.463777710592,413.22047113741263,419.2274475097656,4315000
2025-06-24,421.99470187546416,425.14591229515634,421.1576587903425,424.2202453613281,4958200
2025-06-25,424.1807931752112,424.3383566814317,421.97496419245573,423.3043518066406,3265500
2025-06-26,424.2496999662664,427.56830029366165,424.2299857469129,427.312255859375,2444800
2025-06-27,428.5136489335822,432.85639692293523,428.46442348978667,431.3201904296875,3621000
2025-06-30,433.7328777250296,434.53052232101606,431.97016791500823,433.9298095703125,2827800
2025-07-01,433.4768294939643,439.16867967555066,433.2897247086669,438.10516357421875,4520300
2025-07-02,437.8983456836719,438.60736643708816,436.60832640417595,437.9278869628906,3141700
2025-07-03,438.87324062457617,442.0145632927634,438.77475968260165,441.2563171386719,2807100
2025-07-07,440.5571562453668,441.0101325186347,434.825907981921,437.22869873046875,3657500
2025-07-08,436.92344209763706,437.6029215542309,435.30843873640964,435.6334228515625,3563200
2025-07-09,437.6127610071379,438.80429925956844,435.53492433253575,437.7407531738281,3251900
2025-07-10,437.6029488462851,440.9806321194982,436.933326458135,439.69061279296875,2262600
2025-07-11,436.9037177529167,437.68164803137535,436.007592319348,436.80523681640625,3345500
2025-07-14,436.3522525166692,437.977112920599,435.7318856949202,437.7998352050781,2244700
2025-07-15,437.7999023844836,438.38093101269527,433.4276424232812,433.4374694824219,3810700
2025-07-16,435.1213338205793,435.859895833851,430.96572040931613,435.61370849609375,4230300
2025-07-17,435.3084763274185,438.8141819167297,435.23956670652,438.4301452636719,3790800
2025-07-18,439.11087270825004,439.16011817715327,435.5544659604047,436.67755126953125,3901900
2025-07-21,437.6036124860798,439.3867314605621,436.5593559617219,436.8548889160156,2548800
2025-07-22,436.2834741008935,438.8350388208839,436.26378192590124,438.352294921875,3091600
2025-07-23,440.6083175772265,443.56376744359136,439.72168863019516,443.52435302734375,5486500
2025-07-24,440.37187649089935,442.4603895163614,440.11572789043674,440.4703674316406,5078300
2025-07-25,440.88412604068094,442.7362126314611,439.78076298176217,442.35198974609375,3710600
2025-07-28,441.9973841085095,442.80521429015295,440.7363933638623,441.68212890625,2864200
2025-07-29,441.9678590140943,442.1845932214286,439.03210112645604,439.84979248046875,3146200
2025-07-30,440.07629767884464,440.7363613315783,436.0371771285776,438.1552734375,3765000
2025-07-31,438.65767702125623,439.57388926021395,433.9585229085141,434.77618408203125,4223300
2025-08-01,431.24936479494943,431.259225914464,426.9639567561253,429.24951171875,5980000
2025-08-04,431.377452496082,435.33774435787666,431.0917506007786,435.24908447265625,5065800
2025-08-05,435.2391922205008,436.4213840676581,432.68765771370084,434.5890197753906,4081600
2025-08-06,435.54458259061107,436.37213491526416,433.59400514297994,435.40667724609375,2975300
2025-08-07,437.6725137936417,438.4015451276867,431.47594287277855,433.1900939941406,5205100
2025-08-08,434.263950822684,436.30321845233357,433.77137584340966,435.35748291015625,3684500
2025-08-11,435.7613243870301,436.2933137295094,432.70738387224907,433.4757995605469,3538100
2025-08-12,435.13085797824647,438.5394681847799,434.5890375636814,438.0764465332031,5012600
2025-08-13,439.81027551173116,442.9725979257794,439.42605266197563,442.74603271484375,6203200
2025-08-14,441.0910031239291,442.9628119706664,440.34230964962296,442.48992919921875,4553200
2025-08-15,445.4530664505363,445.60092049355524,442.5648738421439,443.11688232421875,5584400
2025-08-18,442.93941489763034,443.5505649381695,442.2296854771519,442.6436767578125,3809100
2025-08-19,443.4323185334434,445.69949404927536,441.8157007983797,442.88031005859375,5794900
2025-08-20,443.37322923104176,444.09279567661997,441.2834783179385,442.9493408203125,4731400
2025-08-21,441.3326576447894,442.6634040485167,439.5189113934629,441.55938720703125,3780700
2025-08-22,443.99422295897097,451.33792157949864,443.86607275426326,450.12548828125,8534700
2025-08-25,449.13969646983355,449.68183794655766,446.5669159905955,446.6063537597656,3898200
2025-08-26,446.33037426062634,448.26240390612116,446.08394083352016,448.006103515625,3190500
2025-08-27,447.79910542393753,450.12545260591173,447.73009684499385,449.5241394042969,2943900
2025-08-28,450.016984535378,450.6774393207228,448.30181760113896,450.2732849121094,3576500
2025-08-29,449.6127922394315,450.3225216148625,447.79904607604135,449.5832214355469,3605900
2025-09-02,445.54175760464585,447.2273838612025,443.73787820152603,447.1386413574219,6009200
2025-09-03,446.4190565396586,447.26677303220237,444.10257646484195,446.79364013671875,3948200
2025-09-04,447.0795338978597,450.7366277991456,446.10366710376803,450.52960205078125,4524200
2025-09-05,450.5985493166978,452.1264544829719,446.5176277567447,448.4989318847656,5828200
2025-09-08,448.8834635236472,449.78048489324374,447.1584293703173,449.6917724609375,4395200
2025-09-09,449.45505826376416,452.0081045326587,448.7256250675659,451.475830078125,5979400
2025-09-10,451.18014180810206,451.3674336087137,448.22294084964943,449.425537109375,5412200
2025-09-11,450.3324619143733,455.7244266368948,450.086028481136,455.33013916015625,6352100
2025-09-12,454.66967074209964,455.10339597821866,452.520778488186,452.7672119140625,3784600
2025-09-15,453.4473586300648,454.3345129234071,452.2841700280958,453.5065002441406,4862200
2025-09-16,453.5459063492069,454.22606499091,451.24916012473136,452.2348937988281,4526100
2025-09-17,453.23047475324876,457.2325508897046,451.42656536195665,454.67950439453125,5998000
2025-09-18,454.7090887662483,457.7451352050274,454.08807174685614,456.02996826171875,6681000
2025-09-19,457.4218305500885,458.4696910755714,455.59300712303434,457.6393127441406,5871400
2025-09-22,455.8796615695205,458.97382748884644,454.89111169973705,458.3609313964844,4074900
2025-09-23,458.9046779156828,461.6528456832596,456.739751022474,457.57012939453125,5904600
2025-09-24,458.14350187771095,459.1023965683428,455.52382028715857,455.7413024902344,4588800
2025-09-25,454.6341448592327,455.80062663399593,452.4692179177193,454.1695251464844,4767200
2025-09-26,455.9884323211391,458.1039437307842,455.04932795357814,456.98687744140625,4167200
2025-09-29,458.4499468872763,458.4697070262776,456.02798737689443,457.7381896972656,3752700
2025-09-30,457.32300458778246,458.7761743212467,455.5633867621318,458.43017578125,4253300
2025-10-01,457.2735620221225,459.8141426584817,457.25377171531545,458.9442138671875,4551600
2025-10-02,458.9935655200664,460.43683981335914,457.32291390714096,459.7843933105469,5458300
2025-10-03,460.4566753539673,464.99411586333827,460.3479191754075,462.156982421875,9693900
2025-10-06,462.9577548385943,463.1060313086786,458.9145888574812,461.49468994140625,7405400
2025-10-07,462.1965086557389,463.2443691702441,459.07271741847984,460.6346130371094,7368700
2025-10-08,461.96914684856625,462.76986985470404,459.6064981051149,460.73345947265625,4621200
2025-10-09,460.83231255720733,461.4353135055516,457.3130472165481,458.19287109375,5411000
2025-10-10,459.7943808779311,461.1585847336295,449.5134666945632,449.6617431640625,9309100
2025-10-13,452.98322226266595,456.2750800882794,452.81515550912167,455.4051513671875,6272500
2025-10-14,451.7970000921062,459.89322691235316,449.35528041348965,457.4119567871094,7827400
2025-10-15,459.34953648587293,461.593534099505,454.9801322621875,457.4119567871094,6187100
2025-10-16,458.06437697631594,458.9540658811216,452.59769706132107,454.2980041503906,8149500
2025-10-17,454.1941949352336,457.96183878418293,453.8184445422433,456.6466369628906,8439900
2025-10-20,458.29807792126473,462.33270939124645,458.278280936798,461.828369140625,4556600
2025-10-21,461.87784318802125,466.0113691506322,461.7196181999073,464.0039367675781,5951600
2025-10-22,463.9939746574903,464.0236399525486,459.3165754594433,460.60211181640625,7604700
2025-10-23,460.37472006800874,462.76783151375423,459.69238801100545,462.09539794921875,5144200
2025-10-24,464.7950055914854,467.9792116260457,464.0632414683345,466.9606628417969,7228900
2025-10-27,469.4823277526245,470.3327530546293,468.443981997973,470.0657653808594,4720200
2025-10-28,473.4774465508537,474.0806812280465,471.5194763744433,471.8457946777344,9435500
2025-10-29,473.3290855665258,475.0497633935204,469.21532654751815,471.0744323730469,10006500
2025-10-30,468.82969609025486,474.8124294836562,468.6418058018893,469.7295837402344,9338300
2025-10-31,470.57006223916034,471.8556288262608,468.15721439441177,470.3822021484375,7990900
2025-11-03,470.86682541097775,471.00525342424794,466.0608353527008,468.20672607421875,4858700
2025-11-04,465.1906383872205,467.45516011254114,463.58862159854476,465.665283203125,6013300
2025-11-05,465.5663589253117,469.2845706956897,465.170811544668,467.8506774902344,7030200
2025-11-06,466.8419925512873,468.1769912680798,462.64913630614694,464.063232421875,7125200
2025-11-07,463.0743875722493,464.72583637916284,459.69239255289045,464.6368103027344,8604400
2025-11-10,466.65412577847394,468.92857597526324,464.2313792680855,468.55279541015625,5636600
2025-11-11,468.9879138020417,474.5256374416315,468.73079442651414,474.0806579589844,4839100
2025-11-12,475.1486476428529,479.01518594768555,475.1486476428529,477.3934326171875,7066900
2025-11-13,476.0485228285611,477.0473048457283,468.9483463629159,469.4625549316406,8722300
2025-11-14,466.1398921437631,468.78019409309024,463.65778499176565,466.5552062988281,10940200
2025-11-17,465.63560818525826,467.10903506776884,459.3759883794818,461.1361999511719,7599500
2025-11-18,457.0322900102562,458.94082787876346,454.4216231444262,456.17193603515625,12817500
2025-11-19,456.3796711945557,458.24864547020053,454.31290813134774,456.62689208984375,5833400
2025-11-20,461.45261139023245,463.8160272648808,452.6218587908104,453.0075378417969,13414200
2025-11-21,455.00360484002397,461.22160986643877,453.3302854581858,458.0036926269531,11821400
2025-11-24,459.17206408599384,461.2711315443468,456.4591218294042,459.8552551269531,6206800
2025-11-25,460.9839615083538,467.2415801713243,458.8750134239958,466.5286865234375,7203600
2025-11-26,467.53864938580875,471.0932067676952,467.2712953754639,469.66741943359375,5689100
2025-11-28,470.13279380397324,472.8952303997656,470.13279380397324,472.469482421875,2281800
2025-12-01,469.6575948511278,472.24184620055576,468.28133181444383,468.6476745605469,4413900
2025-12-02,469.5288283886047,471.75661751770497,468.44959194757723,470.5684814453125,5233500
2025-12-03,470.1426849511506,475.4398782732684,469.9842909873807,474.677490234375,5994200
2025-12-04,474.9745173349907,476.4795319397633,472.78634188860025,474.3408508300781,4003800
2025-12-05,474.7468232483956,477.1726199394651,474.55869641641044,475.2913818359375,4596600
2025-12-08,475.7468593491246,475.77656199709827,472.1328961694777,473.4299621582031,4427600
2025-12-09,473.3507470242025,475.53892258458416,471.39028168411494,471.717041015625,4266900
2025-12-10,471.42988619043547,477.98453200706507,470.66746790917017,476.5983581542969,5476200
2025-12-11,477.4399739318938,483.5589607990228,477.202322545219,483.0539855957031,6972300
2025-12-12,483.87581010014577,484.82632499970003,479.39052920320904,480.6083679199219,7089900
2025-12-15,482.76682878753604,482.91537223191904,478.9350364219752,480.3806457519531,4891300
2025-12-16,479.6776060776954,480.6875564049307,475.5883708669063,477.22210693359375,5373200
2025-12-17,478.0439562316926,480.0044216115994,474.7567222389973,475.06365966796875,6381600
2025-12-18,477.4201602972103,479.8459872464373,474.6775151874661,475.76666259765625,6422800
2025-12-19,476.9117735295649,479.0749464808584,476.72323705121073,477.43768310546875,6439100
2025-12-22,478.1421667171347,480.69234500094535,478.1421667171347,479.7298278808594,4162000
2025-12-23,478.4596952503528,481.37701387310284,478.4596952503528,480.493896484375,3677800
2025-12-24,480.4541617545149,483.8080877019933,479.85878508820906,483.2524108886719,1544000
2025-12-26,483.083771876126,483.85775255806647,481.9823506404149,483.2723083496094,2711500
2025-12-29,482.1410926550388,483.1532118645758,480.0175894551593,480.8511047363281,3390100
2025-12-30,480.8809080216497,480.9305404157643,479.09480804015516,479.8588562011719,3042700
2025-12-31,479.9183749243884,480.07714407247175,476.65375055905815,476.8621520996094,3441900
2026-01-02,478.1322335537559,480.2160368037962,474.6890055511135,479.89849853515625,7021100
2026-01-05,480.67248953948314,488.2436243519221,480.51372040172765,485.9911193847656,7574400
2026-01-06,485.55453208851344,491.29986747969093,485.18739169055937,490.7937927246094,6061400
2026-01-07,491.8257576507163,492.42113434816514,485.72321463662837,486.1796569824219,5603700
2026-01-08,484.0462745884118,489.7122103125566,484.0462745884118,488.7298583984375,6544800
2026-01-09,489.05728457809926,491.87539897842674,488.11463254861576,491.20062255859375,6004600
2026-01-12,488.5313594881218,492.51042957483463,486.26895229445057,492.0738220214844,5722400
2026-01-13,491.7265107263293,492.13335095460167,486.8444885512929,488.1443786621094,5966400
2026-01-14,486.87425522527445,488.14437801439135,484.78051944666225,487.7871398925781,6767800
2026-01-15,488.57111989187905,492.00441582133857,488.4123507362464,490.66485595703125,8519900
2026-01-16,490.86232510392034,492.3512907007978,488.64871867771956,489.790283203125,5845500
2026-01-20,482.59359868301084,485.46232321008523,480.6877094590393,481.3130798339844,7416300
2026-01-21,482.0973076415321,489.28403876110224,481.98810107566607,487.1895446777344,6718600
2026-01-22,489.8399057405197,492.36122931266567,488.83732587311766,490.05828857421875,5087200
2026-01-23,488.2020404473668,488.50975757636803,485.9586559518642,487.3185729980469,4915700
2026-01-26,488.2913896277461,491.2097646697981,487.8546239552565,490.4255676269531,3722800
2026-01-27,487.0803875293043,487.9737608886402,484.9660513932557,486.45501708984375,5971400
2026-01-28,486.6733655981927,487.77521588832707,485.3332905072,486.52447509765625,4726500
2026-01-29,486.47483330217256,489.3237462969898,482.3156838795619,486.6038818359375,9706500
2026-01-30,485.5119543208195,486.87190166052994,480.9954375216127,485.43255615234375,8112100
2026-02-02,485.27373717044946,491.1700433711436,483.3976562664555,490.3957824707031,5584500
2026-02-03,489.51238789716325,492.867498562309,484.6881231799365,488.6884765625,8799100
2026-02-04,490.2866231520209,492.8476307441515,487.49726629468785,491.1105041503906,8797100
2026-02-05,488.8870002471388,489.81015169685423,484.6384860590361,485.3134765625,7767500
2026-02-06,488.7479407834192,497.9795447471133,488.50971600526026,497.34423828125,10635300
2026-02-09,496.43107809236426,498.4660160656552,494.6443313630655,497.5329284667969,6414800
2026-02-10,498.6446514100899,501.58286839072923,497.57260950265487,498.2078857421875,8163100
2026-02-11,500.5008780666018,501.4041874806322,495.45826133334725,497.6420593261719,5743800
2026-02-12,499.4288240201762,500.82845525663055,490.68363554481596,491.03106689453125,9160300
2026-02-13,491.39834137000923,494.1181753900907,487.5865932309997,491.6365661621094,8378100
2026-02-17,491.68619845829437,493.9097409811633,488.48988448143484,492.202392578125,6779400
2026-02-18,493.12561128159587,495.6667771177063,491.01127503124223,493.343994140625,4454300
2026-02-19,491.9145374597769,492.8376888828169,488.7877156859774,490.74322509765625,4625400
2026-02-20,489.5237838889221,493.95646317451354,488.38083234409373,493.0420837402344,6086800
2026-02-23,491.4716996228905,493.946441245808,484.1667046948148,485.0214538574219,8269200
2026-02-24,485.3991477451001,489.8318265188537,484.4649018140784,488.7783203125,5335000
2026-02-25,490.60707989832457,492.09789409634357,488.8876632708933,491.789794921875,4446200
2026-02-26,493.9564382927719,495.1590199215749,489.2255781920336,491.82952880859375,6467000
2026-02-27,486.63156188321864,487.9434856204814,483.77914231630825,486.661376953125,7198400
2026-03-02,481.37396926144567,487.97332143438217,481.1851303671139,486.184326171875,7218500
2026-03-03,477.21953079194935,484.40526559743336,473.81054319849704,482.54669189453125,11570700
2026-03-04,483.58034629009705,486.0352214373305,480.986344262693,484.75311279296875,7590700
2026-03-05,480.8571269310542,482.5168829809184,473.23408413714304,476.9014892578125,8758600
2026-03-06,470.8189701040242,473.3136087297047,467.5789244305768,472.3197326660156,8206100
2026-03-09,467.99635886703066,476.4443052846318,463.8220673284106,474.9534912109375,10305600
2026-03-10,474.81436089166516,479.9129501653175,472.1010985355448,474.7746276855469,6265600
2026-03-11,474.4764487169285,474.8441780246163,469.566698308428,471.9023132324219,6701700
2026-03-12,467.4596891529971,468.59272248492243,464.54763941003347,464.6172180175781,8000200
2026-03-13,467.0621535175499,469.20892960979455,462.92762515441495,463.55377197265625,7471700
2026-03-16,467.19138028425465,469.80527947418534,466.10805889452666,467.4199523925781,7059900
2026-03-17,470.4810589244992,472.2203420472025,467.74789973167975,468.0162353515625,6189400
2026-03-18,465.89923481626903,466.8732442011328,459.9260607681219,460.1645812988281,7090700
2026-03-19,457.15315947810603,460.5323319194808,455.35424628732653,458.2364807128906,7882800
2026-03-20,456.90585140805484,458.7385309215316,451.73648723412185,454.0771484375,10543300
2026-03-23,461.45763232735004,465.1827805391447,459.08712215139985,460.1329345703125,9978100
2026-03-24,456.5970562801969,462.09509445592096,455.6209424143694,459.33612060546875,8188000
2026-03-25,463.87798506838425,465.3819597201265,459.9635900386401,462.2943115234375,7019700
2026-03-26,459.7046330399495,463.579148129217,457.1149662080611,457.4834899902344,8284000
2026-03-27,455.54126244929637,455.68072032001845,448.6985863321488,449.59503173828125,6938500
2026-03-30,453.7882911528235,454.3062124056138,448.648806489079,450.2623596191406,9181600
2026-03-31,454.9934192101598,461.9755525456922,452.86194507001625,461.3480529785156,11656300
2026-04-01,464.14694959610495,466.03938816113595,462.6529143506239,463.6290283203125,7790300
2026-04-02,458.33012382404536,465.66084133682114,457.05521510894425,463.21063232421875,3955900
2026-04-06,462.3142422958371,465.16285473627335,461.6170137312513,464.9138488769531,2905300
2026-04-07,463.8978863655837,464.4556570232359,460.272346694623,464.0273742675781,3943200
2026-04-08,476.97569229960624,478.2904504872317,473.6688873051139,477.25457763671875,4697500
2026-04-09,475.59117599100813,481.3481896936893,475.11310424028204,479.983642578125,4213700
2026-04-10,480.2824889110031,480.48167535047986,476.7266781277173,477.3442077636719,2659000
2026-04-13,474.2067486454073,480.3621659860184,473.26051425327455,480.2127685546875,3768700
2026-04-14,480.4916182078051,484.0374588304275,479.9437871386474,483.5593566894531,4217900
2026-04-15,484.57534029747484,485.1430505182216,480.9398306737561,482.7924499511719,3474500
2026-04-16,483.88812994781745,484.84430396897835,481.42795075874335,483.6988830566406,4111500
2026-04-17,488.9262210395909,495.273577828179,488.6172947723427,492.4635925292969,10238700
2026-04-20,491.69633413883037,493.02159405545694,490.560371002475,492.57318115234375,3764000
2026-04-21,495.47287780494497,496.60884102128824,488.57748742164125,489.61376953125,4322200
2026-04-22,493.55968584587913,494.37677893993583,491.47711716160404,493.0016784667969,4022400
2026-04-23,490.79951189831655,493.370359852366,486.7738915693325,491.2479248046875,4077300
2026-04-24,491.29773494761,491.7361736621143,489.02583906750664,490.4607238769531,3372300
2026-04-27,489.8528986311928,491.7959502402182,488.5475567001314,490.0820617675781,2132100
2026-04-28,491.7063122506317,492.0650486799921,489.0258696548524,489.673583984375,3057100
2026-04-29,489.2052455968551,489.74330461898666,485.2692711721586,486.933349609375,3322300
2026-04-30,489.23511638117014,495.8116363038701,488.64721683215896,494.88494873046875,5352300
2026-05-01,497.06717362405715,498.15329623433973,493.1511477118313,493.2607421875,4402600
2026-05-04,491.7461292931474,492.5731661407197,487.2621220351552,487.82012939453125,3310400
2026-05-05,490.14192506576745,491.8358653227996,488.2885193620452,491.2080993652344,3386200
2026-05-06,495.21380784776704,498.3027665185604,495.13407512838506,497.27642822265625,4317300
2026-05-07,498.7312718937813,499.4188221694961,493.0116503188625,494.1476135253906,4490500
2026-05-08,496.7084757666612,496.7782038845384,493.17107377437986,494.3668212890625,3495200
2026-05-11,494.0379807519458,496.07073937853687,493.00169866782875,495.34332275390625,4249100
2026-05-12,494.7454744354891,496.63871598802984,491.43726600777734,496.1205749511719,7445700
2026-05-13,494.39670185276003,495.84153045587476,492.88211472428287,495.37322998046875,3256800
2026-05-14,499.60813260507734,500.3753851669712,497.07715095635194,499.02020263671875,4920500
2026-05-15,495.82583685275614,496.2445579474744,493.5925461193298,493.8816833496094,5300700
2026-05-18,494.1608244189404,496.1448661974244,492.11699576909325,495.5167541503906,5496200
2026-05-19,493.343302016448,494.84877505580613,491.10006199531216,492.4958801269531,5361300
2026-05-20,494.38016446769416,499.4249593733277,491.010314736271,498.7370300292969,6516100
2026-05-21,497.2814418226805,502.53559744544447,495.7161514987493,501.5984191894531,6576000
2026-05-22,505.4867364184841,507.21151929135164,504.17069495674593,504.5993957519531,5172200
2026-05-26,506.04506223264644,506.71303224382217,502.45587199996237,503.7320251464844,3897800
2026-05-27,504.40995874240537,507.1716559291718,504.2903241427847,505.35711669921875,4247800
2026-05-28,503.8217269414766,506.6830992981744,502.1268527641782,505.5265808105469,3709600
2026-05-29,506.37403975953987,509.7737982764283,505.6761611218049,509.2453918457031,5346700
2026-06-01,508.3181925752424,510.3221329621206,506.80273985080487,509.9034118652344,4424800
2026-06-02,507.55048506105334,512.9442346786213,507.4009418125956,512.5055541992188,5078000
2026-06-03,509.63423191140373,511.30914671791777,506.46376291863044,506.73297119140625,4098000
2026-06-04,512.1466775195022,516.0250050482275,511.1397022167542,515.1476440429688,6390700
2026-06-05,516.1545841677072,516.1944420827633,507.22148220107357,508.16864013671875,6610700
2026-06-08,509.23540909228666,512.2164464937902,506.79278823606427,507.3810119628906,4825700
2026-06-09,509.9433047322001,511.9970827449698,501.56851760947774,507.8795166015625,6249400
2026-06-10,505.96524711161004,507.2114915126029,498.5974660344023,498.74700927734375,5153400
2026-06-11,501.67820522690664,509.2254690229731,500.0630772654531,507.82965087890625,6353900
2026-06-12,511.3490824757929,513.7518150715757,507.94932386467246,511.5185546875,8384500
2026-06-15,517.6699898468172,519.2751989603456,516.3140904773323,516.8823852539062,5379400
2026-06-16,518.756782828409,521.727810386642,518.4975542236639,519.8734130859375,4812600
2026-06-17,519.6938990258615,522.5951292395929,513.7517837681761,514.748779296875,6563500
2026-06-18,518.2828041948835,519.3725215786797,515.2836559307957,515.3736572265625,7134400
2026-06-22,516.6933054335216,518.7626641027267,515.8435101222632,516.9332275390625,6552200
2026-06-23,514.5338759584902,518.5727070433927,512.8243394579733,516.4733276367188,5039200
2026-06-24,516.0434471766606,522.2816657699412,515.8635056039114,518.372802734375,4395900
2026-06-25,521.0420546810981,526.4205323671702,518.4027894412305,519.1126098632812,5357500
2026-06-26,516.8532402447489,521.1320545782737,515.9534713188154,517.60302734375,3823600
2026-06-29,520.4821707052246,522.8314790097821,519.2525394924708,521.5318603515625,5733400
2026-06-30,522.2016715240223,522.9914862809657,519.4425063900436,522.24169921875,3607900
2026-07-01,521.281952649362,526.5704287905505,519.4724689700812,522.251708984375,3438400
2026-07-02,525.3408273430715,528.1100605907958,523.5813171647845,527.7301635742188,3518700
2026-07-06,528.5698470187989,529.9395141601562,525.7006668022485,529.9395141601562,3236900
2026-07-07,532.3588327378038,532.3887924916773,526.9603413646722,528.2999877929688,4489200
2026-07-08,523.1914275052114,524.3111046063135,519.8823698011316,522.62158203125,3575000
2026-07-09,523.5013739886397,525.0009481782172,521.9917928749455,524.0411987304688,3056400
2026-07-10,525.4907624125448,526.3204828063361,521.5918453863287,525.6307373046875,3469400
2026-07-13,525.6907120401572,527.7100969592801,522.7515444266438,524.321044921875,2723800
2026-07-14,523.1714095207726,526.5704074730129,522.4116155614997,524.541015625,3664000
2026-07-15,525.7507466110128,527.5801832289122,523.5513588819691,525.8007202148438,3246900
2026-07-16,526.6604486726088,527.7801258496986,522.9215201329164,524.6810302734375,3173300
2026-07-17,519.6400146484375,525.3599853515625,518.9000244140625,520.8099975585938,4741300
2026-07-20,522.0399780273438,523.4000244140625,517.1599731445312,517.9400024414062,2336600
2026-07-21,519.6300048828125,523.010009765625,518.1199951171875,521.510009765625,3240700
2026-07-22,521.6300048828125,524.3699951171875,521.010009765625,521.469970703125,3204100
2026-07-23,515.0700073242188,518.1699829101562,514.719970703125,516.260009765625,4305100
2026-07-24,517.280029296875,520.5599975585938,516.27001953125,518.760009765625,3328400
2026-07-27,524.7000122070312,525.3400268554688,519.2899780273438,521.260009765625,3355200
2026-07-28,526.1900024414062,528.469970703125,523.6699829101562,526.8900146484375,5157900
2026-07-29,522.4600219726562,523.1699829101562,514.8200073242188,515.4099731445312,7369400
2026-07-30,518.8400268554688,521.97998046875,515.8699951171875,521.510009765625,3225300
2026-07-31,524.0800170898438,525.6099853515625,519.25,524.3200073242188,3981100
2026-08-03,529.5499877929688,531.6500244140625,528.6900024414062,531.219970703125,4328000
2026-08-04,537.9000244140625,542.0900268554688,536.0,540.4299926757812,6705400
2026-08-05,543.2999877929688,546.75,542.6500244140625,542.8099975585938,5256700
2026-08-06,543.7999877929688,544.5700073242188,537.6900024414062,538.1900024414062,3651800
2026-08-07,538.7100219726562,540.219970703125,537.4299926757812,539.6199951171875,2230100
2026-08-10,538.7000122070312,540.02001953125,537.8800048828125,538.989990234375,3408900
2026-08-11,539.9099731445312,541.719970703125,536.9099731445312,537.280029296875,2826800
2026-08-12,539.010009765625,539.1900024414062,536.8599853515625,537.1500244140625,3167600
2026-08-13,538.7000122070312,539.969970703125,535.6900024414062,537.9099731445312,2033100
2026-08-14,537.4099731445312,538.280029296875,536.2000122070312,536.7999877929688,2089100
2026-08-17,534.5,535.97998046875,533.489990234375,534.1900024414062,2668100
2026-08-18,533.3800048828125,534.260009765625,532.02001953125,532.9099731445312,3825700
2026-08-19,535.3300170898438,536.6799926757812,533.5800170898438,534.27001953125,3062700
2026-08-20,530.3499755859375,531.780029296875,527.2100219726562,527.510009765625,2860706
