Date,Open,High,Low,Close,Volume
2015-01-02,103.52605257054238,103.94853566151423,101.64642546326293,102.54312896728516,46133100
2015-01-05,101.9395873804175,102.35344651109837,100.69799683203038,101.17221069335938,51141900
2015-01-06,101.41363233899263,101.54295920105649,98.60281232243202,99.42191314697266,67446000
2015-01-07,100.06857462830614,100.67212849519323,99.56849540830173,100.6462631225586,32252100
2015-01-08,101.44811843484047,102.47414878388325,101.2670476774258,102.35343933105469,28361700
2015-01-09,102.43966529374552,102.4655306668079,101.14634401524927,101.37052154541016,26975200
2015-01-12,101.48261211549506,101.74990299962515,100.2151627246116,101.03426361083984,27316800
2015-01-13,101.81885455611992,102.93973545843365,99.86163154645928,101.1118392944336,49991400
2015-01-14,99.99958116786577,100.96525662386765,99.62882889010201,100.70659637451172,34224200
2015-01-15,101.07736421555178,101.20669107105736,98.70627538476462,99.00804901123047,46199400
2015-01-16,98.64593464843473,100.82733562959555,98.4648638687059,100.62039947509766,41895700
2015-01-20,100.74970768608634,100.9480198065868,99.29257045438247,100.19789123535156,36444400
2015-01-21,99.84440058482059,100.72385611799511,99.4046695291474,99.8788833618164,27333500
2015-01-22,100.49968084522413,101.9482009037903,99.24084895523492,101.91371154785156,37877000
2015-01-23,101.9482109505236,102.40518344994406,101.35328759192556,101.8447494506836,28173400
2015-01-26,101.63779234920321,102.83626938196808,100.93940105651656,102.82765197753906,23006800
2015-01-27,101.62054244273386,102.81901937502346,101.4136129248732,102.336181640625,26919100
2015-01-28,102.75865863128246,102.9914535029506,100.29272621265658,100.61174774169922,38086100
2015-01-29,100.89628420764603,102.01716509248355,100.09442488619669,101.99992370605469,39299900
2015-01-30,101.29290224770993,101.70676127835034,99.67193573955139,99.7581558227539,49739800
2015-02-02,100.12028747330397,100.74107599927459,98.62003044557288,100.67210388183594,44819100
2015-02-03,101.16360404602493,102.60350032902366,101.11186671555855,102.47416687011719,43920000
2015-02-04,102.10338974338114,102.81040502563646,101.827481500993,102.09477233886719,28597100
2015-02-05,102.40516780137673,103.68124758917753,102.25859298021976,103.4139633178711,32337100
2015-02-06,103.55193808273528,104.17273344304338,102.90527734544321,103.30189514160156,31694900
2015-02-09,102.94837691446105,103.65539229615021,102.36207099465742,102.48278045654297,32367900
2015-02-10,103.0604512037287,103.32773547200446,101.82748476703523,103.13805389404297,28960800
2015-02-11,102.92247533632384,103.31046895901984,102.27581491305052,102.99144744873047,23794200
2015-02-12,103.60364388622567,104.25892183098281,103.32772907390115,104.16407775878906,27854600
2015-02-13,104.2503054536856,104.9228313699236,104.02612795554917,104.78487396240234,20446900
2015-02-17,104.89697241114472,105.2418527946821,104.55208544943568,105.1125259399414,16868500
2015-02-18,104.81075891207986,105.23324861791305,104.44000653281812,105.22462463378906,20450200
2015-02-19,104.98319533070482,105.51776388646876,104.79350716775433,105.23323822021484,16620500
2015-02-20,105.06079639749223,105.6557262860285,104.24169555869567,105.51776885986328,30331600
2015-02-23,105.27635171544614,105.6471040817947,104.56071235604765,105.6212387084961,25778200
2015-02-24,105.59540109313657,106.09548703560833,105.3539821079913,105.75922393798828,20023600
2015-02-25,105.68157831137177,106.08681997683516,105.3884286850535,105.87989044189453,17059600
2015-02-26,105.78504553035235,106.31099663521438,105.4746479413134,106.26788330078125,24379000
2015-02-27,106.07818684308313,106.3627190404375,105.66432780890472,105.69019317626953,23821700
2015-03-02,105.66434513898957,106.72486484390774,105.64709717247035,106.45758056640625,29683500
2015-03-03,106.21616346217455,106.21616346217455,105.41430403789694,105.82816314697266,23068400
2015-03-04,105.371208227097,105.7160952608119,104.85388096561118,105.50054168701172,22822500
2015-03-05,105.64709030551235,105.9833532708903,105.11252178525581,105.8109130859375,19725600
2015-03-06,105.17290060232872,105.78507195077903,104.22445963329159,104.47450256347656,37319900
2015-03-09,104.64692424589809,105.12113803841002,104.4313707279823,104.93144989013672,17556300
2015-03-10,103.99165716583728,104.0692532877902,103.31913112955559,103.72437286376953,32440300
2015-03-11,103.8709192757232,104.44860106385487,103.36220960661677,104.36238098144531,20914500
2015-03-12,105.03493263354427,106.1816790879629,104.96595391940505,106.095458984375,41063300
2015-03-13,106.00060431631348,106.21615784285346,104.50897101826135,105.71607208251953,26371000
2015-03-16,106.14718774428074,106.552429459549,105.94887558938508,106.33687591552734,19906300
2015-03-17,106.0264615040372,106.72485277111109,105.85401474921144,106.62139129638672,23142600
2015-03-18,106.39723075291685,107.88024018980143,105.92301032431814,107.4749984741211,40292600
2015-03-19,107.2249580700689,107.74228527265805,107.18184472894801,107.68193054199219,34008200
2015-03-20,108.08717089525693,108.77694487540266,108.04405755468325,108.63036346435547,34165600
2015-03-23,108.59589245982612,108.91491413073712,108.45794158738711,108.53553771972656,17132400
2015-03-24,108.44070297040432,108.90629953912043,108.34586543764489,108.50968170166016,30115600
2015-03-25,108.56413646574993,108.62467543249379,105.83986976577096,105.91770935058594,42514000
2015-03-26,105.58905399635219,106.29823411127916,105.11339261465355,105.78797149658203,26899200
2015-03-27,105.83985709130432,106.57498151148663,105.39014004909734,106.4625473022461,23066800
2015-03-30,106.99879090665057,108.09714286205671,106.98149028472065,107.90687561035156,20487000
2015-03-31,107.48303538557273,107.85491934494652,107.15439635566676,107.56087493896484,24507800
2015-04-01,107.43980974133123,107.6041259765625,106.28956310345924,107.6041259765625,31955200
2015-04-02,107.55226390202337,108.33062672888472,107.49172493761483,107.80307006835938,23586400
2015-04-06,107.1631092564547,108.5209176969083,107.13715832466585,108.27875518798828,22045600
2015-04-07,108.07983035476616,108.53819778370998,107.56092395592887,107.58686828613281,20214700
2015-04-08,107.56960484245974,108.67661390034075,107.56960484245974,108.51229095458984,19314400
2015-04-09,108.41712855443755,108.73712404858537,107.04201955887342,108.12307739257812,22325300
2015-04-10,108.48630283238272,108.78899766429736,108.29603562424997,108.64197540283203,14966300
2015-04-13,108.70251504165643,109.30790470923068,108.60738143700155,108.7111587524414,22819200
2015-04-14,108.74574251294806,109.03979360653747,107.91549108121322,108.6852035522461,22600800
2015-04-15,109.10899957293591,109.94789484297169,108.90143173454811,109.4462890625,37282300
2015-04-16,109.3770918786291,109.61924774099533,109.10899168790253,109.3857421875,24439900
2015-04-17,108.20954651920192,108.58143060651634,107.08524394873915,107.61280059814453,48283500
2015-04-20,108.14900140347845,108.92735757140053,107.95873421638578,108.66790771484375,24602300
2015-04-21,109.01387026164402,109.18683686886772,108.46901291220847,108.55549621582031,13844600
2015-04-22,108.55547236751082,108.86681747071725,107.64738798170178,108.71979522705078,21991300
2015-04-23,108.52088802658801,109.43762275154172,108.33062083501228,109.21276092529297,18025800
2015-04-24,109.25601181276426,109.36843943287982,108.70251082438382,108.84953308105469,14992500
2015-04-27,109.1521993914576,109.75759547566166,107.27548538675117,107.64736938476562,32924600
2015-04-28,107.70795644450351,108.42578044009456,106.59230395211891,108.2441635131836,35654900
2015-04-29,107.6473926779551,108.01927675643938,106.92091853936286,107.06794738769531,26437900
2015-04-30,106.42797921990024,106.75662502336023,104.35235346327443,104.80207061767578,72393800
2015-05-01,105.09611338532869,105.64962105566143,104.5685632432791,105.48529815673828,47996200
2015-05-04,105.62365175858797,106.67876505571851,105.3382575604191,105.86581420898438,37675100
2015-05-05,105.81392418159949,106.04743633502164,104.02369293112348,104.51665496826172,56891600
2015-05-06,104.7415261073454,105.070165295183,103.9891075214702,104.87989807128906,34348300
2015-05-07,104.76745496540715,105.7101406359539,104.2744929573283,105.27771759033203,29826100
2015-05-08,106.31553395015818,106.5922844450306,105.85716656161188,106.06472778320312,26357100
2015-05-11,106.03013342735811,106.94687480513076,105.89176147868159,106.1252670288086,28406700
2015-05-12,105.81391201107405,106.3068739915127,104.53394356282182,105.93498992919922,34961600
2015-05-13,106.16850205576324,106.55768013570103,105.51121721576114,105.93498992919922,27214700
2015-05-14,106.4452557372061,107.11983461518605,105.9003984909516,107.05929565429688,23293200
2015-05-15,106.86036996237212,106.99874848993913,106.32416966367833,106.9382095336914,22055600
2015-05-18,106.7220047613888,108.24413566933252,106.52308726503323,108.14900207519531,30846000
2015-05-19,107.9327933415075,108.14900486134366,107.50901401188725,108.0019760131836,23256800
2015-05-20,108.25278587189233,108.50359203527391,107.53496201789523,108.20089721679688,20838500
2015-05-21,108.0884842941511,108.5122570976368,107.6560611808893,108.079833984375,16229300
2015-05-22,107.89820139501998,108.31332382842783,107.2409165108301,107.61280059814453,22601400
2015-05-26,107.18902966263099,107.27551295452741,105.96094316399375,106.58363342285156,44037800
2015-05-27,106.68741372339186,107.99333316108766,106.19445171817915,107.8895492553711,32086300
2015-05-28,107.63010308082283,107.85496493224865,107.0420074220379,107.79442596435547,18631900
2015-05-29,107.76848039023673,107.87226430467744,106.6528280534463,107.14579010009766,33468900
2015-06-01,107.83767574462642,108.01929265644478,106.40202787274862,107.48308563232422,35649400
2015-06-02,107.06795201889177,108.37386490597878,106.79120152513633,107.69063568115234,29477600
2015-06-03,107.89820017354525,108.9100685165555,107.6041490714791,108.76304626464844,30774800
2015-06-04,108.17492917235323,108.64194676057711,107.31008325303142,107.6733169555664,25820600
2015-06-05,107.43982998671714,108.5554756085554,106.65281689726716,108.45169830322266,36626500
2015-06-08,108.34790925237905,108.64196033277345,107.73386936474115,107.95008087158203,18798700
2015-06-09,107.85495023269694,107.98467846000243,106.80848730273564,107.62144470214844,23928300
2015-06-10,108.04521750608345,109.38573152555973,107.97602823836493,108.96195220947266,42563500
2015-06-11,109.11762294932983,109.43761835852128,108.89276773035905,109.23870086669922,17489400
2015-06-12,108.90142201793594,109.10033952907949,108.4776492659807,108.91007232666016,23578600
2015-06-15,108.20089129872984,108.79763719269701,107.1890229902,108.56412506103516,30618300
2015-06-16,108.4343911384491,109.53274927407091,108.3825024889163,109.33383178710938,32800900
2015-06-17,109.6105919028653,109.80085909891292,108.94466331495062,109.16952514648438,32467000
2015-06-18,109.67977419417835,110.90786058190206,109.61058492760908,110.631103515625,39642100
2015-06-19,110.54462136977713,110.83867245659842,110.35435418387836,110.57921600341797,23310900
2015-06-22,111.0635444028685,111.4267782134189,110.83003224019133,111.34030151367188,25230000
2015-06-23,111.28837548528207,111.64296550778957,111.04621966418001,111.57377624511719,23378500
2015-06-24,111.35757101984737,111.65162870189255,110.46678725533754,110.631103515625,26436800
2015-06-25,111.00301686352631,111.06354923633305,110.05168074936945,110.57058715820312,24100900
2015-06-26,110.78678093490868,110.99433553487282,109.67977248183817,110.26786804199219,38219900
2015-06-29,109.51547290067577,109.89600734348733,107.33606336060265,107.48308563232422,49224900
2015-06-30,108.26143065257948,108.38250857378796,107.49171818278906,107.98468017578125,39631300
2015-07-01,108.7716909575588,109.10898700652835,107.29280492020101,108.30467987060547,28627700
2015-07-02,108.39933761769066,108.52961617201306,107.14868072442616,107.50476837158203,31486400
2015-07-06,106.77522379488273,108.13879192115351,106.6709996215637,107.47003173828125,27852200
2015-07-07,107.59162902832031,107.68716620239388,105.55062023230357,107.59162902832031,39347100
2015-07-08,106.6536205152007,107.13129968135762,105.33347430324821,105.95011901855469,40724500
2015-07-09,107.13131516438241,107.28764811664846,106.19331745078614,106.33228302001953,29770400
2015-07-10,107.5568914584642,107.9911489465095,107.14000798063701,107.80876159667969,28735800
2015-07-13,108.36459270465942,109.12020299416675,108.34722532356098,109.02466583251953,21349900
2015-07-14,108.96388443356855,109.86714077341617,108.91177565715684,109.63264465332031,21009500
2015-07-15,109.70209866405216,109.84975121114596,108.79884250657372,109.05071258544922,22238300
2015-07-16,109.52842520294939,110.07558725762462,109.40683363524379,109.7021255493164,33568400
2015-07-17,109.70212077315436,109.76291655436026,108.87703422446808,109.22444152832031,24739900
2015-07-20,109.24180790410776,109.31129068948597,108.35592558238655,108.63385009765625,23271100
2015-07-21,108.62515439887972,109.25917316878537,107.79138091980342,108.12141418457031,28118700
2015-07-22,107.76533890601907,108.64253425350617,107.59163193653399,108.52094268798828,20654200
2015-07-23,108.5556850003911,108.90309231605738,107.08789919672226,107.32239532470703,39712100
2015-07-24,107.24421175336977,107.44396644915861,105.51586250897957,105.59403228759766,39533000
2015-07-27,105.20319355192086,105.36821348151584,104.45627030650625,104.71682739257812,35627200
2015-07-28,105.02082922944427,105.7938070274094,103.64857397808736,105.61141967773438,53474800
2015-07-29,105.40297513048537,106.24543569432943,105.06425482922235,105.9067153930664,32411300
2015-07-30,105.63747790361955,106.34097956505305,105.09900284013841,106.21070098876953,29383900
2015-07-31,106.34962004938471,107.4092090205172,106.14986538342829,106.79256439208984,31812700
2015-08-03,106.85338487947851,106.96629605494145,105.48981677969611,106.2627944946289,34033200
2015-08-04,106.2975367968047,106.79259001877465,105.62009624318718,106.01092529296875,21728900
2015-08-05,106.47123332889501,107.28763941632843,105.88064958627467,106.25410461425781,25673500
2015-08-06,106.36703104930072,106.53205101650136,104.03072362416954,104.82107543945312,42225300
2015-08-07,104.34336941834621,104.60392651352873,103.41405883068376,104.1175537109375,42261400
2015-08-10,104.50838965768872,105.54191778543661,104.49101565063019,105.31610870361328,28798900
2015-08-11,104.63867277358742,105.16846073964058,103.91780385275989,104.41285705566406,33383800
2015-08-12,103.84832956896086,104.5170831472852,102.4587070108406,104.21310424804688,46500100
2015-08-13,104.3086519101786,104.73422241191078,103.69200704506844,103.86570739746094,35698300
2015-08-14,103.77883641974468,104.64735126010866,103.37063338457482,104.5344467163086,21091500
2015-08-17,104.24781377966725,105.68086429666567,103.8743522101009,105.63743591308594,22328200
2015-08-18,105.48982138798817,105.48982138798817,104.67341524279091,104.79501342773438,26360400
2015-08-19,104.13492862333753,104.6560361919911,103.127448247864,103.70935821533203,45178900
2015-08-20,102.780042316527,103.01454503249754,101.08644104003906,101.08644104003906,51879800
2015-08-21,99.99213124310376,101.32096478145527,99.3320646029187,99.90528106689453,79168300
2015-08-24,95.11107639144004,99.80973894196056,94.02543267698368,96.00564575195312,83809200
2015-08-25,99.05411232333628,99.09753408615884,95.154476229066,95.26738739013672,59240200
2015-08-26,97.12603854456674,97.87296200930517,95.03291411690013,97.6905746459961,51605300
2015-08-27,98.40274341507464,99.98344030970303,97.58633726715081,99.43627166748047,49533700
2015-08-28,99.32335592744057,100.48716261246547,99.19307737842855,100.41768646240234,41601400
2015-08-31,99.96606731254812,100.73036469323301,99.67077541636938,100.05291748046875,29250900
2015-09-01,98.23771553124108,99.11491738792532,96.92625624815273,97.18681335449219,45129200
2015-09-02,98.49826063189741,98.98462676979061,97.34313442815942,98.9325180053711,26865800
2015-09-03,99.08018587374609,99.9921225843398,98.61987401607834,98.77620697021484,33334500
2015-09-04,97.7339830971309,98.75014396541319,97.51685436666496,98.02928161621094,31154600
2015-09-08,99.4970722601541,100.37427423006541,99.10624317644012,100.27005004882812,29916300
2015-09-09,100.89537311745723,101.11250183982048,99.01938440188498,99.11492156982422,40963000
2015-09-10,98.79360373028413,100.1224309224571,98.7762363418794,99.56658172607422,29877900
2015-09-11,99.14965551455974,100.05290510066455,98.71539810244532,100.03553771972656,27949400
2015-09-14,100.33085254752172,100.34822655867929,99.38417435299108,99.57524871826172,22365800
2015-09-15,99.75758977835189,100.91271581319236,99.64468526320412,100.69558715820312,26745300
2015-09-16,100.70432087849193,101.63363174906975,100.56536191133479,101.56415557861328,27127800
2015-09-17,101.54676249560345,103.25773794212824,101.33832077089147,101.91153717041016,50405400
2015-09-18,100.53929614295444,101.47728728730154,100.22663021942427,100.50455474853516,42736100
2015-09-21,101.21672041051295,101.87679354531573,99.94868953723548,100.32215118408203,33021700
2015-09-22,99.40155518183398,99.64474498722466,98.18563928610395,98.80228424072266,35786900
2015-09-23,99.0280656206601,99.37547290463944,98.20297911917163,98.5069580078125,25506800
2015-09-24,97.9598159688105,98.50697807985526,97.16078369121506,98.34196472167969,39810300
2015-09-25,99.13804912763842,99.21644323899251,96.6208386001564,97.0476303100586,43750300
2015-09-28,96.72537128535784,96.81247069347603,93.96427286667297,94.3301010131836,56765300
2015-09-29,94.28654253332512,95.03560936128446,93.18907144778447,93.65941619873047,49980700
2015-09-30,94.48685597604127,95.31431008784556,93.99038217990729,95.11397552490234,50834500
2015-10-01,95.2620417627948,95.53205181702829,93.5722859892544,94.94847869873047,44985900
2015-10-02,94.0513562949533,96.3595199584961,93.30228960386712,96.3595199584961,58019200
2015-10-05,97.25668090521643,98.81577816602885,97.15215763413187,98.65899658203125,45220500
2015-10-06,98.60671757400095,99.00738006118152,97.36117709733344,97.9795913696289,34140000
2015-10-07,98.51092678529965,99.7303383651037,98.10155228073428,99.71292114257812,36371000
2015-10-08,99.62582663410782,100.81910919571547,99.25129317646888,100.61006927490234,43072200
2015-10-09,100.79294655077454,101.1587679519789,100.51422453386783,100.81036376953125,26497200
2015-10-12,100.85393039773241,101.02812918984134,100.22680411372754,100.66230773925781,22984000
2015-10-13,100.26163268663777,101.29813331250733,99.23384399286363,99.28610229492188,37445300
2015-10-14,99.32970039315511,99.94811494746857,98.17125877319347,98.31062316894531,39987400
2015-10-15,98.58931287402656,100.66230773925781,98.12768009420574,100.66230773925781,42503400
2015-10-16,100.86264901761561,100.86264901761561,99.669366612261,100.53166198730469,33685600
2015-10-19,100.07873833041457,101.21975574676732,99.86098650926277,100.72328186035156,24949500
2015-10-20,100.67103801055319,101.29816440879463,100.19198127710231,100.58393859863281,20531400
2015-10-21,100.96716245751384,101.01942741316952,98.98997885279655,99.05094909667969,34060300
2015-10-22,99.65192595939564,100.53163834985983,99.05964086285924,99.92193603515625,36882600
2015-10-23,100.73198255606493,101.08038676009096,99.93065753848529,100.90618133544922,40172500
2015-10-26,100.68846158861534,100.92363732542584,100.10488818213821,100.2181167602539,19783300
2015-10-27,99.8087259234681,100.05261355585345,98.51092687325247,99.12063598632812,38189200
2015-10-28,99.41677026338087,102.02979209959082,99.2251475988175,102.01237487792969,65529900
2015-10-29,101.6813942585753,102.00366936428385,100.65360533916967,100.92362213134766,27252000
2015-10-30,100.65359011590347,101.06296456400035,100.23551038037384,100.46196746826172,28018700
2015-11-02,100.55779862798144,102.83984033919663,100.53166947001384,102.55240631103516,33836900
2015-11-03,102.42171958560237,103.67597191020057,102.24752082730002,103.08368682861328,28626300
2015-11-04,103.34501150576988,103.64986271411274,102.50884534349034,103.03144836425781,25696000
2015-11-05,102.98790752470111,103.30147070330028,101.9862477400237,103.10984802246094,27141300
2015-11-06,102.78756610833916,103.96342455163189,102.16043983318094,103.84148406982422,35141300
2015-11-09,103.7108447573048,103.90246743728495,102.14302887133866,102.62208557128906,32983100
2015-11-10,102.18658597101219,102.92694091796875,101.87302278131736,102.92694091796875,21892200
2015-11-11,103.04885430256242,103.07498345395123,101.97751922407784,102.02977752685547,22037600
2015-11-12,101.32427599728744,101.46363370314232,99.93066571244856,100.0787353515625,39916100
2015-11-13,99.67806423485055,100.46196538401973,98.99867969476661,99.35578918457031,43883000
2015-11-16,99.25998735628478,100.24422317576528,98.73738432510272,100.20938873291016,28979100
2015-11-17,100.29647073871426,101.16747785473392,99.68676177034635,99.82612609863281,34441000
2015-11-18,100.104888062982,101.60302196369969,99.74777181316134,101.51592254638672,35554300
2015-11-19,101.42006775794572,101.60297844954451,100.81035880735965,101.08908081054688,25512500
2015-11-20,101.45491278719663,102.22139666447562,101.36780675853973,101.74234008789062,31697700
2015-11-23,101.65525812299443,102.68304697184048,101.62912896802294,102.24754333496094,22716400
2015-11-24,101.80332262236595,103.14467455363138,101.52460057465223,102.9966049194336,24994500
2015-11-25,103.04016340868665,103.9285879062912,102.87466989976438,103.79793548583984,20772600
2015-11-27,103.88502254450013,104.43376131616276,103.54533027883154,104.18988037109375,14129300
2015-11-30,104.53827874552128,104.58183176259335,103.6934073635369,103.73695373535156,30165400
2015-12-01,104.18117549593003,104.44248032349468,103.5627611589687,104.42505645751953,27899900
2015-12-02,104.28571043029244,104.5557205758132,103.17081546709957,103.30146789550781,22238300
2015-12-03,103.5888812501985,104.04180204706124,101.15877048937367,101.55943298339844,39485400
2015-12-04,101.55945321263401,102.7178945548412,101.33298944646559,102.58724212646484,32669900
2015-12-07,102.46529457060541,102.49142372542826,100.61005148034356,101.0455551147461,29621400
2015-12-08,100.13099722482526,101.04555753709843,99.69549357998245,100.48811340332031,30946000
2015-12-09,100.19196381947484,101.18491156192441,98.94642317478697,99.36450958251953,41980400
2015-12-10,99.1989989318689,100.2354995161749,98.98995908676123,99.69547271728516,31278800
2015-12-11,98.65899003694591,98.71996027971915,97.14343925568389,97.47442626953125,52609300
2015-12-14,97.43959347638675,97.8838024350104,96.05468835084503,96.77762603759766,53400400
2015-12-15,97.31765067955108,98.3889859606178,97.20441547511126,98.17123413085938,48273900
2015-12-16,98.85063107970991,99.86100288526698,98.27576963313308,99.66938018798828,44560600
2015-12-17,100.08742064470765,100.11354979227207,98.39766488614255,98.60670471191406,41318000
2015-12-18,98.12769590909355,98.32802388777915,97.06506582829813,97.09990692138672,49876600
2015-12-21,97.70089815949875,98.10156076482247,97.1173247981746,97.83155059814453,26479300
2015-12-22,98.11026145849297,98.87674548799774,97.36990658467178,98.72867584228516,28108700
2015-12-23,99.22515344044534,100.13100186109195,99.05966656651832,99.9742202758789,29609700
2015-12-24,100.11067712057267,100.7405251474384,99.85698796119074,100.16316223144531,13370500
2015-12-28,99.7082660387174,99.78699369739984,98.81597919572901,99.69951629638672,22125500
2015-12-29,100.1456864939469,100.85426230793318,99.78702037756887,100.77552795410156,22841500
2015-12-30,100.64432539061778,100.90675769051475,99.72579565572751,99.76078796386719,21273200
2015-12-31,99.34085795893175,99.69952400715206,98.42233516610852,98.51856231689453,39517700
2016-01-04,96.76024561426541,96.95269993153518,95.42182181119713,96.2353744506836,66665900
2016-01-05,96.58528933042868,96.73400160095332,95.83297156011729,96.44532012939453,28253300
2016-01-06,95.08940509975,95.87671523854827,94.47705647740658,94.9756851196289,35569200
2016-01-07,93.35734969184315,94.03968306857763,92.28135782338435,92.4388198852539,52482000
2016-01-08,92.61375415840979,93.15611813189587,90.68047460244729,90.8466796875,60299300
2016-01-11,91.16161691184656,91.6602455873666,89.49951910207982,90.45304107666016,47144800
2016-01-12,91.17034081536839,91.84392415400598,89.17582667861528,90.72419738769531,53702900
2016-01-13,90.89917026717089,91.34530707670221,87.17257373293432,87.81116485595703,70591600
2016-01-14,88.23106176797369,89.8494171978078,86.77016834436712,89.02711486816406,69373400
2016-01-15,86.67395274485565,87.73244488787891,85.30053654740075,87.58373260498047,85759200
2016-01-19,88.41478520815758,88.5285051970099,85.50174080799471,86.40277099609375,51391100
2016-01-20,85.23055063185257,87.76743584287254,83.15730175104086,86.76142883300781,94385800
2016-01-21,86.89264998483792,88.27481593218934,86.06159779791676,86.56022644042969,65798200
2016-01-22,88.04735232737471,88.88714742268614,87.59245914610301,88.67720031738281,46056700
2016-01-25,88.12607455589308,88.42350572132541,86.47272702110371,86.70892333984375,35019600
2016-01-26,87.05886628447844,88.70347138122051,86.7614416792125,88.44103240966797,33349600
2016-01-27,87.99487779172586,88.86966535505515,86.65645388768795,87.22506713867188,47973900
2016-01-28,87.95989076343758,88.30980044392459,86.79642172093021,87.20757293701172,41951100
2016-01-29,87.51377454206614,90.08565287529011,87.44378991449918,90.06815338134766,42245300
2016-02-01,89.35079287920006,90.18183831747585,88.5722325541336,89.65696716308594,33615700
2016-02-02,88.6422234385294,88.7646931607659,87.2775503314522,87.72369384765625,39692700
2016-02-03,88.4059934329946,88.41474317385418,85.85161637793418,87.83738708496094,55262500
2016-02-04,87.47874857951729,89.20208099438959,87.45250602279924,88.17858123779297,51188400
2016-02-05,87.78490916804111,87.86364350000952,85.69416793712752,85.76415252685547,53366600
2016-02-08,84.86315236798958,84.86315236798958,83.05234218723243,84.35577392578125,61107700
2016-02-09,83.21852672204865,84.96810160115564,83.12229956976988,83.78713989257812,55857200
2016-02-10,84.37326617117446,85.6592050845048,83.69968261729197,83.83090209960938,42756100
2016-02-11,82.30002127771782,83.45474067457432,81.91511258739901,82.9211196899414,57923200
2016-02-12,83.68217395635862,84.670681410997,83.27102277085895,84.49571990966797,40097300
2016-02-16,85.54547766776926,86.69144725406998,85.04684901752168,86.49899291992188,38882100
2016-02-17,87.10257886720805,88.43225274374082,87.06758657123378,87.85489654541016,40940400
2016-02-18,87.92488303872949,88.0386029975316,87.07633819677288,87.43499755859375,35043600
2016-02-19,87.09383050309003,87.96861789399804,86.70017884682068,87.87239074707031,32424800
2016-02-22,88.65094593833463,89.23705852915172,88.56346853904928,88.8521499633789,28867400
2016-02-23,88.56348352434277,88.78218039660939,87.95988469527414,88.03861236572266,29857100
2016-02-24,87.14633594289344,89.07086583487272,86.57772271486802,88.88716125488281,36909600
2016-02-25,89.04463861112636,89.75321449512434,88.69472220484452,89.70072937011719,22612600
2016-02-26,90.15561384823509,90.51427999138612,89.8406897576001,90.26934051513672,27474700
2016-02-29,90.21681480459817,91.00412473523411,89.85815547036815,89.86690521240234,32014400
2016-03-01,90.645504795459,91.80022430419922,90.16436888594201,91.80022430419922,36422700
2016-03-02,91.66899483115323,92.80621472438719,91.4940333039712,92.74497985839844,24937100
2016-03-03,92.77120001672058,93.73346475527954,92.65747339117148,93.7159652709961,28216300
2016-03-04,93.66349586904381,94.75698022666042,93.31357953978673,94.23210906982422,38180900
2016-03-07,93.78598691528522,95.34310792685082,93.78598691528522,95.25563049316406,38739900
2016-03-08,94.73075094425725,94.73075094425725,92.84995625078705,92.9549331665039,46193900
2016-03-09,93.26983749631766,93.61100405755506,92.78870174375294,93.42729949951172,25627200
2016-03-10,93.68975975558483,94.03092641890477,91.68649515546751,92.666259765625,47051200
2016-03-11,93.418583700048,94.76575762262472,93.30486369634832,94.65203094482422,33625000
2016-03-14,94.36333097423551,94.77447549711658,93.95217977725541,94.40706634521484,24422700
2016-03-15,93.78598406139503,93.84721893052243,92.75373435746154,92.93743896484375,34258400
2016-03-16,92.49128603549411,93.89094471162886,92.49128603549411,93.59351348876953,37952200
2016-03-17,93.59350918390165,95.43931127237754,93.0161529264701,95.02816009521484,41724500
2016-03-18,95.15065005979694,96.18289975707954,95.08941519106409,95.8854751586914,36512600
2016-03-21,95.73674673616199,96.17414048890528,95.4218227002589,95.65801239013672,29903700
2016-03-22,95.15941040699899,95.95547046331717,94.88822834012619,95.54431915283203,23602100
2016-03-23,95.23457222054914,95.27843892979543,93.70787283946359,93.77806091308594,39243300
2016-03-24,93.21652827975534,94.07639756131346,92.77782096540051,94.05884552001953,30924300
2016-03-28,94.26062981115778,94.56772351412606,93.48850754453176,94.17288970947266,21096400
2016-03-29,93.91843279012373,96.81389612749355,93.68152716699896,96.7875747680664,46761100
2016-03-30,97.2964668030598,97.49827502837908,96.55944203748932,96.79634094238281,35683500
2016-03-31,96.93675256121107,97.54216398706346,96.81390837810623,97.068359375,28555900
2016-04-01,96.17339339077373,97.5860311172268,96.05933192810545,97.498291015625,29981400
2016-04-04,97.31401316650341,97.6737495113635,96.60330310495684,96.6822738647461,21529400
2016-04-05,95.96282162658015,96.39275283639526,95.49778634102707,95.58553314208984,32515800
2016-04-06,95.57674200586594,96.75247397976268,95.27841765654856,96.66473388671875,28157800
2016-04-07,95.96282475373941,96.41030132186445,94.87482597120399,95.35740661621094,33298400
2016-04-08,96.17341034344626,96.57702023727214,95.31354113024028,95.73470306396484,26151700
2016-04-11,96.28744857858915,96.9981587517717,95.41881024929961,95.43635559082031,25842100
2016-04-12,95.45390855355124,96.6735139723619,95.13803884998903,96.46293640136719,25058700
2016-04-13,97.0244961114733,98.6477115825024,96.96307736481192,98.54241943359375,40534700
2016-04-14,98.49855697026067,98.88461481128014,98.16513516475186,98.41958618164062,25538600
2016-04-15,98.18268634435715,98.82319519665698,98.14758896018242,98.6652603149414,21176100
2016-04-18,98.25285467026391,99.49000533230131,98.15633856329379,99.41104125976562,19428300
2016-04-19,99.59529761752165,100.13929019135308,99.05129834955045,99.49000549316406,23228100
2016-04-20,99.49003943010814,100.20951912328985,99.12152691036333,99.63919830322266,21422500
2016-04-21,99.56021521133765,99.95504902229615,98.84951167395602,99.13905334472656,20535700
2016-04-22,99.13028920115919,100.19195990051264,99.13028920115919,100.12176513671875,29094500
2016-04-25,99.8497484026699,99.94626450964002,98.9811034399388,99.41104125976562,16369600
2016-04-26,99.73570296773511,100.49027996085348,99.29699572495193,100.38499450683594,30564100
2016-04-27,100.44639737894728,100.94652328891674,99.93749545114953,100.7359390258789,24360300
2016-04-28,100.26215408539753,100.90266962933646,99.31455149294784,99.5865478515625,26126500
2016-04-29,99.156602654975,99.5514364550754,98.02473728210911,98.69157409667969,33284500
2016-05-02,98.99867948123615,99.59532160803538,98.42835871833168,99.56900024414062,21881000
2016-05-03,98.75298441611761,98.76175373953879,97.3315708075039,97.9369888305664,37929600
2016-05-04,97.38421934293922,98.26163371556106,96.84022671616354,97.12976837158203,30767200
2016-05-05,97.52463473037517,97.68256962711503,96.60334671703568,96.74373626708984,26249200
2016-05-06,96.34011054990361,97.33158648150315,96.11198091555518,97.31404113769531,25497400
2016-05-09,97.32279985102325,98.17389285693865,97.06834888163635,97.59480285644531,23427000
2016-05-10,97.97211837949446,98.62140331530003,97.45444027962486,98.57752990722656,18635300
2016-05-11,98.35815442279838,98.50731326651216,97.27893844282137,97.35790252685547,23604600
2016-05-12,97.55973547070306,97.82295584488739,96.07690259447104,96.84025573730469,34803000
2016-05-13,96.56824242074806,97.34037150252128,95.95405491855729,96.1997299194336,24510300
2016-05-16,96.44539619250135,97.84925799485356,96.40152948582413,97.41932678222656,27337000
2016-05-17,97.28771412768637,97.76151874528969,95.43636905847644,95.87507629394531,46676300
2016-05-18,95.47144745121962,97.09466925490652,95.45390211071276,96.37518310546875,35734400
2016-05-19,95.67326787937132,96.31377664867834,94.75198007304778,95.60307312011719,36995600
2016-05-20,95.89261113460836,97.20873260498047,95.83996841791827,97.20873260498047,37404500
2016-05-23,97.19118257461403,97.73518187014518,96.95428365048247,97.09467315673828,23721700
2016-05-24,97.66499457211494,99.34085928673265,97.62989719287188,99.09518432617188,41124300
2016-05-25,99.41103511809693,99.93748231822991,99.21800291608233,99.67425537109375,26202900
2016-05-26,99.82342383068018,100.0427774097786,99.3671713315771,99.5602035522461,15157200
2016-05-27,99.6391924867276,100.55170440673828,99.5953257764475,100.55170440673828,21265100
2016-05-31,100.74473692944689,101.37647646751873,100.46396454520848,100.90267181396484,32764400
2016-06-01,100.56046291190117,101.73619497124088,100.39375203710446,101.5870361328125,26806100
2016-06-02,101.33258593364958,102.36793518066406,101.22730049119626,102.36793518066406,23303300
2016-06-03,102.19246088204146,102.19246088204146,100.9026605843786,101.75375366210938,28733200
2016-06-06,101.85026539020585,103.16638699319877,101.78884664983181,102.85051727294922,26946000
2016-06-07,102.91195812268755,103.51737633225592,102.62240970122944,103.14885711669922,21038500
2016-06-08,103.23657953931091,104.09644188611833,103.22780352111967,103.91218566894531,27999900
2016-06-09,103.48226698890646,103.48226698890646,102.91194623215037,103.245361328125,23440700
2016-06-10,102.28901324340944,102.552233652134,101.50811465081631,101.8415298461914,32686800
2016-06-13,101.47297055823086,101.93799909102734,100.54290679849768,100.7359390258789,36169500
2016-06-14,100.36744797322132,100.99918750854049,99.73570843790215,100.44641876220703,34267600
2016-06-15,100.80611934452966,101.39398526617752,100.42883096162417,100.51657104492188,24197700
2016-06-16,99.77957973401445,100.54292607794511,99.0513240798453,100.5078353881836,36306600
2016-06-17,100.38498124406243,100.83245775279936,99.74446580880114,100.077880859375,30096400
2016-06-20,101.60460846294771,102.17492257015962,101.16590118408203,101.16590118408203,28219800
2016-06-21,101.20098519381871,101.26241063518049,100.31480136880185,100.97286224365234,34706800
2016-06-22,101.16590631832841,101.67480170009163,100.45519593848049,100.57803344726562,27226100
2016-06-23,101.62214303044605,102.57852827789098,101.54317894181338,102.49955749511719,30240300
2016-06-24,98.21779344253811,100.06036278202723,97.83172887257464,98.60385131835938,74945400
2016-06-27,97.45443223487223,97.45443223487223,94.92748078136539,95.3661880493164,58358800
2016-06-28,96.20851612863441,97.28773238166077,96.13832135119496,96.84025573730469,42040600
2016-06-29,98.00717707752071,99.191691767385,97.85801824939291,99.04252624511719,34031600
2016-06-30,99.25313266783122,100.92021489641198,98.7705520053632,100.88512420654297,42973800
2016-07-01,100.94651725297986,101.73618476266401,100.72716367936985,101.24483489990234,24401900
2016-07-05,100.92021396183642,101.13079826394954,99.20925834555149,99.75325775146484,29347200
2016-07-06,99.28655573914882,100.5834400198368,99.08363907900485,100.47756958007812,24678300
2016-07-07,100.76870504713828,101.44802183739569,100.05409811141325,100.68930053710938,20780600
2016-07-08,101.67739346529528,103.30069959650922,101.58917147658256,103.0360336303711,37964800
2016-07-11,103.71533103056699,104.48287632431611,103.63593327478519,104.2270278930664,26987300
2016-07-12,104.98577021069416,106.23853997090004,104.83579215438213,105.62097930908203,44153000
2016-07-13,106.15915069896903,106.21208255110402,104.94166425260885,105.20633697509766,28050200
2016-07-14,106.13267977762338,106.18561162726705,105.25044638539345,105.31220245361328,19345400
2016-07-15,105.77097429803717,105.90331066987116,105.23281132191114,105.60334777832031,23857300
2016-07-18,105.45337158944797,106.17680280675431,105.2769275777762,105.77980041503906,17422400
2016-07-19,105.6562920190735,105.84156025719145,104.92403655586364,105.2504653930664,19734100
2016-07-20,105.47099317493425,106.25618026949807,104.93283032617848,105.9385757446289,22390500
2016-07-21,105.87684674097336,106.39736128753317,105.20634738035221,105.43572998046875,19018700
2016-07-22,105.4974703787821,106.44145983673097,105.29455373750787,106.22090148925781,17796100
2016-07-25,106.00035482601542,106.27384505313837,105.65628430450353,106.0621109008789,13694600
2016-07-26,106.04444610852785,106.72376955817386,105.79742184716795,106.57379150390625,19551100
2016-07-27,106.75025188842316,107.1649027041085,106.17679877589893,106.87376403808594,21064700
2016-07-28,106.6443731352817,106.96197770420615,106.33559278519037,106.60026550292969,16540100
2016-07-29,106.49439950719666,107.4207473269777,105.91212892717691,106.81200408935547,30267900
2016-08-01,106.92669633547953,107.3678130806439,106.256203729083,106.90023040771484,34771700
2016-08-02,106.89140845250066,106.93551608662959,105.07400296134855,105.40925598144531,28691000
2016-08-03,105.3121849703139,106.30910611490445,105.07397822464978,106.2649917602539,17830300
2016-08-04,106.26501433075576,106.91787191754099,106.09739455547366,106.362060546875,17526700
2016-08-05,107.0501754317395,108.14414946821375,106.72375344888799,107.89712524414062,28643400
2016-08-08,107.94122343005354,108.38234000045091,107.65890909423543,107.84417724609375,14625700
2016-08-09,107.87067172949234,108.1882762827583,107.75598381394327,107.95890045166016,12487700
2016-08-10,107.96773581773668,108.16182826919562,106.8825923568091,107.18254852294922,19138100
2016-08-11,107.65893898283885,107.98536775868274,107.25311243311504,107.69422912597656,21144600
2016-08-12,107.48249006174588,108.03829464609879,107.30603935416111,107.80009460449219,12251200
2016-08-15,108.03828282090305,109.12343267833026,108.0118169003887,108.86758422851562,22048000
2016-08-16,108.5852704440491,108.62056058189383,107.86183944549626,107.9853515625,20244300
2016-08-17,108.02065745535964,108.07358930439415,107.04137786278199,107.66776275634766,20632600
2016-08-18,107.70304789221842,108.48823502729076,107.66775775086721,108.4617691040039,16244600
2016-08-19,108.3117843205347,108.57645701521567,107.87949186806826,108.4617691040039,17379500
2016-08-22,108.2323944229976,108.8146649703787,107.92361407734803,108.70880126953125,16929700
2016-08-23,109.05288609435897,109.80278324119989,109.05288609435897,109.46753692626953,21539400
2016-08-24,109.3439765222978,109.61746663929912,108.31175864248046,108.57643127441406,21533400
2016-08-25,108.17944113825445,109.1234304255766,108.17061692129666,108.78817749023438,17023200
2016-08-26,108.91169739914575,109.75864728417237,107.89713449626223,108.567626953125,26734400
2016-08-29,108.75288736643847,109.54689862010095,108.72642144646728,109.13224792480469,14013900
2016-08-30,109.24696782205723,109.54692395898623,108.84995873794263,109.33518981933594,14031300
2016-08-31,109.20282217290229,109.29986836137859,108.11767912852908,108.71759796142578,29236300
2016-09-01,108.81464640320247,109.07049485477258,107.65009877624176,108.79700469970703,22964700
2016-09-02,109.40578416596627,109.86454264930097,109.07053110996418,109.8469009399414,23083300
2016-09-06,110.20859966487347,110.25271402921845,109.37048058957475,109.95275115966797,13711000
2016-09-07,109.88217835641395,110.66736558462951,109.82042228445003,110.64089965820312,17830500
2016-09-08,110.55266348552702,110.640892208884,110.0762566492069,110.42033386230469,16265500
2016-09-09,109.55575431391654,109.58222024149174,106.93551978945405,106.97080993652344,54239000
2016-09-12,106.47674408661528,108.48823502729076,106.37969788062601,108.4617691040039,33408100
2016-09-13,107.68540130491219,107.7736300252581,105.76213231914153,106.37969970703125,47536200
2016-09-14,106.54733219903537,107.1648996607182,106.12386390676264,106.39735412597656,30545500
2016-09-15,106.46792481825084,107.80009910984046,106.31794675871537,107.66776275634766,29499800
2016-09-16,107.66777446324565,107.66777446324565,106.83847284003211,107.50897216796875,31940500
2016-09-19,107.91480664245913,108.99995686126411,107.62366795803489,108.22358703613281,22807000
2016-09-20,108.69114966473927,108.7176223200864,107.76480865478516,107.76480865478516,16877900
2016-09-21,108.14418816446016,109.37049223769556,107.72071310673138,109.32637786865234,30784700
2016-09-22,110.04096782693112,110.98495723464433,109.97921176216134,110.896728515625,36287700
2016-09-23,110.773232107954,111.05554654852808,110.11155700683594,110.11155700683594,26118000
2016-09-26,109.52234419515851,109.84966835974835,108.9030700400677,109.01808166503906,20028000
2016-09-27,108.96503599587399,109.59315223316162,108.64655357281113,109.46045684814453,16939500
2016-09-28,109.65505946281125,110.37164816181,108.87655076150848,110.30087280273438,19426400
2016-09-29,110.24778172086704,110.26547218380514,108.5492070499242,108.69075775146484,26657700
2016-09-30,109.1861793494065,110.38933339867071,108.69076535835985,109.88507080078125,31764500
2016-10-03,109.54888766850948,109.78774603469533,108.92961348851237,109.5400390625,18674300
2016-10-04,109.71695558980468,109.97351113271031,108.5049599641048,109.00037384033203,26057300
2016-10-05,109.42504240759303,110.30086548211939,109.38965473040386,109.6550521850586,24317300
2016-10-06,109.47811231945117,109.71697068563701,108.65536744779736,109.5400390625,18937100
2016-10-07,109.73467462677625,109.98238161416141,108.13342106581565,108.66422271728516,28732700
2016-10-10,108.66423780702662,110.3539574196248,108.66423780702662,109.96470642089844,21481700
2016-10-11,109.7435224722085,109.79660061213457,107.34605632640734,107.95648193359375,31931300
2016-10-12,108.00958598244644,108.46961913718721,107.514171892274,107.8680419921875,20210400
2016-10-13,107.03645221521435,107.40801954605053,106.25794336631719,106.97452545166016,26302500
2016-10-14,107.36376828378293,107.78840696052593,106.51448418078685,106.54102325439453,24554600
2016-10-17,106.67372328594831,106.91258169325664,106.3021627636865,106.41716766357422,17119500
2016-10-18,107.50530468090656,107.55838957388976,106.74449320958315,107.027587890625,19158900
2016-10-19,107.19567270927382,107.88571558393461,106.60294426560466,107.47876739501953,18477400
2016-10-20,107.16913455701214,107.92995279701746,106.52332796344398,107.16028594970703,20485600
2016-10-21,106.39064145267545,107.37262777273546,106.24909071307619,107.10722351074219,21093700
2016-10-24,107.96532949383543,108.46959206677394,107.44336970808696,107.78839111328125,15421600
2016-10-25,107.76186135430788,107.92110253581069,106.69140937012604,106.98335266113281,16459800
2016-10-26,106.25793342270131,107.04529080685704,105.68289538664669,105.92176055908203,24975300
2016-10-27,106.26677146118561,106.2844619261385,104.47088216577608,104.70974731445312,29525700
2016-10-28,104.66550790232202,105.30247261376039,104.17009390431862,104.41780090332031,35473700
2016-10-31,104.55048538744597,104.95743349571477,104.21431262396524,104.83358001708984,20311800
2016-11-01,104.97513355998748,105.01051448383483,102.86961086711702,103.55081176757812,34147200
2016-11-02,103.39161375388983,103.50661867815256,102.08229629142392,102.2326889038086,29859900
2016-11-03,102.54229043472112,102.83422693889942,101.63107299901515,101.73723602294922,22717500
2016-11-04,102.00265575687153,103.41812921088378,101.78148781875993,102.39190673828125,35237200
2016-11-07,104.39125288016562,105.11668335053895,104.13469729619702,104.89551544189453,32370900
2016-11-08,104.6566724228065,105.68288815971124,104.13471257209285,105.1697769165039,26196800
2016-11-09,104.46204886646737,108.664239960821,104.43550979210887,108.40768432617188,77416800
2016-11-10,109.92933559553542,110.93786105287427,108.47847417446862,110.14165496826172,83440700
2016-11-11,110.61051183391882,112.99028108756538,110.1858731582446,112.67179870605469,95612800
2016-11-14,114.07842417745245,115.23734205800632,113.58301013682058,114.25535583496094,83119400
2016-11-15,113.98996250480313,114.91001520232716,113.50339033345972,114.6092300415039,38704500
2016-11-16,114.34381583474615,115.00731960167892,114.14918698319106,114.6003646850586,42325500
2016-11-17,114.96307985539586,115.74159523817194,114.786148222679,115.27272033691406,42576900
2016-11-18,115.61776682538658,115.97163016758095,115.27274534208962,115.88317108154297,41380600
2016-11-21,116.16622819823549,116.77665377554138,115.54696076438084,116.42279052734375,32293100
2016-11-22,116.88282173667194,117.57286458896326,116.4847221678914,117.48440551757812,39681500
2016-11-23,117.20128567297316,118.23634978874675,116.86511965610877,118.21866607666016,37939200
2016-11-25,118.30711159797482,118.63444922036027,118.13902185926628,118.60791015625,13373400
2016-11-28,118.5194722359907,118.5460113078545,116.90936321481747,117.06861114501953,32505700
2016-11-29,117.22782836049026,117.74093950620193,116.86512326527765,117.00666046142578,27993700
2016-11-30,117.59058148475059,117.74097408039458,116.3343490690585,116.4316635131836,32491200
2016-12-01,116.99784204701015,117.26324627886787,115.26387943135714,115.86546325683594,39815900
2016-12-02,115.83891463010936,116.30778955148035,115.46735413575982,115.80352020263672,24054100
2016-12-05,116.7501306908207,117.95328479803784,116.67935533168799,117.79403686523438,27547100
2016-12-06,118.12133308909357,119.35102583658073,117.43129045375629,119.06792449951172,27820000
2016-12-07,119.06798023762667,120.47460522974403,118.70526154184162,120.22689819335938,31825800
2016-12-08,120.53654518294132,122.27050802936276,120.13844553168275,122.12010192871094,49048900
2016-12-09,122.43854970303524,122.81012367135536,121.86351853604764,122.35893249511719,34313500
2016-12-12,122.0404755737328,122.58898128463338,120.76654598573512,121.06734466552734,34592900
2016-12-13,121.6689003062245,122.12893337934618,120.52767972948281,121.076171875,32624600
2016-12-14,120.68690654173565,121.50965820710043,119.26258462558225,119.56336975097656,45923700
2016-12-15,119.75796542429806,121.323837612435,119.39526040250432,120.45686340332031,41352500
2016-12-16,120.62499839107365,121.66890457549678,119.98803365179121,120.2357406616211,39348200
2016-12-19,120.35075779069119,121.36813856203749,120.23575962450309,121.02311706542969,33393900
2016-12-20,121.44777816801533,122.270530195525,121.19122921261294,122.04936218261719,31753600
2016-12-21,121.95201106315054,122.21740179965484,121.20887650387797,121.25311279296875,23215900
2016-12-22,121.30905121806369,121.47783429003334,119.75449026736857,120.2075424194336,34737900
2016-12-23,120.33193858670755,120.91821999878539,120.16315547008689,120.84715270996094,17081400
2016-12-27,121.01592974559233,121.96643943681997,120.99817309030301,121.38902282714844,13571700
2016-12-28,121.60221583838447,121.68216144546777,119.7722774289786,120.14537048339844,22712400
2016-12-29,120.18092397614095,121.04259630038693,119.6479395894542,120.25199127197266,21312900
2016-12-30,120.45630253204513,120.48295107092363,119.3903067581072,119.7900619506836,28399300
2017-01-03,121.24691090809563,121.54893672705838,119.47914763587298,120.38523864746094,29792400
2017-01-04,120.85604635098842,122.55274231527025,120.82050592870947,122.39283752441406,34499400
2017-01-05,122.13518121231019,122.37501796983935,120.37629699559834,120.98036193847656,30286900
2017-01-06,121.1758623007839,121.44236129289351,120.52737825722011,120.53627014160156,23436000
2017-01-09,120.40296163149621,120.56286637926819,119.4791142216552,119.74561309814453,24077900
2017-01-10,119.92332735793651,121.14921459732224,119.71012545182973,120.89159393310547,21684900
2017-01-11,121.01595984594329,121.51341741175092,120.29642204149279,121.10479736328125,27428800
2017-01-12,120.95377720693459,121.00707429227484,118.67078598371792,120.17205047607422,41844200
2017-01-13,120.50069585982105,121.67328567379334,120.50069585982105,121.04257202148438,27784500
2017-01-17,120.4562812557311,120.53622685824578,119.15044886253703,119.39917755126953,28197800
2017-01-18,119.71010277934872,119.87000756731913,118.99056512023014,119.7900619506836,21289700
2017-01-19,120.04764657421474,120.31414546788993,118.29765388987367,118.81288146972656,34105900
2017-01-20,118.81285326524915,119.81665965276777,118.81285326524915,119.42579650878906,29286100
2017-01-23,119.06164083614789,119.63904395898419,118.25326562041684,118.92839813232422,20537000
2017-01-24,119.33697849694272,121.06032251916386,119.23038436928229,120.74940490722656,34313800
2017-01-25,121.75324887173367,122.18853095126396,121.65553303978605,121.88650512695312,29127300
2017-01-26,122.00195497892545,122.14408953624046,121.1847016064103,121.39790344238281,22255600
2017-01-27,121.49558941617754,121.7354261737067,120.50066131403003,120.98036193847656,19467800
2017-01-30,120.12760326931449,120.13649515123277,118.35985376892663,119.2925796508789,40464400
2017-01-31,118.9194698525983,120.42073377813814,118.57302537398881,120.1275863647461,32945000
2017-02-01,121.0070434420536,121.58444645896827,119.65679222063581,120.05653381347656,30010500
2017-02-02,120.18982161454402,120.51849601313961,119.47028384750969,119.7545394897461,19935700
2017-02-03,120.8027443502684,121.68217322269739,120.37634062849172,121.58445739746094,24534100
2017-02-06,121.16694444899811,121.50451067030625,120.30527224017386,120.66948699951172,23691500
2017-02-07,120.6517327971684,121.22913587248424,119.7189932830666,120.13650512695312,30342200
2017-02-08,120.13650355726325,120.13650355726325,118.93726511841588,119.92330169677734,32956900
2017-02-09,119.92331037047093,121.92203220997878,119.92331037047093,121.61111450195312,28267600
2017-02-10,122.40171689190306,122.91694458172606,121.87761087378472,122.53497314453125,27287600
2017-02-13,123.27225573159805,123.66311897156065,122.66819066401122,122.85474395751953,23245100
2017-02-14,122.53494324107837,123.43214214914359,122.24179582247575,123.26335906982422,27145000
2017-02-15,122.75702794767778,124.16057614585081,122.65043381138766,124.00067138671875,20253500
2017-02-16,123.88518496051773,124.22273753895556,122.77478431699583,123.65421295166016,24613600
2017-02-17,122.98797734009457,123.61869089416606,122.8103159411731,123.57427215576172,26703200
2017-02-21,123.81414843750547,124.64917209753293,123.81414843750547,124.54256439208984,21353500
2017-02-22,124.3648914486612,124.38266165704059,123.69865095875765,123.9917984008789,14890800
2017-02-23,124.3293907824803,124.37379598073862,122.31289867952063,123.2545166015625,24596200
2017-02-24,122.10856681862974,123.16565704345703,121.96643225649068,123.16565704345703,24512300
2017-02-27,122.8902604416362,124.36487579345703,122.77478798844967,124.36487579345703,28269000
2017-02-28,123.81416581920085,123.90298977239117,122.37507680863128,122.4461441040039,40184100
2017-03-01,124.05398632069787,125.12886038364483,123.93851384131925,124.68470001220703,35719800
2017-03-02,124.6580651559137,124.68471369674883,123.15680076693361,123.2545166015625,25937000
2017-03-03,123.29891327847412,123.84966776339061,122.48165987822135,123.16565704345703,30989800
2017-03-06,122.3928370039116,122.56162012226994,121.69106954593157,122.32176971435547,23892100
2017-03-07,122.05526979681002,122.35730916369711,121.3535023444093,121.52228546142578,29711300
2017-03-08,121.94866523003245,122.25069101643648,120.61618417327537,120.7227783203125,34115100
2017-03-09,120.66056129303875,121.24685600887503,119.82553795012532,120.24304962158203,35223800
2017-03-10,121.06923409025153,121.08700430130652,119.7811716601043,120.7761001586914,39516600
2017-03-13,120.50067173447836,121.51335657347924,120.50067173447836,121.06031799316406,21295000
2017-03-14,120.58955772857693,120.66062502452067,119.53245372780268,120.48296356201172,30037800
2017-03-15,121.06919732892106,122.60600158310596,120.78494181184975,122.34838104248047,31230400
2017-03-16,122.78365506691829,123.04126203625552,122.19736031018519,122.5082778930664,25306600
2017-03-17,122.71265614223789,123.23676225239166,121.97534812325962,122.9969253540039,33324600
2017-03-20,122.83702905234078,123.05023097595064,122.02865367436094,122.46393585205078,19091200
2017-03-21,123.04127785346972,123.12123700671735,118.96388967099503,119.00830841064453,61869000
2017-03-22,118.77735088124989,119.3103350971742,117.95120569225747,119.03495788574219,46332600
2017-03-23,119.0349856254009,120.54512825448475,118.71518959944319,119.72787475585938,37764600
2017-03-24,120.22406657060812,120.687327257404,119.25301214117718,119.81427001953125,33514400
2017-03-27,118.27303789145203,120.33097887356008,117.95232105211183,120.0369873046875,35596700
2017-03-28,119.6271826280389,121.07040167407749,119.50246016225444,120.97240447998047,26891900
2017-03-29,120.89227614109231,121.59607815519955,120.53592998283128,121.36444091796875,22119500
2017-03-30,121.44462106046223,122.38895054191731,121.39115690645515,122.28203582763672,25792900
2017-03-31,122.42456153262694,123.09272062426503,121.99694352022338,122.47801208496094,29434300
2017-04-03,122.91457139828987,123.03039001327285,120.80319260965629,121.18626403808594,38834900
2017-04-04,121.09714409342408,121.64949817188074,120.5804463718151,121.04369354248047,25642600
2017-04-05,121.89894219728258,122.43346129632144,119.44902561059402,119.67174530029297,44968800
2017-04-06,119.85879515491933,120.82986311390951,119.22627899152866,120.78531646728516,41012100
2017-04-07,120.45574042528926,121.18625404469333,120.04593015557501,120.7319107055664,24300200
2017-04-10,120.68732493118053,121.91674174817214,120.41115474040208,120.99913787841797,22779900
2017-04-11,120.50918049366754,121.97912509339109,120.33991134468796,121.9613037109375,32589200
2017-04-12,121.72969484881705,121.78314540891594,120.19738202189203,120.30428314208984,25700800
2017-04-13,120.16171840996557,120.59824025482877,119.07484535365667,119.1282958984375,30207000
2017-04-17,119.44009531165683,120.55369351396409,119.09263962255804,120.5269546508789,18278800
2017-04-18,120.01914790338188,120.67840286128433,119.52025813793206,120.55368041992188,24553300
2017-04-19,120.88332477226542,122.0147444507075,120.74968482009899,120.97240447998047,34627600
2017-04-20,121.4623747418152,122.64724481039366,121.29310564720005,122.51361846923828,31934400
2017-04-21,122.26419017664622,122.5403603816969,121.79202558212812,122.23746490478516,29386000
2017-04-24,123.90343102326553,124.1350546285291,123.37781576878335,123.7608871459961,33836900
2017-04-25,124.93684436534775,125.5070062378979,124.8032043927888,124.96356964111328,32751700
2017-04-26,124.87450657666835,126.34446506852346,124.83887739826032,125.60503387451172,41669200
2017-04-27,125.91676274670365,126.32657283410055,125.1506067001393,125.56932067871094,23004300
2017-04-28,125.64060624764953,125.76532870628938,123.86775296280649,123.88557434082031,31113900
2017-05-01,124.40227224556213,124.98133782864605,123.63611619766806,124.5982666015625,20925200
2017-05-02,124.70517484167064,125.02589166141095,123.55594750060904,123.96574401855469,17993900
2017-05-03,123.37777918094353,123.61830660955812,122.66507359968244,123.19959259033203,27050300
2017-05-04,123.41343634075147,123.59160937805551,122.14839010404201,123.03036499023438,25799100
2017-05-05,123.55594539241059,123.82321166992188,122.52252303602168,123.82321166992188,23806500
2017-05-08,123.52920000374336,123.81427401792266,122.72740130180553,123.30648040771484,16680000
2017-05-09,123.4668539079668,123.68066965184885,122.74524446374053,123.2530517578125,23988400
2017-05-10,122.97688606411941,124.25975352849113,122.81653442793782,124.01922607421875,19791500
2017-05-11,123.53816934455845,123.68071322403075,122.03258190274714,123.15509796142578,28617300
2017-05-12,122.68290156600106,122.84325319368891,122.19291560296205,122.50471496582031,24111200
2017-05-15,122.92345221033479,124.05487208514795,122.92345221033479,123.4579849243164,31132200
2017-05-16,123.80544378608636,123.86779824133505,122.60275181449863,123.50254821777344,18520900
2017-05-17,121.45349124471684,122.08600749070072,120.04590130869936,120.17062377929688,50791200
2017-05-18,119.8855377377669,121.07039429362574,119.5826286875592,120.60714721679688,44805100
2017-05-19,120.83882178687112,121.83660187369642,120.64282732785414,121.18626403808594,44450500
2017-05-22,121.39114318447909,122.22857145072477,121.30206345867057,122.00585174560547,20062700
2017-05-23,122.30871057907758,122.66507015656954,121.4712961578593,122.40670776367188,16681400
2017-05-24,122.5047462661473,122.96800707626952,121.89895517068419,122.4869384765625,21256000
2017-05-25,123.06602109360806,123.4847352994618,122.2285926819006,122.56713104248047,22804200
2017-05-26,122.38891048536031,122.75416039226495,121.85437787010467,122.53144073486328,20047300
2017-05-30,122.15725965958424,122.44234731411741,121.35547442023294,121.56929016113281,25544100
2017-05-31,121.90782717332523,121.97909909421656,119.94789692686491,121.444580078125,34345400
2017-06-01,121.80095689499163,123.83215957607909,121.40006413309612,123.78761291503906,44618600
2017-06-02,124.23301875866721,125.63170469362142,123.87667275412954,124.5893783569336,46680200
2017-06-05,124.68737901121503,124.82100536819678,123.78758289510756,123.8143081665039,20808900
2017-06-06,123.03925410437125,124.42011876663298,122.77198778365451,123.6985092163086,25460900
2017-06-07,123.7074070809185,124.30429413165217,123.37778633787744,123.8143081665039,20542200
2017-06-08,123.81431093464664,126.02369977348746,123.60050875869581,125.50698852539062,33956400
2017-06-09,126.02371462769837,127.30656861579946,125.3466380741031,126.15734100341797,56979400
2017-06-12,126.20183744269852,126.49582894602992,125.51585726825856,125.952392578125,34665500
2017-06-13,126.32656005474321,126.78090314577885,126.03256855099346,126.59382629394531,22046800
2017-06-14,126.5314697394913,126.54037363057165,125.12388010636671,125.84548950195312,33021900
2017-06-15,124.4468248164825,125.59605214619887,124.4468248164825,125.20406341552734,27376800
2017-06-16,124.74972911090623,124.91899821968626,124.08157016176102,124.89227294921875,35608400
2017-06-19,125.22193752906878,126.13063782434477,125.17739086478139,125.8188247680664,25163300
2017-06-20,125.50703465462612,125.58721050007576,124.45579039281593,124.54488372802734,20111900
2017-06-21,124.76757254726674,125.43573161453835,124.02814154823842,124.23303985595703,23351400
2017-06-22,124.16179401357138,125.0704943422452,123.84107705014144,124.70523071289062,17917200
2017-06-23,124.84775668828415,125.68518495003815,124.3221414495175,125.53373718261719,20772500
2017-06-26,125.69407692823735,126.0860657449801,124.90119540118246,125.68517303466797,22988300
2017-06-27,125.70299842002055,126.16624558753712,124.50030665703972,124.58048248291016,24610100
2017-06-28,125.31989725697159,126.7363910388518,125.07935621677686,126.48694610595703,25085400
2017-06-29,126.71859662232042,126.81659382727707,124.41121035901942,125.7386245727539,38794900
2017-06-30,125.83661703102639,126.21078445572942,125.40899905904153,125.5426254272461,22798500
2017-07-03,125.91675000880323,126.95017221706436,125.88112085398157,126.59382629394531,12968200
2017-07-05,126.23751594387734,126.37115591239107,125.34663719537612,126.13951873779297,21865500
2017-07-06,125.19916088489138,125.68232118099415,124.21496923228462,124.4923324584961,30563400
2017-07-07,124.75184141491657,125.87025072396139,124.5281595531076,125.70026397705078,20511000
2017-07-10,125.19016386087432,126.05804989113604,124.69806142323418,125.15438079833984,17206000
2017-07-11,125.06494199759737,125.601783671583,124.34915764976684,125.52124786376953,16192900
2017-07-12,126.2012509058468,127.24807989757868,126.1654541791058,126.48755645751953,19358600
2017-07-13,126.3354616854951,126.65756398222884,125.60179257498885,126.59494018554688,16559300
2017-07-14,126.24594753054761,127.3196168800263,126.24594753054761,126.80961608886719,15465300
2017-07-17,126.69334504133006,127.46281078544432,126.38912749415918,127.10491180419922,15374600
2017-07-18,126.63965513236519,126.93491668429512,126.19229162685635,126.77387237548828,16653300
2017-07-19,126.94387807506628,128.07122924187198,126.94387807506628,128.0354461669922,16985500
2017-07-20,128.05328289550914,128.4111817724556,127.76697744639817,128.12486267089844,17047800
2017-07-21,127.95494000040736,128.24125927558322,127.27495220054641,127.54337310791016,21662700
2017-07-24,127.32863075904966,127.78495038693833,127.02442677542665,127.7223129272461,16694000
2017-07-25,128.50071248603805,129.06439497499116,128.13388472020583,128.8854522705078,21066400
2017-07-26,128.9748960838801,128.9748960838801,127.99070454105072,128.16964721679688,13574900
2017-07-27,128.37543415945717,128.55437684014913,126.64861749472516,127.3554458618164,24355800
2017-07-28,127.06916148941666,127.373365462558,126.577058796127,127.0154800415039,19933300
2017-07-31,127.24810105209491,127.39126067795655,126.12969207340082,126.61283874511719,16417700
2017-08-01,127.20337424128132,127.23021496716463,126.12970424858528,126.85443115234375,19835900
2017-08-02,126.68440445267451,126.89020151160666,125.02021153157519,125.46757507324219,19934300
2017-08-03,125.65545234218527,125.7449168437929,124.51020296299149,124.84124755859375,19624900
2017-08-04,125.18126330088089,125.54810466345273,124.80547958280162,125.4496841430664,16473500
2017-08-07,125.65544128417969,126.02228257010161,125.00229450487971,125.65544128417969,9176200
2017-08-08,125.6286211311152,126.86333510533109,124.98441660002406,125.26177978515625,27248700
2017-08-09,124.47438439844326,124.71596445004703,123.72281718506169,124.17912292480469,26534300
2017-08-10,123.72286559826136,123.72286559826136,121.91551298533224,121.92446899414062,40983500
2017-08-11,121.87079991134613,122.34500424290184,121.47711775251788,122.10342407226562,32779600
2017-08-14,122.81021780573577,124.00020630268067,122.78337708909002,123.9554672241211,21710900
2017-08-15,124.18807331094298,124.20597166829377,122.88176627326521,122.9354476928711,16646000
2017-08-16,123.17706634946867,123.82127089158985,122.76549956850008,122.97128295898438,21858600
2017-08-17,122.55973373698302,123.19499608562637,120.71659780359995,120.72554016113281,32722900
2017-08-18,120.31395116829218,121.1997358896397,120.00079123027844,120.7165756225586,42401900
2017-08-21,120.51077088195359,120.80603240346227,120.0186683461058,120.63603210449219,21504100
2017-08-22,121.02080717539805,122.08553482472824,120.9134442704084,121.94237518310547,25170600
2017-08-23,121.26239166847463,122.19291571959815,120.97608602752109,121.74555206298828,18381900
2017-08-24,122.255495702145,122.51496052287703,121.7007693356107,122.12129211425781,15726600
2017-08-25,122.47025299072266,122.85497910051622,122.05867250697722,122.47025299072266,17163000
2017-08-28,122.90865333572137,123.12339274757623,122.37182528476167,122.98918914794922,16333300
2017-08-29,122.12132501261343,123.3023578615313,121.8886871943379,123.01605224609375,20277600
2017-08-30,122.89970585527902,123.92863648271995,122.8012853355059,123.80337524414062,15915500
2017-08-31,124.28653357985843,125.2081013179292,124.07179418025375,125.02020263671875,29260600
2017-09-01,125.24388292152896,125.82546366896267,125.02020116923539,125.72704315185547,17412500
2017-09-05,125.82546486253223,126.05808897224195,123.99127174583583,124.51915740966797,21908400
2017-09-06,125.02919380842022,125.26181798407839,124.4386705327633,124.77867126464844,18399700
2017-09-07,124.89498041764355,124.98445860854481,124.0002531184514,124.46551513671875,18159800
2017-09-08,124.30441769935449,125.05599876817128,124.0270545089659,124.56389617919922,21870500
2017-09-11,125.6106753511533,126.08487938913463,125.46751580885261,125.8701400756836,22617700
2017-09-12,126.19227735319808,126.7738580360472,125.99544999329208,126.63964080810547,22679600
2017-09-13,126.52337734821425,127.2481041999437,126.44285517634513,127.0154800415039,25052500
2017-09-14,126.85437744109913,127.19437802826798,126.53227521442574,126.89911651611328,18353800
2017-09-15,126.72910918324688,127.47173409939548,126.64858704416343,127.41805267333984,23184000
2017-09-18,127.60599404637802,128.67072164175121,127.58810933142264,128.28599548339844,24427400
2017-09-19,128.45599584265355,128.56335874220238,128.02651693954985,128.28599548339844,16346300
2017-09-20,128.4201770719924,128.85859825734434,128.17859693700652,128.69754028320312,20244700
2017-09-21,128.85858552097477,129.0733112620038,128.3754252987585,128.56332397460938,17395900
2017-09-22,128.54543319224393,129.44016023916075,128.44701267098503,129.10911560058594,25203000
2017-09-25,129.08230249537317,129.68176810675428,128.56335905885203,129.2880859375,30012800
2017-09-26,129.41269468062524,130.18402326605164,129.31403589578574,129.69970703125,28238100
2017-09-27,130.61458600353313,132.61465438900456,130.19304502430504,132.2379608154297,66351700
2017-09-28,132.06750788356996,132.79398909888576,131.64596703521343,132.58770751953125,29291400
2017-09-29,132.66845451585243,133.12586516938842,132.5070202918417,132.90164184570312,21738700
2017-10-02,133.01824469752611,134.53399658203125,132.81196306804196,134.53399658203125,29772400
2017-10-03,134.63260798343296,134.82992553710938,133.93303254239873,134.82992553710938,28372800
2017-10-04,134.6147054615088,135.08109378640734,133.98688291962907,134.3994598388672,22024700
2017-10-05,134.79405657678646,135.0990106285998,134.41736312096086,134.76715087890625,22538500
2017-10-06,134.27390172614886,134.8389351980015,134.1483372117921,134.57884216308594,19350800
2017-10-09,134.70436780572368,135.14383663640174,133.79849707701652,134.02272033691406,13981300
2017-10-10,134.4711921561679,134.79407425858756,134.00481754139835,134.40841674804688,21951900
2017-10-11,134.48013475518644,134.7043579987597,134.04962995946593,134.30972290039062,15137100
2017-10-12,134.04965589033003,134.5429361732119,133.65502071562184,134.21109008789062,17185600
2017-10-13,134.46225773325756,134.52504684069677,133.84339909367574,133.96896362304688,15464400
2017-10-16,134.18421738273895,134.84792340208293,133.66401758684881,133.8523712158203,20653100
2017-10-17,133.87925169800752,134.3276982976795,133.18864010257155,133.4666748046875,18046800
2017-10-18,134.08552815339368,134.45325763552586,133.70883466639376,134.1034698486328,20541700
2017-10-19,133.43078123503122,133.9330391471573,132.89263993746658,133.89715576171875,17164900
2017-10-20,134.812028675031,134.90172347852914,134.40842943030043,134.51605224609375,25224500
2017-10-23,134.6685373575746,134.6685373575746,133.36804467605413,133.5115509033203,14676400
2017-10-24,133.98685308962285,134.33664083404594,133.67293504581926,133.78953552246094,17527700
2017-10-25,133.5832967519501,133.63710816287156,132.0406391065046,133.14381408691406,27235300
2017-10-26,133.5832618409213,133.94201361031153,133.19759068759916,133.42181396484375,15205900
2017-10-27,133.52947958354835,134.453278592552,133.0092798245599,134.34564208984375,32744100
2017-10-30,133.5294598740127,134.0406818657718,132.19308412047806,132.9285430908203,30524800
2017-10-31,133.44875931166644,134.38153608601885,133.3142307795516,133.87030029296875,22449400
2017-11-01,134.98241338936833,135.00931908789474,132.23792265565032,132.9823455810547,31585500
2017-11-02,132.95545798638372,133.8433735296643,132.48906967258196,133.3769989013672,28176600
2017-11-03,133.17070723625082,133.60122585404352,132.794013709811,133.2873077392578,22312700
2017-11-06,133.41283734610704,133.9778843306981,133.0899553099838,133.4397430419922,15576800
2017-11-07,133.45764085093867,133.50248822450106,131.43065452409377,131.84323120117188,29549300
2017-11-08,131.53838866618685,132.24692842699596,130.80292951284665,132.022705078125,30682500
2017-11-09,131.18855864103944,132.1930745418877,130.30062953800217,131.5562744140625,40144400
2017-11-10,131.58319082754494,131.93297858408715,131.26030876877502,131.45762634277344,17823700
2017-11-13,130.88360532296835,131.68185333108386,130.49794785367925,131.49349975585938,14680000
2017-11-14,131.00022342874058,131.38589463541197,130.5786825143695,131.134765625,19682200
2017-11-15,130.3634339834821,131.1347626940807,129.60106927823196,130.61456298828125,23925200
2017-11-16,131.13479919363323,133.0989843809792,131.1168574924382,132.53395080566406,25889000
2017-11-17,132.06754481196535,133.66401386833232,131.99579170223458,133.14381408691406,25816700
2017-11-20,133.42183040564734,134.1572894146773,133.0361728903056,134.11244201660156,22793000
2017-11-21,134.71340774826882,135.69101842798793,134.5878431993646,135.5116424560547,29392300
2017-11-22,135.68201745415982,136.12150009834676,135.30532391007347,135.3322296142578,14136600
2017-11-24,135.61923310606926,135.76272562376502,135.22459789002016,135.3860321044922,6816300
2017-11-27,135.69993093998355,135.9869296201177,134.9286023142126,134.97344970703125,18416900
2017-11-28,135.44884057737377,137.19777991187613,135.12595841673433,137.09912109375,35898300
2017-11-29,137.52958233940544,138.309888629327,137.17979458375177,137.55648803710938,38234200
2017-11-30,138.2112300245955,138.61482917618858,137.47577112504607,137.8076171875,32230700
2017-12-01,137.24264526367188,137.86150395961317,133.41290624081662,137.24264526367188,62734800
2017-12-04,138.9287391723359,139.38616342343823,136.5968252656196,136.73135375976562,36366800
2017-12-05,135.78962867879736,137.18879360446712,135.35912376309372,135.3680877685547,29667200
2017-12-06,134.86582122554083,135.6012801919758,134.4891277374291,134.73129272460938,21273800
2017-12-07,135.70895016188388,136.22915002213384,134.55196359522182,135.67308044433594,29675200
2017-12-08,136.46227610219995,136.5788765814945,135.68198350508044,135.798583984375,20832400
2017-12-11,135.81647510115835,136.44431103251392,135.44875944069116,135.74473571777344,26654100
2017-12-12,136.05867210871386,136.26495367700105,135.26941553572314,135.32322692871094,25854800
2017-12-13,135.2604144140703,136.96451911464206,135.2604144140703,136.13040161132812,30082600
2017-12-14,136.1932818685019,136.5071863785534,134.2111412348834,134.62371826171875,32882600
2017-12-15,135.47572465550266,137.44888701751123,135.05418374403436,136.54302978515625,42851600
2017-12-18,137.8256082914776,138.76734910647602,137.6372683397823,138.39065551757812,22714300
2017-12-19,138.79422728757484,138.81216898410904,137.06322992340208,137.29641723632812,24313600
2017-12-20,137.8973215493729,138.06773343722827,137.08114549990947,137.5654754638672,19042800
2017-12-21,137.96075284583958,138.6629795161162,137.81670282697107,138.16781616210938,16772600
2017-12-22,138.0867680983865,138.09576607141932,137.5645971778504,137.91571044921875,13599400
2017-12-26,137.7446692293097,138.13178817634574,137.65463453878897,137.9967498779297,11949600
2017-12-27,137.93368879835043,138.59989582288716,137.57356389839515,137.86166381835938,15949900
2017-12-28,137.9607364859437,138.41988041210345,137.75365945686397,138.40187072753906,10167300
2017-12-29,138.77999623450356,138.77999623450356,137.19548737493488,137.25851440429688,21006500
2018-01-02,137.92469961689628,138.6179281423432,137.2584924835496,138.55490112304688,20489600
2018-01-03,138.52790170217142,139.05908433076473,138.21280779904876,138.69895935058594,21836600
2018-01-04,139.518184722269,139.68023060979883,138.6629104842461,139.0680389404297,14207100
2018-01-05,139.43716155892605,139.5271824727367,138.59088529242334,139.3561248779297,19883900
2018-01-08,139.3021295936828,139.78829480006505,138.1947746594848,139.5722198486328,18457300
2018-01-09,139.76129960662882,139.99537052185804,139.30214201107617,139.3831787109375,16571300
2018-01-10,139.06805005522415,139.69825145269525,138.57288690815395,139.40115356445312,18516800
2018-01-11,139.6082569775837,141.9400094586114,139.52722027463219,141.79595947265625,26522400
2018-01-12,141.95804766738166,143.02039945837936,141.76899402472316,142.39019775390625,24089800
2018-01-16,143.02034303670052,143.5155062296466,140.2654525744061,140.57154846191406,27704700
2018-01-17,141.1657595532296,142.1920916743892,140.6976039622591,141.90399169921875,18571600
2018-01-18,141.54389202993224,141.79597266011666,140.79664811282697,140.9316864013672,17903600
2018-01-19,141.10274546684445,142.86732363311253,140.94069951897873,142.7863006591797,31040900
2018-01-22,142.6062197657437,143.55152893066406,142.52519679835817,143.55152893066406,12702400
2018-01-23,143.36246996284655,144.3167770647834,142.8492970472602,144.01068115234375,16904600
2018-01-24,144.37080517729316,144.61388782925206,142.60622706331904,143.11940002441406,20340900
2018-01-25,143.72256409766706,143.97464467057247,142.43515358156873,143.1733856201172,20290900
2018-01-26,143.6235269451538,143.76757690724327,142.93931023126962,143.68655395507812,16120300
2018-01-29,143.20040257434067,143.9206387168706,142.80427200908113,142.8762969970703,18293300
2018-01-30,141.94002353588132,142.44418479936311,141.1027449296701,141.50787353515625,24533800
2018-01-31,142.0120452444241,142.6242371252156,140.3735074387224,140.76963806152344,27468900
2018-02-01,140.20241837944067,141.53485994628167,140.02236279232616,141.21075439453125,21413000
2018-02-02,140.56257159518444,140.58056754136712,138.20379759572322,138.4918975830078,33314100
2018-02-05,137.44754377225505,138.45586616526373,133.11714252834037,133.17115783691406,52622200
2018-02-06,131.01943217803517,135.37684011628366,129.8580620874677,134.7646484375,69232400
2018-02-07,134.6927016780382,135.75503976247688,133.7924095777204,134.89976501464844,37101000
2018-02-08,135.03474514946245,135.04374312022088,130.93841552734375,130.93841552734375,44704500
2018-02-09,132.12677625691282,133.1891273756647,128.2915393931354,132.1357879638672,53315300
2018-02-12,132.27090102380208,134.0714850514673,130.97447832590458,133.38726806640625,36213900
2018-02-13,132.68499559656271,133.9543964575175,132.25284568818208,133.67530822753906,25021200
2018-02-14,132.91008428276143,136.41221887354783,132.5049419784428,136.0791015625,36286900
2018-02-15,137.04240435821825,137.62758847119977,135.54791683177893,137.5645751953125,23773600
2018-02-16,137.39354152005066,138.90602525329348,137.33051449581708,138.05075073242188,27973900
2018-02-20,137.3395353968965,138.4378926403124,136.54727410987797,136.91639709472656,24046200
2018-02-21,137.2224707302929,139.3741675235702,136.85334780548644,137.0604248046875,26735500
2018-02-22,137.5735945475631,138.67195169674233,136.76333738253206,136.8443603515625,16340000
2018-02-23,137.72667631838934,138.66298775933043,136.97943225562355,138.62696838378906,18065200
2018-02-26,139.12209932606945,139.77930853409734,138.16779215725435,139.53623962402344,15267700
2018-02-27,139.7072843665911,140.33749965904912,137.51958173875687,137.52857971191406,18125500
2018-02-28,137.87069496506103,138.28483526532375,135.322867351407,135.35888671875,29951800
2018-03-01,135.0887681826865,136.45721537111035,133.58528273835532,134.9987335205078,38943200
2018-03-02,133.88243759022114,137.51961144924937,133.60333551368583,137.1595001220703,31842300
2018-03-05,136.68228417880158,138.87898425387735,136.367176608013,138.3838348388672,19603700
2018-03-06,139.03206512974205,139.8963513584385,137.56459874163045,139.8783416748047,17304000
2018-03-07,139.0590909668899,141.2827992903074,138.84301596847118,141.11175537109375,22684600
2018-03-08,141.25579043060068,141.76896339596658,139.99538729396073,140.8236541748047,23391300
2018-03-09,141.62485567646334,143.14635053102833,141.22872521286556,143.07432556152344,24927200
2018-03-12,143.37147913259918,143.73159038272775,142.6872622624094,143.3264617919922,15310100
2018-03-13,144.04670656779814,144.31679689008564,142.3721630544529,142.66026306152344,17757200
2018-03-14,143.34446685127654,143.4975148145119,141.7149408303648,141.9850311279297,18097500
2018-03-15,142.3361399259285,142.37214555370417,140.77862521171548,141.27378845214844,14172100
2018-03-16,141.3277790350927,142.48916295375793,141.12071580254508,142.06602478027344,36000300
2018-03-19,141.49887581605776,141.534895184865,139.05008075700277,140.69761657714844,25663000
2018-03-20,141.0487094419232,141.36381705521646,140.23845234682935,140.66159057617188,11418500
2018-03-21,140.73358976166708,142.48014392945876,140.6255454280662,141.48081970214844,22213500
2018-03-22,140.4629829902412,141.32925088342535,138.34240699397176,138.37850952148438,29774800
2018-03-23,138.56801128772977,138.91091648262508,135.35557452212433,135.40069580078125,35744100
2018-03-26,137.2415443653275,138.4056101764425,135.74360583073874,138.36048889160156,28442400
2018-03-27,138.65829190900703,138.69438068039088,135.09393022193186,135.6804656982422,32820600
2018-03-28,136.02331083229913,136.57375729379606,134.80510535828955,135.63528442382812,26510900
2018-03-29,136.33014955189242,138.1529419878365,136.03236560673207,137.00692749023438,22617700
2018-04-02,136.72717181264872,137.22347830443016,132.81087367038447,133.6681365966797,35040700
2018-04-03,134.47121942176418,135.8969660787169,133.82151173583438,135.5811309814453,29857800
2018-04-04,134.00203821556408,137.68371202892814,133.79449682653308,137.30471801757812,29619700
2018-04-05,138.09879093197603,138.61314878450025,137.44909676580843,138.4416961669922,17301600
2018-04-06,137.49422593787625,138.42366670321502,134.58859103896398,135.6804656982422,25762700
2018-04-09,136.6188735703618,137.70172906973116,135.73455443035118,135.84283447265625,18997000
2018-04-10,137.28666461303837,138.9199532207284,136.86254932308668,138.40560913085938,23420000
2018-04-11,137.8641422883985,139.2447678355604,137.72879224223715,138.70335388183594,14884600
2018-04-12,139.35304925629177,140.23738213025757,138.90186407250152,139.6508331298828,14413200
2018-04-13,140.12909491990195,140.16519744698903,138.52287669152062,138.919921875,19813600
2018-04-16,139.7230234963648,140.60735636453802,139.064296987688,140.20127868652344,18846900
2018-04-17,140.959266113981,142.1142989595206,140.7336735461947,141.7262725830078,18624200
2018-04-18,142.14143395893527,142.91747329771974,141.81657996202352,142.10533142089844,16974200
2018-04-19,141.79854321885708,142.15948602169672,140.66156099773542,141.12176513671875,16174500
2018-04-20,140.81487835618444,141.41946476319404,140.00273688075464,140.3636932373047,21480600
2018-04-23,140.57124106522957,141.03144495099252,139.47938073751428,140.15615844726562,13268200
2018-04-24,140.67957429317948,141.33831476018793,138.23415762118344,139.35308837890625,24859700
2018-04-25,139.28992092501727,139.6869661765588,138.02660764200513,139.14553833007812,21981400
2018-04-26,139.34401220995238,140.23736371340496,138.91087834573776,139.7861785888672,14862900
2018-04-27,139.75912957808612,140.20128225434556,138.76651664735792,139.58767700195312,17734300
2018-04-30,139.88546740124914,140.45395140709115,138.3243566493331,138.3514404296875,15624600
2018-05-01,138.07170446913418,139.22673760109103,136.8986338410175,139.02822875976562,24977500
2018-05-02,138.76650170425586,140.57124227917825,138.6762591678786,139.5515594482422,16786800
2018-05-03,139.06430824458187,139.41623216335725,137.30468865070503,138.79359436035156,20985900
2018-05-04,138.2973423868917,141.2210287048077,137.88225953397443,140.5261993408203,17927900
2018-05-07,140.94124600079977,142.44820303435577,140.86003596302817,141.71728515625,16303500
2018-05-08,141.59995174860873,142.42111206054688,141.4465504434794,142.42111206054688,17281200
2018-05-09,142.58358468976982,143.5671791851249,142.01510053032803,143.18817138671875,15758500
2018-05-10,143.38668703575146,144.53270158669005,143.26035569881137,143.95518493652344,15828700
2018-05-11,143.9732124187853,144.49658894795172,143.51299466311303,144.23489379882812,14413600
2018-05-14,144.3973593038755,145.0019460039821,143.52205864738644,143.68447875976562,15028500
2018-05-15,143.21523979256577,144.0093165343474,142.72795197214214,143.71153259277344,17544900
2018-05-16,143.9191044540944,145.5704444478474,143.90105318518303,145.20948791503906,21004400
2018-05-17,145.281629517063,146.18399988673423,145.0560369246452,145.877197265625,18639700
2018-05-18,146.13887218689118,146.47275857195817,145.77792956252947,146.06668090820312,17579800
2018-05-21,146.51786885548478,147.30294042045122,146.50885010888194,147.0322265625,15667300
2018-05-22,147.3209780068855,147.38415054038157,145.85012370312555,145.96742248535156,13212000
2018-05-23,145.57945052993,146.4366998459936,145.39897916377177,146.15696716308594,14235700
2018-05-24,146.11179828589573,146.49982467737158,144.93871413435502,146.2110595703125,12785000
2018-05-25,145.95842060311932,146.32839579299863,145.7057579780994,145.94940185546875,11150200
2018-05-29,145.17335325014733,146.39154501940237,144.47852419210795,145.75086975097656,20986900
2018-05-30,146.5088351458821,148.34064566192237,146.5088351458821,148.0609130859375,25169000
2018-05-31,148.0609329455555,148.33164681216985,146.4908035344556,146.8788299560547,28573700
2018-06-01,147.83534160459462,148.3316480694144,147.33903513977486,147.8443603515625,21108200
2018-06-04,148.2775163889663,148.6294403076172,147.37514595457117,148.6294403076172,14836000
2018-06-05,148.4850144941431,149.58590720504748,148.29551069970907,149.5498046875,13283600
2018-06-06,149.53179601689894,150.63267517089844,149.41448346587427,150.63267517089844,16661300
2018-06-07,150.79511913449173,150.90339917713285,149.09865836468921,149.81153869628906,17571900
2018-06-08,149.8476141628505,150.34392059606668,149.57690031117997,150.26271057128906,17569800
2018-06-11,150.37101445924782,150.7951296813618,150.05517928734824,150.4883270263672,15923000
2018-06-12,150.62367152526738,151.5440932253325,150.45221893937406,151.1741180419922,16166700
2018-06-13,151.39067856962498,151.48090734383018,150.35294439817332,150.5785369873047,19853700
2018-06-14,151.13803797282947,151.45385938214088,150.34394753738425,151.3816680908203,19248100
2018-06-15,150.91241390151382,151.4808978274377,150.27172493023562,151.4267578125,24922600
2018-06-18,150.66878034233372,152.14866718424543,150.45220649873235,152.1396484375,18616500
2018-06-19,151.19215600686272,152.29304894347538,150.28075313445777,152.14866638183594,24605900
2018-06-20,152.90661816192048,153.5833957699866,152.4554330898764,153.3758544921875,19216900
2018-06-21,153.3849467706316,153.47518933593363,151.39071550683008,151.941162109375,26946200
2018-06-22,152.5096001112827,152.68105267208296,150.97557334840786,151.435791015625,33638200
2018-06-25,150.91244137819683,151.0297401755591,148.1150874317574,148.96331787109375,37005100
2018-06-26,149.09870231986227,150.38909954109758,148.75581082738574,149.82962036132812,20464000
2018-06-27,149.98300083615024,150.25370096000694,147.3661182298641,147.42929077148438,27511800
2018-06-28,147.29395923138625,148.18731114320252,146.41865858814464,147.88050842285156,26759100
2018-06-29,148.2685241084109,148.93628336794364,147.63686738673607,147.78125,24146500
2018-07-02,146.869785645161,148.85501132818254,146.61712306169971,148.8008575439453,24283600
2018-07-03,149.20389863617177,150.06425219228834,149.15861396080928,149.3940887451172,13561300
2018-07-05,150.20917325638953,151.12386299054506,149.27636688641525,151.09669494628906,18640500
2018-07-06,151.21436549374144,152.54565434945528,150.80683119114167,152.3735809326172,19597500
2018-07-09,153.06190867887264,153.35171953875147,152.5004174115354,153.33360290527344,16565200
2018-07-10,153.57807107100825,153.84069997198083,151.75774393402236,152.63619995117188,18790700
2018-07-11,151.80307229437415,152.69965909683492,151.28686570067302,151.34120178222656,23912600
2018-07-12,152.21060681819273,152.37361504815397,150.91553710920002,152.0747528076172,19617600
2018-07-13,152.01139515832708,152.80834747056088,151.62196350097656,151.62196350097656,15409100
2018-07-16,151.9298523508864,152.17437852275287,150.2997147222875,151.0332794189453,15946900
2018-07-17,151.01525653504052,152.14730493485342,150.87035102331643,151.7035369873047,15134700
2018-07-18,151.567598136386,152.20154206421188,150.85215009332705,152.12908935546875,13780000
2018-07-19,151.93891450071186,153.27925507758152,151.47703020554323,153.20680236816406,18398300
2018-07-20,152.8717505916438,153.33362115824696,152.46421611300053,152.58193969726562,17570700
2018-07-23,152.41888119351026,153.1886652174482,151.9751135898711,152.77207946777344,12335000
2018-07-24,153.46041498727826,153.74116066354622,150.5352069985954,151.14198303222656,25831300
2018-07-25,151.18719617346883,151.69435119628906,150.46268307560942,151.69435119628906,18401200
2018-07-26,151.8393122474144,153.38794591565224,151.703458218606,152.5094757080078,20944200
2018-07-27,152.60004437476866,152.79928589430455,149.2401204034522,149.665771484375,28777100
2018-07-30,149.65673355412423,150.35407893529958,148.5880869612334,148.705810546875,20093700
2018-07-31,149.004663972932,150.897444647232,148.87787516745124,150.2182159423828,23567300
2018-08-01,150.06428573117003,150.5533382240783,148.97752237429566,150.11862182617188,17942600
2018-08-02,149.3940735596941,151.4317593733978,149.37595692760206,151.2144012451172,18292200
2018-08-03,151.37738205933212,151.8573690807752,149.98270565756027,150.68910217285156,21734900
2018-08-06,150.5804341476199,151.70341642363542,150.2453386907005,151.53135681152344,16288800
2018-08-07,152.04758780802155,152.5909762233012,151.78495882596596,151.8936309814453,15045700
2018-08-08,151.89365271378466,152.1381789175405,150.77972150392014,151.7578125,14789500
2018-08-09,151.83026835497003,152.79025664236784,151.7397128086498,152.14724731445312,10437800
2018-08-10,151.28685517605777,152.753984551709,151.20535105939746,151.7215576171875,20521900
2018-08-13,151.9117724501182,152.19251811030065,150.22728467007983,150.8340606689453,20517200
2018-08-14,151.16005631316966,152.6905868901716,151.14193968213883,152.3283233642578,17683100
2018-08-15,151.87551264410715,151.9841986173077,149.56613263350832,150.4174346923828,27479900
2018-08-16,151.11483408149493,152.30121825379476,150.9608772014736,151.8121795654297,15484700
2018-08-17,151.66719127234754,152.5728292383524,151.17813903209924,152.4641571044922,15106700
2018-08-20,152.88078157567955,153.2158632859626,151.9932600133681,152.8898468017578,12547300
2018-08-21,153.17965994185545,155.19017805279864,153.16154330673655,154.64678955078125,20661200
2018-08-22,154.49280694105468,155.3078895581821,154.33885011557248,155.02713012695312,14329200
2018-08-23,154.94566175330883,155.33509342907777,154.1215275394942,154.55624389648438,12945800
2018-08-24,155.000000185909,155.57055677624183,154.88227659568798,155.3984832763672,11894300
2018-08-27,155.869404133352,156.62108556021445,155.4256364035821,155.6248779296875,15880400
2018-08-28,155.91471136978092,156.20450847399107,154.95473686998255,155.76980590820312,13170300
2018-08-29,155.78786229958516,156.4670908417472,155.28070719913458,156.22256469726562,13157900
2018-08-30,155.92372121534754,156.88369545925116,155.60675614895126,156.09579467773438,14199600
2018-08-31,155.7335225979149,157.02857835503167,155.72445737344236,156.69349670410156,12240500
2018-09-04,156.48516264068252,156.7840247982775,154.97274904480778,155.99612426757812,17923500
2018-09-05,155.9327576238045,155.97804229148875,154.28450350783243,155.57955932617188,15166100
2018-09-06,155.92371410580935,156.20445971313777,154.33884738926673,154.52903747558594,16647700
2018-09-07,154.14866136437632,155.2716437226059,153.6505576640615,154.447509765625,17248000
2018-09-10,155.09051433244875,155.47993205651358,154.31166506537932,154.6376953125,11067100
2018-09-11,154.50190904435271,155.4075474002541,153.95852050323404,154.89132690429688,14078400
2018-09-12,154.6739305791446,154.9456247827001,153.3517066442179,154.5199737548828,21572300
2018-09-13,155.11773525058268,155.35319624641065,154.19398026565923,154.55624389648438,14570500
2018-09-14,154.6558426040834,155.70637243624435,154.3207470660075,155.20828247070312,15734900
2018-09-17,155.24450044228516,155.35317260552324,153.36983653171617,153.5600128173828,20023200
2018-09-18,153.77738235113733,154.6015165005724,153.62342550216763,154.20303344726562,13018000
2018-09-19,154.21203584800838,154.92749759878998,153.11622161859827,153.6414794921875,17593500
2018-09-20,154.29357177305147,155.13582246340002,153.78641660502913,155.06336975097656,16918700
2018-09-21,155.54335681193024,155.60675811737656,154.1577315074179,154.32073974609375,32539000
2018-09-24,154.19395223028704,154.4113103692623,152.83549495431114,153.7501983642578,15786700
2018-09-25,154.0038191527141,154.4294703241092,153.82269422889502,153.98570251464844,13758500
2018-09-26,154.30344361644273,154.39425328407197,152.3511604629041,152.5781707763672,17787200
2018-09-27,152.88695090554938,153.18660627887218,152.33304500739771,152.58729553222656,14471900
2018-09-28,152.05153341456779,153.4590003904548,152.05153341456779,153.05038452148438,22740300
2018-10-01,153.7223410067131,153.74959499915573,150.52604487014827,151.0345458984375,27893100
2018-10-02,150.89830233269268,151.21612234204625,149.08221966349802,149.40003967285156,28440300
2018-10-03,149.99023553351094,151.39770213430648,149.38184960529276,150.7075958251953,26027200
2018-10-04,150.22641193590056,150.4170929221678,148.12883795326516,148.59193420410156,29463000
2018-10-05,148.6917374167217,149.06403761132484,145.88589360547124,147.24795532226562,31240100
2018-10-08,146.89384992309232,147.465906539525,145.78603839136906,146.9392547607422,21330700
2018-10-09,146.75763863001086,147.7746543643589,146.17649271993116,146.3671875,20620400
2018-10-10,146.031229221227,146.18559460143987,141.98135835256133,142.1629638671875,46921800
2018-10-11,141.48197202608384,142.85312383127484,139.3934733897474,139.44796752929688,68877400
2018-10-12,141.25495836158433,141.43656392239538,137.92244713326423,139.47520446777344,53492600
2018-10-15,139.25727105701645,141.0097848293148,138.5126702369656,139.99278259277344,32747600
2018-10-16,141.0006769150376,144.25146700715527,139.87470051570102,144.05169677734375,35569100
2018-10-17,143.63399099248173,143.6703204098987,141.5545821527846,143.43423461914062,24140100
2018-10-18,142.93482823221973,143.13459848798811,140.17437407375584,140.74644470214844,31042700
2018-10-19,141.17320061562276,141.9813569248535,138.6942514196518,139.25723266601562,34214200
2018-10-22,139.76573689443111,140.2469977495688,138.49448441965475,138.95758056640625,28218300
2018-10-23,137.05071218454177,138.83047981892452,135.2255535546024,137.71359252929688,37228100
2018-10-24,137.504751279248,138.00417699735334,132.41065052142503,132.5286865234375,40412400
2018-10-25,133.23692804265175,136.0427868632453,132.94636196184138,135.3980712890625,32311300
2018-10-26,133.97244902806887,135.67957163750708,131.39361425829858,133.91796875,36986100
2018-10-29,135.41623759770914,136.7782998906473,131.7295912083881,133.1824493408203,33031300
2018-10-30,133.34586439054323,136.10630372069267,133.08252466636242,135.9610137939453,29017200
2018-10-31,137.35034659164992,137.89517701124413,136.23345947265625,136.23345947265625,36785400
2018-11-01,137.01437655785116,139.62954041959344,136.94173157773463,139.3752899169922,28496400
2018-11-02,139.89284390990636,140.64651987016015,138.42182140143638,139.83836364746094,26671600
2018-11-05,139.87469198815003,140.4376870813015,138.3401136517734,139.7294158935547,16940900
2018-11-06,139.5205288271821,140.84627511355828,139.40249288962121,140.41949462890625,15572900
2018-11-07,141.07332662506852,142.934814453125,140.56482560690185,142.934814453125,22127800
2018-11-08,142.20837608468347,143.37974349204023,141.96320100663638,142.55343627929688,14987700
2018-11-09,141.65449479177963,141.68173493232877,138.88496503915053,139.9110565185547,20654400
2018-11-12,139.85651246694601,139.9927131075883,136.9689341848453,137.14146423339844,21886800
2018-11-13,137.659104356459,139.01207739673632,136.46955828867544,136.70565795898438,18468500
2018-11-14,137.8588391904572,138.4399850782394,134.82597066597074,135.70677185058594,24549100
2018-11-15,134.83507036032398,137.84068513030954,134.50817490722397,137.6409149169922,24482000
2018-11-16,136.76012243071207,138.28562540588936,136.2606968654054,137.9678192138672,29323500
2018-11-19,137.7317207137185,138.04954076399073,134.72610572613206,135.17105102539062,21540900
2018-11-20,133.70906834430073,134.780550322785,132.20171660841774,132.56494140625,25907000
2018-11-21,133.2823067238877,135.63413046820818,133.05529638897772,134.4173583984375,17902300
2018-11-23,133.3186706642096,135.57060989016475,133.30958138086802,134.29026794433594,11134800
2018-11-26,135.58875995026372,136.56943255215074,135.06209423110909,136.03369140625,15346400
2018-11-27,135.46162210710438,135.9610476950711,134.6534657395268,134.90773010253906,14461800
2018-11-28,135.4797357647663,138.35822452540944,134.11767405026342,138.2401885986328,26125900
2018-11-29,137.66816495297667,138.69425622649706,136.6057581178827,137.86793518066406,15134500
2018-11-30,137.53197896537873,138.80323159041455,137.18691874331995,138.58529663085938,20304700
2018-12-03,140.19254720797315,140.27426762962065,138.0404929708951,139.9110565185547,23379800
2018-12-04,139.61141108523273,139.9564713643139,133.60925490646568,133.95431518554688,41077900
2018-12-06,132.07460870247152,133.66368103027344,130.24036133595192,133.66368103027344,37581200
2018-12-07,133.6091921210909,134.62619391127518,130.09507683452821,130.77610778808594,28525100
2018-12-10,131.00313092173587,131.4117467627226,128.44244763515886,130.39474487304688,30776600
2018-12-11,132.28347350208293,132.74658351518545,129.29602318928144,130.258544921875,29229300
2018-12-12,131.55702847908333,133.26413670777288,131.44805410085286,131.50254821777344,27894800
2018-12-13,131.88396179486568,132.29257772770225,129.43223848661682,129.64109802246094,23205400
2018-12-14,128.69672008089393,130.05878235381215,127.21662183280696,127.67971801757812,24037200
2018-12-17,127.25058466702808,128.35299795412772,124.05269779777602,124.83622741699219,36468500
2018-12-18,125.96595572026905,126.80414791769724,124.17112643923869,124.68134307861328,42277200
2018-12-19,124.6357902432288,126.348611787177,121.40145233495912,122.08476257324219,47676600
2018-12-20,121.74764901377092,122.4582904426647,118.64996805773977,120.07125091552734,57908100
2018-12-21,120.60882450213371,121.12813308689978,116.60006946156982,116.95538330078125,59404800
2018-12-24,116.37228691119304,117.0464843703101,114.65033879169275,114.68678283691406,28575700
2018-12-26,115.05119447469383,120.35368735540023,114.6229857134555,120.19879150390625,40182700
2018-12-27,118.68644086959641,120.69992065429688,116.49984664340442,120.69992065429688,39527900
2018-12-28,120.699912362121,123.0049443728816,119.84349466920942,121.04612731933594,35994400
2018-12-31,121.82966455499286,122.13032273636372,120.08039196500283,121.99365234375,29173400
2019-01-02,120.41749338789633,123.15073455584974,119.84350829399139,122.68608856201172,27295100
2019-01-03,122.00278381436415,122.66786863623514,119.9437331436642,120.49038696289062,29294600
2019-01-04,122.01186031107379,125.36464271994151,121.82054125168142,124.99109649658203,35355300
2019-01-07,125.05486995060566,127.8883300805669,124.58111823063716,127.17768859863281,30477900
2019-01-08,128.2800976986153,129.18205821874125,126.9954712525185,129.1273956298828,27320900
2019-01-09,129.57381630504378,130.63977838153747,129.02716267003086,130.19334411621094,25764600
2019-01-10,129.42801520707627,130.940411257447,128.78115622901072,130.86752319335938,22896800
2019-01-11,130.29356965567078,131.18643822860372,129.9929115323746,130.90399169921875,22428400
2019-01-14,130.1205188276374,130.68538426792475,129.45542007802555,129.6011962890625,29185000
2019-01-15,129.96559103340743,130.87667127591845,129.45538832191824,130.6944580078125,25678900
2019-01-16,130.90400877673054,132.33441149823418,130.894902978587,131.66932678222656,20827300
2019-01-17,131.18648450088054,133.31840950679617,131.1682589985607,132.8628692626953,19273400
2019-01-18,133.56437694643648,134.76699570805417,133.0177232080762,134.22946166992188,28306700
2019-01-22,133.4368116209797,133.7101245581911,131.24110501217817,132.10662841796875,27741100
2019-01-23,132.39818161633173,133.1816972440837,130.70357188467662,131.74220275878906,20621300
2019-01-24,131.5873046365529,132.79904295258973,131.49620495910958,132.5348358154297,16976300
2019-01-25,133.5825770394533,134.5118827538457,133.40946957381365,134.23855590820312,22266900
2019-01-28,132.9812800731962,133.84680353463676,132.4437321574969,133.51881408691406,22784700
2019-01-29,133.66458044726676,133.76479982398766,132.90838222327812,133.19992065429688,12084800
2019-01-30,133.91056138568973,135.14963099047225,132.72615436756257,134.65765380859375,25516900
2019-01-31,134.48455471915113,136.02428254834308,134.41166663174772,135.8056182861328,27252900
2019-02-01,136.0699044935595,136.37054888282867,135.3683684806264,135.91500854492188,17057900
2019-02-04,136.12447474166103,137.54575740719184,135.64160342329427,137.53665161132812,21301700
2019-02-05,137.5822909433042,138.11983911963128,136.88076881658594,137.68251037597656,18295900
2019-02-06,137.60955776461319,137.910215921734,136.75315398909586,137.50933837890625,13720600
2019-02-07,136.58915272432398,137.29979422439996,135.19520102017634,136.37960815429688,22850800
2019-02-08,135.80565974845987,136.57096404687624,135.29545688284895,136.52542114257812,13463000
2019-02-11,136.92624367181776,137.70977323726737,136.32494127664393,137.6642303466797,16374800
2019-02-12,138.4113220663244,139.56839797798756,138.37488496999646,139.3861846923828,20779900
2019-02-13,139.7779541015625,140.0877181028633,139.12197509764096,139.7779541015625,15534500
2019-02-14,139.0126292709369,140.64345683743653,138.84862759329926,140.09681701660156,18251000
2019-02-15,141.01696103506654,142.34714394955228,140.55231524061134,142.32891845703125,27240200
2019-02-19,141.71855358208455,143.13073092848964,141.71855358208455,142.72073364257812,15856900
2019-02-20,142.72985843954197,143.5680507371843,142.61141353920672,143.3949432373047,18317400
2019-02-21,143.15807503652223,143.37672544645707,142.18321228561493,142.84829711914062,17497000
2019-02-22,143.285600112273,144.1966803959871,143.1307181322794,144.08734130859375,20411800
2019-02-25,144.93464012011543,145.31729213650053,144.03266571593448,144.123779296875,17957100
2019-02-26,143.95980990841565,144.12381161048285,142.9394043026064,143.1307373046875,21497300
2019-02-27,142.57494799278967,143.44047141750994,142.23783885955524,143.33114624023438,18194900
2019-02-28,143.12162032891507,143.47694113784624,142.46564131212156,142.8391876220703,18155300
2019-03-01,143.90507529409288,144.26039591844463,142.81178213470105,144.16929626464844,19247100
2019-03-04,144.44263504030994,144.6612992722063,141.7549514865713,142.86647033691406,23301800
2019-03-05,142.98494563589415,142.99405143425253,142.09209082739562,142.201416015625,16798200
2019-03-06,142.14678523447373,142.2014478408221,139.2859929856972,139.41354370117188,29604600
2019-03-07,139.41353106925692,139.522856272048,137.91024002095918,138.1926727294922,26822500
2019-03-08,137.4272917312157,138.2654835889814,137.21774724226833,138.15615844726562,20466800
2019-03-11,138.5844235391455,140.58879739777836,138.39309056127516,140.57057189941406,20854500
2019-03-12,140.67084021719498,141.19926863770823,140.12420019396484,140.6435089111328,18966800
2019-03-13,141.14455615718876,141.88252896410452,140.98967417689622,141.19921875,24109100
2019-03-14,141.12631185047914,141.2356509235115,140.48855851604048,140.62522888183594,14217500
2019-03-15,140.78918901644218,142.01003286027128,140.6069757997774,140.9987335205078,22025900
2019-03-18,141.2721092041289,142.53851026603968,140.7436809614779,141.9007568359375,24510200
2019-03-19,142.56587793316947,142.6114347402236,140.82572468038146,141.18104553222656,18633100
2019-03-20,141.17370040762054,141.97759293434916,139.2279353622159,140.00440979003906,29463200
2019-03-21,139.52027002706276,142.5622576369373,139.52027002706276,141.84059143066406,31845000
2019-03-22,140.86307171653124,141.1736614018457,136.63353492429303,136.67919921875,40663000
2019-03-25,136.55137053544757,138.23223829373745,135.57392280215493,137.2821807861328,26454700
2019-03-26,138.36921116884255,139.60245391071328,137.74801779235378,138.72547912597656,21308600
2019-03-27,138.5884543626915,139.04520885557105,136.55131928833922,138.18650817871094,23477100
2019-03-28,138.6615246287496,139.7029243285738,137.87590633316003,139.41973876953125,19473300
2019-03-29,140.38801159230022,140.65293692355172,138.94468009962597,139.8490447998047,28298900
2019-04-01,140.94529869900524,141.52081383448888,140.42460581279153,141.37464904785156,20075200
2019-04-02,141.47517731590887,141.48432132967096,140.2328041412107,141.00929260253906,18253500
2019-04-03,142.26990344621098,142.64443156035702,141.3472503913316,141.7400665283203,19554700
2019-04-04,141.84971134301435,142.51656917433252,141.44776505376683,142.43435668945312,15909500
2019-04-05,142.78142944478915,143.8502330772144,142.68094291837113,143.7680206298828,21379000
2019-04-08,143.283895437495,143.87767072518875,142.57135951664597,143.53053283691406,14202400
2019-04-09,142.9275955816847,143.14682877668918,141.5116541281146,141.7765655517578,18534200
2019-04-10,142.03237838488383,143.7497798012627,141.8953576076372,143.7041015625,18938800
2019-04-11,143.89593484008478,144.042085679565,143.24733734729944,143.52139282226562,12218700
2019-04-12,144.45317391666916,144.48057806989277,143.52139088994542,144.04208374023438,14120300
2019-04-15,144.2887382703346,144.42577297854353,142.96415305855862,143.57620239257812,10964000
2019-04-16,144.06953917392175,144.24309420964167,143.40266743519305,143.9142303466797,16782900
2019-04-17,144.4166442538389,144.43491833800914,141.77660362244674,142.59877014160156,17108500
2019-04-18,142.6078322251959,142.763127019,141.28324750471992,142.17848205566406,23276300
2019-04-22,141.87709851521524,142.33385307302046,141.15543244706183,141.80401611328125,15596800
2019-04-23,141.9319190125715,144.38013090081662,141.9227889386873,143.941650390625,23396100
2019-04-24,143.98729024285515,144.9647516051634,143.75891298314295,144.3892364501953,18053100
2019-04-25,143.72240292228034,143.85029365166284,142.02327526674458,143.19256591796875,19365100
2019-04-26,143.38439054705918,144.78205831670414,142.87281375625696,144.58108520507812,16999100
2019-04-29,144.90075712992225,145.80513583335286,144.7820104679638,145.27529907226562,13698900
2019-04-30,145.38493767940426,145.42148584172398,143.3843648721531,144.5993194580078,24127500
2019-05-01,144.94649714502376,145.00130546452823,143.15602699234083,143.22909545898438,17734300
2019-05-02,143.0920730616375,144.4714668635831,142.21509814223245,143.89596557617188,22715700
2019-05-03,144.61760826028743,146.7460859132828,144.5079916402496,146.64559936523438,20178800
2019-05-06,144.4988376309757,147.1754260770426,144.34354278365362,146.81002807617188,21262100
2019-05-07,145.5311354479491,146.04269832409724,142.73579977539467,143.90509033203125,25434500
2019-05-08,143.65841463817875,144.41662875086536,143.10117361266404,143.20166015625,16113700
2019-05-09,142.0689350901807,143.101190865243,140.44289005359818,142.6809844970703,25259900
2019-05-10,142.13284792439714,143.2656039905555,140.37891249034013,143.07376098632812,26544700
2019-05-13,140.39723819272524,140.69869791647196,138.08606091637853,138.51541137695312,26936500
2019-05-14,138.8168304345845,140.83567747016747,138.57930917931063,140.26016235351562,15519200
2019-05-15,139.2188251418583,141.05498793254745,138.91737931020944,140.71697998046875,18410600
2019-05-16,141.14629334639906,142.67185194986843,141.0823549543838,141.5939178466797,13772100
2019-05-17,140.51594578017546,141.84053089822947,139.4562721101164,139.62069702148438,21534000
2019-05-20,138.78939502156723,139.60243129203278,138.31438044837898,138.65237426757812,18689800
2019-05-21,139.4289130375164,140.71695041012472,139.38323478991032,140.5159912109375,11659100
2019-05-22,139.96786317198777,140.30585707307256,138.85338097274106,139.33753967285156,13922600
2019-05-23,137.9946129319388,137.9946129319388,135.72911540760666,136.46905517578125,26379400
2019-05-24,137.3735034773597,138.0220871351344,136.83452251249457,137.74803161621094,16093100
2019-05-28,137.94897541246408,138.53362055701183,136.6426643625526,136.65179443359375,14042200
2019-05-29,135.96667270108753,136.04888516359318,134.61468331895608,135.50991821289062,22622300
2019-05-30,135.88447537014918,136.64268957767274,134.32236871338765,135.13539123535156,17739100
2019-05-31,133.54589020106732,134.13966550773412,132.75114178835042,133.2444305419922,25411300
2019-06-03,133.49107864404328,134.47767006639114,132.76026863426247,133.71031188964844,26554500
2019-06-04,135.12623564375198,137.29124728953263,133.75597228535113,137.17250061035156,21217600
2019-06-05,137.72061354250056,137.8393741744774,135.7565747435801,137.19992065429688,18184100
2019-06-06,137.1359588035148,137.50137074611303,135.48250983799883,136.84364318847656,20772500
2019-06-07,137.34611179281046,138.40577185568472,137.0446520885211,137.81199645996094,17107500
2019-06-10,138.35088357941248,139.8947154429405,138.35088357941248,138.62493896484375,18912300
2019-06-11,139.64809941262766,139.97696317025677,137.5561701898199,138.21389770507812,15373000
2019-06-12,138.1043067181554,138.65241778421688,137.59274382398786,138.36923217773438,11957600
2019-06-13,139.136534879103,139.93128314190594,138.73458874282224,139.830810546875,14839400
2019-06-14,139.6573098324877,139.71211816164848,138.5976356718922,138.6067657470703,16154800
2019-06-17,139.22366687609912,140.1678968855948,139.04032382353088,139.5628662109375,12509300
2019-06-18,140.5071454265337,142.23058751004447,139.5812396063145,141.18551635742188,22100800
2019-06-19,141.3504966333469,141.81802355260308,140.626272634377,141.68968200683594,15625000
2019-06-20,143.05564060551558,143.21148294120698,141.5797055578711,142.35891723632812,17595700
2019-06-21,142.21230266993405,142.24896570824555,140.8188694149161,141.13055419921875,19854400
2019-06-24,141.5063404919924,141.55217975630765,139.34285870520026,139.41619873046875,24002600
2019-06-25,139.62705387950987,139.80123470512024,138.42614059326658,138.5636444091797,17462200
2019-06-26,139.06787942515592,139.5445827403698,138.20615135125598,138.24282836914062,15726900
2019-06-27,138.64613018343528,140.96545395610056,138.64613018343528,140.8371124267578,22278400
2019-06-28,141.13047364063507,143.02811001541716,141.12131138333385,142.55140686035156,35089900
2019-07-01,144.42150339000943,144.87070570693214,142.29469904685007,143.10142517089844,22850500
2019-07-02,143.02809370111933,143.1197582282131,141.4146413566809,142.23052978515625,19024600
2019-07-03,142.64312281775545,143.3214937287159,142.24892183949382,143.24815368652344,9115100
2019-07-05,142.54223687137622,143.68814843993073,141.96469296460768,143.6331329345703,14156700
2019-07-08,143.2023103666147,143.44981724114058,141.99222080509753,142.26724243164062,9735700
2019-07-09,141.67135944796087,142.48724807819974,141.6163579204676,142.45974731445312,12381600
2019-07-10,143.19309496006653,143.52311802402878,141.95551896134097,142.7072296142578,17325400
2019-07-11,142.9089500049918,142.95478927403877,141.3780135384536,142.01055908203125,14260800
2019-07-12,142.22138242571597,143.62397712957915,141.98303784449402,143.11061096191406,16678000
2019-07-15,143.5231676125898,143.55066837840698,141.95556800828203,142.35891723632812,12194300
2019-07-16,142.2121627986294,143.19305547582024,141.79046133777817,142.31300354003906,15152700
2019-07-17,142.31307186514022,142.4047364088654,140.9288015695435,141.29550170898438,14155100
2019-07-18,141.24969587652413,142.1022476746837,140.9288349270888,141.82723999023438,15705500
2019-07-19,142.0380390960878,142.48722749785756,141.0113067626953,141.0113067626953,17182600
2019-07-22,141.39634529325386,141.8180329767197,140.62628197929914,140.88296508789062,14474600
2019-07-23,141.43299904398881,141.83636218481817,140.7546143082141,141.81802368164062,15493200
2019-07-24,141.442138662817,144.3390062213125,141.28629638119997,144.16482543945312,23823100
2019-07-25,144.09153611954676,144.14655163962883,142.175574821393,142.423095703125,17902500
2019-07-26,142.62472077950846,144.3114990340295,142.55138076998452,144.1098175048828,14260300
2019-07-29,144.10071487977456,144.25655721893605,142.64311830627958,143.14730834960938,13192200
2019-07-30,142.14802715265563,144.696533203125,141.8271803263775,144.696533203125,1200
2019-07-31,144.64154315307144,145.97079779740926,142.5972407969332,143.52313232421875,40445900
2019-08-01,143.8164933880545,144.99906800006028,140.800446234685,141.44215393066406,38070200
2019-08-02,140.58045830467725,140.94714446736896,138.6828217428875,139.87457275390625,30148300
2019-08-05,137.30772628432857,137.43606783881174,134.03500965091783,135.6759490966797,39221500
2019-08-06,136.5009973104975,137.2343836025903,135.10757874251925,136.92269897460938,24283300
2019-08-07,135.60266309528066,137.24361718302666,134.47508941819328,136.88609313964844,23952100
2019-08-08,137.64687797148085,139.92037636295186,137.50021193668988,139.83786010742188,19415600
2019-08-09,139.4253211256275,139.48032263180878,137.5368614764679,138.07772827148438,19313200
2019-08-12,137.33524748741837,137.619431401201,135.97849171120657,136.29017639160156,15963000
2019-08-13,135.9876023919697,139.1503152464477,135.37339552361877,137.75689697265625,21912600
2019-08-14,135.63010364199684,135.65760440326142,133.58580112164503,133.9066619873047,28235800
2019-08-15,134.41081809193977,134.45665734523186,132.73320213631783,133.3749237060547,24202400
2019-08-16,133.9707880271496,136.5101315112748,133.94328727363217,136.25344848632812,22783400
2019-08-19,137.80273607893005,138.32526443398848,137.4635367727646,137.62855529785156,17023400
2019-08-20,137.43606435888208,137.51856664435078,136.58351276601235,136.7301788330078,13324100
2019-08-21,138.07776364945389,138.10526440959072,137.3168766465841,137.85775756835938,13446100
2019-08-22,138.123617268272,138.49947968011253,136.72102240279943,137.5369110107422,12979100
2019-08-23,136.7943114842871,137.61019978835114,132.86153598258798,133.3199005126953,36974600
2019-08-26,134.57585358176695,134.80503588896062,133.57662207956517,134.7866973876953,19167100
2019-08-27,135.6393138345483,135.69431537084276,132.63242796467918,132.7882843017578,24546200
2019-08-28,132.52237395551387,135.11671932963998,132.23819013509976,134.33749389648438,20115500
2019-08-29,135.81346080535718,136.85853180638827,135.63929396200294,136.6935272216797,18786300
2019-08-30,137.40856780331458,137.48190783314732,135.71261283536074,136.4459991455078,18727100
2019-09-03,135.17173503023926,135.9692990482049,133.84248031786888,134.44752502441406,20688000
2019-09-04,135.68510867134216,136.00596954529453,134.92422161760427,135.52926635742188,13107500
2019-09-05,137.37192208666121,139.26038263114972,136.93188185223468,138.05029296875,25666700
2019-09-06,138.1510955502008,138.63696093495778,137.35354557676547,137.41770935058594,14645900
2019-09-09,138.03196185423167,139.56289837770635,137.56442087601778,139.2603759765625,25780100
2019-09-10,139.04951837187485,141.13049817164637,138.3253082501841,141.03883361816406,29576200
2019-09-11,141.65305874569958,144.07322427954904,140.77299219330737,143.92654418945312,42970500
2019-09-12,144.09149155521482,144.751537710241,142.61557094509487,143.96315002441406,38648300
2019-09-13,144.70575035824191,145.68664360321162,144.04570403025906,144.21070861816406,31042800
2019-09-16,143.89903516712548,145.5308126083408,143.65151427780918,144.7515869140625,23242600
2019-09-17,144.2565073733721,144.4490266600392,143.42228044477713,144.3756866455078,22986700
2019-09-18,144.36651769659653,144.38485619820048,142.15721084546806,143.48646545410156,19735700
2019-09-19,143.74318616163717,144.6782541537827,142.5789357980567,142.78977966308594,21531600
2019-09-20,142.6797629807712,143.60565463723708,141.5888527587703,142.48724365234375,22707200
2019-09-23,141.96468717419606,142.96391866405645,141.6896656113248,142.37721252441406,14944600
2019-09-24,142.73049536247206,142.85928803421587,139.68545759404088,140.2282257080078,27576700
2019-09-25,140.0902381201604,142.00373926370278,139.64866525237318,141.76455688476562,21917500
2019-09-26,141.59890883120536,141.59890883120536,139.78660356505324,140.18218994140625,20641600
2019-09-27,140.58701381071265,140.95498884509374,138.4527193067285,139.0598907470703,20181900
2019-09-30,139.2530612906322,140.07181760663389,138.71948770845688,139.2254638671875,16905400
2019-10-01,139.9338650481808,141.074610302557,136.19886308788537,136.4932403564453,34093500
2019-10-02,135.81244617384337,135.81244617384337,134.1841280675621,135.46286010742188,24894600
2019-10-03,134.94771370346274,136.0976532993579,133.32858976853927,135.91366577148438,25362800
2019-10-04,136.14361483339275,137.30274856177678,135.34324755768858,137.20155334472656,18640400
2019-10-07,136.8704320634422,138.05717778435664,136.26326048703714,136.96243286132812,15762800
2019-10-08,135.61924479850117,136.0884149974399,134.4141106118845,134.73609924316406,18110600
2019-10-09,135.729616897371,135.86761802318694,134.90166629185015,135.35244750976562,10929500
2019-10-10,135.54567754054773,136.61282486128985,135.32489812063466,135.895263671875,16349000
2019-10-11,137.79951247998252,139.79581934839663,135.86762298411367,138.19509887695312,29236300
2019-10-14,137.90994137649994,138.13072076643437,137.1647828607777,137.68914794921875,10692600
2019-10-15,138.14914220159582,139.95225367214064,137.79955607099,139.271484375,16801200
2019-10-16,139.10592092194182,140.0810676054693,139.0415175565934,139.418701171875,13119100
2019-10-17,140.09944701677674,141.2217892842635,139.878667578812,141.06539916992188,13175800
2019-10-18,140.6882065899613,141.2125857963181,139.32668200590078,140.39382934570312,14490200
2019-10-21,141.8289487962681,142.57410741096174,141.58976641295553,141.7093505859375,17450300
2019-10-22,141.85654467322726,142.63850920748308,141.43337476604177,141.86575317382812,12471800
2019-10-23,141.98530198570623,142.36248544534814,141.25854652400022,142.04049682617188,8728000
2019-10-24,142.54647077714915,142.64766599559232,141.18494659592298,141.83810424804688,9091400
2019-10-25,141.589709444323,143.0800260740813,141.58050094732653,142.5924530029297,10531500
2019-10-28,143.19968068958502,144.41400959768802,142.6017036801375,143.8252410888672,15392400
2019-10-29,143.52163312269184,144.74517034191,143.3836460081488,144.29440307617188,11978300
2019-10-30,144.23920992805563,144.2576128911177,142.85008801984654,143.8160400390625,14451500
2019-10-31,143.60447731874459,143.60447731874459,141.8933664602033,143.00650024414062,17344200
2019-11-01,143.8804373667031,145.5271587374466,143.55846270059837,145.44436645507812,18421600
2019-11-04,146.64026320854708,146.91625146549583,145.7847150530864,146.22628784179688,16182000
2019-11-05,146.64031204784467,147.61547275215858,146.24473950976918,146.4103240966797,13760200
2019-11-06,146.26310650968873,146.26310650968873,145.17755634770853,145.56393432617188,16025500
2019-11-07,146.95312139746187,147.34869397609688,145.50879017812497,145.9503631591797,13448900
2019-11-08,145.60998295158618,146.5207403694113,145.30639714564447,146.345947265625,11967400
2019-11-11,145.3800128096182,146.1803665542111,145.2420256251551,146.06997680664062,10508700
2019-11-12,146.20792303071755,147.08188841198591,145.80315605723743,146.11593627929688,14316900
2019-11-13,145.11317169563725,145.8123298642542,144.60719550378076,145.49034118652344,14514400
2019-11-14,145.2879623163617,146.18952507109168,145.15916964245008,145.44436645507812,13054000
2019-11-15,146.48391326535838,146.53910812439875,145.67436527051677,146.19873046875,13119200
2019-11-18,146.01469121277398,146.03309417171963,145.29713022468525,145.83070373535156,10759500
2019-11-19,146.37351989746094,146.91628804762362,145.6375557081246,146.37351989746094,15203700
2019-11-20,145.85829334267774,146.82424509408833,144.6715482077795,145.8214874267578,21314300
2019-11-21,146.106746744427,146.17113606885877,144.6440127627912,145.10398864746094,15388300
2019-11-22,145.6375102782482,145.84909517907562,144.75436475641075,145.55471801757812,13482400
2019-11-25,146.29985800943734,148.87572452545652,146.17106538550357,148.64573669433594,24753000
2019-11-26,148.80212781729392,149.52888319248981,148.3789440285231,148.74693298339844,15496700
2019-11-27,149.38172471775027,149.88768679815956,149.10573646830716,149.7957000732422,13202500
2019-11-29,149.4093709908841,149.75894311962145,148.7286016246481,148.8206024169922,9988200
2019-12-02,149.17011656872543,149.22532544508422,147.109434379691,147.3670196533203,17190900
2019-12-03,146.1066976274115,146.97144020851417,145.44433145316816,146.89784240722656,14884400
2019-12-04,147.65220476122056,148.31457091491268,147.4682172823827,147.9097900390625,10833200
2019-12-05,148.5445953505124,148.71017991103665,147.60624072883002,148.05702209472656,11470700
2019-12-06,149.57493056147626,150.32929762797787,149.49213828462055,149.78652954101562,16486200
2019-12-09,149.72216679318944,150.0993504287296,149.39098355860446,149.50137329101562,13476700
2019-12-10,149.40936573062393,149.91534199600233,148.97698728905965,149.59335327148438,13704400
2019-12-11,149.84175459698776,150.0257421506486,148.9861921183066,149.54736328125,19612200
2019-12-12,149.72213367949453,151.8840257100825,149.26215784637782,150.8352813720703,24857000
2019-12-13,150.6236818373329,151.61723131775443,149.53814561302966,150.25570678710938,23279600
2019-12-16,151.48096559134197,152.21040152326336,151.18550839413248,151.3147735595703,20115300
2019-12-17,151.55482352724886,152.07188415527344,151.14855757984512,152.07188415527344,12980000
2019-12-18,152.40426694809946,152.60739990135812,151.72101436790575,152.36734008789062,15379300
2019-12-19,152.60737888267232,153.0228729248047,152.23805397607515,153.0228729248047,11919800
2019-12-20,153.41071412568263,153.65078806663644,153.0136904369456,153.24452209472656,25449500
2019-12-23,153.49379700211227,153.60459166976273,152.68126520242558,153.5491943359375,13372100
2019-12-24,153.68764806738457,153.91847962473688,153.30908093200517,153.90000915527344,4334500
2019-12-26,154.0385165429889,154.17700984186422,153.6045520880594,153.90000915527344,9371200
2019-12-27,154.30634610829148,154.30634610829148,152.74592180679107,153.14295959472656,12261800
2019-12-30,153.2537170266247,153.46609224965826,151.9518374668253,152.755126953125,14912700
2019-12-31,152.4227091195186,153.59533747943328,152.08108289285775,152.96746826171875,17362400
2020-01-02,153.95549158510389,153.96471977967258,151.6379326633126,153.069091796875,18297500
2020-01-03,151.18546424388921,152.7274175844794,151.14852329949682,152.46888732910156,19295600
2020-01-06,151.28703797235673,152.84744777123018,151.00079495051833,152.67202758789062,17150900
2020-01-07,152.21039949561668,152.66282052419908,151.6194710202233,152.1642303466797,11817900
2020-01-08,152.18272599132476,153.29994350059096,152.0903876781803,152.63514709472656,13832400
2020-01-09,153.38300822437517,153.68770768894603,152.58894679548177,152.8197784423828,11895400
2020-01-10,152.8567286780623,152.98599384462284,151.6102320735633,152.24732971191406,15353000
2020-01-13,152.2935237694661,153.3091747903097,151.49023396652225,153.23532104492188,17271100
2020-01-14,152.4781434192419,154.74029061211752,152.330407792326,153.7985076904297,18323000
2020-01-15,153.4106956698057,155.07268622365416,153.40146747658932,154.5371551513672,15437200
2020-01-16,155.66364110392007,156.84549812344682,155.51590545426748,156.5315704345703,19976200
2020-01-17,157.22404401948398,157.48257432672594,155.7374877084201,156.10682678222656,18306400
2020-01-21,155.45129143418947,156.03299179227932,154.44486866292928,154.81419372558594,17935100
2020-01-22,155.29431628257598,155.6913399916114,154.36174732060036,154.71261596679688,14916300
2020-01-23,154.2878366667475,155.09112607212512,152.76433975622217,154.61099243164062,15954300
2020-01-24,155.12809553582997,155.12809553582997,151.63792214774486,152.708984375,20491400
2020-01-27,150.3637140216004,151.87796879580011,149.96667633245443,150.9730987548828,18539000
2020-01-28,151.88724021094094,152.71822859479323,150.95468532783138,152.22886657714844,16690400
2020-01-29,152.44122061050484,152.86594293812576,151.33321746801766,151.3609161376953,14944400
2020-01-30,150.35449356915316,151.55482091428414,149.51426301867696,151.3609161376953,21889700
2020-01-31,150.7976922439545,151.35167969616327,147.75994013895848,148.2216033935547,30439000
2020-02-03,149.20956294642613,150.4375747513592,149.10799647133652,149.87435913085938,17373200
2020-02-04,151.71179918761368,152.6351258350595,151.5733058260354,152.13653564453125,15994200
2020-02-05,153.71537263923466,154.6848681613119,152.9859509941312,154.4817352294922,17807000
2020-02-06,155.01728955473223,155.25734937899423,153.97392607415551,154.13088989257812,14768900
2020-02-07,153.53996258646865,153.60460220626123,151.79487600705107,152.2380828857422,18029600
2020-02-10,151.94262820976738,153.1706543201974,151.85030399993468,153.09678649902344,11428800
2020-02-11,154.001621949096,155.08192636078937,153.52150230928166,154.15859985351562,15005600
2020-02-12,155.13733245777237,155.38662048484585,154.45406573182106,155.22042846679688,12123000
2020-02-13,154.39865257789648,155.99600341719594,154.29708610321018,155.62667846679688,12649300
2020-02-14,155.76515315905132,155.8390209580594,154.50942875359794,155.0264892578125,16006200
2020-02-18,154.65719545194443,155.17425606013575,153.66922929148646,154.69412231445312,13412100
2020-02-19,155.27581329180288,156.1714411093605,154.6848849049566,155.48817443847656,11084600
2020-02-20,155.02651449456644,156.14374576427994,153.81695902769496,155.8667449951172,20383800
2020-02-21,155.25732321263183,155.70053001343516,153.57687654832333,154.287841796875,18729900
2020-02-24,149.44964989481088,154.2509455851507,148.74792672330273,149.6435546875,28239500
2020-02-25,150.0590286318814,150.2806179778371,144.00200896912168,144.32516479492188,45047000
2020-02-26,145.00843134323063,146.33802377303735,142.39541562692742,142.65394592285156,39465000
2020-02-27,139.7454989900935,143.1248639395084,137.40948361117532,137.63107299804688,50530300
2020-02-28,133.74381735357298,137.69565270663966,132.8758883957688,135.11033630371094,72036400
2020-03-02,136.62460522805728,139.63464414721474,134.2424214830578,139.44998168945312,33569300
2020-03-03,139.50540009582485,142.37694612773478,135.09190047092522,136.6061553955078,42941300
2020-03-04,138.7574890428271,140.76110562251972,137.13243966512266,140.49334716796875,36195800
2020-03-05,137.42790590366886,140.78881362953575,134.33477073896427,136.0244598388672,32729400
2020-03-06,131.76795886049413,134.78722700958542,130.17983581777,133.328369140625,39688300
2020-03-09,123.8457666384702,125.72934617519788,120.27248411804983,120.36482238769531,56320000
2020-03-10,124.38131659350209,124.46441259556232,118.20426017449893,124.12277221679688,54432700
2020-03-11,120.88189873410111,122.12839509354198,114.64944511458427,116.22833251953125,51354800
2020-03-12,107.81682758649619,110.7068439134353,103.04323148108965,103.3848648071289,70114300
2020-03-13,109.23876747767088,110.76225777217469,101.15043155691322,110.30982971191406,57915100
2020-03-16,100.29172711117526,102.76624241653428,93.6530073123499,95.67509460449219,59095700
2020-03-17,96.91235839192132,102.02758856437073,92.89588911976504,100.06090545654297,59344800
2020-03-18,95.14880980240844,98.59281410646611,88.87018604824384,92.30496215820312,62296700
2020-03-19,92.01874034526506,98.61129227942885,88.3531322971574,95.90594482421875,62654700
2020-03-20,97.9834072277384,100.42098853740562,92.7481408053554,93.62530517578125,76203700
2020-03-23,94.08698685339006,94.34551718775889,88.55626220352644,92.2403335571289,63534700
2020-03-24,97.29091318160701,100.94728517633176,92.26801490468965,100.67951965332031,73386700
2020-03-25,101.47666969402034,105.66624032155431,98.26960038751436,101.93084716796875,56043700
2020-03-26,103.38607724704964,109.00306999016597,103.07092863545273,108.27082061767578,51657600
2020-03-27,104.04414624253667,107.53854341015425,102.76503144477347,104.33148193359375,39931500
2020-03-30,104.96177875402951,106.83411402008372,102.70015564867184,106.63019561767578,41552100
2020-03-31,106.22237057551129,107.67759825096992,103.77536361896509,106.09260559082031,52948000
2020-04-01,100.75367132624399,102.31085810938868,97.81541040089375,98.86280822753906,54224200
2020-04-02,97.9915272187236,102.32013341811493,96.92559452364652,99.7989730834961,43774200
2020-04-03,98.79789639786264,100.10482388182737,95.09958127340417,96.97191619873047,42189200
2020-04-06,101.11517702558001,105.05448875703941,101.05029452698716,104.39639282226562,48708100
2020-04-07,108.3356865705585,109.96702678509295,104.1739222592782,104.66517639160156,57546100
2020-04-08,106.48190237451196,110.52317300859926,105.00813984948662,109.43870544433594,52822300
2020-04-09,113.00725735219301,115.50061203345525,112.4603916288154,114.67567443847656,69528600
2020-04-13,113.86926424837961,114.48101949737509,110.41194333328049,111.57056427001953,40198200
2020-04-14,114.84249724211361,115.7508520060454,112.43256734771094,113.8321762084961,35089700
2020-04-15,109.24403469023908,110.40265544923817,108.1317615902639,109.18842315673828,34809900
2020-04-16,109.45721846650977,109.76309604832244,106.18527452922272,108.36348724365234,49501300
2020-04-17,112.98871649200628,113.74877155256635,111.28322277583423,113.13701629638672,46250200
2020-04-20,110.84757468466152,113.9156076181645,110.33778573471973,111.80228424072266,36700500
2020-04-21,108.83620584696001,110.5231575120613,107.96492778146401,109.1328125,31608900
2020-04-22,111.52423053881235,112.14524974130204,110.0875375690771,110.45829772949219,24333800
2020-04-23,111.32958044246566,113.91562348452176,110.93101451688005,111.54276275634766,38571200
2020-04-24,112.64575217851099,114.30489808121094,111.31101869887293,113.46142578125,27147500
2020-04-27,114.88886800058005,119.05064017586626,114.80545067392397,117.95690155029297,39021300
2020-04-28,121.53470358996644,121.84985925011334,117.97542328115472,119.67164611816406,47292700
2020-04-29,123.73143892037186,126.84581223061504,122.23913474789448,125.55742645263672,50390500
2020-04-30,122.25769053479988,123.22167119228492,120.62635714801773,120.78392791748047,43727500
2020-05-01,117.85490839107621,118.14224408459634,114.27708681920709,115.9918441772461,43352000
2020-05-04,114.56442388701782,116.69628899879763,113.31311483082541,116.49237060546875,28498200
2020-05-05,118.707686019174,120.42243670063678,116.88169102691664,117.39148712158203,31209400
2020-05-06,118.17006117969372,118.82815700411528,115.86209032057293,116.52945709228516,29836800
2020-05-07,118.07735534503637,119.10621111966272,117.29876560837843,118.12370300292969,27493000
2020-05-08,120.64488904282389,123.04554832382156,119.74579802906726,122.6840591430664,32122900
2020-05-11,120.87659047823125,123.23090164795434,119.87554044079407,122.07228088378906,33983200
2020-05-12,122.59137324440835,122.61917901865908,117.56759397547118,117.68809509277344,44275300
2020-05-13,116.46457946069994,116.86314535088782,111.60764241201083,113.74877166748047,58719300
2020-05-14,111.19978869633358,114.25854330108338,108.61374627645839,114.11951446533203,55904300
2020-05-15,113.09066855844992,116.35334183701772,112.58087254383278,115.93624114990234,40236600
2020-05-18,121.84057283299073,123.63875475954801,121.26590138388049,122.98065185546875,46981100
2020-05-19,122.55429312293607,123.69437219978589,120.55219268798828,120.55219268798828,30270000
2020-05-20,123.02698466888413,125.11250206823078,122.7025793372,124.20414733886719,35901300
2020-05-21,124.25050022549709,125.18666076143468,122.88796100247347,124.4266128540039,32716500
2020-05-22,124.82518010003542,125.17740538095104,123.29580616305623,125.02909851074219,24035200
2020-05-26,129.84895223395,130.11776019084485,125.12178766187579,128.6347198486328,36971000
2020-05-27,131.22079613602975,133.0097002989908,127.29074833176614,132.62966918945312,42682000
2020-05-28,134.15905586164106,134.15905586164106,127.52247098656413,129.48748779296875,42105000
2020-05-29,128.18985722751387,129.09821232241427,126.43802247282879,128.74598693847656,41536400
2020-06-01,129.079653408794,131.31347826654044,128.4771760988303,129.97874450683594,25567500
2020-06-02,130.7572945209485,131.480272651063,129.35767177052534,131.05389404296875,24666200
2020-06-03,133.16726272549164,135.39182355097486,132.64820277587575,134.21466064453125,36111700
2020-06-04,133.32484685544782,134.9561944530578,132.71309150634409,134.02001953125,28904700
2020-06-05,139.83166748844005,141.18494319120018,138.61743480725988,139.2013702392578,53513400
2020-06-08,141.21272605957319,142.176692460196,140.5453592655566,141.89862060546875,33834300
2020-06-09,139.831625811647,140.6751051371971,138.16320905322925,139.27548217773438,39646000
2020-06-10,139.11791314927115,139.27548388069837,135.23421396903717,135.49374389648438,51774500
2020-06-11,129.90459746724713,130.7202712813709,124.9179016633006,125.15888977050781,72041500
2020-06-12,130.07143835402442,130.71099945179702,124.34320839179152,128.1620330810547,63864900
2020-06-15,123.95454543713011,132.12021746289665,123.95454543713011,131.12509155273438,57354800
2020-06-16,136.42627811266027,136.42627811266027,131.16229814896747,134.2779083251953,48957000
2020-06-17,134.47317433667874,134.84519523878632,131.4319832871477,131.85049438476562,34811400
2020-06-18,130.54846838051134,133.28276224039305,130.02765320551467,131.80401611328125,26974100
2020-06-19,134.31509145424394,134.39879084842468,130.0555472595467,131.12509155273438,50293800
2020-06-22,130.4275302767069,132.5851944488628,129.11618338476026,132.43638610839844,28983200
2020-06-23,134.22209365069347,134.5383008152533,132.6689292429914,132.99444580078125,20344200
2020-06-24,131.22741363103586,131.69242925100247,126.77255604471151,128.6791229248047,42998700
2020-06-25,128.07460262604002,130.74378762532774,126.75394583558176,130.6228790283203,37191200
2020-06-26,129.72073063664368,130.0462471900283,126.93994679895837,127.10734558105469,39100100
2020-06-29,129.00461866664503,132.05511950486576,127.50726804492737,131.26458740234375,33935200
2020-06-30,130.82747695521795,133.5710659421219,130.75307276210697,133.16184997558594,32865900
2020-07-01,133.5989783262358,134.39880573858989,131.35761388389767,131.89703369140625,26457500
2020-07-02,134.4452561312344,135.11487947217972,131.96207548820567,132.43638610839844,24022400
2020-07-06,135.15215139141927,135.5055536251434,132.92936302565306,133.39437866210938,19858200
2020-07-07,132.23182318265884,133.403671523631,130.65077305288688,131.03208923339844,22661000
2020-07-08,130.91120736396041,132.52946701740882,129.3673661124017,132.00865173339844,27358900
2020-07-09,132.083036249255,132.38994825110157,127.63748820641715,129.33944702148438,34647800
2020-07-10,129.40453309066686,131.59940716293852,128.7721187231195,131.42269897460938,24008200
2020-07-13,132.80846647879645,134.51972058761663,129.63705648318404,129.75796508789062,34235500
2020-07-14,129.67424290780073,132.0458252969513,128.9395245067195,131.9063262939453,28114000
2020-07-15,135.24514180523224,137.4400161088106,134.6592175803194,136.74249267578125,40770100
2020-07-16,135.88684521593063,136.40766036375112,134.74291093117154,135.933349609375,30530800
2020-07-17,136.4169666122023,137.2632983915156,135.32883183500644,136.33326721191406,20644100
2020-07-20,135.89615443625485,136.57508743004976,134.994023036741,135.7473602294922,19663300
2020-07-21,137.15173107564866,138.72348640515494,136.90061862525667,137.67254638671875,24503800
2020-07-22,136.7982668000692,138.26771759489216,136.7424672064041,137.7469024658203,24424800
2020-07-23,137.62602121675724,139.69069173928014,136.4355823449973,137.8864288330078,21704900
2020-07-24,136.98429284758438,137.337709254153,135.37534280230938,135.8589630126953,20015500
2020-07-27,135.9612509884217,137.35629766108573,135.2172232581045,137.27259826660156,13370700
2020-07-28,136.77967273794562,137.68178979665032,135.84033229921315,135.9054412841797,13268000
2020-07-29,136.71458280418832,138.99315634602823,136.6959782071557,138.90016174316406,19864400
2020-07-30,136.84477928820792,138.68623694384618,136.09145634686266,138.35142517089844,23618900
2020-07-31,137.77483121135003,138.03523883060177,134.54762158224727,137.04940795898438,29881500
2020-08-03,137.9143015518465,139.47676113366572,136.9191756832721,139.2814483642578,20777100
2020-08-04,138.93732693410905,140.36956839301487,138.61181041605724,140.23936462402344,20285000
2020-08-05,141.63444840770148,143.12250403782164,141.16013759378643,143.0294952392578,18190200
2020-08-06,143.0388028440663,143.6340222504368,142.21107563534565,142.97369384765625,18237700
2020-08-07,142.71326479479777,145.31735462796038,142.4342526356825,145.24295043945312,20475200
2020-08-10,145.68935322035165,147.71682821797378,145.68935322035165,146.7495880126953,24000500
2020-08-11,148.12601717828625,148.63753698306644,145.23362067250508,145.9032440185547,30359400
2020-08-12,147.56805011049136,147.7726581115989,145.54058888825284,146.49851989746094,23378300
2020-08-13,146.00561645438742,147.43785838833162,145.6893950324,146.19161987304688,15799900
2020-08-14,145.3452640902291,146.72170619127724,144.96394792045228,146.0985870361328,13360900
2020-08-17,146.47990666723103,146.97282204326373,145.77308809942826,146.85191345214844,9744200
2020-08-18,146.80540712096555,146.80540712096555,144.81514123887283,145.4475555419922,14670400
2020-08-19,145.94979407860404,146.9821293113128,145.26158005089846,145.45687866210938,14337300
2020-08-20,143.9687962623728,145.5405508642663,143.72697912906835,144.8616180419922,15413000
2020-08-21,144.2942942021207,144.82441864797187,142.85275760265716,143.79208374023438,20685100
2020-08-24,144.95462964955274,145.33594575864606,143.53168338015232,145.29873657226562,13707100
2020-08-25,145.83819487219782,145.84750426683192,143.95952781450748,145.45687866210938,16269700
2020-08-26,145.54987602601906,145.80098841185412,144.3222280874026,144.54544067382812,13772700
2020-08-27,145.19645206251403,146.01488397884964,143.8107147937122,144.8988494873047,17508400
2020-08-28,145.64288936237432,146.2008995591248,144.83375258080412,146.12649536132812,12371400
2020-08-31,146.19159716507897,146.35899595852504,144.43383887815025,144.5547332763672,17051500
2020-09-01,144.35942289311475,146.30318441104967,143.64329500029478,146.21018981933594,15638800
2020-09-02,146.9077261260296,147.85634767770816,145.25225762961895,147.37274169921875,16763400
2020-09-03,147.056519114123,147.2146227047685,142.25756922357215,143.0201873779297,32117600
2020-09-04,144.81515874062032,144.98255753833092,138.84434618158733,142.1087646484375,30618800
2020-09-08,140.6021150498282,141.81115849144535,138.57465377282367,139.37448120117188,26447800
2020-09-09,140.83462351894414,142.0901713663509,140.03481027799373,141.48565673828125,20160800
2020-09-10,142.13668684749274,143.113222561479,139.56049614459508,139.64419555664062,23005500
2020-09-11,140.36031641239114,140.4812250176662,137.34701001353133,138.7141571044922,20851000
2020-09-14,140.05341847521473,142.69470412002084,139.84881044163023,142.36920166015625,21991300
2020-09-15,143.57824148389497,143.87584413054645,142.16458988663268,142.63890075683594,16175500
2020-09-16,143.32705284313894,145.87534244507177,143.07594054365407,143.9873809814453,22178400
2020-09-17,141.9413527553509,143.59680710418817,141.13223017787126,142.93649291992188,20002900
2020-09-18,143.20619214627223,144.4245306791494,140.56490709273632,142.56446838378906,38352800
2020-09-21,139.33728883888537,139.7464906687656,136.09147466402723,137.57022094726562,40652500
2020-09-22,138.249146409426,138.85367526623472,136.30538440756936,138.63046264648438,19385800
2020-09-23,138.5520374364131,139.5042748363174,134.41628775614475,134.5003204345703,33403400
2020-09-24,134.47230004493426,136.7969097463881,132.65182943306863,134.5003204345703,31723700
2020-09-25,133.912183326158,137.09568184659193,133.82816488016545,136.68490600585938,20689300
2020-09-28,138.51469027642983,140.44719976500693,136.67554410193304,140.0550994873047,17600900
2020-09-29,139.8963445848345,140.29777535620528,138.16922359184179,139.4202117919922,18683800
2020-09-30,139.94301068317728,141.87551948159287,138.6266795942963,139.84031677246094,29073700
2020-10-01,140.79255426391353,142.090223965273,139.56024170169272,142.07154846191406,25872000
2020-10-02,139.48560896365294,143.37861960361028,139.0935087098343,142.69711303710938,29452000
2020-10-05,144.2281671578305,146.86084417598587,144.21882228050225,146.6367950439453,18553600
2020-10-06,147.97181776005414,150.31508873635863,145.9552898846554,146.21669006347656,36348000
2020-10-07,148.05581774076666,149.8949636416221,147.93446254480838,149.4095001220703,27049700
2020-10-08,150.97792723583447,151.50072756984034,149.91365105725376,151.10862731933594,37278600
2020-10-09,152.4997012116292,152.83578926466438,151.06198566716137,151.8928680419922,25038100
2020-10-12,152.54633678054236,153.33055157070837,151.79948725884748,152.91043090820312,20336200
2020-10-13,151.72483113809682,152.3783317286529,150.7539037647754,151.8928680419922,20106500
2020-10-14,152.18220402880667,153.02243089532482,150.24970930176698,150.38973999023438,19024900
2020-10-15,148.7093195692606,152.34092975660195,148.26120706347209,151.9394989013672,22865100
2020-10-16,152.3689158138811,152.82635884862097,151.52868902893894,151.5660400390625,17637900
2020-10-19,152.0608314457531,153.13443792177677,149.40013470745268,149.75489807128906,18360600
2020-10-20,150.82854398504904,151.65942609768072,149.68958006725188,150.08168029785156,18927700
2020-10-21,150.1843693687744,150.65115737749963,148.70931755177398,148.79335021972656,17504100
2020-10-22,149.50288088767053,151.41671480320957,148.6066415349687,151.36070251464844,20673900
2020-10-23,152.2382354736328,152.48096008990663,150.539120424001,152.2382354736328,20889800
2020-10-26,150.23109764350434,150.65120413269085,146.92624378396087,148.9521026611328,26509900
2020-10-27,148.85868009494763,149.42816198552129,147.44898556035832,147.67303466796875,20523000
2020-10-28,144.3868591030175,145.11504720065204,142.87445638503632,143.12652587890625,32338700
2020-10-29,142.62240569394524,145.44179488196278,141.5954664233171,144.83497619628906,27203200
2020-10-30,144.0694512838203,144.96567624238767,141.33406626984788,142.921142578125,31764500
2020-11-02,144.4896210970783,145.53522208981406,143.46268137546633,145.46987915039062,25252100
2020-11-03,147.90645250057455,150.52046839101138,147.56103390715376,149.5962371826172,30257400
2020-11-04,147.27162064473663,151.56607613659352,147.2342838709573,149.76426696777344,45226300
2020-11-05,151.24867515812758,154.58154903258546,151.15532608519618,153.9560546875,31911000
2020-11-06,154.61884564202722,154.70287830464844,152.4529568264794,152.75169372558594,24930400
2020-11-09,165.19625195301614,166.26987278059036,158.08240818376274,158.2877960205078,55052700
2020-11-10,159.8282126227283,161.81673411435267,158.4745302355959,161.22857666015625,35492200
2020-11-11,161.82608486697453,161.95678495690882,159.51082002589214,161.1632537841797,23972600
2020-11-12,160.01493105710324,161.1725705003048,157.15819059147054,158.6892547607422,33986800
2020-11-13,159.9682657502522,162.563606092658,159.93091473001076,161.97544860839844,25440400
2020-11-16,164.76683961213502,165.97114642986702,163.74923090719085,165.83111572265625,31812300
2020-11-17,164.34670592830972,166.92338469796385,162.70361736501792,166.60597229003906,26154500
2020-11-18,167.05407057176862,167.78225861996776,164.1786551463404,164.2720184326172,24377800
2020-11-19,163.98257891241283,165.7937181921879,163.4411174996061,165.53231811523438,20187600
2020-11-20,164.93487749082155,166.1205230518231,164.15067703506423,165.70974731445312,24898800
2020-11-23,167.34348307457583,169.90148621471275,166.8580196092075,168.8092041015625,24816000
2020-11-24,171.20851333828415,173.12234711329103,170.24693113461672,171.98338317871094,34945400
2020-11-25,171.3112452265896,172.0674397246451,169.80818686487353,171.395263671875,21082700
2020-11-27,171.5165943469295,172.23545189955075,171.04980631838797,172.1234130859375,10384400
2020-11-30,171.6099104760435,172.07669837626744,168.3423951744759,168.9958953857422,25481600
2020-12-01,171.404588663358,171.9834013240444,168.9959604612799,170.56436157226562,30265000
2020-12-02,169.8641811169336,171.29255151602243,168.75322319647745,170.7417449951172,20142800
2020-12-03,171.16183227852883,172.87960881867187,170.7884075507552,171.70330810546875,19603600
2020-12-04,172.73025520493158,175.93241441235588,171.70331578973497,175.6990203857422,24415700
2020-12-07,175.72702047140257,176.3991963844971,174.9895016406341,175.8670654296875,14671500
2020-12-08,174.69075996682216,178.29436437944742,174.653423189725,178.12632751464844,20165600
2020-12-09,179.26526240041557,180.00278115149433,175.41891970325628,176.82862854003906,29507600
2020-12-10,175.28825409239295,178.91986477294782,174.86814767083357,178.537109375,21245300
2020-12-11,177.37009386660196,178.98517621678096,175.79234828525452,177.6595001220703,30865000
2020-12-14,179.76851834137125,180.85483522647584,177.82061860060182,177.867431640625,32237700
2020-12-15,179.58123283984347,182.5218094859766,178.6166497364419,182.31578063964844,26807000
2020-12-16,182.73715801478255,182.81207887204226,180.7049779893247,181.66018676757812,25494600
2020-12-17,182.3625803810647,183.90779649470883,181.7351341857163,183.82350158691406,23834200
2020-12-18,184.12318344224926,185.26570166544215,182.42813989677137,182.933837890625,37033400
2020-12-21,179.71229426359176,183.34587738720722,179.3189704651117,182.84017944335938,30873000
2020-12-22,183.54254899437413,185.16267153471955,182.98064968030283,184.919189453125,21919700
2020-12-23,185.95871638033415,186.97011240832845,185.33125587580975,186.4925079345703,18392000
2020-12-24,187.2323266255055,187.24170066529743,185.48109594778956,186.37075805664062,8904900
2020-12-28,188.38417235348308,188.40289184904972,185.54661119878807,185.67771911621094,27168400
2020-12-29,186.02423016347424,186.36136687614442,181.15448876133257,182.08160400390625,33901300
2020-12-30,182.66224128674864,184.93790343247446,182.64350749958712,183.9358673095703,20595700
2020-12-31,184.1325402954229,184.3385691055244,182.25956150518664,183.6081085205078,24747700
2021-01-04,184.99407297748957,185.32184991814455,178.81325274119658,181.21066284179688,33664200
2021-01-05,180.82670077075284,185.06899581084573,180.80798127485716,184.01077270507812,27442900
2021-01-06,186.8108722859386,193.6472466943857,186.5112031554602,191.54014587402344,52952200
2021-01-07,192.64521894845552,195.27675157813886,192.63584491011264,194.948974609375,24031400
2021-01-08,196.02597671258766,196.447394103235,191.66193248658914,194.527587890625,29017000
2021-01-11,192.0646276366304,194.9021896712326,191.82114551154058,194.35902404785156,20945100
2021-01-12,195.27680126455803,197.96452164939447,195.2487077217664,197.8427734375,24892200
2021-01-13,198.001914459284,198.28286409107426,195.9041876932595,196.42861938476562,22782200
2021-01-14,197.82405074177976,201.34524618187928,197.72103632330817,200.35256958007812,33913700
2021-01-15,197.42128411102001,200.3712336371221,195.03323381551579,197.36509704589844,41043500
2021-01-19,199.7906318415171,200.04348796376735,198.2735236874022,199.89364624023438,19744300
2021-01-20,200.74584750413268,202.26295560184863,199.53778259107975,200.77394104003906,25474200
2021-01-21,201.31711020105058,201.4950454581462,198.4889084544149,199.03207397460938,21180500
2021-01-22,197.12165292317783,201.65425805106412,196.24135062774255,201.34521484375,24800200
2021-01-25,201.2796522509644,204.07040084572657,198.16115524214032,201.14854431152344,33985000
2021-01-26,202.56268819445776,202.92791853956544,199.25688129677397,199.7532196044922,23969800
2021-01-27,196.19453662623138,199.46288989856706,194.1248886874818,196.09152221679688,45830300
2021-01-28,197.44943388873955,198.8822616162571,194.44331073088705,195.46408081054688,32202500
2021-01-29,196.40987316028853,197.58985868114186,191.83044160810152,192.5047149658203,40591900
2021-02-01,194.94897264842825,198.1330447896879,192.69203004315486,197.2340087890625,26375100
2021-02-02,199.61272661884655,200.45557572328192,197.49626554180696,200.04351806640625,22773100
2021-02-03,200.12779597787767,201.10175302451154,198.15180263350757,200.6428680419922,23923200
2021-02-04,201.42949938394796,204.93197484541852,201.4201396343416,204.7353057861328,25400800
2021-02-05,206.90796127507565,207.7507959823441,204.87578108069823,207.57286071777344,23338800
2021-02-08,209.5769512216634,212.89213161578755,209.21172093651688,212.87339782714844,20831500
2021-02-09,212.70486116694732,215.0367108377253,211.93693293067656,213.87547302246094,19510900
2021-02-10,215.3176398554285,215.6922441870219,210.66328642187432,212.47071838378906,27955400
2021-02-11,213.650686486007,214.4560679240344,209.2304554712095,212.2272186279297,25847600
2021-02-12,211.5810360294521,213.27609378868468,210.37297103233286,212.82656860351562,17440200
2021-02-16,214.89623248176724,215.0460742213745,210.51345448127103,211.48741149902344,22999500
2021-02-17,209.4083708850909,210.466608356385,206.926679980375,209.8297882080078,25042300
2021-02-18,208.21904132004303,208.74347307641833,205.45640056004873,206.58018493652344,24501500
2021-02-19,208.33140410473732,211.927519382477,208.0598142209716,210.8880157470703,31238200
2021-02-22,209.31470791538086,212.01180153828966,208.81836975417778,209.52073669433594,23272100
2021-02-23,206.92669275560374,208.81839095121003,201.86964169931144,207.67587280273438,38646800
2021-02-24,208.48127111315006,213.00451674832786,207.62907659700798,212.58309936523438,27584900
2021-02-25,212.3864445549223,213.13563900276355,204.16406799892172,204.72596740722656,49961400
2021-02-26,205.5781504905233,208.11602868083446,201.1672792706368,204.4449920654297,47734200
2021-03-01,209.28663988075073,212.31151082683166,208.7809419096863,211.712158203125,26161000
2021-03-02,211.44991656453297,211.60913232332757,207.47921100648426,207.63841247558594,26895400
2021-03-03,208.293962332325,210.0170993301281,205.28783948035348,205.39085388183594,33407600
2021-03-04,204.63230880713408,206.6738632809961,196.12898271051657,199.6501922607422,59126500
2021-03-05,203.1151590905981,204.29513043749958,194.04994973161382,203.88308715820312,53204300
2021-03-08,205.4282902932512,208.15347754430383,203.8456211139864,204.84767150878906,40619700
2021-03-09,208.2845893850726,210.7007335024494,206.88921517880863,209.155517578125,32247300
2021-03-10,211.27198497327174,214.42794923965454,210.89738069155322,212.78909301757812,36812000
2021-03-11,214.97114785520213,217.527759954469,214.2594067551128,217.47157287597656,25256700
2021-03-12,217.25617271047525,219.2789788766582,216.67553958777196,218.75454711914062,23732200
2021-03-15,218.52040444138456,219.63482896724156,217.18123163447564,219.5318145751953,21497400
2021-03-16,219.15727154719957,219.2228183799894,214.5684645331814,215.86082458496094,24675000
2021-03-17,214.4279760454854,218.03346590065587,212.92022756110242,217.55584716796875,29422600
2021-03-18,216.14175421379574,218.13646689883137,210.34488259948645,210.93487548828125,35637200
2021-03-19,210.30745619589445,214.08150777938513,208.79033347215199,212.5269317626953,40855600
2021-03-22,213.2198565225162,213.61319456573452,209.86723772487775,210.9254608154297,26128400
2021-03-23,208.98694313193113,209.6424827448284,202.30977024914662,203.27435302734375,43660700
2021-03-24,205.89655002128472,207.27319051537012,198.5731964111328,198.5731964111328,47270200
2021-03-25,196.41337102129305,204.0882681337235,195.18426506440863,203.2813720703125,59244600
2021-03-26,205.43931928374286,207.05309684292504,202.6245680097505,206.9874267578125,34452600
2021-03-29,205.48619260051842,207.28763145459877,200.86062550356516,201.16085815429688,38078800
2021-03-30,201.15149660987518,205.17658440505522,199.97868364528648,204.54795837402344,36205400
2021-03-31,205.63633565263297,208.6668803947687,205.5894202699582,207.2970428466797,34800100
2021-04-01,208.6669124843154,210.0742882816014,208.31038701760178,209.92417907714844,29799200
2021-04-05,212.4198771869083,212.55123166551735,209.76464124906582,211.07818603515625,27826600
2021-04-06,211.1063489515237,212.69199448541008,210.0179750053979,210.45895385742188,24907800
2021-04-07,210.38388488478327,210.51523936918295,206.35879693552005,207.06248474121094,26233700
2021-04-08,208.1414447174617,209.06094032646195,205.84273432808814,208.81698608398438,23989400
2021-04-09,208.75132210627984,209.31426371712078,207.5785091879896,208.8451385498047,23267400
2021-04-12,208.96715063810066,209.16417522406292,206.79040262559906,208.02890014648438,20533900
2021-04-13,207.80371242076617,208.82641632514216,205.31735437396878,207.48471069335938,24608400
2021-04-14,208.1696460913779,212.04462546547776,208.10397599713193,209.53012084960938,27362000
2021-04-15,211.19080407775158,211.21895044775528,208.5355534137249,210.44020080566406,20587300
2021-04-16,211.48164192649526,211.74435090247823,209.2392239637055,210.7779541015625,23943000
2021-04-19,209.89601524879978,210.787350316299,206.3588070305165,208.03826904296875,25285900
2021-04-20,207.1376104794226,207.9351149822932,201.94908526798125,203.77867126464844,35570800
2021-04-21,203.61913330990276,208.87332766940085,202.19298850070223,208.7607421875,31147800
2021-04-22,209.47374499813986,211.41592988144373,207.14688839414094,207.89749145507812,31943700
2021-04-23,209.06096798914135,212.6544545426993,208.3103647807347,211.8194122314453,27999500
2021-04-26,212.98283351116635,214.5684789235518,212.74827091919371,214.0242919921875,19069200
2021-04-27,214.58724649293634,215.22524986685,213.46133460580623,214.34329223632812,19648100
2021-04-28,213.9961785391109,215.3191151972799,213.0766970457998,214.70924377441406,16222700
2021-04-29,216.59514024845322,216.6889567113707,211.84758054794122,213.9117431640625,25500300
2021-04-30,211.78187758760438,213.733440102154,210.29944026453597,211.0031280517578,27006000
2021-05-03,213.17989928250827,213.3675465164471,211.03129765169493,212.0352325439453,18693400
2021-05-04,210.73107333688873,212.17597284400983,207.31584200349016,209.501953125,26892700
2021-05-05,210.43083150294044,210.67477149115814,207.69114162411677,208.6669158935547,25139500
2021-05-06,208.90143127923238,209.05155476874887,205.1390525913203,208.8451385498047,27647300
2021-05-07,208.91085498256066,211.9789237393835,208.4417297433022,211.47227478027344,26172700
2021-05-10,211.3221474805835,211.7349799743831,206.03041544924486,206.09609985351562,28109100
2021-05-11,201.6487911045834,206.78102236687997,201.17966586537216,205.4393310546875,39519500
2021-05-12,203.69418664335234,205.26106324010843,198.47750190487565,198.76837158203125,42113400
2021-05-13,200.1381875197743,204.0131661947277,198.7214345910704,202.42752075195312,37739900
2021-05-14,204.48230301802843,207.7380331875071,202.36184786275018,207.3721160888672,25070400
2021-05-17,206.2086812708307,207.71926505711608,204.44476585623107,207.65359497070312,20048500
2021-05-18,207.71928523694828,209.45505445220502,205.91784592889877,206.0773468017578,24564500
2021-05-19,202.69024480297438,204.6887228549502,200.83251290929536,204.49168395996094,31202800
2021-05-20,204.7919442443974,206.29313648085227,202.97173595174291,205.85215759277344,24932800
2021-05-21,207.66293807932723,208.63871208011528,205.80520651666666,206.3869171142578,24213700
2021-05-24,207.5222671880361,208.71384949514794,206.41513831810096,207.7286834716797,18324200
2021-05-25,208.5073842775859,209.89600519012788,205.65510933496248,205.7207794189453,20514900
2021-05-26,206.5370601782189,209.8772292314337,206.52766851184265,209.5582275390625,20388200
2021-05-27,211.1438836702663,212.38238118725815,210.33698767735027,211.71621704101562,21225700
2021-05-28,213.05793808552204,213.15175455123054,211.15329060117463,211.57550048828125,20668400
2021-06-01,213.4144448178627,214.44651168018086,212.00706920114825,213.97738647460938,23081500
2021-06-02,214.7749151314068,214.78429248199492,212.82335246664292,214.23072814941406,18927500
2021-06-03,212.8139989996787,213.56458799480754,210.20564927030654,212.43869018554688,24811500
2021-06-04,213.50827781026408,213.9774030521803,212.24164824702999,213.358154296875,19395800
2021-06-07,213.81788411154537,216.52942720792203,213.21740442532038,216.2198028564453,24049900
2021-06-08,216.93290132774385,219.06271962461088,215.77884292118287,218.5091552734375,27770300
2021-06-09,219.11900347032014,219.21283424180794,216.71708461251555,217.0548553466797,18700600
2021-06-10,217.7004143928746,218.17024437663483,214.9096374803661,215.4452362060547,29069000
2021-06-11,216.40367440100286,217.81316422861937,216.18755664209516,217.7191925048828,16707200
2021-06-14,218.2924163441402,219.2696707915399,216.2533558269881,217.08026123046875,19182800
2021-06-15,217.1742041529248,217.50309087231543,214.69350244591584,216.46006774902344,17039900
2021-06-16,215.83987806643293,216.76074076189616,213.90418094944857,215.99961853027344,24527000
2021-06-17,215.40769665233245,216.30976236158523,210.97249962395784,213.57534790039062,48292500
2021-06-18,210.20191261079978,212.11882679826027,207.7869941712931,208.72665405273438,54023700
2021-06-21,210.53080891138077,213.77263278266827,209.8072667549945,213.19004821777344,26736400
2021-06-22,212.61688653651538,214.6277584984446,211.16041057079255,214.15792846679688,21188500
2021-06-23,214.233085170184,216.08421648792466,214.233085170184,214.86265563964844,22387500
2021-06-24,216.2345486854154,217.91654806863767,214.91903045669966,217.8977508544922,21732500
2021-06-25,218.2736126295938,219.32604156761482,217.76620254406873,218.26422119140625,27619000
2021-06-28,218.22659249820836,218.55546481841031,214.9659719141249,216.5352020263672,25006000
2021-06-29,217.2775588445124,217.74738880355574,214.96600347533987,215.50160217285156,18844300
2021-06-30,214.8532440968622,216.42248884740653,214.01694730607042,215.52980041503906,26039000
2021-07-01,216.882928203868,217.86018265976494,215.84931077860384,217.4279327392578,18089100
2021-07-02,218.0010678955188,218.07624239812017,214.76863597401123,215.36062622070312,21029700
2021-07-06,215.52042323643906,215.6143949738761,210.36168455354556,212.2316131591797,27771300
2021-07-07,211.93086354930932,212.99268370430758,208.41654509745268,210.25827026367188,28521500
2021-07-08,206.0767844953349,210.558965670113,204.70488924294094,208.32257080078125,42297900
2021-07-09,210.6341686981736,212.78598358159974,209.8636406903155,212.72021484375,23976400
2021-07-12,211.94969222572897,213.19944165737837,211.00064085496032,212.8987579345703,16831000
2021-07-13,211.63959493590852,212.11883066053556,208.81122380297697,208.8863983154297,25357500
2021-07-14,210.21129427969097,210.82206739735773,205.36264640634255,205.663330078125,30594100
2021-07-15,204.6861285852358,205.84190630882784,201.97051190384025,204.49819946289062,45477000
2021-07-16,206.56543373171255,206.6124195934613,201.52885618698588,201.97988891601562,36620200
2021-07-19,197.9205757942935,201.51006927381994,196.435911383198,198.95419311523438,58571000
2021-07-20,199.39583063726081,206.03923310332195,198.51254802509862,205.1277618408203,40794600
2021-07-21,206.20837559983286,208.8112377067915,206.12380964446976,208.660888671875,28278700
2021-07-22,208.10645894269982,208.538694425305,204.4511828610319,205.34385681152344,32879000
2021-07-23,206.60303664515752,206.6782111646469,203.82165111441734,206.30235290527344,23660300
2021-07-26,207.09164615464184,208.6514850400768,205.92646270924362,206.90371704101562,22194200
2021-07-27,205.7949268461601,205.86070992696762,202.38397087216273,204.48880004882812,35063600
2021-07-28,205.78550919521325,209.15888464910262,204.28204768504241,207.49569702148438,33043700
2021-07-29,209.3468222385412,210.89726967213556,208.73604904044387,209.09312438964844,22634800
2021-07-30,208.27562514372735,210.53081765863755,206.98829558210625,207.7118377685547,28473000
2021-08-02,209.04616996856998,211.0006645697465,206.38693033832826,206.67822265625,24192600
2021-08-03,207.30775588848596,207.77758582338913,204.0001634701794,207.5332794189453,27798600
2021-08-04,205.8794565447497,207.85273341292555,204.74246194079348,204.94918823242188,25588500
2021-08-05,205.87010303363877,209.01796972414002,205.48483899797534,208.63270568847656,23915200
2021-08-06,210.248907417695,211.6208172117199,208.7360543706861,209.91062927246094,24429200
2021-08-09,209.46898867592765,209.72270087023563,207.8621782341465,208.75485229492188,17225600
2021-08-10,209.20585400843916,209.75085840443674,207.84335018748047,209.16827392578125,22681600
2021-08-11,209.56293453161004,210.23008496640588,207.16679915203184,210.1925048828125,25691300
2021-08-12,210.25835231268542,210.3335268460806,208.33206045447946,209.69456481933594,23269500
2021-08-13,209.52538019795472,209.82607827651685,207.38295657145693,207.78701782226562,20813700
2021-08-16,206.50906216912347,206.96948634806358,204.5169734126025,205.85130310058594,24074400
2021-08-17,203.58674326678988,204.3196769349568,200.8523291688966,203.34242248535156,35161500
2021-08-18,203.0605068816475,204.88343501454835,201.43488495720234,201.56643676757812,29102300
2021-08-19,199.61194394603703,201.1529999332404,197.96753913527797,199.15151977539062,38119900
2021-08-20,199.30189786893183,202.9853634617251,198.6629215934684,202.51553344726562,31759500
2021-08-23,204.35723141118797,206.6688010781685,204.319651323871,206.36810302734375,25778800
2021-08-24,207.02588588223742,208.529333190795,206.43389552893981,208.3977813720703,18677900
2021-08-25,208.38833615481428,210.4555846318744,207.523850949428,209.1306610107422,21548000
2021-08-26,208.7360282510369,209.69448526561143,206.48085045705415,206.9130859375,22380300
2021-08-27,207.33597745887343,213.3310129683278,207.2608172748579,212.74842834472656,33998500
2021-08-30,213.5377137680392,213.63168549392512,211.404681765465,211.87451171875,20733300
2021-08-31,211.64901722737508,212.9363468006637,210.79392321182905,212.28797912597656,20839800
2021-09-01,213.14308488821402,214.46800896271768,211.30134493308051,213.71627807617188,20451500
2021-09-02,214.55254485602921,215.97142613121085,213.86659714954504,215.20091247558594,22810100
2021-09-03,214.47739010455913,215.15394643616264,213.48135282138546,214.20489501953125,18213100
2021-09-07,213.97934835611085,215.1821118517298,212.59804718975485,212.72959899902344,19153400
2021-09-08,211.99667317416313,212.33495131577357,209.19649065298762,210.4086456298828,25241500
2021-09-09,210.0515704018947,212.63563515967533,209.50658027048468,210.30528259277344,27180500
2021-09-10,211.5738408235605,211.69598686892616,208.15347912993107,208.2474365234375,24366100
2021-09-13,209.74148596214815,209.90122641953337,206.96008643725906,209.431396484375,34693100
2021-09-14,210.2489163721389,210.26771358602815,205.85131463487608,206.7627716064453,30312600
2021-09-15,206.74399427701994,209.2998705877492,206.21778697858866,208.63270568847656,27572000
2021-09-16,208.84878875186504,209.86362308930867,206.96946909098526,208.78302001953125,22369000
2021-09-17,208.24740346077382,209.57232724009796,207.3265408574029,209.05551147460938,39957600
2021-09-20,204.3290842944315,205.77616886654297,201.29398620960572,204.08477783203125,44958500
2021-09-21,205.56941136378188,206.0580242145776,202.79741737771496,204.39483642578125,26711200
2021-09-22,205.6727743009299,209.12132459445917,205.66336852506973,207.5708770751953,32100300
2021-09-23,208.77363910431256,212.03426025123892,208.1910545282521,211.2449493408203,31057800
2021-09-24,210.19783068821272,211.46078610906662,209.08566539680444,210.22610473632812,28866000
2021-09-27,210.76334308213046,214.58991797274382,210.67852093092242,213.4212188720703,29743200
2021-09-28,212.45039737022168,212.629475909427,208.15256995532718,208.5672607421875,39938200
2021-09-29,209.49094504188238,209.8585220389254,207.51167543841427,208.1243133544922,23628900
2021-09-30,209.34953632704702,209.8113696831007,206.0319238469111,206.1732940673828,33153600
2021-10-01,207.30435430155487,210.65025610025495,205.22142246266634,209.50039672851562,32647000
2021-10-04,209.3684135754137,209.53807224019954,206.34296109006488,207.59649658203125,32580200
2021-10-05,208.25624182823427,210.23549684230017,207.23833308606848,208.3127899169922,20407600
2021-10-06,206.18272949863223,207.5399412435089,204.29771638219435,207.22891235351562,32893300
2021-10-07,208.79347889437125,212.01684963170368,208.64267439190323,210.42401123046875,24289300
2021-10-08,210.5465258900066,211.22513171869093,208.76518918508714,208.84059143066406,17989600
2021-10-11,209.07624506949713,210.69735760509292,207.5870828853331,207.6436309814453,15929800
2021-10-12,208.15259515913885,209.6794512989103,207.69076173271583,208.78407287597656,18800600
2021-10-13,209.13280015731502,209.89622824337232,207.1912387578334,209.77371215820312,19676200
2021-10-14,211.82833895711408,213.00647209925597,211.42306805934115,212.88394165039062,18160000
2021-10-15,214.8726746631764,215.27796002487077,212.12055680928057,212.21481323242188,27555300
2021-10-18,211.00840818542744,212.70490876906084,210.86702354911722,212.09228515625,19082600
2021-10-19,212.98761794215943,213.83588243340645,211.6963886204545,212.88394165039062,15498400
2021-10-20,212.9781956230767,214.87262851667174,212.17705934296248,214.29769897460938,18130500
2021-10-21,214.12804535914216,215.84339964124848,213.59080977278825,214.84434509277344,17851600
2021-10-22,214.7029956816362,215.25907109642682,212.71430627925005,214.33541870117188,16887000
2021-10-25,214.69361678597227,216.7577089707638,214.21294349723806,216.3712921142578,16387100
2021-10-26,216.80479922079604,217.45513109735478,214.7030134600779,214.74070739746094,25290200
2021-10-27,214.11864260838271,214.3825576875236,210.6502252215066,210.79159545898438,27088500
2021-10-28,211.87548371946784,215.13654845815967,211.84720967236714,214.99517822265625,22890600
2021-10-29,214.70301774667928,215.67379844566017,213.91131561224032,214.9386444091797,20777700
2021-11-01,216.06963769116447,220.71618831832328,215.7303347404676,220.50885009765625,35500800
2021-11-02,220.90467411440972,221.34765331199404,219.27412754393652,220.97064208984375,24949700
2021-11-03,220.6878946011866,226.02248492442246,220.47112212968995,224.9197540283203,47648500
2021-11-04,225.71146988774862,227.08753581104966,223.9018589948727,224.83494567871094,26514000
2021-11-05,227.30429761808034,229.4060831485695,226.3900651354556,227.90750122070312,42041700
2021-11-08,229.7265757242067,230.40518166177,228.02062660964518,228.61441040039062,31324500
2021-11-09,228.08658247788568,228.58610979312235,225.7680100636765,227.2854461669922,29895900
2021-11-10,226.2770034197736,227.67190926677233,222.72374924139137,223.70396423339844,32471600
2021-11-11,224.60877189189767,226.55976768587686,223.99614828263978,225.504150390625,17987500
2021-11-12,226.12616718283394,226.3995021328754,225.0140163695852,225.73031616210938,20526700
2021-11-15,226.73881298141217,226.91787714966588,223.89243910649375,224.83494567871094,27390000
2021-11-16,224.09037079898047,225.60780704601862,223.326942730991,225.24966430664062,21925200
2021-11-17,224.37314876051667,224.43913113442386,221.61161095806213,222.2996368408203,26527800
2021-11-18,223.2986473496836,223.44003195934724,219.65115164819528,221.35708618164062,30637300
2021-11-19,219.85851516517465,220.9423919855941,219.0291047680827,219.3401336669922,33994000
2021-11-22,220.7539208393635,222.18653505287875,218.3033976621541,218.40707397460938,31042100
2021-11-23,218.08662317379492,219.6040595251735,215.47587560669407,218.0300750732422,33843800
2021-11-24,216.20159422449584,218.65211720313127,215.4004578403047,218.26568603515625,24099300
2021-11-26,212.0263025237872,213.16672751778137,207.01216023765062,210.03761291503906,62595400
2021-11-29,213.213847954092,213.7133753103606,208.5201690303277,209.90565490722656,45982400
2021-11-30,207.97349438654592,209.1044993463812,203.46831432312104,205.62664794921875,64908400
2021-12-01,210.33920672755667,211.3194216942797,200.8952860958925,200.99896240234375,69120100
2021-12-02,202.04512980730328,207.2948983312714,201.52676269644874,206.60687255859375,64315700
2021-12-03,207.6247591593163,207.7095956777772,200.48057224904974,202.36558532714844,64425200
2021-12-06,204.09036873444572,208.0017796747421,201.42308776577946,206.42779541015625,43878300
2021-12-07,209.36840954884036,213.04417943089956,209.21760504559973,211.21572875976562,44679200
2021-12-08,211.68699519892965,213.51544598367005,210.2355269326958,212.65777587890625,36546400
2021-12-09,211.0743433646577,212.82740615919997,207.80384441794973,207.841552734375,34830300
2021-12-10,209.42495047167404,210.03758835204712,205.76803487310636,207.26661682128906,32924600
2021-12-13,206.459295542461,207.08324302868002,203.0181502891888,204.2376708984375,33478400
2021-12-14,202.85740453086666,205.63679338112703,201.65678113513485,202.479248046875,36543500
2021-12-15,202.50763616303186,206.24184334182252,199.5486245849977,205.6935272216797,51261000
2021-12-16,207.46132994424923,207.88674332611953,200.65467255874398,201.5338592529297,52743800
2021-12-17,200.60745153771498,205.4761142469199,198.8112548412376,203.3868408203125,62620900
2021-12-20,200.50343938180237,201.30700932943387,197.3553568140114,200.53179931640625,49993000
2021-12-21,202.4981900205256,206.45929143347928,200.4750994079074,206.26075744628906,38545300
2021-12-22,205.96768831569855,208.31221551677913,205.26812398207642,208.24603271484375,32442000
2021-12-23,208.97395963127752,210.62835648405255,208.3027408467798,209.9098663330078,22125400
2021-12-27,210.1935094568612,211.98972066008602,208.54857530282737,211.8762664794922,24196700
2021-12-28,211.56427860379483,213.3982981279875,210.20295835432506,210.5811004638672,23120300
2021-12-29,210.55274479425404,211.2806835163327,209.1724986585774,210.80799865722656,19444400
2021-12-30,210.76069888994738,213.1146599390146,210.53380499507546,210.75123596191406,23607700
2021-12-31,210.33532347893126,211.87626638140605,210.24078073267978,210.29750061035156,23997400
2022-01-03,211.48866584774808,214.30586356682605,210.5621931384617,213.01071166992188,30618800
2022-01-04,213.65356647580631,214.72183892424866,211.17670231237133,212.6892852783203,22013100
2022-01-05,212.58530245407843,213.56849512485616,205.44777199939756,205.48558044433594,40582100
2022-01-06,205.9204648538841,208.37841777537596,204.0297251795678,206.65785217285156,39105900
2022-01-07,206.6577902874815,208.34054693969182,204.13364088397142,204.26600646972656,31583900
2022-01-10,203.03703540602731,203.62315994882084,199.57697916750735,203.55699157714844,45778100
2022-01-11,203.70822108982424,205.92984524236368,201.32590027434543,205.72186279296875,35209900
2022-01-12,206.58216783122572,207.39518625951152,202.91412918846717,204.1903839111328,35284500
2022-01-13,204.96561115683585,206.2702260149613,201.7229998705875,202.31857299804688,34489600
2022-01-14,200.4088925182571,202.68722212991815,199.0759180145174,202.60214233398438,42020900
2022-01-18,200.6074263089455,200.83432020609948,196.19255200634072,196.47616577148438,49434400
2022-01-19,197.40261943557562,198.0171183168951,193.21463912570448,193.2808074951172,46209100
2022-01-20,194.16005634164824,197.57284193535384,189.38593591247474,189.78298950195312,50466000
2022-01-21,188.84705739445346,191.92897203324463,186.2283935546875,186.2283935546875,85821000
2022-01-24,183.4679053134151,191.33337374676495,180.7830443918707,190.52035522460938,85782000
2022-01-25,187.63694604481358,190.68103717902895,183.93109910428936,187.97727966308594,61088500
2022-01-26,190.75667899538766,192.42998724627927,183.13700223708832,185.2640838623047,71471700
2022-01-27,186.83341452351985,188.7052424513563,180.18746682539054,181.0572052001953,59829000
2022-01-28,181.22736971794356,184.6401549329106,177.81458450297654,184.58343505859375,65870000
2022-01-31,183.77044192937925,190.24623107910156,183.2599485647869,190.24623107910156,53393800
2022-02-01,190.64325587562732,192.44891545247143,187.1548393981715,192.25038146972656,43429400
2022-02-02,192.4961859173638,192.76088829615105,188.40273312549272,190.3407440185547,42777800
2022-02-03,187.97726226613997,190.24615765303855,186.28505725910387,186.73883056640625,39629400
2022-02-04,186.27561324988164,189.1684562438557,184.27143438266359,187.54241943359375,34291100
2022-02-07,187.58968608462382,190.17055552390076,187.1737355705134,188.46888732910156,33242600
2022-02-08,188.57287633183478,192.02346962125952,188.4688850982392,191.68313598632812,28341900
2022-02-09,193.394297507832,195.36065390205894,193.13904363518614,195.32284545898438,27329300
2022-02-10,191.81552677545326,197.62955970437724,191.07813948498656,192.32603454589844,44788100
2022-02-11,192.52453413629846,194.802878581279,188.78087819265934,190.37855529785156,41516600
2022-02-14,190.61492501989696,192.41112194171484,188.35549168446548,189.71681213378906,32262700
2022-02-15,191.70204532760644,195.03919884407176,191.56024565842898,194.8028564453125,25847500
2022-02-16,194.08437375910097,195.94675294829386,192.93102174066087,195.20936584472656,30104800
2022-02-17,193.37539920213527,193.8291726758257,189.81135094838666,190.20840454101562,27140200
2022-02-18,190.04768100633558,191.645358202946,187.90168761989923,188.57290649414062,36255400
2022-02-22,187.6369623405558,189.49934168767825,184.67796517282397,185.91639709472656,31847100
2022-02-23,187.41009277257598,188.0340258056052,182.0309369217308,182.43743896484375,31491500
2022-02-24,178.03201361441512,187.6369579824775,177.65385711161227,187.2209930419922,52221100
2022-02-25,187.83552142333838,191.55081768573066,186.23784420814044,191.4373779296875,33656200
2022-02-28,189.51826083335,193.42264222636533,189.50881232962428,192.2125701904297,34975900
2022-03-01,191.58858593519102,192.65684365884647,186.99408959770028,188.59176635742188,40638900
2022-03-02,189.8680403864997,194.08439544681312,189.7262407065818,193.08230590820312,29978600
2022-03-03,193.885873766324,193.90478519991123,189.34809619360507,190.79452514648438,30142700
2022-03-04,188.79032228554098,189.88695457682138,186.21891560090944,187.80714416503906,31610400
2022-03-07,188.33652601917788,188.6863081423993,183.09917054746876,183.13699340820312,39279800
2022-03-08,183.72316130914461,188.66745569113652,182.89124570406383,184.14857482910156,45715800
2022-03-09,187.3911790734172,190.01930562909743,186.82395149549052,189.33863830566406,29048000
2022-03-10,186.62541848363492,189.1117307529518,185.82184854371553,188.998291015625,25661000
2022-03-11,189.81130900692028,190.73776718500727,185.70840836448235,185.98255920410156,24990000
2022-03-14,186.46471326293553,186.65378430617648,181.3975314080202,182.18218994140625,34969500
2022-03-15,182.89123760308524,185.093936419438,182.3429214187974,185.08448791503906,25464300
2022-03-16,186.74830873473894,190.90794372558594,185.4342455375049,190.90794372558594,31869700
2022-03-17,189.8018690698548,193.99931263273876,189.35754417940203,193.90476989746094,25783100
2022-03-18,193.05394843495137,196.11693696182215,192.85541445533735,195.94677734375,37092200
2022-03-21,195.8805965571949,196.80705481279904,192.79869656599115,194.2167510986328,26747500
2022-03-22,195.03920765217077,197.38372031468785,194.5570743299987,196.16419982910156,24699900
2022-03-23,194.8879768069125,195.880617973329,192.6190950767018,192.76089477539062,19775000
2022-03-24,193.5944418416377,195.03421783575195,192.03150714246343,194.97738647460938,19781200
2022-03-25,195.21421432127323,195.71624400311205,193.65129390853764,195.2426300048828,19430400
2022-03-28,194.7500684328132,195.32787804897737,192.3156857119662,195.30892944335938,18999100
2022-03-29,197.02340625084912,201.04912488818618,196.90974352622533,200.53762817382812,29550600
2022-03-30,200.21558296509767,200.5660671626689,195.70678277059304,196.51193237304688,26251500
2022-03-31,196.19934469794816,197.8854094197579,194.32382280901612,194.4375,26771600
2022-04-01,195.29947376948718,196.75821307062154,194.1912186777063,196.6161346435547,25948500
2022-04-04,196.90027417379983,197.43071952625007,195.0152997573107,196.93817138671875,20333900
2022-04-05,196.9855254526677,198.38741873332197,191.8231217035534,192.27780151367188,26509800
2022-04-06,190.64856199421087,191.1505916210143,188.19523076763187,189.54977416992188,34903900
2022-04-07,189.54977438071614,190.61066499649183,186.30077518957708,188.93408203125,29291200
2022-04-08,188.7067265893785,189.73920143958128,187.07749359018254,187.42796325683594,25249600
2022-04-11,186.71757634042783,188.73517657969117,185.54302288576352,186.16818237304688,33702300
2022-04-12,188.21418730301818,191.03692249496348,186.05450877313368,186.75546264648438,33699800
2022-04-13,187.24802973138716,190.81908344573563,187.18173128524126,190.30758666992188,22303600
2022-04-14,190.49699862853575,191.69050054844143,188.37520298404195,188.46046447753906,27107000
2022-04-18,187.98687513119413,188.66886599353293,186.15871757640085,187.19119262695312,22246400
2022-04-19,187.41852302073536,191.5673860725299,187.25749600344196,190.9232635498047,22786700
2022-04-20,192.33462363706718,193.11134298165936,191.20742014898488,191.65261840820312,20516200
2022-04-21,193.45236321214983,193.99229008981308,186.62285767964693,187.3616943359375,31547700
2022-04-22,186.48074310227997,186.95435702956044,182.14243779396477,182.51185607910156,35686900
2022-04-25,180.9110450663021,183.86639121540912,179.22498071676804,183.6201171875,35556500
2022-04-26,182.1708863125674,182.54030463498793,177.58629204909158,177.83258056640625,40513600
2022-04-27,177.7662584569731,179.76490990634576,176.43066364763033,177.09373474121094,37808000
2022-04-28,179.18710083099742,181.29941500951938,174.9624724739535,180.39955139160156,37405200
2022-04-29,179.58494112718083,181.6120083344468,174.77302147225333,175.18980407714844,41193400
2022-05-02,175.14244643311218,177.9083648335057,172.75544234761637,177.02743530273438,38002100
2022-05-03,177.05585959865058,179.50917669930723,175.8812916516684,178.5430145263672,30246300
2022-05-04,179.0734460775452,183.69590862549498,175.8907596009225,183.30755615234375,38834700
2022-05-05,181.422567252064,181.45098293414594,173.70266527737306,175.87181091308594,41468700
2022-05-06,175.19926154212186,175.63497823935384,171.02198344440382,172.94485473632812,45457900
2022-05-09,170.36840741045046,173.0111668412927,164.91238001418398,165.67015075683594,53682200
2022-05-10,168.19926090195858,169.46854278711956,162.1654095026016,165.71751403808594,53650800
2022-05-11,165.88804873287427,168.78656417836942,161.31293563522993,161.59710693359375,64377800
2022-05-12,160.86772121565562,165.13971398011165,159.98679172420077,163.49154663085938,52967400
2022-05-13,165.80278319409237,169.94217939333444,165.77436751030223,168.6728973388672,36517000
2022-05-16,168.1329289177384,169.97055310129446,166.84469857436758,167.86770629882812,28225500
2022-05-17,170.8893796697694,173.19113640463473,169.54431785890796,173.00169372558594,31833700
2022-05-18,170.9462231628269,171.83661971646643,165.859613878864,166.939453125,36093800
2022-05-19,165.66068865098356,169.3738203248608,165.66068865098356,167.21414184570312,33627700
2022-05-20,169.08019278692925,169.5253910894871,162.7242867433312,166.78790283203125,42243700
2022-05-23,168.49293972472606,169.51594781123006,166.2385322126031,168.80552673339844,24644100
2022-05-24,167.2520681630184,167.59305639465316,163.23581592119737,166.30484008789062,26861800
2022-05-25,165.65123093817743,170.29264217948034,165.58491804300513,169.2980499267578,27950100
2022-05-26,170.35891462769217,174.10046130574972,170.21682179472396,173.07745361328125,25702700
2022-05-27,174.06258994723404,177.74730582063478,173.7215873324454,177.7378387451172,24952100
2022-05-31,177.04636259212748,177.7757176369915,174.37517309207988,175.53079223632812,29794500
2022-06-01,176.4401464515976,177.07478741546475,172.1776208660459,174.5362091064453,28352100
2022-06-02,174.84878296751015,178.79872131347656,174.4509490103858,178.79872131347656,24876000
2022-06-03,177.40627385661023,178.04092915005484,175.9854322723064,177.18841552734375,18972100
2022-06-06,179.30078101411567,179.31972962103143,176.97060823780404,177.95571899414062,24678700
2022-06-07,176.57273171804266,180.86367235119513,176.08963630604686,180.82577514648438,21661600
2022-06-08,179.93540076740013,180.63634009504918,177.1884314520681,178.03146362304688,21521700
2022-06-09,177.17102444167233,177.6648850053754,174.30285375275693,174.34085083007812,21697200
2022-06-10,171.43470524536625,172.42242650057128,168.71849353101368,169.61123657226562,37153600
2022-06-13,164.90059702620104,166.1637317944969,160.7787834958948,161.64303588867188,39712700
2022-06-14,162.0894261618305,162.63077590743254,159.3067412343623,160.86428833007812,30282400
2022-06-15,162.6022743467953,165.30897941687078,160.180474921835,163.21958923339844,32150500
2022-06-16,159.4017056926411,159.95254746571197,154.596103576107,155.6597900390625,43810600
2022-06-17,156.21062324321431,159.0977927580627,155.46983956977147,156.87542724609375,40327300
2022-06-21,159.53467089537472,161.52909755999997,158.4234952936463,159.68663024902344,34665400
2022-06-22,157.6162333694843,160.75031161153797,157.0558850822412,159.38272094726562,29303500
2022-06-23,159.73412455644953,161.67155565777188,158.17657735996937,161.2916717529297,27089800
2022-06-24,162.61175811711777,166.29669218439338,162.3078394555679,166.2871856689453,37138500
2022-06-27,166.83803811097837,168.09168093308952,165.42294392389357,166.90452575683594,24745400
2022-06-28,168.03468359340343,169.19334819291018,163.6849598247321,163.7704315185547,25909200
2022-06-29,163.87491657876353,164.01736941468917,160.47490214213713,162.10842895507812,21292500
2022-06-30,159.74360758738615,162.69725042989705,158.37600242033218,160.8452911376953,31466300
2022-07-01,160.5508714813536,163.200595500457,159.23075548408693,162.79222106933594,24598600
2022-07-05,160.19947441646787,164.20731178276955,158.34751508645675,164.14083862304688,25151100
2022-07-06,163.779932123514,164.9765938662855,161.21567973301077,162.92518615722656,25697600
2022-07-07,164.16932535153325,167.132460210264,164.15983332654952,166.78106689453125,24822500
2022-07-08,166.26822354945855,168.09169228432611,164.91960242551855,166.76206970214844,20547000
2022-07-11,165.49892081645865,166.1732313215749,162.972665657438,163.40953063964844,22031500
2022-07-12,162.91567054100253,164.64417540995197,161.9849449532206,162.8491973876953,23864200
2022-07-13,160.64587246008554,163.6185143953342,160.30397110493985,162.706787109375,25535600
2022-07-14,160.19947061316003,161.45311350933795,158.6229394595985,161.0352325439453,25102200
2022-07-15,162.9156809568111,164.6346939113739,160.79780007362365,164.38775634765625,34935900
2022-07-18,166.32519473477785,167.42686373319668,163.40953464340998,163.92239379882812,23031500
2022-07-19,165.96429188084534,169.89614920324954,165.87882018705486,169.70620727539062,24234600
2022-07-20,169.6682353120447,172.6693674880713,169.43080424416237,172.36546325683594,26049300
2022-07-21,171.3777299008833,173.32466741954067,169.85817986780637,173.24868774414062,21709900
2022-07-22,173.68558129436119,174.03697464130454,169.09841127423175,170.48500061035156,25116100
2022-07-25,170.9978180391663,171.82407332504388,169.45925522440663,171.3682098388672,19267200
2022-07-26,170.74138353172927,171.14977239687934,169.56372052734974,170.3140106201172,19391200
2022-07-27,171.40620460962566,174.98666858902502,170.95034109104208,174.18890380859375,21670700
2022-07-28,175.05315717180804,176.78164753867688,172.6218512458329,176.5821990966797,22838500
2022-07-29,176.686673356812,178.29170947868343,175.73694921290138,177.83584594726562,21760600
2022-08-01,176.44926253053904,178.8520782221498,174.9582029894731,177.76937866210938,23905600
2022-08-02,177.09505132484415,179.51685064040836,176.15481926351512,177.59840393066406,17492600
2022-08-03,178.833062168531,180.5900431689788,178.20624074513984,180.2101593017578,19157700
2022-08-04,180.2956779504117,180.4856199334865,178.96606957724345,179.830322265625,14838900
2022-08-05,178.04478385074646,181.4163074113379,177.7598637133539,181.20736694335938,18540300
2022-08-08,182.48948081340504,184.8448070256472,182.24255776331955,183.1258087158203,22188700
2022-08-09,182.38500205576625,182.5084708208567,179.64980661803534,180.62802124023438,18247300
2022-08-10,183.89509238979468,186.09844488918642,183.40123177255632,185.7850341796875,20796400
2022-08-11,187.49456045305868,189.49847920831567,186.18393634544128,186.47836303710938,23727600
2022-08-12,187.4280935404818,190.3532315871826,186.69680178298532,190.28675842285156,21726600
2022-08-15,188.8051814914934,191.04653127377412,188.2543396942266,190.9610595703125,17414800
2022-08-16,190.41970072914066,191.83479499394403,189.02360500586005,190.88507080078125,18833100
2022-08-17,188.72919751201667,189.30852986390022,186.50684632281414,187.6750030517578,22428000
2022-08-18,187.9314368455979,189.23255441428287,187.00069665841127,188.9191436767578,18368100
2022-08-19,186.9342062320186,187.20012783475636,184.31297279432877,184.86380004882812,27416400
2022-08-22,182.33752264785937,182.67942388003345,180.45705862508257,181.05538940429688,22937000
2022-08-23,181.34034623155642,183.23028816873494,180.8179950083507,181.34983825683594,20069800
2022-08-24,181.1978567635805,183.5816735568691,180.5995404279583,182.73641967773438,16038300
2022-08-25,183.65767830757343,185.62359995020807,183.2777799163007,185.57611083984375,14795000
2022-08-26,185.5190970043403,185.61407520832802,179.1749471505494,179.47885131835938,24177200
2022-08-29,177.55094209693323,179.48838764359965,177.1425676335687,177.8263702392578,19753300
2022-08-30,178.37718718095297,178.55762258673585,174.31235470604594,175.3380584716797,22548900
2022-08-31,175.64198865543554,176.40177088256985,173.97997137367196,174.27438354492188,22412500
2022-09-01,172.64086057636732,172.74533081601166,169.9056502959637,172.37493896484375,30706600
2022-09-02,174.3693844083232,174.70177921286975,170.1336077236779,171.0358428955078,27468200
2022-09-06,171.62465299128533,171.97604628018226,168.57603217395857,169.34530639648438,23837100
2022-09-07,169.02239099521393,173.29614923683596,168.98439391774832,173.0302276611328,24781200
2022-09-08,171.6056301504066,174.54976582577302,170.58941852465463,174.4738006591797,25273200
2022-09-09,176.0218876397131,178.19676427051516,175.79396309614737,177.9783172607422,23208800
2022-09-12,179.11800361374983,180.3146509802662,178.5196726846705,180.1342010498047,23134600
2022-09-13,175.56599974777902,176.56321296270613,172.41290874311645,173.08721923828125,34144700
2022-09-14,173.3911285820252,174.10342162699166,171.4916804621146,173.7615203857422,25278300
2022-09-15,172.77381144766127,175.4045513371534,171.76710619168728,172.49839782714844,25378700
2022-09-16,170.0860830983901,170.64641683118487,168.0156915467188,169.99111938476562,41155900
2022-09-19,168.11065774238466,171.6626310937632,168.06318313069124,171.44419860839844,25412200
2022-09-20,169.7821901607294,169.94364152704958,167.8257607326093,169.10787963867188,22247500
2022-09-21,170.35203043039064,171.99506378162275,166.5151509190307,166.52464294433594,29357100
2022-09-22,166.20172868841988,166.75257044249838,162.15590896705243,162.77322387695312,33468600
2022-09-23,160.5033666738776,160.68381656454008,156.70447042124144,158.89833068847656,40336900
2022-09-26,157.96379414230734,161.305023823938,156.159530696891,156.72276306152344,30597800
2022-09-27,158.76566759485573,160.02579535107105,155.87311882407494,157.25733947753906,42406600
2022-09-28,158.24059796753403,163.2333591480323,157.58191078132774,162.23098754882812,35186500
2022-09-29,160.16898669744566,160.31217641365436,156.36953570580124,158.59384155273438,31464000
2022-09-30,158.2597090453572,161.8300564065257,157.3909859433178,157.438720703125,40643800
2022-10-03,159.74890443381847,162.57463552026024,157.7537171949317,161.61044311523438,33611600
2022-10-04,164.77984951458347,168.09244019264983,164.70347682681643,168.0160675048828,37537300
2022-10-05,165.54357980333833,167.37648080899416,163.64384722615327,166.77505493164062,25281400
2022-10-06,165.96361550344633,168.17836533146047,165.06625456999342,165.83950805664062,22635900
2022-10-07,164.13070571954063,164.6462177729829,160.3026172162182,160.96131896972656,26536100
2022-10-10,161.61047193694665,161.87778366616124,159.03295525941792,160.06396484375,23386400
2022-10-11,159.38619076044048,162.3932913108119,157.32417146307532,160.11170959472656,28009100
2022-10-12,160.28355930934984,160.81816830811084,157.973339332333,159.67259216308594,26796700
2022-10-13,156.5604633544232,164.38848360882355,155.12850789691325,163.62477111816406,45376500
2022-10-14,164.90401702217918,166.0304818022256,159.14755650508002,159.24301147460938,29608600
2022-10-17,162.49829528718865,164.7894180347012,162.39328464487582,164.3216552734375,28199200
2022-10-18,167.88244266527815,169.2475664146834,164.85624549707643,166.26910400390625,34523100
2022-10-19,164.66530858514417,165.53401701154388,161.64865276984798,163.44337463378906,27146900
2022-10-20,163.64385578007114,165.67723704000025,160.82767983615346,161.36227416992188,26710700
2022-10-21,161.71546415599877,165.3430868209957,160.56036181341946,164.8657684326172,45402700
2022-10-24,165.45766808638615,166.10681416125402,163.29063832873717,165.5722198486328,27284500
2022-10-25,165.6963256970934,170.78452730896274,165.68677000593038,170.087646484375,33105700
2022-10-26,171.02318932197596,174.09712120669323,170.24039466372145,170.927734375,37084700
2022-10-27,172.39785176951216,173.7438931187793,170.75587535053407,170.9658966064453,28651800
2022-10-28,171.6723454033069,175.0899470527952,170.63179473933877,174.85128784179688,33221600
2022-10-31,174.0016675638001,175.88230337589272,173.31432784737018,175.01358032226562,25699400
2022-11-01,176.83691299114042,177.18058279637503,174.5839697271802,175.25221252441406,27446700
2022-11-02,174.5458371460031,176.60785669857725,169.38124713791342,169.43853759765625,38139600
2022-11-03,167.3382824607719,169.86807878419876,166.2118180004806,168.30247497558594,29093200
2022-11-04,170.80362675940293,171.77736044389528,167.51013247648763,170.5745086669922,25842400
2022-11-07,171.58643753959538,172.39787014519553,169.61987333675816,171.3477783203125,20689900
2022-11-08,172.05420152189453,173.69617812767626,169.31439832617164,171.4145965576172,20265200
2022-11-09,169.92534264338175,170.5649475221934,166.37409274415828,166.70822143554688,27277000
2022-11-10,173.60071419396854,177.03739805847462,172.9324567564849,176.9705810546875,38572800
2022-11-11,177.33334537557545,180.27362877682054,177.2665283671806,178.421630859375,28765400
2022-11-14,177.36199277033106,179.27126667290534,176.25462497745693,176.42645263671875,26499600
2022-11-15,179.31899833596475,180.96097502914094,177.66748051741789,179.0421600341797,26128800
2022-11-16,178.13523275154205,178.17341181424698,175.3763329815107,175.89183044433594,24802000
2022-11-17,173.3811352841239,174.6508040078205,172.32148782699977,174.2593994140625,20835700
2022-11-18,176.21642422816834,176.90376397067516,174.28806815237172,175.38589477539062,27269100
2022-11-21,174.48851820192132,174.87992279726336,173.19975265788375,174.46942138671875,19038900
2022-11-22,175.4049794867684,176.55054078968476,174.05893803670563,176.3309783935547,16869700
2022-11-23,175.9299875585349,177.35240145741383,175.22356573711295,176.78916931152344,19758800
2022-11-25,176.6937369661417,177.915671009585,176.28325009891438,177.16151428222656,13393400
2022-11-28,175.77728248288378,176.53143916204385,173.0661028410761,173.59115600585938,17465600
2022-11-29,173.7057321443409,175.28087716108746,173.7057321443409,174.0971221923828,14020600
2022-11-30,174.38352492821863,178.92759143646543,172.59835854401513,178.8703155517578,28030100
2022-12-01,179.61493332795996,180.65549865676905,177.686577208993,178.4789276123047,21996400
2022-12-02,176.0063839221436,180.29270844116346,175.9682048590649,179.5194549560547,22574800
2022-12-05,178.38345415896325,178.57437862825662,173.91574583116096,174.57444763183594,25449300
2022-12-06,174.58398586708142,174.679440808882,170.95636304681702,171.90145874023438,18502100
2022-12-07,171.59595742360852,173.2665717517939,170.98499048053623,171.39547729492188,17177800
2022-12-08,172.5697033824515,174.3453284642309,171.36685165719976,172.6365203857422,20971400
2022-12-09,171.6150529183925,172.60786873077882,170.4599360396211,170.5172119140625,22046500
2022-12-12,170.73679130758862,172.87516833932418,169.92534423040973,172.52195739746094,22765400
2022-12-13,178.12278014773648,178.9955114564548,172.76174148071675,173.95095825195312,38445300
2022-12-14,173.8838141933961,175.41828646606874,171.50539534118437,172.8096923828125,32406900
2022-12-15,170.73814345757233,171.28480409320474,167.87060433309225,168.48439025878906,33546700
2022-12-16,166.6813966194574,167.93773849978209,165.59767516521836,167.22804260253906,38502400
2022-12-19,167.45823541103582,167.88021600869277,164.44684571317057,164.9647216796875,25614000
2022-12-20,164.63864629068613,166.89239958354108,164.16871070537707,165.8374481201172,18050800
2022-12-21,167.30475132258127,169.558504223889,167.0649909983489,168.6953582763672,22997200
2022-12-22,167.18972027887324,167.34317044367958,163.67962458644774,166.4896240234375,21297600
2022-12-23,166.37452210527445,167.30479356890464,165.28121533605508,167.24725341796875,11647700
2022-12-27,167.21845919925678,167.41986433226575,165.51136667683963,166.12515258789062,13553800
2022-12-28,166.08678779789355,166.96911879111283,163.3631136492227,163.5453338623047,19648000
2022-12-29,164.68658091740102,168.07199569420288,164.37968066280354,167.68838500976562,22311300
2022-12-30,166.24026409077862,167.5637461549995,165.54016783431697,167.21849060058594,21275600
2023-01-03,168.72417983715977,170.05726169518874,164.8592434017067,166.2978057861328,22503800
2023-01-04,167.46783755437065,169.4338757381843,167.14176692629204,168.3693389892578,22973500
2023-01-05,167.43904594295108,167.6020812360223,165.32915764569626,166.56631469726562,17032600
2023-01-06,168.1199662912332,170.74773045450834,166.74852943115982,170.30657958984375,21986900
2023-01-09,171.67802156921275,172.74255826869015,170.3737244836712,170.5943145751953,18366500
2023-01-10,170.3833326518385,173.22208756764027,170.03807709355846,173.11659240722656,18751100
2023-01-11,173.8358367217027,175.30316887464627,173.2795909606023,175.27439880371094,18222700
2023-01-12,176.05127545221728,178.33378453406493,174.46884801470745,178.2187042236328,29650800
2023-01-13,176.9431588702998,179.66683325082258,176.7801235694036,179.3887176513672,22120000
2023-01-17,179.34074176562854,180.14633302935965,178.61187556994,179.16812133789062,22422600
2023-01-18,179.77231548016047,181.22047742405752,176.17591007057945,176.27182006835938,23507800
2023-01-19,175.24564905693367,175.60050436264112,173.37552106019646,174.5839080810547,24624500
2023-01-20,175.22646021502706,177.56650893304615,173.8454382609106,177.4610137939453,36070300
2023-01-23,177.835069336914,180.41489347313328,177.01989279170436,179.65725708007812,20329900
2023-01-24,178.9475500075205,180.13676673592298,178.2666387373234,179.27362060546875,19263500
2023-01-25,177.81587032327502,179.8298484924706,176.33893836538775,179.77230834960938,18174600
2023-01-26,181.23966397207556,182.07404005292565,178.65983991880682,180.8368682861328,18369100
2023-01-27,180.2806065712096,182.50558974583433,180.098386355414,181.81507873535156,20019900
2023-01-30,180.1463345385413,181.8438419279038,179.177707984784,179.283203125,18395100
2023-01-31,179.7435617960274,183.73317807293094,179.70520657370497,183.63726806640625,21567900
2023-02-01,183.35916193591186,188.15436983367067,182.34258020299708,186.5240020751953,27007300
2023-02-02,187.98173001046646,191.09861506559415,186.3897321501605,190.19712829589844,31020400
2023-02-03,188.0776390943553,190.97394867495575,187.68442854645068,188.92160034179688,24981500
2023-02-06,187.63645605424537,188.33656685735505,185.4498426931347,186.1883087158203,18160100
2023-02-07,185.48821766505895,188.0680416086167,183.80029528091376,187.5693359375,27074100
2023-02-08,186.3993045084099,187.36793114475654,184.32777137871017,184.82647705078125,17933500
2023-02-09,186.27460727056837,187.12815353234333,181.671205617726,182.15072631835938,20516600
2023-02-10,181.5273709372129,182.82208279425453,180.8080898241479,182.5151824951172,15248700
2023-02-13,182.70698744484514,184.96074078078854,181.55614059335113,184.71139526367188,15754400
2023-02-14,183.44545933109686,186.006098413286,182.29461244291699,184.6250762939453,21889600
2023-02-15,183.1577189375522,186.58150369366408,182.7261532426483,186.4951934814453,18721200
2023-02-16,183.94415915140527,186.88840889119575,183.4166834096088,184.71139526367188,21366300
2023-02-17,184.0208941280647,185.44985664731846,183.14816282047767,185.21969604492188,23892200
2023-02-21,182.9371526209493,183.50298355206593,179.57092247260988,179.7531280517578,26004000
2023-02-22,180.13676864245588,181.402695826517,179.1010020552356,180.2422637939453,24651700
2023-02-23,181.59452946135826,182.50561603777726,179.05306048798477,181.5273895263672,21311700
2023-02-24,179.00508823529134,180.08880980169195,178.1707268219029,179.82986450195312,24280700
2023-02-27,181.3835158293907,182.40968258097217,179.91618356777786,180.46282958984375,17562900
2023-02-28,180.41491772585275,182.237105713969,180.3669773484881,180.4724578857422,19542600
2023-03-01,180.48201550306706,181.72877233338508,179.52297403879342,180.7025909423828,22532800
2023-03-02,179.20647211692867,181.5465354159378,178.49677623046867,181.13414001464844,18104400
2023-03-03,181.90141576552622,184.06884448058105,180.70261378365254,183.65646362304688,22774300
2023-03-06,183.71397419045908,183.8866092576297,180.2038790407028,180.9711151123047,23266700
2023-03-07,180.92313638210385,181.3259466080612,178.59267303457187,178.87078857421875,25865700
2023-03-08,179.139358916542,179.92577998644583,177.53776133567806,178.9571533203125,22505900
2023-03-09,179.08181421166609,179.59970481374972,173.85504099220248,173.97972106933594,33546900
2023-03-10,173.00149946678619,173.00149946678619,167.12257025755343,168.96392822265625,69274200
2023-03-13,165.4538352500846,169.17490612955993,164.0632280726775,166.2114715576172,74171500
2023-03-14,171.2847702918667,171.91772638478247,167.45819049900945,169.2899627685547,48946200
2023-03-15,164.88796377216696,166.78687608351584,163.4014614634262,166.49916076660156,54405800
2023-03-16,164.44683832140907,170.11477679334564,163.51656694579262,168.77210998535156,52392300
2023-03-17,166.9115481067736,167.60205904116987,163.86180367469805,164.21664428710938,70239900
2023-03-20,165.96212292286677,168.18709143805228,165.46341728019328,166.34573364257812,46103200
2023-03-21,169.31874698283056,170.8819743743008,168.75291611945292,169.41464233398438,34465900
2023-03-22,169.29000563099154,170.08601181302234,164.50438339220818,164.60987854003906,56098200
2023-03-23,165.83330901334728,167.86435374119776,162.39690547517438,163.8792724609375,47720900
2023-03-24,162.4354111705994,165.66968127830853,161.19368915673095,165.3616485595703,47519700
2023-03-27,167.3349559671005,168.19165184730576,165.91034123449384,167.2001953125,33880600
2023-03-28,166.6226394321965,167.9798663590952,166.227978022903,166.95953369140625,28555100
2023-03-29,168.77879627051314,168.9809445602104,167.0750400176392,168.85580444335938,25564800
2023-03-30,170.26116900202103,170.67507138566992,167.92209177337534,168.62477111816406,26728600
2023-03-31,169.79914377237634,171.95532873805087,169.7702675409984,171.72430419921875,39602900
2023-04-03,172.2537138916915,173.05265717402878,169.88577496179258,171.80130004882812,27609000
2023-04-04,172.2248404223441,172.39811248876148,167.79698050011666,168.78843688964844,33487200
2023-04-05,167.72959223802832,168.28789049122838,166.07395319414053,167.13279724121094,28247300
2023-04-06,167.21946551421945,167.93178028612226,166.2183736895014,167.3831024169922,26366300
2023-04-10,166.5937691799088,169.2986173041451,166.55525774513748,169.17347717285156,22237800
2023-04-11,169.96282668297536,171.310433355203,169.52965375679187,170.51148986816406,21876200
2023-04-12,172.12860093153319,172.2826026030512,169.0098357503102,169.26010131835938,27018100
2023-04-13,169.93390398470623,172.00346025100964,169.3467294684929,171.50291442871094,23259900
2023-04-14,171.65693234693111,172.5136281549782,168.7788122023283,169.905029296875,29600400
2023-04-17,170.3478200694649,172.16709606956906,170.13605124932084,172.090087890625,22177300
2023-04-18,172.86977908218682,172.90829051635953,170.31894736106747,171.35853576660156,22873100
2023-04-19,170.45370843356832,172.09971239727884,169.97241831985974,171.57992553710938,19306800
2023-04-20,170.5210943633221,171.75319597297252,169.91467876170043,170.69436645507812,20336300
2023-04-21,171.15637074075457,171.30076657308695,169.2793424228913,170.9157257080078,25972800
2023-04-24,170.74247947201653,171.77243264169618,169.89540420139537,170.80023193359375,17781000
2023-04-25,169.0579597886834,169.35635729103672,166.535989758088,166.58412170410156,28857900
2023-04-26,165.78515672879783,166.91137361681226,164.60118738824,164.97659301757812,30309800
2023-04-27,165.5926719939645,167.35419553700055,164.54346309240248,167.18092346191406,33424100
2023-04-28,166.8055113176427,169.2504731763883,166.6996269113536,168.64404296875,31911900
2023-05-01,168.45153367365742,170.70396779884837,168.22050913986547,168.7403106689453,27420100
2023-05-02,167.8739571292896,167.92208907000577,163.56160255919318,165.27499389648438,40851100
2023-05-03,165.77555480484637,169.12532961823737,165.74667857533666,165.88143920898438,43261400
2023-05-04,164.90925312445745,165.1402629809598,162.46429109921013,164.02366638183594,42382100
2023-05-05,166.80552254240274,168.54780510636743,166.62264463542232,167.922119140625,35456800
2023-05-08,168.7017926193972,168.98094908942298,166.6515068776648,167.53707885742188,22109900
2023-05-09,166.50710752955445,167.74884412805497,165.7177994570364,167.03652954101562,21465500
2023-05-10,169.37562350789528,169.433375971569,166.25685827923712,167.8836212158203,27281900
2023-05-11,166.73814641626115,167.2771889879015,165.6696817875424,166.59376525878906,25884600
2023-05-12,167.15202837976307,167.69108557316557,165.22686818103128,166.2568359375,20406400
2023-05-15,166.82474652229922,169.13494746061684,166.35309169684479,168.28787231445312,24310000
2023-05-16,167.11353101944368,168.268624196843,165.78516578714084,165.8332977294922,24212900
2023-05-17,166.94025923877518,169.89538718788447,165.71779309032112,169.52960205078125,38231600
2023-05-18,168.99057516742266,170.92537074220468,168.47078832942347,170.55958557128906,30446600
2023-05-19,171.83017547415048,172.19596062738572,168.69216950590237,169.51998901367188,34316300
2023-05-22,170.01090765756075,172.32110891537286,169.45260938745136,171.58953857421875,28207200
2023-05-23,171.25264492194032,173.77460031660758,170.74247859687873,170.78097534179688,32708900
2023-05-24,169.94351348402392,170.126406046499,168.13385826097297,168.97129821777344,28744200
2023-05-25,168.69217624571758,168.9616975206148,166.23759385351076,167.652587890625,36202600
2023-05-26,167.77770738152017,169.77987566868936,167.50818613976722,169.5584716796875,29841300
2023-05-30,170.09757471854726,170.9061386618389,168.2205313453066,168.93284606933594,25572600
2023-05-31,168.15316555305535,169.4237639914598,165.9103515501895,167.26759338378906,34598800
2023-06-01,167.3541973445005,169.6451429641991,166.45899010380316,169.07720947265625,27800900
2023-06-02,171.34890607804027,175.27623528494485,170.80986348474516,175.2088623046875,50212400
2023-06-05,174.47731167893275,174.47731167893275,171.76284268719095,172.8601837158203,34465800
2023-06-06,172.23446101079148,178.03883288945758,172.23446101079148,177.41314697265625,58584500
2023-06-07,178.53187617191185,181.24421461246092,178.53187617191185,180.73263549804688,60685600
2023-06-08,180.25966917612433,180.86777879730306,178.48362028105905,180.0569610595703,34185000
2023-06-09,179.84460157908012,180.12451637596186,178.03958194728594,178.59942626953125,30242200
2023-06-12,178.79248468056605,180.19208821744027,177.81759167427057,179.34268188476562,26580500
2023-06-13,179.96045932616985,182.41217758658718,179.79636928021728,181.39866638183594,35758200
2023-06-14,181.77512939523982,182.66315392635352,178.13614793923674,179.44888305664062,37114100
2023-06-15,178.64772390311455,181.0511916438706,178.4836338574623,180.9257049560547,36488400
2023-06-16,181.4179679792284,181.99712142345493,178.6573640549186,179.4778289794922,50684500
2023-06-20,178.72490956384152,179.12066386272923,177.37355665437948,178.69595336914062,33269300
2023-06-21,178.0299404382572,179.4488529642917,177.20947560428434,178.28089904785156,30730200
2023-06-22,177.7983011339255,177.84656637714667,176.1477388065447,176.9585418701172,27063700
2023-06-23,174.48751035103493,176.07051308220525,173.7925321053032,174.29446411132812,50610100
2023-06-26,174.16897680384736,176.38904537373372,174.10140251952583,174.46820068359375,31507900
2023-06-27,174.90255312615042,177.5955974195783,174.13035346490474,176.98748779296875,28818800
2023-06-28,176.63034950447295,178.010644048054,175.79057557055174,177.856201171875,23187600
2023-06-29,178.30020008123074,180.57818069100105,178.0202705595594,179.9025115966797,32084100
2023-06-30,181.7171806567272,181.88127068583017,180.4141075802686,180.7615966796875,30287300
2023-07-03,180.41411491058284,182.27703243004555,180.25002487481282,181.12838745117188,14011900
2023-07-05,180.62646735404985,180.7036887923452,178.9951994502089,179.32337951660156,24092100
2023-07-06,177.24809239146256,177.32531382350095,174.43922355605508,176.42762756347656,39080800
2023-07-07,176.62068714185315,180.00870960963377,176.57242190211733,178.2905731201172,31706700
2023-07-10,178.16510645341867,181.5145112142114,177.7597049053741,181.34075927734375,29725100
2023-07-11,181.92952750919048,183.47392670816546,181.16698979410407,183.2036590576172,26738800
2023-07-12,186.0607894304059,186.34071898190737,184.71909825424953,185.20172119140625,40127300
2023-07-13,185.81948341155115,186.95848123545684,185.13416706864018,186.69786071777344,23523000
2023-07-14,186.62062777575656,186.76542348931557,183.67662500851606,184.87353515625,32198600
2023-07-17,184.6901539803538,187.6052008329584,184.49710773872422,186.85231018066406,23283700
2023-07-18,186.9681283996415,189.56464223435563,186.76543500803362,189.15924072265625,28489800
2023-07-19,189.86387295724083,190.7905155377577,189.12062946140324,189.9604034423828,23679000
2023-07-20,190.09552885165158,190.09552885165158,187.51832408031717,188.3001708984375,27278100
2023-07-21,189.56460785846696,189.78661025184525,187.3445397392411,187.70169067382812,28982400
2023-07-24,187.798240905514,189.43915599818857,187.24805839851865,188.1650390625,16929800
2023-07-25,187.81754137768317,189.3908968440341,187.66309850510626,188.14572143554688,18961100
2023-07-26,188.00094946751682,190.30788659656335,187.94303706964277,189.63221740722656,20377900
2023-07-27,190.76153413369187,191.02213989787137,186.46617849662502,187.1804656982422,31159300
2023-07-28,189.20751657694396,190.10518824710033,188.70558455542957,189.60325622558594,21612200
2023-07-31,190.08586488934958,191.84261946811324,190.07621773276242,191.80401611328125,24203900
2023-08-01,190.5685081491177,191.06079302873192,188.97585816191668,190.9256591796875,27444300
2023-08-02,188.7924154051451,189.27503828704087,187.34454675945784,188.3291015625,28079700
2023-08-03,187.54730488651848,188.84073102023936,186.35039451783746,187.7982635498047,24279300
2023-08-04,188.0491867720316,189.4873935338566,186.97776338508092,187.42176818847656,24950400
2023-08-07,187.8947455368311,188.28083795428873,185.98354830351536,187.54725646972656,20185000
2023-08-08,185.46235639112828,186.57238334311597,183.8986626640016,186.36968994140625,25578200
2023-08-09,186.1669476152988,186.1766094992617,184.1206312886647,184.91213989257812,22293200
2023-08-10,185.55886788242609,187.3735200687365,183.2905342389345,184.09169006347656,29378800
2023-08-11,183.3194748782628,185.02796401520553,183.14573770932708,184.352294921875,21789000
2023-08-14,183.3387895461533,184.07237105165007,182.083967060884,184.0337677001953,20354900
2023-08-15,182.9333928282051,183.04921761405922,181.5048184030864,181.60134887695312,25491300
2023-08-16,181.45654318114657,182.48934841414172,179.35229991099578,179.38125610351562,27018400
2023-08-17,179.863908720768,180.250015899074,177.24810070697808,177.26739501953125,26715100
2023-08-18,175.8774480595728,178.81178888380032,175.6168275631355,178.23263549804688,33375200
2023-08-21,178.28090164607502,178.8407459942359,176.7075609603896,177.97203063964844,22678100
2023-08-22,178.6091014435039,179.10138629689143,176.8523614995176,177.441162109375,21299200
2023-08-23,177.60526967420074,179.64193938840845,177.05507236695,179.3330535888672,21231100
2023-08-24,178.8118039666189,179.86391846861744,176.83304691494877,176.85235595703125,26582300
2023-08-25,177.66316752750225,178.57050107873005,175.29831789134568,177.60525512695312,29340400
2023-08-28,178.41606321061207,180.259686565205,178.3967688955425,179.18826293945312,23002000
2023-08-29,179.09168850159395,181.82333571904627,178.15541368199678,181.68820190429688,22986000
2023-08-30,181.20559647419785,183.0202633570484,180.81950403160445,182.37355041503906,19869900
2023-08-31,182.62453002541451,183.6476883715493,181.97781700905543,182.05503845214844,17953400
2023-09-01,183.46431814476318,185.19210204053525,183.2519628420222,184.2172088623047,25094600
2023-09-05,183.0588381991982,183.30014962035636,180.27894064282265,180.33685302734375,27160100
2023-09-06,180.55889598398684,181.55309808428595,178.65736037969046,179.66122436523438,26406200
2023-09-07,178.7056138620836,178.93727816546243,177.2094798674544,177.92376708984375,23894800
2023-09-08,178.14577189217843,178.40639239590632,177.07434840850024,177.52801513671875,19399100
2023-09-11,178.82142832536638,179.2654478657532,177.7982701526928,177.9527130126953,17424700
2023-09-12,177.64385785558775,178.89868053415225,177.3542958538673,177.77899169921875,16826300
2023-09-13,178.0878170533166,178.45461510236635,176.0511482041097,176.61099243164062,24415700
2023-09-14,178.11680927927537,179.6032960841248,177.83689447311878,179.1013641357422,27952500
2023-09-15,178.36778866808461,178.6380710783019,176.43729681085622,177.2288055419922,39695500
2023-09-18,177.31569370432143,177.37360610987042,176.0319147102046,176.0512237548828,19287800
2023-09-19,176.14770617353633,176.9295528920285,174.77705894518874,175.3658447265625,24085900
2023-09-20,176.06083352864405,177.132256989254,173.5705122479121,173.60911560058594,27642900
2023-09-21,172.29638643245787,172.54734505441934,170.9160919189453,170.9160919189453,31625600
2023-09-22,171.3890670784044,172.17091393474576,170.42382113655395,170.52999877929688,23164700
2023-09-25,169.5840521607752,171.67863396712437,169.4392564407059,171.29254150390625,22416200
2023-09-26,170.19569300639714,171.66975671308757,169.02225750093262,169.09014892578125,30476000
2023-09-27,170.1472262771805,171.58249086722284,169.1871573381648,170.67091369628906,37293000
2023-09-28,170.7679033668675,173.17295922051977,170.65153494729498,172.21287536621094,31372400
2023-09-29,173.56085122110113,173.74511107045927,170.82607517873203,171.39825439453125,36689000
2023-10-02,171.0006335151502,171.38853806338787,167.91673760550384,168.80894470214844,42139300
2023-10-03,167.72276049866537,168.2561402717284,165.22073657943045,165.96746826171875,42733600
2023-10-04,165.84139971929415,166.42327127793672,163.9794314482897,166.04505920410156,42491900
2023-10-05,165.63776275742725,166.70450760121363,164.80375470986598,166.171142578125,33365100
2023-10-06,165.22073976401606,168.63435557980839,164.38673177486248,167.77125549316406,42160900
2023-10-09,166.64632314240464,169.2744229106867,166.57844650948115,168.7410430908203,26658400
2023-10-10,169.0416726107261,171.68915726718254,169.01258051102067,170.65150451660156,31585000
2023-10-11,170.79696146967834,171.87341352926072,169.10956053135547,170.36056518554688,27427200
2023-10-12,170.56424664312266,170.56424664312266,165.62807442746413,166.5105743408203,38693800
2023-10-13,167.1409307887547,167.4803435736896,164.5613225947206,165.12379455566406,33955600
2023-10-16,166.54935245082405,168.14947709399127,165.85111247623243,167.79066467285156,31140300
2023-10-17,166.7433023112833,171.08789502585458,166.70450298124828,169.66232299804688,39823200
2023-10-18,168.3919233618913,168.41132302744643,165.83171502015122,166.171142578125,38501400
2023-10-19,165.69595504538597,166.94695977899454,163.2715146489579,163.52365112304688,51397300
2023-10-20,163.56245015024928,163.92126259301463,161.39983866639963,161.4095458984375,54421900
2023-10-23,160.65310843902807,162.39870833684319,159.6736251309606,160.04214477539062,45590900
2023-10-24,161.41924474194352,162.55388111468756,160.41068400981897,161.4386444091797,32666300
2023-10-25,160.0227484285155,160.65311177009022,158.4614083205418,158.77174377441406,36832900
2023-10-26,159.1887238048905,160.75977098059136,158.26743956832462,159.1790313720703,50525600
2023-10-27,159.54759968995876,159.84822797283599,156.7837313389429,157.3074188232422,46017100
2023-10-30,158.8396317301158,159.82880756284084,157.0455547014471,158.18019104003906,35156300
2023-10-31,158.46140239517865,160.00335757783353,157.90863773535048,159.5475616455078,31533200
2023-11-01,159.48939133536103,160.59493554887945,158.17049518611017,160.45916748046875,44367100
2023-11-02,162.67993458401452,164.86193072597595,162.27263041322806,164.73585510253906,50458100
2023-11-03,167.5772932578649,170.34114593804063,167.55789359482444,169.21621704101562,57060700
2023-11-06,169.21623133822533,169.497459886841,166.20991961005612,167.10211181640625,35294400
2023-11-07,166.37480626165865,167.29609071294212,165.41473727244792,166.5105743408203,31168900
2023-11-08,166.51054707371404,166.92755847560082,164.18309044133184,164.73585510253906,44938600
2023-11-09,165.86083996557818,165.86083996557818,161.93324297778577,162.18539428710938,38577400
2023-11-10,163.1357553551626,164.58072723631096,161.74896767904116,163.9988555908203,36121300
2023-11-13,163.15513741889762,164.6388936774355,162.4568974386905,164.05702209472656,27610300
2023-11-14,168.96407510472596,173.07593083656988,168.9543826714764,173.0662384033203,77611000
2023-11-15,172.95956290375227,176.26648795876363,172.726811326676,173.3668670654297,59641400
2023-11-16,172.7559128896883,173.23110850315274,169.8659842712856,170.56422424316406,46616700
2023-11-17,172.08678922250698,173.2408253049549,171.7570688554107,172.90139770507812,43418700
2023-11-20,173.12445676565514,174.22029384345015,172.36803248987735,173.90997314453125,26665100
2023-11-21,172.85288194842815,173.11471081775787,171.56307807494642,171.6697540283203,30457000
2023-11-22,172.79470804872267,173.9681437062273,172.05768349868632,172.74623107910156,28940900
2023-11-24,172.6686607536338,174.2978777175826,172.42621669607396,173.90997314453125,13846900
2023-11-27,173.10505010181205,173.6966141702549,171.87343019585202,173.32809448242188,30665800
2023-11-28,173.15350023828196,173.80324835434607,171.84429677610666,172.65890502929688,28350200
2023-11-29,174.12329030789815,176.25679462861285,173.29897475785455,173.5705108642578,31590200
2023-11-30,174.6082231457295,175.18038760268848,173.35720345090138,174.23001098632812,32216800
2023-12-01,173.78389100150963,179.58314849817296,172.8238220399411,179.32131958007812,64221300
2023-12-04,178.66186213745584,181.3384538743052,178.45821742558874,181.24147033691406,44862600
2023-12-05,180.4268484980245,180.4268484980245,178.4194048444347,178.8170166015625,36873500
2023-12-06,180.08742629676505,182.2403305120706,178.23515031733925,178.4969940185547,43637900
2023-12-07,178.75884382300666,179.95166437298766,177.84725185237025,179.78680419921875,32662300
2023-12-08,179.5540656412443,182.0754897944597,179.27283704145876,181.15420532226562,36087100
2023-12-11,181.03781433434733,181.94940633208589,180.27169764551348,181.53240966796875,29302100
2023-12-12,181.31905242983987,181.9882003574926,179.7383125310435,181.34814453125,32024000
2023-12-13,181.44511540734578,187.78744463158483,180.05832788058333,187.48681640625,69484800
2023-12-14,190.91980916836212,193.99399751849052,190.54159709494212,192.70420837402344,83649300
2023-12-15,192.93694687240625,193.51881843557712,190.027618651769,191.0846710205078,74160700
2023-12-18,191.97690358189746,192.76241993840318,190.7355764287403,191.152587890625,44451100
2023-12-19,192.48116806706662,195.21594394074424,192.03507932018934,194.85711669921875,52156200
2023-12-20,194.5300768009516,196.77847068222323,190.92875243235977,191.04554748535156,62360300
2023-12-21,193.20635146919165,194.49115650206275,192.25249051718552,194.29647827148438,38613400
2023-12-22,195.52288243243635,197.4014055401114,194.85128116327135,196.10687255859375,39173800
2023-12-26,196.81741655544067,199.1047372202508,196.31127989501132,198.65701293945312,26879000
2023-12-27,198.98793255091365,200.0099337930694,197.97565927896142,199.35780334472656,35806400
2023-12-28,198.35525411909333,199.69845657374736,197.85886031500328,198.5985870361328,28930100
2023-12-29,198.05350918761607,198.5888445363075,195.35739135742188,195.35739135742188,41496800
2024-01-02,194.0823325542834,196.24313008876624,193.14794245129036,194.1991424560547,44341500
2024-01-03,192.13566979222475,192.39847350722002,188.61221382469245,189.02101135253906,57532500
2024-01-04,188.8847436627308,190.27661568970757,188.52461569331084,188.65115356445312,43114200
2024-01-05,187.55128063881267,190.2474135055555,187.16193906224802,188.09634399414062,40964900
2024-01-08,188.13527243700497,191.71714071466505,187.13274200250936,191.48353576660156,31545400
2024-01-09,189.1670164108241,190.5491456029639,188.16448597672365,189.77047729492188,28998700
2024-01-10,189.54663423920513,190.16956597793956,187.93089993653442,189.8775634765625,35075200
2024-01-11,189.3130289086052,189.54663387963652,186.19837022084158,188.38836669921875,48939200
2024-01-12,190.66595504575105,191.84369299271157,187.5026268726466,188.07688903808594,42992100
2024-01-16,186.6071622937477,188.10608663782722,185.04009759900543,185.75062561035156,42213000
2024-01-17,183.11290619513505,184.8648914570904,182.52890120657406,184.42689514160156,37787700
2024-01-18,185.6240958901576,186.07182015716046,183.19076662903683,185.51702880859375,41760000
2024-01-19,186.1886201947289,187.70703016989228,184.18355920617333,187.2982177734375,63338300
2024-01-22,188.97235222700414,191.57116105408898,188.91395469864065,191.29861450195312,42379500
2024-01-23,192.93380114750457,193.2939291059618,189.78020124999006,190.74380493164062,42471200
2024-01-24,193.08953999622986,193.16740831146825,188.94313760799582,189.17674255371094,41120100
2024-01-25,191.84367445042602,192.3887377989653,189.22540993160626,190.74380493164062,37659500
2024-01-26,191.63930609879418,192.61263794242703,190.1695803615801,190.75357055664062,33478600
2024-01-29,190.92875862144146,194.0920867919922,189.88728652562705,194.0920867919922,29234400
2024-01-30,193.09926684515565,193.62485940513523,191.8436755423996,192.43740844726562,33121200
2024-01-31,191.9507337164114,193.63459324646652,187.57074146288895,187.7362060546875,68126700
2024-02-01,189.12809663968784,190.51996881427,186.42223546735917,190.22796630859375,59479000
2024-02-02,188.08660662473213,190.28633072790882,187.25926881125739,189.22540283203125,52839300
2024-02-05,187.33715367587064,187.96008537042366,184.99142071206043,186.8212890625,39751900
2024-02-06,186.58764743214974,188.63164954318748,185.92578913447133,188.50511169433594,34689100
2024-02-07,188.89452247557927,188.9723759552637,186.91864512271067,188.0671844482422,31713900
2024-02-08,188.20341744895757,191.13314050905765,187.57075778691174,190.91900634765625,35370800
2024-02-09,191.66848006545092,194.22834723557403,191.21101296998717,194.02394104003906,46107100
2024-02-12,194.53980280668404,198.12167119817815,194.51060404373098,197.5474090576172,43291000
2024-02-13,190.9871544105872,192.35955572268324,187.91142256062926,189.4200897216797,86247400
2024-02-14,192.4082066893935,194.46193720635648,190.9968786701035,193.81954956054688,43808000
2024-02-15,195.62993898467215,199.30913153328441,195.36713527352478,198.98793029785156,44931900
2024-02-16,196.72979823908284,198.26766410564667,195.72726777731387,196.28207397460938,48346200
2024-02-20,193.83899124349912,194.39379741027912,192.7293937618014,193.57620239257812,30547500
2024-02-21,192.38875370359102,193.06035497494133,191.15261824548045,192.66128540039062,28669100
2024-02-22,193.35232129616276,194.75392121195802,192.53472629590286,194.1212615966797,38184700
2024-02-23,194.2770207264808,195.77594506726217,193.2744902251043,194.5592803955078,37667700
2024-02-26,194.3646190146674,196.26261295172526,193.8390115540275,195.78567504882812,29118200
2024-02-27,197.66421369568778,198.7738112973063,197.13860623331573,198.55967712402344,32268600
2024-02-28,197.0412793088292,198.42340859380667,196.48647308957925,196.9244842529297,30143900
2024-02-29,199.70820307944734,200.545268985829,197.1191518892629,198.296875,40404100
2024-03-01,199.0755449373939,200.82754508679167,197.72261437655473,200.39927673339844,35156900
2024-03-04,201.50888859139206,202.22915949589023,199.97102251002477,200.21435546875,24785400
2024-03-05,198.8516812312378,200.41874595649196,197.59607494573328,198.296875,34163500
2024-03-06,200.53553422770477,200.58420378435517,198.63754033324753,199.77633666992188,34255200
2024-03-07,201.1876438768512,202.55031706269557,200.89564141903728,201.4407196044922,28020200
2024-03-08,203.17324540438847,204.79870740915553,200.3116480977002,201.31417846679688,41447800
2024-03-11,200.46744151151378,201.32396347079754,199.28970339618297,199.7179718017578,24435800
2024-03-12,199.6789941576985,200.4284637321393,197.9659356965542,199.44540405273438,34958900
2024-03-13,199.4064501859858,201.07085384066158,199.3091259321993,200.22406005859375,25140700
2024-03-14,199.58167795234817,199.8055400959275,194.8318142682129,196.6422119140625,47509100
2024-03-15,195.88303172706333,197.66423076673075,195.76623665949992,197.01210021972656,53217000
2024-03-18,197.49874510216924,197.76153397619817,195.5520816401642,195.8830108642578,32405100
2024-03-19,194.4522057355206,197.3430020711484,194.33541068417827,196.71034240722656,29864100
2024-03-20,196.14579234935908,201.46991750239434,195.74672282045094,200.60365295410156,49609600
2024-03-21,201.99128134201027,203.89409478253418,201.8351492418707,202.90853881835938,43067300
2024-03-22,202.82070292091834,203.20126557679737,200.10797119140625,200.10797119140625,28437300
2024-03-25,200.7422416794592,202.0010212948255,200.53731644973297,200.56658935546875,20107800
2024-03-26,202.04006602333212,202.61578636771264,200.02991370934186,200.20555114746094,23434800
2024-03-27,201.7961052904106,204.63569618368314,201.17159183628374,204.5673828125,35028400
2024-03-28,204.99674787578658,206.75319669795286,204.76254973630577,205.21142578125,37675100
2024-04-01,205.67004222669112,205.6993151311826,202.92803764910528,203.27932739257812,25684200
2024-04-02,200.77151415327452,200.89837333757384,198.47837061173252,199.54200744628906,36632100
2024-04-03,198.4588488656255,201.4057636500238,198.36126259506423,200.8495635986328,27362800
2024-04-04,203.01585288840425,203.50375447434632,198.2929691099831,198.83941650390625,32265200
2024-04-05,198.22466040218285,200.72271419861562,197.9709569317741,199.50296020507812,27569400
2024-04-08,200.9959389676039,201.4252947579374,199.6298204434293,200.5958709716797,21331000
2024-04-09,201.23012890718303,201.96198127740422,199.52247337666694,201.38626098632812,23289100
2024-04-10,196.31208129399042,198.01973689977493,194.71176463615254,196.06813049316406,57130500
2024-04-11,197.08296862180802,198.00022598945864,195.25822144759343,197.3952178955078,37184000
2024-04-12,196.36088849886667,197.02444246722882,192.8967839010577,193.88235473632812,35388700
2024-04-15,194.54586960962683,195.3850609157575,190.26209436880947,191.04273986816406,41119300
2024-04-16,189.70591328708733,191.4916350202171,188.68131689731436,190.34017944335938,43267500
2024-04-17,191.71605537583753,191.86241989961098,188.32026441811723,188.33001708984375,38589500
2024-04-18,189.01311117767375,190.92569234831856,187.5006129651626,188.17391967773438,40238200
2024-04-19,187.2956681688703,189.68638302557557,186.7101802943577,188.4666290283203,42666500
2024-04-22,189.5107645780406,191.55018989221867,188.23244975364014,190.5743865966797,31553000
2024-04-23,190.53532251505533,194.4970959112346,190.40847822726627,193.76524353027344,31838300
2024-04-24,193.37492323229355,194.09702297874497,191.70630805638933,192.8967742919922,28791700
2024-04-25,190.7109708316318,192.06733662033315,189.08138135093125,191.72579956054688,31915600
2024-04-26,192.23322508229217,194.07749248369157,191.66725745519938,193.56031799316406,24613600
2024-04-29,194.42878573207122,195.56072100669448,194.06774331620392,195.12161254882812,20494600
2024-04-30,193.3163828121376,193.84331001670284,191.0134865422773,191.15985107421875,30606800
2024-05-01,191.14034826658568,195.47291714446885,190.310909535706,191.5599365234375,38782100
2024-05-02,193.97016547630201,195.2777382351029,191.7843608740026,195.08258056640625,27201000
2024-05-03,198.48813608433306,199.21998849760246,196.25353837765493,197.01466369628906,30880600
2024-05-06,198.54664903410753,199.8249486553845,198.45883033254796,199.5614776611328,23129800
2024-05-07,199.8152335653239,201.16183191121772,199.5517625215199,200.01039123535156,20116900
2024-05-08,197.814833081661,199.0248344538667,197.6587009904908,198.84918212890625,18349400
2024-05-09,199.03459290070566,201.00571966258627,198.4881454553311,200.8788604736328,22914300
2024-05-10,201.3570105324964,201.6204666946557,198.75160270119972,199.36636352539062,21520200
2024-05-13,201.09352240306873,201.55215109175836,199.64933785654338,199.78594970703125,18585300
2024-05-14,202.1181005222319,202.71334100779757,200.9276195511006,201.85462951660156,33169000
2024-05-15,204.14780757736017,204.69425502330833,202.69385535258112,204.3722381591797,33412300
2024-05-16,203.845288256353,204.28441162036142,202.8987579345703,202.8987579345703,26731100
2024-05-17,202.97682212575367,203.47449129653126,202.33280331760258,203.04513549804688,35219800
2024-05-20,202.98659632616295,204.41126073364669,202.75239818580937,203.49400329589844,15695900
2024-05-21,202.8011890917938,203.64038047351133,202.56699095402058,203.29884338378906,13466800
2024-05-22,202.50846159110537,203.1817682635151,200.82032601839862,201.58145141601562,20853100
2024-05-23,202.48893038447366,202.59626933932577,197.45379684756733,198.27346801757812,34039800
2024-05-24,199.83472839323377,200.70319263529294,199.02482484971938,200.46900939941406,19946100
2024-05-28,201.96198690951684,202.0790785273537,199.03457734699543,200.19578552246094,18475900
2024-05-29,197.6294205480747,198.09780191414814,196.89756814939582,197.23910522460938,25654800
2024-05-30,198.59549632877113,199.98113525972414,198.1661404846156,199.1126708984375,20428200
2024-05-31,199.99086510382372,201.2886851611203,198.16611786403382,200.79103088378906,25784900
2024-06-03,202.50843161762427,202.53770452169397,198.23440894854892,199.65908813476562,23902900
2024-06-04,198.2344025981883,199.551742797424,196.77069788329274,197.0829620361328,27098900
2024-06-05,198.38079726240989,200.09820556640625,196.90732487341808,200.09820556640625,20707600
2024-06-06,199.239492905243,199.8542536941647,198.0782995888887,198.6637725830078,17335500
2024-06-07,196.65362085180837,198.25393752983464,195.8241821627051,196.33160400390625,26036000
2024-06-10,194.69226444174407,197.23911146531253,194.19459526556795,197.00491333007812,25075300
2024-06-11,195.35313799741425,196.70351009285292,194.15933381211235,196.3316650390625,23768400
2024-06-12,201.44939333950856,202.81934040167783,198.73888369946286,199.34556579589844,43668700
2024-06-13,198.90523328470186,199.1694248851346,196.2044885867097,197.60379028320312,28021100
2024-06-14,195.27487156994687,195.7445604113781,193.68966239815458,194.4626922607422,33453700
2024-06-17,193.8657915976009,196.63502518694938,193.17104569179347,196.09683227539062,25538100
2024-06-18,196.15557997941318,197.35916432156083,195.73480549584355,196.43934631347656,25446900
2024-06-20,196.01855372106294,197.52547886908036,194.94216795023732,195.60755920410156,27999700
2024-06-21,195.63693329856812,196.1066370986735,194.19851207055768,196.0479278564453,37511300
2024-06-24,196.38062798947215,198.33768240773404,196.2240600525375,196.8992462158203,22289600
2024-06-25,196.81117035210926,196.8405249721024,195.52930217527776,196.25340270996094,15925400
2024-06-26,195.04983616563985,196.27299521328635,194.5409978210995,195.73480224609375,19313500
2024-06-27,196.32191991459928,197.80927053091142,195.66630847231556,197.72120666503906,17432600
2024-06-28,199.50211821614525,200.2457934678383,196.99709112503265,198.5333709716797,35026000
2024-07-01,199.14982758558773,199.44338868414556,196.17509701920366,196.86985778808594,21886200
2024-07-02,197.19280407623265,197.92669947084178,196.58610706351385,197.54507446289062,17219100
2024-07-03,197.90713443451946,198.9150162979642,197.30045232324147,197.49615478515625,15167200
2024-07-05,196.88945802127287,197.3004376400508,195.58801509623962,196.55674743652344,17282500
2024-07-08,198.1615652850973,199.3260152030207,197.50595376222074,197.93650817871094,20823800
2024-07-09,197.58420146079473,198.17132372659202,196.22404931179912,197.0753631591797,17864200
2024-07-10,197.946255874724,199.2183441898251,197.1634460787908,199.00306701660156,19286100
2024-07-11,203.43577801123297,206.6942750442668,202.4964003571615,206.1560821533203,65443600
2024-07-12,208.34798578560165,210.324614684084,208.09357411793104,208.56326293945312,50810700
2024-07-15,210.1778321214561,213.55376260766093,209.6983633918099,212.52630615234375,48925300
2024-07-16,214.4344415500016,220.0316181076499,214.31702306859933,219.77720642089844,67945700
2024-07-17,217.58528445122911,221.77337920427829,216.90031847407406,217.47764587402344,66092100
2024-07-18,216.65569951693433,219.95333122917236,212.32081648520548,213.26998901367188,53180000
2024-07-19,212.95685212378353,213.95493898992763,211.21507512466363,212.18380737304688,37933500
2024-07-22,213.0057817139956,215.9120085285547,210.75518122585774,215.5597381591797,36185900
2024-07-23,214.50294152708386,218.94544818536724,214.33657877341756,217.84950256347656,44884600
2024-07-24,216.32299285135204,219.05307688670598,213.04492109863352,213.17213439941406,42443000
2024-07-25,213.7592525271224,219.20965590926434,213.51462074008492,215.833740234375,45053100
2024-07-26,219.09221388939469,220.55022465805777,216.93945723428223,219.4053497314453,40822600
2024-07-29,219.8848789530829,220.57962498349164,216.02947895299914,216.96885681152344,33869700
2024-07-30,217.93755983768267,219.6402023897926,216.3621305882481,217.79078674316406,26876800
2024-07-31,218.90631222916056,223.7206639479712,217.2134495329585,219.05308532714844,52387700
2024-08-01,218.96500970390997,220.06095525970792,210.44203223504033,211.9293975830078,71508100
2024-08-02,204.36540978661284,206.65515982978576,202.5453486143405,204.43389892578125,66850200
2024-08-05,193.6505300585486,200.3436675631232,192.47630038567004,197.8582000732422,65683100
2024-08-06,198.65078843046786,202.79974886077906,196.87965670394706,200.0109405517578,37072500
2024-08-07,203.38686276307374,203.4945013408195,197.23191897121524,197.6428985595703,30594500
2024-08-08,200.0305009429196,202.5551025637111,198.80734211101313,202.4474639892578,26550300
2024-08-09,202.60407616854891,202.6725653139075,200.53938301194708,202.02674865722656,20954500
2024-08-12,202.17349927638338,202.5355495514717,199.44341504063112,200.2066650390625,20357900
2024-08-13,201.66466706455057,203.9055027139893,200.46108278926965,203.50430297851562,25458300
2024-08-14,204.15012906976875,204.26754755267265,201.32218613442885,202.2419891357422,25345600
2024-08-15,206.7236427089172,208.52414403326978,205.4026399999233,207.4868927001953,42561600
2024-08-16,206.8312824264573,209.3852389285311,206.74321856493674,208.03488159179688,30427400
2024-08-19,208.3871492585964,210.58883535481172,208.25015605429968,210.57904052734375,17246200
2024-08-20,210.27569678801973,210.334406027513,207.496683290316,208.12294006347656,21703900
2024-08-21,209.67881095421262,211.02918329221683,208.25016957821842,210.83348083496094,19623100
2024-08-22,210.94112297769968,211.72393281990318,208.55351413801327,208.97427368164062,18084300
2024-08-23,210.55945891115547,216.3327778887105,210.1778339308824,215.64781188964844,40003100
2024-08-26,217.16450924294872,217.67334750888872,215.35424309074858,215.71629333496094,24865500
2024-08-27,214.2093776055147,214.65949172386365,213.0351480357768,214.04302978515625,19577900
2024-08-28,213.19168971250028,214.41484856003817,211.62605534633474,212.59478759765625,19685000
2024-08-29,214.08218712550914,216.23494405473946,212.48718295563629,214.11154174804688,24599500
2024-08-30,214.99222826060293,215.76525821693897,212.73181777521953,215.35427856445312,23010500
2024-09-03,213.44612677847,214.65949085881584,208.33821398611227,208.76876831054688,31338500
2024-09-04,208.19143191040897,210.74538837960165,207.1541955161484,208.41650390625,23706300
2024-09-05,208.9546865524457,209.43417024380219,206.39095012979217,207.37925720214844,23910500
2024-09-06,207.37925428415434,208.61220806425385,202.69211574768497,203.435791015625,34561300
2024-09-09,203.68042591466653,205.7451188553271,203.063963946348,204.0033416748047,23584100
2024-09-10,204.238190075609,204.37518328079423,201.37109773197184,203.8369903564453,23025700
2024-09-11,203.01503748524112,204.75681469050667,199.82504421820036,204.43389892578125,27175600
2024-09-12,205.40262328052845,208.2109912267343,203.9348326581399,207.0661163330078,27611700
2024-09-13,209.43417782911095,212.58503664382363,209.34611396357224,212.17405700683594,37388100
2024-09-16,212.9568763601899,213.60269295556574,211.49886547720251,212.9373016357422,23289000
2024-09-17,214.86500200523884,217.03733355984468,213.77883622793593,214.6986541748047,35563500
2024-09-18,214.52250054484705,220.10989707934775,213.5635481291556,214.73777770996094,54085200
2024-09-19,219.83590692871604,219.8554667207464,216.74375763808092,219.1607208251953,35369500
2024-09-20,218.65187664694983,218.66167147383993,216.53825453580748,216.812255859375,34587500
2024-09-23,217.90820313606568,218.31918272792856,215.29553756063402,216.01963806152344,20157700
2024-09-24,216.87097744311393,217.16452364375826,214.78670983170272,216.3817138671875,20939800
2024-09-25,216.32477513921265,216.60950975399615,213.59517323434432,213.74246215820312,23242300
2024-09-26,216.49168391956638,217.1200776885383,214.41994563744055,214.8814239501953,24974700
2024-09-27,216.85496734997182,218.56341991433885,215.54908351925678,216.33457946777344,23959600
2024-09-30,215.4410702244767,217.57171798586612,214.61630624885922,216.88441467285156,21938200
2024-10-01,216.17749668933078,216.3444121587862,212.37767898668645,213.9388427734375,30016000
2024-10-02,213.0551458783409,214.78322494606934,212.28929146338604,213.64425659179688,14455400
2024-10-03,212.30891676303523,213.29078292849803,211.17977666558852,212.2107391357422,21353000
2024-10-04,215.31344028800638,215.990930387942,213.34970781611867,215.1759796142578,27901500
2024-10-07,214.67523208971332,214.69487360931322,211.95545843557835,213.48716735839844,14891800
2024-10-08,213.68355675813132,214.41012819451333,212.77041335504552,213.63446044921875,18118600
2024-10-09,213.58535551534212,215.62763903049589,212.986416527811,214.10574340820312,18230700
2024-10-10,211.98492439654893,212.94716414049336,210.70851021498558,212.91770935058594,24571400
2024-10-11,212.83914150857328,217.59137034631635,212.78023193339212,217.24771118164062,19950900
2024-10-14,217.4342700450622,219.0641715556377,216.43276231202202,218.84815979003906,19263300
2024-10-15,218.53396923945013,221.4108300392445,217.95465678998835,219.02490234375,25998800
2024-10-16,220.81189839445335,223.05055222592625,220.3209652738305,222.62835693359375,27656700
2024-10-17,222.7952750148257,222.84437132388288,220.83154250925853,222.01959228515625,18003600
2024-10-18,222.5497999346469,222.91308564000508,221.30282564634825,221.55810546875,20047400
2024-10-21,221.53846558028079,221.59737515250865,217.51280834770483,218.07247924804688,24243800
2024-10-22,217.45390967686393,217.80738211004007,216.3051280145638,217.24771118164062,15813900
2024-10-23,216.04001093942207,216.79605208094262,213.42824334659744,215.26434326171875,23263500
2024-10-24,216.4327580876993,217.03169706569835,214.56721831076544,215.7356414794922,18381900
2024-10-25,217.2967837145725,217.9448189348442,214.55738389373343,214.92066955566406,23807800
2024-10-28,216.78623459537465,218.92671073059097,216.48185846645197,218.42596435546875,19877700
2024-10-29,216.73715842177916,217.87611186964273,215.98111722474758,217.71902465820312,20282200
2024-10-30,217.0611528023093,220.4093049231064,216.89422237577804,217.4244384765625,19754800
2024-10-31,217.2084515380255,217.7484809682501,213.68355532033473,213.81118774414062,24078400
2024-11-01,215.51962306233128,216.9629675224092,214.38065471605003,215.00904846191406,21222200
2024-11-04,214.53777425644168,217.71902627970053,213.88973893987395,216.09893798828125,20463700
2024-11-05,215.36253879230065,220.22277371336517,215.08761744200015,220.1638641357422,26404600
2024-11-06,232.2997391526428,233.27179216156733,228.5293762402349,232.91831970214844,75554600
2024-11-07,232.59428274373255,234.16527465133385,231.13129671705497,232.09353637695312,34970300
2024-11-08,231.65169720934648,234.14564587472867,231.3767758578683,233.80198669433594,26597800
2024-11-11,236.15845224543617,237.99453716451532,235.50060371818367,237.31704711914062,29207700
2024-11-12,235.6086113331389,237.4054132292312,232.27025738589492,233.15394592285156,35314300
2024-11-13,234.61693565151612,235.53007904773781,230.57165152664075,230.84657287597656,25947700
2024-11-14,231.67131721052394,232.1426087718406,227.01728120558363,227.73403930664062,29272100
2024-11-15,228.0089615766709,228.0776844173967,223.67892820202107,224.33677673339844,37930000
2024-11-18,225.06337508070237,226.41835525215163,223.9931445016742,224.77862548828125,29368500
2024-11-19,222.48106695557058,226.63437192349468,222.29450997348215,226.44781494140625,26009400
2024-11-20,226.05505200015097,226.7423553466797,223.90476261579803,226.7423553466797,24222700
2024-11-21,227.9500669036643,231.29823433413557,226.91910436868088,230.188720703125,28679400
2024-11-22,231.36693969371564,234.90166383735223,231.0625635834197,234.440185546875,22693100
2024-11-25,237.11087714632254,240.53758064079977,237.01268453219694,238.00436401367188,33534000
2024-11-26,236.8065108304809,237.22872113692165,235.08824477799607,236.2566680908203,22581400
2024-11-27,237.6214337341378,239.2709767412802,236.07991159039807,236.58065795898438,19472800
2024-11-29,237.9749113823823,239.06478348785922,237.159960620441,237.48397827148438,16782700
2024-12-02,237.84726972589434,238.25965172518528,235.65769734920505,237.36614990234375,25274800
2024-12-03,237.15996553737122,237.7490912754986,235.0293175897513,235.67735290527344,21376700
2024-12-04,235.92282002478748,237.28761350532935,234.87223093388198,236.52175903320312,19903000
2024-12-05,236.15848195133321,236.4923128909598,233.42889489045157,233.76272583007812,20227000
2024-12-06,235.4416955921744,235.53988820754844,234.05727560077423,234.5972900390625,20760900
2024-12-09,236.1879220539096,237.00287281379616,233.34050102862707,233.41905212402344,16684300
2024-12-10,233.27177716603913,234.48929666623565,231.64187565337835,232.40773010253906,19946500
2024-12-11,234.38128486302512,234.9507540691228,232.53537163111554,233.4583282470703,23156900
2024-12-12,232.85938582668877,233.340490664249,230.1003442700826,230.42434692382812,21454500
2024-12-13,230.11999633768474,230.60111621071277,227.67515887745978,228.8435821533203,23972900
2024-12-16,228.6864665740682,231.35714391063354,228.13662388396762,230.188720703125,32293500
2024-12-17,229.12909280526267,229.88737871145432,227.04136098863177,227.55345153808594,33064300
2024-12-18,228.70564322129357,229.53285601072173,215.5883474464816,217.4791259765625,52267500
2024-12-19,219.85244641361894,221.0144812468582,215.992105148761,216.5140380859375,51871700
2024-12-20,215.2732275438113,221.24100063128472,214.75129458576967,218.54269409179688,53882200
2024-12-23,218.36544599305128,219.01539033539382,216.04136115018707,218.04046630859375,29606800
2024-12-24,218.6411801594684,220.22667888359572,217.12460832252626,219.99032592773438,13399600
2024-12-26,219.03508605520153,222.6984742136856,218.0995466926288,222.24546813964844,20024800
2024-12-27,220.87661762393662,222.00912527054086,216.84886523083233,219.0055389404297,26956000
2024-12-30,217.31172131574442,218.4343715705096,214.53464543356628,217.32156372070312,25706100
2024-12-31,218.7396709822916,219.88202117572732,216.79965014524825,217.5973358154297,26208300
2025-01-02,219.53733419544048,220.95542197011252,216.25802499972798,217.7745819091797,29363000
2025-01-03,218.6904260295762,221.3985750445096,218.0109244179413,221.01449584960938,24525300
2025-01-06,222.3242535296056,223.7127989729082,220.72891239781174,221.10313415527344,23541900
2025-01-07,222.1469961122468,223.07269305790498,218.0109171240421,219.3305206298828,28835200
2025-01-08,217.53822136700035,218.9267668502563,215.67698498416232,218.33590698242188,26795900
2025-01-10,214.98763898514474,215.3815605866582,212.0332945933707,213.53016662597656,37379400
2025-01-13,211.23562235771854,214.20966656292254,210.7136893880514,213.9437713623047,28603800
2025-01-14,215.84438454477709,216.8784080416756,213.91422137536702,216.3761749267578,25447500
2025-01-15,222.00911983747295,222.14698863155138,219.6062508321877,220.6304168701172,30124700
2025-01-16,220.73877126210192,221.8023371047935,219.32069849841992,221.0736083984375,21029800
2025-01-17,223.4764540626039,223.51585373668806,221.25085332718132,222.02883911132812,26754900
2025-01-21,224.05747989938976,226.3914071293444,223.53554693257774,226.2929229736328,26086300
2025-01-22,225.8596157494913,226.35200644000548,224.36274384288814,224.81573486328125,21307300
2025-01-23,223.4764356703177,225.85961987936608,223.10222895675304,225.8399200439453,20850700
2025-01-24,225.33769741683776,226.72622783384128,224.56955406543034,225.2096710205078,19074500
2025-01-27,223.25980448629397,226.12550702584994,221.78263234209257,223.05299377441406,27461700
2025-01-28,223.2893519309794,224.09686490814505,221.75308024288537,223.2991943359375,16847400
2025-01-29,223.23024274527594,224.74681453114331,221.162210800782,222.78709411621094,20280500
2025-01-30,225.04225110136542,226.5489654503849,223.4665948411731,225.05209350585938,25575100
2025-01-31,225.26875273747652,226.8148667996206,222.1075977267146,223.03329467773438,35330700
2025-02-03,218.1389145247745,222.11743965011766,217.31170178541166,220.42361450195312,34023300
2025-02-04,220.19716159420483,223.67343927942247,219.81309738901737,223.47647094726562,17985500
2025-02-05,224.58925571260625,226.00734340883486,223.43706321606362,225.9088592529297,15197300
2025-02-06,227.0019515446985,227.18906241201577,223.8408117151501,225.17025756835938,18809400
2025-02-07,225.36722560472316,225.76113214745985,222.14698627352223,222.5605926513672,28914400
2025-02-10,223.90974321110426,224.05746943777405,222.42272869935414,223.56507873535156,14574700
2025-02-11,221.62506531316407,222.97421107280917,221.388712358813,222.26516723632812,18215700
2025-02-12,218.87752399304696,221.0637400573783,218.41467550027403,220.21682739257812,25572800
2025-02-13,221.6152054901326,222.89542434921688,220.3448440623142,222.69847106933594,21419400
2025-02-14,223.81127044653377,224.51045681772212,222.176529734701,222.5310516357422,13574500
2025-02-18,222.70830113083514,224.20517302279873,222.07804165420382,223.75218200683594,15166500
2025-02-19,221.97957312427133,223.69308309806087,221.6545934676561,222.98403930664062,16194800
2025-02-20,222.57045928337354,222.74772776550145,219.61611481154122,220.8470916748047,18507700
2025-02-21,222.56061785063915,222.91513978987123,214.1505904957629,214.48541259765625,45036900
2025-02-24,215.46032334525012,215.46032334525012,211.87571952635201,212.9392852783203,30246200
2025-02-25,213.07715667568166,213.96346899307983,210.24099632909562,212.13177490234375,33665100
2025-02-26,212.77186578154016,215.08610807022401,211.57043127761554,212.39764404296875,25464200
2025-02-27,212.3582543003894,213.1953244766005,208.990303813822,209.15771484375,29378500
2025-02-28,208.41912951216,211.39317347079034,207.7494853902091,211.38331604003906,32015400
2025-03-03,212.1219249870185,212.67341523867438,204.26337297644022,205.60267639160156,36330000
2025-03-04,202.79603140465215,206.57760349250503,200.09773992025634,203.27857971191406,56427100
2025-03-05,203.30811591545228,205.6617428475482,201.70293246027876,205.29737854003906,35778500
2025-03-06,202.64830498159378,204.95268973399752,200.79691123526723,202.15591430664062,39206300
2025-03-07,201.8506380719097,203.9580695970182,198.659941032066,202.8157196044922,43514000
2025-03-10,200.34391820753646,201.62413695481024,195.7252913188307,197.7145538330078,39442800
2025-03-11,198.05923431188538,200.12728130378312,195.50865404136422,197.6948699951172,51509700
2025-03-12,199.95987155665517,200.64921554954782,196.51313656562002,198.03955078125,36881700
2025-03-13,198.20697587554417,198.95540440281772,194.0019546808587,195.08522033691406,31336900
2025-03-14,197.19264230566256,199.97957560313787,196.30632998764918,199.80230712890625,34089400
2025-03-17,199.62505740166202,202.88468164688405,199.51673083943837,202.32334899902344,26947600
2025-03-18,201.19818690484962,201.2672684660002,199.71769992265146,200.56651306152344,22888000
2025-03-19,200.70467630280143,204.9783351535401,200.26051819297308,203.6853790283203,31595600
2025-03-20,201.66206164267825,204.60329138308393,201.5436124503799,202.39242553710938,25665900
2025-03-21,200.08287369385994,201.76075585954115,199.13535543754924,201.13894653320312,39470200
2025-03-24,204.2677127883947,206.5081720502588,204.00122093784628,206.1429901123047,25774700
2025-03-25,205.97521947271994,206.54767624136466,204.3960273481626,204.9980926513672,17836900
2025-03-26,205.25470684575777,206.10351992262864,202.01736169235232,202.91552734375,19344600
2025-03-27,202.6589228957823,203.66565822604403,201.10933934526707,201.9482879638672,23960000
2025-03-28,201.8791825437127,201.9186706272597,196.78631916740414,197.84239196777344,26656200
2025-03-31,194.91103533350986,198.02993141799834,192.94693230901544,196.8948974609375,32250800
2025-04-01,196.40138722818904,198.6122379104559,194.10169589078123,196.91461181640625,26054100
2025-04-02,194.22013773101884,200.68493345590244,193.98325440838602,200.02365112304688,36603000
2025-04-03,190.59790386772028,192.5225340251886,186.7387640005061,187.1829071044922,60551500
2025-04-04,180.23447254338618,181.6557423512859,174.37174211594544,178.83294677734375,92612800
2025-04-07,172.05233404933594,187.77509854050174,169.49601508593216,177.21429443359375,96706200
2025-04-08,183.27442870468877,183.50143250142006,170.09808797736292,172.54583740234375,61090600
2025-04-09,170.47313065644326,189.61089047591042,169.5058834440602,187.21249389648438,123015100
2025-04-10,182.11964997719184,183.06715324909598,174.67772668849207,179.34620666503906,67503000
2025-04-11,178.78360252439856,182.4453468543634,176.2569072195447,181.9617156982422,44954400
2025-04-14,185.3668481240794,185.52477035888626,180.66877459077438,184.10350036621094,35214600
2025-04-15,183.91595557276162,186.59070862731093,183.42245992183527,184.3304901123047,30715500
2025-04-16,183.2842964885103,184.3008964063879,180.18514415375572,182.5637969970703,35063300
2025-04-17,182.58351561014615,184.99176159434558,182.0604114557615,184.0541229248047,42359200
2025-04-21,182.593387852705,182.8796086990268,178.41841893111678,180.36279296875,26019000
2025-04-22,182.7414381514404,185.65307461402972,182.1492523914758,185.03126525878906,34477100
2025-04-23,190.4103657543358,192.9666696869549,187.37043064785937,187.7751007080078,44866100
2025-04-24,188.27844827463966,191.8414873434164,187.4197706934516,191.5355224609375,29820100
2025-04-25,190.21297520671374,191.73293526741458,189.05819712819644,191.59475708007812,25029000
2025-04-28,191.96980467748335,193.59833427145324,190.02543064379293,192.40408325195312,22482300
2025-04-29,191.9401872898408,194.29909574663205,190.4991734555988,193.5391082763672,20118200
2025-04-30,190.6274928333569,192.93704878521032,188.23897577285575,192.3251190185547,29046100
2025-05-01,193.16407644589478,195.09857098513177,191.2197023549432,193.51939392089844,33169700
2025-05-02,195.74999912659587,198.59253907562172,195.6019413857465,197.8720245361328,30201800
2025-05-05,195.98688405153533,197.89177017137644,195.50325285734112,196.35206604003906,20834200
2025-05-06,194.03259986275359,196.00658229804756,193.09496121804708,194.21026611328125,24642100
2025-05-07,195.52296850776065,195.97697603938124,193.48975392518133,194.851806640625,23623300
2025-05-08,197.17126563366946,200.10263113947832,195.68089906091103,198.5629119873047,32646300
2025-05-09,198.91822283113356,199.648601825324,197.35878980780342,198.19772338867188,17203000
2025-05-12,206.12326106911425,207.00168273048533,203.142558163509,205.16587829589844,38207200
2025-05-13,206.21208570888018,206.8832476262787,205.25471800042948,205.91600036621094,28295800
2025-05-14,205.33367632626448,205.82717200727004,203.84332479133315,204.09007263183594,26316100
2025-05-15,203.89266110919436,205.48171767770225,202.71813907243308,205.42250061035156,21563700
2025-05-16,205.70872704150986,207.3964888082906,205.0770532054646,207.12013244628906,28906400
2025-05-19,204.1098174575323,206.37002105866358,203.57683368624132,206.2515869140625,25859600
2025-05-20,205.94560341047458,207.0312847786684,205.25471252884364,206.36013793945312,22053100
2025-05-21,203.9420215737002,204.90926885185448,200.2013160315824,200.56651306152344,36704400
2025-05-22,199.6584596856768,201.71140335820118,198.9083517335261,200.55662536621094,31831300
2025-05-23,197.1811376887275,200.61586349161487,197.05282398938476,199.9249725341797,29114600
2025-05-27,202.96489295669687,205.0474452290644,201.5041500306713,204.9980926513672,31655900
2025-05-28,205.00797129587107,205.32380068320958,202.530613473181,202.83657836914062,26046700
2025-05-29,204.25783368513785,204.36640332372585,201.8100996318621,203.43862915039062,32749500
2025-05-30,202.47139479210838,203.5669557381289,200.89220268711395,202.40231323242188,37768900
2025-06-02,202.6490553293206,203.16227994768832,200.03351942062463,203.0339813232422,30334300
2025-06-03,203.77423119636907,206.88324777902835,202.876065495497,206.310791015625,37702200
2025-06-04,206.45883377512382,207.27803836481118,205.43236944532657,205.7284698486328,27225300
2025-06-05,205.9850932420488,207.10039829501358,204.3072109468147,205.8173065185547,35728700
2025-06-06,208.74867261493023,209.37048199094932,207.8603864151541,209.14346313476562,32144500
2025-06-09,211.08781752208836,211.49248755615886,209.7849968805797,210.58445739746094,33984400
2025-06-10,211.67016016405165,212.62752786659567,211.02860678487826,211.71949768066406,30182200
2025-06-11,212.7755667359772,213.121004623103,210.52522798330193,210.85093688964844,31113400
2025-06-12,209.40995858359292,210.4956551220615,208.87698986671313,210.01202392578125,25367000
2025-06-13,207.11026145193125,208.6894536374392,205.5113402828168,206.17262268066406,60580000
2025-06-16,208.31633567764698,209.77122580475884,207.4849742055642,208.60336303710938,28974000
2025-06-17,206.910940923648,208.2866516524059,206.22803144283753,206.40618896484375,32843200
2025-06-18,206.29731983595906,209.2169919565622,205.6441007562224,207.494873046875,42850500
2025-06-20,208.9398805001038,209.07844075617248,206.3171274023981,207.05941772460938,36978100
2025-06-23,206.33690529066698,209.60298563939907,204.68407403067602,209.5930938720703,35516400
2025-06-24,211.097441984889,212.72058271773682,210.1770093293413,212.26531982421875,31772500
2025-06-25,212.453381131525,212.52265370535912,209.71185144088253,209.79103088378906,27725600
2025-06-26,210.64218314608866,213.33422369657336,210.51351466843192,213.19566345214844,26261200
2025-06-27,213.8290862070605,215.17510649701558,211.9288249333476,213.2649383544922,47717300
2025-06-30,214.45259733006623,214.48230283422654,213.17586472853125,213.57174682617188,25558000
2025-07-01,212.41379967051873,218.26305119645357,211.94862984752615,215.76895141601562,43864800
2025-07-02,216.1252290259459,218.82717646770357,215.12561690438258,218.7578887939453,35735200
2025-07-03,219.727811425141,221.03424954771305,219.49028820426184,220.7868194580078,23515700
2025-07-07,219.2923340111834,220.52948438556993,216.16481424027035,217.4712371826172,41551200
2025-07-08,218.31253609123118,220.00494958363095,218.06510598165755,218.97564697265625,36339300
2025-07-09,220.28208263601366,221.39056468138125,218.8469759356432,221.35096740722656,32425200
2025-07-10,221.09364159958767,223.72630151243447,220.56909099088432,222.48915100097656,33865900
2025-07-11,220.8759107758972,221.24210250938262,219.29236711876752,219.4210205078125,31579600
2025-07-14,219.0944077371661,221.04415820114818,218.78759681880246,220.8957061767578,24632200
2025-07-15,221.7666495958113,221.92499337685643,216.5409121710301,216.57061767578125,44215400
2025-07-16,217.95622177973868,219.0943941680691,214.68024976097442,218.7480010986328,48199800
2025-07-17,218.8073922124286,221.8953150894557,218.44120048973718,221.61819458007812,43548000
2025-07-18,222.97408889769258,223.0433765704656,219.69811698648718,220.04452514648438,49009900
2025-07-21,221.24208869712123,222.10315570325128,218.97563565541472,219.15377807617188,28191400
2025-07-22,219.34182112096312,221.50931112340353,218.3916980334409,220.97486877441406,30873300
2025-07-23,222.5089574700563,224.37952850514768,221.7666671370528,224.34982299804688,37478100
2025-07-24,223.2017493015843,223.52835884649696,221.1827112242941,221.2519989013672,29446700
2025-07-25,222.1130532409988,222.29121076831916,220.2523740322096,222.07347106933594,24555500
2025-07-28,223.00382349584984,223.12258511960187,221.13323731013998,221.81614685058594,24934900
2025-07-29,223.29083027682714,223.37000972468644,219.77731967548945,220.40084838867188,28685900
2025-07-30,221.3608589789108,222.61779296065612,217.8572404531755,219.28244018554688,48924400
2025-07-31,218.19375840614265,219.73771975989402,216.6299984165412,217.13475036621094,42913900
2025-08-01,213.997348171026,214.3338494858243,210.1572281491739,212.71070861816406,63854100
2025-08-04,214.32393387910588,217.48114405084957,213.85876413018187,217.4712371826172,34989600
2025-08-05,218.29273031562641,218.98553157939048,215.99658682687482,218.5797576904297,31337100
2025-08-06,218.6787149535204,218.71831222580607,217.12486180983464,218.292724609375,23142100
2025-08-07,220.4700901264695,220.5492695632528,216.26377882218034,217.58010864257812,37088000
2025-08-08,218.79749660060475,219.29235680178914,217.48116665322203,218.05520629882812,28318100
2025-08-11,218.50056696452475,219.4012010099508,217.55042877903622,218.00570678710938,25212800
2025-08-12,219.5694803017847,224.64673576588777,218.87666392912683,224.47848510742188,43815500
2025-08-13,225.913560778938,229.08067796821337,225.48798827901535,228.8431396484375,41705800
2025-08-14,226.09172462372354,226.448024562395,223.84505514649155,225.89378356933594,55945500
2025-08-15,226.28966888221478,226.42822913244146,223.7163898329369,224.79519653320312,33571400
2025-08-18,224.87437840224996,226.11152890045315,224.60714966609632,225.61666870117188,20144100
2025-08-19,225.67605032504468,226.62617345401785,223.36999997582078,223.88465881347656,25000700
2025-08-20,223.60750869254937,224.05289492615094,221.39054480089374,223.09286499023438,29229700
2025-08-21,222.10316380022041,223.99353343304318,221.47963510096986,223.64712524414062,24539400
2025-08-22,225.03271045077722,232.9999622640186,224.8446611685495,232.41603088378906,58205500
2025-08-25,231.73312129648113,231.8914801763655,229.97142028808594,229.97142028808594,28453700
2025-08-26,230.43661248007194,232.45563553827577,230.19907413713338,231.8717041015625,25121500
2025-08-27,231.33725132295444,233.6927756014667,231.1590937982639,233.51463317871094,25395400
2025-08-28,234.52416186721118,234.5340536349043,232.9307113563647,233.79176330566406,25011200
2025-08-29,234.30640115782475,234.5835216477435,231.96075365838763,232.75253295898438,29254800
2025-09-02,229.60523576678597,231.9904503986115,229.09057694204773,231.49559020996094,33108600
2025-09-03,230.87206225046765,232.8415960132905,230.07039121113436,231.2679443359375,33252400
2025-09-04,231.82220299831602,234.23712316911275,231.17889078482077,234.15794372558594,30323800
2025-09-05,235.27633188305632,237.21617538677896,232.53480217929388,235.32582092285156,47542500
2025-09-08,236.05819465639996,236.10768369416405,233.95999235222223,235.80087280273438,31487700
2025-09-09,235.45447754344949,235.51387345318176,232.99997517556892,234.415283203125,35395800
2025-09-10,234.8705468013701,235.82068503464575,233.039573114005,233.9995880126953,33910200
2025-09-11,234.41526892632334,238.45331462996344,233.81153891392768,238.3246612548828,43629800
2025-09-12,237.73084951660908,237.8496262401486,235.75140861288722,235.8899688720703,46097600
2025-09-15,236.77079543207392,237.5724665003822,236.09779284206394,236.8895721435547,33014000
2025-09-16,236.66823961934853,237.14464870014268,234.99086529400168,236.49951171875,37059300
2025-09-17,237.03548088501972,242.45467383574072,235.24892793349636,237.10494995117188,79955600
2025-09-18,239.00069247893876,243.31817923554493,238.3357006836391,243.010498046875,49167700
2025-09-19,243.73502583682014,243.73502583682014,240.69787846189215,241.16436767578125,56092000
2025-09-22,240.42992941166338,242.9608630772894,239.30836819944193,242.56385803222656,53572900
2025-09-23,243.17921522887335,245.3329985993615,241.62095455809856,242.01795959472656,41854500
2025-09-24,242.07750994013557,242.78221129985226,239.75499866124633,239.79470825195312,36002200
2025-09-25,237.19427195280005,238.19673464970197,235.7749645727109,237.501953125,37209500
2025-09-26,237.8294874622546,239.87409214265386,237.54166108710285,239.53663635253906,28942800
2025-09-29,241.0254297168939,241.11475357762586,239.0105996416043,239.81454467773438,26391500
2025-09-30,239.3083686620756,240.32075121714615,237.61113952989174,240.1520233154297,33447700
2025-10-01,238.77238824650152,241.22391765210494,238.7525334526153,240.67803955078125,28520000
2025-10-02,241.18424221466918,242.26609382277996,239.66567597526966,242.19662475585938,28687400
2025-10-03,243.51667871023943,246.23619493186112,243.19906257484865,243.9930877685547,34579600
2025-10-06,245.878882944208,246.62327871940096,244.23129847180667,244.96575927734375,31507400
2025-10-07,245.51165695806787,245.78956350755766,241.3728181909118,242.3355712890625,31766600
2025-10-08,243.4472071907466,245.11466169892054,241.97827034992486,244.87644958496094,25825000
2025-10-09,244.46950002379532,245.40247850274264,242.18668324132722,243.29832458496094,26243100
2025-10-10,243.9136801634774,245.0451611258915,235.78487594768384,236.01315307617188,70569400
2025-10-13,240.02297122038243,242.80205175968854,239.59617644172624,242.5836944580078,36298600
2025-10-14,239.42746441862445,247.73493196814556,238.56397012415846,246.04762268066406,45320800
2025-10-15,248.48924727707015,250.8812427814342,245.21390268390743,248.45947265625,45369000
2025-10-16,249.09469403582884,249.3825204235658,242.17677431213409,243.22885131835938,52740400
2025-10-17,241.50186265947693,243.3281101093839,239.665680239282,241.5911865234375,55379500
2025-10-20,244.77716300785232,246.47439194480813,244.30075397870175,246.3056640625,32545000
2025-10-21,245.58113919505018,246.51411772328044,243.6754876914354,245.14443969726562,26337900
2025-10-22,244.1916000570787,245.01539990336232,238.9709095669408,241.52169799804688,46578400
2025-10-23,242.46460059338352,245.27345598043786,241.85915805207824,244.5786895751953,28591000
2025-10-24,247.9334229162411,249.23363178231855,247.10962310644888,247.56617736816406,26627000
2025-10-27,249.8986242623293,250.32541905060478,247.63566230733494,248.4296875,31798100
2025-10-28,247.6852886314204,249.0251919291035,246.25604633140856,247.09970092773438,28075900
2025-10-29,246.98058453706,249.2634012326077,242.86160071828846,244.9955291748047,56235300
2025-10-30,243.4372760812936,246.28582576745342,242.80205895161703,243.02041625976562,44538700
2025-10-31,243.15936628899047,244.9459040303369,241.86907725208525,244.3900909423828,37214700
2025-11-03,244.33055909729927,244.4198829617713,240.67806417657164,243.60601806640625,28887900
2025-11-04,239.98327755598584,242.23631978477073,239.1991872986648,239.39768981933594,34468700
2025-11-05,240.15202300160502,243.89384174521987,239.83440684953842,242.8516845703125,38229200
2025-11-06,242.43481855599123,242.96085704278133,238.2066558664789,238.55404663085938,40601200
2025-11-07,236.62854074437138,239.8542558805078,234.50453199898317,239.80462646484375,54978900
2025-11-10,243.1792005924966,243.40749286235013,240.43982965718843,242.20652770996094,31238000
2025-11-11,241.55148380894715,242.9112571819607,240.70784427290303,242.4149932861328,27357900
2025-11-12,243.01047293311228,244.53897403758882,241.51176159215063,241.81944274902344,34543200
2025-11-13,240.0328978493058,240.86661749129996,234.07773158688312,235.0206298828125,65710000
2025-11-14,231.5964107656507,236.94613448324262,231.52694170166683,235.70547485351562,58344400
2025-11-17,234.69311671716093,236.06279470372763,230.02822421036316,231.020751953125,55765900
2025-11-18,229.58158509282447,233.32341884758492,229.23420947677505,231.72544860839844,63092500
2025-11-19,232.05299080492708,234.60377924523291,230.69321749000216,231.6857452392578,57280500
2025-11-20,235.46728068634576,237.3133828430372,227.18958802873308,227.3980255126953,95483000
2025-11-21,228.2416827988891,235.33824999009613,227.86451741624566,233.83953857421875,99504100
2025-11-24,234.19684490513868,238.593735387003,233.72042070053112,238.10739135742188,36135300
2025-11-25,238.94112850469702,243.71518440953443,238.2463469856368,243.29832458496094,46160800
2025-11-26,243.21891534139,246.9706688269763,242.94100879762587,245.4521026611328,34636600
2025-11-28,246.15680513094887,246.9508303705659,245.2238417550285,246.8912811279297,18911800
2025-12-01,243.73505369567113,245.8392077385549,243.50676140251147,243.78466796875,36920000
2025-12-02,245.52158598684827,245.52158598684827,243.28839853738128,243.33802795410156,31918500
2025-12-03,244.13203920274435,247.97311654947296,243.64569517837955,247.7646942138672,32846300
2025-12-04,247.10961407026494,250.77204357881416,246.6828192988554,249.93832397460938,40245800
2025-12-05,249.61080036522182,250.77205597378403,248.40983516700882,248.89617919921875,36956600
2025-12-08,250.81174989434447,250.8812341037025,248.3105758185624,248.99542236328125,29100000
2025-12-09,248.3800546825375,251.05987641938896,248.2311815867899,249.51153564453125,30170100
2025-12-10,249.02518848401914,254.65283374865402,248.6678779139593,252.90597534179688,51105200
2025-12-11,252.73726578616234,256.0820946038533,252.41966478127773,255.87364196777344,41345200
2025-12-12,256.02252502943406,256.27065694735774,251.54621553743846,251.95315551757812,57657700
2025-12-15,253.64046124629056,253.7794145209553,249.85893306562667,250.04750061035156,43120100
2025-12-16,249.30260476099497,251.11507010112945,247.44035877383777,248.8644256591797,43115300
2025-12-17,249.33247319026097,251.1150640207963,245.67768332760764,246.2154541015625,38132400
2025-12-18,249.1432614919246,250.3183795429759,247.18143903603925,247.6793670654297,39068000
2025-12-19,248.24699525479826,250.35820522099613,248.02790570786556,249.750732421875,43610400
2025-12-22,251.2345741025572,254.06280176172635,251.15490379159434,252.52919006347656,40497300
2025-12-23,251.3739878080867,252.17067570459957,250.41797448871745,251.035400390625,24973500
2025-12-24,250.92585705278793,251.81216835390342,250.07937330872534,251.6627960205078,12103000
2025-12-26,251.53334005411384,251.70263377067062,249.36236581564773,250.37814331054688,17429900
2025-12-29,249.22294318488622,250.45781022458533,248.3167256786223,248.8445281982422,25218800
2025-12-30,248.93414523097934,249.11339203129393,246.92251169706574,247.00218200683594,22123600
2025-12-31,247.1515567121519,247.2511483992098,244.99055082390532,245.1399383544922,35352000
2026-01-02,246.60384082390974,248.05778216095706,244.84117134421498,247.7490692138672,40007700
2026-01-05,248.7548893651502,252.49931803883422,248.53581500233082,251.68270874023438,37428100
2026-01-06,251.19474554482858,255.18812299425983,250.4777279445757,255.01881408691406,40677800
2026-01-07,255.33749620704148,255.73583256608075,252.91757319453964,254.4213104248047,33052000
2026-01-08,253.64453926277673,257.8570062052604,253.30595184421142,257.1997375488281,37957000
2026-01-09,258.5043110728011,260.47611707640004,257.02049522039874,259.1516418457031,36301500
2026-01-12,258.2055497205857,260.5756919297708,257.1698509419682,260.4163513183594,28423400
2026-01-13,261.3226033276642,261.8006251973436,259.3806717726527,260.2669982910156,33882400
2026-01-14,260.0479041321928,262.3682354363099,259.11179698174664,262.099365234375,37164300
2026-01-15,262.96575603814006,265.94335601465525,262.63713690135086,264.4097595214844,33465200
2026-01-16,264.76825150504897,266.11266329319164,263.61305480366576,264.6587219238281,33844900
2026-01-20,260.05787749479043,263.9815225833427,259.9781919874733,261.49188232421875,47911500
2026-01-21,263.5433573991926,267.4769705282831,261.83048379224016,266.6802978515625,59952800
2026-01-22,268.7118399505624,270.47452471007574,268.30356569091924,268.6720275878906,35110800
2026-01-23,267.9251286495007,267.935066544356,263.36409077766166,263.712646484375,42636700
2026-01-26,263.9715879177616,265.5848699628326,262.39811823571983,262.8861083984375,32119300
2026-01-27,262.9557903619885,263.76243136959306,261.5715661899831,263.63299560546875,26975500
2026-01-28,264.8778102049026,265.57489122387966,261.4719690507107,262.2088928222656,37139100
2026-01-29,262.97573693942996,263.96162478820776,258.33504370205276,262.27862548828125,43922900
2026-01-30,259.9881647079238,261.89025354526973,256.871130187759,258.57403564453125,59164200
2026-02-02,257.40888716337287,262.67694387669945,257.27942101207213,261.0935363769531,42896200
2026-02-03,261.96990905519124,263.9616212994434,257.4785882192453,261.6910705566406,54588000
2026-02-04,263.06536061136035,263.5533203929887,256.0744614753521,259.4404296875,48826500
2026-02-05,257.42880089704954,260.5358670549692,253.99310040387945,254.76986694335938,48279600
2026-02-06,258.6636642404177,264.6188949021492,258.5043236109838,263.9217834472656,43354900
2026-02-09,263.74252343444306,266.56081319036696,262.2487392982776,265.7740783691406,29064800
2026-02-10,266.1226105703842,267.407242932401,264.77819888837473,265.0570373535156,24661700
2026-02-11,267.3574837695425,267.8454435249658,261.0138853845763,263.8520812988281,41829400
2026-02-12,265.9134924462444,266.35167157399957,257.319279587283,258.4645080566406,47628200
2026-02-13,259.5201248293937,264.0711948350536,257.4387890742176,261.8703308105469,45360300
2026-02-17,261.29274349607505,263.2645192378256,257.9864937589442,261.95001220703125,33734800
2026-02-18,261.940043727817,265.8039704790802,260.76494075657,262.89605712890625,36034700
2026-02-19,261.48192301229966,263.5433522718796,259.9980768734379,263.5035095214844,31006000
2026-02-20,261.7608025615689,266.2222187903299,261.0537531844427,263.51348876953125,47126600
2026-02-23,262.3084670985484,263.2744486444188,257.0304423991211,259.4105224609375,44001100
2026-02-24,259.32091849561954,263.04544092005057,258.78314770012446,262.23876953125,34884200
2026-02-25,264.15081847161343,264.1806929376056,261.3424971038912,263.48358154296875,26012100
2026-02-26,263.9118368124776,265.1367203745678,261.0337980736441,264.88775634765625,41206500
2026-02-27,261.0138948623686,261.67116354782814,258.69353308612426,260.3267517089844,40631500
2026-03-02,256.7416602393996,263.1848504604334,256.7217540580829,262.716796875,53495700
2026-03-03,255.73581927689628,260.0379246696424,252.26029141754216,258.16571044921875,59537000
2026-03-04,260.1176160043469,261.87030201056433,257.7474737100763,260.67529296875,37979700
2026-03-05,257.9167539913505,259.67943868657045,253.10678254259597,255.69601440429688,60414600
2026-03-06,250.44786154819343,252.2503586974075,248.90428152025285,249.850341796875,64192000
2026-03-09,246.5640045239366,253.59474605519165,243.3772680899403,252.5690155029297,65369500
2026-03-10,251.9117527700634,256.5823048742884,251.35406061851242,252.31008911132812,55879100
2026-03-11,251.29433447889198,253.3258895120503,249.54163314457944,251.80223083496094,50418100
2026-03-12,247.908424268805,248.7748142282663,245.5582032241845,246.384765625,61802900
2026-03-13,248.2270796472705,249.57149142600255,244.52249383466796,245.56814575195312,53933300
2026-03-16,248.72501952374324,250.42794017815856,247.2810311861673,247.8885040283203,48755700
2026-03-17,249.27719097589141,251.11283723653293,248.36936147481853,249.45677185058594,40642800
2026-03-18,247.8206696280403,248.6387163240215,245.29667308039598,245.43634033203125,43192600
2026-03-19,242.45341824329515,249.4966661940341,241.9446336813532,247.04251098632812,59219500
2026-03-20,246.38408626057796,246.9128276636263,239.7598396949907,241.64535522460938,76749900
2026-03-23,246.58359580607743,250.76365761006707,245.5261130554199,246.86293029785156,78746600
2026-03-24,244.92754236044698,249.5665197537807,244.0197128293134,248.18978881835938,45210800
2026-03-25,251.1427679243884,252.46961440848705,248.92803351906144,251.2225799560547,45671700
2026-03-26,248.2995232285758,251.26247830470308,246.57363180911813,246.85296630859375,46830200
2026-03-27,245.42635432838185,246.15463341864134,241.83490419072396,242.5232696533203,48114400
2026-03-30,244.7679219585388,244.78786354898818,238.12371891774902,239.04153442382812,51290500
2026-03-31,242.46339692754933,248.32945188649109,241.66530705287005,247.41163635253906,58660800
2026-04-01,249.32707254808628,251.84109820695582,248.51899667766813,248.96792602539062,51295900
2026-04-02,244.35889141066053,251.771256705617,244.28905017621042,250.69381713867188,30369200
2026-04-06,250.3945466187304,252.44965695551957,249.6562967446284,251.76129150390625,22151400
2026-04-07,250.6140185430932,252.87862207623573,248.92802558155137,252.3099822998047,34881900
2026-04-08,260.89954753718933,261.64776820433946,257.7969404510919,259.85205078125,46680200
2026-04-09,258.16605271685324,262.276273296629,258.16605271685324,261.3385009765625,26758400
2026-04-10,261.7774500505577,262.12662576477896,259.72233983507584,260.6800537109375,22365900
2026-04-13,259.62257366538563,264.73042164939943,259.40309439520496,264.4411315917969,23820000
2026-04-14,266.45635115975784,268.78084050946086,265.648275242013,268.0824890136719,24270400
2026-04-15,268.1423468558891,268.9504227815357,266.9551675685459,268.75091552734375,21670600
2026-04-16,268.8107565356257,269.70861524496405,267.41405360423624,269.3095703125,30847900
2026-04-17,273.09056363678235,276.9713495314102,272.47203940924874,275.125732421875,46462700
2026-04-20,273.99840994581405,277.01126473538915,273.87869950692345,276.6920166015625,22993900
2026-04-21,277.5200409236246,279.12623720536925,273.1105439417984,273.8587646484375,32235200
2026-04-22,276.9314180894915,277.35043504144795,274.24779763994167,275.8240661621094,20274300
2026-04-23,276.07348426995344,277.2107638512214,271.30482577460936,274.8663330078125,32886600
2026-04-24,276.0136243794261,277.4701520604947,273.57941075069436,275.99365234375,21568600
2026-04-27,276.1632653053457,277.5798793750334,275.5946102958115,276.4825134277344,23399400
2026-04-28,275.39506945151976,276.3129001815731,272.2725208341959,273.2601623535156,24139400
2026-04-29,273.27014016474544,273.7290402934027,269.71855822959566,271.4344787597656,29428900
2026-04-30,272.4820329150789,277.5599537765156,271.7936674312815,277.310546875,29220700
2026-05-01,277.99890740711186,279.14617304461314,275.91386940100114,278.617431640625,28936700
2026-05-04,278.03882610431344,280.12386414843724,275.4449882384273,277.22076416015625,28632300
2026-05-05,279.4654207088753,282.27873780996407,279.33572425138726,281.8896484375,24863200
2026-05-06,284.6829817699608,286.36897475746855,282.68772667896246,286.11956787109375,23330300
2026-05-07,286.8478487872096,286.8977179867352,280.48298013469935,281.5903625488281,28350400
2026-05-08,283.3661531496334,284.29393951446093,281.9395225376543,283.495849609375,22474300
2026-05-11,284.2440451646209,286.3689661990807,283.9148110351468,284.6530456542969,20150400
2026-05-12,283.36614142045306,283.38608301144234,277.61979691711826,281.8996276855469,27404600
2026-05-13,282.24879653301366,282.8872623260369,279.265869490763,281.9993896484375,20742300
2026-05-14,283.1666083473194,284.982297847797,281.2910636277208,283.7751770019531,17428700
2026-05-15,279.6349822928174,279.6649099006762,276.5822445105188,276.94140625,35408000
2026-05-18,278.07869446196264,278.4178841766605,273.2900943842351,275.3152770996094,27243300
2026-05-19,273.1604013320659,274.4273773802567,269.9879529799434,272.3523254394531,30276900
2026-05-20,274.25779992920155,279.4255034539349,272.76135856870656,279.2060241699219,31562000
2026-05-21,277.99889362333676,283.0069729079917,276.4924662972495,281.8197937011719,31680500
2026-05-22,283.426003818627,285.9300283615987,282.99703126266184,284.4435729980469,23849300
2026-05-26,287.70583516264253,289.8606839643037,287.05735287329577,289.82080078125,24506500
2026-05-27,290.4692561561424,291.0279251774643,288.6236390040142,289.6811218261719,24519900
2026-05-28,288.9528745725601,292.0454957966981,287.2968090922787,291.3371887207031,23710600
2026-05-29,290.6887251630068,290.7186527721911,287.64594281844177,289.740966796875,26952800
2026-06-01,287.68586492882105,289.92054100094987,285.59084088861124,288.29443359375,23826100
2026-06-02,287.7756278321383,291.17754135166444,287.71577261614937,290.9680480957031,18378800
2026-06-03,289.30199098825983,289.32196302331045,286.099615215707,286.9875183105469,29167300
2026-06-04,286.87777545503303,292.1851613207092,285.97991675028067,291.3172302246094,24307800
2026-06-05,288.4141181044229,288.7133941781847,279.4853397466996,280.9817810058594,35812800
2026-06-08,284.83264650495266,286.1594777271065,282.90720222917486,283.4359436035156,27277400
2026-06-09,286.49865958181994,290.17990751091946,276.961343069542,284.3437805175781,41761300
2026-06-10,283.9148112740411,288.31435227533143,281.0915387981565,281.3808288574219,39285000
2026-06-11,283.7651708592053,290.36946009205604,283.3960535524108,289.72100830078125,41468800
2026-06-12,290.93812920126356,295.0184222543192,289.6212535197146,292.2550048828125,34415200
2026-06-15,296.55999755859375,297.9100036621094,293.9200134277344,294.6400146484375,23889000
2026-06-16,295.5,296.79998779296875,291.5799865722656,292.0799865722656,23807700
2026-06-17,292.4700012207031,295.82000732421875,288.92999267578125,289.8800048828125,39920100
2026-06-18,294.54998779296875,295.9700012207031,291.4200134277344,295.5899963378906,32463200
2026-06-22,297.1300048828125,299.489990234375,296.1600036621094,298.17999267578125,22796200
2026-06-23,293.260009765625,297.75,292.3999938964844,295.32000732421875,26821700
2026-06-24,295.8800048828125,299.69000244140625,294.69000244140625,296.69000244140625,28664900
2026-06-25,299.5199890136719,301.5,296.7300109863281,298.9100036621094,27599900
2026-06-26,296.6000061035156,300.0299987792969,295.7300109863281,299.8299865722656,39832500
2026-06-29,298.1099853515625,299.1600036621094,294.67999267578125,298.9700012207031,24834100
2026-06-30,298.55999755859375,300.9800109863281,297.44000244140625,300.45001220703125,23230300
2026-07-01,299.92999267578125,302.7200012207031,298.9200134277344,299.32000732421875,20607900
2026-07-02,300.5400085449219,302.2300109863281,294.9800109863281,297.5799865722656,21178900
2026-07-06,297.75,300.4100036621094,297.6199951171875,298.8999938964844,18581300
2026-07-07,299.1700134277344,299.9700012207031,295.17999267578125,296.19000244140625,18057100
2026-07-08,294.0299987792969,295.1000061035156,290.67999267578125,293.4800109863281,24078400
2026-07-09,295.2699890136719,297.8800048828125,294.8999938964844,297.239990234375,16466800
2026-07-10,297.69000244140625,298.2099914550781,293.6199951171875,295.989990234375,15888500
2026-07-13,295.05999755859375,295.7799987792969,292.6000061035156,293.4800109863281,19375500
2026-07-14,295.489990234375,296.07000732421875,293.75,294.510009765625,18326900
2026-07-15,295.25,297.1400146484375,294.1499938964844,295.7699890136719,18832700
2026-07-16,294.6499938964844,297.80999755859375,294.3500061035156,295.5899963378906,24081300
2026-07-17,292.0299987792969,296.1300048828125,291.6400146484375,294.0400085449219,28738500
2026-07-20,295.010009765625,295.989990234375,292.17999267578125,292.30999755859375,20539900
2026-07-21,293.42999267578125,296.75,292.67999267578125,296.5400085449219,18190200
2026-07-22,295.70001220703125,296.44000244140625,293.4100036621094,293.7900085449219,19116000
2026-07-23,290.8699951171875,293.010009765625,290.1700134277344,292.0899963378906,27795100
2026-07-24,293.4100036621094,293.9700012207031,290.4800109863281,291.1700134277344,19771000
2026-07-27,293.9800109863281,295.5199890136719,291.1099853515625,292.9100036621094,19445500
2026-07-28,293.1600036621094,293.7699890136719,290.3800048828125,293.3699951171875,20531100
2026-07-29,292.489990234375,293.6700134277344,288.260009765625,288.57000732421875,33297400
2026-07-30,291.1499938964844,292.8399963378906,288.9599914550781,292.5899963378906,22198800
2026-07-31,293.55999755859375,293.95001220703125,287.8299865722656,291.20001220703125,28350700
2026-08-03,292.8999938964844,296.6600036621094,292.3999938964844,296.2200012207031,23175700
2026-08-04,297.5899963378906,302.3900146484375,297.2200012207031,301.7099914550781,20751800
2026-08-05,302.42999267578125,303.05999755859375,299.75,299.7699890136719,17791000
2026-08-06,299.6000061035156,301.3800048828125,297.95001220703125,298.25,16314100
2026-08-07,300.4599914550781,302.0299987792969,299.79998779296875,301.55999755859375,18416800
2026-08-10,300.510009765625,301.3900146484375,299.0799865722656,299.9800109863281,16226900
2026-08-11,300.92999267578125,301.989990234375,300.6000061035156,300.989990234375,14942800
2026-08-12,303.0199890136719,303.4100036621094,301.0,302.7099914550781,15480600
2026-08-13,304.0400085449219,305.04998779296875,302.7200012207031,303.5,14719300
2026-08-14,303.2799987792969,305.17999267578125,302.739990234375,305.0899963378906,13163400
2026-08-17,303.9599914550781,304.3299865722656,303.2300109863281,304.05999755859375,14546800
2026-08-18,302.45001220703125,303.1499938964844,300.1099853515625,300.2300109863281,18263700
2026-08-19,302.8800048828125,303.4100036621094,301.2300109863281,301.7200012207031,14995700
2026-08-20,299.2699890136719,300.0400085449219,297.0400085449219,297.6700134277344,21550816
