Date,Open,High,Low,Close,Volume
2015-01-02,95.31440500782371,95.71858622264641,94.10184734656333,94.56114959716797,31314600
2015-01-05,94.1477909763481,94.25802606013463,92.90767606943902,93.174072265625,36521300
2015-01-06,93.31183828321,93.46799935195509,91.51137446839601,91.92474365234375,66205500
2015-01-07,92.53099264235172,93.33017371159187,92.31052261572624,93.10971069335938,37577400
2015-01-08,93.89978138001638,95.0755943726533,93.7987342939243,94.89187622070312,40212600
2015-01-09,95.18581656608977,95.21337358430702,93.71604351612828,94.2672119140625,41410100
2015-01-12,94.4509033645087,94.5519504083639,93.045439765208,93.2842788696289,34129800
2015-01-13,94.19372508663363,95.18581982682416,92.50348882463524,93.25674438476562,56162300
2015-01-14,92.31975234090396,93.2199878354847,91.92475212517918,92.7423095703125,51354200
2015-01-15,93.17404756344071,93.32102062779329,91.42869774573182,91.53893280029297,51005400
2015-01-16,91.4195122719191,92.73311692281891,91.27253920349455,92.61370086669922,35362200
2015-01-20,93.17404994737757,93.58741914786593,92.12684143163764,93.34858703613281,30964100
2015-01-21,93.0730004470486,94.26718900786439,92.74230229200408,93.82625579833984,40128800
2015-01-22,94.19371250225456,95.66347839780553,93.36696699588319,95.56243133544922,40887200
2015-01-23,95.5532344087567,96.06765768048183,95.27765727128576,95.7737045288086,34783000
2015-01-26,95.6634521484375,95.8379892097788,95.1765929861641,95.6634521484375,19960900
2015-01-27,94.1569381985965,94.21205221241678,92.87089081176606,93.18321990966797,45253200
2015-01-28,94.68055194057251,94.78159898173602,92.68718214379264,92.70555114746094,43591700
2015-01-29,92.6320433009993,93.77111754443112,91.82367413555195,93.5965805053711,46539700
2015-01-30,93.51395334390259,94.23046382787952,92.74232181688328,92.87092590332031,42927600
2015-02-02,93.08219643984765,93.76196181314062,91.63079963578208,93.67929077148438,43624700
2015-02-03,94.01917185752978,94.64382321569917,93.40370850697363,94.57952117919922,30750400
2015-02-04,94.19369267800047,95.12148505146251,93.98241058979609,94.49683380126953,34073200
2015-02-05,94.73568201328462,95.37870938496079,94.49684988315002,95.31440734863281,23605500
2015-02-06,95.46137802296637,95.6910291481227,94.39580044660703,94.73567962646484,34169300
2015-02-09,94.3682388619614,94.88265511470772,94.20288977952211,94.43254089355469,22604700
2015-02-10,94.95614414460641,96.03090966484791,94.80916406915676,95.90230560302734,23686500
2015-02-11,96.01254178177692,96.4718440438582,95.82882368030293,96.25138092041016,20303600
2015-02-12,96.87601548503318,97.40880769871028,96.72904243100905,97.37206268310547,22520300
2015-02-13,97.64765093606553,98.22636918748914,97.46392585025178,98.20800018310547,29030200
2015-02-17,98.20801430013722,98.36417538922991,97.95998715073455,98.29987335205078,17675300
2015-02-18,98.18042985488543,98.4927589765009,98.05182580727758,98.4376449584961,15149600
2015-02-19,98.37334649765053,98.98881680122173,98.34578948568681,98.92451477050781,19828100
2015-02-20,98.86021623473518,99.64102863769226,98.54788706851477,99.5859146118164,28336700
2015-02-23,99.53081246323399,99.71453759834144,99.31034930950236,99.68697357177734,17868000
2015-02-24,99.5583429212139,99.8798600697782,99.25520879385205,99.76043701171875,19745000
2015-02-25,99.613475340497,99.99928755281131,99.29195815517218,99.5124282836914,19472300
2015-02-26,99.61347320876865,100.07277545409364,99.33788905821524,100.01765441894531,22255500
2015-02-27,99.9809253542698,100.0452344069386,99.42058297327266,99.57674407958984,27757600
2015-03-02,99.76962926067176,100.51369661790227,99.75125324708331,100.4769515991211,22988600
2015-03-03,100.17383299267661,100.27488005789512,99.3746444791475,100.00848388671875,20788900
2015-03-04,99.67779408023327,99.82476718214679,99.0806996467906,99.62267303466797,21007400
2015-03-05,99.87986585080198,100.10032895847878,99.38381860223227,99.79718780517578,15381000
2015-03-06,99.6685727485225,99.86147882251223,98.41927026215512,98.66729736328125,30990400
2015-03-09,98.86939409896611,99.20009226052893,98.46521290803047,98.95207214355469,26237100
2015-03-10,98.24474776624817,98.27231178810302,97.1148681640625,97.1148681640625,34234500
2015-03-11,97.26182666477209,97.38124971639363,96.51775937929348,96.55450439453125,25459700
2015-03-12,96.48104028232659,97.29859781790607,96.4167382404854,97.18836975097656,21473200
2015-03-13,97.09651398753815,97.48233328792395,96.15954027722447,96.76581573486328,42021100
2015-03-16,97.1240732027663,98.05185885775363,97.02302613010077,98.0151138305664,25674100
2015-03-17,97.74871501939907,98.32743337169705,97.51906387839877,98.17127227783203,19603800
2015-03-18,97.90485386249325,99.58590151458009,97.3996186637584,99.13578033447266,40622200
2015-03-19,99.23684285062325,99.55835302341582,99.08986977523071,99.28277587890625,31314000
2015-03-20,100.10036115992581,100.42261073012057,99.90701141780896,99.92542266845703,31761400
2015-03-23,99.87017224577625,100.14638312590156,99.69523377120436,99.73206329345703,17268500
2015-03-24,99.7228710826466,100.18322965217155,99.3545898466381,99.37300109863281,22445300
2015-03-25,99.52952392535995,99.62159423676627,97.06200164729238,97.09883117675781,41581400
2015-03-26,96.29779682041276,97.31979334961089,95.97554724465523,96.76736450195312,47846300
2015-03-27,96.74896483219041,97.38425492201212,96.60164670877307,97.1540756225586,33878400
2015-03-30,97.74332662669364,98.35099623457435,97.74332662669364,98.26813507080078,30570200
2015-03-31,97.99194209774322,98.1945010267929,97.20012466119384,97.22774505615234,30488100
2015-04-01,97.22770355853959,97.24612183032785,96.09522570149922,96.7213134765625,32970500
2015-04-02,96.8134175119392,97.09883760354455,96.47274961022174,96.78579711914062,19164200
2015-04-06,96.21494925747305,97.844615642148,96.06763113086191,97.5776138305664,24451100
2015-04-07,97.52236969716691,98.2405280301816,97.4118881225586,97.4118881225586,19379400
2015-04-08,97.44869571772823,98.3233811884365,97.4394936042626,98.18527221679688,25866900
2015-04-09,98.13925980758333,98.83900696645743,97.80780802129135,98.80217742919922,23114700
2015-04-10,98.76534324761354,99.21649978942456,98.54437305897112,99.20729064941406,17164300
2015-04-13,99.28092878648145,99.78731898803308,98.8481906159369,98.95867919921875,17783500
2015-04-14,98.8573806354163,99.1428006397194,98.11159513539528,98.67323303222656,23755700
2015-04-15,98.93104389943792,99.50189099745529,98.81135321214182,99.29012298583984,21128600
2015-04-16,99.02315396575632,99.32698535312574,98.88504495812516,99.15205383300781,16195300
2015-04-17,98.20369982305876,98.47070162921194,97.18170317014564,97.60523223876953,46514000
2015-04-20,98.0932025644905,99.2440989616365,98.05637303684011,99.06916046142578,28945900
2015-04-21,99.64000915293177,99.8149476558633,99.37300034169942,99.49269104003906,22759800
2015-04-22,99.75049209788958,100.20164855650106,99.10599290632223,100.03591918945312,21429200
2015-04-23,99.69524814587764,100.86456281633114,99.67683689435323,100.41340637207031,29473200
2015-04-24,101.47225413039976,101.91420153102426,101.30652473323003,101.77609252929688,32508100
2015-04-27,102.15355476378694,102.34691152751721,101.29728761896286,101.51826477050781,31121300
2015-04-28,101.591899943755,101.78525667540994,100.45942208413335,101.31568908691406,36849200
2015-04-29,100.75407898047125,101.3433374002123,100.12799103143206,100.680419921875,34043900
2015-04-30,100.10957329847822,100.51468404550396,98.57197040400425,99.0967788696289,44080500
2015-05-01,99.48348063754725,100.46864760576322,99.46506236271313,100.4041976928711,32874300
2015-05-04,100.72646653253628,101.19603428747263,100.51469847850144,100.5699462890625,23507300
2015-05-05,100.17401918591612,100.35815978856672,98.88501389382077,98.93104553222656,47843300
2015-05-06,99.10598486861923,99.39140491252027,97.5960094355399,98.24971771240234,42687200
2015-05-07,98.22208767908973,99.11518427335459,98.1484286348278,98.8389663696289,29335800
2015-05-08,99.86098586117672,100.28451492680857,99.71367476311615,100.07275390625,33023300
2015-05-11,100.13719158307931,100.33975046459227,99.6123831284839,99.68603515625,19679300
2015-05-12,99.09676196440606,99.74126803868134,98.33257224097706,99.23487091064453,33665000
2015-05-13,99.66766410403781,100.18326362892468,99.29016657723373,99.43748474121094,20738400
2015-05-14,100.24769795443436,100.97506547061074,99.87941665089011,100.89220428466797,23904200
2015-05-15,101.15000400695519,101.28811300804207,100.64360667780845,100.89220428466797,23937400
2015-05-18,100.72644448764953,101.53667294523069,100.65278543936576,101.33411407470703,17631100
2015-05-19,101.44464116370865,101.60116143235432,101.05794155016663,101.22367095947266,14212900
2015-05-20,101.29730331064364,101.8957708958859,100.75408353410276,101.28810119628906,21131900
2015-05-21,101.11318766333427,101.95104389459343,100.96587652760088,101.81293487548828,16771800
2015-05-22,101.69321349689032,102.07992006547919,101.62876357287799,101.71163177490234,13543800
2015-05-26,101.4906649135329,101.62876688054344,100.13720944070876,100.54232025146484,25488400
2015-05-27,100.84616993279742,102.27328463101715,100.62519973629465,102.16279602050781,30572700
2015-05-28,101.9694238280651,102.20881225267446,101.619553841724,101.9325942993164,17302400
2015-05-29,101.86814037683497,102.00624934808648,101.0855322390952,101.32492065429688,30383000
2015-06-01,101.86814728053419,101.94180634012882,100.83694151975311,101.66558837890625,24570200
2015-06-02,101.2880972306715,101.84052612445312,100.79090911891369,101.34333801269531,19449600
2015-06-03,101.80372180892886,102.02469201626688,101.39860390837894,101.64720153808594,20507200
2015-06-04,101.07631528091986,101.72082142205711,100.55150685037954,100.8737564086914,31374600
2015-06-05,100.75406721373368,100.99345561395687,100.01749076282248,100.6343765258789,22641700
2015-06-08,100.58835422560837,100.66201328758389,99.40983733205907,99.61239624023438,24549200
2015-06-09,99.37301909127684,99.80575734890488,98.70089236728776,99.4466781616211,27554600
2015-06-10,99.78730684239784,101.10393244540133,99.67682529707743,100.8093032836914,30297900
2015-06-11,101.14999191948894,101.41700074981176,100.7817036354397,100.9566421508789,17593500
2015-06-12,100.42263523530664,100.63440330426113,99.98989698208504,100.12800598144531,27201800
2015-06-15,99.3822001988009,99.78731092239497,98.80214396409883,99.63079071044922,31238800
2015-06-16,99.52952028396456,100.33975585353159,99.48348864220276,100.17402648925781,16456900
2015-06-17,100.33975952498494,100.77249069104788,99.83336227547636,100.45024108886719,23296700
2015-06-18,100.81852135596306,102.08910841135017,100.76328057840698,101.91417694091797,43032400
2015-06-19,101.96402361488957,102.04708241499031,101.33649561673934,101.41032409667969,27877600
2015-06-22,102.1578140258789,102.46235121300138,101.92710531575662,102.1578140258789,19120900
2015-06-23,102.26856679496395,102.3331649585217,101.81637965005959,102.24088287353516,18127900
2015-06-24,102.12088561910517,102.55461198989302,101.68715220764769,101.71483612060547,15815900
2015-06-25,102.11166190077095,102.2131742819567,101.3457074029768,101.5118179321289,18326700
2015-06-26,101.49339192954258,101.7241006693854,100.4598142404049,100.83817291259766,32311700
2015-06-29,99.72153946959632,100.27524605561848,98.41111556944352,98.45726013183594,50874900
2015-06-30,99.19550363258682,99.40775871940085,98.50337758176366,98.80791473388672,34809900
2015-07-01,99.78611775345459,99.9891425224605,99.1309059339075,99.59232330322266,21293000
2015-07-02,99.87843297269734,99.9614847413659,99.3155030717033,99.62003326416016,20499400
2015-07-06,98.99249346816859,99.96147289853582,98.78024539071339,99.38931274414062,24311000
2015-07-07,99.5000316463679,99.73074030878674,97.66359266490147,99.63845825195312,44230800
2015-07-08,98.9278887667883,99.04786179805829,97.71897741930107,97.9035415649414,39691500
2015-07-09,99.20472789332,99.29700995299378,97.83892947187073,97.84815979003906,28381000
2015-07-10,99.14936808343388,99.7122978458364,98.78946309313332,99.3431625366211,26415800
2015-07-13,100.20142060111758,101.17039307460468,100.19219028022572,101.08734130859375,25780700
2015-07-14,101.22573167978763,102.0285932928338,101.17035681495487,101.75174713134766,21977200
2015-07-15,101.94556948081767,102.2593299579123,101.57643412372238,101.86251068115234,28631500
2015-07-16,102.70229519882885,103.32059288203155,102.49927039761688,103.30213928222656,29838900
2015-07-17,104.13268008260441,104.8248062133789,103.95734625046454,104.8248062133789,35926800
2015-07-20,105.04628864066535,105.5630738838512,104.72329786367419,105.1847152709961,26539000
2015-07-21,105.2216301765246,105.3877407369569,104.8155876159901,105.12012481689453,35468900
2015-07-22,103.51440749656587,104.43724256107801,103.51440749656587,103.9296875,35575000
2015-07-23,104.03116920600215,104.37261357303241,103.27444495814572,103.54206085205078,25698300
2015-07-24,104.09575494650687,104.28031906664006,102.37005155651512,102.52693176269531,30844700
2015-07-27,101.94558625875794,102.38854312763591,101.45648482239694,101.67796325683594,35994800
2015-07-28,102.13013850697462,102.75766653174578,101.31804631519437,102.55464172363281,33553500
2015-07-29,102.77611967015866,103.1637086169866,102.3793004034526,102.94223022460938,26714100
2015-07-30,102.70232534872854,103.60669985876628,102.08402748401467,103.43136596679688,25438100
2015-07-31,103.7543194036365,103.80968723998691,103.09910752436308,103.31135559082031,22081700
2015-08-03,103.3298242482903,103.61590081252783,102.30547695229406,102.98837280273438,25001800
2015-08-04,102.94222787484672,103.12679202416967,102.37006774687195,102.79457092285156,22132300
2015-08-05,103.36674789494663,104.28035255211233,103.2467748417326,103.58822631835938,28989900
2015-08-06,103.6805041896793,103.81893083893225,101.46569892364771,101.92711639404297,42125400
2015-08-07,101.6779313579891,102.03783634129366,100.95812139137996,101.79789733886719,30006800
2015-08-10,102.44390804907582,103.1821717722644,102.4346777283428,102.960693359375,21500800
2015-08-11,102.41622197714896,102.81304127227448,101.07810712583196,101.64103698730469,36123300
2015-08-12,100.9396907598227,102.19474693544137,99.8692058104258,101.9917221069336,41889000
2015-08-13,102.09322263677416,102.58233104882176,101.60412126539812,101.82559967041016,22510500
2015-08-14,101.58566363654975,102.13013282741822,101.38263883972719,101.98248291015625,17924900
2015-08-17,101.73329117394077,102.85915058815928,101.47489859507154,102.83146667480469,21224900
2015-08-18,102.69307759637336,102.77613640746058,102.16706192839527,102.30548858642578,13984400
2015-08-19,101.99172578197133,102.53620211810409,101.04120681486454,101.63182067871094,42511400
2015-08-20,100.69051525739037,101.01350606026286,98.80793123978468,98.8171615600586,57747300
2015-08-21,97.42369156147014,98.25424447721839,94.49830627441406,94.49830627441406,97763400
2015-08-24,86.95871780758614,94.61824167498541,78.20101134177423,90.8623046875,150829900
2015-08-25,94.19372835116764,94.81202585004198,90.44702208797582,90.52084350585938,75088300
2015-08-26,93.16940590322754,95.2642449620712,91.29605227836153,95.07967376708984,104103800
2015-08-27,96.45471114430035,97.55288704779589,95.31039771518797,97.48828887939453,69377700
2015-08-28,96.97147886749178,97.82048516215713,96.75922377349019,97.46981048583984,49919600
2015-08-31,96.92534463333087,97.46059054417839,96.02097040944352,96.26090240478516,39549400
2015-09-01,93.86153163353782,95.31961238451117,92.86486830699873,93.2524642944336,73155500
2015-09-02,94.94125750500598,95.90100670176486,93.85231197797879,95.88255310058594,43963600
2015-09-03,96.26090983191946,96.91612179099153,95.1442804052751,95.41190338134766,45131800
2015-09-04,94.10144597590421,94.9135378951955,93.75076431931421,94.27678680419922,49379600
2015-09-08,96.08556396808157,97.0545363044273,95.68874471395782,96.9345703125,37343500
2015-09-09,98.07889325625719,98.1065771770915,95.59646509159721,95.84563446044922,47146700
2015-09-10,95.73485403187232,97.52515530788928,95.62411839214762,96.88839721679688,47686700
2015-09-11,96.44548039484313,97.4236831665039,96.1686270998926,97.4236831665039,29106100
2015-09-14,97.78356875781404,97.80202939549368,96.75922162737476,97.12835693359375,19718800
2015-09-15,97.35909276760752,98.57723468932889,96.99918767987204,98.27269744873047,30020200
2015-09-16,98.29114661000877,98.91867462005794,97.9496951643137,98.82638549804688,31329100
2015-09-17,98.72486167421265,100.33982243798678,98.4110942075309,98.86328125,56139800
2015-09-18,97.34617112592105,98.61352620398799,97.29066152683326,97.4571762084961,48384000
2015-09-21,97.99373645845634,98.5672886681896,96.88364314817386,97.76246643066406,35772600
2015-09-22,96.26383060572579,96.59685999824838,95.40350585134257,96.30083465576172,47359700
2015-09-23,96.55984532534522,96.81887364710025,95.87528811949291,96.37483215332031,21775100
2015-09-24,95.44049529428132,96.38408078128056,94.60792194039958,96.02330017089844,38284300
2015-09-25,97.05015828550904,97.14266488548037,94.61719306523615,95.20924377441406,44700000
2015-09-28,94.80218746087677,94.86694276897153,92.2212137963014,92.49873352050781,44077500
2015-09-29,92.73000093536561,93.67358632198867,91.35163395366618,92.01769256591797,49315500
2015-09-30,93.33133950071004,94.23792118939215,92.97055879240843,94.13616180419922,41411400
2015-10-01,94.30266237054128,94.5709364314512,93.05379865925013,94.56168365478516,39339100
2015-10-02,93.24808383715157,96.21759033203125,92.95205846545083,96.21759033203125,59370900
2015-10-05,96.92986575481194,97.85494560673082,96.71710134123813,97.5959243774414,32853500
2015-10-06,97.36463937305268,97.68841585964574,96.37480436672645,97.13336944580078,33051500
2015-10-07,97.74396011189323,97.92897329620087,96.47659792020404,97.71620178222656,37389300
2015-10-08,97.34618615506949,98.27126629428489,96.40260046070102,98.10475158691406,50188900
2015-10-09,98.15099762160577,98.73380260411115,97.88272354451301,98.54878234863281,23916200
2015-10-12,98.73378121672124,98.9742969100417,98.3822463363613,98.7892837524414,16162000
2015-10-13,98.22500144613628,99.22408960880607,98.05848675235798,98.15099334716797,26999600
2015-10-14,98.15099819180921,98.64128952052319,97.58669876047395,97.99373626708984,30902600
2015-10-15,98.35454410316342,99.6126539639149,98.22503341671575,99.60340118408203,38393800
2015-10-16,99.81613458866441,100.07515586247092,99.33508903062341,100.0196533203125,27091100
2015-10-19,99.89015251710119,100.65796363781476,99.6681282110095,100.59320831298828,23776300
2015-10-20,100.41744697031766,100.63021143944937,99.73288261952611,100.07516479492188,23404700
2015-10-21,100.58395263278506,100.68570494074923,99.4276026198246,99.464599609375,30195200
2015-10-22,100.3526798629832,101.57378516068563,100.06590026837264,101.49052429199219,42778700
2015-10-23,104.21950792627982,104.75604891982007,103.67370709948922,104.33051300048828,53170900
2015-10-26,104.2565155159907,104.59879766447828,103.85873082475395,104.39527893066406,25918000
2015-10-27,104.1177562174517,104.75605661443441,104.08999788906094,104.60804748535156,31390500
2015-10-28,104.76532961668548,105.4776382446289,103.92350327131436,105.4776382446289,42221900
2015-10-29,104.99657240191094,105.4868636371829,104.88556026913623,105.31109619140625,24913300
2015-10-30,105.35736752655976,105.53313499655239,104.81157367860477,104.83932495117188,27199200
2015-11-02,105.11684071118178,106.15293288010075,104.89482348134219,106.02342224121094,22176900
2015-11-03,105.8106278106228,106.77271167526709,105.65336593429222,106.3934326171875,20418400
2015-11-04,106.74497683075687,106.81898492199115,105.95866027034293,106.40269470214844,28633000
2015-11-05,106.4952148472857,106.75423612462043,105.5608820473564,106.11592864990234,25004100
2015-11-06,105.9123765166206,106.31016108360286,105.23707226477985,106.18990325927734,29924900
2015-11-09,105.79215441384741,105.93091783203035,104.4137871242451,105.06134033203125,33479800
2015-11-10,104.50627254684704,104.89480439281229,104.1917417254948,104.79304504394531,35452100
2015-11-11,105.07984216995058,105.58863903353867,104.4877914874849,104.66355895996094,22748800
2015-11-12,104.23800854730776,104.74680534048225,103.57194985726107,103.64595794677734,31196900
2015-11-13,103.21120123345362,103.32221340213627,101.55530677073158,101.61080932617188,52836000
2015-11-16,101.5090302028617,103.0909161356268,101.27776020582937,103.0724105834961,33980600
2015-11-17,103.2481810268727,103.87723571931221,102.87814760935527,103.13716888427734,30579500
2015-11-18,103.55347119850738,105.21861118476662,103.4517118203814,105.11685180664062,32966500
2015-11-19,105.17232792488346,105.67187187903941,104.98730772456702,105.19082641601562,26188100
2015-11-20,105.69040382074841,105.98642917714656,105.58864444281768,105.9031753540039,22727600
2015-11-23,105.94016787454342,106.32870687287301,105.14460549728035,105.59789276123047,20696200
2015-11-24,104.91334325026976,105.75516251712244,104.38604078902392,105.5053939819336,26374400
2015-11-25,105.6626480846519,105.79215873149481,105.37587551775708,105.59789276123047,14159900
2015-11-27,105.82914862263613,105.95865925215156,105.38510713729752,105.74588775634766,8828000
2015-11-30,106.06044327074788,106.06044327074788,105.1353630975321,105.4776382446289,25041600
2015-12-01,105.90315665023832,106.53221130371094,105.77363896299987,106.53221130371094,28639400
2015-12-02,106.61544814111413,107.07798804628166,105.71811959584133,105.87538146972656,22395500
2015-12-03,106.16217166446638,106.34718482198143,103.46093298326977,104.08074188232422,42754300
2015-12-04,104.39529842020069,106.68950040540987,104.18253392807429,106.51373291015625,40037300
2015-12-07,106.58771563973437,106.65247095554538,105.52387225901049,106.03266906738281,25892100
2015-12-08,104.92255486351742,106.38418271997672,104.88555082259197,106.04190063476562,30792600
2015-12-09,105.57937101419256,106.16217589339992,103.79396644763321,104.4322738647461,48509200
2015-12-10,104.67279800510939,105.60713073303428,104.35826715129905,104.90406799316406,30154600
2015-12-11,103.69224706257086,103.9697739746837,102.42489157316844,102.4896469116211,56022200
2015-12-14,102.6283774557665,103.31293467956421,101.18524785650068,103.26667785644531,53098500
2015-12-15,104.21950504717618,104.79305006887476,103.76621081401497,103.89572143554688,48428000
2015-12-16,104.59880938023082,105.61639610547783,103.5072145511619,105.44063568115234,44944100
2015-12-17,105.90313634534901,105.90313634534901,103.88646214215115,103.90496063232422,45668800
2015-12-18,103.5820521550863,103.81402844887752,101.91182708740234,101.91182708740234,53746100
2015-12-21,102.87684580954867,103.06242400650895,102.11596387504444,103.04386901855469,26432800
2015-12-22,103.59134626683169,103.86972068626608,103.04388554246108,103.72125244140625,26540300
2015-12-23,104.25943299251483,104.5656434197608,104.0738547768625,104.49140930175781,25656900
2015-12-24,104.49140905399759,104.760502421604,104.42645597073776,104.47284698486328,11468600
2015-12-28,104.22233127283715,104.43575262366808,103.47073018566374,104.41719055175781,19183600
2015-12-29,105.03888401092317,106.2915619114893,104.97393091884135,106.05958557128906,27725700
2015-12-30,105.96678062768686,106.00389768857885,105.08527343940754,105.10382843017578,19520100
2015-12-31,104.73267277661911,104.92753203826761,103.77692437993038,103.79548645019531,29886800
2016-01-04,101.55923087117432,101.6984180801513,100.32512221927914,101.60562896728516,50807600
2016-01-05,102.10669524099971,102.2366014105183,100.95609470553988,101.4293212890625,38795200
2016-01-06,99.66630666968844,101.03960248033528,99.66630666968844,100.45502471923828,41891100
2016-01-07,98.31155763584587,99.55495434237312,97.25374622547838,97.3094253540039,61386300
2016-01-08,98.01464633167996,98.6270673030075,96.40937392990895,96.51144409179688,69344000
2016-01-11,97.19808340808184,97.48573179525604,95.32371775465164,96.80836486816406,50024100
2016-01-12,97.73624734299258,98.43217617839522,96.57636595065483,97.93110656738281,46734200
2016-01-13,98.33011704333839,98.57137438213765,94.40507485791154,94.55354309082031,69870700
2016-01-14,94.92471882245337,97.41150540919658,93.41222859210686,96.56710815429688,78445700
2016-01-15,93.36582834052236,94.59066298127361,92.33585295178207,93.56996154785156,91443900
2016-01-19,94.84121684747198,94.98968512015011,92.67919541225572,93.77412414550781,56563800
2016-01-20,92.2987477204834,94.48860494660043,90.23879667902112,93.48646545410156,86675000
2016-01-21,93.88544930955072,94.97109670480145,92.62349765923443,93.57923889160156,61660100
2016-01-22,95.46289168222887,96.32584386698396,95.13812625341896,96.28872680664062,42229800
2016-01-25,95.94540390914484,96.49286460651886,94.77624131627235,94.85975646972656,38881500
2016-01-26,95.25876829417844,96.12171348858064,94.42365204870973,95.71343994140625,36143900
2016-01-27,95.15668695266491,95.56496045185013,92.9297129196294,93.3287124633789,54524700
2016-01-28,94.87831573860318,94.91543279966173,93.0317861969125,94.6463394165039,47641500
2016-01-29,94.61851547787143,96.65990454138611,94.5906794483604,96.62278747558594,54245100
2016-02-01,96.15884949028661,97.244504362883,95.78769293418813,96.88262176513672,32750300
2016-02-02,96.43720043135552,96.47431749377081,94.4978746264525,94.78553009033203,44928100
2016-02-03,95.41650382666022,95.41650382666022,92.67917894035712,94.33085632324219,61572900
2016-02-04,94.08032160950528,95.07318003752705,93.1988143705596,94.32157897949219,49321600
2016-02-05,93.98750061955978,94.0246176699984,90.67487997096343,91.0460433959961,70749900
2016-02-08,89.3480025025318,90.05321251524558,88.00253556515973,89.65421295166016,91673100
2016-02-09,88.45723006008426,90.73059562742411,88.31804282386088,89.3758544921875,73778400
2016-02-10,90.40581758628394,91.57498029725161,89.65421652605413,89.71916961669922,59421700
2016-02-11,88.57785095168595,90.30375560718436,88.32731960204882,89.58927154541016,76839200
2016-02-12,90.60069130970032,91.04608905899374,89.75630099662756,90.95329284667969,49186500
2016-02-16,92.29875715398511,93.00396728515625,91.72345322074591,93.00396728515625,40565900
2016-02-17,93.68130052719243,95.24018141964632,93.4400432125847,95.11027526855469,41766500
2016-02-18,95.40720433472893,95.42575932224797,93.90399548893319,94.02462768554688,38991500
2016-02-19,93.56997816839637,94.59067978312248,93.36584492480762,94.30302429199219,28257900
2016-02-22,95.18454492967174,95.92686505897805,95.09175579842807,95.83407592773438,23979100
2016-02-23,95.27730901918379,95.53712135012238,94.19166160232395,94.2566146850586,29869700
2016-02-24,93.15240616570117,95.27731000771699,92.57710237025742,95.15668487548828,40739100
2016-02-25,95.3515596370458,96.09387969970703,94.49788129991875,96.09387969970703,29389300
2016-02-26,96.82689948026396,96.84546154741369,95.74125217069877,95.97322845458984,30925000
2016-02-29,95.88043822099387,96.59492205199786,95.11027526855469,95.11027526855469,27553900
2016-03-01,96.01962732234489,98.1630859375,95.7226979597288,98.1630859375,37699800
2016-03-02,98.0424607666952,98.21875792983087,97.43932100812515,98.20020294189453,29209800
2016-03-03,98.09816360781919,98.12599963814004,97.30944540484968,98.0146484375,25474600
2016-03-04,98.12597667009521,98.6827183842673,97.402211733736,98.05174255371094,31655400
2016-03-07,97.55070145670389,98.1167243710332,96.75270217025131,97.4486312866211,25861200
2016-03-08,96.78052173897844,97.6249118468372,96.47431130321803,96.6413345336914,28898500
2016-03-09,97.00323387861442,97.28160125821233,96.46504703362592,97.26304626464844,31047400
2016-03-10,97.67132004646174,98.22806184585316,95.86190034924452,97.11457824707031,44236100
2016-03-11,98.163091266626,98.8126220703125,97.85688085373602,98.8126220703125,31454000
2016-03-14,98.44145047901141,99.21161342528043,98.41361445819396,98.9796371459961,25374900
2016-03-15,98.62703579970606,99.05387130428163,98.31154437845633,98.94252014160156,26524600
2016-03-16,98.70127882966138,100.08385559764253,98.67343572695897,99.82404327392578,31693100
2016-03-17,99.53641048768662,100.000363193954,99.16525398615791,99.76838684082031,29623700
2016-03-18,100.00849182137253,100.17601051857507,99.39426133186717,99.92473602294922,37682300
2016-03-21,99.74790333726547,100.40866952354907,99.69206614135167,100.31560516357422,17288600
2016-03-22,99.74792094028896,100.85540619039313,99.72931090515199,100.62274169921875,18840300
2016-03-23,100.42728882514172,100.50173605451644,99.57107823395329,99.79444122314453,20912900
2016-03-24,99.31048495956713,99.85026814402654,99.14296628509196,99.82234954833984,19017300
2016-03-28,100.10155533526355,100.1201724683255,99.50593488368696,99.6827621459961,13892300
2016-03-29,99.49664670737855,101.34865407448791,99.32912798922474,101.28350830078125,29963900
2016-03-30,101.88842252374775,102.40958863730957,101.56268660241585,101.77674102783203,23807200
2016-03-31,101.70229246960196,102.08386561037102,101.46962799850556,101.62783813476562,21447200
2016-04-01,101.01359301099396,102.74461699357599,100.87399292845893,102.70738983154297,26389000
2016-04-04,102.70741823802236,102.78187258268073,102.07457050914041,102.31654357910156,17163000
2016-04-05,101.52546966089938,101.90704281843632,101.19974080712178,101.33003234863281,20107900
2016-04-06,101.43241256330032,103.03314544564984,101.43241256330032,102.99591827392578,25056000
2016-04-07,102.40027347108318,102.58640928561273,101.07874113952238,101.51615142822266,28567200
2016-04-08,102.14898268979069,102.39094855951855,101.08803356758644,101.44168090820312,22898000
2016-04-11,101.87909457640015,102.3909520261737,101.0601112961954,101.06941986083984,25772100
2016-04-12,101.14391867993953,102.11180391854631,100.52968094952544,101.91636657714844,28564100
2016-04-13,102.6981031490629,103.37748657530835,102.56781160436213,103.21927642822266,25356700
2016-04-14,103.23786996746037,103.61013450727707,102.37235793003765,103.22856140136719,17199700
2016-04-15,103.14481432949226,103.35886166524666,102.70740399074701,102.96798706054688,21353300
2016-04-18,102.6701649760879,103.55428701808046,102.60501921615536,103.5170669555664,17126100
2016-04-19,103.71251651330498,103.71251651330498,102.26068539094705,102.88423156738281,42481400
2016-04-20,102.8842312596924,103.44262456645727,102.53057672180162,102.96798706054688,18078300
2016-04-21,102.91216440400738,103.34957480456953,102.5119811758715,102.97731018066406,20216000
2016-04-22,101.63714303260713,102.11178052460909,100.62272938341812,101.423095703125,39074000
2016-04-25,101.11597690827926,101.43239716937663,100.92984107790795,101.423095703125,14351900
2016-04-26,101.6371420356519,101.80466073116494,100.62272839641325,100.92984008789062,19118300
2016-04-27,99.89680760283676,100.35283504968757,99.29188569641411,100.12017059326172,33059800
2016-04-28,100.23183346497984,100.8181523719946,98.71486393960947,98.9103012084961,29818200
2016-04-29,98.91032633902904,99.11507222522273,97.60740378172473,98.38916015625,67502800
2016-05-02,98.64042559113177,99.45940906044432,98.23094095683156,99.31980895996094,24813800
2016-05-03,98.61248478556679,99.05920358645032,98.13784739094451,98.3984375,38569400
2016-05-04,97.80283743910492,98.1658005603608,97.52364432322037,97.76561737060547,27474500
2016-05-05,98.11926695039519,98.33332140086593,97.54225647115996,97.7376937866211,20788100
2016-05-06,97.25376819677045,98.27749065245442,97.16070380995511,98.25888061523438,30758500
2016-05-09,98.26814095268891,98.99405990686718,98.22161232893498,98.53803253173828,19289600
2016-05-10,98.8917085570275,99.93404084093055,98.71488128728416,99.88751220703125,21178900
2016-05-11,99.73858695692451,100.03639714572475,98.956837873957,98.98475646972656,20966300
2016-05-12,99.21743041600111,99.33841337605577,97.84936228926304,98.54735565185547,29196300
2016-05-13,98.46359500785631,99.06851687869697,97.98895755656653,98.18439483642578,21059300
2016-05-16,98.33332798219985,99.77584362629891,98.24025650163591,99.41288757324219,18311900
2016-05-17,99.32912441944691,99.61762610687128,97.90521181613501,98.16580200195312,29932700
2016-05-18,97.94242927924324,99.0499143830574,97.7563005510326,98.51943969726562,27524400
2016-05-19,98.13787515938101,98.37984820750809,97.29098014147091,98.00758361816406,27334600
2016-05-20,98.39846569619792,99.48733376615273,98.34262139236368,99.08715057373047,29549600
2016-05-23,99.19881406655065,99.55246858395022,98.86378378218873,98.95684814453125,15729800
2016-05-24,99.50594155209873,101.06013855020015,99.4780229509907,100.93915557861328,29931300
2016-05-25,101.32071548548655,101.97217309404974,101.1438882344385,101.66505432128906,37951700
2016-05-26,101.76743806286807,102.09316690177286,101.52546502524329,101.96287536621094,21885900
2016-05-27,102.02799545550515,102.50263284436997,102.00938542668987,102.49332427978516,19870000
2016-05-31,102.63295979098697,102.84701424823447,102.16763080600762,102.68879699707031,24366100
2016-06-01,102.37233036004729,102.93072346921318,102.28857458883152,102.69805908203125,19571500
2016-06-02,102.49335482449317,102.92145661836962,101.93496148901762,102.91215515136719,15696600
2016-06-03,102.7167085271866,102.76323715905022,101.75812498609879,102.4281997680664,20269900
2016-06-06,102.61431686245567,103.070337133457,102.43748963273175,102.80044555664062,12502400
2016-06-07,102.85629909570093,102.95867202388307,102.49334311409362,102.53987884521484,12184300
2016-06-08,102.71671295166016,102.93076028823567,102.3351398120208,102.71671295166016,14568700
2016-06-09,102.29791273148474,102.66086873759993,102.10247542821935,102.5491943359375,17571600
2016-06-10,101.61853635759232,101.81397366067323,101.03221734799347,101.38587188720703,32965000
2016-06-13,100.80884728826624,101.37654908431433,100.40866417138571,100.53895568847656,25154700
2016-06-14,100.26906408868689,100.9019116432804,99.80373521326092,100.53895568847656,24588500
2016-06-15,100.78093241725273,100.92053250511198,100.08293907831185,100.25045776367188,24605700
2016-06-16,99.75721345656318,100.64133554062306,99.11505729213414,100.54827117919922,32079900
2016-06-17,100.34019113900104,100.48016307193784,99.13644390657363,99.3697280883789,29208800
2016-06-20,100.52681405635212,101.00270862017753,99.92027381229514,99.99492645263672,20562800
2016-06-21,100.12554748711653,100.51746310140548,99.93891591893151,100.31217193603516,22804100
2016-06-22,100.36816824008628,100.95604884166173,99.98558594440637,100.06956481933594,22724200
2016-06-23,100.84407587983428,101.51593539625136,100.42416724170738,101.49726867675781,18714200
2016-06-24,97.88604748889236,99.37906488013935,97.10220890894489,97.31683349609375,68012700
2016-06-27,96.67296478498963,96.67296478498963,94.94666324082823,95.38523864746094,48222600
2016-06-28,96.43968905541988,97.52213118535362,96.39303648591726,97.47547149658203,28260600
2016-06-29,98.24062213029119,99.40704290429116,98.19396957089164,99.20175170898438,31356700
2016-06-30,99.36972147617325,100.41483710405393,99.03379170718546,100.34951782226562,36300800
2016-07-01,100.3028544990235,101.22666488982767,100.26552817946164,100.85340881347656,19902800
2016-07-05,100.32151193099733,100.46148383657929,99.69630503530017,100.2375259399414,21167900
2016-07-06,99.76163367510196,101.10534548886251,99.44436354068512,101.0586929321289,24579300
2016-07-07,101.1520086141116,101.58125059473973,100.88139814646766,101.3572998046875,19161700
2016-07-08,101.89850899846694,102.98095081994181,101.73054413373004,102.92496490478516,29457900
2016-07-11,103.27023038026658,103.89543022129047,103.26090413972659,103.51284790039062,20218500
2016-07-12,104.14737934862885,104.31534422600089,103.89542847293706,104.035400390625,21906100
2016-07-13,104.2780238249484,104.34334310767431,103.77412916423383,103.78346252441406,21107800
2016-07-14,104.47397854387052,104.68860310598014,104.23136102132652,104.49264526367188,20871000
2016-07-15,104.73526710243972,104.7912601486897,104.09140758434654,104.32469177246094,17999300
2016-07-18,104.38999791710013,105.20182223319335,104.3713311976109,105.01519775390625,20713900
2016-07-19,104.65126559475836,104.95920236514254,104.44597441450223,104.63259887695312,18936700
2016-07-20,105.20181113917113,106.05096880469519,105.07117259359309,105.85501098632812,24997900
2016-07-21,105.92965925367061,106.13495043613733,105.32312618454053,105.61239624023438,18885400
2016-07-22,105.68705689744411,106.17228481343987,105.3604605002097,106.05097961425781,20003400
2016-07-25,105.96699863016583,106.08831095435639,105.70572150001362,106.06031799316406,12968100
2016-07-26,106.02298621870692,106.56420005221385,105.64973014371535,106.1816177368164,21223800
2016-07-27,107.07742423707721,107.19872943144662,106.47088402669566,106.91879272460938,27646100
2016-07-28,107.08676963905673,107.41336606006179,106.75083985766065,107.29206085205078,16939700
2016-07-29,107.53465582962778,107.81459964702312,107.18939985667615,107.52532958984375,22385300
2016-08-01,107.59997458930414,108.36514628468544,107.46933604028295,108.09453582763672,13990100
2016-08-02,107.9359102346502,108.02922247202545,106.58286499454053,107.27338409423828,21278400
2016-08-03,107.18940722804595,107.63730882356008,107.12408794873066,107.62797546386719,15011300
2016-08-04,107.59064948161156,108.03855104889205,107.33869862065762,107.93590545654297,12835300
2016-08-05,108.48643664754458,109.2142818789269,108.36512436280384,108.97166442871094,23196600
2016-08-08,109.02767104718508,109.05567112385963,108.50511685753054,108.85037994384766,12358200
2016-08-09,108.93435295538232,109.44758087780049,108.8690336851897,109.1023178100586,13276500
2016-08-10,109.16763601101177,109.19562896663922,108.53310291281264,108.82238006591797,14688400
2016-08-11,109.19562871485047,109.5222321811281,108.97167795108084,109.28894805908203,12969800
2016-08-12,109.10232458756909,109.37293504353948,108.98101939803765,109.36360168457031,19379000
2016-08-15,109.50358091403938,110.0821281812747,109.4662545949338,109.8301773071289,11777800
2016-08-16,109.62488945939056,109.63421569939553,109.20497372335025,109.22364044189453,14161400
2016-08-17,109.25163656500176,109.45692775933226,108.64509634155274,109.41960144042969,15980300
2016-08-18,109.31695513328795,109.60622520382002,109.13032353998716,109.44759368896484,10036300
2016-08-19,109.25163656500176,109.66221183439538,108.95303313304849,109.41960144042969,18743000
2016-08-22,109.26094545254531,109.69019449211834,109.05566141008524,109.5035629272461,14500600
2016-08-23,109.93284627731099,110.11947791251801,109.65290950340385,109.6995620727539,11997900
2016-08-24,109.6248896106172,109.77418776284155,108.62643374513586,108.9903564453125,17728700
2016-08-25,108.71040373046705,109.14897903052241,108.57976518822927,108.81304931640625,24266300
2016-08-26,108.85035926323573,109.68085006512227,108.31847181574362,108.97166442871094,23896000
2016-08-29,108.99968225544586,109.41026463116111,108.9810226562166,109.1209945678711,11184900
2016-08-30,108.9436861522559,109.26094914435932,108.39313903562947,108.76638793945312,19843300
2016-08-31,108.59839541101627,108.76636022264123,108.1971465343158,108.65438842773438,16169800
2016-09-01,108.6917387047422,109.06498759577242,108.15985120383127,108.9343490600586,20944700
2016-09-02,109.47557250901232,109.69952327278196,108.87836572611567,109.28894805908203,18088200
2016-09-06,109.47559251854466,109.97015380859375,109.23297499387743,109.97015380859375,18525200
2016-09-07,110.07278774248624,110.22209300930616,109.61555282156739,110.03546142578125,17546900
2016-09-08,109.70887222572696,109.73686518526894,109.10233199833665,109.39160919189453,20125300
2016-09-09,108.47714307678504,108.71976061598626,106.62020300804848,106.63886260986328,50813300
2016-09-12,106.04167827236974,108.70111705178444,106.03234490983996,108.55181884765625,39646000
2016-09-13,108.01054072746001,108.32780369334272,107.05874471054601,107.581298828125,45863900
2016-09-14,107.69329394083381,108.68241641749898,107.66529386381472,108.09453582763672,28221800
2016-09-15,108.12254410402991,109.9421576885757,108.11321074431577,109.7741928100586,38521400
2016-09-16,109.65631883020863,109.83406126389222,109.17922485074962,109.7218017578125,27596500
2016-09-19,110.00242185668999,110.33919318283891,109.02953484459606,109.24468994140625,16222900
2016-09-20,109.63760014850563,109.8995389836123,109.26341608684594,109.45050811767578,18078600
2016-09-21,109.91827669059535,110.68536565520719,109.27279686700659,110.52633666992188,31546800
2016-09-22,111.1717938953363,111.52727879783609,111.05954151526647,111.4056625366211,22614400
2016-09-23,111.32143000370733,111.32143000370733,110.53563510007825,110.69466400146484,22213400
2016-09-26,110.06792862575143,110.19889447946436,109.60954100065248,109.76856994628906,16403900
2016-09-27,109.69376550467128,110.90987833445098,109.59086271652997,110.85375213623047,20238400
2016-09-28,110.99407832400706,111.10633072404352,110.47020762111572,111.04084777832031,14794300
2016-09-29,110.8537294688092,111.05953500300863,109.75922600468039,110.23631286621094,27207500
2016-09-30,110.52633477206484,111.38696976400146,110.41407524120578,111.05955505371094,25543200
2016-10-03,110.91922667699488,111.04083580962849,110.47019571393113,110.90052032470703,19216400
2016-10-04,111.22791703137884,111.47114239441913,110.31114890121394,110.73211669921875,21239700
2016-10-05,111.05953995502797,111.48050064858488,111.01276337258635,111.1250228881836,14481300
2016-10-06,110.98468176689715,111.30274677282058,110.52630131126082,111.06887817382812,11987100
2016-10-07,111.1717816889177,111.330817771729,110.28308380445432,110.8256607055664,19984200
2016-10-10,111.39632446252828,111.77051575474485,111.34954787458673,111.52729034423828,19687300
2016-10-11,111.43372319834621,111.45242954771643,109.45051472121969,109.93695831298828,27774400
2016-10-12,110.0398554525594,110.21759787945867,109.50663530896514,109.8434066772461,14267800
2016-10-13,109.09503040425768,109.74985964926563,108.45890750749133,109.45050811767578,22821000
2016-10-14,109.99308533781686,110.43275946243507,109.51599137949673,109.58147430419922,21313300
2016-10-17,109.48794054962181,109.73116592737041,109.14181240194512,109.28213500976562,14182700
2016-10-18,110.58245773048719,110.76955694310635,110.198916834552,110.25504302978516,19276700
2016-10-19,110.17080395964072,110.40467253206997,110.0491948713344,110.24564361572266,13702900
2016-10-20,110.13340617309248,110.35791803461913,109.47856979940993,110.11469268798828,18132200
2016-10-21,110.1989219540093,110.59181961310439,109.83408739383448,110.52633666992188,15707800
2016-10-24,111.23727347887616,111.92952259342348,111.21855999255918,111.85468292236328,19143000
2016-10-25,111.92015954965797,111.93887303492146,111.33081323172003,111.49919891357422,20341800
2016-10-26,110.77889017390594,111.34953019809969,110.41405568461539,110.74147033691406,20463700
2016-10-27,111.21856395685215,111.31210998045987,110.07728391236742,110.23631286621094,19099800
2016-10-28,109.9182509713796,110.48889097292273,109.20728837096289,109.54405975341797,35369300
2016-10-31,109.94632687129753,109.94632687129753,109.38504354752354,109.44116973876953,18749400
2016-11-01,109.62824926441093,109.64695561243437,107.67310402065429,108.61793518066406,23498700
2016-11-02,108.54309954984244,108.7956816487215,107.47665924527313,107.7479476928711,26960100
2016-11-03,107.57022108296016,107.92570599483199,106.56926355735604,106.69087982177734,36205200
2016-11-04,106.42894855805477,107.14926804053074,106.12959695337916,106.31669616699219,26997500
2016-11-07,108.03795196190268,108.95472014579153,107.8602166536265,108.84246063232422,26591200
2016-11-08,108.73019844461604,110.0492137075891,108.47761634638262,109.55341339111328,20777900
2016-11-09,108.27183374674689,110.23632907986487,108.1408678670127,110.05859375,70234400
2016-11-10,110.59181245445369,110.74148468470874,106.83120042623925,108.28118896484375,72825400
2016-11-11,107.81342050981483,108.5618028562643,107.42987259455616,108.32793426513672,41115200
2016-11-14,108.35600252835751,108.4589052843357,106.6721457369901,107.23342895507812,35906000
2016-11-15,108.04730529814245,109.09503931281523,107.88827634524064,108.7208480834961,31796600
2016-11-16,108.20633942771778,109.44116554757312,108.20633942771778,109.3663330078125,16538100
2016-11-17,109.31020607837154,110.1801977458017,109.08569417174257,110.16149139404297,20598600
2016-11-18,110.29246256852535,110.47955464352401,109.64698277670122,109.74988555908203,16428700
2016-11-21,110.02115983152079,110.99405419729202,109.98373999394063,110.89115142822266,20268500
2016-11-22,111.33080038981208,111.49918605224315,110.95660923584279,111.22789764404297,18850600
2016-11-23,110.86308130118532,110.98469041277777,110.29244130422168,110.77888488769531,22926000
2016-11-25,110.90986511494101,111.18115360251416,110.77889924329945,111.13438415527344,7162800
2016-11-28,110.9940343950562,111.39628865589711,110.76952254673427,110.88177490234375,13479000
2016-11-29,110.98469749898861,111.79856290820506,110.66663958508366,111.26534271240234,18553000
2016-11-30,111.4056442974492,111.44306413038099,109.88082357527134,109.91824340820312,30405300
2016-12-01,109.88082582315742,109.89018256585763,107.85084802052715,108.01923370361328,39796600
2016-12-02,108.0847256779662,108.66472244318086,107.7853741204273,108.2343978881836,32876800
2016-12-05,108.79567878747109,109.50663421375056,108.29987134566365,109.0763168334961,21419700
2016-12-06,109.38504104837143,109.52536366038511,108.87988392738491,109.33826446533203,27293300
2016-12-07,109.11374576984232,110.86308566479407,108.78633112028025,110.72276306152344,26622400
2016-12-08,110.76950965463668,111.19982695429675,110.55434743625558,110.91918182373047,18578400
2016-12-09,111.33083453068946,111.82663492847304,111.32147778626765,111.78921508789062,21863100
2016-12-12,111.29341436158168,111.51792626730862,110.82567706133942,111.2840576171875,23259300
2016-12-13,111.62084574381996,113.29534638566031,111.62084574381996,112.68728637695312,54477900
2016-12-14,112.82757561222992,113.19241008202187,112.12596976461408,112.45338439941406,28746000
2016-12-15,112.6030556844535,113.29530473952617,112.33176725299589,112.63111877441406,22762300
2016-12-16,112.90789635821258,113.13307930795675,111.98842436715658,112.2136001586914,26283900
2016-12-19,112.32620291761522,113.36765090062329,112.16670368084715,112.67334747314453,21138700
2016-12-20,113.02988133249481,113.31134930498942,112.89852818035534,113.10494232177734,11461800
2016-12-21,113.15186097729963,113.22692197381674,112.76718589701802,113.0205078125,7079300
2016-12-22,113.02989047527032,113.05803655897546,112.26053316841733,112.70150756835938,16645000
2016-12-23,112.5138516049483,112.82347283256323,112.41064452907666,112.77655792236328,9007500
2016-12-27,113.02052425073371,114.01505754549784,112.97361648974601,113.35829162597656,16110600
2016-12-28,113.60223487005825,113.70544196440935,112.40128739929453,112.4763412475586,17975200
2016-12-29,112.4481637534504,112.71087004453092,111.96028166404511,112.31681060791016,13267500
2016-12-30,112.5326192881425,112.54199654351892,110.8437827530598,111.16278839111328,41749000
2017-01-03,111.90398906347811,112.57952365721482,111.5474600982104,112.15731811523438,22307600
2017-01-04,112.2792769040338,112.9735802628437,112.26989964977022,112.76716613769531,19749100
2017-01-05,112.68275511455415,113.480258620999,112.68275511455415,113.40520477294922,20644300
2017-01-06,113.52713972666957,114.69994075690377,113.23628736179852,114.39970397949219,24074300
2017-01-09,114.49354924791847,114.98143858147336,114.41848824918527,114.7750244140625,18909200
2017-01-10,114.8219061917892,115.3754719844417,114.55919991386972,115.0283203125,16176600
2017-01-11,115.07523774706324,115.33794403076172,114.48414145053232,115.33794403076172,20686000
2017-01-12,114.92513823602133,115.23475948439689,114.09010431758597,115.15969848632812,19622500
2017-01-13,115.2159894054191,115.7507864507602,115.2159894054191,115.55375671386719,16930800
2017-01-17,115.25349649021369,115.4317645329244,114.86882148430175,115.20658874511719,14538500
2017-01-18,115.37550078229125,115.55376886889361,115.08464835317035,115.44117736816406,12499700
2017-01-19,115.61003296630251,116.01347679818376,115.14091256449684,115.38485717773438,12710700
2017-01-20,115.89152840940088,116.18238799511333,115.32858522530951,115.6382064819336,22091000
2017-01-23,115.56311862649864,115.90088589010293,115.00017557322792,115.73200225830078,17434200
2017-01-24,115.95718398943116,116.68901787021132,115.76015426860138,116.51074981689453,17640900
2017-01-25,117.24258123760015,117.71170168452952,117.1393741666189,117.68355560302734,15036200
2017-01-26,117.84306486072484,118.0494790202449,117.5991202032729,117.80553436279297,16052200
2017-01-27,118.05883913230173,118.14327736660924,117.64601089824077,118.03069305419922,15053000
2017-01-30,117.63664922027642,117.63664922027642,116.46384801795914,117.11123657226562,25006700
2017-01-31,116.6984027724032,116.90481691962113,116.20113623131095,116.87667083740234,19091100
2017-02-01,117.70231727129215,117.91811582649203,117.14875857985626,117.68355560302734,22861900
2017-02-02,117.47714570849038,117.93688175880428,117.14876281540903,117.58035278320312,15101400
2017-02-03,117.70233800346888,118.0401053574094,117.5897536576295,117.91813659667969,16957200
2017-02-06,117.72108585566278,118.07761481764028,117.6084943716757,118.05885314941406,11630100
2017-02-07,118.30280313429114,118.73440028943142,118.19021879661166,118.4904556274414,17541100
2017-02-08,118.33094813697375,118.85636076478615,118.10576516087397,118.6874771118164,12569100
2017-02-09,118.80946594340827,119.38179357756263,118.74378935382718,119.11908721923828,17542700
2017-02-10,119.38174654299908,119.68198328539704,119.17533244043638,119.51309967041016,13915700
2017-02-13,119.87903130856733,120.33876732480951,119.83212356058081,120.18865966796875,19120200
2017-02-14,120.23555831974556,120.60147167590708,119.85088329633379,120.59209442138672,16333500
2017-02-15,120.50769465860103,121.36149753439676,120.44201090672888,121.30519104003906,17891400
2017-02-16,121.38021585305637,121.62416763992069,120.95801032803199,121.26763153076172,15098300
2017-02-17,121.08937956207478,121.80245187511949,121.0706107337259,121.79306030273438,15563700
2017-02-21,122.02763360646692,122.46860806311118,121.96196417485122,122.39354705810547,18479600
2017-02-22,122.28099141823007,122.52492900445372,122.07457718510767,122.44049072265625,12110900
2017-02-23,122.62809383127059,122.62809383127059,121.4928302570326,121.98070526123047,17489000
2017-02-24,121.42712922894266,122.21524810791016,121.38960589412389,122.21524810791016,18624500
2017-02-27,121.99008108525584,122.3747489588259,121.78366694996485,122.36537170410156,12008700
2017-02-28,122.33724928067589,122.3935414527464,121.65233732644772,121.99010467529297,16598600
2017-03-01,122.76881380318449,123.54754106490896,122.5342536043373,123.32237243652344,25813800
2017-03-02,123.29425192248812,123.31300643446332,122.55303352324839,122.70315551757812,19951400
2017-03-03,122.61868541536398,122.96582991021526,122.2902954276166,122.92830657958984,13722700
2017-03-06,122.52492730890216,122.86269474784409,122.16840535188224,122.65628051757812,12026200
2017-03-07,122.41232101448884,122.98464867475363,122.23405290968816,122.44984436035156,15500900
2017-03-08,122.52487417338035,123.05028678022786,122.40291259306062,122.66561889648438,15776000
2017-03-09,122.63746073394098,122.92831309004929,122.1026566083857,122.7594223022461,20855300
2017-03-10,123.32238182557026,123.47250380020228,122.74067706939552,123.27546691894531,21922600
2017-03-13,123.22855114712782,123.51002626848174,123.16288173144954,123.48188018798828,10731600
2017-03-14,123.2004018209131,123.24731672597268,122.68436649809578,123.18163299560547,14019700
2017-03-15,123.43496940380064,124.2324798881997,123.04090994731328,123.9416275024414,22709100
2017-03-16,124.17622112136017,124.17622112136017,123.57574736192294,123.85720825195312,18457300
2017-03-17,124.01138197124922,124.14300834417429,123.74812922539905,123.81394958496094,21234500
2017-03-20,123.77630834531135,124.20880310791125,123.59768386230702,123.92674255371094,10105200
2017-03-21,124.39685242743941,124.50967092309524,121.97115434745794,122.04637145996094,35841900
2017-03-22,122.08395269349137,122.99594019887927,121.9241074082148,122.87371063232422,29177900
2017-03-23,122.71390314435361,123.05237294656393,122.35662547918828,122.56346893310547,20311700
2017-03-24,122.95836015677352,123.43785311314932,122.34724083906725,122.81733703613281,22967600
2017-03-27,121.9429366169021,123.2310098040501,121.6608760618816,123.01475524902344,18472400
2017-03-28,123.01478040406292,124.13361174850783,122.74213089771355,123.76693725585938,23721900
2017-03-29,123.85156519923866,124.38748185883941,123.71993881119292,124.34046936035156,13710000
2017-03-30,124.2934157975111,124.67889807307434,124.18059731537379,124.54727172851562,16092400
2017-03-31,124.36869013974076,124.80118509730877,124.22766697216542,124.46271514892578,19841400
2017-04-03,124.56605945293165,124.86691347205868,123.69167331913863,124.38742065429688,23700300
2017-04-04,124.03015940257028,124.6036772466251,123.9831469210192,124.58486938476562,13400000
2017-04-05,124.76353066020609,125.49687959655674,123.84214611000613,124.07719421386719,32011200
2017-04-06,124.19942896916638,124.47207846862487,123.8233433796739,124.14300537109375,18832200
2017-04-07,124.10539883863468,124.45326544156576,123.63530263091259,124.07719421386719,16743100
2017-04-10,124.19939312157925,124.64128459531611,123.78570626563886,124.12417602539062,15619300
2017-04-11,124.01136340617134,124.19941335036837,122.69509987397134,123.5882797241211,33778400
2017-04-12,123.56948933251908,123.6729110779721,122.95836996605937,123.08999633789062,15955200
2017-04-13,122.92075816367364,123.64469597430188,122.58228832961727,122.60108184814453,23683000
2017-04-17,122.94897224051792,123.63530872066283,122.90195974819052,123.61650085449219,13325500
2017-04-18,123.20282305400706,123.78575217913524,123.11820916923344,123.42847442626953,12841100
2017-04-19,123.9643318452092,124.3780043108045,123.4566200866721,123.62586212158203,17764800
2017-04-20,124.12426142635167,124.93282783395303,123.93622572960336,124.66016387939453,21977900
2017-04-21,124.77295734848892,124.8199554981724,124.31225784275453,124.63191986083984,22454900
2017-04-24,126.01398560777574,126.25843046594868,125.797745373769,126.13621520996094,22469900
2017-04-25,126.54988649567011,127.27382422126091,126.43705366677366,127.04818725585938,19384400
2017-04-26,127.09518958514897,127.40545476900598,126.79433550595789,126.86955261230469,25398500
2017-04-27,127.17986844976143,127.63115692138672,127.10465131345691,127.63115692138672,16136500
2017-04-28,128.13875081172625,128.1857632770917,127.64986134125832,127.85670471191406,22771900
2017-05-01,128.27982858541782,129.16361156618441,128.22341934769992,128.99436950683594,24815500
2017-05-02,129.15423832875146,129.26707118346312,128.82517956352305,129.2106475830078,18345100
2017-05-03,128.9191818136016,128.96619430448808,128.44908559713286,128.79696655273438,23827600
2017-05-04,128.77812711132142,129.21060749055954,128.39264486524806,128.84393310546875,14630100
2017-05-05,129.1730332749494,129.31405639648438,128.693540315533,129.31405639648438,19330700
2017-05-08,129.37990534700194,129.5961456298828,129.11665256448592,129.5961456298828,13279900
2017-05-09,129.79358357137366,130.33889696844994,129.6807507106753,130.0474395751953,28426100
2017-05-10,130.12258911132812,130.16960158853286,129.66190413482568,130.12258911132812,20499400
2017-05-11,129.76536917691126,130.0568265482315,129.16364656786988,130.0192108154297,27232100
2017-05-12,130.07562085150508,130.33887356887362,129.96278801106348,130.3106689453125,19738600
2017-05-15,130.3670866053576,130.79956709200192,130.24485699790685,130.72434997558594,20481300
2017-05-16,131.0627946177133,131.28844592355944,130.6773266962447,131.26963806152344,21786000
2017-05-17,130.22603353641998,130.47049272204507,127.9131684549583,127.93197631835938,55642200
2017-05-18,127.88499742083896,129.48332192100517,127.74395992758305,129.0508270263672,41319900
2017-05-19,129.51153173825995,130.14145906400904,129.42691784663708,129.5961456298828,36730100
2017-05-22,129.88755265657838,130.75254214495394,129.84055452137557,130.6867218017578,19509700
2017-05-23,131.07223060778978,131.08162736749424,130.47990478385412,130.81837463378906,19687500
2017-05-24,131.21323101562186,131.48589480801957,130.8465566038628,131.42007446289062,15891900
2017-05-25,131.91836436258018,132.87736441679726,131.636303835317,132.5388946533203,23928600
2017-05-26,132.56709761238093,132.8303502755469,132.38845880247675,132.77394104003906,13851600
2017-05-30,132.70817142455124,133.04664131316147,132.6235575389486,132.88681030273438,20306400
2017-05-31,133.35687610470234,133.35687610470234,132.16284217969348,132.8397674560547,33229400
2017-06-01,133.1124277249133,133.41328180127417,132.5483066057171,133.35687255859375,20120700
2017-06-02,133.82696452420018,134.90819424448165,133.6107243186221,134.87998962402344,37222900
2017-06-05,134.87062976893148,135.08687005667824,134.66378624284295,134.85182189941406,15727500
2017-06-06,134.69191276987362,135.13380419698558,134.11839502486825,134.3158416748047,22393000
2017-06-07,134.69191201574387,134.95516465005673,134.07139614697363,134.84234619140625,18842400
2017-06-08,135.14327521744488,135.19968447209595,134.25008086480614,134.9834442138672,25417400
2017-06-09,135.14327193651894,135.2936918298703,129.84998369521549,131.60813903808594,109783700
2017-06-12,130.49870877089393,131.1380327205485,129.2482511498603,130.90298461914062,104454000
2017-06-13,131.6363200197745,132.1534286589689,130.94998365113256,131.96539306640625,51193000
2017-06-14,132.50129626791303,132.50129626791303,130.32945431235757,131.39187622070312,60093800
2017-06-15,130.0662303505499,130.95001361866133,129.26707531272527,130.80899047851562,55145200
2017-06-16,130.7410828962736,130.83536402520645,129.76062532766284,130.24142456054688,48087400
2017-06-19,131.5047020707893,132.54172237776356,131.30671748944005,132.41917419433594,39626500
2017-06-20,132.28725234643375,132.4569411668353,131.33506156989768,131.3822021484375,40935100
2017-06-21,131.68388088778286,132.74919758447177,131.59903647440552,132.68321228027344,35743400
2017-06-22,132.89058724042064,133.13569805942652,132.30607007928054,132.6454620361328,24099100
2017-06-23,132.49463226762606,133.3242603373,132.12695880679942,133.15457153320312,21654300
2017-06-26,133.91819805474535,134.14444979038612,132.24009721742098,132.5323486328125,34411100
2017-06-27,132.03261601020415,132.19288236131945,130.11882776680773,130.1282501220703,65957800
2017-06-28,130.6091085136201,132.11752038689716,129.85491696226333,132.00439453125,57427200
2017-06-29,131.45755499099076,131.45755499099076,128.45016891798227,129.7134552001953,88769400
2017-06-30,130.08113762975825,130.73163991505092,129.33636861568357,129.76060485839844,68898300
2017-07-03,130.3545759302854,130.50540561007256,128.30880184811377,128.39364624023438,32797000
2017-07-05,128.79902718420811,130.00575096888545,128.36536846627087,129.6569366455078,42116600
2017-07-06,128.66699473084137,129.21379349165883,128.02592925039966,128.4878692626953,48430500
2017-07-07,128.92157268986787,130.22257744169153,128.91215033126056,129.87374877929688,36970400
2017-07-10,129.9586008230999,131.03333944521245,129.62863128027465,130.72222900390625,24853500
2017-07-11,130.5336835549497,131.25017118782864,130.0434476033589,131.08990478515625,31517700
2017-07-12,132.2118033267161,132.79630610257425,131.94783340308453,132.6454620361328,36045800
2017-07-13,132.80572866103356,133.25826086103524,132.5511954819748,132.93771362304688,31073600
2017-07-14,133.53161318008924,134.1538339799057,133.10737695667896,133.984130859375,34544800
2017-07-17,134.12560819929467,134.5215631311895,133.79563856340715,134.05018615722656,25343200
2017-07-18,133.95590624969768,134.97408224912718,133.53166984625634,134.94580078125,25748500
2017-07-19,135.34176172167273,135.93570134401287,135.2851987834088,135.7377166748047,33752300
2017-07-20,136.08657335207542,136.1714177768757,135.30408564658006,135.9168701171875,36139400
2017-07-21,135.41708849743893,135.8601837158203,135.14369635974208,135.8601837158203,39697100
2017-07-24,135.84143316716955,136.57678020541823,135.6811666983498,136.48251342773438,26712700
2017-07-25,136.0299482333083,136.4541989788567,135.76597830313017,136.13365173339844,28120900
2017-07-26,136.4730329582666,136.65215847935085,136.2562036152452,136.5767364501953,18610600
2017-07-27,137.47239508444204,137.60438006893418,134.15389697898826,135.7188720703125,80665900
2017-07-28,134.90806905475057,135.8319637133473,134.6912253321552,135.60569763183594,38013200
2017-07-31,135.99220657032419,136.161895313104,134.73834255820842,135.0305938720703,33848600
2017-08-01,135.492625730611,135.53032956656776,134.92696749425403,135.34178161621094,20149400
2017-08-02,136.21852206359398,136.24680353099086,134.4461400518764,135.7094268798828,41769700
2017-08-03,135.84142825697458,135.91685030756688,134.9363924204374,135.18150329589844,27112800
2017-08-04,135.4831672826161,135.72827811426717,134.87036862556445,135.4265899658203,29472900
2017-08-07,135.6717158472998,136.2845001220703,135.48316794623832,136.2845001220703,17933900
2017-08-08,136.02050088882868,137.14238007865742,135.66224988427038,136.0487823486328,30810400
2017-08-09,134.9269208713078,135.93567435434397,134.61581038734192,135.8696746826172,36169500
2017-08-10,135.0965977315882,135.19086446319452,132.82455803627815,132.95654296875,63331700
2017-08-11,133.13567368541126,134.2575528480966,132.83398560776038,133.96530151367188,45862500
2017-08-14,135.0306117697238,135.8979434689862,134.99290795031249,135.69053649902344,34161000
2017-08-15,136.02991606497255,136.0393528079288,135.41713195453062,135.78480529785156,25509200
2017-08-16,136.12422656924284,136.66160316371662,135.56800525534618,136.02052307128906,31913000
2017-08-17,135.4925606121082,135.69996757340567,133.2393798828125,133.2393798828125,70191000
2017-08-18,133.3148295213907,134.05959875649722,132.59832736655738,133.14512634277344,60751900
2017-08-21,133.1356692234323,133.42792054806236,132.15519738920628,132.97540283203125,37111500
2017-08-22,133.69192256373492,135.14377156366257,133.64478199368594,135.00234985351562,36294200
2017-08-23,134.32357601397993,134.82323444641236,134.22930925208294,134.5215606689453,25702300
2017-08-24,134.82320840133127,134.9740524535665,133.37137395808884,134.12557983398438,38160800
2017-08-25,134.6441200132211,134.98349761014808,133.66364789337766,133.8427734375,26380400
2017-08-28,134.24813161505858,134.5686788309165,133.8238952939678,134.257568359375,15362100
2017-08-29,133.10739157910362,135.0117580004974,132.98482899999394,134.78549194335938,24498300
2017-08-30,134.89864528122678,136.59560509252495,134.81380088698242,136.3693389892578,33642700
2017-08-31,136.75588849176256,137.84006418768143,136.68046644798076,137.83062744140625,38480700
2017-09-01,138.0097786434974,138.19832659534765,137.27443156158074,137.64210510253906,22293600
2017-09-05,137.23664066362983,137.52889196138912,135.37941502627447,136.40701293945312,44794300
2017-09-06,136.7558692229931,137.13297938876764,135.83197449108889,136.82186889648438,30722700
2017-09-07,137.07641060072405,137.49122461623537,136.64275186471335,137.1424102783203,22721100
2017-09-08,136.96326787184793,137.02926754131747,135.81310711056526,135.95452880859375,27890100
2017-09-11,137.01984233825286,137.75518919704058,136.98213851343806,137.51950073242188,27126300
2017-09-12,137.90603497646296,138.0285975828744,137.19896957384154,137.84947204589844,30256700
2017-09-13,137.61374288690396,138.05683822568238,137.38747684626878,138.03797912597656,28450900
2017-09-14,137.50064053065003,137.9154400980371,137.14238950147688,137.22723388671875,35296400
2017-09-15,137.19896527252808,138.19828204192504,136.9726991720812,137.69862365722656,46422400
2017-09-18,137.85823157026547,138.29283925269246,137.10237519854235,137.51809692382812,24858200
2017-09-19,137.76382225638756,137.95278285230543,137.29141355820818,137.75437927246094,20871200
2017-09-20,137.70708364713494,137.85825783363197,136.2709577089409,137.32916259765625,34236200
2017-09-21,137.23468039725242,137.24412337798466,136.00641531413063,136.48828125,28841800
2017-09-22,136.05370010813948,136.55445215658486,135.9119832705677,136.35604858398438,21702400
2017-09-25,135.81746476293688,135.8930518646429,134.25852223845112,134.91989135742188,54947700
2017-09-26,135.6096508584429,135.86475561305951,134.79710725432045,135.26951599121094,29628800
2017-09-27,135.9875149359017,136.9984761280661,135.6473946283673,136.48828125,33249400
2017-09-28,136.15763770870743,136.58280266040603,135.8458462329899,136.4410858154297,24149400
2017-09-29,136.71503219088112,137.5275754777372,136.35601149443184,137.42364501953125,43102400
2017-10-02,137.6315083523917,138.1039169131194,136.9323384924793,137.54647827148438,27351300
2017-10-03,137.72602777760974,138.0000184630089,137.42367930856523,137.8394012451172,19715200
2017-10-04,137.57482769144394,138.26454018379135,137.44255386528462,137.97164916992188,26381100
2017-10-05,138.47242492200715,139.39834186432483,138.33070808988597,139.32276916503906,31562400
2017-10-06,138.85033437116547,139.51170349121094,138.85033437116547,139.51170349121094,23561100
2017-10-09,139.69125482719394,139.8424146506299,139.17160238696988,139.3511199951172,13704800
2017-10-10,139.8235410989494,139.9652579512448,138.84092286713332,139.45506286621094,19223100
2017-10-11,139.38892159094405,139.89913110324235,139.20940396316394,139.8707733154297,12439100
2017-10-12,139.66290537119454,140.1636574053724,139.47393037079138,139.61566162109375,14513500
2017-10-13,140.18253342817283,140.31480726901117,139.6250947001232,140.15419006347656,18409900
2017-10-16,140.50378877509473,140.67384897116273,140.20144031528312,140.6360626220703,21809400
2017-10-17,140.58888102342883,140.83452844304338,140.37157698235538,140.8156280517578,13138200
2017-10-18,140.95728396767043,140.9761843488468,140.43763161107128,140.64549255371094,17218200
2017-10-19,139.82348999462292,140.1447243535976,139.14322051869706,140.12582397460938,27680300
2017-10-20,140.69276003181574,140.8155764882632,140.33372481273287,140.50379943847656,30173300
2017-10-23,140.79667576173847,140.80611874454638,139.38889281790856,139.58731079101562,29297100
2017-10-24,139.86127266834558,140.11637731931958,139.30383404531298,139.823486328125,20289500
2017-10-25,139.5494924888131,140.00300069164905,138.25509758518515,139.2943878173828,36179100
2017-10-26,139.20936252880549,139.55895469555574,138.81254103555622,138.850341796875,28230200
2017-10-27,141.18401864276166,143.15869742675545,140.96671473674405,142.89414978027344,60165100
2017-10-30,142.7902129957932,143.79171681552765,142.65793917840875,143.2153778076172,31733400
2017-10-31,143.67839457694737,143.96182827465566,143.26267259794855,143.75396728515625,26319300
2017-11-01,144.33027924943056,144.39642337758804,143.139814693501,143.7067108154297,29481600
2017-11-02,143.54605165858692,143.60275279331674,142.4500748054733,143.43267822265625,31017400
2017-11-03,143.95236186002572,144.83103501344485,143.46105283601557,144.81214904785156,26199200
2017-11-06,144.69876902064044,145.3601526882448,144.65153968732733,145.30345153808594,28693900
2017-11-07,145.19007079583898,145.5774493436201,144.87827936104694,145.38848876953125,21333100
2017-11-08,145.31293483053764,146.0120905559558,145.14286018329338,145.97430419921875,17373500
2017-11-09,144.77437725312416,145.2845867615904,143.7161862974468,145.20899963378906,40594500
2017-11-10,144.86883127816998,145.31289654086785,144.61372658290867,145.1995086669922,20150800
2017-11-13,144.65151422206108,145.56798802858128,144.65151422206108,145.37901306152344,12522400
2017-11-14,144.86876914808204,145.02938628235736,144.1507135330698,144.84986877441406,25173800
2017-11-15,144.22633393980573,144.55702571304516,143.40434762264562,144.16964721679688,24808000
2017-11-16,144.89716184343652,146.34273096094913,144.868818481663,146.0120391845703,34790600
2017-11-17,146.04985987332424,146.15379035293043,145.31290353312326,145.45462036132812,28725800
2017-11-20,145.5585820649562,145.69085593857764,145.1334170723709,145.34127807617188,21143900
2017-11-21,146.030936951758,146.9852115036111,145.96480724772505,146.9190673828125,20147800
2017-11-22,147.05138905609505,147.2403496649445,146.76794093443573,147.0986328125,17299000
2017-11-24,147.24984273514562,147.68445079909898,147.16479818630796,147.63720703125,8280600
2017-11-27,147.58989952599373,147.92057689228326,147.2308643805922,147.5709991455078,22653400
2017-11-28,147.90171559526993,148.04344686121794,147.108072406333,147.94895935058594,25227300
2017-11-29,147.77887000849617,147.81665635524033,144.67041317259472,145.3695831298828,71986300
2017-11-30,145.98369649103736,146.87182694204847,145.64356173143236,146.58837890625,56595500
2017-12-01,145.69079294311308,146.67341079380046,143.85784547493043,145.9647979736328,59015800
2017-12-04,146.88128247608793,147.04189966375623,144.14130405383716,144.2830352783203,51319100
2017-12-05,144.2547020935111,146.02152029261273,143.70672073240323,144.37753295898438,40604200
2017-12-06,143.8389849048927,145.25621079540954,143.66891030131168,145.02944946289062,28647800
2017-12-07,145.0199999809261,145.93647383572787,144.868825766022,145.520751953125,32666200
2017-12-08,146.5883728355197,146.94740796044664,145.93646112197686,146.1632080078125,28081700
2017-12-11,146.22937857606848,147.34425607778414,146.21992117627119,147.29701232910156,20821500
2017-12-12,147.23090668037165,147.53324077117668,146.78684132035178,147.0986328125,20310300
2017-12-13,147.69385627739274,147.8544734981913,147.16474644698897,147.38206481933594,24418500
2017-12-14,147.63714271057836,148.01507827194212,147.1175047409504,147.2781219482422,24594700
2017-12-15,147.85446235750558,149.1110710785889,147.60880063627914,148.950439453125,49816200
2017-12-18,149.93414836863693,150.3223369874135,149.65958474006047,150.19924926757812,26844500
2017-12-19,149.91521212724228,150.0667024866021,148.89267387193712,149.30926513671875,31415000
2017-12-20,149.82999228681913,149.85839492107294,148.5612931337669,149.14830017089844,38972600
2017-12-21,149.35662259034862,149.83001917542106,148.99683656268007,149.16726684570312,18638700
2017-12-22,148.94008190902107,149.05369250504143,148.5992356740379,148.99688720703125,23330400
2017-12-26,148.16367499610274,148.38143338979822,147.65239857117848,148.19207763671875,21918700
2017-12-27,148.20156631984463,148.60869498483066,148.06901582478602,148.21102905273438,22388200
2017-12-28,148.68435738260155,148.7127744620466,148.2109609111954,148.39085388183594,25393800
2017-12-29,148.523444692207,148.55184733245954,147.41569838160427,147.47250366210938,33186000
2018-01-02,148.22990254562927,150.09508582049682,147.8606538714984,150.05722045898438,32573300
2018-01-03,150.19926268281492,151.6478550267392,150.17086004445693,151.5153045654297,29383600
2018-01-04,152.03603368314177,152.23485213857447,151.5626371457476,151.7803955078125,24776100
2018-01-05,152.499998186538,153.408911631012,152.21595731754536,153.3047637939453,26992300
2018-01-08,153.3046999502442,153.97692924534647,153.24789468948597,153.90118408203125,23159100
2018-01-09,154.20414800543085,154.3651010575006,153.44672527731737,153.91064453125,24782400
2018-01-10,153.22901234926837,153.57933566706862,152.547320070258,153.55091857910156,34004000
2018-01-11,153.81601160755804,154.6113143351201,153.5793133352896,154.60183715820312,20473500
2018-01-12,154.46929282252498,155.89895968968523,154.2704743562168,155.73800659179688,37762700
2018-01-16,156.77000951001182,157.5653122786025,154.82908068789757,155.2930145263672,41231800
2018-01-17,156.031480008147,157.20549401228766,155.2740427638188,156.9687957763672,33849900
2018-01-18,156.72270576729355,157.35705559312933,156.3534569299587,156.99728393554688,26432200
2018-01-19,157.4611298385631,157.74517060687685,156.7320952375043,157.48953247070312,38937600
2018-01-22,157.4327546368143,159.1748504638672,157.25286163730806,159.1748504638672,26081400
2018-01-23,159.66715478173393,160.63288758912535,159.59140961577057,160.49085998535156,37989700
2018-01-24,160.83177301635945,161.18209636076,158.5310722351941,159.449462890625,54287400
2018-01-25,160.5477280065856,160.6045332864235,158.88136274777995,159.39263916015625,28925000
2018-01-26,160.28257203066994,161.85425179377037,159.97014307068457,161.83531188964844,32038200
2018-01-29,161.49450869067098,161.81641488277137,160.70866867095552,161.0495147705078,37277800
2018-01-30,159.58200107714234,160.40570656046702,158.89084606753565,159.72401428222656,44987700
2018-01-31,160.62350867357486,160.94542943757864,159.3832115218783,160.38681030273438,42449200
2018-02-01,159.15595746484286,160.69922070011876,158.51213051671303,159.02340698242188,38037900
2018-02-02,158.3985304778882,158.77724203943936,155.71910356149945,155.85165405273438,68478100
2018-02-05,154.3934990231455,156.93089663144752,149.59325289754878,149.7068634033203,105372200
2018-02-06,147.51981111686754,153.86332115971052,146.84759619491862,153.67396545410156,118537900
2018-02-07,153.18161955722104,154.8479843357779,151.67622228770395,151.68569946289062,91028300
2018-02-08,152.07388930965706,152.24431956459966,145.28538513183594,145.28538513183594,94184800
2018-02-09,147.339947215519,148.8737619615305,142.1420620032916,147.79441833496094,113836600
2018-02-12,149.30929160266103,151.43957640042325,148.13527722681096,150.4170379638672,63050600
2018-02-13,149.55542680894234,151.49634087769093,149.3281912908301,151.19337463378906,31785600
2018-02-14,150.30340210606565,154.26099026322066,149.59330729296613,154.0242919921875,52107400
2018-02-15,155.4066262213275,156.8836212158203,153.79708076442938,156.8836212158203,51633900
2018-02-16,156.37240022277044,157.88726098310443,155.91792899244163,156.18304443359375,62256300
2018-02-20,155.63386681202076,157.81147955814131,155.56758435521527,156.4954376220703,36785600
2018-02-21,157.26227805879864,158.7960776567003,155.9556994698243,156.05038452148438,41161800
2018-02-22,156.7321270636874,157.56530963408434,155.63385802179278,156.03150939941406,37074400
2018-02-23,157.29076193694786,159.2222137451172,156.64693503627942,159.2222137451172,50096900
2018-02-26,159.9701265231915,161.33349609375,159.83757610187698,161.33349609375,39266700
2018-02-27,161.38089213396987,161.64599306449716,159.26008468975158,159.3358154296875,42209900
2018-02-28,160.24474518115306,160.76548431780174,158.2091456297015,158.31329345703125,42936300
2018-03-01,158.39850998085222,159.12754481176594,154.32729620985882,155.72854614257812,76809900
2018-03-02,153.853904706434,157.43278207246712,153.34264270282299,157.15821838378906,57445100
2018-03-05,156.4197055958498,159.30741319986544,155.832684007959,158.90029907226562,38540200
2018-03-06,159.6766728578498,160.11220410137696,158.56892650962502,159.57252502441406,29480900
2018-03-07,158.35116677849038,160.07433738139287,158.07660310006253,159.9417724609375,34609400
2018-03-08,160.60447679566468,160.93584562713653,159.9606501411526,160.82223510742188,25828400
2018-03-09,161.96787673588125,163.94667053222656,161.73117849860796,163.94667053222656,38310500
2018-03-12,164.42957559756664,165.1964757887273,164.06032682230716,164.81776428222656,37635000
2018-03-13,165.19645907237845,165.8876284498334,162.1572612559161,162.5738525390625,55638900
2018-03-14,163.42593513075172,163.54902283986516,161.8353154287449,162.54541015625,40536400
2018-03-15,162.6590806013036,163.35023561745697,161.80695802197263,162.4034423828125,28810400
2018-03-16,162.6780001263271,163.03777168650544,161.84481756123031,161.92056274414062,31176700
2018-03-19,160.36247877479033,160.47627365201393,157.08125326807155,158.4658203125,71395100
2018-03-20,158.53218702748168,159.35722878223228,158.0011250027983,158.9873809814453,34075700
2018-03-21,158.57009797545274,160.03999634470762,157.60279834669134,158.29507446289062,43863500
2018-03-22,156.10441235391258,157.20447729122225,154.18878402795607,154.387939453125,66607300
2018-03-23,154.20779622905314,154.86214562627683,150.24377304849477,150.31964111328125,80110400
2018-03-26,153.36377380983046,156.09496608094653,150.93605377788413,155.90528869628906,57481500
2018-03-27,157.06226508651713,157.06226508651713,149.53252951710505,150.86019897460938,78889100
2018-03-28,149.99720157544752,151.52401189904344,147.9772561024593,149.12474060058594,89369700
2018-03-29,149.93083487789318,153.35430347071113,148.53678995832982,151.85594177246094,68692600
2018-04-02,150.77483528296762,151.48608204411758,145.9288734381852,147.47463989257812,85549400
2018-04-03,148.7643533490749,149.7601016111477,146.4599210146088,149.1342010498047,64090000
2018-04-04,146.2513184350684,151.95077125217992,146.0806116684279,151.48609924316406,65768700
2018-04-05,152.99399264746646,153.23107501111707,151.23957736830815,152.34912109375,43054900
2018-04-06,150.6705138997664,152.16887543382583,147.82552694226538,148.53677368164062,59870900
2018-04-09,149.81703834738133,152.56720162484254,149.32391759723362,149.5799560546875,41810400
2018-04-10,151.93182826591593,153.37327823853667,150.8507335512727,152.88015747070312,48296800
2018-04-11,151.92230088987702,153.62929596129516,151.82747667334667,151.9981689453125,41622100
2018-04-12,152.91810394902637,154.3595685774862,152.83275778249867,153.82850646972656,30467900
2018-04-13,154.59662744431162,154.82421718717495,152.36804807640866,153.03187561035156,44604900
2018-04-16,154.1035102814768,154.75785980962135,153.13621034985627,154.19834899902344,28180800
2018-04-17,155.75362384985445,157.85891624824035,155.4406734154611,157.51751708984375,35536100
2018-04-18,157.51747634960722,158.3709667896733,156.76828822367082,157.83990478515625,29573900
2018-04-19,157.04337250372092,157.41322043347583,155.848468061159,156.38902282714844,34705700
2018-04-20,155.99067690252605,156.10447177716878,153.37327902290036,153.91383361816406,49197100
2018-04-23,154.66297052440083,155.2699004953339,152.6999370521454,153.5249786376953,33040600
2018-04-24,154.25517996244795,154.49226218378323,149.25748268500288,150.27220153808594,70256800
2018-04-25,150.5377531870203,151.0782932014775,148.3850422693183,150.452392578125,52089300
2018-04-26,152.39650497312059,154.1319492073664,151.90336971985946,153.61985778808594,43005500
2018-04-27,155.8768653125236,155.91480658376165,152.84221477946244,153.7146759033203,51043400
2018-04-30,154.07504221148793,155.03284946885802,152.24475937925305,152.6240997314453,35615300
2018-05-01,152.2257998756392,154.38798918946975,151.86543016654926,154.3690185546875,36513500
2018-05-02,154.63455233406268,155.11820947238124,153.27844856507443,153.45863342285156,38646800
2018-05-03,152.68098531412312,154.00864026784356,150.99296067138408,153.4396514892578,60337100
2018-05-04,152.77579309614447,156.71135228210852,152.6619837871752,156.35098266601562,41543200
2018-05-07,157.08124998097605,158.16234470304425,156.95796255299328,157.65025329589844,32500200
2018-05-08,157.31829167453236,157.83038294948977,156.34151399666138,157.48899841308594,26040200
2018-05-09,157.77350394469346,159.31928497105665,157.21399326202513,159.2054901123047,29122700
2018-05-10,159.71759869881342,160.96940016171084,159.59431127494645,160.8555908203125,27067600
2018-05-11,160.6659161540593,161.0831832779089,160.00208867082307,160.703857421875,24688800
2018-05-14,161.0736900086025,161.99357031662134,160.71332035010164,160.97885131835938,21821700
2018-05-15,159.70810495569702,159.79345110061075,158.351986837203,159.1959991455078,49361600
2018-05-16,159.40462967549436,160.61848972573048,159.32876161356043,160.24864196777344,22941200
2018-05-17,159.68913009445174,160.84609270716274,158.85459588978068,159.63223266601562,27480200
2018-05-18,159.01587013614906,159.56590293597185,158.57016862165744,158.8072509765625,26217900
2018-05-21,160.04003802270097,160.7418068726531,159.0158407026449,159.69863891601562,22954600
2018-05-22,160.42882595790715,160.69435693809538,159.20548783277934,159.48997497558594,19477700
2018-05-23,158.276153983249,160.85561083038135,158.2571978159536,160.83665466308594,26557800
2018-05-24,160.78919982910156,161.07370144968664,159.16755072101418,160.78919982910156,27696500
2018-05-25,160.77025458262327,161.5289208671988,160.46679675100657,160.950439453125,27460500
2018-05-29,160.22021088339542,161.14009133882874,159.2813742631577,160.2391815185547,41220500
2018-05-30,160.81766887210475,161.67115937139093,160.4762697783192,161.38665771484375,22665800
2018-05-31,161.38665094980712,162.35395075337792,160.8650814834151,161.2823486328125,35670900
2018-06-01,162.08842599088032,163.90921632813567,162.04100663655672,163.81439208984375,45543300
2018-06-04,164.23159347181294,165.33165847884885,164.12729118338703,165.29373168945312,20459600
2018-06-05,165.6825894790961,166.08088597920042,165.07565941174363,165.8058624267578,24779300
2018-06-06,165.97656983850254,166.8016115583178,165.14203556627743,166.77316284179688,25036600
2018-06-07,166.80157404377957,166.8395008338261,164.582487832106,165.41700744628906,39600300
2018-06-08,164.63945960733923,165.8438419377458,164.23167046082906,165.42657470703125,31780300
2018-06-11,165.3032805584864,166.28005859516657,165.27483183666905,165.87228393554688,22319700
2018-06-12,166.09983389607814,166.90591940863624,165.91966352454074,166.7447052001953,22511800
2018-06-13,167.00077576594205,167.98703175433457,166.36538247617995,166.73524475097656,37858600
2018-06-14,167.50339828818468,168.69828792123138,167.3801108564734,168.42327880859375,35916000
2018-06-15,167.7878162591969,168.16715648089692,167.0101941278241,167.83523559570312,49615700
2018-06-18,166.77848503703288,167.88089031659635,166.2557847528763,167.73834228515625,31633200
2018-06-19,165.61911191452236,167.30123735984273,165.08691305037593,167.2632293701172,38236000
2018-06-20,168.03299627675344,169.14491472413107,167.8809353348908,168.45115661621094,33038000
2018-06-21,168.87876896482499,169.049841102789,166.66443104883214,166.98756408691406,43469400
2018-06-22,167.54827575546196,167.61479333729017,166.0181973575027,166.61692810058594,30073200
2018-06-25,165.10588520375114,165.3529878548239,161.38047920825554,162.863037109375,77799700
2018-06-26,163.46174244775548,164.46912063332582,162.86301165766753,163.5282745361328,39008100
2018-06-27,164.2220216399969,164.963300425591,161.19037441365197,161.30441284179688,52843500
2018-06-28,161.1048427052974,163.24315020264922,160.7722112940679,162.6919403076172,46407700
2018-06-29,163.47128028165298,164.3361106313807,162.89156059133697,163.129150390625,36408500
2018-07-02,161.59903063796187,164.26955148775508,161.2474024643612,164.22203063964844,31770000
2018-07-03,164.83976512147632,164.83976512147632,162.15976029075517,162.32131958007812,25512700
2018-07-05,163.37626297856727,164.46917032109204,162.53994219388866,164.33612060546875,31626200
2018-07-06,164.71623183839802,167.01609892009526,164.41210999222594,166.89254760742188,37005600
2018-07-09,167.7574260544544,168.4321730301044,167.09217745123192,168.3941650390625,27362100
2018-07-10,168.70772330692532,168.89779219490532,167.93793488474398,168.5176544189453,23902500
2018-07-11,167.1965962462364,168.28001906681746,167.073059478267,167.6622772216797,30280600
2018-07-12,168.40360162928044,170.55142211914062,168.2895631966601,170.55142211914062,27930100
2018-07-13,170.54186308031592,170.96952158819437,170.0666837379348,170.6939239501953,28049800
2018-07-16,170.73196340342054,171.01707396169388,170.0001975221536,170.28529357910156,21405300
2018-07-17,168.479634274446,171.68233931032128,168.479634274446,171.3212127685547,31034100
2018-07-18,171.34019190227087,171.48275443157806,170.47537636363865,170.99806213378906,23220800
2018-07-19,170.38035096737119,170.9505721364677,169.94319397221366,170.14276123046875,31094100
2018-07-20,170.6559768195215,171.22618353285483,169.91468343993083,170.10476684570312,35897300
2018-07-23,169.60105252881826,170.72246904938171,168.91679297340386,170.6464385986328,22184700
2018-07-24,172.40459981511123,173.01282888973145,170.64643016904148,171.34970092773438,36900300
2018-07-25,171.42573571016183,173.84913920072938,171.340192391803,173.74461364746094,35026600
2018-07-26,171.38773456377848,171.93894451102202,170.88404546568697,171.1121368408203,40873500
2018-07-27,172.19552243171236,172.30956085334125,167.8333787885038,168.802734375,59456100
2018-07-30,168.8122360860422,168.90726326401,165.61902997957318,166.41732788085938,60193000
2018-07-31,167.07311412892707,168.33709333173778,166.14176637471348,167.6908416748047,47285100
2018-08-01,168.08047233613019,168.83124947181568,167.3582048067792,168.3275604248047,37101900
2018-08-02,167.13960311698702,170.8175016571464,167.06357267028005,170.617919921875,47178200
2018-08-03,170.94104325910718,171.15012336810906,170.1902661413825,171.140625,28934400
2018-08-06,171.02656339579667,172.1955005730829,170.81748331513433,172.14797973632812,24808800
2018-08-07,172.6327212505397,173.09840242067412,172.26208178902985,172.77528381347656,29895700
2018-08-08,172.5376898239901,173.29797997040825,172.0720086652435,172.98435974121094,22680700
2018-08-09,172.87982177734375,173.56408146734864,172.62322076825976,172.87982177734375,18852900
2018-08-10,171.71082324442887,172.2240251238088,170.91252532242083,171.55877685546875,33818500
2018-08-13,171.87241770878288,172.97482304284017,171.29269818339372,171.3687286376953,26089200
2018-08-14,172.02451236421405,172.64225454067693,171.10266278657735,172.4426727294922,20913000
2018-08-15,171.07411882769944,171.61583041978747,169.27794089294196,170.3328399658203,58528000
2018-08-16,171.6443318832938,172.0054729275456,170.56092325186526,170.8935546875,27711800
2018-08-17,170.4469016940371,171.35923826277062,169.42051217821566,170.93157958984375,36092600
2018-08-20,171.31170922125713,171.37824131232222,170.11426209403405,170.77951049804688,24939000
2018-08-21,171.29266935207716,172.43309697199612,171.18812930767402,171.40670776367188,26258700
2018-08-22,171.045616717673,172.27158800545575,170.82703819787514,172.07200622558594,18042400
2018-08-23,171.76791668473248,173.01288484154847,171.539825269989,171.82493591308594,25776200
2018-08-24,172.3951041454524,173.5640560706057,172.35709616882636,173.42149353027344,23136100
2018-08-27,174.2958083048027,175.18914794921875,174.02021061728036,175.18914794921875,29343600
2018-08-28,175.65480456653518,175.8353750441727,175.07508516527307,175.4457244873047,20277000
2018-08-29,175.7499001163301,177.56508946436662,175.68338252050793,177.47006225585938,29175600
2018-08-30,177.1279234942175,178.21133222574997,176.56720063651025,177.15643310546875,29315500
2018-08-31,176.9378058829727,177.88816474452395,176.74773701092755,177.3844757080078,28653200
2018-09-04,176.84278502857953,177.14689233447373,175.6738476473947,176.62420654296875,29063500
2018-09-05,176.31057247335454,176.33908207786902,173.74460655777725,174.34332275390625,42623300
2018-09-06,174.41939348954,174.62847363849232,171.61583722118763,172.78477478027344,46091400
2018-09-07,171.5397873070904,173.6020644503461,171.4827680913557,172.1195068359375,46629500
2018-09-10,173.10789670208806,173.20293840846767,171.75838857920206,172.69924926757812,26132000
2018-09-11,172.0054845249532,174.31484998660366,171.55881462473369,174.0297393798828,30116500
2018-09-12,173.7731415067236,173.89667831052904,172.0244700006214,173.51654052734375,36204000
2018-09-13,174.599916905592,175.70233657502786,174.5238864627353,175.3697052001953,31133200
2018-09-14,175.49324495075095,175.76884259933814,174.16273404017358,174.85650634765625,31224100
2018-09-17,174.56191000240187,174.68546129572889,172.1765144629856,172.33807373046875,33071200
2018-09-18,172.48063507699746,174.60942964693217,172.39509175841403,173.76361083984375,31877300
2018-09-19,173.79214400507163,174.20080591180093,172.49965519754616,173.63058471679688,31843400
2018-09-20,174.82804063851455,175.7878979675069,174.40988037595886,175.55030822753906,33295800
2018-09-21,176.02549093681753,176.27257905043945,174.37186109582643,174.5904541015625,38605400
2018-09-24,173.32416998047074,175.1426253160669,172.6101182072972,175.0759735107422,34945600
2018-09-25,174.99982606105374,175.44729971843907,174.40001785489423,175.3140106201172,25277500
2018-09-26,175.46632030733468,177.07531924815777,175.0950139769463,175.43775939941406,36210600
2018-09-27,176.15184568928296,177.55138856147443,176.05663295926632,176.9230194091797,33113300
2018-09-28,176.42794431510183,177.35145261798053,176.10424426783513,176.8849334716797,28076800
2018-10-01,177.91310362322432,178.54147255883078,176.79918479778627,177.2466583251953,27371300
2018-10-02,177.09434972710352,178.20826871549235,176.43743431914604,176.84681701660156,25618600
2018-10-03,177.5894791396076,178.00839194130631,176.76118352642777,177.0372772216797,29128700
2018-10-04,176.32319400065782,176.4374521710363,172.38162851700616,173.63836669921875,80557300
2018-10-05,173.61929175335973,174.20005438542753,169.87765328055065,171.5152130126953,83325600
2018-10-08,170.91543013302953,171.98174275917265,168.44956039394356,170.46795654296875,66864500
2018-10-09,170.5917598557608,172.34357830236922,170.18237705475053,171.02020263671875,49097900
2018-10-10,169.9538207891862,170.0585489533993,163.27982276773452,163.49879455566406,114471100
2018-10-11,162.8228838293248,165.0887987187315,159.7667352080754,161.470947265625,143084500
2018-10-12,165.82190257311154,166.47883269205826,162.73719291661462,165.9647216796875,102078400
2018-10-15,165.38388327798074,165.6980532085638,163.33692657175004,163.95578002929688,64885300
2018-10-16,165.67904446532552,169.13504491103075,165.37437542500382,168.7256622314453,71979700
2018-10-17,169.5445319280931,169.71589745848414,167.05963004543304,168.79238891601562,66987600
2018-10-18,168.154469359121,168.21159119077706,164.1748267945595,164.8793487548828,82486200
2018-10-19,166.21216893841122,167.63075664691982,164.12713599105905,164.72694396972656,82923700
2018-10-22,165.71716064642507,166.8501253052679,164.3176177769631,165.57435607910156,52909300
2018-10-23,162.461035242932,165.78376090778775,160.72827741275609,164.96498107910156,77567000
2018-10-24,164.7746206066615,165.0507142778861,157.12949169583248,157.4151153564453,102997400
2018-10-25,159.8619046848051,163.83203055747921,159.14785295531507,162.8609161376953,83481100
2018-10-26,157.2818171623955,161.81367551274892,156.35830894532376,158.67184448242188,130970900
2018-10-29,161.09966585828923,161.71850514307593,152.41678325147973,155.40628051757812,111871900
2018-10-30,154.94928806878005,158.08158986563012,154.24475151374008,157.96734619140625,92584000
2018-10-31,160.53786450482394,163.04181053584207,160.46169724420298,161.68035888671875,73828600
2018-11-01,161.91836520423394,163.9843529791505,160.69018818478426,163.81297302246094,52706800
2018-11-02,163.30838653211322,164.27950093295797,160.1570406184769,161.26144409179688,75966800
2018-11-05,161.47091111427312,161.52803293091299,159.0716931234567,160.86158752441406,39573500
2018-11-06,160.87111416820463,162.98470869533497,160.63309689737844,162.0802459716797,34410400
2018-11-07,164.02249044560256,167.16432189941406,163.63213856362262,167.16432189941406,51169600
2018-11-08,166.38358578421858,166.89771121842776,165.30775761156076,166.0979766845703,40296500
2018-11-09,164.54608192843838,164.94594915279117,162.00405952028314,163.2988739013672,50602700
2018-11-12,162.15642721523568,162.4610817938873,158.21484692436925,158.357666015625,62578400
2018-11-13,159.10025989159791,161.3566588964998,158.04346266257664,158.49093627929688,64128100
2018-11-14,160.06183911359958,160.61404088890393,156.37733665221236,157.28179931640625,75270700
2018-11-15,156.99617689544667,160.46170757603178,155.62520969825405,160.0332794189453,73254300
2018-11-16,158.47188226096887,160.242731183367,157.83399777379054,159.4715576171875,65390700
2018-11-19,158.70989687197084,158.90030776346043,153.79721742347246,154.29229736328125,67280500
2018-11-20,150.77918354550894,153.644920925807,149.59862712126255,151.5313262939453,102652800
2018-11-21,153.6163879868921,154.20666630650214,151.59799118408492,152.683349609375,42965800
2018-11-23,151.4646450461423,153.1307657006917,151.4646450461423,151.5789031982422,23503700
2018-11-26,153.70203750344191,155.1587020611686,153.05462296255143,155.08253479003906,42012600
2018-11-27,154.2352039976085,155.99653775546375,153.45450031285287,155.60618591308594,36608100
2018-11-28,156.72960076182747,160.61404418945312,155.63472717647576,160.61404418945312,70141000
2018-11-29,159.93813404763316,161.14725165264412,158.8242146603999,160.0904541015625,44885700
2018-11-30,160.3093987603254,161.34715058661743,159.50964968020662,161.25193786621094,36722800
2018-12-03,164.8126964167571,165.00310734737175,161.38524155600243,164.07008361816406,50771700
2018-12-04,163.2132079750364,163.67021162835886,157.58649031994403,157.7769012451172,70594700
2018-12-06,154.59701147943588,158.90988407597388,154.01624864826684,158.89083862304688,71715500
2018-12-07,158.19580175817202,159.1097799392625,153.14983273064016,153.64491271972656,80432200
2018-12-10,153.3592534740917,155.92983648661883,151.76930022364928,155.25387573242188,73960800
2018-12-11,157.78644877262775,157.82453968185678,154.45420605893034,155.76806640625,59058300
2018-12-12,158.04347030619365,159.5667866743304,157.05332483609985,157.13900756835938,53780000
2018-12-13,158.16722965185673,158.8241595946881,156.16787891518905,157.1865997314453,46378500
2018-12-14,155.3872106215959,155.9584433887387,152.9975077843354,153.3592987060547,56547400
2018-12-17,152.70236249784642,153.92100978468972,148.68462973023378,149.8842315673828,74834100
2018-12-18,151.04581517151138,152.2835083844486,149.5129827481086,150.82684326171875,63642100
2018-12-19,150.59829184118794,153.0165556282606,145.99028062134968,147.1232452392578,81856500
2018-12-20,146.7614651838538,148.39902541261333,143.18169012867574,144.99061584472656,99002100
2018-12-21,145.7141759333399,146.70432138674312,139.6875768998414,140.49684143066406,141129400
2018-12-24,139.47612333201027,141.29022368602455,136.97457104892138,137.01275634765625,56163300
2018-12-26,138.52134289229065,145.64408911010355,137.57609276372003,145.56771850585938,98982100
2018-12-27,143.57222015706,146.25518618235523,140.4309575665825,146.13107299804688,85824300
2018-12-28,147.18132087906773,148.55622499705024,144.86118110670995,146.05467224121094,77856600
2018-12-31,147.4868746330001,147.97381381406322,145.80644421199165,147.28636169433594,53015300
2019-01-02,144.16418268302837,148.70899156234705,144.05915488311425,147.87832641601562,58576700
2019-01-03,145.70138080920907,146.33153295754255,142.73197474681135,143.04705810546875,74820200
2019-01-04,145.45313851996602,149.90247667450393,144.88027155431928,149.1672821044922,74709300
2019-01-07,149.53966005187098,151.67840140294462,149.05272091537373,150.94320678710938,52059300
2019-01-08,152.32767912162282,152.8719181615784,150.09346684693196,152.30859375,49388700
2019-01-09,152.9005531190291,154.21817214421458,152.26084354608716,153.54981994628906,46491700
2019-01-10,152.3849382274102,154.0749110105982,151.52561595745055,153.98898315429688,38943400
2019-01-11,153.08196363406662,153.58800275919504,152.5663672547756,153.42568969726562,30176600
2019-01-14,152.12715523835587,152.72867943032924,151.42060324411707,152.0698699951172,30710200
2019-01-15,152.76687938885158,155.2493470065144,152.68095151575173,155.03929138183594,40874200
2019-01-16,155.29710745586866,156.37602842910565,154.95338132265078,155.01068115234375,33812200
2019-01-17,154.51415771896586,156.92978291818682,154.26591677611984,156.2327880859375,39329000
2019-01-18,157.3307719310709,158.51472036464,156.41417891132602,157.77952575683594,57183200
2019-01-22,156.64335843180731,156.71974363041505,153.49253819192563,154.61920166015625,56711700
2019-01-23,155.41163785199,156.11817524401582,153.072398259532,154.8196563720703,38106100
2019-01-24,155.32572339286796,156.0513754210594,154.73375637533113,155.8222198486328,32417800
2019-01-25,157.07299980169913,158.1614632986494,156.53831802340574,157.68406677246094,36515900
2019-01-28,155.65032397691235,155.7457945140766,154.43773305997047,155.7362518310547,33491200
2019-01-29,155.8221713912995,155.86037125931733,153.71208760621397,154.265869140625,30784200
2019-01-30,156.01315211561615,158.76296029590648,155.52621298743276,158.19007873535156,41346500
2019-01-31,159.16394905078187,161.35043261432367,158.94435079685215,160.55795288085938,37258400
2019-02-01,159.76551068152705,160.97810184232978,159.44088456571674,159.8800811767578,32143700
2019-02-04,159.90875990745675,161.8660888671875,159.7655467560812,161.8660888671875,26718800
2019-02-05,162.0856419364161,163.48918870370457,162.01881400744153,163.29823303222656,28156400
2019-02-06,163.33641827312553,163.62284447018712,162.07608473012428,162.811279296875,27970000
2019-02-07,161.38865418257222,161.78966548077221,159.40268306125952,160.62481689453125,42036200
2019-02-08,159.22129561583432,160.96856877557246,159.03989716079016,160.93992614746094,29020700
2019-02-11,161.5222732883245,161.91374177728378,160.38606768665133,160.78707885742188,21434100
2019-02-12,161.9615321723172,163.40326427665735,161.67509137457841,163.16456604003906,29722100
2019-02-13,163.8901959032232,164.37714960769725,163.09773061477298,163.2791290283203,26094100
2019-02-14,162.69672277432053,164.06208435195768,162.15249833550328,163.4796600341797,30326800
2019-02-15,164.72086533739756,164.75905064076144,163.40324655211333,164.16708374023438,32521700
2019-02-19,163.66109488791793,164.98825676378974,163.6324522593657,164.49176025390625,19487700
2019-02-20,164.6063021070828,165.25556890218667,163.5751385207738,164.4630889892578,32593000
2019-02-21,164.0238547817858,164.47260857993902,162.99269134026608,163.86154174804688,25207400
2019-02-22,164.2148650398717,165.188743479738,164.1289225913068,165.0741729736328,27735400
2019-02-25,166.33451453470062,166.76416852151723,165.56111987564668,165.6757049560547,32608800
2019-02-26,165.2746823513627,166.37268852840353,164.9977842089532,165.84754943847656,21939700
2019-02-27,165.08368325701474,165.9430055910949,163.99521995569972,165.74249267578125,25162000
2019-02-28,165.22692527097536,165.9525626785042,164.89274190610905,165.360595703125,25085500
2019-03-01,166.5541207455064,166.75461914997274,165.35107204275877,166.50637817382812,31431200
2019-03-04,167.6043979400359,167.84309624861285,164.67319028658503,166.5350341796875,38063500
2019-03-05,166.65911865234375,167.1747004545302,165.83799610146548,166.65911865234375,22319900
2019-03-06,166.82143054025303,166.85007316411867,165.4465263187644,165.7138671875,27194600
2019-03-07,165.2937476490403,165.3510328938963,163.06907837023488,163.68014526367188,39407400
2019-03-08,161.84694030338719,163.5178278894257,161.6846272575929,163.43190002441406,39303200
2019-03-11,164.10981204922217,166.94554819228236,164.08116942708895,166.83096313476562,30518400
2019-03-12,167.2701621674801,168.17721246359633,166.86915091769131,167.74755859375,33953500
2019-03-13,168.61643477086477,169.88629652827095,168.37773654189635,169.0078887939453,42426100
2019-03-14,169.1224926441927,169.3229910201753,168.67373875834647,168.7214813232422,23751500
2019-03-15,169.38030360198547,170.7934079921965,169.26573308293666,170.28736877441406,38192000
2019-03-18,170.2146210421674,171.20942106121984,169.87026943487987,170.69288635253906,32935100
2019-03-19,171.3911695145269,172.17553172042693,170.5398577470626,171.26683044433594,36893300
2019-03-20,171.27635439953295,172.99811227296433,170.4920069544405,171.9459228515625,50105000
2019-03-21,171.42942086898657,174.88249703098901,171.41028616962532,174.63380432128906,42428500
2019-03-22,173.8781252964126,174.3468305286079,170.61635256012073,170.798095703125,70794500
2019-03-25,170.17636298036396,171.0659294347799,169.23895248122832,170.47288513183594,46336500
2019-03-26,171.79292526591516,172.83554026063536,170.39638397549584,171.26683044433594,33248100
2019-03-27,171.52509554713254,171.90770199655512,168.9233308236576,170.16680908203125,37096700
2019-03-28,170.60678940751626,171.19983367769865,169.53547986254216,170.5589599609375,30368200
2019-03-29,171.8789755103528,172.01288920247762,170.82678607544503,171.85028076171875,35205500
2019-04-01,173.61985576942988,174.33725368562102,172.91203249990662,174.12681579589844,30969500
2019-04-02,174.31817449358627,174.95904836432905,173.87816391303824,174.786865234375,22645200
2019-04-03,175.772064031051,176.88164306929457,175.24598385880543,175.79119873046875,31633500
2019-04-04,175.83899162813253,176.47986526816172,174.71027812510636,175.72421264648438,28530800
2019-04-05,176.2312239396123,176.73818405021353,176.02078601496646,176.63296508789062,25674700
2019-04-08,176.3460172528495,177.22602382931026,175.64775386200049,177.08255004882812,22697500
2019-04-09,176.47993487388547,177.06341925322354,176.08775373791192,176.46080017089844,25631900
2019-04-10,176.6903473554767,177.46513486651628,176.49904413968292,177.40774536132812,24563000
2019-04-11,177.7042295174117,177.7042295174117,176.661614808216,176.98683166503906,20654100
2019-04-12,177.77127093492246,177.86691526618492,177.01560336178292,177.75213623046875,24989100
2019-04-15,177.76165753604545,177.98167010054664,176.59468894229946,177.78079223632812,21073000
2019-04-16,178.43124492140737,178.78517123423867,177.84776056295726,178.3929901123047,27195700
2019-04-17,179.58866432962182,179.7608328741367,178.48865970721516,179.01473999023438,29651600
2019-04-18,179.311287898923,179.62693025005456,178.1921339083531,179.24432373046875,28580900
2019-04-22,178.45992835633018,179.8182001124958,178.32600005516667,179.75123596191406,17936000
2019-04-23,180.21040660372165,182.25738204233102,179.95215378255074,182.03738403320312,33665600
2019-04-24,182.19039799668178,182.41997061200553,181.40603584095052,181.46343994140625,24977100
2019-04-25,182.82172015245564,182.90780441384973,181.21474096226393,182.19996643066406,29517500
2019-04-26,181.91299351006978,182.40083348670908,180.39211326695803,182.36256408691406,26359500
2019-04-29,182.36256542825964,183.00345381779383,182.06604325741526,182.71649169921875,21716200
2019-04-30,181.2433917563235,181.59731795982339,180.02860855217912,181.30078125,31495300
2019-05-01,182.48688767878508,183.00342232242318,180.59296137493868,180.71730041503906,34797100
2019-05-02,180.6599874084313,181.59739820436164,178.74692559788446,179.9330291748047,44110100
2019-05-03,181.4252055380427,182.93652604058337,181.0999885502245,182.8026123046875,30386200
2019-05-06,178.91905303177734,181.93211860686267,178.64165098215432,181.6834259033203,38371800
2019-05-07,179.7033914782843,180.46861884470957,176.4894482156965,178.14425659179688,58818100
2019-05-08,177.5607884418519,179.03383921429318,176.91991466065676,177.6947021484375,37165300
2019-05-09,175.71466445425392,177.3503381664661,174.17464963814712,176.7381591796875,55351700
2019-05-10,176.10684875309516,177.80947204768606,173.16073276361803,176.95816040039062,58526400
2019-05-13,172.45290472385992,173.38074062338464,170.31984545791624,170.81724548339844,67185800
2019-05-14,171.7163811358771,173.73466132962173,171.08506742321788,172.69203186035156,43360600
2019-05-15,171.55374984623415,175.57117499980689,171.51548045301607,175.13116455078125,40944500
2019-05-16,175.20770104283034,177.98164842601463,174.99726315184745,176.8911895751953,39281200
2019-05-17,175.14073233464828,177.51292377882785,174.93029446668513,175.0833282470703,44702300
2019-05-20,172.64422026534834,173.30421414595432,171.54420127333987,172.127685546875,38608300
2019-05-21,173.6103379616564,174.40426026688064,173.05554835334905,173.92599487304688,31613800
2019-05-22,172.95989611114788,174.15555954097664,172.89293195323705,173.1511993408203,24332600
2019-05-23,171.16159539223554,171.23811959504536,169.43983731776225,170.5015869140625,45351300
2019-05-24,171.41988758229837,172.03206669795142,170.20508940441601,170.41552734375,25903300
2019-05-28,170.893720699081,171.85025107631242,169.7554472148964,169.7745819091797,24763800
2019-05-29,168.7224185891525,169.3059027927667,167.47892598852422,168.37806701660156,42178800
2019-05-30,168.82770059281995,169.56423345835097,168.1294371360324,169.08596801757812,30354800
2019-05-31,167.09632664161444,167.67023622299436,166.3119645729143,166.38848876953125,45446200
2019-06-03,165.93894999912084,166.3885206181118,161.91196372539434,162.72500610351562,75842300
2019-06-04,164.55196503690408,167.3641674572933,163.92065131079644,167.30677795410156,47797800
2019-06-05,168.90415880969064,168.93285355728332,166.79979461174338,168.5502471923828,34412700
2019-06-06,168.83722993913486,170.30072075407983,168.0911371548688,169.88941955566406,29913200
2019-06-07,170.79811140726443,173.86858123157793,170.57811344337264,173.17030334472656,45888300
2019-06-10,174.32774199157237,176.8147279624376,174.28948718078303,175.18861389160156,41385300
2019-06-11,177.01557892892305,177.3407958822323,174.83468997831832,175.427734375,41260300
2019-06-12,174.949473259166,175.31295962495332,174.08860139814496,174.413818359375,27758100
2019-06-13,175.14072571662717,175.877243631171,174.7963741816537,175.44680786132812,23715800
2019-06-14,174.54771147853666,175.15033046741155,174.03119134200077,174.7007598876953,22844100
2019-06-17,175.0833922235894,176.24080092031076,174.89208898158225,175.7529754638672,20379500
2019-06-18,177.82864986884692,179.55996833353606,177.3695045623034,178.30691528320312,48177300
2019-06-19,178.54600458051914,179.3781815286112,177.5033897336339,178.9764404296875,31672900
2019-06-20,181.47300037888544,181.51125518377071,179.0242841922342,180.6408233642578,40922000
2019-06-21,180.43042113263877,181.52086573127514,179.99041051418777,180.37303161621094,39980400
2019-06-24,180.73341726394594,180.9155622315701,180.2828527528023,180.37872314453125,19375200
2019-06-25,180.25412523127173,180.3595768290091,177.01389852604305,177.28231811523438,33921100
2019-06-26,178.4614592890434,179.58307282840747,177.81916852519063,178.10675048828125,22595700
2019-06-27,178.7490599053068,179.20920568438441,178.29849531595787,178.7873992919922,19709200
2019-06-28,179.2187786829727,179.41050486317803,178.3751805645152,179.01747131347656,21179200
2019-07-01,182.44943466353902,182.68909605966422,180.58965988916395,181.43325805664062,31025600
2019-07-02,181.37572118435347,182.1713986849882,180.85805906338715,182.1522216796875,18035800
2019-07-03,182.6123762995804,183.52308654785156,182.42063550813918,183.52308654785156,15792100
2019-07-05,182.26733956829358,183.48480926196768,181.55793637552517,183.1492919921875,21415600
2019-07-08,181.9604797861196,182.0179961692824,181.11686715901726,181.8646240234375,17598800
2019-07-09,181.00187513802936,183.00544095065231,180.84848832988772,182.77537536621094,19193500
2019-07-10,183.88739814714253,185.1048674750675,183.55186635038723,184.59678649902344,28374500
2019-07-11,184.87478007978802,185.34450698647373,183.8777806245724,184.46255493164062,23736100
2019-07-12,184.66391240609337,185.53626881237355,184.49134858623512,185.5266876220703,20211900
2019-07-15,185.95804947684044,186.1593714674989,185.44038734449927,186.1210174560547,15606100
2019-07-16,185.89097933928895,186.06352853295087,184.59680187573824,185.1623992919922,20190900
2019-07-17,185.1623428441436,185.48829337908967,184.23245568772293,184.2516326904297,16765100
2019-07-18,183.37928089696462,184.81724906571245,182.80410240612667,184.46255493164062,28877000
2019-07-19,185.72795213559561,185.81422670492674,182.91911370264745,183.11083984375,29387900
2019-07-22,183.52308838676257,184.9610565703683,183.52308838676257,184.56800842285156,18954900
2019-07-23,185.5745868133403,185.79507116969515,184.3379259989733,185.77589416503906,23786700
2019-07-24,185.06653443028273,187.08927721417612,185.04735742267007,187.07968139648438,20422900
2019-07-25,186.44698872895958,186.47574692684879,184.9514892998651,185.3061981201172,23434700
2019-07-26,186.4853170965318,187.4631396502938,186.38944669071915,187.21388244628906,20431200
2019-07-29,187.04130523434515,187.10840280614087,185.39243397034747,186.57156372070312,20451700
2019-07-30,185.14321317005832,186.49489223039717,185.00900338294062,185.76632690429688,18705000
2019-07-31,186.26482145296498,186.3894354196617,181.49077101314333,183.19715881347656,41627500
2019-08-01,183.51348771011567,186.9166819134034,181.40447068890458,182.2864227294922,63251600
2019-08-02,180.9156042348478,181.1744426503962,178.5094089725909,179.60226440429688,55214000
2019-08-05,175.8443675958383,175.92106100449575,171.78930052206408,173.2560272216797,75040000
2019-08-06,174.85693026622062,176.1990427192213,173.58194464613536,175.68136596679688,41897200
2019-08-07,173.7736576428369,176.8796594108302,172.45072229556976,176.6304168701172,49990600
2019-08-08,177.42606348575123,180.53207934179738,176.937159677387,180.47454833984375,38418100
2019-08-09,179.61184906351534,180.22538169267742,177.3782029499703,178.77783203125,33608900
2019-08-12,177.67535278018582,178.2121919176907,175.91144857759286,176.72630310058594,24642900
2019-08-13,176.57291966962129,181.8358741828538,176.40995168747628,180.59922790527344,40241900
2019-08-14,177.69454118625669,178.26013855471717,174.87612090576505,175.20205688476562,51000500
2019-08-15,175.43215054803335,175.9977479599001,173.66824609690406,175.00076293945312,36685000
2019-08-16,176.59213131972027,178.2601654805412,176.48667970731887,177.80960083007812,32781400
2019-08-19,180.37874947671799,181.02104023731485,179.7460399055855,180.6375732421875,22494100
2019-08-20,180.1869945029096,180.83886634881532,179.18999510264842,179.23793029785156,19902900
2019-08-21,180.81016869306967,181.4045243548309,180.18705483011178,180.829345703125,20418500
2019-08-22,181.16481353767767,181.62497388692196,178.82571629287642,180.24452209472656,24243700
2019-08-23,179.01746098475311,180.65673655286332,174.05166982565626,174.54058837890625,55372400
2019-08-26,176.52496288857617,177.22476993288907,175.50880110779545,177.17684936523438,27598900
2019-08-27,178.41352592315718,178.71070370659115,176.1127824281189,176.80299377441406,28012800
2019-08-28,176.22784165848898,177.7329078084959,175.34588936545688,177.43572998046875,21792400
2019-08-29,179.640615852272,180.66637376526188,178.9599709739232,180.14869689941406,25358900
2019-08-30,181.11691486656278,181.15526888395263,178.7011383707836,179.71730041503906,26319800
2019-09-03,178.51896914509211,179.43926064882555,177.37817864070257,177.9725341796875,27964200
2019-09-04,179.68849320465517,180.69507378389747,179.1708165054939,180.54168701171875,21592100
2019-09-05,182.53568991032395,184.3762874821664,182.46857770519148,183.84902954101562,33932600
2019-09-06,184.15584983442812,184.22294742881303,183.26430170271558,183.66693115234375,19487800
2019-09-09,184.24213884303592,184.3188322624523,182.35360544475785,183.2834930419922,24407600
2019-09-10,182.29606450035914,182.8520807454584,181.09775741034485,182.75621032714844,23744700
2019-09-11,183.10131176586452,184.56803838099242,182.6795053564317,184.47216796875,25063600
2019-09-12,185.60337998409477,186.65789602237794,184.9898473693949,185.2390899658203,28689900
2019-09-13,184.97065438401563,185.40204195231652,184.33794481569691,184.57760620117188,27669800
2019-09-16,183.38891369092974,184.1366561192286,183.20676867905178,183.75318908691406,20319000
2019-09-17,183.77234209672974,184.6351318359375,183.37929392534966,184.6351318359375,20953400
2019-09-18,184.2516675717936,184.63513455968834,182.24810192876714,184.55844116210938,29781300
2019-09-19,184.8843808641463,186.01557558879432,184.510509685756,184.86520385742188,26039400
2019-09-20,185.1240298834248,185.31575605454987,182.29602863296483,182.90956115722656,29086100
2019-09-23,182.85581493945278,183.5378324634095,182.24104497948383,182.99029541015625,22485900
2019-09-24,183.82594406913967,184.22938537072093,179.77230071771646,180.5599822998047,40820700
2019-09-25,180.3774430862392,183.0670660194215,178.86934234990503,182.58677673339844,34704900
2019-09-26,182.3466403801891,182.5099369859888,180.5695640782084,181.9143829345703,26826000
2019-09-27,182.2506186443283,182.34668239093853,178.42751897701254,179.6570587158203,40773500
2019-09-30,180.3870878363966,181.65505889796285,180.0124626877101,181.36688232421875,26307700
2019-10-01,182.02972135334954,183.0767489505126,179.58985713111136,179.88763427734375,32367600
2019-10-02,178.66761997134614,178.69643615682472,175.80509984143117,176.79449462890625,48544300
2019-10-03,176.77533513744686,178.8694047771371,174.65246396039026,178.73492431640625,39392500
2019-10-04,179.70508509104732,181.62624270631537,179.51297226097438,181.36688232421875,31887600
2019-10-07,180.8481368640879,182.26018857662393,180.50232798229814,180.81932067871094,21216000
2019-10-08,179.6858680555262,180.45433402729094,177.9664384520291,178.1105194091797,32379300
2019-10-09,179.61865257511573,180.66568005130287,179.08071608263955,179.84918212890625,20147400
2019-10-10,179.8972150574395,181.96245382767165,179.7435189158329,181.2420196533203,25177700
2019-10-11,183.30727199257683,185.03631693220927,183.20160772800844,183.57623291015625,40976700
2019-10-14,183.31683164852305,184.14292989905076,183.13431935428463,183.55697631835938,14975000
2019-10-15,184.1236985572541,186.32343175388422,184.0084338158643,185.89117431640625,23234200
2019-10-16,185.25720236267813,185.90078831090023,184.84414591395813,185.4300994873047,20457100
2019-10-17,186.5444143503403,186.8325909439187,185.2092103021219,185.9200439453125,19045200
2019-10-18,185.583830601042,186.03530383242418,183.1919986489002,184.13336181640625,27700800
2019-10-21,185.11314037913849,185.8912068341584,184.56560344722445,185.76632690429688,15801200
2019-10-22,186.49635240867647,186.75571276681055,184.2293860458164,184.2870330810547,22392300
2019-10-23,183.91243664988434,184.6808880190255,183.61464488848125,184.64247131347656,14828400
2019-10-24,185.9584313419501,186.55400011674928,185.14194822231366,186.438720703125,18998500
2019-10-25,185.4781638598782,188.02370656873958,185.43974715565054,187.92764282226562,21507100
2019-10-28,188.8017455434875,190.03128510122104,188.8017455434875,189.7815399169922,18818700
2019-10-29,189.46458075434762,189.75274268825214,188.28305819625797,188.31187438964844,18569700
2019-10-30,188.67687409420128,189.5414037533814,187.5914154291581,189.2244110107422,21764300
2019-10-31,189.7719257229799,189.8583742882794,188.2157929185172,189.31085205078125,26801800
2019-11-01,190.12732715187286,191.03988860475167,189.83916527966602,191.0302734375,22131900
2019-11-04,192.29825581781458,192.624849064048,191.03028487511827,192.21180725097656,19015900
2019-11-05,192.45193953195232,192.64405233163845,191.6834736759407,192.3174591064453,15048900
2019-11-06,192.09653663000452,192.11575230927068,190.95344555860135,191.8852081298828,19725500
2019-11-07,192.84580136772814,193.76796349723455,191.9716857686282,192.52880859375,17832400
2019-11-08,192.18298109584964,193.3164568883277,191.67386091724669,193.2972412109375,15258800
2019-11-11,192.31746880393052,193.11473622996633,192.05810844977927,193.03790283203125,10147600
2019-11-12,193.2012055965862,194.23863238891317,192.9034285339982,193.59503173828125,14778300
2019-11-13,192.9225867387636,193.82553289412874,192.79772149790983,193.6430206298828,15774600
2019-11-14,192.9130109727781,193.61422927937,192.32705741322403,193.48934936523438,16945400
2019-11-15,194.66128139952696,194.91104125976562,194.03691106346787,194.91104125976562,18427900
2019-11-18,194.6036242214666,195.37209006911212,193.81595735414842,195.06471252441406,18365900
2019-11-19,195.80436318659724,195.80436318659724,194.6036397840245,195.35289001464844,16923300
2019-11-20,194.8438167879864,195.42977049193894,192.71133049866881,194.18101501464844,36629000
2019-11-21,193.9696319795342,194.10412705611637,193.143548444642,193.7487030029297,17883600
2019-11-22,194.22899032490747,194.34426972404816,192.82655377454785,193.8735809326172,17189600
2019-11-25,194.7093040556252,196.2078045170723,194.68048786654109,196.1693878173828,17752800
2019-11-26,196.29427640427195,196.79376680861864,196.00609984344504,196.5440216064453,14780600
2019-11-27,197.05311807138605,197.92724822449398,196.81297339134113,197.91763305664062,16963100
2019-11-29,197.41815079284834,197.71592786318521,196.9186457337811,197.01470947265625,9854600
2019-12-02,197.02427317275612,197.0915060515924,193.82554474179153,194.99745178222656,28007000
2019-12-03,192.31747750174318,193.54701712606126,191.37609977588366,193.4701690673828,31104100
2019-12-04,194.45956634011807,194.91103952948296,194.17138978093027,194.449951171875,15300100
2019-12-05,195.1415603066207,195.1415603066207,193.88320453373248,194.8341827392578,14962300
2019-12-06,196.2557928439275,197.06267527380686,196.10209676473195,196.91859436035156,16555300
2019-12-09,196.56320548946195,197.48535274621793,195.93882059912676,196.02528381347656,13984100
2019-12-10,196.1213598759361,196.80337723153923,195.4201414987379,195.86199951171875,21799800
2019-12-11,196.30389039546958,197.10117258369024,195.99649813420726,196.89944458007812,18780800
2019-12-12,196.69774274271768,199.1472218353704,196.42878182701085,198.369140625,32612000
2019-12-13,198.26348855072058,199.71397213953605,197.84084612667556,199.02235412597656,32519400
2019-12-16,200.32869160892483,201.27005463461376,200.2614440641703,201.0203094482422,21296600
2019-12-17,201.27967055330186,201.44298184384525,200.799381164635,201.13558959960938,15996100
2019-12-18,201.30850706195827,201.84642884722805,201.07796287229863,201.28929138183594,15443300
2019-12-19,201.37570033855,202.6148403031719,201.35648466220812,202.547607421875,17865900
2019-12-20,203.50818615409005,204.14217155833805,202.94144828844404,203.36410522460938,27672600
2019-12-23,204.08415307632347,204.2285463656189,203.72797317003298,203.9012451171875,23774700
2019-12-24,204.08417102948368,204.17080701068227,203.54508311663398,204.0071563720703,7089000
2019-12-26,204.3344568397913,205.82658460704587,204.30557817950617,205.8073272705078,17067500
2019-12-27,206.5293316042524,206.5485889415782,205.0853397747514,205.63406372070312,18134100
2019-12-30,205.52817296121955,205.65332362183074,203.27554920448603,204.28634643554688,21815500
2019-12-31,203.63174128155072,204.81581055405601,203.31406129350384,204.67141723632812,18170900
2020-01-02,206.39460419159556,208.08889770507812,205.9902881547093,208.08889770507812,30969400
2020-01-03,205.33566829598263,207.42464165672527,205.31641095610559,206.18280029296875,27518900
2020-01-06,204.56556497727038,207.5401854320388,204.3152782799439,207.5113067626953,21655300
2020-01-07,207.5882999558586,208.06963064715757,206.82780392678688,207.48240661621094,22139300
2020-01-08,207.4535153257553,209.99494063359947,207.12621400096043,209.04190063476562,26397300
2020-01-09,210.76506590182353,211.21751788479062,209.58099662401713,210.81320190429688,23547000
2020-01-10,211.64110091224714,211.66034356288264,209.8986715526782,210.27410888671875,21898500
2020-01-13,211.14049044794262,212.72887561017035,210.80355314005448,212.6999969482422,22756900
2020-01-14,212.59413567141934,212.95033037063425,211.53521696666027,211.86251831054688,24418100
2020-01-15,211.97799059898475,212.94065178670863,211.25599470819185,211.94911193847656,25742100
2020-01-16,213.00809446050664,214.01889187956053,212.55564242234962,213.98037719726562,18805000
2020-01-17,214.943019373761,215.21256336951552,213.82632871189446,215.03929138183594,24325200
2020-01-21,214.44239000014406,215.4820657927774,214.3461326996859,214.94297790527344,21146300
2020-01-22,216.03080107878418,216.74316095808442,215.2414118525883,215.51095581054688,20736400
2020-01-23,215.38586345788542,216.30038883535866,214.38468739213076,216.20411682128906,26496100
2020-01-24,217.21488525689296,217.44592924643237,213.39311889473478,214.38465881347656,37436500
2020-01-27,209.54246892973623,211.09235410320696,209.07075963727306,209.9564208984375,42264400
2020-01-28,211.43895116772254,213.6723326861044,210.88060578812707,213.18136596679688,26731900
2020-01-29,214.36540366735215,214.606068983858,212.58448913863594,213.52789306640625,28924500
2020-01-30,212.1513273728753,214.3846942177357,211.48708864616913,214.28843688964844,39568100
2020-01-31,215.18365851300567,215.21253717410386,210.13930849822043,210.89019775390625,52015800
2020-02-03,211.9202780928953,214.56759691896625,211.77588475981935,214.07664489746094,25408600
2020-02-04,217.00311905979584,219.3520150965256,216.2618657097352,218.97657775878906,30691200
2020-02-05,221.6142792851392,221.6527792765561,218.37973651139174,219.69857788085938,38534800
2020-02-06,220.2472666224085,221.6527585469502,219.46751333998242,221.59500122070312,22467100
2020-02-07,220.60348304061307,221.83568841889965,220.00662300275312,220.64198303222656,25884900
2020-02-10,219.91038473627577,223.31819981768638,219.852627399327,223.30857849121094,21478900
2020-02-11,224.54076655472767,225.2820199291705,222.75983712872844,223.34706115722656,30198000
2020-02-12,224.66584575858732,225.62850683090755,224.10750057395651,225.52261352539062,24471300
2020-02-13,223.95354530665193,226.15803342779785,223.6840012924257,225.23388671875,22773200
2020-02-14,225.5900743676775,226.09066242063125,224.82957830659663,225.87887573242188,23438500
2020-02-18,224.78143050256236,226.38907323212206,224.54076515941188,225.9654998779297,24394500
2020-02-19,227.31321643870044,228.6031790494799,227.0436724510464,228.1314697265625,22230500
2020-02-20,227.6309201408609,228.10261482386827,223.2219291848919,226.01364135742188,42604000
2020-02-21,224.8872974103317,225.2723560384982,220.7574870704223,221.67201232910156,66017200
2020-02-24,213.40277679916014,215.87682370236712,212.0357993437528,213.1236114501953,84522600
2020-02-25,214.91409778732321,215.6264723132852,206.72185683945435,207.3283233642578,97743000
2020-02-26,208.61834956856265,212.0550429818306,206.8759201700028,208.3969268798828,79537700
2020-02-27,203.02529438988105,208.33918971886743,197.82692842370935,197.96170043945312,121822600
2020-02-28,191.22301919792693,199.4345180166124,190.77056726112812,198.1156768798828,148173700
2020-03-02,201.08071208166103,208.48358038250777,198.25048529776444,208.33917236328125,112933900
2020-03-03,209.0033738201867,211.4100268213454,199.86771373973244,201.65826416015625,131953500
2020-03-04,205.35494063774132,210.17786905149774,203.47773912232438,210.0719757080078,73086200
2020-03-05,204.74844753449452,208.2814129720825,202.2551581310623,203.68951416015625,78705500
2020-03-06,197.02785636241438,201.3405742136218,195.33357802170093,200.25277709960938,89828400
2020-03-09,186.25575652155166,193.64900502027132,184.93691487064567,186.3424072265625,116424000
2020-03-10,193.60083116102874,196.67172332048196,186.44824945300695,196.4888153076172,100599200
2020-03-11,191.90656739326923,193.25428755790438,185.53373855722796,187.93077087402344,89168800
2020-03-12,175.29096451016986,183.65649221726696,170.3332654850072,170.69908142089844,137820700
2020-03-13,180.08506471110036,187.21837410798133,171.47886994366365,185.1582794189453,134882000
2020-03-16,167.6474599036412,177.78428224075182,162.8437894066201,162.9785614013672,92054400
2020-03-17,168.918192252125,177.5051299343978,163.44064669091188,175.33914184570312,121257100
2020-03-18,165.202296553107,172.5281492023074,160.5718983230018,170.0059814453125,114156300
2020-03-19,169.12996899580284,176.6387302000776,165.22156640222326,171.0264129638672,120896500
2020-03-20,174.9541000078637,176.04189747520053,163.74872113829707,164.32630920410156,118983900
2020-03-23,164.88872122263345,168.06263479386743,159.11008585833804,164.44496154785156,124639800
2020-03-24,173.56149544961423,177.34316812213382,171.67065175317936,177.17916870117188,94881800
2020-03-25,177.91234353116005,182.8227284461927,173.62901608577633,175.86715698242188,88754900
2020-03-26,177.38177379165785,185.91948969091635,177.1309537121269,185.12841796875,79887600
2020-03-27,180.33377881019265,183.78745282526228,178.14389108359828,178.7613067626953,58845000
2020-03-30,180.45919214687584,185.6975908318579,179.76459768344893,185.26345825195312,49356900
2020-03-31,184.9547174851546,188.36015209182457,182.52363739279716,183.68128967285156,62659300
2020-04-01,178.24998520367816,181.0380045603474,174.477954685729,175.8767852783203,53715400
2020-04-02,174.84452869655937,183.39188349691315,174.58405215532315,179.44619750976562,56465300
2020-04-03,179.0024960090891,180.468863857324,174.89280930185006,176.8994140625,47487600
2020-04-06,183.75849134675707,190.67548040616995,182.51401830274105,189.54676818847656,64763500
2020-04-07,195.2289258635497,195.50870082071944,189.08370999909098,189.46958923339844,69904500
2020-04-08,191.1578290474795,194.0712657278729,189.2477018889726,193.49244689941406,45940400
2020-04-09,195.20964419193913,196.04893963128802,192.00679057727788,193.772216796875,68252600
2020-04-13,192.94253757804694,196.24185320418985,191.73664671818415,195.86561584472656,42853900
2020-04-14,199.9174236171041,205.0014640471716,199.13600862705067,204.38404846191406,63959600
2020-04-15,201.12329032551108,204.35508361003392,199.81128052503084,202.03976440429688,47036000
2020-04-16,204.22002618544127,206.8054490590431,202.29060085755438,205.7249755859375,64657400
2020-04-17,208.5419603817808,208.86995919487663,204.5962886350872,207.69300842285156,62863200
2020-04-20,205.8311036176268,208.2621837593495,205.06898705655595,205.2329864501953,38249100
2020-04-21,203.1684888216273,203.70872554729658,196.44444051177538,197.65997314453125,72932800
2020-04-22,201.72147376092897,204.85679069343286,200.97864070445294,203.52548217773438,40089100
2020-04-23,204.3165137465589,206.8730114526164,202.6861615090846,203.09133911132812,43278500
2020-04-24,203.5254833764921,206.73797912654427,202.10735422411724,206.29420471191406,34231900
2020-04-27,208.56129559922837,208.98577165367212,206.930928353911,207.95352172851562,36451700
2020-04-28,209.6514096969461,209.6514096969461,203.7570134239958,204.03677368164062,46862800
2020-04-29,208.56128434854725,212.20789793540712,207.54833285878604,211.27212524414062,48716400
2020-04-30,212.188582333886,212.27540295501447,209.68033782796115,211.18528747558594,43359500
2020-05-01,206.93087551406245,209.02430032042034,204.21037861636245,205.2329864501953,48795000
2020-05-04,203.99814349807002,207.84733755153144,203.67013000952264,207.62545776367188,32841000
2020-05-05,209.76717787535256,212.371899792873,209.19800079033365,209.9794158935547,37783100
2020-05-06,211.65800451626365,213.24013308452902,210.41353135136887,211.27212524414062,36455200
2020-05-07,213.99258422851562,214.8704616228657,212.64197757813062,213.99258422851562,38624800
2020-05-08,215.6615217181276,217.0603521546101,214.62927208878122,216.92529296875,31852300
2020-05-11,215.60367578440025,219.88698838665965,215.37213940575802,218.86439514160156,35714100
2020-05-12,219.46254656716602,220.05102203475883,214.25308798838932,214.2820281982422,41054100
2020-05-13,214.80298213148262,216.68416937993587,209.06294320605824,211.60012817382812,65521200
2020-05-14,210.27845103036063,214.0408250771921,208.3683238004577,214.0022430419922,51549300
2020-05-15,211.05983798556704,215.44928360352137,210.62572022562588,215.3914031982422,55747200
2020-05-18,218.29518833515635,220.6104929244377,217.5137734042826,219.40460205078125,42398100
2020-05-19,219.66509150995978,221.73923276674577,218.7100353029218,218.854736328125,36237300
2020-05-20,221.40157751308575,223.58182304242948,221.38227913626724,223.22488403320312,37417000
2020-05-21,223.27314230969628,223.94843835442734,220.282526614009,220.7938232421875,43642900
2020-05-22,220.38864496818147,221.75853543214174,219.47217071585553,221.5559539794922,28762400
2020-05-26,225.1254068317668,225.32800302122988,220.71666173664335,220.9578399658203,33055300
2020-05-27,220.62016469647847,222.27947183075904,216.03777906037365,222.1636962890625,55665600
2020-05-28,221.0253309363811,225.2314789666659,220.96745052868073,221.87428283691406,42784300
2020-05-29,222.25051129563715,225.35688729401372,220.68766674865412,225.12535095214844,50691800
2020-06-01,224.2571276442303,226.1768965554922,223.8133533115732,225.8006591796875,25776000
2020-06-02,226.2251165762912,227.37312698581445,223.8229767768599,227.31524658203125,33383400
2020-06-03,227.9230564380085,229.09036548290538,227.04517891735227,228.337890625,37228700
2020-06-04,227.990549104006,229.3990213713924,225.43405167346248,226.73641967773438,38716100
2020-06-05,227.88445534473067,231.82048527560306,227.31527833422862,231.2320098876953,47365600
2020-06-08,231.0873154069286,233.15180036888486,229.5148434318343,233.02639770507812,32937300
2020-06-09,232.16777379861546,235.56355207778137,231.98447602097755,234.71461486816406,35046300
2020-06-10,236.4028431164661,239.07510133845932,235.8818900304147,237.53155517578125,58084400
2020-06-11,233.6148620539446,234.9943943327635,225.70421980527954,225.76210021972656,72919400
2020-06-12,230.6531309314085,231.91690207629208,223.5625021865006,227.55641174316406,72034800
2020-06-15,224.23782981046676,231.00046076334,223.30205728267734,230.32516479492188,45307400
2020-06-16,235.1776628133525,235.76613815413336,230.66281440501248,234.28048706054688,48890100
2020-06-17,235.7758055046554,236.83699548662523,234.16473687410073,235.02333068847656,34749300
2020-06-18,234.70497843540934,235.90122764649206,233.93321994603943,235.66004943847656,30578600
2020-06-19,238.02361624458638,238.28409285645162,233.89464609660467,235.62149047851562,49422100
2020-06-22,235.4899769043614,238.57276426413907,235.20007161643818,238.4471435546875,24068700
2020-06-23,240.04170503853615,242.70893716924127,239.49087019180166,240.47657775878906,32767400
2020-06-24,239.72281740293025,240.95013742753912,234.02111953368293,235.51902770996094,46032400
2020-06-25,235.60598561260514,238.06061077313754,233.03538357528126,237.7610321044922,36940800
2020-06-26,237.51947632844215,237.69343430128964,231.624487873306,232.14634704589844,52824600
2020-06-29,231.90471730298324,234.68792651572807,229.37277904446836,234.67825317382812,34377800
2020-06-30,234.61062198655384,239.8194661067416,234.42700543519746,239.27828979492188,38909200
2020-07-01,239.3169179377088,243.06651740639933,238.77574167335084,242.07113647460938,34689200
2020-07-02,244.51611034175,245.72409837734443,243.25014123979867,243.71400451660156,31956500
2020-07-06,246.86437732929244,250.22741114667622,246.8450453961392,249.70558166503906,34589000
2020-07-07,249.45436014795675,252.11193376369474,247.6858491900228,247.9854278564453,36578200
2020-07-08,249.30942154293714,251.2808368476071,247.87915304473862,251.25184631347656,30426300
2020-07-09,253.16532186684177,254.03506742327934,248.9711906126401,253.36825561523438,40312900
2020-07-10,253.22329884544615,255.3493697196209,250.54640780596472,255.0980987548828,32885300
2020-07-13,257.93928473818636,260.72249401967724,249.02916339569816,249.85060119628906,64108100
2020-07-14,247.32830358402757,252.02497655986264,244.26484759243948,251.61907958984375,72230500
2020-07-15,253.03003806067596,253.86114931324968,248.8359063917406,252.1313018798828,54523900
2020-07-16,249.34803645574152,251.0488929703051,247.0287054307238,250.41107177734375,47594100
2020-07-17,250.86531968295154,251.56112205959127,248.52667106417573,250.7010498046875,35137900
2020-07-20,251.33886119054432,258.4418381944587,250.09223851639513,257.8136901855469,40610100
2020-07-21,259.3791406775497,259.3888140175841,254.28627460888077,255.1270294189453,43243800
2020-07-22,255.61995039275118,256.953573948241,253.72580385416447,256.02581787109375,29865500
2020-07-23,255.61994734837268,256.32539350200807,247.92745813276528,249.33840942382812,51363500
2020-07-24,245.50180090569262,248.29466846011707,242.87323268912843,246.97071838378906,54054500
2020-07-27,248.61353401712404,251.76394578309495,247.8307603720064,251.3773956298828,36445700
2020-07-28,250.5947177003025,251.11657682700226,247.8888361024102,248.17874145507812,31302400
2020-07-29,249.71528018175377,251.89933198193543,249.24175831041697,251.0392303466797,27556900
2020-07-30,249.0774231371317,252.91399375624596,247.92741633623584,252.35350036621094,41774500
2020-07-31,256.9728652011358,257.01152907342157,252.0829323192016,256.8569030761719,53686300
2020-08-03,258.992700614158,261.0704346647343,258.8670651078422,260.3263244628906,32081600
2020-08-04,259.8237008188815,261.3892779920553,259.079590850786,261.2926330566406,24911300
2020-08-05,261.7757936507683,262.39426807028883,260.8867016510886,261.9400634765625,21612100
2020-08-06,261.7468267378474,265.7380235188245,261.1090055811203,265.4094543457031,28048200
2020-08-07,264.8683039499667,265.64143407046015,260.2006506583251,262.3460388183594,44969400
2020-08-10,262.6359279347779,262.8388911680453,257.70736012153776,261.2250061035156,35088400
2020-08-11,260.0653338621166,261.3506497453629,255.73592328755478,256.277099609375,43104300
2020-08-12,258.43212379478376,263.6699430456665,258.38378658150805,262.7228698730469,38773400
2020-08-13,263.4960257238545,265.5930765015088,262.38468259592787,263.32208251953125,31895700
2020-08-14,263.94054391818173,264.21113205316004,261.6212128338113,263.0128173828125,30799500
2020-08-17,264.72332302121924,266.569132278823,263.0514864545993,266.0666198730469,24803000
2020-08-18,267.12960933131745,269.1010242326168,265.6703505975668,268.62750244140625,23529500
2020-08-19,268.58885484621123,269.64221675710843,266.3081878446853,266.82037353515625,31999400
2020-08-20,266.0278678226931,271.00477098186536,265.6219710007934,270.5215759277344,27723400
2020-08-21,270.7149136910677,272.85062795084417,270.06741922742805,272.39642333984375,34748900
2020-08-24,275.6628683241252,276.38766114180476,271.8166238212234,274.0973205566406,36418500
2020-08-25,273.3242182700818,276.44567027218886,272.87968688784093,276.25238037109375,34866600
2020-08-26,277.4990033046633,282.39860981388455,276.2233608717486,282.1473388671875,42216700
2020-08-27,283.1233963607817,283.973824630563,279.00656382383795,281.2679138183594,49482700
2020-08-28,282.504952269954,283.32639018167333,281.1520113228344,282.6982421875,28021000
2020-08-31,283.2200434874042,286.7763531049731,282.78515600775756,284.9692077636719,36321000
2020-09-01,287.61706739901604,289.95574482852527,285.8485861815919,289.83978271484375,36216200
2020-09-02,293.086893518757,293.2995005967237,286.9116738996399,292.5843811035156,50836800
2020-09-03,288.0809273208976,288.58343961270634,274.85104299484306,277.7502136230469,110083300
2020-09-04,275.9624443503017,279.2191753278148,262.6649028120239,274.0489807128906,123959000
2020-09-08,263.07073980112443,268.8690809653618,260.5967832637342,260.8770446777344,99568600
2020-09-09,266.37582262151716,270.6375776704406,263.82453820583703,268.54052734375,64837900
2020-09-10,271.49763677525476,272.7152977374108,261.466502828828,263.1866760253906,69667500
2020-09-11,264.93591724449493,265.9699620309678,257.9295869771747,261.36029052734375,71809000
2020-09-14,265.1388877146155,267.9027799251302,263.7859468911005,265.9120178222656,38525200
2020-09-15,269.6519176702054,271.02420504282185,265.8830009311815,269.680908203125,41849900
2020-09-16,270.47335910313967,270.93720763616034,265.03257624671886,265.3804626464844,42321000
2020-09-17,258.557729481427,265.1775093575876,257.71697458543355,261.2346496582031,81570800
2020-09-18,262.6552891264905,262.94519448731836,253.8031483757999,257.900634765625,86251100
2020-09-21,253.64839832753506,258.65429172277857,251.36770246724234,258.5190124511719,57168600
2020-09-22,260.9157502254752,263.9018932006086,257.58172084169547,263.32208251953125,41128900
2020-09-23,263.00314239075476,263.18675892675503,254.40227369874867,255.2816925048828,48837300
2020-09-24,252.60480575598547,259.6691173588937,252.4405064083363,256.4703674316406,70631700
2020-09-25,256.9728833551039,263.2447478224257,255.41697942353812,262.4329833984375,55242400
2020-09-28,267.28426649719216,267.8834533691406,262.53931518411497,267.8834533691406,58438300
2020-09-29,267.32281884115525,268.37618048787215,266.1148312428261,266.67535400390625,27050000
2020-09-30,266.8687506981192,271.64272248563236,266.5981625174946,268.501953125,49380800
2020-10-01,272.31911011107854,273.372471918658,270.4346373731467,272.7636413574219,50020200
2020-10-02,266.74309567211236,272.7540457725868,264.24982115406823,265.090576171875,75497400
2020-10-05,267.0523689488354,271.06288395160846,266.94608014130233,270.7439880371094,28184600
2020-10-06,270.05784139208856,271.73935145189307,265.0325989140063,265.9120178222656,49704200
2020-10-07,268.5502828158838,271.30447227673994,267.9607692474055,270.5120544433594,27539700
2020-10-08,272.90868252898304,272.9763369448217,270.88892983991883,271.95196533203125,25443300
2020-10-09,273.5947401934564,276.1846885783184,273.2081899767563,276.10736083984375,30201100
2020-10-12,280.78479700185056,287.462560061782,279.74110805606267,284.63104248046875,79370700
2020-10-13,286.42839017056497,287.0661817154931,283.2586021723742,284.6212158203125,64240000
2020-10-14,285.423420825431,286.389811260261,280.50449705117353,282.2439880371094,36949100
2020-10-15,277.5473575407139,280.9393680696546,276.90953628514376,280.3498840332031,42514200
2020-10-16,281.992696521591,283.4132915368663,278.4653775900794,278.81329345703125,40570700
2020-10-19,280.7266886465259,281.6834350292942,273.2855015661207,274.26153564453125,36756800
2020-10-20,274.99599633457683,277.9531480235931,273.440122249549,274.8510437011719,32195400
2020-10-21,275.1023973454302,277.6633262788834,274.1553240358202,274.6385192871094,29306100
2020-10-22,275.469600231149,276.3683658100007,271.38178729092033,274.62884521484375,32196200
2020-10-23,275.1989123998247,275.33422117693107,272.30941528871375,275.169921875,24658500
2020-10-26,272.88932727895894,275.71117074606025,267.4582179216346,271.04351806640625,38421100
2020-10-27,272.03880453710633,273.98125801401056,270.7825092436355,273.1598205566406,30559100
2020-10-28,268.66621736451685,269.27504806427874,262.25904398800714,262.51031494140625,53413500
2020-10-29,263.824599624501,270.0964643686435,263.3607215795069,267.1006774902344,43246300
2020-10-30,265.1196139478676,265.9893596560271,258.09396436545666,260.3263244628906,65838300
2020-11-02,262.71318132923017,264.32703644507495,257.9971924424112,260.9060363769531,39987400
2020-11-03,262.8195962126676,267.51627016636445,261.73724338979656,265.419189453125,43604100
2020-11-04,274.0586061162536,279.06450050868335,272.39641371471873,277.26702880859375,75728200
2020-11-05,283.66464676054557,285.4621487081591,282.1860702433984,284.4957580566406,52054200
2020-11-06,283.8385977939899,285.4331365144011,280.08899724442955,284.7083435058594,40959800
2020-11-09,287.64605743551107,289.08599898963547,278.43635935910754,278.89056396484375,86537100
2020-11-10,275.58565397099085,277.02556670310105,271.18855850986586,273.89447021484375,69024900
2020-11-11,276.416744711994,280.49491485178925,273.85581512594007,280.0213928222656,36102900
2020-11-12,280.98766676986247,282.2536357652556,277.5956272140191,278.70697021484375,34414600
2020-11-13,280.4175408228208,281.77048160736837,278.1948250057309,281.1519775390625,24806900
2020-11-16,280.8523386502506,283.6452207175008,280.24350805472454,283.34564208984375,30168400
2020-11-17,283.53895587325457,283.8675250915629,281.80910868719633,282.4469299316406,21843500
2020-11-18,281.89611440171944,283.5099699855039,280.2725559838451,280.3595275878906,28069600
2020-11-19,279.808677529354,282.8624746544085,279.1418658110282,282.55322265625,22718400
2020-11-20,282.4759366779504,283.22007625179197,280.5335117908258,280.6204833984375,25907300
2020-11-23,281.6158958095342,282.9108557091062,278.3881546583201,280.63018798828125,26875600
2020-11-24,281.6931740868517,285.06589718604346,279.8957018065329,284.5730285644531,24516800
2020-11-25,285.6359841911062,286.9599341655216,284.6889110928169,286.3221130371094,23326800
2020-11-27,288.2838422491186,290.0813432574275,287.8876187500189,288.9603271484375,17163100
2020-11-30,289.27930809920895,289.88813878949003,284.87257009285486,289.5498962402344,27836200
2020-12-01,291.82092142657996,294.88439208815726,290.7192221723429,293.2608337402344,27521300
2020-12-02,292.09152566494623,293.975998917608,290.2553896319331,293.63775634765625,23620000
2020-12-03,293.94699489846994,295.59951430318665,293.3284908569994,294.05328369140625,22828700
2020-12-04,294.1016103675952,295.3965996013808,293.4251547070318,295.2516174316406,19332100
2020-12-07,295.4352123826209,297.2906949990062,295.25159584014904,296.9234619140625,20851000
2020-12-08,296.4499819508995,298.228137068231,294.7008173711153,297.9285583496094,18341500
2020-12-09,297.71585197368455,297.99608391256794,290.12000925815147,291.18304443359375,48839300
2020-12-10,289.1536670859478,293.4734334097907,288.0713145425778,292.3524169921875,27519500
2020-12-11,290.6999017536818,291.83059152880014,288.43855169534044,291.7049560546875,26760400
2020-12-14,292.8935636436746,295.7637440584094,292.82593873547404,293.8213195800781,28804800
2020-12-15,296.07297464853934,296.9620666503906,293.88892325738595,296.9620666503906,25709000
2020-12-16,297.35835829679314,299.37811083246515,296.3146400776585,298.5953369140625,25461900
2020-12-17,300.18983409404035,300.7793180415245,298.9915195175857,300.5473937988281,23730500
2020-12-18,301.1852381196582,301.49449012829695,297.2713392718179,299.6390075683594,41173400
2020-12-21,296.6968099330535,299.6109270127023,293.92793779990836,299.0784606933594,37095500
2020-12-22,299.97882235494683,300.81141034243274,297.07439618312935,299.8916931152344,26176300
2020-12-23,299.9400726222767,300.2982804373687,298.2264719073709,298.3813781738281,21201300
2020-12-24,298.6427877632281,300.14339616488587,298.56534939699964,299.69805908203125,16785000
2020-12-28,302.3023949194107,303.19309872265205,300.47259202219556,302.71868896484375,22497700
2020-12-29,304.0450174468872,304.664642578281,302.08938102346127,302.98974609375,25871900
2020-12-30,304.15151157521103,304.4709854534392,302.37979506898415,302.9994201660156,18138100
2020-12-31,302.90259420245957,304.22894406507703,301.82797072381925,303.744873046875,21611400
2021-01-04,305.071236411445,305.2455244401776,295.4575926553533,299.4560241699219,45305900
2021-01-05,298.4685294069981,302.19588231521544,298.4685294069981,301.9247741699219,29323400
2021-01-06,297.2196266305306,301.9441648364743,296.23213231844335,297.742431640625,52809600
2021-01-07,300.39515450501295,305.7780226635541,300.36611142141976,304.9454345703125,30394800
2021-01-08,307.23017070693584,309.21487948228685,305.0421603895947,308.8663330078125,33955800
2021-01-11,305.9135892944069,307.08503310784016,303.75462150760245,304.4032897949219,32746400
2021-01-12,304.4419649289568,305.52627938374525,301.28584168634455,303.919189453125,29266800
2021-01-13,304.1805499689339,306.7654726708281,303.5803066312761,305.97161865234375,22898400
2021-01-14,306.4169793743503,307.4141645709109,303.86107000917417,304.3354797363281,23500100
2021-01-15,304.12247559532705,305.08092679773813,300.68555349227927,301.9247741699219,35118700
2021-01-19,304.23864358090657,306.83325722127717,303.14463832144224,306.329833984375,24537000
2021-01-20,309.9410218264804,314.3944517891422,306.42666132440587,313.4553527832031,30728100
2021-01-21,314.7913555615418,316.70828729801116,313.41661050986386,315.9627990722656,25130600
2021-01-22,314.9269932285715,316.05970308852847,314.3654541916279,315.0528564453125,21609400
2021-01-25,318.4315747501509,319.7966584555106,311.1705100697358,317.65704345703125,39080600
2021-01-26,318.3735220441752,319.25453486339853,316.7954457605857,318.1217956542969,25498100
2021-01-27,315.86602767429855,315.8756890037456,307.249539984331,309.25360107421875,55264000
2021-01-28,310.4540876739916,316.0209038070122,309.83446265307134,311.0833740234375,42836300
2021-01-29,309.39885072667784,310.50254694314407,302.79614381568024,304.5387878417969,55259000
2021-02-01,307.97565699810855,313.2326908464539,305.9522436350412,312.14837646484375,35646000
2021-02-02,315.1109191955359,318.3929057368792,314.94632202925646,317.2408142089844,33930800
2021-02-03,319.31258844148124,319.68048711365606,315.924091580384,315.982177734375,24824500
2021-02-04,317.3763812339645,319.80639805087463,316.0596924861001,319.7192687988281,22350900
2021-02-05,320.66800331185556,321.81040381264313,319.0318409228675,320.80352783203125,22732000
2021-02-08,322.4881000643742,323.107695569179,320.85193775141437,322.9527893066406,20462800
2021-02-09,322.02347105010796,324.14370494507085,322.01378017307627,322.8851318359375,17597500
2021-02-10,324.3179516200057,324.77297964353176,319.0028603064396,322.1493225097656,28068700
2021-02-11,323.6789239561336,324.32759214036884,321.5393382627716,323.92095947265625,22046100
2021-02-12,323.07868540357345,325.89598240320623,322.033104956612,325.7314147949219,20346800
2021-02-16,326.5252390518274,327.41594268454725,323.6885901057488,324.8503723144531,27080800
2021-02-17,321.8781166543807,324.9664914677254,319.65140225485385,323.2915954589844,31360300
2021-02-18,319.7096058137298,323.2336280192509,317.8991551016132,321.87823486328125,32236200
2021-02-19,323.223915842976,323.34977904654954,319.4578583383026,320.4743957519531,39157700
2021-02-22,316.09831716058187,317.3568897599286,311.96436205639856,312.16766357421875,47256900
2021-02-23,306.9011451875533,312.9036399715114,301.0922907045081,311.2384338378906,97241900
2021-02-24,308.5855941011295,314.11370659641756,305.8941603269146,313.80389404296875,58206300
2021-02-25,311.1511841201916,313.70706373976833,301.3245187872966,302.8638610839844,110182600
2021-02-26,305.7877477065135,308.9438714759192,300.97607935125205,304.1322326660156,104739800
2021-03-01,309.0987465751583,313.6199836054889,307.81113046153894,313.2811279296875,49164500
2021-03-02,313.9201074901199,313.99754586595145,308.0047728460935,308.2564697265625,48370000
2021-03-03,307.16240863093043,308.10150757392336,299.25270485794294,299.310791015625,86301100
2021-03-04,298.9429157486575,302.09906844170035,290.5491107615687,294.4120178222656,139131600
2021-03-05,297.0260486202665,299.7465261452686,287.97394166626935,298.8461608886719,121523700
2021-03-08,298.30388481201396,300.18208250767526,289.9681970304768,290.3844909667969,88409800
2021-03-09,297.67467744361676,303.73525694853805,297.1422110624417,301.8376770019531,80391100
2021-03-10,306.0877400890627,306.3878617080025,300.28857968686685,300.9759521484375,76798100
2021-03-11,305.7101966431199,309.66989398051334,304.8195225253842,307.90789794921875,53484800
2021-03-12,303.8611226884961,308.09192928230254,301.469839613597,305.41015625,69315600
2021-03-15,305.72962903843666,308.8373571812603,304.09346638127744,308.6727600097656,42955700
2021-03-16,310.8607663565972,313.8717038740802,308.93417288948405,310.36700439453125,54925900
2021-03-17,307.3367134727356,313.53281684257354,305.6230830912627,311.6449279785156,78258700
2021-03-18,306.77514227085976,307.7529751181446,301.6440016318715,302.0990295410156,82718100
2021-03-19,301.93447260393606,304.70337437905994,299.7948868313532,303.1640319824219,78446200
2021-03-22,305.553499993313,310.91408667450554,305.553499993313,308.8493347167969,56194800
2021-03-23,309.9350686357572,311.2533907788048,306.6876901102934,307.501953125,53455400
2021-03-24,308.8687114227675,308.9074942979724,302.17039709475154,302.3157958984375,64803700
2021-03-25,300.4740363467963,303.3045948439506,297.97308794522104,301.7923583984375,78729000
2021-03-26,301.5790668600298,306.63915226798906,300.1832087727299,306.31927490234375,63519600
2021-03-29,305.7862475322126,307.2790485594462,302.89752874365223,306.2321472167969,54608000
2021-03-30,304.2740370245645,305.26277881444986,301.9960230362892,304.69085693359375,44635700
2021-03-31,306.4744393806723,310.91411802707773,306.1351557169822,309.35345458984375,55032500
2021-04-01,313.1726923053448,314.7624351906503,312.9206479914796,314.6267395019531,55685600
2021-04-05,317.1083398561629,321.6740401855826,316.86599863468905,320.9082336425781,42172500
2021-04-06,320.598063443454,322.633706063615,319.90979306618453,320.685302734375,33537200
2021-04-07,320.2103566998267,322.29451530644985,319.27977449792263,321.4608459472656,32046400
2021-04-08,324.31076017304844,324.9990010571739,323.5158737532568,324.8148193359375,29940800
2021-04-09,323.45770841704103,326.9862112419978,322.7210111279812,326.7826232910156,36664900
2021-04-12,325.74534404855524,326.7728683332673,324.47547857249293,326.3560485839844,25833000
2021-04-13,327.87793315422925,330.6309255747527,327.6646717196911,330.1656494140625,30374000
2021-04-14,330.40802884439285,330.53405101338524,325.3867258114292,326.20098876953125,42564300
2021-04-15,329.07022829320124,331.53242285748826,325.91979309095314,331.1446533203125,36342800
2021-04-16,331.6682274547277,331.7457932207016,329.66163481322775,331.53253173828125,40860100
2021-04-19,329.96213303614445,331.1156500529259,326.57902941354195,328.4983825683594,34533100
2021-04-20,327.83932851728105,329.1188681220358,324.1363462851682,326.1041564941406,38081800
2021-04-21,324.824498866238,329.08002521372185,323.7388148510512,328.8958435058594,36598100
2021-04-22,328.50811147791865,329.4871499891358,323.77760565372427,324.93115234375,45936100
2021-04-23,325.5612107593178,330.3304695475756,325.5612107593178,329.0218505859375,36381900
2021-04-26,329.2642070255575,331.4452781726139,328.5177770778778,331.1641540527344,30812000
2021-04-27,331.4548993148628,331.6681607543951,328.7794725802449,329.72943115234375,33187200
2021-04-28,329.3998682226513,330.4080159525857,327.9651975909243,328.61468505859375,33615700
2021-04-29,331.8813692843512,332.29818898250164,326.57894348476367,329.7972412109375,37708900
2021-04-30,327.35452560683456,329.8360972860039,326.7244147806382,327.6356201171875,38263400
2021-05-03,328.8376550720035,329.58405537117176,325.4448780314179,325.8907775878906,29729700
2021-05-04,323.3413342392819,323.6612412033449,316.21649673606737,320.026123046875,65147000
2021-05-05,322.0714904622713,322.9342394294813,318.17465418454293,318.95013427734375,46219300
2021-05-06,318.6883728457284,321.50922789045813,316.449142582441,321.3541259765625,46814300
2021-05-07,324.12650640824586,326.33665698916013,321.52861582031727,323.96173095703125,53324500
2021-05-10,322.58529692328426,322.75977553069424,315.57677703224937,315.7803649902344,60700500
2021-05-11,309.905902951794,316.1389108031387,309.2467124803538,315.3440246582031,71963600
2021-05-12,310.41977403718346,312.7365410746286,306.3193493127598,307.1820983886719,91164900
2021-05-13,310.11913279437766,312.52313804580115,307.19163279830474,309.556884765625,69877800
2021-05-14,312.7171204997074,317.30219751217567,312.2130318222759,316.3910217285156,44370000
2021-05-17,314.6849106165879,316.3715959603401,311.60233754605224,314.4716491699219,39395000
2021-05-18,315.4216237712998,316.64300329263045,312.0773034068647,312.3487243652344,36528500
2021-05-19,306.9590711096651,313.00789819210576,306.610084387319,312.7073974609375,66319100
2021-05-20,314.1904954170739,319.60924077447305,313.967560459338,318.7561950683594,46466100
2021-05-21,320.30721556639253,320.7240353459111,316.6333441385424,316.99200439453125,50330400
2021-05-24,319.2796667771913,323.4479530014382,316.88533463286603,322.323486328125,32475800
2021-05-25,323.8357776478353,324.5530982924511,321.59654682988935,322.76947021484375,31280300
2021-05-26,323.4383486556551,324.35922771073353,322.75010774793566,323.8939514160156,25444900
2021-05-27,323.4479353091286,324.2912778723172,322.4785706006059,322.68212890625,27931700
2021-05-28,323.88419390364896,325.2897848341171,323.3801348081351,323.70001220703125,29927400
2021-06-01,325.02799863948223,325.5030074975126,321.2765616771264,322.6239929199219,31145400
2021-06-02,323.0408584081203,324.0974626171343,321.53835462068525,323.2541198730469,22047900
2021-06-03,320.4235502295139,321.6934158595787,318.22310259495436,319.8904113769531,37057800
2021-06-04,321.6836993136331,325.7647166420639,321.61583668105953,325.3188171386719,38736500
2021-06-07,324.7857051473166,326.3463980540727,324.09746433613174,326.2882385253906,32611900
2021-06-08,328.03310255552793,328.89585158541155,324.7663473137233,326.443359375,27282800
2021-06-09,327.81008464896746,328.5855646020038,326.3366313224689,326.52081298828125,21485300
2021-06-10,326.8601433007051,330.0299557799059,326.4142437430809,329.92333984375,33702100
2021-06-11,329.933056363857,330.7958054113523,329.28359838179995,330.7861022949219,21222800
2021-06-14,331.2126132076751,333.96560615059394,330.02998677040205,333.9559326171875,27827700
2021-06-15,333.6068642208596,333.9170680327256,331.05743026066455,331.7747802734375,35963800
2021-06-16,332.2400925756048,333.3063998058053,327.1121739212168,330.5631103515625,55399500
2021-06-17,329.554982803743,335.7686152979436,329.5065263923153,334.7604675292969,59722700
2021-06-18,333.10284873846405,334.2466921636833,331.3870540179676,332.13348388671875,55414900
2021-06-21,332.32462521783617,334.51794039002993,330.1119109228464,334.1976623535156,32992600
2021-06-22,333.9939621290701,337.75946620250755,333.69311274745945,337.31304931640625,28941600
2021-06-23,337.2548032042632,338.6231969029158,336.643390103058,337.4779968261719,27188500
2021-06-24,339.4092323186821,341.0881598467166,338.8657606820142,339.56451416015625,32581600
2021-06-25,340.1274205664771,340.3700429160233,338.5455181087182,339.147216796875,28682800
2021-06-28,340.428293046505,343.4077028094933,340.37006604801564,343.2718200683594,39130300
2021-06-29,343.09707100698824,344.5430905442502,342.26246444955655,344.51397705078125,29426000
2021-06-30,344.3586792692265,344.7468986534807,343.3881900425526,343.9704895019531,32724000
2021-07-01,343.6211701215332,344.6110585931317,342.2721757133601,344.1064147949219,29290000
2021-07-02,345.99884268911813,348.3765533766794,345.76593472908996,348.0563049316406,32727200
2021-07-06,348.65796848615605,349.8419665254549,345.9696943777668,349.5605163574219,38842400
2021-07-07,351.7538601770984,352.05470949206136,348.34743324169887,350.2981262207031,35265200
2021-07-08,345.24194347920064,349.0365611785717,343.9609197804823,348.1825256347656,50890000
2021-07-09,347.600137407865,350.83185348316795,347.01783795171673,350.3563232421875,35184500
2021-07-12,351.7539364988123,352.180954254699,350.18171860650807,351.7248229980469,25717700
2021-07-13,351.3463178711061,354.68480417149834,350.87078748627357,351.7248229980469,39723000
2021-07-14,354.0636320114519,354.70415856449887,351.53066891334356,352.3555908203125,35336400
2021-07-15,352.2682233868746,352.4720178509438,347.88159271368477,349.88079833984375,53391600
2021-07-16,350.7348139072601,351.7150175408342,346.697575017042,347.0469665527344,47262000
2021-07-19,343.6017628999815,344.69842066924264,341.65109933033574,344.2034912109375,64404600
2021-07-20,345.1350937044425,349.64786275416617,343.359081806931,348.20184326171875,42183700
2021-07-21,347.7748741118687,350.89013671875,347.5516508930821,350.89013671875,30259900
2021-07-22,351.09390553080846,353.2192794800728,351.09390553080846,353.2095947265625,30252200
2021-07-23,354.5294695016737,357.6156185912099,353.18050467776334,357.3341979980469,31960800
2021-07-26,356.6451112644814,358.0038200081069,355.78139116921693,357.6156005859375,28438100
2021-07-27,357.35357784691723,357.35357784691723,349.5314363134525,353.6754150390625,57933100
2021-07-28,354.81086405189757,356.6062750287339,352.5204940964089,355.0340576171875,42066200
2021-07-29,354.47114370216485,356.8294251066058,354.47114370216485,355.66485595703125,25672500
2021-07-30,351.74410207947614,354.3935482128629,351.7149885886468,353.8112487792969,36484600
2021-08-02,355.470899903298,356.0531995382084,353.13201660801747,353.8404846191406,27334100
2021-08-03,354.5003514418158,356.10165295883087,351.31714753282756,355.9851989746094,35558500
2021-08-04,355.94635621743237,357.4506324293252,354.8400137966244,356.4995422363281,29602200
2021-08-05,357.3147843777116,358.99374172153244,356.6063460622678,358.7608337402344,21443900
2021-08-06,357.4991928815327,358.46968232861104,356.0822865815548,357.1886291503906,33332100
2021-08-09,357.6446866760717,358.37255361139034,356.54805870512257,357.8485107421875,25960200
2021-08-10,358.36287930445565,358.65401424027687,354.8302841259189,356.0142822265625,35130800
2021-08-11,357.2758986455181,357.7708279845918,354.0732666019104,355.40283203125,34249800
2021-08-12,354.89817196482284,357.04294464722824,353.5491778593199,356.6838684082031,25969200
2021-08-13,357.03330415696774,358.26581484152007,356.5383451623687,357.93585205078125,19336200
2021-08-16,356.8197869708104,358.1299237331186,352.96694355657974,358.09112548828125,34856900
2021-08-17,355.34466168634174,356.3151510147856,352.5108494327965,354.93707275390625,44793900
2021-08-18,354.40332034686696,355.8008274852032,351.19100272642396,351.5209655761719,38541900
2021-08-19,349.58967858596617,354.8885422009641,349.33734187482844,353.21929931640625,48499400
2021-08-20,354.28680192087853,357.2759253852955,353.9762382539555,356.8780212402344,39486000
2021-08-23,357.9164386915184,362.9047678636542,357.9067539381562,362.2157287597656,34034700
2021-08-24,362.80775483823464,363.9238117282097,362.341909262712,363.3221130371094,21732900
2021-08-25,363.5744132863753,364.31199463604713,362.82711756621313,363.7393798828125,20441900
2021-08-26,362.8853297273357,363.5646543878473,360.9928639664528,361.4295959472656,29133300
2021-08-27,362.0604556103134,365.4474538399385,361.5752109531415,364.94281005859375,27104700
2021-08-30,365.72880625901945,369.5234220176798,365.70937752305724,369.0381774902344,27295700
2021-08-31,369.28092896693454,369.34884071563806,367.1943530752369,368.7374572753906,29628200
2021-09-01,369.79529288814643,371.41599361649696,369.14505195230834,369.3488464355469,28138300
2021-09-02,370.6977473620195,371.02771012392384,367.9609608099566,369.174072265625,25453400
2021-09-03,368.0290360927829,370.7075966391146,368.0096369645449,370.3096923828125,24605400
2021-09-07,370.41637587791985,371.48392010902126,369.26149115749905,370.83367919921875,23970200
2021-09-08,370.6590256855365,370.6590256855365,367.28174138032995,369.54296875,32949200
2021-09-09,369.7661990256382,370.8725416103821,368.02901459763234,368.2716369628906,29399000
2021-09-10,369.97958528796,370.69773777370705,365.1465387114741,365.47650146484375,40249400
2021-09-13,367.80568691624063,368.232704527197,363.17646416375703,365.22418212890625,48741800
2021-09-14,366.7091007301896,367.4369677608617,363.2347618019217,364.18585205078125,41826600
2021-09-15,364.64195049764095,367.24285467894634,362.3515803792951,366.8934631347656,34097900
2021-09-16,365.5639714270887,367.7184592644922,363.6424212052076,367.1458740234375,35193100
2021-09-17,366.67024577672095,366.71875839113625,361.7595726718765,362.7979736328125,60912300
2021-09-20,357.0113261247993,358.7504360667191,350.66700680296344,355.3013916015625,76203200
2021-09-21,357.12794816062376,358.3229841141822,354.61159767451653,355.7386169433594,41927500
2021-09-22,356.6519087067731,360.5187493428805,355.55403515444647,359.0614013671875,46972900
2021-09-23,360.217574445798,363.404307570577,359.5763377643105,362.37445068359375,44652000
2021-09-24,360.1106895280067,363.1322731716639,359.7414899525931,362.7144775390625,36056800
2021-09-27,359.6734239920865,360.6935555215144,357.27365692828073,359.81915283203125,43338100
2021-09-28,355.2722726687899,359.77059480277074,349.1319732652067,349.6371765136719,97701600
2021-09-29,350.90029877023125,353.03772492250675,348.4422394227289,349.06402587890625,58076600
2021-09-30,350.7058843035633,352.3672524598552,346.94593179993717,347.7814636230469,61384600
2021-10-01,348.40332487128245,350.97796700376824,344.3033180915017,349.9383850097656,56375500
2021-10-04,348.32555161560936,348.6558802320663,340.3587346103022,342.59332275390625,76766000
2021-10-05,343.652299412036,349.4622696577363,343.4288584043883,347.21795654296875,47232900
2021-10-06,344.0118856238766,349.7149997897603,343.10833686047704,349.4429626464844,56806500
2021-10-07,352.48389921273855,355.29173732282277,351.9495501269947,352.6490783691406,39411200
2021-10-08,353.72751833333194,353.9607141915723,350.3561852041232,350.89056396484375,41822300
2021-10-11,349.35535390242,352.8724443523781,348.1117518020955,348.19921875,34847200
2021-10-12,349.6469428519261,350.0841294694706,346.3436265923632,346.98486328125,43905100
2021-10-13,349.2874617626891,350.4339017377287,347.266589269575,349.7635192871094,40120800
2021-10-14,353.3485519783858,356.41870158590115,352.687894754568,356.2049560546875,43433900
2021-10-15,357.4194230091557,358.56586286925926,356.3895662331551,358.44927978515625,40419900
2021-10-18,357.15710508473506,362.2675480418583,356.5547393437458,362.0538024902344,34513500
2021-10-19,363.1224554291939,364.84211497896575,362.1023239360742,364.7935485839844,29091000
2021-10-20,365.25022970588054,365.86232053598303,362.84073729606274,364.3175354003906,31390300
2021-10-21,363.5208051380614,366.7366832803752,363.2196223259279,366.5423583984375,25469300
2021-10-22,365.2891022902149,366.2509423706017,361.8011867064768,363.4625549316406,36275800
2021-10-25,364.8810498429271,368.0969285094743,362.9379193060493,367.18365478515625,32597800
2021-10-26,369.41832729284755,371.8277905388129,367.1642884209636,368.3398742675781,47191300
2021-10-27,368.78675373553443,372.2552490684939,368.52444177120924,369.19482421875,45760500
2021-10-28,371.0893573713803,373.54741625645437,370.32181252550123,373.2947998046875,38007000
2021-10-29,370.2247402089012,375.29631321107075,369.87499086728803,375.1311340332031,37310100
2021-11-01,375.5682257211383,376.5397908807335,373.4890916975087,376.4134826660156,30765300
2021-11-02,375.80140507193687,378.46351386461185,375.7528386721774,377.9874267578125,25135300
2021-11-03,378.47324379942285,382.41779647294356,377.4336914813911,382.0000305175781,33748900
2021-11-04,383.26305361105216,387.84884257503916,382.7189794670043,386.8966979980469,40265300
2021-11-05,388.6649559362815,389.58792509832745,385.86684338012475,387.2658996582031,43383800
2021-11-08,387.23677975210165,388.25691143350406,386.10003533155617,386.74127197265625,29256300
2021-11-09,387.80996941367835,388.20831470429704,382.7189772454321,384.07916259765625,50490700
2021-11-10,381.31021202374023,384.11802015749754,376.51067735237274,378.43438720703125,54937400
2021-11-11,381.4073523210302,381.58222693861705,379.1435888329395,379.483642578125,32243000
2021-11-12,380.63018886710097,384.0112473354142,379.0368369336371,383.4768981933594,34730600
2021-11-15,384.65245709370566,384.9730606264677,380.95079532997596,383.389404296875,33716900
2021-11-16,382.66061624762506,386.6148933225803,382.4663210174151,386.1194152832031,27872900
2021-11-17,386.44006941150644,388.3540540965329,385.3616462404101,386.323486328125,28703300
2021-11-18,388.36380376999676,390.83155825697514,386.1486360963617,390.32635498046875,45721500
2021-11-19,391.9585808347099,393.77540319697215,391.1327444019126,392.5026550292969,45191700
2021-11-22,394.03768584861945,397.0883850082743,387.83909543432225,387.9459533691406,61715400
2021-11-23,386.789887223981,388.84963077816195,381.7474900750113,386.1778259277344,70098700
2021-11-24,383.7003052575749,387.7031498463432,381.3782794363445,387.4214172363281,46954400
2021-11-26,384.8466526823077,386.2360133638719,378.68693326374836,380.0762939453125,51533300
2021-11-29,384.6330449857297,389.33541801935075,383.90437092711403,388.3249816894531,54447100
2021-11-30,387.440812314893,389.78228826501027,380.6107093860575,382.6218566894531,81332700
2021-12-01,386.9550383610428,389.0924939464996,375.64603334024446,376.11236572265625,77766500
2021-12-02,374.8297589917387,380.6008573690601,373.411282416953,378.8229064941406,84416600
2021-12-03,380.1832061761861,381.1839172255173,368.1260775304697,372.2358093261719,105349100
2021-12-06,372.7216367168469,376.578752515702,368.51474195836346,375.21856689453125,67588800
2021-12-07,381.8542903912459,387.1298826017134,381.8154194791573,386.5177917480469,56005300
2021-12-08,386.8481656391627,388.4512424421491,384.9536014584753,388.2471923828125,39204000
2021-12-09,387.0230508591578,388.8204526297621,382.3400989043438,382.534423828125,49973700
2021-12-10,385.34228931509506,386.9550915421731,382.1749764167518,386.6927795410156,52545800
2021-12-13,386.6829453531064,387.0035488196658,380.736971138381,381.1061706542969,50166400
2021-12-14,376.28724959080563,378.9979252293101,372.72162134697993,377.16168212890625,75199200
2021-12-15,376.909063672621,386.11951385042335,372.96451072965965,385.760009765625,73858000
2021-12-16,386.72184428250864,387.14933536877277,374.2566453963507,375.8403015136719,82591400
2021-12-17,372.4301505475138,378.123539191252,370.9145109003366,373.9652404785156,80492500
2021-12-20,369.2481081379167,371.1256172416419,367.2052088944607,370.337646484375,65336800
2021-12-21,373.60617144539583,378.937159569745,369.86089170437486,378.6258544921875,48899500
2021-12-22,378.3340782683433,383.44131102709355,377.6725771503509,383.2370300292969,37042200
2021-12-23,383.58724190976255,387.59519903351975,383.42188146726215,386.12628173828125,29595500
2021-12-27,387.4200560757079,392.5078430175781,387.39087307820034,392.5078430175781,32820700
2021-12-28,393.4027971113481,393.57789509151775,389.813140079433,390.68865966796875,33113700
2021-12-29,390.82488316984586,392.08951932991863,388.2566606022235,390.63031005859375,32248500
2021-12-30,390.4162215112164,392.5953271533182,388.87920108358554,389.462890625,23850100
2021-12-31,388.79169097937756,390.15361358706275,386.5347736936786,387.0309143066406,34752900
2022-01-03,388.19835056295585,391.0097750810497,386.08737747126014,390.7568359375,40575900
2022-01-04,391.3014957438579,391.34041629837895,382.59489941582365,385.68841552734375,58027200
2022-01-05,384.00552916746227,385.12428010378204,373.5867825549278,373.8397216796875,75739800
2022-01-06,372.02056019679407,376.8164876394273,369.79282568546137,373.5770263671875,70814300
2022-01-07,373.58682801623934,375.2697937191011,367.75972737664983,369.53021240234375,72652300
2022-01-10,364.62722258681447,370.28896172719385,359.2670509897626,369.7733459472656,91770500
2022-01-11,369.0437150608484,375.49342437997234,366.9619254037455,375.32806396484375,68295700
2022-01-12,377.89632906917427,379.5890322281386,374.54016512828366,376.8165283203125,54576400
2022-01-13,378.1978779155955,378.8788541706966,366.4561289540999,367.3900146484375,77994000
2022-01-14,364.8704215155353,370.0068369648737,364.66611084234313,369.67608642578125,80121200
2022-01-18,363.8684414821431,365.98915188546283,359.71453998380207,360.47332763671875,75450900
2022-01-19,362.0298017987283,364.5007377255495,356.25133090845486,356.5140075683594,81791500
2022-01-20,359.73400638356384,363.7030425438633,351.3484218440726,351.8834533691406,88610700
2022-01-21,349.6946518810321,352.3309484155579,341.84409858774796,342.126220703125,143388900
2022-01-24,336.5034209388335,344.35397467492515,325.0632096858729,343.69244384765625,198685800
2022-01-25,337.2426718236753,341.48409176806155,332.3883496565951,335.7250671386719,124398400
2022-01-26,343.3130289963466,347.17507067851926,331.51288540493397,335.1998291015625,146559500
2022-01-27,339.8984675125725,341.7176102878764,330.80272394836476,331.8241882324219,95255700
2022-01-28,333.7017452516599,342.447264423983,328.7599022902496,342.2332458496094,108167900
2022-01-31,343.59518904683466,353.76099683287447,341.9608519381852,353.17730712890625,94326400
2022-02-01,354.51975345573044,356.2319018538568,349.3736300747479,355.5801086425781,74433000
2022-02-02,359.70475140294946,360.03550187614525,354.3835014643365,358.4692687988281,78777100
2022-02-03,348.78022424897017,352.0877595673493,342.87528317586026,343.9356384277344,95384800
2022-02-04,344.4511719615143,351.5721197620459,342.39856533383363,348.2743225097656,86318300
2022-02-07,348.867832699805,351.2317451693235,344.217819211583,345.4727478027344,58198100
2022-02-08,344.33447295829444,350.44369468405654,343.2060142079704,349.3541564941406,64720900
2022-02-09,353.8680575709258,356.83510514882835,352.2726408608692,356.7572937011719,55766400
2022-02-10,349.74321634779176,356.5236756250756,346.84427335256765,348.682861328125,112468500
2022-02-11,348.6829020313012,350.2783183711059,336.3963555781641,337.6221008300781,101569100
2022-02-14,337.06753824749495,341.43545733374987,334.53826642159675,338.04034423828125,80254400
2022-02-15,343.31308852518026,346.678990144254,342.25273317860683,346.4455261230469,55128800
2022-02-16,344.1982793145098,347.379344739258,341.1728367486853,346.35791015625,58947100
2022-02-17,343.14764391072606,343.84806555084964,335.63757898128034,336.055908203125,61801400
2022-02-18,336.98976643850756,337.37888294301985,329.9174767418236,332.2230224609375,80001500
2022-02-22,329.2851761441837,334.6842686128457,325.2577737302446,328.8863220214844,85967100
2022-02-23,332.03817840867356,332.8747773875307,320.15048692148855,320.4617919921875,86215400
2022-02-24,310.1695256086582,331.76583514902126,309.6053110745808,331.23077392578125,130614100
2022-02-25,332.0284500570756,336.571467640058,328.2150667421436,336.3671569824219,78842100
2022-02-28,333.1958841481367,339.0619047530669,332.0382423149123,337.36920166015625,77515500
2022-03-01,336.34774671347776,338.61437211753906,329.6840182452462,332.2035827636719,67407000
2022-03-02,333.750339065548,339.11051074418504,330.98757301152676,337.77777099609375,70609000
2022-03-03,340.41404313685024,340.5210672491219,331.0945734414268,332.95263671875,71089400
2022-03-04,330.5984998691438,332.028526362809,325.8123093471127,328.1275634765625,76936300
2022-03-07,328.1178218819508,329.2754636715576,315.8215368751897,316.02581787109375,89933800
2022-03-08,315.2377701128646,324.14867657003094,311.2395517322768,314.55682373046875,116153900
2022-03-09,322.7284579772235,327.2325554489857,320.1407899136627,325.8803405761719,64723400
2022-03-10,321.8236991892484,323.46774376119345,317.82545095320063,322.2614440917969,69362700
2022-03-11,325.2284952433668,325.5398002751999,315.09184409095394,315.5782470703125,66228400
2022-03-14,314.3428716623377,317.70877279649835,308.81733958006123,309.51776123046875,79802600
2022-03-15,312.15399880126375,320.0045504663024,310.54887481426624,319.2262878417969,76471000
2022-03-16,323.13709448475873,331.1821922156537,319.4695955889141,331.0654602050781,105243000
2022-03-17,329.1684535780236,335.131760776708,327.8746342985671,335.0733947753906,67810000
2022-03-18,333.41961616057836,342.2235308402903,332.2619743080111,341.9316711425781,85446300
2022-03-21,341.09792410133036,343.31866317461163,336.5979780751096,340.98101806640625,73799100
2022-03-22,341.47778831063994,348.5491026772083,341.09794028339115,347.6822204589844,63345900
2022-03-23,344.80881680122246,348.3639424814587,342.6270171803516,342.6854553222656,70615500
2022-03-24,344.60431889958267,350.3509948884147,342.4517676660401,350.3022766113281,53555300
2022-03-25,350.2439150165743,351.2958614491337,345.7147788234264,350.0101623535156,57584200
2022-03-28,350.00042143619373,355.5230660331783,348.7634405976162,355.4256591796875,56833900
2022-03-29,359.3118697413128,362.16570862470064,356.5456880901624,361.5423583984375,68073000
2022-03-30,359.68197082403816,361.3377976846079,356.06840647526775,357.54888916015625,68757700
2022-03-31,357.69501139905674,358.04567005236385,352.27952440693844,353.1171875,67011400
2022-04-01,353.3801696236196,354.1593648604611,349.269850841836,352.44512939453125,54527800
2022-04-04,353.28273195497076,359.7111961332405,353.01976027347615,359.7014465332031,45950200
2022-04-05,358.2502217162296,358.96125893501994,350.5750266015486,351.7146301269531,62738700
2022-04-06,346.4062655140077,347.5069003465268,341.4485636915753,344.0783996582031,90077100
2022-04-07,343.08487346263547,347.08806535874953,339.627153877945,344.89654541015625,63777400
2022-04-08,343.16281654814475,343.9127926867397,339.4420954838791,340.0751953125,61956100
2022-04-11,335.84797458933093,336.7635452464772,331.6889676814274,332.0298767089844,66107400
2022-04-12,336.77334394794974,338.6531740869484,329.2539936675608,330.6273498535156,72790200
2022-04-13,330.9682456882889,338.3999391002266,330.24748854144997,337.3480224609375,61367800
2022-04-14,337.43560901526075,337.95183248717245,329.4195059388165,329.6337890625,73519400
2022-04-18,328.58191656925595,332.1760118780032,327.062465025245,329.8870849609375,58560600
2022-04-19,329.2442113806773,337.83497659773195,328.2215139748147,337.26031494140625,56515700
2022-04-20,338.06872955151954,338.526514901853,331.1240416669341,332.341552734375,65500000
2022-04-21,336.21812360109845,338.8284602340918,324.53976678286665,325.4650573730469,75801000
2022-04-22,325.6208967999029,326.83840786440084,316.51390809257975,316.9424743652344,82562100
2022-04-25,315.31586648054065,321.3254838822718,314.04963725828924,321.0137939453125,101755900
2022-04-26,318.95862177122086,319.14368579729404,308.62437427991836,308.8971252441406,105819600
2022-04-27,308.99460490463673,314.4880299191274,306.8128342616935,308.527099609375,111204200
2022-04-28,313.48484146015346,321.3158831138624,309.2673653216169,319.4847412109375,99450000
2022-04-29,315.28668087637624,318.7249309741561,304.4751765510485,305.1082763671875,91977900
2022-05-02,304.69924800360195,310.4361757635452,301.6019062571013,310.2024230957031,115511800
2022-05-03,310.221787848372,312.8224042977626,307.76729649145034,310.5334777832031,78185500
2022-05-04,311.0107361696474,321.7053631030934,305.7316253124771,321.0332946777344,116083400
2022-05-05,316.71847764967674,316.79638528062134,301.57262187157147,304.8647766113281,154607400
2022-05-06,302.86807676149334,306.9004581164156,297.1798386765447,301.2122497558594,139572800
2022-05-09,295.5922200348363,301.3096472968291,288.03390175661394,289.4267272949219,113387300
2022-05-10,296.59546557688515,297.81297672621145,288.86183237841306,292.94293212890625,124124600
2022-05-11,290.6832255838595,296.18637005820534,283.38790825672874,284.2547607421875,140326100
2022-05-12,279.978887320911,288.0631497956638,277.53411532056,283.58270263671875,120910900
2022-05-13,288.0339179888043,295.12470171225505,286.43652909796657,294.0922546386719,83684900
2022-05-16,292.3487744870589,294.40394878669343,289.4072782183106,290.6832275390625,59190400
2022-05-17,296.53704468062864,298.5921893526094,292.73838589410195,298.21234130859375,62715300
2022-05-18,293.70259100455945,294.39412885704473,282.3164269513766,283.5729064941406,79477100
2022-05-19,281.77105612186665,286.73850768800816,280.1054794237619,282.0534973144531,79920700
2022-05-20,285.51123134311183,286.1638006552641,272.9270233764225,281.1768798828125,91764200
2022-05-23,282.21907844050895,286.23199034784994,279.8230248721788,285.8521423339844,63648400
2022-05-24,280.6411741346291,281.3521815700702,274.913997352395,279.7742919921875,73491100
2022-05-25,278.28408246900483,285.76449362585697,278.07954891697494,283.6898498535156,67144500
2022-05-26,282.8911258210658,293.0987490190363,282.60865493867686,291.550048828125,59462200
2022-05-27,294.6766361236019,301.21222696962036,294.5597598213431,301.0661315917969,66985600
2022-05-31,301.03696198777624,303.23820206563914,296.42013921910774,300.2674865722656,60968300
2022-06-01,302.40051240627986,304.5238444499757,295.83570262602854,298.04669189453125,65341700
2022-06-02,296.92664928605205,306.3842683433846,295.5143243477627,306.2089538574219,59291300
2022-06-03,300.997978827493,302.4005540664085,296.9948163878671,298.2415466308594,60914700
2022-06-06,302.67323523378644,304.23165526192764,297.6765653234213,299.2349853515625,51785000
2022-06-07,295.9136101442326,302.59532594620396,294.8227250478429,301.81610107421875,44900300
2022-06-08,301.01743035758443,303.61804712763023,298.7966913157756,299.64410400390625,38342100
2022-06-09,297.9590629986376,301.01743545544304,291.4526907496542,291.6182556152344,55900500
2022-06-10,286.01762060867077,287.2059122944802,280.8846059665672,281.3326416015625,85963500
2022-06-13,272.47893369094703,275.0016126557796,267.39460709047296,268.2517395019531,94442000
2022-06-14,270.44334634056844,271.4173553543754,266.2356202670673,268.73883056640625,64697500
2022-06-15,272.1575818938242,279.37496173778936,269.4205895185,275.44970703125,86051400
2022-06-16,268.42706149435605,268.884846785,262.2810688052266,264.33624267578125,81910300
2022-06-17,265.10576498452855,269.9855596323229,263.47918658486117,267.550537109375,82703400
2022-06-21,272.026869215321,276.6135225102179,271.9195365844866,274.3006591796875,51633700
2022-06-22,271.8023145946938,278.30168441364646,271.2070415910912,273.9004821777344,67472900
2022-06-23,276.37927703453715,278.8287481171388,273.54922781064863,277.979736328125,57457800
2022-06-24,280.800004903636,287.92395446562955,280.5658029808013,287.5043029785156,58422300
2022-06-27,288.8608200227862,289.42681798517424,284.26442815111665,285.3964538574219,54151500
2022-06-28,285.9331509640633,288.5192298202316,276.51590467871944,276.7013244628906,61609800
2022-06-29,276.56473159358586,278.45794354155225,274.06647805469794,276.955078125,57302700
2022-06-30,273.97862381270477,277.09168696089944,269.12849346614837,273.51995849609375,79313600
2022-07-01,272.2220832289671,275.71572495682835,270.34837814829655,275.32537841796875,56675100
2022-07-05,271.5974532153894,280.1559193205776,270.075081156703,280.038818359375,61829300
2022-07-06,280.4194324508901,283.93261027210065,278.70187223129227,281.8344421386719,63194700
2022-07-07,282.64444764131935,288.56805306343966,282.64444764131935,287.86541748046875,56620100
2022-07-08,285.0353208882049,289.5926984461402,284.0984834291946,288.2264709472656,59895500
2022-07-11,285.8160750990645,286.0405087026964,281.1904079923632,282.0686950683594,55273900
2022-07-12,283.3177929939941,285.2305115091865,277.74549076739095,279.336181640625,55797100
2022-07-13,273.8322492499436,281.10254575215123,273.2662215205759,278.76043701171875,73939400
2022-07-14,276.16459414754115,280.62437810279306,273.0515309298952,279.755859375,63741800
2022-07-15,282.7420134428055,284.93774569739867,281.1317859642174,284.83038330078125,63818100
2022-07-18,287.6116464040557,289.01691741139587,281.24891307414424,282.4199523925781,59519600
2022-07-19,286.0405209277583,291.39812890521887,284.44009126466915,291.1053466796875,55172600
2022-07-20,291.52494548414666,296.90202960971567,290.744222805503,295.7212219238281,67769400
2022-07-21,296.1799156552056,300.0248895951628,293.525517855766,299.9663391113281,55049400
2022-07-22,299.0392748591571,301.10813827886636,292.88146674837793,294.70635986328125,57127700
2022-07-25,294.73562410111066,295.2040577901947,291.0272875191682,293.02783203125,40582400
2022-07-26,291.3298418811851,291.5835805480421,286.46020374795387,287.2701721191406,50074100
2022-07-27,291.82753909562643,301.09841102643696,291.2615112895609,299.4101257324219,69304400
2022-07-28,299.19539952894036,302.9135043443742,295.44801947013815,302.3377380371094,55139900
2022-07-29,303.8795969019885,308.7590018701451,302.45478920858915,307.8514099121094,57501000
2022-08-01,306.08512341017763,311.1206738276758,304.9921412634084,307.6660461425781,46358800
2022-08-02,305.3726912440391,310.8668761787576,304.3187231015019,306.7486572265625,48676500
2022-08-03,308.4272114359011,315.92200095901455,308.36866095210183,315.1022644042969,53735700
2022-08-04,315.1803636806415,316.8881558420076,313.0334130508828,316.57586669921875,38973700
2022-08-05,311.4915533925478,316.01962712162236,310.71086026801095,313.98980712890625,53894000
2022-08-08,314.90710902657366,318.59593879727134,311.5110317053239,312.974853515625,43878500
2022-08-09,311.0816452057415,311.3353838525647,307.812466949981,309.4324035644531,39764200
2022-08-10,316.76126202887053,318.3617214257896,314.29228388628064,318.0689392089844,51459600
2022-08-11,320.39150687223895,322.3920511229261,315.560883736056,316.2635192871094,45897700
2022-08-12,318.31287551508046,322.61651454334356,317.25893707907943,322.4213562011719,40928400
2022-08-15,321.4747554105668,325.5246558976248,321.4552187289758,325.0269470214844,38266600
2022-08-16,324.05114354482527,326.35423890952364,321.2210937184744,324.2658386230469,41186900
2022-08-17,321.13322746982783,323.43629276250306,318.48856802587005,320.56719970703125,47842200
2022-08-18,320.51836775693374,322.51891195508205,318.9081700143356,321.3381042480469,41937200
2022-08-19,318.3031923010288,318.95701604420105,314.3118118825432,315.072998046875,51770600
2022-08-22,310.8181468831801,311.052348829549,305.9680163669286,306.7779846191406,51098900
2022-08-23,306.5437988949074,309.35434152618393,305.7728444052722,306.5242919921875,39497100
2022-08-24,306.0460352146257,309.22741689930655,305.44099374167973,307.41229248046875,38057100
2022-08-25,309.1884071663571,312.8674981086766,308.1442369849633,312.84796142578125,38098300
2022-08-26,312.5551491185306,313.75549340701093,299.9370155969766,300.02484130859375,69047700
2022-08-29,297.2729198727488,299.8102168935229,295.9652426671527,297.0679931640625,48321900
2022-08-30,298.7171659965852,299.33197576269185,291.24191431463987,293.7596740722656,51184500
2022-08-31,296.65813213421137,297.5559559895286,291.94463879300986,292.0519714355469,50044000
2022-09-01,289.56350871500655,292.54970319492196,285.88444683132894,292.1788635253906,57990700
2022-09-02,295.047830695625,296.4238263522278,286.44055392360985,288.05078125,64666800
2022-09-06,288.52902944390166,289.446360123515,283.8545503145779,285.9819641113281,57005400
2022-09-07,286.46012838191547,292.7545432113645,286.19662144134224,291.7591552734375,49260400
2022-09-08,289.69032244366866,294.58923504644343,288.32409480360485,293.27178955078125,55649800
2022-09-09,295.5261464185198,300.1811196804725,293.2718628039594,299.68341064453125,56125200
2022-09-12,301.0593663354785,303.57712686254604,300.7470771871738,303.2453308105469,45905700
2022-09-13,294.52094725160663,295.71152355943633,285.7282775028178,286.6163330078125,79562200
2022-09-14,287.7580500540228,289.76836270160635,285.9917076770831,288.89007568359375,54907200
2022-09-15,286.9773782296725,289.37803753073274,282.4785506213726,284.0790100097656,65299400
2022-09-16,280.7804729247399,282.73223485810206,278.7311169384049,282.3418884277344,79920400
2022-09-19,279.7013441584104,284.6970440569441,279.6426884526191,284.5406188964844,52613800
2022-09-20,282.0378998122083,284.5602147143925,279.97510436926854,282.2725524902344,51271100
2022-09-21,283.11327668494283,287.3757802061988,277.08128628170294,277.2181396484375,82931000
2022-09-22,275.6930415739473,276.70000432671964,272.58416975490826,273.80621337890625,62757100
2022-09-23,271.3425285725791,271.63583691551656,265.9362092867827,269.3481750488281,74815200
2022-09-26,268.8789462776998,273.2391899171992,267.4418216694611,268.23370361328125,71176700
2022-09-27,271.59678965082986,273.94310779342754,266.02425795648827,268.3412780761719,69780100
2022-09-28,268.32168776244924,274.9598376182292,266.84547923320525,273.67913818359375,79652100
2022-09-29,269.69033479435024,270.0716267058167,262.82734890338435,265.7895812988281,81216000
2022-09-30,264.9683877032516,269.0353524973825,261.12628967839305,261.28271484375,78482400
2022-10-03,263.052202223666,269.00599456249716,261.54663628113104,267.4124450683594,61267400
2022-10-04,272.75037177377175,276.5240582865972,272.75037177377175,275.8201599121094,66696900
2022-10-05,272.05626158200477,277.46258183875364,269.26023985446955,275.67352294921875,55766300
2022-10-06,274.67631791285686,277.8243037680566,273.18053757441095,273.503173828125,53489400
2022-10-07,268.86912454819236,268.9962218517526,261.75194406425254,263.08154296875,71354700
2022-10-10,263.2770705805112,263.66814841441,257.74368321845105,260.45172119140625,60393000
2022-10-11,258.77996563092654,261.6444286795512,255.19203248058224,256.8735656738281,66522500
2022-10-12,257.50902376665675,259.4251797950677,256.0914710787955,256.78558349609375,50580200
2022-10-13,249.45333399672413,264.12764394193346,248.5734536032913,262.8078308105469,112894100
2022-10-14,265.1346064671202,265.7309494570083,254.32196646625434,254.9085235595703,77244300
2022-10-17,260.8720549473756,264.1960071537805,260.77428550467795,263.325927734375,64576500
2022-10-18,270.3454004390657,271.01018506656084,262.72961557378073,265.4083557128906,69781000
2022-10-19,263.89295658178486,267.5590871120454,262.07457015959795,264.4404296875,53115400
2022-10-20,263.55088989400826,268.69326070650186,261.9280416811121,263.0914001464844,60605500
2022-10-21,261.98664687419677,269.79794124035857,260.8525866557526,269.26025390625,77897700
2022-10-24,269.52419104231006,273.1512084780125,265.8873877095541,272.22247314453125,63963600
2022-10-25,273.16097158157777,278.23489911038496,271.68473333216065,277.8536071777344,59014500
2022-10-26,272.2321650011446,277.62872793281883,271.2252023988285,271.7140197753906,63492400
2022-10-27,270.5995535840702,272.05621993697093,266.2490666463493,266.7672119140625,57760300
2022-10-28,266.1415825130853,275.39978700768586,265.97537143833364,274.9305114746094,62651300
2022-10-31,272.68194966008537,273.503159426672,269.81745662103884,271.733642578125,47742000
2022-11-01,275.2042553559678,275.76151447216347,268.59543314016713,268.9571533203125,45895900
2022-11-02,268.9278309425427,271.98783336025116,259.66962601443583,259.7380676269531,79803100
2022-11-03,257.1277827515424,258.58444930817916,254.28286141146174,254.66412353515625,70038900
2022-11-04,259.5913715372942,260.64720401130904,253.28561503914713,258.7603759765625,78313200
2022-11-07,259.80656247116775,262.1431249925837,257.67532482937264,261.60540771484375,47333800
2022-11-08,263.1206707578258,266.7476878754442,259.5816073657685,263.51171875,63213800
2022-11-09,261.7715798487891,262.55367598259363,257.1473551571443,257.4308776855469,64862100
2022-11-10,269.83696023512476,276.71948696896897,267.72526572529426,276.42620849609375,99256700
2022-11-11,276.24055218615365,282.18458988685967,274.9011969662566,281.519775390625,66961800
2022-11-14,279.4667117965301,282.7417948379583,278.0784868785844,279.0561218261719,55290700
2022-11-15,285.67472427703444,286.7012589614155,279.5742912260636,282.9178161621094,73985400
2022-11-16,280.9625219079878,283.0057753682395,278.2349120504045,279.0561218261719,48859800
2022-11-17,274.5981478527372,279.9164851097725,274.44172265870026,278.44024658203125,55462100
2022-11-18,281.4512971712553,281.5490367833149,276.00586416945714,278.449951171875,53588600
2022-11-21,277.0616572706846,278.21525901154644,274.7544537889609,275.58544921875,40083500
2022-11-22,276.3187789752924,279.71114388498205,274.1875119369852,279.55474853515625,41873400
2022-11-23,279.5742388647001,282.9861749393081,279.39827175235274,282.3605041503906,46390000
2022-11-25,280.76703301765747,281.4709314987585,280.0142647144887,280.5030822753906,15498800
2022-11-28,278.5281995041328,280.54212517373634,275.45844118480625,276.3871765136719,38714200
2022-11-29,276.6120339936034,277.0128679016486,272.9263609879941,274.2950439453125,35618900
2022-11-30,274.5589724039487,286.9065055448826,273.70843484346506,286.7989501953125,74718100
2022-12-01,287.12155105725975,289.13547624804187,284.37439980667705,287.15087890625,51547300
2022-12-02,282.0868144885837,286.88700597383513,281.9108175119256,286.0071105957031,53583200
2022-12-05,283.8856499926698,285.1565635314254,279.7502432906329,281.2069396972656,41482100
2022-12-06,281.0505193835465,281.1873727687558,273.991993519204,275.3802185058594,53937600
2022-12-07,274.19729521334705,276.2503347220623,272.54508964298054,274.2559509277344,45614300
2022-12-08,275.6050946410666,278.46955811599247,273.53251315292846,277.501708984375,42594900
2022-12-09,276.48491532642936,279.25163871744275,275.2921995910729,275.7321472167969,47860500
2022-12-12,275.90812369116725,279.2516481889468,274.871833080141,279.1929626464844,35732500
2022-12-13,290.0153845506873,290.2402513163145,279.5155953648504,282.1943054199219,80667700
2022-12-14,281.6077090523937,284.8925776911261,276.856417960983,280.1021728515625,64984400
2022-12-15,276.01569500511505,276.68050952451307,269.50467172161177,270.6973876953125,60554100
2022-12-16,270.0227634589525,271.55762753266515,266.5130280152086,268.1163635253906,68300400
2022-12-19,268.3858829093709,268.47407711477496,263.11360998326035,264.348388671875,44167900
2022-12-20,263.1821914650864,265.8869331436149,261.6044454235954,264.142578125,51064200
2022-12-21,265.18133792927495,269.27762774929147,264.3385435697956,267.9742736816406,46394700
2022-12-22,264.9657495187062,265.09315110385836,257.2043313066332,261.4182434082031,60278400
2022-12-23,260.15405720930426,262.6726010348919,258.25290263889315,262.0061950683594,39373600
2022-12-27,261.39869811150265,261.50651098552913,257.7629967848658,258.3019714355469,38009000
2022-12-28,257.90017946439536,260.1541112739001,254.5290611692624,254.8916473388672,47139000
2022-12-29,257.69428953978155,262.04538214653854,256.9985154694248,261.1046142578125,45893600
2022-12-30,258.34113754746767,261.07527757710335,257.03778328615977,260.9478759765625,37858300
2023-01-03,263.27044150482857,264.74040491904475,256.88101129736896,259.1839599609375,42335300
2023-01-04,261.30073374037886,262.0945116610241,257.2730180814706,260.4187316894531,47754900
2023-01-05,258.75271045594553,258.9192895246878,256.0283800668829,256.3419494628906,45396700
2023-01-06,258.0765107602251,264.5345446367725,255.1267754282982,263.4173583984375,54659700
2023-01-09,265.40672993298676,269.7774418403852,264.5149786181728,265.12255859375,45568700
2023-01-10,264.09358467777196,267.4745120737934,263.58400819036984,267.36669921875,35247800
2023-01-11,268.4349015637978,272.1000003561461,267.65090322153156,271.9921875,44077000
2023-01-12,272.55078814271513,274.4911504479409,268.25849055952096,273.462158203125,60600000
2023-01-13,270.96319773646184,275.58868281451504,270.63000968968595,275.34368896484375,44802900
2023-01-17,275.14768251608376,277.18604809737275,273.98150939661457,275.90228271484375,36269700
2023-01-18,277.4407725443882,278.9891501528121,272.10973481609165,272.3155212402344,47754500
2023-01-19,270.6888091384825,271.82558420366604,268.40547959041226,269.6402282714844,44150400
2023-01-20,271.2474001259053,277.35262774545413,270.1890099432116,277.0194396972656,60613600
2023-01-23,277.8622557058228,284.39867540350957,277.06847796030434,283.1737060546875,52799900
2023-01-24,281.55674841928726,283.7518838905232,281.03736261916526,282.59552001953125,44875100
2023-01-25,278.08762887043525,282.5857126972859,275.54949598721333,281.9683532714844,50872000
2023-01-26,285.38846018754776,287.64239182663204,282.7425144316851,287.46600341796875,51596300
2023-01-27,286.152809973951,292.28746540168373,286.0352177137922,290.3275146484375,56441900
2023-01-30,287.0641967396339,288.48517308170074,284.0850929525682,284.45745849609375,49405800
2023-01-31,284.4966755594997,288.81837095968,284.3888926131909,288.7203674316406,46705100
2023-02-01,288.5145763137995,297.35394412149606,286.4468125594158,294.89422607421875,67562200
2023-02-02,301.41104382361254,307.3986792194791,300.58786806855676,305.4779357910156,83070600
2023-02-03,298.83375951333676,306.1345896386831,298.44177525770675,300.0489196777344,76170800
2023-02-06,297.4323268010993,299.7842616499401,296.16815023108865,297.5107116699219,40802300
2023-02-07,297.383319099846,304.8017398705444,296.26616272305125,303.6747741699219,67584000
2023-02-08,302.36165759241106,303.30242572488396,297.58918155909504,298.275146484375,56720900
2023-02-09,302.65563587730645,302.8026262239471,294.18866293953266,295.6390075683594,49137800
2023-02-10,293.48307362724574,295.53121883431214,291.297717495013,293.69866943359375,50050100
2023-02-13,295.10004452804384,298.9905486890682,293.92406189600115,298.4025573730469,39636700
2023-02-14,296.82479185684485,301.55806033599276,294.8844296115814,300.60748291015625,64079100
2023-02-15,298.7945218744599,303.07700999440743,298.10855697315515,302.9104309082031,43100600
2023-02-16,298.2849528065457,302.2538416898936,297.0795721536685,297.2265625,59498600
2023-02-17,295.04126135109993,295.8840260127928,292.13073262006327,295.12945556640625,58230700
2023-02-21,291.30754373044596,292.74810899592325,288.00503088741164,288.1422119140625,46526700
2023-02-22,288.72034367644244,290.4254912794168,286.70159677213525,288.3577575683594,51389200
2023-02-23,292.00324737529,292.1600470153091,286.6917679806115,290.87628173828125,69294400
2023-02-24,285.9176346594632,287.1033965295427,284.24185517881966,286.0058288574219,74332000
2023-02-27,289.16139327194696,290.5529418079931,287.4660248008548,288.05401611328125,48995000
2023-02-28,287.4267764126198,290.1903142523565,287.0935883612757,287.68157958984375,48243100
2023-03-01,287.3875822887834,288.0441490292622,284.38886009383884,285.36883544921875,58287000
2023-03-02,282.87970005937706,288.53414730120545,282.59549882206886,287.7305603027344,53565900
2023-03-03,289.47491316481114,293.9141999999953,288.96530687757166,293.6789855957031,60511500
2023-03-06,294.91379755285436,297.9125198668912,293.8162298962756,294.01220703125,56736300
2023-03-07,294.06123341389787,294.9824127073463,289.7983343272335,290.4059143066406,65955800
2023-03-08,290.8272701587182,292.45403280782995,288.975132322113,291.85626220703125,50876300
2023-03-09,292.356034581254,294.9529931979204,285.98619477194666,286.7995910644531,71456700
2023-03-10,286.9662364321143,288.45581845645546,281.62538745570544,282.7719421386719,98593600
2023-03-13,280.9882946903504,288.5732930286677,279.4791245363173,284.8689880371094,97123600
2023-03-14,288.4165004306945,291.9640058907072,287.5737361087998,291.41522216796875,73602500
2023-03-15,288.80856358255966,293.2772493516955,287.3679984394516,292.9440612792969,83631500
2023-03-16,292.0327082473355,301.02887644464795,291.2389304597185,300.6662902832031,98198100
2023-03-17,300.5780825063804,302.9594157617402,297.2951586443175,299.24530029296875,89923700
2023-03-20,298.62893759374526,300.6311608615665,296.4205793211497,300.3072814941406,56359500
2023-03-21,302.2408590990121,305.047913794127,300.72935198091506,304.596435546875,49757000
2023-03-22,304.5276555015175,309.4154987468772,300.28763082839566,300.4544677734375,75791900
2023-03-23,304.18420090621953,308.33589544993333,301.3280538352292,304.017333984375,74576000
2023-03-24,303.5953103540764,305.23438628802813,301.26917759155515,305.1362609863281,57195200
2023-03-27,305.8330587920121,306.9127064965641,302.1917301252153,303.0456237792969,50287400
2023-03-28,302.46658984758324,302.49603342767915,299.1294910219015,301.4360046386719,48585900
2023-03-29,305.1263392079897,307.55062645218385,304.3116838035691,306.9322814941406,53274300
2023-03-30,309.4057262969123,310.46575510812926,307.0207064008411,309.83758544921875,58354800
2023-03-31,310.06333534027965,315.2259960757609,309.7590750261057,314.99041748046875,62138100
2023-04-03,312.87044969165765,314.48993677708654,311.5454583712642,314.22491455078125,47126800
2023-04-04,314.66644646860476,315.67738236872356,311.9476935492251,313.1647644042969,45875400
2023-04-05,312.2127972814154,313.15502177624506,308.25738336194655,310.0731506347656,62795700
2023-04-06,308.4242120369294,312.6544425683742,307.0305093772387,312.1636962890625,46916500
2023-04-10,309.23889313719735,312.03615315052036,307.4525693445177,311.987060546875,45134700
2023-04-11,311.9477260723513,312.0066431747439,309.47437592996783,309.9847412109375,40113600
2023-04-12,311.937962530485,312.5268640380153,306.78512675695106,307.2464294433594,62813300
2023-04-13,309.00329632515286,313.7340977577321,307.8255231987492,313.26300048828125,54613800
2023-04-14,311.7122292583174,314.4309529600365,309.7688631396703,312.6741027832031,56278300
2023-04-17,312.2618850971799,313.29247036616664,310.1909499532342,312.9391174316406,43007000
2023-04-18,315.04929370487713,315.4713582784349,311.76131752372714,312.9587097167969,46746900
2023-04-19,310.55404166149606,313.8714910627291,310.42644284563727,312.81146240234375,38960100
2023-04-20,309.8473756449807,313.3611056829367,309.14069983335924,310.42645263671875,62462100
2023-04-21,310.06327844359055,311.5256925854782,308.286779534133,310.75030517578125,59002300
2023-04-24,310.524573610328,311.85938891120855,307.9334192694122,310.1025390625,44043100
2023-04-25,308.473335566847,309.1407433849651,304.15477386644125,304.2528991699219,57121600
2023-04-26,307.63900335088084,309.1112420614219,305.5778631655687,306.0980529785156,55400500
2023-04-27,309.8572082373793,314.92168340786424,309.2192141213213,314.421142578125,65430400
2023-04-28,314.1855717047368,316.6785712153417,313.0568612415905,316.5902404785156,59712600
2023-05-01,316.1289260550677,317.6404329412085,315.1474335230133,316.2270812988281,41013400
2023-05-02,316.1583963914901,316.48230572803664,311.7318551123893,313.4691162109375,56519400
2023-05-03,313.83224897780207,316.5019099639338,311.3098058864839,311.41778564453125,59882100
2023-05-04,311.19205535831844,312.3404149311977,309.2879572324431,310.31854248046875,50224500
2023-05-05,312.57600386245673,317.7681090058985,310.3578206159297,316.9142150878906,51806100
2023-05-08,316.4528864041379,318.04289977007153,315.3732384541892,317.6993713378906,36465800
2023-05-09,316.04054822335024,316.9042663152859,315.37314058968013,315.6872253417969,31768800
2023-05-10,318.1213560020154,319.9763912725399,315.6480055940912,319.12249755859375,60446600
2023-05-11,319.67209558317825,320.7026506508327,318.12132077434427,320.162841796875,44278500
2023-05-12,320.6928702621586,321.1149348281114,316.9632105060504,319.0145263671875,48432800
2023-05-15,319.4856341539702,320.9774919751465,317.9643028030483,320.741943359375,33375600
2023-05-16,320.0254243410232,322.81285929154046,319.98615625643214,321.1050720214844,40019200
2023-05-17,322.1650875880521,325.5708677503054,320.9873145634712,324.9917907714844,47486100
2023-05-18,325.3844324017041,331.2439447177348,325.36481333171304,331.02801513671875,64213500
2023-05-19,331.2439481288907,331.95062404196796,329.2220756461821,330.2821044921875,61554900
2023-05-22,330.0268852313511,332.40211049164327,330.0170607205077,331.39117431640625,43015900
2023-05-23,329.6735122617162,330.82184165067144,326.83698471374663,327.1903076171875,48216700
2023-05-24,325.237176696374,326.74868358782186,323.46067760334,325.5119934082031,62891200
2023-05-25,332.8633647442254,334.6987508381004,330.4390771882498,333.4326171875,66862800
2023-05-26,334.4534083996253,342.7862705013703,334.3552531548107,341.9519958496094,63007000
2023-05-30,346.18217110868756,347.37959301782007,342.079540123524,343.5027160644531,72652200
2023-05-31,341.9225630348241,344.11130225670985,340.0970012254624,341.5495910644531,65105400
2023-06-01,341.2944217437348,346.8201997459397,340.2442175064159,345.4952087402344,50488600
2023-06-02,347.25202910838146,349.2444576542266,345.49517912675213,348.0863037109375,53372100
2023-06-05,347.8703928659199,350.883582144611,347.30114037340985,348.3316955566406,47266200
2023-06-06,347.7231936940905,349.23470066993315,346.3981727066274,348.2728271484375,41390400
2023-06-07,348.55747375650026,350.5106344564043,341.73608816769587,342.3642578125,69225900
2023-06-08,342.6586610808147,347.0753773858951,342.4329369727751,346.61407470703125,47153900
2023-06-09,348.0666552011465,351.04057598013395,346.4962613679001,347.9390563964844,53196900
2023-06-12,349.59780119658103,353.91636202351594,348.6261332475332,353.8182067871094,44606500
2023-06-13,356.5664308825815,357.3712319959438,353.3667556384782,356.5369873046875,57097800
2023-06-14,356.5468432282925,359.4128150986078,353.7496129885948,359.128173828125,69525600
2023-06-15,357.86198333051135,364.8894735642349,357.2436681859802,363.4074401855469,71138800
2023-06-16,365.8219021049376,365.94950092806926,360.6788907605711,361.12054443359375,80932000
2023-06-20,359.66986728815994,361.999190422026,357.6452217797614,360.6035461425781,49204700
2023-06-21,359.46348986847545,359.89594138420165,354.76552112387077,355.68939208984375,53378300
2023-06-22,354.44117286954963,360.0433362169983,354.0382053490681,359.8861083984375,47603000
2023-06-23,355.99406677913646,358.6182598188581,354.6279363156579,356.31842041015625,48922900
2023-06-26,355.78768031078647,358.5789391758396,351.453357180665,351.54180908203125,52685500
2023-06-27,353.08485397686843,358.31356381466287,352.35756283184793,357.58624267578125,49428100
2023-06-28,355.76805334391855,360.23012057412603,355.6894094314815,358.28411865234375,46498000
2023-06-29,357.98923340395874,358.62810268773603,355.9252956971378,357.5666198730469,46151000
2023-06-30,361.242418880044,364.1319675910211,360.92793323331483,363.0803527832031,58712500
2023-07-03,363.7191685474118,364.5643955337729,362.63803984892405,363.9353942871094,19432900
2023-07-05,362.372725830964,365.62592029282894,362.33340387544496,363.92559814453125,34460900
2023-07-06,360.2203126942512,361.5962812236896,358.264442790466,361.15399169921875,49374700
2023-07-07,360.92792588819304,364.12215218790664,359.7288612774692,359.95489501953125,47133700
2023-07-10,359.6796549287457,360.7509455502349,357.1734281529696,360.0727844238281,48498800
2023-07-11,360.4955145791754,362.3039346865907,358.3627408147586,361.8518371582031,38214100
2023-07-12,365.95022361188575,367.7684815318609,363.9452239058997,366.4219970703125,61975400
2023-07-13,369.59656492256886,373.46895267792223,369.01669355737863,372.64337158203125,46960000
2023-07-14,373.07579318427884,376.289665406279,371.6899868150142,372.5647277832031,55148500
2023-07-17,373.2821706367002,376.9186862565369,372.80058921448597,376.0439453125,40868900
2023-07-18,375.40510969416385,380.4863996234186,373.4787539929025,379.1202392578125,55262000
2023-07-19,380.1817339767386,381.32183065046223,377.70496086028794,379.03179931640625,54093000
2023-07-20,376.04401778523453,377.50846830037983,369.27227262896486,370.29443359375,71941700
2023-07-21,372.6729353335649,373.4002566879749,368.75141679007936,369.1838684082031,60499600
2023-07-24,370.1567901180446,371.10030708517195,367.9159185749525,369.77349853515625,40380100
2023-07-25,370.48117246878263,373.9407549455864,370.4614964927392,372.2797546386719,38894400
2023-07-26,371.23793110681225,372.73183551991457,368.7415117640106,371.0413513183594,47075700
2023-07-27,376.4960604398785,378.10790044992103,368.8692218728485,370.15673828125,63940200
2023-07-28,374.2060793430186,377.92120924637163,373.6950139044031,376.8990783691406,56902900
2023-07-31,377.20370891876894,378.27499960431606,375.7785806707894,377.0955810546875,44019900
2023-08-01,375.7491127916499,376.977661335996,374.15691867719516,376.22088623046875,41060600
2023-08-02,372.7514469360487,372.7514469360487,366.7266403892012,367.96502685546875,72687100
2023-08-03,365.5570778539925,369.49827117137113,365.3899820551256,367.3753356933594,47666400
2023-08-04,369.30168863408903,371.6113658724889,365.1541075912585,365.6553649902344,61702800
2023-08-07,367.4638261668701,368.84963266580394,365.13450268771936,368.7513427734375,37230400
2023-08-08,366.24508962124304,366.2647356007834,362.490637952567,365.6160583496094,44726500
2023-08-09,365.90112237406527,366.05838020587925,360.83950776262765,361.5962829589844,51150900
2023-08-10,364.6037180742225,367.93552607556165,360.74116871206576,362.2645568847656,72035300
2023-08-11,359.70918530416867,361.6847010137196,358.4315067818279,359.95489501953125,48707200
2023-08-14,359.1587741724269,364.1122901045981,358.44132104712014,363.9943542480469,42130800
2023-08-15,363.0213238905632,363.8174509109836,359.4634522422092,360.1318054199219,45539900
2023-08-16,359.59126072419207,361.12448699666004,356.2201305221544,356.31842041015625,53190500
2023-08-17,357.71403918779725,358.0580388030528,352.0135855407682,352.4263610839844,62604300
2023-08-18,349.16338776854,353.2421635617153,348.6228083299143,351.984130859375,61191400
2023-08-21,353.44851063860824,358.33322103619656,352.9865751686361,357.6550598144531,50696500
2023-08-22,360.2595950388818,360.269433026143,356.4560132078878,357.1440124511719,44530200
2023-08-23,358.32334581662815,363.86657088030654,358.1071200873245,362.7756042480469,51770600
2023-08-24,366.24515316451,366.3434130731216,354.8147303645641,355.0211181640625,66842500
2023-08-25,355.85649237018794,359.4634943837441,352.42636416855237,357.77301025390625,69960500
2023-08-28,360.69197609475015,361.39962118043815,357.99900757131473,360.4659423828125,40910000
2023-08-29,360.26943235388745,368.6923691023836,359.945108707373,368.3385314941406,58492400
2023-08-30,368.4466981238266,370.9726016140873,367.444183123251,370.3927001953125,41731500
2023-08-31,370.47126610291014,373.20355681458847,370.4024601871893,371.50323486328125,35730700
2023-09-01,373.87185136915167,374.29446482958525,369.62598080619506,371.1100769042969,39801200
2023-09-05,370.30423102924976,372.8006504322317,369.38035999020605,371.5819396972656,32344200
2023-09-06,370.80550152185896,371.14950117508664,366.30411204087085,368.30908203125,42998700
2023-09-07,363.8567908141635,366.4514999788388,362.8149839509158,365.675048828125,52060700
2023-09-08,365.62590082593965,368.41715964189956,365.2229332864503,366.18609619140625,35800100
2023-09-11,369.21324644388017,371.0118283442909,367.24756874146516,370.5007629394531,39936600
2023-09-12,368.8299383335772,370.4811304591035,366.10748541432696,366.39251708984375,41391000
2023-09-13,366.6284042357523,369.3901792248548,365.49814546694387,367.78814697265625,46300700
2023-09-14,369.53753034956287,371.7784014897126,367.4735929789483,370.7955627441406,48039400
2023-09-15,369.45892537267173,369.8618928673542,363.5127328219973,364.4464416503906,69811200
2023-09-18,363.5075394553146,365.93866706384733,363.2220951509311,364.8264465332031,36903500
2023-09-19,363.50746579523855,364.846047022524,361.0271075817854,364.0487976074219,37621700
2023-09-20,365.11185487592627,365.46617463630355,358.7239766256181,358.802734375,45514200
2023-09-21,355.1216065339352,355.9090339100719,352.0605670890625,352.2278747558594,69734800
2023-09-22,353.9699082344695,356.10573850766554,351.9620067033421,352.2769775390625,51589700
2023-09-25,351.31250337092115,354.0389273640815,350.3282417213544,353.9503173828125,39168000
2023-09-26,351.37149964651775,351.91286148829664,347.6509924164087,348.63525390625,53657700
2023-09-27,349.7869158699708,351.3617405439319,345.8301647465173,349.4522705078125,56066000
2023-09-28,348.5368441938577,354.50149684068487,347.68054144851845,352.37548828125,56453300
2023-09-29,355.849901901727,357.23771418524734,351.40102081312307,352.63134765625,64829600
2023-10-02,352.8971784631042,356.9720060523361,352.2869410494211,355.5743713378906,51625100
2023-10-03,353.13337228482897,355.3282864453552,347.7199335363626,349.3341369628906,60478500
2023-10-04,350.1707021569454,354.9345242004373,349.708098051623,354.08807373046875,54786700
2023-10-05,354.0782930886823,354.48184398872326,349.55071331458714,353.0448303222656,45897400
2023-10-06,350.05264964515703,360.15118378118626,349.2652523404519,358.9602355957031,75049100
2023-10-09,356.5979902725734,361.3322864922869,355.10192335075635,360.79095458984375,45304800
2023-10-10,361.12556647967915,365.436636991541,360.62361350091794,362.7889709472656,46968800
2023-10-11,364.11770992962386,365.5645755687648,362.39525226575506,365.3775634765625,38215100
2023-10-12,365.87956850775583,367.8579138612387,361.71613120455214,364.1078796386719,49587900
2023-10-13,364.7378809555015,365.31859177882905,358.1334630395901,359.5311279296875,52469900
2023-10-16,360.84997115156034,364.649236422345,360.7023379238582,363.5960693359375,44201100
2023-10-17,360.0527516069459,364.09808260584856,357.93659506794,362.4051513671875,50999100
2023-10-18,359.9149119768525,362.11964810076057,356.3223335114042,357.6510925292969,54280500
2023-10-19,359.0685105524273,360.2594588062133,353.5074379211459,354.3046875,72274200
2023-10-20,353.80263100200693,354.37351949388653,348.7927435626663,349.0191345214844,72559700
2023-10-23,347.7003132878632,353.6058837517017,345.5939787378642,350.0723876953125,60665200
2023-10-24,351.8834365227024,354.2456587734363,350.1905050695075,353.4779357910156,47082100
2023-10-25,351.08615280605477,351.2633126992723,344.24552212419906,344.82623291015625,71190500
2023-10-26,343.62543366509755,344.56049427805004,336.96199289038606,338.2513732910156,78621400
2023-10-27,340.9777343824353,343.34980841162735,338.664713645482,339.8753662109375,63476700
2023-10-30,342.3556685770316,345.0230389019717,340.99741292148934,343.7041320800781,55298500
2023-10-31,343.7336660603702,345.72186354405744,341.1647278392773,345.34783935546875,47671900
2023-11-01,346.18445928320784,351.90301624976615,346.0860271248136,351.34197998046875,58992700
2023-11-02,355.84997109811536,357.95627544374383,354.6294662070536,357.7200622558594,58162400
2023-11-03,359.00947569121433,363.21226257813845,358.78308467379173,361.9228820800781,53280500
2023-11-06,362.6904700019809,363.9601756055624,361.1353502221265,363.3991394042969,38848700
2023-11-07,364.44251116996185,367.7004144783928,363.24171088450566,366.83428955078125,50777400
2023-11-08,367.2082765996101,367.9071239093316,364.7870016580929,367.07049560546875,35663400
2023-11-09,367.7595181376134,368.9012351592412,363.7535662221592,364.2456970214844,53859400
2023-11-10,365.96817762056844,372.5824171770866,365.43666791374335,372.4347839355469,58309800
2023-11-13,370.8599423722135,372.3264825668153,369.3343188464061,371.2733154296875,40733500
2023-11-14,377.6710647481959,380.18095021356925,377.14940722623965,379.26556396484375,67792600
2023-11-15,381.15534626237616,381.6474771161688,378.19270891061393,379.5509948730469,54141400
2023-11-16,378.78324741297644,380.11200663962404,377.52339371034566,379.87579345703125,45343500
2023-11-17,379.14743197399827,380.978174311578,378.2419280525446,379.9643859863281,46571900
2023-11-20,379.97414315566067,385.24980045802454,379.97414315566067,384.59033203125,44429600
2023-11-21,382.8876498600651,383.10418863348156,380.61400775783403,382.35614013671875,43337000
2023-11-22,384.42309513393565,386.8837493567701,382.9171759510523,383.9211120605469,44121000
2023-11-24,383.5174806952141,384.10804359224113,382.3855859976571,383.37969970703125,15718800
2023-11-27,382.8876195179838,384.9939237494987,382.16909772738626,383.04510498046875,34139700
2023-11-28,382.2969965190829,384.629691368657,381.9426467748075,384.0489807128906,35491100
2023-11-29,386.5097273149748,387.9369187872778,383.3305512275053,383.675048828125,38811700
2023-11-30,383.94077629753497,384.4033804806494,379.74784203838783,382.71044921875,52834400
2023-12-01,381.64741281860364,384.39351093056035,379.9938606373886,383.8029479980469,40490100
2023-12-04,380.0135992281183,380.51558231111704,376.6375887787075,380.239990234375,51186900
2023-12-05,378.3403190869991,382.38561971941857,378.1631291761713,381.1946716308594,42933000
2023-12-06,384.12777611720855,384.2262082878161,378.64546165801414,378.98992919921875,41994100
2023-12-07,381.96240485355264,385.1120239390845,380.86985886236414,384.2852478027344,49593500
2023-12-08,382.5529483580109,386.440763442931,382.36593626126034,385.99786376953125,46687500
2023-12-11,385.5746278679813,389.56090535273165,385.36794134333326,389.2951354980469,41198000
2023-12-12,389.3344997805244,392.51367542874294,388.20260499540507,392.39556884765625,39221200
2023-12-13,393.33061967890825,397.9960100971529,392.56289682480116,397.3857727050781,55408100
2023-12-14,398.60626257953487,399.9054650273427,394.03927446369323,397.0412902832031,55447800
2023-12-15,397.8187634312074,400.14163594284275,397.21837839813526,398.96051025390625,62896600
2023-12-18,399.35309710444824,402.3709508674687,399.0276552700058,401.4734802246094,46610000
2023-12-19,401.92718799546697,403.6432143177387,401.739802351394,403.5248718261719,35711900
2023-12-20,402.7260026011045,404.8168000697406,397.35105072781244,397.528564453125,54042400
2023-12-21,401.4538395044679,402.5189822599552,398.8995134090892,402.154052734375,45568900
2023-12-22,403.3671020691094,404.3237440774188,400.8818192679094,402.7556457519531,34314000
2023-12-26,403.61366603766743,405.89184950293827,403.5150372531443,405.2212219238281,22722500
2023-12-27,405.5033831511548,406.3322463869044,404.644888619348,406.04608154296875,31980500
2023-12-28,407.20059203535254,407.4472786001535,405.493510166212,405.8487243652344,27029200
2023-12-29,405.8289374220701,406.18418167917497,402.17796478327193,404.0922546386719,42662100
2024-01-02,400.461137079369,400.7078236681065,394.9353514690267,397.25421142578125,58026900
2024-01-03,394.6294899977862,395.6853158982774,392.61654897490575,393.0506896972656,47002800
2024-01-04,391.1856845267472,394.2939291818346,390.8107161348315,391.0278015136719,39432800
2024-01-05,391.19556531681906,394.2643317193187,390.10026131361894,391.4915771484375,44922800
2024-01-08,392.7151105086331,399.86902045875746,392.56710460125134,399.5828857421875,42473800
2024-01-09,396.58327270166984,401.2999195682088,396.3859113647487,400.37237548828125,39132900
2024-01-10,400.68809010616457,404.09234688237234,399.8000244303325,403.08587646484375,33962800
2024-01-11,404.35873128129447,405.75004702844257,398.8822718365916,403.924560546875,54536200
2024-01-12,404.96066868440437,405.79940904791505,402.7404895467562,404.1318054199219,39595000
2024-01-16,402.8983002816363,405.67105443147926,401.4379052034967,404.0922546386719,43903000
2024-01-17,400.78679371902757,402.18795672683933,397.5798679575851,401.81298828125,54386000
2024-01-18,405.0790927808669,408.0985341433326,403.73713222559695,407.516357421875,59562500
2024-01-19,409.71677910237185,415.75566133387474,409.1346024284831,415.5977783203125,70325100
2024-01-22,417.79822938691245,419.10074165177724,415.53857206404774,416.1405029296875,44880600
2024-01-23,416.8312383898438,418.08442548159593,414.99590469924146,417.8673400878906,33003800
2024-01-24,421.77483440398146,424.1528965640352,419.6927840841391,420.1861572265625,46948000
2024-01-25,422.68264997969175,423.3536603803969,418.360726282685,420.6993103027344,44367200
2024-01-26,418.81458709390614,420.5611171421055,417.54167598048286,418.19293212890625,37137000
2024-01-29,418.64691326962065,422.6728557236728,417.9956569869618,422.4754943847656,38694700
2024-01-30,421.43933884792625,422.0116384359929,418.75538778321743,419.6631774902344,36739000
2024-01-31,415.272214756942,417.2654315784379,411.26602691421135,411.4436340332031,64010600
2024-02-01,413.2395011756799,416.7819168628328,412.2724789381055,416.2885437011719,51008600
2024-02-02,418.1830356435856,424.53768370415844,417.1864424391243,423.3240051269531,59602400
2024-02-05,423.38320116850315,423.9160224374684,419.36713688926557,422.77142333984375,39889200
2024-02-06,423.9160682702638,424.5179991788691,419.58426762321915,421.9228515625,35846100
2024-02-07,424.70551086208974,427.0934202261627,423.4029984199902,426.2645568847656,37712700
2024-02-08,426.38291421422974,427.8137083440557,425.7020869952788,427.0539245605469,29889900
2024-02-09,428.1887101367379,432.04689194825363,427.3993251082334,431.2574768066406,36943900
2024-02-12,431.1488988628783,433.3197526076636,428.8892415712298,429.5700988769531,33203300
2024-02-13,421.6168993659207,425.55400692050677,419.6927323026295,422.87005615234375,64491700
2024-02-14,425.54419623622834,427.90250410840184,423.19573534961575,427.47821044921875,45092700
2024-02-15,428.1689829438769,429.2149316499549,425.61328343662643,428.75115966796875,38796100
2024-02-16,429.12612415809764,429.2247747002088,424.15291424350715,424.8633728027344,53716500
2024-02-20,422.87011177333653,424.37983239693597,417.8870550394781,421.65643310546875,53999500
2024-02-21,418.9231370059664,420.05791936146005,416.04185462250535,419.9690856933594,49779000
2024-02-22,428.73140828484816,433.30004866411934,427.9617473429976,432.26397705078125,53887800
2024-02-23,433.82301548242646,434.75055943637386,430.01418912468716,430.9910583496094,39853900
2024-02-26,431.80017024641353,432.7869165083509,430.576584404699,430.7640686035156,33043200
2024-02-27,431.86928088648324,432.185016827134,429.2642561126333,431.8002014160156,33713200
2024-02-28,429.6589511430398,430.88253708025496,428.5439229619259,429.5010681152344,32938800
2024-02-29,432.4218872525922,434.2572211088349,429.2544096158732,433.1816711425781,42495200
2024-03-01,434.0696969951267,440.66115513774344,434.01049462540504,439.7040100097656,43853000
2024-03-04,439.7039937666643,440.12831755147187,437.8883842316844,438.13507080078125,34325700
2024-03-05,435.0959254018696,435.1058025012789,427.9025362866196,430.2707214355469,57917100
2024-03-06,434.48414693490355,436.13199642628683,431.09961428378455,432.97442626953125,46234500
2024-03-07,436.5563328635165,440.7993301178958,435.01698085540727,439.5461730957031,44526700
2024-03-08,439.901370869489,442.6938797953184,432.53037471556775,433.20135498046875,72096000
2024-03-11,431.7113612748173,432.8461134391734,429.66878931111285,431.59295654296875,45860000
2024-03-12,433.901940644511,438.1350603881726,430.67526112502065,437.77984619140625,55300900
2024-03-13,436.78325473745014,436.8030089363392,433.30004141473387,434.4150695800781,37928700
2024-03-14,435.64846988201316,436.1714441905976,430.6062109929357,433.31976318359375,52195200
2024-03-15,430.29044372372584,433.0533211737261,427.0045618535446,428.1689453125,73069800
2024-03-18,433.4876578345993,435.77005339953286,432.015441232783,432.2525939941406,47323800
2024-03-19,430.2468145521752,433.7346333318046,428.15212113029696,433.32952880859375,43004100
2024-03-20,434.52512339661354,438.80337150894667,432.82567425217115,438.4674377441406,43653500
2024-03-21,443.51637126483735,443.97086631640985,440.34473575766197,440.5423278808594,39345700
2024-03-22,440.02851230460703,442.142925733488,439.17877277778564,441.04620361328125,28253900
2024-03-25,438.2499932634195,440.9276330874447,437.2520822932149,439.445556640625,27789200
2024-03-26,440.967169447926,441.8860798362607,437.79553403539165,438.0227966308594,34142000
2024-03-27,441.105517877216,441.20432901385453,436.6493979452697,439.5147399902344,41359200
2024-03-28,439.4653172142628,440.31505674341986,438.3488147734117,438.70452880859375,36839600
2024-04-01,439.65308146497904,442.18248976686664,437.7263698364116,439.6333312988281,38729000
2024-04-02,434.8215114618378,436.15538646711934,432.79601878365486,435.8392028808594,44259700
2024-04-03,433.71491828910797,438.69470445821014,433.70505828173714,436.8174133300781,39949800
2024-04-04,440.9967934965204,441.6094104504409,429.910859971514,430.13812255859375,57267700
2024-04-05,431.5609373498813,437.8745980464935,430.7507282504202,435.20684814453125,54744600
2024-04-08,436.1355849917124,437.2125569373429,433.9520007772844,435.33526611328125,28144900
2024-04-09,437.66708927505294,437.94374236584986,432.21305827665964,436.9458312988281,39443600
2024-04-10,431.7783023964343,433.99152706641837,431.0669044449502,433.1319274902344,61502200
2024-04-11,434.9993827274123,440.99682993017785,432.7268471276374,440.0483093261719,45474600
2024-04-12,435.82934357135736,436.95570613893716,431.6597667487768,433.03314208984375,53665000
2024-04-15,436.77783248501964,436.86675345867155,425.06942184073426,425.9092712402344,63453600
2024-04-16,425.75119974644684,428.5770414842701,424.56555655499864,425.9488220214844,47619000
2024-04-17,427.9249391300538,427.9446892970782,419.82290801689595,420.7516784667969,56880500
2024-04-18,421.39392278181145,423.1230122839189,417.77765197619533,418.3507385253906,46549400
2024-04-19,417.1748652842148,417.698531071517,408.1342052963381,409.6953125,75231000
2024-04-22,412.32355460226944,416.14730709405615,408.9938276035389,413.8155212402344,47807700
2024-04-23,415.7422677634582,421.1864391995663,413.86497662605376,419.99090576171875,44384700
2024-04-24,423.0835051077627,424.5952221276178,419.13130059541714,421.4136962890625,48440300
2024-04-25,414.230497882568,420.23786493944755,413.1436658883996,419.3782653808594,57392200
2024-04-26,422.51041898043206,427.38150380995216,421.8188012818527,425.85003662109375,41874900
2024-04-29,427.9545352500877,428.5770122057127,424.84218062488617,427.5790710449219,30022200
2024-04-30,425.99815221246456,427.3913076413745,419.4375097202712,419.51654052734375,43665900
2024-05-01,418.0937738009243,425.00027078139163,415.6335364646761,416.4832458496094,52251700
2024-05-02,420.2181538330717,422.6981719381448,415.60397171865054,421.7990417480469,36559000
2024-05-03,429.2489077059209,431.26454032422834,427.45064752834196,430.2764892578125,48515300
2024-05-06,432.07473911225696,435.0784229348323,431.3040604511998,434.989501953125,30227200
2024-05-07,435.4341190165748,436.6889330215927,434.32747648868434,435.05865478515625,30996100
2024-05-08,432.44036175201296,436.2048342357661,432.32177028509693,434.8017883300781,24896700
2024-05-09,435.06854747339855,436.32339172560376,433.2208966564502,435.75030517578125,24580100
2024-05-10,437.25210737649155,439.0009468290101,435.23647485037026,436.77783203125,27116600
2024-05-13,438.6848051824084,438.78361632455744,436.3727691901708,437.7856750488281,22994200
2024-05-14,437.3608171056989,441.1351795765155,437.17308498286746,440.60162353515625,34478300
2024-05-15,443.0717223950717,447.7353245285619,441.5600055039681,447.4883117675781,41464700
2024-05-16,447.3006342729702,449.2569864338876,446.4113942554364,446.5793762207031,34780400
2024-05-17,446.70776275246817,447.31048959544074,444.1684943734974,446.3619689941406,35803700
2024-05-20,446.57935219702347,450.13631207581267,446.3916200736185,449.4743347167969,24474200
2024-05-21,447.62663741534305,450.54136979919565,447.42901515243744,450.3536376953125,23167700
2024-05-22,450.6105333507106,451.3614617541518,447.6661305372019,450.26470947265625,25120000
2024-05-23,455.04691409303155,455.0765544193966,446.4508877649814,448.2392578125,40899200
2024-05-24,449.8497773775448,453.7427009819922,448.1503283413245,452.4779968261719,29669500
2024-05-28,453.6932913505319,454.24659754757704,451.23305379035156,454.18731689453125,26216800
2024-05-29,450.0375023855627,452.7645027751896,449.899160765381,450.98602294921875,29739200
2024-05-30,450.05723247359657,450.19557408760653,444.8304342178574,446.1544189453125,30536800
2024-05-31,446.3817152995183,447.07336311604297,437.76590868384545,445.3244934082031,55941300
2024-06-03,449.13840270768463,450.1363138301229,442.54808850150624,447.7156066894531,32997500
2024-06-04,447.4586887576052,450.1362987474651,445.73948952356676,448.9407653808594,23767400
2024-06-05,452.50763121803925,458.07033330703183,448.98028172906453,457.9913024902344,33817400
2024-06-06,458.67307087921665,458.9892544596683,456.6673284046728,457.8332214355469,21966800
2024-06-07,457.467661590533,460.17491196915165,456.3215186904431,457.4281311035156,25829700
2024-06-10,456.3017436759834,459.6314708938704,456.01520042833266,459.2757568359375,20660800
2024-06-11,458.001193404112,462.5462342770449,456.5092266656226,462.4276428222656,22053300
2024-06-12,466.35015084591646,470.8062702086838,465.6585332836378,468.4843444824219,34532600
2024-06-13,472.01176323840133,472.6737707294216,468.7512067349177,471.0237121582031,25859000
2024-06-14,470.8261235583217,473.5334042157013,470.36173831129486,473.4642333984375,23372600
2024-06-17,473.7309763615581,481.0425485388574,472.4267718136733,479.2640686035156,37054500
2024-06-18,479.21460882622296,480.09395850673246,477.65347141379283,479.4122009277344,24438600
2024-06-20,480.6078143162827,481.0227788796813,473.8890489544044,475.7169494628906,33918700
2024-06-21,475.44026293593026,476.7741378160484,472.9503852718537,474.44232177734375,37456800
2024-06-24,473.2171889334799,474.9490265120443,468.90245380557906,469.0409851074219,37751000
2024-06-25,471.129109923321,474.7016290052878,470.1889574276186,474.4047546386719,29014700
2024-06-26,473.58334212660935,475.92877037792846,473.16771802191516,475.38446044921875,22737100
2024-06-27,475.13704596869303,478.08612876340686,474.32554913110164,476.611572265625,26222100
2024-06-28,477.4033117975724,482.1436072423702,473.49429478929665,474.1375427246094,34881600
2024-07-01,475.05793318372764,477.4824878396145,471.3171649653183,476.9184265136719,24898300
2024-07-02,475.4240826231297,481.98527819601577,475.2954269921551,481.9259033203125,26723600
2024-07-03,481.1737429455758,486.0723812066587,481.1737429455758,485.9437255859375,18064900
2024-07-05,486.7849470721582,491.4460560048313,486.4880424937544,491.0106201171875,28495900
2024-07-08,491.37678420928336,492.73256089290976,490.35747522663445,492.1783752441406,22109400
2024-07-09,493.69247152313164,494.8107486472105,491.08976215311105,492.6038818359375,25614500
2024-07-10,494.5237508797434,498.29420637540426,493.2174734535237,497.7400207519531,28046900
2024-07-11,497.8489225363497,498.05673460649984,485.6369961812132,486.82452392578125,49966600
2024-07-12,487.39851644367485,494.4347111271838,486.9333931098234,489.6845397949219,37109400
2024-07-15,491.4558887928539,495.8102472892754,488.9620536365076,491.00067138671875,31151400
2024-07-16,492.4554349867678,493.2669318468274,488.03182577264374,491.188720703125,25950600
2024-07-17,483.21237345638946,483.72696575198995,476.70067742779014,476.7699279785156,56268800
2024-07-18,480.4909023481686,480.6690269613123,471.32699803901284,474.5135803222656,49347400
2024-07-19,474.17710163389285,476.6907485196248,469.0211824453809,470.30767822265625,42042900
2024-07-22,476.16627496100256,478.3335484183621,472.7520687745181,477.3142395019531,40300000
2024-07-23,476.413675873234,479.4023218426893,475.15686747764715,475.6318664550781,23282500
2024-07-24,468.9025137359399,469.2686688957843,457.70989585658754,458.57086181640625,58818600
2024-07-25,458.9073044861217,463.08350861797516,450.9012698036603,453.51385498046875,59256800
2024-07-26,457.8484139466182,461.0943714926242,454.998298988983,458.16510009765625,39992100
2024-07-29,460.87666187924697,463.05384145596634,456.8291132032654,459.08544921875,28218500
2024-07-30,461.01518280406907,461.7178056143378,449.4365991488919,452.7815246582031,41317200
2024-07-31,463.01422923671885,467.88318054552457,461.56939023161044,466.1810302734375,44552100
2024-08-01,466.8638300127631,470.6144736045948,451.2476045693235,454.889404296875,56653900
2024-08-02,446.21045588905764,448.86263428021607,439.85707252429887,444.0926513671875,66323200
2024-08-05,420.3021625718776,437.69972643798087,419.05525994795903,430.8515319824219,87483500
2024-08-06,432.6922358150409,442.4301081222253,430.04993302092026,434.9683532714844,63164400
2024-08-07,441.85608592677744,444.3400455113918,429.8618783945526,430.2577209472656,54929200
2024-08-08,436.48248198323597,444.3301736904715,432.6130580671069,443.41973876953125,47890100
2024-08-09,442.1034884926195,447.36828199277033,440.98521139268263,445.73541259765625,33574000
2024-08-12,446.7052794147843,449.65433226208825,443.8947276771572,446.69537353515625,27795000
2024-08-13,451.08926269593627,458.0463003756158,450.9507011946519,457.7790832519531,40084500
2024-08-14,458.69954651108475,460.2829170106117,453.6425641105871,457.9276428222656,34733700
2024-08-15,463.89498501162524,469.8920888985799,463.5189240086724,469.4962463378906,38280600
2024-08-16,467.71489267478665,471.46556648913753,466.75495864422777,470.0998840332031,38383600
2024-08-19,470.23844913548015,476.314709281999,468.4571123615935,476.2751159667969,23737700
2024-08-20,475.36469707718084,477.92781315701507,473.5833602435094,475.275634765625,29209300
2024-08-21,476.0574073595781,479.34295796614543,474.3453815043976,477.49237060546875,25658800
2024-08-22,479.8080927390778,480.50083988140653,468.89256861321644,469.9217834472656,37739600
2024-08-23,474.2661885575702,477.72986373864114,470.3472959517967,475.018310546875,36061500
2024-08-26,474.4740065086699,475.3943471900069,468.3284356861568,470.4066467285156,27452600
2024-08-27,468.77377514358506,472.8806980164579,466.81431385011683,471.8119201660156,27510000
2024-08-28,471.3468319839668,472.06923634933787,463.0340174366107,466.4580993652344,37372400
2024-08-29,468.36807210677364,472.9698061378377,464.4986483367516,465.7752685546875,41081500
2024-08-30,470.1098112366977,471.9504927515124,465.626826998042,471.3270263671875,33466500
2024-09-03,468.28892418329235,468.41754961460447,454.6420347086688,457.0171203613281,44985200
2024-09-04,453.9097213390106,459.6297325855357,452.9794746829276,455.8295593261719,32505100
2024-09-05,454.2065727199707,460.5302382843721,453.18726380172785,456.2550964355469,34452400
2024-09-06,455.5524424798757,456.4332200932518,443.53845342028677,444.03326416015625,50624400
2024-09-09,448.3579440515888,450.73302976862993,445.151579843626,449.743408203125,32981200
2024-09-10,451.50485270688176,454.40446632835733,447.53649147485345,453.8997497558594,29680300
2024-09-11,455.13684408962206,464.4986553607296,446.5964054047374,463.7564392089844,57843000
2024-09-12,463.78610782015113,469.1201821772386,462.00480120861374,468.3086853027344,40067800
2024-09-13,467.5763439362279,471.584298645824,467.34872013511097,470.4066467285156,29111800
2024-09-16,468.2790222139315,468.94205173790556,465.0132831893614,468.3284912109375,22585600
2024-09-17,471.3468249743636,472.6432267020708,466.08203143235426,468.57586669921875,30084400
2024-09-18,469.7733253245315,473.8604366394035,465.9434648552166,466.5471496582031,39909200
2024-09-19,477.6012896224774,481.18374536128897,475.503296558317,478.343505859375,52782500
2024-09-20,477.4824523914932,478.670010233335,473.33593602484865,477.4329833984375,34577700
2024-09-23,478.60935989339436,479.7886668451641,477.271487358506,478.69854736328125,24843000
2024-09-24,480.10574366251944,481.9589315670274,475.85432326157445,481.007568359375,25952600
2024-09-25,480.3832116885974,483.40581684032236,480.2048367630411,481.4535217285156,26549900
2024-09-26,488.935650492815,489.26270143246154,481.4336813987619,485.0707092285156,32020200
2024-09-27,486.0915095677545,486.2302657998046,481.19590662379613,482.3752136230469,22851100
2024-09-30,481.4139231192811,484.0202901406472,478.5796426391889,483.683349609375,30281100
2024-10-01,483.31665887950265,483.61395044024334,473.109215140219,476.9444274902344,42735400
2024-10-02,476.0425807215539,479.530962836938,473.42632437830656,477.6183166503906,23744000
2024-10-03,475.42815712622803,480.19492312784206,474.6848980169124,477.26153564453125,25337200
2024-10-04,483.06886937334593,483.49499732601123,478.054350472024,482.9400329589844,30686600
2024-10-07,481.0273755179477,482.1967625321667,476.5479814908954,477.7669372558594,24975100
2024-10-08,480.30397136476074,485.5860530274448,479.50125391077506,484.9022521972656,28272000
2024-10-09,484.6049871224668,489.29248592230044,483.5644363639998,488.7176818847656,24995000
2024-10-10,486.43830727293584,490.0257663240612,485.130164010439,488.16265869140625,25750400
2024-10-11,486.32930368033,489.9465223032904,485.7644497271091,488.9257507324219,20644500
2024-10-14,491.3140720656338,494.34656675942244,490.8086764455291,493.0285339355469,26060100
2024-10-15,493.3555385326402,494.0195299441258,484.2877839012804,486.43829345703125,34784500
2024-10-16,486.7653651407915,487.27079104064836,483.18782561554843,486.497802734375,22996800
2024-10-17,491.978041414871,492.02757992175697,486.7752279737182,486.8346862792969,27210700
2024-10-18,489.61949922818457,491.11593737118017,488.86632025661703,490.02581787109375,25335000
2024-10-21,488.8167753413639,491.7700026314171,486.8942092236496,490.96728515625,30336500
2024-10-22,488.301460782079,492.9790396580823,487.5482818189782,491.5024108886719,26685800
2024-10-23,489.1536769704334,489.80774860991164,480.69042485410046,483.9706726074219,39346600
2024-10-24,487.6870072609626,488.56902265027605,485.0410215796077,487.8951416015625,22024900
2024-10-25,490.68978912710674,495.7835760452956,489.98614869868027,490.8681640625,38762100
2024-10-28,493.9799130042475,494.0393713144082,490.65012666208736,490.9474182128906,20477800
2024-10-29,491.2645761995589,496.8439798063239,489.41138819730327,495.6646728515625,28014100
2024-10-30,494.9015965333086,495.8529597761459,491.43305383710356,491.91864013671875,29756000
2024-10-31,487.9546149950835,488.00415351011384,479.40217446492693,479.50128173828125,41245200
2024-11-01,481.1364259666195,486.33924004761803,480.8391344021652,483.049072265625,33655800
2024-11-04,482.4445631601672,484.9815519553387,479.8976545652101,481.641845703125,23291600
2024-11-05,483.2274401655053,488.45009377025474,483.1382526974681,487.7861022949219,24353600
2024-11-06,496.0610489877298,501.8584762261197,495.10968577343385,501.0359191894531,43082200
2024-11-07,503.83053009542596,509.70725465257993,503.77107179071777,508.92431640625,32853100
2024-11-08,508.4288323181187,510.29193992816494,507.8044898484447,509.51898193359375,22924500
2024-11-11,510.7379273428509,510.94606166969805,506.3279414175583,509.2217102050781,24167500
2024-11-12,509.1523347344934,510.0342895835151,505.24771417717085,508.3000183105469,25835300
2024-11-13,507.7946415908849,510.35140934593795,505.36664976558126,507.6459655761719,24567400
2024-11-14,507.30907205086606,508.18113740505333,503.2062669199819,504.1180114746094,28679500
2024-11-15,498.4196764454938,498.8061554755535,490.0456112891242,492.10693359375,51461100
2024-11-18,493.6529424943126,497.6269113394485,492.26553137733686,495.52593994140625,27080800
2024-11-19,492.94927544853863,499.4205835584643,492.612304704476,498.9349670410156,24523000
2024-11-20,498.6376632087343,498.95479434633813,492.096977151282,498.6475830078125,29565500
2024-11-21,501.6900000053646,502.4035299899302,493.088021478257,500.44134521484375,34526700
2024-11-22,499.88639768637404,501.97741895532835,498.2611231276005,501.24407958984375,23826600
2024-11-25,505.31714390386213,506.8532310485175,499.727850499698,502.0368957519531,26375200
2024-11-26,503.5134355358176,505.55494837109245,502.6710994101925,504.7323913574219,26557100
2024-11-27,503.6026837920866,503.6720316612962,497.41874708868886,500.7584533691406,24957400
2024-11-29,501.3827848330466,505.75315217485644,500.7683621205399,505.1585388183594,15334000
2024-12-02,506.4171600748149,511.6199741872277,506.03065079539806,510.6586608886719,25147200
2024-12-03,509.33074852467934,512.5019997630951,508.755944494111,512.2244873046875,18597900
2024-12-04,515.6434895026028,518.8147407281132,514.9299292457346,518.5570678710938,26086200
2024-12-05,518.6065744020088,519.3299939278061,516.733546890651,517.1200561523438,18169600
2024-12-06,517.7841194976523,521.986002234317,517.6552830516758,521.7481689453125,23762600
2024-12-09,520.8264281316256,521.6192257616104,516.5353285463648,517.6849365234375,20674400
2024-12-10,518.9138358600111,520.6580271192222,514.4938993957188,515.9209594726562,24350000
2024-12-11,520.2813419948772,525.8409052468438,519.875053656175,525.1571044921875,32168600
2024-12-12,522.9372703487448,524.2057949010591,521.2922168369533,521.7678833007812,23577500
2024-12-13,525.6923406392922,528.3779449247531,522.5607082907461,525.76171875,28780400
2024-12-16,528.2887896903175,534.3042408794819,528.2094917796982,533.3330078125,31979900
2024-12-17,531.5392783661994,532.6492071689107,529.3293405604305,530.9843139648438,28579100
2024-12-18,530.3402258870792,532.0546577112797,510.381224801886,511.82806396484375,54703200
2024-12-19,516.5056617171667,517.0705459413463,509.21182628972144,509.5487365722656,46441800
2024-12-20,505.852260942774,520.1030209685301,504.71260298135905,513.9983520507812,60530000
2024-12-23,515.7106302984251,519.3833002478667,512.3159202923702,519.006103515625,29672800
2024-12-24,520.9517271030093,526.1331242500298,520.3164419142475,526.0438232421875,17558200
2024-12-26,524.4158307733787,527.3142356084127,522.4206745678785,525.6863403320312,19090500
2024-12-27,522.1228199982326,522.559570841844,514.0330238895601,518.6983032226562,33839600
2024-12-30,511.7005373751371,515.5220627362082,508.04770850678767,511.7997741699219,34584000
2024-12-31,513.0802310210817,513.8345638741997,506.48928482473434,507.4521179199219,29117000
2025-01-02,510.4993728244697,512.8221071633047,501.97285552495356,506.45947265625,36389800
2025-01-03,509.55634989003045,515.8098417331423,508.7424629551306,514.7477416992188,29059500
2025-01-06,520.1475802181556,524.0187233784725,518.1722957509822,520.6636962890625,36109700
2025-01-07,521.7059999662438,522.1030076792526,509.4869713360559,511.3728942871094,36690300
2025-01-08,511.27365140459267,513.1000201476976,506.7969699488272,511.4622497558594,30777800
2025-01-10,507.7002616861164,507.7994984696709,500.19613120906627,503.44195556640625,40532500
2025-01-13,497.4962392396563,502.28059733248006,496.00732395497107,501.8240051269531,31694200
2025-01-14,504.98052179626774,506.39004165996994,497.8833646668992,501.3475646972656,33737200
2025-01-15,509.2388513156959,514.0231792721111,507.680415704871,512.8817138671875,34957600
2025-01-16,515.1448467748171,515.224272558158,509.1594384871324,509.2884826660156,28229000
2025-01-17,518.9861209529159,520.1971366722539,509.3181091218114,517.8843383789062,51837900
2025-01-21,520.6041714349437,522.0831509199561,516.2168513724278,520.9218139648438,23628000
2025-01-22,525.6565483001042,529.8751413083515,525.3488415863966,527.5822143554688,33593000
2025-01-23,525.1304853393235,528.8230268358762,524.5448792406889,528.7039184570312,23096600
2025-01-24,529.0811499069405,529.8454186239994,524.247142698527,525.7161865234375,19878300
2025-01-27,507.2237644449725,514.1620993962705,506.3800397959972,510.4100646972656,60771700
2025-01-28,511.4125906777684,519.135127001106,507.9980395084438,517.9539184570312,33194200
2025-01-29,518.5991606876129,518.7282048637726,513.0802502522747,516.981201171875,26649000
2025-01-30,519.8398489654351,522.2121410225601,514.380493502768,519.1846923828125,27431300
2025-01-31,523.0260873773669,527.5921301044531,517.338450995146,518.4302978515625,38755200
2025-02-03,509.6755241871737,517.000992221849,507.27342449560086,514.28125,40580800
2025-02-04,514.7974286874838,521.2295233442737,514.4003603770645,520.59423828125,26046800
2025-02-05,517.9638671852232,523.11551659981,516.7727228160936,522.9566650390625,21134100
2025-02-06,523.4629031663001,525.8948102853632,521.8548794809367,525.6863403320312,19434500
2025-02-07,526.2224024701397,528.1678797493125,518.3311390158517,519.0557250976562,29605500
2025-02-10,523.3239005134812,526.4407109622551,522.8574028177311,525.3389282226562,20852800
2025-02-11,522.0732896066455,526.0039872775455,521.9442454321847,524.0882568359375,19325500
2025-02-12,518.4402137606293,525.2793115026069,518.0928244789425,524.3958740234375,25009400
2025-02-13,526.0635234537466,532.2574012792994,525.2793832223591,531.9398193359375,28714800
2025-02-14,532.0490173479468,534.8581212532781,531.7115032138299,534.1732177734375,17862600
2025-02-18,535.7414193270516,536.0094434356852,532.0786857068766,535.3840942382812,20565000
2025-02-19,534.590089236306,536.8135264180986,532.4956962288245,535.5330810546875,19666900
2025-02-20,534.7488027980122,535.1160636766159,528.5251788659228,533.2598876953125,26550800
2025-02-21,534.4014135025412,534.4212850908257,521.8250608987436,522.1923217773438,47093800
2025-02-24,523.9791386398983,525.160347339716,515.6908667320525,516.0283203125,39268400
2025-02-25,515.402907751773,515.4823335308943,505.67533996149535,509.52667236328125,48940000
2025-02-26,511.72040130693927,515.8198259825109,507.59110865878125,510.7575378417969,34457600
2025-02-27,514.3010917647001,515.2341477107384,496.35468364163813,496.57305908203125,52448000
2025-02-28,496.43413947250224,505.0202115627976,493.2577747457523,504.41473388671875,47654000
2025-03-03,507.73993161461107,509.2486881332856,489.93250314963643,493.3768615722656,44587200
2025-03-04,490.5280988504062,500.0174498903787,484.1356867718227,491.8879699707031,67875400
2025-03-05,492.5331693757525,499.9082555325708,487.6296728031353,498.30023193359375,46323700
2025-03-06,490.0417360224173,494.89558418778057,482.6070952577814,484.5923156738281,57574300
2025-03-07,483.56003226680144,489.63480239179813,476.979021200701,488.15582275390625,54714700
2025-03-10,479.87744712390025,480.39359355913183,465.19673274957023,469.2366638183594,76668000
2025-03-11,468.85944790641054,475.2717015064333,463.55891291656457,468.114990234375,68760800
2025-03-12,475.6190975102553,477.50505079394827,468.3035653299785,473.3956604003906,46971100
2025-03-13,472.7306091786664,472.760386273074,462.98316971511383,464.8790588378906,46563300
2025-03-14,470.2292461988736,477.00876061202655,469.62373821824536,476.11541748046875,43563000
2025-03-17,476.06574086012523,482.2497130174167,474.2691189068619,479.202392578125,41744400
2025-03-18,475.86727110411596,476.0657749736721,468.91899953639006,471.03326416015625,39072300
2025-03-19,473.2864979024419,481.7435264527976,471.36083156550126,477.33636474609375,40430300
2025-03-20,473.3559058863872,480.9692083343736,472.6610667046265,475.71832275390625,36780500
2025-03-21,470.57662752286865,478.0509810732746,469.4152905592447,477.28668212890625,42234900
2025-03-24,484.8576794709337,488.60541998448804,481.53742091872255,487.76043701171875,34567200
2025-03-25,488.48607924199416,490.7028813411277,487.5218103740152,490.5438232421875,26035200
2025-03-26,489.390696139039,490.24562966600536,479.96673847902554,481.51751708984375,34627100
2025-03-27,479.55920474042404,483.70454516246133,477.41196560654595,478.77386474609375,33469800
2025-03-28,476.9745201773356,477.6803158784236,465.2840071747282,466.16876220703125,46363800
2025-03-31,459.19026229129486,467.08331235256605,454.6273605455005,466.1488952636719,53000300
2025-04-01,464.53844262078127,470.83105198841025,461.6754876852753,469.90655517578125,41156200
2025-04-02,463.3654253458386,476.7260031222664,463.1069521266998,473.3361511230469,49894500
2025-04-03,453.7426062022167,457.35115906183495,447.47984907108474,447.99676513671875,70456300
2025-04-04,435.55079068681124,437.7675929050692,420.1722106933594,420.1722106933594,117088400
2025-04-07,406.24497996843866,440.5212273303754,400.01204418212296,421.1861572265625,161557000
2025-04-08,435.57062951414565,440.5212103571544,407.36829126047905,413.6012268066406,101248100
2025-04-09,413.11415290728195,465.06529634282225,412.97496569005153,463.2461242675781,142876900
2025-04-10,450.8796353482819,452.89763762867176,430.07333074405074,443.5432434082031,108384100
2025-04-11,442.0223093443537,453.09649143953806,438.7219217931667,451.7146911621094,52483800
2025-04-14,461.7152208667026,462.3017305650004,449.95514472763216,454.7764892578125,43941200
2025-04-15,455.83024573579985,459.64754944257936,453.4543549864483,455.2834777832031,35404200
2025-04-16,446.37639807774553,449.9451788691767,435.17301051795084,441.5550537109375,48980600
2025-04-17,444.5274509761507,445.10401010316673,438.7517574071589,441.4755859375,44837000
2025-04-21,435.64027525418857,436.48522787937225,425.40112526573694,430.5505065917969,44149300
2025-04-22,436.22677695266526,444.9349886334612,435.03385628214005,441.85333251953125,52304400
2025-04-23,455.46243104941027,460.641633756553,450.20368411807647,451.8737487792969,55801100
2025-04-24,453.78243704630535,464.896361425193,453.1362539590864,464.58819580078125,45956100
2025-04-25,464.2103725610634,470.2942006570759,462.6397231543872,469.767333984375,38697100
2025-04-28,470.2345562596675,472.0040358662156,463.27592382131877,469.61822509765625,33550800
2025-04-29,467.3915381780168,473.60460372916896,466.81494870601875,472.7198486328125,30613100
2025-04-30,464.36947606745446,474.37997416490805,459.697238824554,472.6601867675781,46810600
2025-05-01,480.5532222946606,484.300932012728,477.898987697636,478.83343505859375,43316500
2025-05-02,483.66474747370063,488.00891762969025,481.9648310617846,485.9411926269531,39218100
2025-05-05,481.73622270162116,486.14003597307794,481.2391774925475,483.058349609375,28309500
2025-05-06,476.7259901676863,482.1835367600156,475.36409117258444,478.5650634765625,32786300
2025-05-07,479.2310866723673,482.9291041737698,473.9624196873836,480.4438781738281,38006300
2025-05-08,485.642990937839,489.78836133137906,481.30877127503675,485.4044189453125,39577600
2025-05-09,487.31308720263786,488.6352445339485,483.3268049949173,485.0863342285156,27767400
2025-05-12,503.99388239825186,504.88858802841014,498.51646492128515,504.84881591796875,45090600
2025-05-13,506.15112683099704,514.3325026354601,505.4155095627927,512.5431518554688,53269600
2025-05-14,513.7161211405411,516.1615447200978,512.7021295054291,515.6148071289062,47014500
2025-05-15,513.4676707665623,518.8456739501621,512.1256121181644,516.1815185546875,50153300
2025-05-16,517.5830263951985,518.616919133845,514.0440673713118,518.4280395507812,48394600
2025-05-19,511.2010686059385,519.442117353632,511.2010686059385,518.9251708984375,52536200
2025-05-20,516.4001746478178,517.8515686536134,513.6067827063093,517.1954956054688,42517600
2025-05-21,513.2191016405527,519.909311026266,508.2187974987168,510.0081481933594,71292800
2025-05-22,510.62447644500173,514.6505913275334,509.27252798800356,510.9624938964844,55607200
2025-05-23,503.1887069260503,508.8152626278632,502.59224657648224,506.2306213378906,58368100
2025-05-27,513.0998460017336,518.626986864166,511.54906721801433,518.1398315429688,47226300
2025-05-28,519.0941399870436,520.5852756508032,515.326559052752,515.8434448242188,46637200
2025-05-29,523.21968658337,523.3687637584553,514.2629211840699,516.8574829101562,58513300
2025-05-30,516.370303138387,517.6029654866918,508.9046747674079,516.042236328125,67662800
2025-06-02,514.18335129797,520.3566750351536,512.9208369697641,520.1181030273438,44762800
2025-06-03,520.4659496294596,525.6153304447355,519.6010958649408,524.183837890625,44070300
2025-06-04,524.8896842213366,526.708886650537,522.8617009643712,525.6452026367188,41359300
2025-06-05,527.0468829475419,529.8999177687056,519.5713031286073,521.688720703125,61031200
2025-06-06,526.8679353376542,528.6572860020211,525.0885352856423,526.7883911132812,42467000
2025-06-09,527.0071545180014,529.2040557008712,525.8838273941709,527.5638427734375,33688700
2025-06-10,528.0309659877803,531.7389643345455,525.7644714899908,531.0530395507812,40664800
2025-06-11,532.4547240748923,533.607902979141,526.9772759658763,529.263671875,53701000
2025-06-12,527.9515275399644,531.4805365276557,527.703004925698,530.5062866210938,34104900
2025-06-13,524.5616021772432,528.7268432784747,522.6231138097035,523.8458862304688,55814400
2025-06-16,527.3649873706377,532.2062030416474,527.3152949826874,531.132568359375,37622100
2025-06-17,528.5677704245282,530.178191841852,524.7901787794913,525.9533081054688,42180900
2025-06-18,526.9672562637179,529.4027896913979,524.2832609295995,525.8638305664062,43983500
2025-06-20,529.1146401876316,530.4069457539052,521.7782471531975,523.7167358398438,61643500
2025-06-23,524.2849177292203,529.6192118620138,521.1400908129034,529.1017456054688,50666100
2025-06-24,534.3165868287479,538.1083222601969,533.6995634797794,537.1927490234375,45442000
2025-06-25,539.4618115177252,540.7058200544818,536.7946645040316,538.5661010742188,44804200
2025-06-26,540.745568102249,544.0496618306095,538.9243834682991,543.601806640625,43811400
2025-06-27,544.6369739056408,547.3538694850535,541.9299793720932,545.4630126953125,57577100
2025-06-30,548.6177271894713,550.150323841353,546.3785118204822,548.9959106445312,45548700
2025-07-01,547.0951436887766,548.0704878876566,542.0494367342798,544.3682861328125,56166700
2025-07-02,543.5421378206258,548.3589656247289,543.5023514145969,548.159912109375,36538300
2025-07-03,550.528547956803,554.5292991491806,550.528547956803,553.553955078125,26443500
2025-07-07,550.8669428006658,551.6830197478901,546.9458251844275,549.3840942382812,45349300
2025-07-08,550.7274980013236,551.3544830925421,548.4583975297523,549.6925048828125,36153300
2025-07-09,551.8222657361728,554.957191559505,550.448875446199,553.5838012695312,43045500
2025-07-10,554.2207589895446,554.6287670725607,550.1005880395711,552.7876586914062,34710900
2025-07-11,550.6479296881262,553.1259849885996,549.4039211443059,551.5436401367188,39618600
2025-07-14,551.3346764161255,554.280510790838,548.9860026438791,553.5440673828125,36453300
2025-07-15,557.5646229155932,558.1119745200461,553.9918036921638,554.051513671875,43277700
2025-07-16,554.6088733698717,557.524821997974,548.9162589009651,554.6187744140625,52314700
2025-07-17,555.3454488006327,559.6148651110749,554.539333532434,559.1072998046875,40423800
2025-07-18,560.4208944407413,562.0231629422733,557.2959302535468,558.56982421875,50484700
2025-07-21,559.3958946507648,563.3468370391857,559.3660092861638,561.4658813476562,39595200
2025-07-22,561.5951830334812,561.6449312247784,555.9324539325285,558.559814453125,43270600
2025-07-23,559.6446191045442,561.1473303500087,556.8978386154415,561.1075439453125,40215300
2025-07-24,562.4212998555654,563.5259649748344,560.590092369004,562.3018798828125,42275500
2025-07-25,562.2222340881906,564.9789766749151,561.5654242523398,563.6553344726562,30630800
2025-07-28,565.0187630549528,566.3125198933016,564.1529379000713,565.4168701171875,31498700
2025-07-29,568.0242394036405,569.3677442783611,563.8145341030877,564.541015625,45463300
2025-07-30,565.4566917408055,567.8849991894002,562.3416890497874,565.2974853515625,43433800
2025-07-31,571.7861703841629,571.8757657350329,561.1673293990499,562.3018798828125,64613600
2025-08-01,556.1515061828632,556.3405979294319,549.0357523301388,551.2252197265625,69400800
2025-08-04,556.3703360927129,561.6150952409816,556.2708397121321,561.3961181640625,47669800
2025-08-05,562.6800492447384,563.8444243211386,557.047144120063,557.5845947265625,48666600
2025-08-06,558.4205125100245,565.0386624956789,557.9428326498341,564.6007690429688,41823700
2025-08-07,568.9298809926769,570.5719965866228,562.4013265086303,566.5115356445312,44463000
2025-08-08,567.7157577691117,572.0150586353669,567.4172078636645,571.7960815429688,35255500
2025-08-11,571.9354554685915,574.0353274481827,568.8304148017489,570.104248046875,33112900
2025-08-12,572.4031383383943,577.568264258411,569.7459530883017,577.2697143554688,42143300
2025-08-13,579.9667330931853,580.5240464797514,576.165035771658,577.558349609375,41209300
2025-08-14,575.5083270283026,579.091047893356,575.1400445589929,577.110595703125,45425000
2025-08-15,577.0209239007323,577.060771050305,572.811218330625,574.57275390625,49480200
2025-08-18,573.6769784888112,575.0006204675227,572.482718246351,574.34375,29831000
2025-08-19,573.6273596101793,573.7965277870278,565.5263603018907,566.5514526367188,53752600
2025-08-20,565.6059676042936,565.7253875756548,556.1614636230435,563.1876220703125,76781100
2025-08-21,561.6450181787756,563.774775630925,558.2911756152315,560.5802001953125,46436900
2025-08-22,561.9634564557491,571.238791941298,560.5702032580724,569.2284545898438,51502100
2025-08-25,567.6659983001664,570.5420998652211,566.4318908111547,567.5863647460938,34044700
2025-08-26,567.0987738406898,570.1739291946637,566.0736815609588,569.8654174804688,34103000
2025-08-27,568.8503542214644,571.6567843025553,567.6361701841732,570.7412109375,36927100
2025-08-28,571.3582297430389,575.2295992365423,569.7161747720991,574.3140258789062,46787900
2025-08-29,571.90560730373,572.2738897636767,565.8149455424127,567.6660766601562,56030400
2025-09-02,558.6195355636612,563.2571726003424,556.8580000613789,562.9088745117188,65876800
2025-09-03,566.5015849549442,568.9597775003773,564.0135677896833,567.3375854492188,54230200
2025-09-04,568.0043701424134,572.8410610450118,566.3026052373926,572.4728393554688,47526300
2025-09-05,577.707586970244,578.3345721151251,568.7905728965633,573.298828125,68342500
2025-09-08,575.5977945125156,578.0559870759845,575.0006946855148,576.0953979492188,46371400
2025-09-09,576.8915385805233,578.1554707195171,574.274139701763,577.7275390625,44007600
2025-09-10,580.942094267134,580.9719796320359,575.7769677758832,577.9166870117188,49308000
2025-09-11,580.4444560297375,582.0766099053841,578.8322257294989,581.2804565429688,44745800
2025-09-12,582.2357922273038,585.0422828265267,581.3002953608963,583.8480224609375,50745900
2025-09-15,585.6195335974215,588.9534523182087,585.4702282697297,588.843994140625,44360300
2025-09-16,589.7695130089575,590.018314719858,587.6596793599289,588.3463745117188,36942100
2025-09-17,588.2667613743852,588.9136701422223,581.5690385221046,587.1720581054688,69384800
2025-09-18,592.0585449007204,595.2731046813599,590.1179399259114,592.4666137695312,61069300
2025-09-19,594.4669572446983,597.1738908683575,592.9940097211341,596.4772338867188,58196100
2025-09-22,595.56457167487,600.6759063866804,595.5446250028239,600.0083618164062,57154800
2025-09-23,600.1776946146698,600.376978885606,594.8072966999976,596.0228881835938,64635500
2025-09-24,597.3979183069385,597.7167610032964,591.2005236200914,593.9305419921875,49850300
2025-09-25,590.0447574609248,592.9541133753095,586.358211090951,591.3699340820312,70920200
2025-09-26,592.1868651388552,594.1297803627111,588.9088608410209,593.8009643554688,54337400
2025-09-29,596.929586249639,599.858888854889,595.2357610619866,596.5509643554688,48332900
2025-09-30,596.2520555976123,598.5237869140956,593.9305184146496,598.1849975585938,46533800
2025-10-01,594.9966151966095,601.592517201177,594.1696797218984,601.0545043945312,46899600
2025-10-02,604.8506893778672,604.950301116935,600.7357150581139,603.5255126953125,43765400
2025-10-03,604.3027001978111,605.1197232184186,599.2013385970163,600.9848022460938,46482100
2025-10-06,606.2355880916678,607.1422494333636,603.7645725777412,605.498291015625,41962100
2025-10-07,606.8035939044607,607.4910851983766,600.835403229105,602.3099975585938,58209500
2025-10-08,603.2066381307736,609.523591030116,603.0572205300643,609.2147216796875,50629800
2025-10-09,609.2545466200572,609.3840783602061,605.2691043090726,608.4774169921875,45551000
2025-10-10,609.1748739271294,610.9483641105261,586.9061788056832,587.3545532226562,97614800
2025-10-13,597.497493628088,600.7556121211176,595.056398092238,599.8190307617188,65872600
2025-10-14,593.1434568492728,600.4966033203683,587.9823159734815,595.8236694335938,69203200
2025-10-15,601.8117836952674,604.4919961772353,593.7611729131481,600.0282592773438,62805500
2025-10-16,602.9077579751356,606.0961241101174,593.3327470469682,597.806396484375,70982000
2025-10-17,595.7738386787643,603.306322454893,594.1995718879336,601.7320556640625,72024900
2025-10-20,604.9303809627713,610.5697551235123,604.8606284241672,609.3143310546875,45761700
2025-10-21,609.4139706950965,610.4899962848245,607.1024069621277,609.1549072265625,44538200
2025-10-22,608.5969960402966,609.1848147458128,597.5573034367524,603.286376953125,61478800
2025-10-23,602.7085014161719,609.1450131867009,602.319966975814,608.35791015625,42844300
2025-10-24,613.7481193370727,616.1692681518385,612.8912638677524,614.8540649414062,47632500
2025-10-27,622.2471843336021,626.2624862060553,621.7589773359792,625.80419921875,54098600
2025-10-28,628.0658354818435,632.3701204498367,626.9598898422056,630.6165161132812,61195700
2025-10-29,633.276839153424,634.69165413006,627.9562469711387,633.4561767578125,67422800
2025-10-30,629.869267455657,631.1944440896802,623.6619603385896,623.7715454101562,61628600
2025-10-31,631.8619934183905,631.8919134270566,624.4092354874234,626.7805786132812,66305100
2025-11-03,632.7986042633725,633.5060422247587,627.5577374609765,629.7796630859375,37154300
2025-11-04,621.0117005353788,624.6683271251044,616.2092348629542,616.996337890625,63830800
2025-11-05,616.2390515684897,624.3195213581258,614.9637416360841,621.0116577148438,48688500
2025-11-06,619.5270116741043,619.776101814492,608.078838551967,609.44384765625,72115100
2025-11-07,606.0961466218313,607.7301926884926,596.4912153281726,607.5209350585938,81835400
2025-11-10,616.6674802752618,622.0378784586748,614.644899897251,620.9617919921875,55919900
2025-11-11,618.3115007347396,620.4536395227035,615.2726130875191,619.307861328125,44868800
2025-11-12,622.5659665942537,622.5858524528388,615.5615225825271,618.8196411132812,47444400
2025-11-13,615.2925422980531,615.8704485105809,603.8742880136988,606.1858520507812,71333600
2025-11-14,597.3679290922347,611.1176919097272,594.9965862233795,606.64404296875,80087300
2025-11-17,604.0934192729386,610.2509204798646,597.6868279161546,601.4630126953125,63850400
2025-11-18,597.4377215700049,600.1179339423381,589.1878876531316,594.1397705078125,83327300
2025-11-19,594.897031094223,603.9539148983285,592.4260762649179,597.6868286132812,73111500
2025-11-20,609.3940836964333,611.7953468701894,582.6218784315797,583.5385131835938,117743200
2025-11-21,585.3319113971087,594.807310091711,578.6264242609341,587.9224853515625,103344200
2025-11-24,593.1135933516537,604.4720682054578,592.9939741263881,602.9575805664062,60168100
2025-11-25,601.3136469136847,608.0390815394395,595.1461718391749,606.674072265625,57560900
2025-11-26,610.2808195033393,613.9474190856081,608.1685399702174,612.034423828125,42393600
2025-11-28,613.8677508272276,617.0660904342964,613.1802595402138,616.996337890625,23034400
2025-12-01,611.3967336448243,617.1855860502521,610.2907880213397,614.923828125,40957600
2025-12-02,617.2055331651553,621.4798980663827,615.3423437866954,619.7362670898438,54541800
2025-12-03,617.3649627124794,621.9481972408511,615.7807833814271,621.2507934570312,47841600
2025-12-04,622.6555993528335,622.6655726885474,617.2852013230104,620.6728515625,47067800
2025-12-05,622.1077018660956,626.6311575742,621.4401572213803,623.2036743164062,53614200
2025-12-08,624.9273247300189,626.5513972974647,619.4273950138578,622.0079956054688,43462400
2025-12-09,620.7426537012356,623.5922305440594,618.7399590794447,622.7752075195312,37156000
2025-12-10,621.5795410824109,626.920080160108,618.7299643381673,625.3258666992188,55031400
2025-12-11,621.5497401616841,623.5026290294861,615.4719033941835,623.3033447265625,58272800
2025-12-12,619.8160122611713,621.2706598008424,609.1349951238292,611.3867797851562,75158700
2025-12-15,616.1195138735233,616.1693197420918,607.102462393675,608.3179931640625,49538200
2025-12-16,606.0462710202155,611.2771638485672,604.7011478051123,609.5235595703125,55152800
2025-12-17,610.8287773715621,611.4166568355257,598.0953215609716,598.2247924804688,70654300
2025-12-18,607.5806797208244,610.6992932536183,604.7111563372118,606.8931884765625,78875800
2025-12-19,609.722845815118,615.372193060386,609.6431199441153,614.8042602539062,60369800
2025-12-22,619.8862552767364,620.1855972768566,616.3147325600856,617.7513427734375,43703100
2025-12-23,616.7437078609482,620.9437513214359,616.3247143117193,620.6444702148438,41120400
2025-12-24,620.5247726871431,622.809417120355,620.255389239048,622.460205078125,18468700
2025-12-26,623.1884938656726,624.0465142854792,621.6721158574088,622.4203491210938,28959800
2025-12-29,618.6392040742111,621.312944373981,617.2724362589381,619.4074096679688,32458300
2025-12-30,618.3798323976478,620.7142858196408,617.7612369489017,617.9707641601562,31226800
2025-12-31,618.1903012408169,618.4995685313527,612.6034567489972,612.8628540039062,40746500
2026-01-02,618.5993129536024,621.3827185880021,608.7126848809434,611.6756591796875,61859200
2026-01-05,617.8610636312775,619.3475438678657,615.2671519649484,616.5341796875,46828400
2026-01-06,617.7712838046286,622.550039153126,617.0829067758982,621.951416015625,43137500
2026-01-07,621.5723159557587,626.4607976434537,621.0934661514185,622.550048828125,44880300
2026-01-08,621.5623898130801,621.9514248328863,616.3446684463296,619.0083618164062,50435900
2026-01-09,619.946120817708,626.4108973206594,617.6016810573577,625.173828125,49688700
2026-01-12,620.8440291770474,627.368601054656,620.7941591397378,625.6925659179688,37388700
2026-01-13,625.7923733874012,627.9871421828441,622.2307758506613,624.7647705078125,44481400
2026-01-14,620.7741807448011,621.9813522711377,613.1122798122711,618.0905151367188,72598700
2026-01-15,625.1238996016858,628.5159146085045,619.2877047511574,620.3153076171875,53934900
2026-01-16,624.0265108868263,624.6051616315584,617.4221104790464,619.7965087890625,61058100
2026-01-20,609.0918377338978,613.611135001854,605.6199939698072,606.6276245117188,81988900
2026-01-21,608.0342310571399,618.958448118544,606.4280383777512,614.8282470703125,79837900
2026-01-22,620.8838887514372,620.9936758988773,616.3247080096578,619.2976684570312,42254800
2026-01-23,618.2701049354484,623.9267921630139,617.1926928942361,621.2530517578125,43645800
2026-01-26,621.7419335987944,626.1315320367429,620.654474506515,623.9866333007812,35983000
2026-01-27,627.428447510711,630.5510790290263,625.8621995501378,629.6432495117188,38997200
2026-01-28,633.9630457840011,635.1003139672691,630.3216198646463,631.728271484375,50691700
2026-01-29,631.1596506954837,632.1772064107698,616.8135217006399,627.9472045898438,79944000
2026-01-30,624.2360100363766,626.7799907137291,617.8410762491409,620.405029296875,65650700
2026-02-02,617.2425627681274,627.0094788951942,617.2026180242116,624.6650390625,49020300
2026-02-03,626.8199062679399,628.4959413976924,609.5207880738473,615.0676879882812,81234000
2026-02-04,613.5711796318161,613.6509473291842,599.0554072347201,604.322998046875,81850700
2026-02-05,598.7960977080248,603.3852370585454,593.3589241811554,595.6235961914062,89354500
2026-02-06,598.7761302609774,609.9696699932801,597.3594924154261,608.2138671875,78019300
2026-02-09,606.1088060763491,615.0078372205985,603.6446538426547,612.8728637695312,56797600
2026-02-10,613.8605219833995,615.566515685603,609.5706636004911,610.029541015625,53938900
2026-02-11,614.9280269463444,616.0653561148772,606.2584951427149,611.6657104492188,58575100
2026-02-12,613.2619605146361,614.3593449076634,598.1576109292407,599.22509765625,81378900
2026-02-13,599.0155339597561,605.0512695366964,595.0149707463246,600.5020141601562,69237500
2026-02-17,596.9703796848319,602.527265543405,591.9422745141455,599.8834838867188,69013800
2026-02-18,600.6916520079001,608.333642172117,599.3049116850376,604.3629760742188,64250700
2026-02-19,601.3899214380363,604.3928403408552,599.3347767407971,602.04833984375,60960800
2026-02-20,598.70626248816,608.9121436812641,597.8183444916572,607.3757934570312,74127300
2026-02-23,605.1809875790976,606.5777139403463,597.6387991893799,599.9932250976562,63859100
2026-02-24,600.9809641013653,607.5554060860559,598.3172099190714,606.4380493164062,55023700
2026-02-25,609.6305248735758,615.3769659271486,609.5606824638733,615.227294921875,55710700
2026-02-26,614.1398874724765,614.1398874724765,602.5571907580546,607.8048095703125,96178900
2026-02-27,601.5595911757949,606.8870389785335,600.7714740333364,605.8594360351562,68125200
2026-03-02,597.449233707877,608.4831769130049,596.5812880631398,606.6575317382812,75264600
2026-03-03,594.9252095120197,602.5372399706525,590.4756942596103,600.162841796875,97015500
2026-03-04,602.7367159421393,611.436205359631,602.0084551337541,609.3112182617188,70943900
2026-03-05,605.9691941386595,611.3165531665334,600.8412876368789,607.4755859375,89602400
2026-03-06,598.8958365654587,604.5724349663923,596.9205203720956,598.337158203125,86302300
2026-03-09,592.83015152989,607.8347607375977,589.9370196014203,606.3283081054688,93068200
2026-03-10,606.3483040570791,611.8452732023572,603.9938171455258,606.3383178710938,64078900
2026-03-11,607.5154643204306,610.9872467457833,603.6047159994632,606.2584228515625,60114800
2026-03-12,601.3400708370464,602.716824803038,595.6435001258386,595.85302734375,71836600
2026-03-13,598.3172021392496,602.1780807449821,591.1740956767717,592.3213500976562,63145500
2026-03-16,598.6264723831473,602.4374809704295,597.6986704778886,598.9656982421875,49077200
2026-03-17,601.7192114600242,604.4727195335382,600.4521836848432,601.8887939453125,47106600
2026-03-18,600.0730994941966,601.7391485345295,593.1594313501803,593.4986572265625,56128000
2026-03-19,588.1213056121308,594.3964663870662,585.6970372512312,591.623046875,75597600
2026-03-20,589.6676415345306,589.777367794347,577.177115328303,580.6888427734375,91964700
2026-03-23,589.8718065319924,594.426798587646,585.316814476339,587.3545532226562,89936100
2026-03-24,584.168034177979,587.2846043834495,581.291190762444,583.3389282226562,57750900
2026-03-25,588.4933019738706,590.7208345412774,585.0470769253521,587.1747436523438,60475500
2026-03-26,581.9604215239336,583.9882223389391,572.8005050402526,573.1600952148438,81492100
2026-03-27,570.1834096572744,570.3932010852176,560.953562318283,561.9624633789062,82702200
2026-03-30,566.7571613464482,567.4264087803426,554.990063621082,557.6671752929688,70602600
2026-03-31,563.6705222317372,578.0048059355398,563.5906539497258,576.54638671875,95878000
2026-04-01,580.8416686249938,587.0948065489223,579.7828346644924,583.6685791015625,79435100
2026-04-02,573.3399058573888,585.4066623334502,571.2921684003409,584.3378295898438,50941700
2026-04-06,585.5864761740653,589.9616731281693,584.04818857967,587.85400390625,35108500
2026-04-07,584.9971348275072,588.33343423744,577.7650922119919,587.9439086914062,49948200
2026-04-08,608.0418015962135,609.2304976949432,601.4590090396181,605.4246826171875,63086000
2026-04-09,605.2648690435934,609.8298599139192,602.3680889271087,609.5202026367188,37837500
2026-04-10,611.1684052317679,612.9963525292593,608.9108762966896,610.3992309570312,34038500
2026-04-13,608.8109292631304,626.0519920071752,607.4424380458482,616.7122802734375,32972100
2026-04-14,619.5391066149297,627.909912109375,619.4192432257902,627.909912109375,49921100
2026-04-15,628.389443361703,637.1298380333551,627.5104045058445,636.7003173828125,50102400
2026-04-16,638.508341093032,641.4750515662109,634.5626649382287,639.7669067382812,42320600
2026-04-17,644.8813252169399,649.2864572780229,643.3629742993419,648.1376953125,53488900
2026-04-20,647.3285838511964,648.0478251654257,641.8146849601577,646.0799560546875,37138500
2026-04-21,647.6981578004061,649.4862317832127,641.5050128476822,643.6226806640625,39580500
2026-04-22,649.4363527672372,654.6106593494021,647.8081371457112,654.390869140625,37368400
2026-04-23,652.8325617169355,656.1988574654163,644.8114082493845,650.7048950195312,40099800
2026-04-24,657.7871447947734,663.7805584259092,655.8093378063087,663.1512451171875,45563100
2026-04-27,662.6718094811696,663.7006471456002,659.9647623025988,663.5008544921875,32717000
2026-04-28,656.6883250827437,658.9159186391063,653.0923012400261,656.8281860351562,34147900
2026-04-29,657.906975030037,660.9935487523345,655.8692364466933,660.84375,31724900
2026-04-30,664.6195670718752,668.165718724101,656.8381407338443,667.0069580078125,40622200
2026-05-01,668.425399726581,675.2279215792395,668.0658095505829,673.4099731445312,39172600
2026-05-04,673.9193717407993,675.9871067346722,668.165745937857,672.141357421875,34542000
2026-05-05,677.2157986999623,682.0205161358222,676.7662804889583,680.8617553710938,37101100
2026-05-06,687.0250065058129,695.1660231170968,685.7263848294704,695.0062255859375,38778500
2026-05-07,695.8153383268437,700.4701959320079,691.0106209986512,694.1771240234375,43779100
2026-05-08,699.1516368844667,710.44921875,698.7321150158692,710.44921875,44320400
2026-05-11,709.5801817559162,713.805579696499,708.1317613118729,712.5069580078125,36019100
2026-05-12,707.4425277497028,709.4003981235137,695.8752835015275,706.463623046875,45873000
2026-05-13,709.1806902070881,715.8633489513101,704.0563165931343,713.9254760742188,40012500
2026-05-14,713.8355094170396,721.2374091114184,713.4359241362712,718.9998168945312,33327500
2026-05-15,709.3604881552494,714.3450008365951,704.7754998097428,708.1517944335938,51792700
2026-05-18,710.7588622671137,711.2883097073819,698.0827906816122,705.1051025390625,49834500
2026-05-19,699.0418050981273,705.714465040699,694.4868131207006,700.7599487304688,46827500
2026-05-20,704.5157692199168,712.3671875,703.0174157954351,712.3671875,36779200
2026-05-21,708.2116871156971,716.3327671783537,705.9941534147096,713.7256469726562,36415400
2026-05-22,717.2817668085307,721.3273088449104,715.1640988544713,716.7523193359375,33118600
2026-05-26,725.1631283460116,730.3673702569255,723.3650554496121,729.4783935546875,34254700
2026-05-27,732.155448805963,732.515039000156,724.6436840304248,728.6492919921875,35148700
2026-05-28,728.9289290608506,735.7913827320126,725.6125662306399,734.79248046875,32840000
2026-05-29,737.0300569298091,740.815874477768,734.4428732975097,737.49951171875,37541700
2026-06-01,736.2309273283665,744.8315224447946,735.1820921097265,741.9246826171875,33890600
2026-06-02,741.5850600741305,745.6206032443648,738.4184960219842,745.3408813476562,30085200
2026-06-03,746.4896389980919,747.828194840854,740.1965670083828,743.39306640625,40270200
2026-06-04,734.6726235372454,742.6838392688934,731.815777671541,739.7969970703125,40782600
2026-06-05,729.2585667367451,730.8867822650427,703.5468328396532,704.2860107421875,99606600
2026-06-08,717.0220156925686,722.2363170978037,712.2872288217055,715.283935546875,47401500
2026-06-09,722.1863106332692,724.863361278284,685.6165148330579,707.052978515625,91932200
2026-06-10,700.8897497708573,710.4992458337158,692.1693523412803,692.9285278320312,65334300
2026-06-11,698.5223198057862,717.5813914617661,694.2370511794155,716.332763671875,71798900
2026-06-12,716.8222099862159,723.2152086039907,710.4992028084189,720.5481567382812,51168400
2026-06-15,737.2897407963812,743.9424640540115,736.5705604269921,743.1832885742188,46710200
2026-06-16,741.4351902855873,743.4029984406948,728.8390476265988,729.0587768554688,45348700
2026-06-17,734.38293083454,734.8723831709506,720.058646070882,721.7168579101562,51669300
2026-06-18,736.390778085872,741.005701773832,731.7059239216511,739.8070068359375,50154600
2026-06-22,742.02001953125,745.4500122070312,734.3900146484375,737.9500122070312,43518600
2026-06-23,715.739990234375,723.6099853515625,712.1099853515625,713.6500244140625,53354200
2026-06-24,715.3699951171875,719.9299926757812,704.4500122070312,710.6199951171875,52480400
2026-06-25,725.9000244140625,726.8300170898438,705.2999877929688,716.3800048828125,49668000
2026-06-26,707.1300048828125,715.5599975585938,702.8099975585938,706.52001953125,47081800
2026-06-29,713.989990234375,724.5800170898438,705.1699829101562,724.0800170898438,44939100
2026-06-30,724.1799926757812,737.6199951171875,723.9099731445312,736.4000244140625,42121800
2026-07-01,729.1900024414062,731.9199829101562,724.5999755859375,725.1699829101562,40803800
2026-07-02,725.5800170898438,730.8300170898438,707.5599975585938,712.5999755859375,50959800
2026-07-06,719.9299926757812,726.0800170898438,718.4500122070312,722.8200073242188,30220400
2026-07-07,714.1699829101562,716.3499755859375,704.9000244140625,709.4299926757812,42483100
2026-07-08,704.9500122070312,712.260009765625,700.9099731445312,711.4400024414062,35603200
2026-07-09,718.3300170898438,724.22998046875,715.1300048828125,723.280029296875,33654700
2026-07-10,720.7000122070312,726.3900146484375,717.0,725.510009765625,26415900
2026-07-13,717.719970703125,718.739990234375,710.0800170898438,711.739990234375,36552400
2026-07-14,720.219970703125,722.2899780273438,714.3400268554688,719.6900024414062,29448100
2026-07-15,723.8499755859375,724.3599853515625,710.22998046875,717.739990234375,32627600
2026-07-16,712.010009765625,713.5999755859375,702.6099853515625,705.9400024414062,39402000
2026-07-17,691.6500244140625,702.2999877929688,686.760009765625,695.3300170898438,54109300
2026-07-20,702.1599731445312,705.7999877929688,695.510009765625,696.0599975585938,29687600
2026-07-21,706.5700073242188,710.0499877929688,702.7999877929688,708.969970703125,33728300
2026-07-22,703.6199951171875,709.6500244140625,703.6199951171875,705.3499755859375,23692200
2026-07-23,694.6699829101562,698.6599731445312,687.7899780273438,691.9600219726562,44028600
2026-07-24,690.4099731445312,692.6300048828125,682.47998046875,684.22998046875,42876700
2026-07-27,691.6799926757812,692.2999877929688,675.9500122070312,682.1199951171875,42681500
2026-07-28,676.22998046875,679.4000244140625,667.8800048828125,675.489990234375,51398700
2026-07-29,675.510009765625,680.0499877929688,661.1400146484375,661.72998046875,57233300
2026-07-30,674.760009765625,685.1199951171875,673.2999877929688,683.5499877929688,66753700
2026-07-31,692.1099853515625,695.77001953125,680.0499877929688,687.989990234375,50540500
2026-08-03,688.2999877929688,701.5900268554688,685.8200073242188,700.0700073242188,44965100
2026-08-04,708.1599731445312,725.6599731445312,707.530029296875,723.8499755859375,59778600
2026-08-05,726.25,728.5399780273438,716.9199829101562,717.2999877929688,33540200
2026-08-06,710.8200073242188,719.3200073242188,708.5,714.6500244140625,33035900
2026-08-07,720.1500244140625,723.6300048828125,716.510009765625,723.030029296875,31070400
2026-08-10,722.3900146484375,724.6699829101562,720.3300170898438,720.8699951171875,26243200
2026-08-11,723.2899780273438,723.3499755859375,715.5,718.4500122070312,29286100
2026-08-12,727.0800170898438,727.25,722.9199829101562,723.7000122070312,29066000
2026-08-13,725.1500244140625,733.9600219726562,724.030029296875,732.0700073242188,31599700
2026-08-14,733.4099731445312,734.3900146484375,728.3200073242188,731.0700073242188,23790600
2026-08-17,732.9500122070312,734.5800170898438,729.27001953125,729.8699951171875,26452600
2026-08-18,720.2100219726562,722.1300048828125,715.9199829101562,717.510009765625,48997200
2026-08-19,720.3900146484375,721.5,712.6099853515625,716.0800170898438,35801700
2026-08-20,712.280029296875,714.9400024414062,708.52001953125,710.9299926757812,33271359
