Date,Open,High,Low,Close,Volume
2015-01-02,170.47258874432092,170.88559529706598,168.65534982907482,169.6878662109375,121465900
2015-01-05,168.6470660413276,168.8122661140158,166.3177160273211,166.6233367919922,169632600
2015-01-06,166.92899586962346,167.44938819178975,164.26097690167924,165.053955078125,209151400
2015-01-07,166.3755665766757,167.44938618869952,165.92952502298357,167.1107177734375,125346700
2015-01-08,168.5149312956221,170.29086705779733,168.4984201081495,170.0760955810547,147217800
2015-01-09,170.48910371663968,170.50562750822505,168.10192629293343,168.7131805419922,158567300
2015-01-12,168.84534696175578,169.00229147312052,166.78856973022198,167.3915557861328,144396100
2015-01-13,168.60573013625051,169.72910805795988,165.6238233987396,166.92066955566406,214553300
2015-01-14,164.91348263853635,166.111211515272,164.0213997320499,165.9129638671875,192991100
2015-01-15,166.54899117615352,166.86286751898896,164.2774556177399,164.39309692382812,176613900
2015-01-16,164.18661346110187,166.70595572276284,164.0048895862307,166.54901123046875,211879600
2015-01-20,167.18501618298058,167.44934637710867,165.34301083199585,166.9041748046875,130991100
2015-01-21,166.4416173249317,168.22580840656576,165.97905206760984,167.74671936035156,122942700
2015-01-22,168.49836906255456,170.37340919341256,167.12718468012818,170.2412567138672,174356000
2015-01-23,169.98521597655784,170.24129060330148,169.17572673589194,169.30789184570312,117516800
2015-01-26,169.0931194349828,169.79522289212784,168.3827477816635,169.70436096191406,92009700
2015-01-27,167.655845533799,168.60575536241527,166.63985315825929,167.4658660888672,134044600
2015-01-28,168.64709973767964,168.74621728030513,165.1282883309134,165.31826782226562,168514300
2015-01-29,165.5165233191782,167.10246709579837,164.112290844623,166.84640502929688,173585400
2015-01-30,165.6734188056964,166.99503192642172,164.48395817427368,164.74827575683594,197729700
2015-02-02,165.24394877451851,166.8794514367733,163.43497778864867,166.78858947753906,163107000
2015-02-03,167.68063958790245,169.20876868484345,167.30893625739085,169.20050048828125,124212900
2015-02-04,168.44055681294967,169.64654124823144,168.10188848340294,168.5561981201172,134306700
2015-02-05,169.2170253881554,170.40648613676643,169.14268724235677,170.25779724121094,97953200
2015-02-06,170.6212406255758,171.18293601095024,169.26657983067707,169.78697204589844,125672000
2015-02-09,169.14269515542406,169.8613224730138,168.62230290257145,169.0270538330078,87219000
2015-02-10,170.0596182642784,171.08386666581345,169.0683922442656,170.8278045654297,96164200
2015-02-11,170.6625774875651,171.3564255088663,170.0182882386482,170.92689514160156,91087800
2015-02-12,171.71982537678446,172.62844463006107,170.95989500311532,172.57061767578125,97545900
2015-02-13,172.69449806707414,173.33051883320448,172.43842351780003,173.2809600830078,93670400
2015-02-17,172.9671141018099,173.72705713986363,172.7193202893553,173.5535888671875,76968200
2015-02-18,173.1819326949548,173.64449807608503,172.91760241775967,173.57015991210938,80652900
2015-02-19,172.97540711218107,173.80967580969232,172.83498639699363,173.44622802734375,91462500
2015-02-20,173.03320849141335,174.56133766054108,172.4136987099765,174.48699951171875,140896400
2015-02-23,174.23922266755932,174.46224975585938,173.85925105800962,174.46224975585938,74411100
2015-02-24,174.38784325925505,175.15604182724803,174.09047810454112,174.95779418945312,72472300
2015-02-25,174.8339377101534,175.31302682594247,174.4704899254886,174.8091583251953,73061700
2015-02-26,174.71828719907174,174.87523169819997,173.99964726116664,174.60264587402344,72697900
2015-02-27,174.50350429733115,174.76783451094943,173.95834528867053,174.00790405273438,108076000
2015-03-02,174.10705538139715,175.1643512332133,174.05749660771215,175.10653686523438,87491400
2015-03-03,174.67698803921306,175.15607714083993,173.52883035557673,174.38787841796875,110325800
2015-03-04,173.79314592999464,173.86749668575007,172.6862914344985,173.65272521972656,114497200
2015-03-05,173.9748649116038,174.12355381496485,173.3388439366605,173.84271240234375,76873000
2015-03-06,172.98361779581307,173.41314802743403,171.06727444635007,171.39767456054688,188128000
2015-03-09,171.59592352318504,172.46322698067183,171.43897905633878,172.10804748535156,89818900
2015-03-10,170.74515846303427,170.82775220341048,169.27484367841856,169.31614685058594,157121300
2015-03-11,169.57219189746775,169.74566016162228,168.83704088073142,168.91964721679688,110145700
2015-03-12,169.54738756835224,171.13333067656885,169.49782881558852,171.0672607421875,93993500
2015-03-13,170.794734369721,171.75289999879354,168.98576364127752,170.01828002929688,162410900
2015-03-16,170.74513950639326,172.380641590183,170.0430234693745,172.28977966308594,136099200
2015-03-17,171.5546219127697,172.15760780310515,170.96814720565243,171.77764892578125,94510400
2015-03-18,171.30684628378546,174.51178095757123,170.67081270488325,173.84271240234375,228808500
2015-03-19,173.4296846377479,173.85094670509045,172.6614860397028,173.04971313476562,117917300
2015-03-20,173.9964219067773,175.08332706439776,173.813886863184,174.57720947265625,177715100
2015-03-23,174.5854872808226,175.15798235498923,174.2370147705078,174.2370147705078,71784500
2015-03-24,174.11260110194763,174.56892610753695,173.1916333255744,173.2580108642578,77805300
2015-03-25,173.46543463004932,173.6977496835964,170.6776413272634,170.7191162109375,159521700
2015-03-26,170.0553560026632,171.22522364528578,169.358398223387,170.31256103515625,153067200
2015-03-27,170.1963361926901,170.87668349401707,170.0054961096926,170.70245361328125,118939000
2015-03-30,171.73129641311075,173.08371141679822,171.7147115290507,172.78501892089844,96180400
2015-03-31,171.96367717248643,172.66063503633413,171.2169519772045,171.2750244140625,126768700
2015-04-01,171.24186786965754,171.26675786924955,169.68202704069807,170.66937255859375,137303600
2015-04-02,170.60294970108774,171.73134247042432,170.4204146457377,171.28330993652344,86900900
2015-04-06,170.39551652393973,172.9509945167097,170.262774121107,172.43658447265625,114368200
2015-04-07,172.46148275849654,173.20820786869345,171.94707268970402,171.98025512695312,81236300
2015-04-08,172.20422448381984,173.00072933374554,171.81426450055042,172.5609893798828,89351900
2015-04-09,172.3950807864195,173.55665582878575,171.90556078000932,173.3243408203125,85548900
2015-04-10,173.57324239659198,174.3116749111512,173.37412249347702,174.2701873779297,72722900
2015-04-13,174.12915970810909,174.7597399003102,173.4322146474628,173.48199462890625,74436600
2015-04-14,173.28286574935842,173.99640832035578,172.66059069303114,173.81387329101562,75099900
2015-04-15,174.2785335608359,175.09992867523593,174.1955584748344,174.59381103515625,99529300
2015-04-16,174.26194181977996,175.05015452218305,174.0628092028716,174.54403686523438,68934900
2015-04-17,173.35752513560135,173.59813257219798,171.75619750508687,172.53611755371094,191113200
2015-04-20,173.4571243470922,174.4444696253035,173.37416192199962,174.1125946044922,92189500
2015-04-21,174.7928932447818,174.95053826659614,173.6064283504393,173.90512084960938,72559800
2015-04-22,174.24532765331014,174.94228541591448,173.324359960795,174.75975036621094,78264600
2015-04-23,174.36147293633184,175.8466432219657,174.24531542741792,175.19947814941406,102585900
2015-04-24,175.6143231698028,175.87152817072322,175.1579855906446,175.60601806640625,61327400
2015-04-27,176.17019970466308,176.2946496385879,174.68502963866905,174.87586975097656,79358100
2015-04-28,174.8509904598969,175.48155793071655,173.68111036857317,175.43177795410156,86863500
2015-04-29,174.5440107847622,175.30733337852325,173.90515080555448,174.7099609375,125684900
2015-04-30,174.13744681855195,174.52740684652383,172.26231664314207,172.9592742919922,161304900
2015-05-01,173.7391558878964,174.8758533722215,173.63959595008126,174.83436584472656,103399700
2015-05-04,175.25753173188116,175.91300183759805,175.14967933819705,175.33221435546875,70927200
2015-05-05,175.09160603354397,175.44838364955402,173.1832933266122,173.3243408203125,113326200
2015-05-06,173.8719263269991,174.17891126928984,171.54876384368936,172.61077880859375,135060200
2015-05-07,172.5112715607244,173.72263947585762,172.1793965303919,173.2994842529297,88244900
2015-05-08,174.96717621586973,175.78027883907203,174.8842011346324,175.58114624023438,155877300
2015-05-11,175.53963586018259,175.80513327805429,174.66844832425178,174.7431182861328,75708100
2015-05-12,173.9134587041349,174.75975644947212,173.0920509518764,174.22044372558594,119727600
2015-05-13,174.6269635497374,175.24923856234108,174.0212860823308,174.25360107421875,94667900
2015-05-14,175.26586853292397,176.16194623607984,174.99206595749692,176.0706787109375,95934000
2015-05-15,176.2615203857422,176.40256790681514,175.7802927290234,176.2615203857422,76510100
2015-05-18,176.09553949672417,177.05798191288406,176.02916197488247,176.80908203125,74549700
2015-05-19,176.92529548891795,177.19909810553395,176.46895779455798,176.7510528564453,72114600
2015-05-20,176.85056630185804,177.3732814015002,176.31126631603755,176.62655639648438,76857500
2015-05-21,176.48550322428738,177.34838570588087,176.31955308609574,177.14096069335938,64764600
2015-05-22,176.7593246131695,177.1741747121736,176.65147219637822,176.7178497314453,57433500
2015-05-26,176.22829770881899,176.65145286603982,174.4029600049852,174.81781005859375,124308600
2015-05-27,175.27412563801573,176.70950309837983,174.8675680788576,176.47718811035156,93214000
2015-05-28,176.17021111534228,176.38592856818985,175.58942361904656,176.278076171875,74974600
2015-05-29,176.2117246051281,176.2531994850872,174.91739437695398,175.18289184570312,124919600
2015-06-01,175.8465967244586,176.17847161639543,174.75138679267897,175.53961181640625,93338800
2015-06-02,175.0833224787473,176.0540700977669,174.46104739012816,175.36541748046875,91531000
2015-06-03,175.8964251361335,176.45232269634687,175.34052757592013,175.83004760742188,87820900
2015-06-04,175.12482989319332,175.78028749043622,174.02961953601317,174.34490966796875,151882800
2015-06-05,174.1955282911533,174.7182433899041,173.3907182052303,174.0461883544922,121704700
2015-06-08,173.93834636683118,174.08769898352278,172.90122113504552,172.97589111328125,89063300
2015-06-09,172.95095825195312,173.49027083493675,172.32039082500262,172.95095825195312,105034700
2015-06-10,173.71432547087372,175.40692095542522,173.65625304064022,175.02525329589844,134551300
2015-06-11,175.46498440269264,175.971102001252,175.23266937321156,175.58944702148438,73876400
2015-06-12,174.76801536778927,175.4649603607381,173.97149776140645,174.24530029296875,135382400
2015-06-15,173.1086665631017,173.78072176679095,172.4034162583637,173.49862670898438,124384200
2015-06-16,173.3492477236761,174.5274330875997,173.17501778043052,174.4444580078125,85308200
2015-06-17,174.72657775878906,175.33226807449984,173.70604996607278,174.72657775878906,126708600
2015-06-18,175.3239341446082,177.00822441202155,174.75974412764305,176.54359436035156,165867900
2015-06-19,176.30183904524156,176.37687224004762,175.3847242582681,175.75990295410156,130478700
2015-06-22,176.67698711889116,177.24392145490066,176.45187485168697,176.66030883789062,70696000
2015-06-23,176.8687638249379,177.1188871824413,176.39354089530357,176.78538513183594,68476800
2015-06-24,176.51856260613104,176.89374121005542,175.47639274978548,175.50140380859375,92307300
2015-06-25,176.00167167480106,176.12672698393885,174.89280128717357,174.96783447265625,97107400
2015-06-26,175.32636882131126,175.5681594282429,174.38425562567184,174.9345245361328,104174800
2015-06-29,173.45875114834269,174.9427999864751,171.19098855307968,171.26602172851562,202621300
2015-06-30,172.80011556467298,172.8501504100554,171.14932187749557,171.6245574951172,182925100
2015-07-01,173.19192350676775,173.44204677572495,172.21645420745284,173.0001678466797,135979900
2015-07-02,173.47547496516904,173.64221963939704,172.4249593461065,172.84182739257812,104373700
2015-07-06,171.55785267148914,173.1252676311306,171.35775146051736,172.3498992919922,117975400
2015-07-07,172.54998831500768,173.55880163478903,170.17383589953536,173.43374633789062,173820200
2015-07-08,172.09980861176086,172.38327583973646,170.29060275537043,170.5240478515625,164020100
2015-07-09,172.6166988345158,172.87516768530955,170.72412724140756,170.83250427246094,144113100
2015-07-10,172.82513914137888,173.40041904782046,170.87419984963972,172.98355102539062,129456900
2015-07-13,174.24249393444856,175.0011840376992,174.20080458943872,174.89280700683594,106069400
2015-07-14,174.85110984533196,175.95998021965312,174.79274222056702,175.6514892578125,81709600
2015-07-15,175.6931533625977,176.15171062773106,175.11787358650312,175.59310913085938,97914100
2015-07-16,176.6436688574949,177.00218200683594,176.40189097866778,177.00218200683594,106683300
2015-07-17,176.99380980423336,177.21058930613975,176.5852873062746,177.1522216796875,89030000
2015-07-20,177.37735835107748,177.735858773829,176.92714644686333,177.24395751953125,70446800
2015-07-21,177.1105134144091,177.3689822330543,176.24343366482006,176.5435791015625,77965000
2015-07-22,175.8599150166322,176.56026287200874,175.82657117675748,176.2267608642578,88667900
2015-07-23,176.36019849648346,176.4602427588005,174.87614923703148,175.23464965820312,90509100
2015-07-24,175.33469446500777,175.39304937337204,173.08360966659248,173.41709899902344,117755000
2015-07-27,172.53336273463475,173.0419423003663,171.96641553132218,172.40829467773438,132361100
2015-07-28,173.24197951304296,174.66767351979433,172.41658910232414,174.52593994140625,123544800
2015-07-29,174.65099030361242,175.95161625375798,174.5092567292299,175.7265167236328,105791300
2015-07-30,175.21793500317514,175.9349483664293,174.60096587420767,175.76820373535156,91304400
2015-07-31,176.2684392962481,176.2934503550564,175.21793666089977,175.50140380859375,103266900
2015-08-03,175.46809922643948,175.52645413611395,173.95902625052986,174.90948486328125,113965700
2015-08-04,174.83446167232952,175.29301908230389,174.0841042536832,174.5676727294922,81820800
2015-08-05,175.45974010894733,176.1767535837583,174.85944916623106,175.14292907714844,85786800
2015-08-06,175.32631450183948,175.4347042383865,173.1252522637311,173.70887756347656,116030800
2015-08-07,173.55045633576466,173.70052268121708,172.47492997282495,173.3753662109375,117858000
2015-08-10,174.48422711234036,175.64311936484467,174.48422711234036,175.55975341796875,80270700
2015-08-11,174.22583137864711,174.64269942277045,173.2170051142753,173.9757080078125,126081400
2015-08-12,172.67505252000194,174.36753547494192,171.2160146125157,174.18411254882812,172123700
2015-08-13,174.02570109250638,174.7093706772288,173.42541019141387,173.96734619140625,89383300
2015-08-14,173.77562504833537,174.6760616449859,173.63389142503914,174.6010284423828,72786500
2015-08-17,174.00906187998444,175.57647705078125,173.55050449419164,175.57647705078125,79072600
2015-08-18,175.30136197924693,175.65152964294157,174.83447176098744,175.0679168701172,71692700
2015-08-19,174.3258512052676,175.09288677233275,172.87515875699717,173.6838836669922,172946000
2015-08-20,172.17478180084714,173.6588305616013,169.99873077406508,170.05709838867188,194327900
2015-08-21,168.18955347177467,170.0321155609395,164.67953216633668,164.93798828125,346588500
2015-08-24,156.31719117881585,164.6462069534633,152.07346461980424,157.9929962158203,507244300
2015-08-25,162.93701933416563,162.9536976161637,155.84193059927358,156.1337432861328,369833100
2015-08-26,160.14401536953736,162.4034328471312,157.05084915471605,162.12831115722656,339257000
2015-08-27,164.26268936314614,166.26365090686062,162.75362906333933,166.1385955810547,274143900
2015-08-28,165.49658334975751,166.61378645112822,165.01301498010434,166.1468963623047,160414400
2015-08-31,165.17148770625636,166.0219022367195,164.2543727496975,164.8046417236328,163298800
2015-09-01,161.0111258010714,162.38679812081975,159.01849685471262,159.88558959960938,256000400
2015-09-02,162.26170577699753,162.96205372669115,160.42748901365306,162.9203643798828,160269300
2015-09-03,163.62902429870644,165.12141887676555,162.54517766608922,163.03707885742188,152087800
2015-09-04,160.78597809066974,161.62804679436817,159.75214096468508,160.56919860839844,207081000
2015-09-08,163.3622336908571,164.75457128266729,162.72025340947818,164.6044921875,116025700
2015-09-09,166.18026284486263,166.3053181540487,162.03659397647715,162.40342712402344,149347700
2015-09-10,162.21165920366735,164.42939981290357,161.9532031029294,163.2871856689453,158611100
2015-09-11,162.89530883762922,164.09589045579688,162.18662830079998,164.02919006347656,119691200
2015-09-14,164.2042918267338,164.25431394794666,162.93700962820373,163.4205780029297,79452000
2015-09-15,163.92080987050704,165.90510531161007,163.3788866438561,165.46322631835938,113806200
2015-09-16,165.76336354174293,167.08900045592938,165.4215287987995,166.89723205566406,99581600
2015-09-17,166.7638853009481,169.1567036506817,166.14691605513212,166.5220947265625,276046600
2015-09-18,164.01880987005143,166.50786789515337,163.3902568927763,163.8009033203125,223657500
2015-09-21,164.63057387627785,165.66977312973452,163.5997507243054,164.6473388671875,105726200
2015-09-22,162.4851128142571,162.97119523935484,161.37885361480554,162.51025390625,153890900
2015-09-23,162.67785382616628,163.1471712270909,161.67217185447925,162.2504425048828,92790600
2015-09-24,161.03526539096694,162.1247597604628,159.70273616704816,161.663818359375,159378800
2015-09-25,163.12205844777677,163.42376437043987,160.75031715338602,161.62191772460938,155054800
2015-09-28,160.72514181152218,160.83409505669493,157.25553083417196,157.56561279296875,178515900
2015-09-29,157.78350936374622,159.01547380900044,156.6604853688763,157.6577911376953,159045600
2015-09-30,159.54344943762996,160.76703778299435,158.764050145454,160.59942626953125,163452000
2015-10-01,160.9765723137938,161.32018426471683,159.08253771523917,161.0184783935547,131079000
2015-10-02,159.040661430058,163.4489081848222,158.495907866993,163.42376708984375,211003300
2015-10-05,164.64731598970752,166.55811547378664,164.5383627458455,166.3318328857422,126320800
2015-10-06,166.19774784370665,166.7592535071073,165.09987760721134,165.76194763183594,110274500
2015-10-07,166.6922352386378,167.47164753708097,165.50217653537078,167.11965942382812,124307300
2015-10-08,166.73408101910707,168.91306888019523,166.4323752043093,168.6281280517578,153055200
2015-10-09,168.77063532913212,169.20642276618494,168.10017639559013,168.72872924804688,107069200
2015-10-12,168.80414255469205,169.08908342854323,168.3767312439153,168.88795471191406,56395600
2015-10-13,168.1588314648313,169.4243260345395,167.6559968652406,167.8236083984375,88038700
2015-10-14,167.76487912609082,168.34314958475105,166.7256803080332,167.0189971923828,99106200
2015-10-15,167.68116384176335,169.5919637486582,167.3124107390394,169.58358764648438,134142200
2015-10-16,169.98586114814174,170.37136646247572,169.2232138338629,170.3546142578125,114580100
2015-10-19,169.7092222226557,170.43833923339844,169.39914032851217,170.43833923339844,76523900
2015-10-20,170.00261102800798,170.8322926630684,169.7511873130431,170.2205047607422,78448500
2015-10-21,170.639550390483,170.79039695586204,168.9969264357949,169.16455078125,102038000
2015-10-22,170.1115694105604,172.23188703797183,169.16455831386938,172.02236938476562,174911700
2015-10-23,173.69008055517259,174.2767272443333,172.8939162778874,173.90797424316406,144442300
2015-10-26,173.73204508582398,173.79070338050738,173.1118682126474,173.48062133789062,69033000
2015-10-27,172.81014983974748,173.4806088566854,172.46653783522476,173.1453857421875,77905800
2015-10-28,173.48060264294352,175.1399787397741,172.8185325397445,175.11483764648438,135906700
2015-10-29,174.61199670168938,175.38302003999266,174.49466734125065,175.01426696777344,90525500
2015-10-30,175.20697224742298,175.5254430487926,174.10072611772168,174.25994873046875,131076900
2015-11-02,174.58687106445788,176.51442318688035,174.46115280346794,176.32167053222656,86270800
2015-11-03,175.96962854731606,177.38596945377594,175.74334597716359,176.8328399658203,95246100
2015-11-04,177.12621850842723,177.25192397763175,175.76015939934234,176.29652404785156,96224500
2015-11-05,176.3551573584658,176.8160986601643,175.23214603282946,176.12049865722656,78408700
2015-11-06,175.77686368455153,176.26294597750453,174.70413475801305,176.0282745361328,110471500
2015-11-09,175.4165194582403,175.56737878519792,173.43867273416632,174.3856964111328,131008700
2015-11-10,173.9079873730397,174.82149384506457,173.63981148972155,174.7879638671875,75874600
2015-11-11,175.0561228671268,175.1064050374801,174.03367611015133,174.10072326660156,67846000
2015-11-12,173.06156452946777,173.53088198042622,171.65361217659247,171.6703643798828,121315200
2015-11-13,171.25973163297792,171.5279075743205,169.65901372340684,169.74281311035156,153577100
2015-11-16,169.5584285031652,172.3827219761185,169.44108635756888,172.3240509033203,117645200
2015-11-17,172.63411865075938,173.51408230141928,171.70386003645876,172.1983184814453,121123700
2015-11-18,172.67603876700397,175.07292088872342,172.6341454727028,174.93045043945312,121342500
2015-11-19,174.81308872002745,175.1986067021689,174.4862417997517,174.77957153320312,88220500
2015-11-20,175.5338943203775,176.09540011887867,175.0394357081375,175.41656494140625,94011500
2015-11-23,175.47525398244713,175.9780887489496,174.75451264131016,175.2154541015625,64931200
2015-11-24,174.20970448066703,175.85232822831483,173.82419922577145,175.45005798339844,98874400
2015-11-25,175.57574276884174,175.77688426159057,175.16508368329,175.42489624023438,51980100
2015-11-27,175.51711484805486,175.8272096574253,175.0394212687719,175.62606811523438,37317800
2015-11-30,175.78529486042987,175.90262422390845,174.78798887689123,174.89694213867188,112822700
2015-12-01,175.52546763035855,176.6820088811428,175.2489028622171,176.56466674804688,97858400
2015-12-02,176.51438142859806,176.83285226890064,174.51139370825462,174.7628173828125,108441300
2015-12-03,175.01424632913574,175.28242221225327,171.59491750079425,172.31565856933594,166224200
2015-12-04,172.3156725330037,175.96966035065273,172.3156725330037,175.67633056640625,192913900
2015-12-07,175.34944691037563,175.76848206425177,173.64816520867367,174.61195373535156,102027100
2015-12-08,173.05316968576795,174.56168624677528,172.45813404692703,173.4386749267578,103372400
2015-12-09,172.8017509958119,174.88853826661926,171.11722117910855,172.08938598632812,162401500
2015-12-10,172.15639449310737,173.84091114354192,171.9217358389554,172.5335235595703,116128900
2015-12-11,170.42164670400737,171.0837167933455,168.8795872161852,169.18968200683594,211173300
2015-12-14,169.34884660105973,170.17015179291053,167.57212913215866,170.04443359375,182385200
2015-12-15,171.55307075291873,172.7347535160547,170.01939982824217,171.8296356201172,154069600
2015-12-16,172.95258061456695,174.64548636656923,171.63681676475792,174.34378051757812,197017000
2015-12-17,174.6538513489731,174.7208985098075,171.6703230255021,171.6870880126953,173092500
2015-12-18,170.94695057401952,171.08183013755726,168.4683568893084,168.6285400390625,251393500
2015-12-21,169.800340767622,170.19657911718517,168.6874978631349,170.01953125,99094300
2015-12-22,170.90474783070158,171.8574076490797,169.91837134677345,171.5623321533203,111026200
2015-12-23,172.56559014783053,173.7290146149224,172.47285322851093,173.68685913085938,110987200
2015-12-24,173.43393705200427,173.94820307781427,173.18101701464653,173.40020751953125,48539600
2015-12-28,172.7089070220809,173.0461251635995,171.93329500535015,173.0039825439453,65899900
2015-12-29,174.09995941293676,175.17907297379065,174.06624274218123,174.85028076171875,92640700
2015-12-30,174.60579258526704,174.6901035548786,173.46765881575018,173.61097717285156,63317700
2015-12-31,172.93646770885883,173.57718706907835,171.87420654296875,171.87420654296875,114877900
2016-01-04,169.02475303297206,169.4799988274123,167.42293464087555,169.47157287597656,222353500
2016-01-05,169.7918801127749,170.21340912285035,168.65375950399786,169.75816345214844,110845800
2016-01-06,167.2121593520333,168.66222047693086,166.58830452056264,167.61683654785156,152112600
2016-01-07,164.67455717559412,166.45341046435007,163.2076312994672,163.59544372558594,213436100
2016-01-08,164.5565478315544,165.1129693840645,161.513106924341,161.79974365234375,209817200
2016-01-11,162.71864708325168,163.0558780579135,160.02930242058451,161.95989990234375,187941300
2016-01-12,163.40157027544498,164.01699924906333,161.14216728137274,163.2666778564453,172330500
2016-01-13,163.93268573198264,164.27834272629687,158.81532848192018,159.1947021484375,221168900
2016-01-14,159.80166644313084,162.92940481013775,158.20828713856892,161.80813598632812,240795600
2016-01-15,157.45792698560197,159.13560396722895,156.40410461461312,158.33470153808594,324846400
2016-01-19,160.14730437901238,160.27375793421498,156.97739804546177,158.5454864501953,195244400
2016-01-20,155.99105620650136,158.07341096946286,152.61039748829143,156.5137481689453,286547800
2016-01-21,156.98589956251828,159.22842497611094,155.66229179050984,157.39056396484375,195772900
2016-01-22,159.99563892336954,160.82183264019073,159.23689142931667,160.6195068359375,168319600
2016-01-25,160.11359294935863,160.30749271059665,157.99752174755105,158.19142150878906,130371700
2016-01-26,158.84902781199466,160.62788116564204,158.51180967058326,160.34967041015625,141036800
2016-01-27,159.82700049285475,161.49625239213077,157.7024898893812,158.6045684814453,185681700
2016-01-28,160.14734498842466,160.3496707280536,157.7867794017223,159.4307403564453,143798800
2016-01-29,160.1978876241089,163.4520920768119,160.0798600165619,163.31719970703125,210529300
2016-02-01,162.31403370765022,164.04230601094588,161.73232134987288,163.2582550048828,136061600
2016-02-02,161.83345580102923,161.84188175187165,159.7932436610134,160.31594848632812,182564900
2016-02-03,161.36980602725322,161.68173350831097,157.73622650318634,161.27706909179688,205054900
2016-02-04,160.77961654673646,162.49944941735478,160.14732296923702,161.52993774414062,139531800
2016-02-05,161.01572450128157,161.58899802448906,157.82052603971346,158.45281982421875,180788300
2016-02-08,156.6148843982992,156.90994697259362,154.11100117094557,156.31980895996094,191526700
2016-02-09,154.5831537838088,157.60130371702277,154.44826138293897,156.32827758789062,184513100
2016-02-10,157.1544910391713,158.781587282469,156.06693869578498,156.1934051513672,148214100
2016-02-11,153.72319680234816,155.20698715558402,152.66937427376337,154.16159057617188,219058900
2016-02-12,155.93206008196765,157.35681772325216,155.0890018292547,157.3399658203125,127632400
2016-02-16,159.1440604941082,160.02083514418928,158.18297489934602,159.99554443359375,120250700
2016-02-17,161.15899356755773,162.98000219707777,161.0325271309253,162.6090545654297,136009500
2016-02-18,162.87884935997835,162.93786961150857,161.63112676698148,161.94305419921875,102343000
2016-02-19,161.16743240085756,162.01891654044448,160.56042947582927,161.86717224121094,114793000
2016-02-22,163.4436752219077,164.35417954418443,163.37622902795616,164.2108612060547,103640300
2016-02-23,163.5532945241324,163.82307932901813,162.01892239045185,162.136962890625,111455300
2016-02-24,160.71216217133053,163.1570254008844,159.60775817044836,162.87881469726562,150812200
2016-02-25,163.32568998512167,164.8600623516191,162.5669426183358,164.85162353515625,110728300
2016-02-26,165.71997983614435,165.81270390168882,164.3120611239384,164.4722442626953,129833700
2016-02-29,164.48903916432758,165.4332599634594,162.98839702397447,163.1822967529297,125918100
2016-03-01,164.40476411830258,167.1025604717824,163.93265361565753,167.01824951171875,141799700
2016-03-02,166.7063516447515,167.81918190324672,166.29324844973772,167.7686004638672,102415000
2016-03-03,167.59153048775184,168.44302748531464,167.0182570982276,168.42616271972656,95172200
2016-03-04,168.62003825160113,169.7497458306991,167.79384495325377,168.97412109375,129293600
2016-03-07,168.05520140505269,169.51370120479942,167.9793292621422,169.10902404785156,100219000
2016-03-08,168.03833529114226,168.54416239847214,167.10254034893043,167.26271057128906,123974900
2016-03-09,168.07213974500115,168.43464871807487,167.28808866622649,168.08900451660156,94801200
2016-03-10,168.5779422396233,169.51373746114254,166.40285029598266,168.22384643554688,156838700
2016-03-11,169.67388925834564,170.98063204544795,168.20697621851687,170.9384765625,137964500
2016-03-14,170.43270829208885,171.17459101950473,170.10391599387964,170.71934509277344,73612000
2016-03-15,169.75818029203575,170.74455672977479,169.49683433811077,170.44105529785156,93169100
2016-03-16,169.96051635333183,171.83210634515947,169.91836087595732,171.42742919921875,129303200
2016-03-17,171.34314903469127,173.02082657892635,170.94691066119776,172.51499938964844,134278500
2016-03-18,173.01495584424373,173.53187424367286,172.701419627185,173.1929168701172,138372400
2016-03-21,172.93026924792804,173.66750884443863,172.70146584782538,173.43870544433594,72926700
2016-03-22,172.667561645749,173.91325036403452,172.50656525562908,173.34548950195312,97471900
2016-03-23,172.96409173399994,173.15052214507975,172.0319396786009,172.20143127441406,81052500
2016-03-24,171.17609207919185,172.15908660234746,170.955771071062,172.12518310546875,84360900
2016-03-28,172.54038859451902,172.75224015887895,171.7777281349806,172.2268524169922,62408200
2016-03-29,171.82005216381603,173.93009795842278,171.514985457733,173.81993103027344,92922900
2016-03-30,174.81997543844136,175.30299045252028,174.2183110931032,174.58270263671875,86365300
2016-03-31,174.48946932930417,174.91317256427578,173.99797202508952,174.1589813232422,94584100
2016-04-01,173.16749404386812,175.5317520880499,172.85394489943778,175.34532165527344,114423500
2016-04-04,175.26906990288444,175.4724520968894,174.47250580602636,174.77757263183594,63497000
2016-04-05,173.43864226417537,174.7860151498737,172.77766639834624,173.03189086914062,99662200
2016-04-06,173.03191817198646,174.98095551509184,172.8539571352317,174.921630859375,91839800
2016-04-07,173.83693734939823,174.1928464631695,172.09975175353787,172.82852172851562,113859000
2016-04-08,174.00641968290486,174.4386052040037,172.7607312933758,173.2946014404297,95040600
2016-04-11,173.9301694457003,174.62504892364467,172.79464793483095,172.8878631591797,83757500
2016-04-12,173.05729110844524,174.77752461935836,172.61663627434967,174.4978790283203,115350600
2016-04-13,175.41312217712402,176.34527437534416,175.2775340518565,176.26052856445312,96336400
2016-04-14,176.31991348969476,176.76903799407202,175.9216313170734,176.26905822753906,65212900
2016-04-15,176.26896597530424,176.4045540759585,175.7520476556538,176.07406616210938,75761600
2016-04-18,176.07407569837335,177.34518511746666,175.41309983487633,177.31129455566406,82531000
2016-04-19,177.73499977198375,178.12479942403957,177.0570721544678,177.87057495117188,88316100
2016-04-20,177.91295087628632,178.7349360253094,177.4384054150759,178.04006958007812,81100300
2016-04-21,178.05703173609004,178.16719870773824,176.8113432719301,177.08251953125,85695000
2016-04-22,176.7266103886894,177.3536828601742,176.1842708004453,177.08251953125,99251700
2016-04-25,176.4808531477876,176.81982346782792,175.87071950211055,176.77745056152344,66166500
2016-04-26,177.14183050563952,177.5485948928953,176.56560035262072,177.04014587402344,75864200
2016-04-27,176.6588192206628,177.79434073179453,176.3029100722661,177.404541015625,77329400
2016-04-28,176.65032222852545,177.751940069478,175.37921278398585,175.79443359375,97216200
2016-04-29,175.17591656731415,175.52335642258623,173.74379715493922,174.84542846679688,142424100
2016-05-02,175.34531294727643,176.41304024801133,174.91314038206343,176.23509216308594,62188000
2016-05-03,175.00637602999169,175.24364879119557,173.9555874229489,174.70130920410156,106422100
2016-05-04,173.70980679084445,174.43857666186707,173.22677903580248,173.72674560546875,92243800
2016-05-05,174.19280710418795,174.54871613754133,173.26913749879046,173.69284057617188,67619200
2016-05-06,172.92174770895267,174.37081834059887,172.76922076372438,174.3284454345703,89315000
2016-05-09,174.20132510208984,174.90466097577874,174.0233640837867,174.4724884033203,74374900
2016-05-10,175.17577585408358,176.65873640910675,175.10798181992146,176.64178466796875,77472200
2016-05-11,176.18428717716878,176.71814447543505,174.98944091796875,174.98944091796875,81727000
2016-05-12,175.65890163549375,175.82839329326183,174.03188257802506,175.04029846191406,89586300
2016-05-13,174.74367267247877,175.29448163900955,173.1929174688306,173.51492309570312,96474600
2016-05-16,173.68438148328653,175.70119945871832,173.62505684234227,175.22665405273438,77486800
2016-05-17,174.9555419473399,175.24365703801797,173.06581624757146,173.59121704101562,114924900
2016-05-18,173.24371636381073,174.81989232902387,172.55731944725517,173.64199829101562,120062100
2016-05-19,172.9217383836145,173.32848981268344,171.83705928583413,173.04037475585938,115430500
2016-05-20,173.65051706969587,174.65046334051098,173.59967475481287,174.133544921875,104990400
2016-05-23,174.15049760539685,174.43014328991345,173.7098555543978,173.8962860107422,58682600
2016-05-24,174.70977184721838,176.4639092607521,174.684350690245,176.15036010742188,93537800
2016-05-25,176.82834205239817,177.76049452874364,176.1504141541832,177.3452606201172,76621400
2016-05-26,177.48078767711476,177.70959101169245,177.08250565893664,177.3960418701172,55280700
2016-05-27,177.55704249760646,178.16717607316846,177.50620018804196,178.15870666503906,64211200
2016-05-31,178.42989685111044,178.54006382536642,177.2604718333041,177.81976318359375,109879400
2016-06-01,177.20957244558164,178.36204534302541,177.01467264884693,178.18409729003906,69936200
2016-06-02,177.7858494101513,178.74340976386634,177.3113039374439,178.72647094726562,63044700
2016-06-03,178.16722105071435,178.54008198883983,176.98932650367107,178.19264221191406,101757100
2016-06-06,178.54848241511348,179.45521324890294,178.387473169458,179.09930419921875,64887000
2016-06-07,179.25189200266425,179.93828918383645,179.22647084265023,179.37899780273438,60974800
2016-06-08,179.51455974679448,180.0908027939479,179.38745396527267,179.96368408203125,66170900
2016-06-09,179.2348678020025,179.83653185005488,178.96370456133056,179.7178955078125,73786900
2016-06-10,178.3451363787507,178.6840937280972,177.47229598991518,178.0146484375,113829200
2016-06-13,177.41292725987438,178.26880269669027,176.55705182305852,176.64178466796875,117751200
2016-06-14,176.26055828070614,176.88764376799406,175.34535767644707,176.29444885253906,125059300
2016-06-15,176.29443297815249,177.41301570387913,175.86226034161066,176.04869079589844,109124500
2016-06-16,176.04866312222205,176.74354251177266,174.21826236624872,176.5740509033203,149533100
2016-06-17,176.4701927142474,176.4957460782021,175.26061916236992,175.91651916503906,117055700
2016-06-20,177.87560661878948,178.54853320660186,176.96416042011919,177.04934692382812,82789600
2016-06-21,177.4326875929435,177.96080760410712,176.98974110100497,177.55194091796875,72461700
2016-06-22,177.73086185282682,178.4549084465351,177.1175551610752,177.2623748779297,95560500
2016-06-23,178.71892654071584,179.62184645879435,178.2589531287725,179.57073974609375,102731400
2016-06-24,173.45471943275535,179.60481154104718,172.67956633100692,173.1225128173828,333444400
2016-06-27,171.71705772062828,171.72558417299607,169.21272428096913,170.02195739746094,230775800
2016-06-28,171.62333532467787,173.11400855868138,171.31668202520586,173.0884552001953,159382400
2016-06-29,174.48544479534866,176.26573159068695,174.3832313518315,176.03575134277344,137328600
2016-06-30,176.5042289771642,178.48894240865778,175.9505425669414,178.43783569335938,165021900
2016-07-01,178.43783741644256,179.29817712440217,178.27599081800903,178.81263732910156,106055300
2016-07-05,177.98641702353322,178.09715693080918,176.93017666850108,177.5264434814453,109803700
2016-07-06,177.03233631305994,178.71040933220064,176.3764365193641,178.59115600585938,96021500
2016-07-07,178.77005163259213,179.43446496128354,177.71381146782082,178.48043823242188,85593800
2016-07-08,179.77516827919834,181.38509461612574,179.5451750888838,181.1380615234375,133971000
2016-07-11,181.59799729419612,182.3475968180846,181.39355751559918,181.77687072753906,73633900
2016-07-12,182.7394842793454,183.39538408097252,181.80248456273526,183.0972442626953,101275600
2016-07-13,183.51460168940503,183.5231151405761,182.58612860397926,183.0716552734375,87324100
2016-07-14,184.33239401470564,184.56238724640937,183.70206048745473,184.09388732910156,91230900
2016-07-15,184.6560981398424,184.85201157224094,183.40393146762003,183.8468780517578,107155400
2016-07-18,183.96609672111055,184.50274319307965,183.7105501631425,184.3408966064453,58725900
2016-07-19,183.92349496786622,184.1875549664378,183.67647487174233,184.1534881591797,54345700
2016-07-20,184.1534935758465,185.1586268899919,184.1534935758465,184.9201202392578,58159500
2016-07-21,184.80940237275158,185.0308691313322,183.77870265512237,184.22164916992188,67777300
2016-07-22,184.3409364510158,185.09904983834693,184.0768763831738,185.04794311523438,62787500
2016-07-25,184.84347369635424,184.89458041130248,183.96610709603976,184.5453338623047,55873100
2016-07-26,184.44310848175783,184.98826840194747,183.78720868792976,184.63050842285156,70080500
2016-07-27,185.00531412403691,185.07346074090879,183.6679611384984,184.43460083007812,84083900
2016-07-28,184.23867279264252,184.93716586113342,183.77869937989922,184.64755249023438,65035700
2016-07-29,184.38349187444857,185.3034386969352,184.1023919573851,184.9456787109375,79519400
2016-08-01,185.00531169925665,185.3971384940866,184.34089844051198,184.7923583984375,73311400
2016-08-02,184.54530878477047,184.69864190641763,182.77354891834582,183.6083221435547,92295500
2016-08-03,183.54864626905896,184.2045458636102,183.25051954254207,184.14491271972656,53993600
2016-08-04,184.25571008791,184.65606332927777,182.50097698624077,184.3408966064453,46585500
2016-08-05,184.34094765725166,185.89124134235237,184.34094765725166,185.84864807128906,71892200
2016-08-08,186.03601136483033,186.13823779474342,185.4738244896835,185.73788452148438,39906500
2016-08-09,185.80606779786723,186.34270142081212,185.5249678060192,185.84864807128906,51251700
2016-08-10,185.95935469412962,186.0360147697383,185.0393947939079,185.38864135742188,57941100
2016-08-11,185.91674052230485,186.49598024514216,185.65268051536748,186.2489471435547,72504300
2016-08-12,185.9422775017856,186.30005044482607,185.68674396766605,186.08709716796875,61313500
2016-08-15,186.45341923045174,186.97302588150868,186.44490577630455,186.623779296875,49813500
2016-08-16,186.20636902959353,186.27450264705396,185.6612091064453,185.6612091064453,53213600
2016-08-17,185.69534646403042,186.14680658764073,184.86057285779816,186.01051330566406,75134300
2016-08-18,185.98487945182433,186.46189273466416,185.87415258107467,186.42782592773438,52989300
2016-08-19,185.95940574542573,186.33420577036952,185.47387880230684,186.1553192138672,75443000
2016-08-22,185.91672008352035,186.37670643015156,185.5504466941994,186.14671325683594,61368800
2016-08-23,186.76008263313307,187.0582225137017,186.4619427525644,186.52157592773438,53399200
2016-08-24,186.37669414673954,186.47039410023814,185.15008130007953,185.56747436523438,71728900
2016-08-25,185.18413551487953,185.85707504361926,185.03081541828635,185.43968200683594,69224800
2016-08-26,185.627115791674,186.64928894848688,184.20458942381688,185.09046936035156,122506300
2016-08-29,185.2182560579585,186.26598260806702,185.1841762527955,186.00192260742188,70502200
2016-08-30,185.91674874049886,186.1978486628494,185.14160858841032,185.69528198242188,58114500
2016-08-31,185.3630276086425,185.48228090883924,184.39196130771631,185.1671142578125,85269500
2016-09-01,185.15861927743916,185.46527252972356,184.0171927819061,185.1756591796875,97844200
2016-09-02,186.02755321532183,186.4364200636091,185.43979980973486,186.01051330566406,79293900
2016-09-06,186.2916081177802,186.64936822473558,185.57608790386942,186.5727081298828,56702100
2016-09-07,186.41079634401157,186.73448951712933,185.95082293799388,186.55560302734375,76554900
2016-09-08,186.22339967997087,186.49598614584542,185.8230464317414,186.12969970703125,74102900
2016-09-09,184.81789031099626,184.86899701764105,181.64914452265418,181.67469787597656,221589100
2016-09-12,180.91659072552463,184.68160321216067,180.84844411519546,184.28125,168110900
2016-09-13,183.00349951087153,183.26755945794608,181.01026023524284,181.632080078125,182828800
2016-09-14,181.68326396938673,182.88432391408446,181.0103371408601,181.5640106201172,134185500
2016-09-15,181.40217203040726,183.76168559041375,181.22328551258488,183.3783721923828,134427900
2016-09-16,182.76368319247152,182.94347334278845,181.98462737655555,182.6695098876953,155236400
2016-09-19,183.32013997282112,183.96222703135763,182.3784070616497,182.7037353515625,80250500
2016-09-20,183.55988582869148,183.7139804812361,182.67808714811602,182.7123260498047,69665300
2016-09-21,183.4143028791124,184.94674482420382,182.72940744279296,184.7669677734375,110284400
2016-09-22,185.77719504411826,186.23093553533752,185.52892712117182,185.93128967285156,76678700
2016-09-23,185.5374671479672,185.67444884801776,184.81833281764258,184.91250610351562,73630900
2016-09-26,184.08207611232544,184.2618531667787,183.21739054421255,183.414306640625,89827300
2016-09-27,183.25160245667985,184.6470624255257,182.88346584394623,184.5529022216797,78494800
2016-09-28,184.7755573811738,185.62311710529872,183.8167114362782,185.46900939941406,87411000
2016-09-29,185.26350574056914,185.66588132423695,183.24307136462014,183.79098510742188,128070600
2016-09-30,184.62141895723138,185.87991058216204,184.37315105327025,185.1779022216797,117202900
2016-10-03,184.7669484862553,184.95528197487212,184.09916603466326,184.73269653320312,83512100
2016-10-04,184.8440172416814,185.06660270918726,183.2002760132762,183.79098510742188,119948100
2016-10-05,184.4159777481273,185.03238240361438,184.3474868904848,184.6043243408203,72816000
2016-10-06,184.3816858625273,184.95528197487212,183.84234170323464,184.73269653320312,62927400
2016-10-07,185.00667607802794,185.1778966683796,183.37149135408836,184.09918212890625,89788300
2016-10-10,185.0580596923828,185.52035663948527,184.91252152267842,185.0580596923828,51855000
2016-10-11,184.62997321386428,184.69846405905517,181.99313445883374,182.7208251953125,130367400
2016-10-12,182.85785897793858,183.48283321961216,182.36131000631838,182.96060180664062,73866100
2016-10-13,181.63354592151325,182.8577853439333,180.8202384585352,182.36123657226562,101357000
2016-10-14,183.3372428027531,183.79955277491104,182.37839702834248,182.4554443359375,93346200
2016-10-17,182.42968845953015,182.68652577807939,181.64206359572427,181.8218536376953,58275700
2016-10-18,183.4143423549097,183.4742636969639,182.58390858242552,182.96060180664062,76869700
2016-10-19,183.22599237214368,183.7567802347023,182.86642513654303,183.44857788085938,66519200
2016-10-20,183.09757061406387,183.66261045082263,182.44692699383353,183.10614013671875,73639800
2016-10-21,183.1061686641291,183.2773893210447,182.147309471464,183.1917724609375,89089100
2016-10-24,184.06496797457876,184.33893140659717,183.6197839291966,183.97079467773438,60146600
2016-10-25,183.7910304787407,184.0478679666784,183.19175171575088,183.3544158935547,66542300
2016-10-26,182.53249614221528,183.56838917561575,182.29277164656682,182.98623657226562,75705500
2016-10-27,183.70537192840828,183.73961082038784,182.42119793483377,182.4982452392578,77220200
2016-10-28,182.4725676586778,183.1488935654366,181.24832802261642,181.95889282226562,140623200
2016-10-31,182.2927681902188,182.51536670410897,181.8047888776386,181.9674530029297,61272500
2016-11-01,182.2927583487816,182.34413627764692,179.44190380314225,180.64901733398438,122781800
2016-11-02,180.34082317980477,180.72608581549633,179.12514007455266,179.561767578125,103330800
2016-11-03,179.77582014393815,179.98984916370236,178.4659635880447,178.7399139404297,88939300
2016-11-04,178.85118627336155,179.69017624675064,178.39744586486492,178.54298400878906,109122100
2016-11-07,178.54301394389404,182.51539209591,178.54301394389404,182.48114013671875,109794900
2016-11-08,182.08731064527544,183.86803345879056,181.82191678048162,183.30299377441406,106772100
2016-11-09,181.81336513348813,185.86280353964403,181.78768269651837,185.24639892578125,258429000
2016-11-10,186.03405331261018,186.8987259738683,184.25333004480336,185.70872497558594,172113300
2016-11-11,184.98959378734756,185.52038166177718,184.33895016503715,185.28067016601562,100552700
2016-11-14,185.80287114251522,186.00834370377714,184.68136117179486,185.42617797851562,94580000
2016-11-15,185.81141254639604,186.8730010986328,185.6059530650747,186.8730010986328,91652600
2016-11-16,186.25663975757348,186.7531887248366,186.13678401122007,186.52203369140625,65617700
2016-11-17,186.67611427140054,187.54078681133552,186.56481500049895,187.48086547851562,69797200
2016-11-18,187.54934800622104,187.720568602341,186.88156547375317,187.0613555908203,86265800
2016-11-21,187.63496313098892,188.49963568487826,187.4894249623122,188.4739532470703,72402600
2016-11-22,188.78215239591617,189.02186385363086,188.11438289752599,188.8420867919922,67429000
2016-11-23,188.3283891520488,188.9961585697166,188.13148613486294,188.94479370117188,56620200
2016-11-25,189.28723768592408,189.68104369898273,189.21017732398442,189.6468048095703,37872300
2016-11-28,189.33862014822847,189.61257047886514,188.6537247266964,188.75645446777344,76572500
2016-11-29,188.79070329643193,189.5783284459944,188.49105747219588,189.1245880126953,69886700
2016-11-30,189.74096699542022,189.90363110303045,188.61088776147022,188.6708221435547,113291800
2016-12-01,188.97044037531882,188.97044037531882,187.6177758186776,187.97735595703125,79040500
2016-12-02,188.06300726316525,188.55955612953525,187.71199655470292,188.07156372070312,74840300
2016-12-05,188.90196858880603,189.5440555154346,188.70506558902835,189.2016143798828,67837800
2016-12-06,189.39000177393402,189.83518579680896,188.91057885543555,189.80093383789062,59877400
2016-12-07,189.6468220127813,192.34358221640227,189.5269662940269,192.28366088867188,110738100
2016-12-08,192.25802646430432,193.22542891322635,191.9926194620121,192.7545623779297,99714400
2016-12-09,192.97705796113624,193.93590343886254,192.9428060150518,193.9187774658203,88005800
2016-12-12,193.82467072858418,194.304106695277,193.27675697280102,193.69625854492188,102016100
2016-12-13,194.35542002215678,195.4854861285542,194.33829404777913,194.9889373779297,110477500
2016-12-14,194.68934251772694,195.39135084417444,192.94285856387455,193.37948608398438,142501800
2016-12-15,193.61921946002988,195.0318057935021,193.38806445632346,194.17568969726562,124972600
2016-12-16,194.63124198664173,194.691529641135,193.4772879233699,193.79591369628906,156420200
2016-12-19,193.97674068123223,194.63983910113276,193.83034471793016,194.21786499023438,90341100
2016-12-20,194.7517810332149,195.11348063664968,194.51927675423596,194.96707153320312,89838800
2016-12-21,194.8378993621479,195.0101291313163,194.42454528808594,194.42454528808594,67909000
2016-12-22,194.27814076185035,194.39870290898173,193.69254380414898,194.08868408203125,56219100
2016-12-23,194.13174158145424,194.38148591773765,193.94229803224883,194.3728790283203,36697800
2016-12-27,194.6398577945518,195.25127551528226,194.6226308736002,194.8551483154297,42672500
2016-12-28,195.1134995195581,195.1307133002148,193.13282409992078,193.24476623535156,64095000
2016-12-29,193.31366332831337,193.66674294079067,192.7625201133474,193.20172119140625,48696100
2016-12-30,193.52898224710808,193.6151037253256,191.80665780509864,192.49559020996094,108998300
2017-01-03,193.7958967308444,194.4762220905839,192.79695876636885,193.9681396484375,91366500
2017-01-04,194.2953794720281,195.26849680321703,194.28677258194588,195.12210083007812,78744400
2017-01-05,194.855129408606,195.12208752614507,194.17480407008122,194.96707153320312,78379000
2017-01-06,195.07903007244784,196.12964878124782,194.53649379847863,195.6646270751953,71559900
2017-01-09,195.40628861430002,195.54407769928036,194.9843144691566,195.01876831054688,46939700
2017-01-10,195.03598209095162,195.87131035074572,194.63123486650335,195.01876831054688,63771900
2017-01-11,194.932620676646,195.56988525390625,194.26952229195655,195.56988525390625,74650000
2017-01-12,195.05323723028695,195.26852777910625,193.72705323128866,195.07907104492188,72113200
2017-01-13,195.25127729217894,195.82825431654757,195.21683659025288,195.52685546875,62717900
2017-01-17,194.88958876507553,195.2943359950259,194.4504008335571,194.83792114257812,61240800
2017-01-18,195.08767433052773,195.3115849069483,194.5365310613489,195.26852416992188,54793300
2017-01-19,195.34596398850047,195.4837530474012,194.11450876783078,194.5450897216797,66608800
2017-01-20,195.22543385479455,195.75074323022767,194.59678923838771,195.2598876953125,129168600
2017-01-23,195.2599267517825,195.3202012743101,193.99401723548334,194.7518310546875,75061600
2017-01-24,194.96712884168406,196.41388825981454,194.85518668418274,196.0005340576172,95555300
2017-01-25,196.94777099923576,197.69699096679688,196.7841480966616,197.69699096679688,84437700
2017-01-26,197.55055465753608,197.81752591147847,197.2147020080547,197.4902801513672,59970700
2017-01-27,197.5678029008803,197.7141988777078,196.9994327741686,197.18028259277344,59711100
2017-01-30,196.49132894663734,196.51716275501758,194.97568858040952,195.95741271972656,79737300
2017-01-31,195.4665894924151,196.00051898366206,194.89823243571473,195.9402313232422,75880800
2017-02-01,195.94022927055596,196.85305907660958,195.43214673930603,196.01773071289062,79117700
2017-02-02,196.0176989136226,196.43106615293237,195.32877979535274,196.14688110351562,69657600
2017-02-03,197.05109133806323,197.67973590662965,196.74107249844477,197.49888610839844,80563200
2017-02-06,197.09417587961693,197.49031624796152,196.809990794992,197.14584350585938,57790100
2017-02-07,197.53336288200782,197.7744872141205,196.964992753332,197.15444946289062,57931200
2017-02-08,197.1544447735918,197.54196507382068,196.61190846909716,197.4127960205078,51566200
2017-02-09,197.4127730625225,198.88535266019773,197.4127730625225,198.58395385742188,65955200
2017-02-10,198.92842684589928,199.59152528133336,198.60118107303498,199.36761474609375,66015900
2017-02-13,199.8584633988888,200.7110184448176,199.83262959206868,200.45266723632812,55182100
2017-02-14,200.27183115065384,201.2621753275736,199.92737160929255,201.25355529785156,71109000
2017-02-15,201.0382595522616,202.49362538606246,200.98659193643488,202.30416870117188,86785800
2017-02-16,202.3300674218224,202.51091727552614,201.38279683374938,202.1320037841797,84722400
2017-02-17,201.4688374170702,202.4505615234375,201.45161049863185,202.4505615234375,77204100
2017-02-21,202.82089123635168,203.8284492656725,202.81227120600053,203.65621948242188,88946100
2017-02-22,203.25145966534637,203.69925444598178,203.0878367822995,203.47535705566406,62115200
2017-02-23,203.99205730062485,204.00927107949298,202.85531716144558,203.61314392089844,74615900
2017-02-24,202.76923455546964,203.91456858901134,202.72617382226116,203.87152099609375,82381600
2017-02-27,203.78542300183085,204.36240010046646,203.53569174492293,204.19017028808594,56515400
2017-02-28,203.81122209260744,204.05234641691743,203.25147201266427,203.6389923095703,96961900
2017-03-01,205.29238065049762,206.95442991672826,205.27515373356653,206.48939514160156,149158200
2017-03-02,206.2999648439958,206.30858487370685,205.1374040381639,205.18907165527344,70246000
2017-03-03,205.10297729567483,205.4818907249212,204.7240638664285,205.31826782226562,81974300
2017-03-06,204.52599832218158,205.0599146181717,204.10402416355956,204.70684814453125,55391500
2017-03-07,204.4054932106642,204.75857292315217,203.88879055139915,204.09547424316406,65103700
2017-03-08,204.38825828093945,204.64660960045515,203.57876361192743,203.716552734375,78168800
2017-03-09,203.83701868187268,204.3020534654755,203.01031061813754,203.9748077392578,90683900
2017-03-10,204.93074530765566,204.97380604057082,203.74233740870923,204.6896209716797,81991700
2017-03-13,204.62933059248675,204.83601422355267,204.30209793532902,204.79295349121094,57256800
2017-03-14,204.25041693502382,204.3020976979482,203.3978748809851,204.00929260253906,59880800
2017-03-15,204.57765871334672,206.19664760561835,204.34514127577168,205.77467346191406,96081800
2017-03-16,205.91245511123034,205.9899565408601,205.04268618470874,205.3699188232422,78344000
2017-03-17,205.63198195982773,205.82226287274787,205.00924682617188,205.00924682617188,89002100
2017-03-20,205.0092494983875,205.2946708714881,204.3951718875136,204.7843780517578,52537000
2017-03-21,205.38983785536394,205.51092452648842,202.02534406755785,202.1550750732422,131809300
2017-03-22,202.18966922638143,202.91618921870486,201.56693403368797,202.63076782226562,97569200
2017-03-23,202.63077792289533,203.54757889187846,202.04264643239952,202.41455078125,100410300
2017-03-24,202.71722735977934,203.28805685215687,201.48905906185442,202.26747131347656,112504900
2017-03-27,200.5982540724432,202.31942701311294,200.3214901709673,202.05995178222656,87454500
2017-03-28,201.75722350860326,203.95408544436285,201.6447811726046,203.53028869628906,93483900
2017-03-29,203.24489184712067,203.95411008941994,203.02000714794914,203.7205810546875,61950400
2017-03-30,203.65996842333578,204.56812482226906,203.48698939436136,204.3691864013672,56737900
2017-03-31,204.0318994928165,204.55949417887837,203.84161857669875,203.89352416992188,73733100
2017-04-03,203.94541794497783,204.14434319591695,202.3107414799695,203.53890991210938,85546500
2017-04-04,203.25350299956253,203.75515152683073,202.8729411376724,203.6686553955078,56466200
2017-04-05,204.34326269653357,205.32061345411282,202.85561912820899,203.06320190429688,108800600
2017-04-06,203.2016094614245,204.15300091336346,202.76049767058808,203.63406372070312,69135800
2017-04-07,203.38325034394884,204.11842792690598,202.94215171264923,203.42649841308594,74412300
2017-04-10,203.56487877074764,204.343291194087,203.01998215593574,203.54757690429688,67615300
2017-04-11,203.16693988363363,203.4091131345447,201.81768514357137,203.30532836914062,88045300
2017-04-12,203.02864167040403,203.21892261084852,202.18967930502347,202.41455078125,81864400
2017-04-13,202.07720426085868,202.81238170244328,201.099853515625,201.099853515625,92880400
2017-04-17,201.6188347524172,202.88160705566406,201.4199094790997,202.88160705566406,68405400
2017-04-18,202.14642256401504,202.81240582699647,201.59288163305118,202.27615356445312,83225800
2017-04-19,202.83836923217876,203.21027359661804,201.67938167431168,201.90426635742188,68699900
2017-04-20,202.51833360852208,203.9886887153188,202.19832166519814,203.54757690429688,92572200
2017-04-21,203.4696921736506,203.52158456378126,202.50099903133335,202.8988494873047,110389800
2017-04-24,205.13900016923373,205.33793863462017,202.87294402881207,205.13035583496094,119209900
2017-04-25,205.770403129318,206.66990224429958,205.68390699246353,206.32394409179688,76698300
2017-04-26,206.28933907936556,207.17154951947384,206.15096373769677,206.19419860839844,84702500
2017-04-27,206.51418983204485,206.66986701489674,205.83090478075857,206.36715698242188,57410300
2017-04-28,206.6266222370468,206.65256843460105,205.7876599895779,205.9174041748047,63532800
2017-05-01,206.4363555908203,206.8601655092565,206.02120320380425,206.4363555908203,66882500
2017-05-02,206.57472740158775,206.6958140545623,206.10768265367307,206.51419067382812,57375700
2017-05-03,206.51419754423213,206.60933800312412,205.58873915342298,206.26336669921875,73137700
2017-05-04,206.56607360408137,206.64391219225826,205.6579171496534,206.50552368164062,61462700
2017-05-05,206.87747439671105,207.33587486401794,206.43636259791836,207.31857299804688,62001300
2017-05-08,207.36186571705548,207.5088986158291,206.8602170755255,207.28402709960938,48385700
2017-05-09,207.54347565445931,207.74240093927168,206.7477481202938,207.09371948242188,51363200
2017-05-10,207.0504238301856,207.465576171875,206.84284106061338,207.465576171875,54293800
2017-05-11,207.0158171111785,207.20609800237523,205.96062787725276,207.04176330566406,62358300
2017-05-12,206.79097176249238,207.08503748747037,206.4277117732625,206.69583129882812,53912700
2017-05-15,207.11964874350585,207.9586110815385,207.10234687745015,207.8375244140625,61918900
2017-05-16,208.13157869892072,208.1575248978483,207.258025874294,207.64723205566406,51241800
2017-05-17,207.64722812837044,207.64722812837044,203.90217285033032,203.9627227783203,172174100
2017-05-18,203.8848658703277,205.63198464016048,203.625390695013,204.7843780517578,107047700
2017-05-19,205.2686960201495,206.78228560117083,205.21680363182136,206.11630249023438,115011400
2017-05-22,206.62666576766244,207.32725284158846,206.55748469124688,207.1629180908203,61010600
2017-05-23,207.53476547872376,207.7855963023231,207.15420367564522,207.6212615966797,48341700
2017-05-24,207.85477321509447,208.20937559523668,207.51744630168366,208.1055908203125,46927700
2017-05-25,208.61594932157783,209.37707310415792,208.40837970629798,209.1002960205078,64071700
2017-05-26,208.90999129615258,209.2213588810894,208.83215269928246,209.05703735351562,46629900
2017-05-30,208.7370082051156,209.12621437940422,208.58133101438253,208.87539672851562,35201900
2017-05-31,209.1694902615477,209.2040939957279,208.13160259292346,208.8235321044922,91796000
2017-06-01,209.28192375663733,210.5014479845229,208.99650235027323,210.48414611816406,68962000
2017-06-02,210.53602626420476,211.3403980348541,210.24196054050776,211.18470764160156,88666100
2017-06-05,211.01173560965785,211.29715700891515,210.83009901105527,211.02903747558594,44698800
2017-06-06,210.466814497772,211.0203553658864,210.27653358709625,210.35438537597656,50375400
2017-06-07,210.69172942442873,210.96849329954466,210.02574614132465,210.74362182617188,54144300
2017-06-08,210.8387677746789,211.3231144668124,210.31981734884585,210.847412109375,65950700
2017-06-09,211.11552099498175,211.91123526293748,209.2646172592581,210.5273895263672,132256400
2017-06-12,210.28522084613712,210.5360385197835,209.63653943097975,210.48414611816406,86108100
2017-06-13,211.02039298829786,211.565289620332,210.6744348330919,211.51339721679688,60067000
2017-06-14,211.78150885516482,211.79015318961186,210.42359609192093,211.24526977539062,78602300
2017-06-15,209.89603041000055,210.95987757986546,209.6192664973441,210.8387908935547,66464900
2017-06-16,210.99780206763052,211.04994752534736,210.00699858556482,210.8848114013672,84553100
2017-06-19,211.71048558799038,212.7012891020136,211.61488115848746,212.6404571533203,65123800
2017-06-20,212.2840198135076,212.2927062990232,211.18892585709378,211.206298828125,56906400
2017-06-21,211.59749874860742,211.71047615166384,210.68491346435795,211.15423583984375,55977600
2017-06-22,211.16294370634014,211.65833882940308,210.8848169088331,211.0586395263672,44148100
2017-06-23,211.11950584472999,211.64097374946985,210.73708809083058,211.3107147216797,66986800
2017-06-26,211.97992043403343,212.39711064820162,211.2411709623493,211.4497528076172,56700500
2017-06-27,211.23249094792286,211.5280040260247,209.7289058715889,209.7462921142578,82247700
2017-06-28,210.76314106699724,211.82347628093936,210.52847323786168,211.6235809326172,70042600
2017-06-29,211.77130561765378,211.82345107085214,208.55554113955273,209.7636260986328,106949700
2017-06-30,210.57193157446784,210.94566280210128,209.96354578022047,210.15475463867188,86820700
2017-07-03,211.09339088533196,211.5279540165934,210.51107788085938,210.51107788085938,39153800
2017-07-05,210.8761255787128,211.20638456590143,210.06783119610182,210.997802734375,54427600
2017-07-06,210.23293954349657,210.35461668308216,208.88579125834767,209.0683135986328,65400800
2017-07-07,209.64195547243426,210.5719136942868,209.07701543431983,210.42416381835938,57972300
2017-07-10,210.42414792570648,211.02384713446918,210.1199484464805,210.65011596679688,36663300
2017-07-11,210.65014975664388,210.80659939619719,209.3290872496961,210.49371337890625,50354600
2017-07-12,211.45842825120994,212.24063660467954,211.45842825120994,212.07550048828125,59610400
2017-07-13,212.08417855598307,212.5448143799926,211.8581972569354,212.43182373046875,39471600
2017-07-14,212.43186492959558,213.77901345016744,212.33626049879845,213.42266845703125,60262700
2017-07-17,213.3444457275283,213.72686344258008,213.2227685692678,213.39659118652344,33531900
2017-07-18,212.988101404327,213.56172797868854,212.64914265798896,213.50958251953125,42742500
2017-07-19,213.8224585033008,214.6741985738077,213.81375875263902,214.66551208496094,51034300
2017-07-20,214.91754476266078,215.03922191099483,214.21355460002698,214.7611083984375,47135200
2017-07-21,214.18749805873117,214.59598850082523,213.96151672202305,214.56991577148438,82340800
2017-07-24,214.49165998348326,214.65679609178116,214.04841037316834,214.5177459716797,46622300
2017-07-25,215.26519841336034,215.36950258874876,214.81326227999904,215.0392303466797,54915600
2017-07-26,215.32606993450494,215.36082915600542,214.78721579943908,215.04794311523438,47575400
2017-07-27,215.50856694803846,215.54332616544713,213.52694674855073,214.8480224609375,70766600
2017-07-28,214.36999645778127,214.7263414233966,213.9180603305673,214.59597778320312,50088400
2017-07-31,214.9957720304814,215.09137645548512,214.26570910962465,214.47430419921875,65838700
2017-08-01,215.074008699399,215.10876791760106,214.43085043723022,214.95233154296875,55050400
2017-08-02,215.08269809566875,215.1956887645296,214.1266538094975,215.05662536621094,47211200
2017-08-03,214.9436210594324,214.9696937872359,214.36130803546263,214.63943481445312,40856000
2017-08-04,215.12612199115475,215.3607765180168,214.64809992600595,215.030517578125,60191800
2017-08-07,215.1000846337351,215.4303436279297,214.9957804539439,215.4303436279297,31995000
2017-08-08,215.11744331571666,216.3342280791,214.52644380404467,214.90016174316406,61719400
2017-08-09,214.21359245470444,214.94365547372158,213.85724743524958,214.89151000976562,62632600
2017-08-10,214.05713457402004,214.18751149071593,211.80610038765755,211.85824584960938,120479500
2017-08-11,212.08426839617502,212.76218605686148,211.8496005099931,212.17117309570312,74869900
2017-08-14,213.4486858455235,214.491634562655,213.41392663507116,214.27435302734375,73291900
2017-08-15,214.6568731106688,214.67425935509996,213.9441962308179,214.24838256835938,55242700
2017-08-16,214.76978966703544,215.16959358002424,214.19616315519622,214.62203979492188,56715500
2017-08-17,214.013680686834,214.32656670840692,211.2759246826172,211.2759246826172,128490400
2017-08-18,211.110771048936,212.2319513923749,210.50238529682153,210.94564819335938,136748000
2017-08-21,210.88479549613615,211.37150408053873,210.18080534642425,211.1107635498047,65469700
2017-08-22,211.69308230910568,213.47478047201594,211.6756960711894,213.31834411621094,63140100
2017-08-23,212.35363249443412,212.97940449734378,212.20588261344366,212.55352783203125,50203800
2017-08-24,212.93594879691088,213.0923851691312,211.84954089488582,212.05813598632812,50741700
2017-08-25,212.84902759401217,213.46611310809237,212.40577795104076,212.55352783203125,64445900
2017-08-28,213.08367786795816,213.10975059411498,212.14501994087084,212.5622100830078,40565600
2017-08-29,211.24985935435748,213.0663303362766,211.1368686792757,212.80560302734375,51135700
2017-08-30,212.7882037622832,214.0832067852587,212.6056813953853,213.8137664794922,62030800
2017-08-31,214.43080576922682,215.34339088326126,213.84849283748224,215.10003662109375,103803900
2017-09-01,215.47378279149711,215.83012774424623,215.25650122447658,215.4042510986328,62007000
2017-09-05,214.90018779183964,215.12616914224762,212.89250793998733,213.85723876953125,91398800
2017-09-06,214.53513481681557,214.91755251446293,214.00496723813447,214.5872802734375,57916900
2017-09-07,214.8915363660705,214.9089226101272,214.15277350457401,214.56126403808594,58034700
2017-09-08,214.274416360231,214.769824772838,214.06583451224182,214.30918884277344,63832800
2017-09-11,215.57808126339495,216.67318888716122,215.56070828593013,216.594970703125,71364800
2017-09-12,216.95999602215846,217.3597866815819,216.7774736694203,217.3250274658203,56896000
2017-09-13,217.03826280691024,217.4641395507926,216.92527212220693,217.4293670654297,59228000
2017-09-14,217.1077004794019,217.55964976064377,216.93387791332785,217.3597412109375,95446300
2017-09-15,217.21573069228893,217.73978653879072,217.1109221885151,217.65245056152344,95432400
2017-09-18,218.01926229600497,218.46471170061017,217.73102562444956,218.11534118652344,46235200
2017-09-19,218.35988131876667,218.42102848279805,218.01051083970842,218.33367919921875,47108100
2017-09-20,218.4210659244812,218.525874420639,217.4166023016523,218.41232299804688,59574100
2017-09-21,218.25510815450258,218.34244412458347,217.65243265212848,217.82711791992188,48211400
2017-09-22,217.5301324086641,218.0367289698389,217.50393028719216,217.8707733154297,51214000
2017-09-25,217.6175118181515,217.96689572024886,216.68293820126146,217.42535400390625,57064400
2017-09-26,217.85328643262474,218.09784843533004,217.32048778509616,217.5563201904297,54082000
2017-09-27,218.25506607895477,218.78786470597146,217.37288365607444,218.40354919433594,81001400
2017-09-28,218.1240620366598,218.74421000106764,218.03672607545622,218.6656036376953,44778800
2017-09-29,218.65687388117044,219.5128543148782,218.47345902225527,219.43423461914062,85578000
2017-10-02,219.66131981077575,220.3862762451172,219.48662123661734,220.3862762451172,59023000
2017-10-03,220.3862739216219,220.8841275353606,220.30765423302748,220.85792541503906,66810200
2017-10-04,220.70946216621985,221.3645418885094,220.5959107495144,221.11997985839844,55953600
2017-10-05,221.4518837893815,222.44760446083976,221.15491750595024,222.43014526367188,63522800
2017-10-06,221.98466107631256,222.46505550467177,221.7226398677804,222.17681884765625,80646000
2017-10-09,222.4039281542774,222.46506199550856,221.54794775599703,221.8099822998047,35803100
2017-10-10,222.37774343936067,222.77078862202265,221.836201785734,222.39520263671875,43057400
2017-10-11,222.29910515071512,222.74456787109375,222.13316282390105,222.74456787109375,47674300
2017-10-12,222.43013121510202,222.77950172323375,222.1768262682205,222.41265869140625,47065100
2017-10-13,222.8493968318015,222.9629482537238,222.4126769968777,222.68344116210938,54800400
2017-10-16,222.91054426948924,223.17256550864792,222.56990333095123,222.98040771484375,38221700
2017-10-17,222.92798871346952,223.1812936647346,222.70962881020068,223.1376190185547,31561000
2017-10-18,223.51321555752034,223.55689020837087,223.1638450059807,223.3560028076172,40888300
2017-10-19,222.57863488865067,223.4520745672181,222.1593875746752,223.41712951660156,61903800
2017-10-20,224.21193583581314,224.59625135770185,223.39963015043398,224.5700225830078,89176400
2017-10-23,224.89322883296725,224.9194309537116,223.61798787604818,223.69659423828125,63915300
2017-10-24,224.1246056918486,224.32547973958586,223.73154721149646,224.08966064453125,66935900
2017-10-25,223.75776848882185,223.8713199108784,221.85367640356625,222.98040771484375,103715300
2017-10-26,223.59181270302912,223.86256352467024,223.14634996797955,223.2686309814453,69798000
2017-10-27,224.01104443027998,225.2513403305325,223.2773584004407,225.09410095214844,85562500
2017-10-30,224.01100748839235,224.99799829067257,223.958603255993,224.2555694580078,54285700
2017-10-31,224.63121311082153,224.85831595994026,224.308044690315,224.60501098632812,60304800
2017-11-01,225.38237007095873,225.7229976666513,224.5351325618353,224.90196228027344,54202700
2017-11-02,224.8320756098468,225.1290418553702,223.7664783028467,224.98928833007812,56449500
2017-11-03,225.1465345397593,225.78415509588623,224.73601682791988,225.74049377441406,59589700
2017-11-06,225.60945120754656,226.220869625396,225.53958776377712,226.08985900878906,49652600
2017-11-07,226.19469949292795,226.5266108721165,225.42606822644223,225.93267822265625,57502200
2017-11-08,225.75789189463578,226.41297147107142,225.47838487809508,226.31687927246094,50469600
2017-11-09,225.11156462700185,225.68803787692877,223.91493016041056,225.49588012695312,95085500
2017-11-10,225.11156945103457,225.60069343322567,224.79711737376437,225.42599487304688,59984700
2017-11-13,224.74476699576226,225.8627687451596,224.7098219443005,225.6356658935547,50228600
2017-11-14,224.83209570763378,225.2164112727262,224.0547216515681,225.11160278320312,61315200
2017-11-15,224.14206074959475,224.6661298286348,223.27736409509808,223.98484802246094,80811500
2017-11-16,224.92812724822468,226.25577232872615,224.88446593594833,225.888916015625,67777000
2017-11-17,225.53959557863226,225.8627639958813,225.14653705992936,225.2251434326172,75756800
2017-11-20,225.4696939076753,225.80157853989257,225.22510524931647,225.6094207763672,48075500
2017-11-21,226.37807207748506,227.26899754044936,225.5745225619716,227.08555603027344,69176800
2017-11-22,227.0942910420056,227.22530164809308,226.7187184194679,226.88467407226562,45033400
2017-11-24,227.3738035315452,227.5135570664607,227.23404999662972,227.40872192382812,27856500
2017-11-27,227.45240926382237,227.74937552896802,227.09429582945995,227.29519653320312,52274900
2017-11-28,227.75811423402223,229.62726108124528,227.66202201913927,229.60105895996094,98971700
2017-11-29,229.7320372936807,230.2648492252935,229.0158371941007,229.46127319335938,77512100
2017-11-30,230.37841544790612,232.37857274930585,230.2998090900364,231.47021484375,127894400
2017-12-01,231.25182442487917,231.73220543350666,227.7580668195733,230.98977661132812,164390900
2017-12-04,232.60569136026692,233.03366822283851,230.65791150982508,230.71034240722656,94040600
2017-12-05,229.88058471679688,231.59251897552159,229.74957409972203,229.88058471679688,77994500
2017-12-06,229.9766901445847,230.3522895189833,229.46136385793025,229.92428588867188,75898600
2017-12-07,230.64920043945312,230.96362589938755,229.662209431446,230.64920043945312,77218600
2017-12-08,231.60122748092607,231.91565291517546,230.61423655354508,231.9069366455078,76563900
2017-12-11,232.60569763183594,232.66684480106926,231.88075449249916,232.60569763183594,83077500
2017-12-12,233.39183858118835,233.48793081872788,232.64069315709293,233.01626586914062,85195800
2017-12-13,233.2607696276706,233.69748941303737,232.90265620503862,232.99000549316406,102905400
2017-12-14,233.28696073833632,233.40051214201415,231.98554436904854,232.03794860839844,100666700
2017-12-15,233.03960830620332,234.43547233615615,232.98693621386562,233.97018432617188,144610300
2017-12-18,235.3660769189462,235.80502893603057,235.26073272148673,235.45387268066406,83653600
2017-12-19,235.6996276686428,235.7435121431235,234.47932849669675,234.54957580566406,82382900
2017-12-20,235.51535044887996,235.56802255763964,234.12827359902516,234.4267578125,76751500
2017-12-21,235.05002902454035,235.6206881078484,234.66374908730396,234.90956115722656,67032300
2017-12-22,234.92709163299972,234.96221529101388,234.3125481795073,234.84808349609375,78720900
2017-12-26,234.44424977095338,234.78664518691386,234.30380870910167,234.56716918945312,45244400
2017-12-27,234.73405333966332,235.04132519945648,234.4092330390153,234.68138122558594,57751000
2017-12-28,235.18174454026212,235.20808059186288,234.79546458911238,235.16416931152344,45116100
2017-12-29,235.74360810502137,235.76115654365725,234.08438313836797,234.27749633789062,96007400
2018-01-02,235.1378250465664,235.98939307392297,234.75154510890943,235.9542694091797,86655700
2018-01-03,236.12105740806095,237.595956521271,236.12105740806095,237.4467010498047,90070400
2018-01-04,238.0875317331796,238.93031191657434,237.5081119847523,238.44744873046875,80636400
2018-01-05,239.23770970584548,240.15949850554858,238.74608544046873,240.03660583496094,83524000
2018-01-08,239.93991329663294,240.63346488078793,239.65021679725226,240.47544860839844,57319200
2018-01-09,240.89693222383696,241.6431562298976,240.61599642060025,241.0198516845703,57254000
2018-01-10,240.26481254196977,240.91447986147978,239.5976235750946,240.65109252929688,69574300
2018-01-11,241.20421201328483,242.4069366455078,241.03740804909924,242.4069366455078,62361500
2018-01-12,242.67025024306636,244.1538834452127,242.3717392883683,243.9871063232422,90816100
2018-01-16,245.2425535744117,245.89219413547542,242.45958535928062,243.15313720703125,106555100
2018-01-17,244.08368740476362,245.85704412576092,243.1531111580364,245.47076416015625,113258800
2018-01-18,245.35669651890993,245.7780734245086,244.56656123788784,245.05821228027344,100728000
2018-01-19,245.6375450366647,246.17308044433594,245.05815193414344,246.17308044433594,140920100
2018-01-22,245.96238931636123,248.17469787597653,245.9096904252106,248.17469787597656,91322400
2018-01-23,248.21861368775413,248.99117363539048,247.89379343511357,248.70147705078125,97084700
2018-01-24,249.34229457344156,249.93928967925865,247.42847020558543,248.6048583984375,134816100
2018-01-25,249.46524709816148,249.56180369497707,247.92012721704376,248.71023559570312,84587300
2018-01-26,249.544232240825,251.6336482169406,249.28963255855305,251.58973693847656,107743100
2018-01-29,251.0191331432591,251.45808522868774,249.76373660889539,249.9217529296875,90118300
2018-01-30,248.09562079610376,249.97432100832137,246.88410925785698,247.35818481445312,131796400
2018-01-31,248.20984609063984,248.71023108676374,246.41012653639544,247.48117065429688,108364800
2018-02-01,246.75255864869757,248.49957956598647,246.4101631247902,247.2002716064453,90102500
2018-02-02,245.88343060768892,246.01513768914108,241.78363242902748,241.81875610351562,173174800
2018-02-05,240.06292679944846,242.1698916316703,231.1609648845585,231.70526123046875,294681800
2018-02-06,228.20241370210414,236.7707670349998,227.11382109691172,236.27035522460938,355026800
2018-02-07,235.7172962159094,239.10599383417136,234.90961250020038,234.9886474609375,167376100
2018-02-08,235.2870873577438,235.4275552292879,226.1393148107997,226.1744384765625,246449500
2018-02-09,228.95741676009237,231.4243255493233,222.0395404071036,229.57196044921875,283565300
2018-02-12,231.61751673239579,234.4092732145407,229.71247909989583,232.9431610107422,143736000
2018-02-13,231.7403623395533,234.06680300678443,231.16094237859048,233.5225067138672,81223600
2018-02-14,232.03875642832296,237.0340313054503,232.02996881684697,236.67408752441406,120735700
2018-02-15,238.41240518393013,239.70292518687265,235.9542578113466,239.6941375732422,111200300
2018-02-16,239.07086405094287,241.70457649535732,239.0269527686309,239.76438903808594,160420100
2018-02-20,238.8162675010244,240.25604318291386,237.47307520829037,238.26318359375,86369700
2018-02-21,238.70214631468968,241.17784258546794,236.98146158652554,237.07801818847656,98883700
2018-02-22,237.9998280651637,239.71172513772538,236.71809546663133,237.38528442382812,110511300
2018-02-23,238.60554160702387,241.16900634765625,238.13146593359008,241.16900634765625,92766400
2018-02-26,242.24011676430848,244.06617263387662,241.6519359115766,243.96958923339844,86491400
2018-02-27,244.15394484904607,244.86507195937202,240.86180382064492,240.9232635498047,99099200
2018-02-28,242.0205568617453,242.46829645388414,238.1665724153138,238.48260498046875,121907800
2018-03-01,238.2719705350681,239.8170904251165,233.52250582934735,235.01495361328125,176855100
2018-03-02,233.34691584624574,236.78831195402194,232.48658691293335,236.2264404296875,139083200
2018-03-05,235.04129618469474,239.57128497673156,234.9359251780348,238.9567413330078,97307400
2018-03-06,239.9311130634464,240.01014798698463,238.06996117586863,239.56240844726562,79213200
2018-03-07,237.40290530509898,239.82590308460027,237.20976527709752,239.47474670410156,87063500
2018-03-08,240.1506510839523,240.75640704428025,239.15864197545773,240.63351440429688,66901200
2018-03-09,242.03821028889664,244.82115173339847,241.72215083012168,244.82115173339844,113625300
2018-03-12,245.11078898171166,245.7340932729573,244.12751407120209,244.5137939453125,71924800
2018-03-13,245.6726653493665,246.1730770862234,242.32785307291076,242.93360900878906,91968900
2018-03-14,243.89059059498044,244.0749429957183,241.13398503411454,241.68704223632812,105895100
2018-03-15,242.19622027785263,242.8370732112974,240.92324844341726,241.4236602783203,83433000
2018-03-16,241.9498706508836,242.73434762380472,241.63257225654203,241.68545532226562,100343700
2018-03-19,240.93620460870457,241.86168501139227,236.7670775944114,238.4153289794922,109208400
2018-03-20,238.8119932303427,239.45543966554663,238.1421052648597,238.82081604003906,59757300
2018-03-21,238.77672584368344,240.86568740550535,238.15092503585717,238.36245727539062,78709600
2018-03-22,236.14132741776228,236.98748341572107,232.1308487161802,232.40411376953125,148785900
2018-03-23,232.84478414512185,233.17090531261704,227.25655645235332,227.45046997070312,183534800
2018-03-26,231.04669419910772,233.955370261597,228.6492300456166,233.67330932617188,141956100
2018-03-27,234.60762172890932,235.13645231917573,228.1467967301256,229.69810485839844,129941400
2018-03-28,229.8303123233447,231.496209377788,227.91761869403678,229.01939392089844,146452300
2018-03-29,230.1564273834921,233.80551974952124,229.0282106570557,231.94570922851562,111601600
2018-04-02,231.41682631878385,231.9280650176336,224.47124538181424,226.93922424316406,186286300
2018-04-03,228.17320764889604,230.32387475681935,226.3839259950457,229.847900390625,119956900
2018-04-04,226.30461430451857,233.01220846166905,226.17240666715955,232.3070831298828,123715300
2018-04-05,234.0611666848327,235.02193855166377,232.97703685335392,234.14051818847656,82652600
2018-04-06,232.18367389665593,233.67324898607586,227.40636554470032,228.9224090576172,179521200
2018-04-09,230.3768414531003,233.4353712614112,229.1164167597462,230.05072021484375,105442900
2018-04-10,232.93291826893037,234.49304931652253,231.79590552096968,233.7085723876953,103529000
2018-04-11,232.22779429217832,234.140488069733,232.1572925076709,232.48341369628906,91140200
2018-04-12,233.80555112463333,235.33921379794384,233.6292563098291,234.39608764648438,68890500
2018-04-13,235.70059074735886,235.81517968292337,232.70376729661248,233.7085723876953,85079200
2018-04-16,235.33911762835723,236.39683228733097,234.5194035619932,235.62997436523438,63405300
2018-04-17,237.39291974783774,238.75031455399508,236.8817078046116,238.1509552001953,64682000
2018-04-18,238.59165531201305,239.1293087659003,237.8688842340687,238.32723999023438,57303900
2018-04-19,237.67494221124622,237.8776785328516,235.97380774780348,237.0050811767578,77655900
2018-04-20,236.9345575277574,237.1549125737747,234.11400217921198,234.99542236328125,99953100
2018-04-23,235.56834131435096,236.12364027357134,233.884825718501,234.9601593017578,65558000
2018-04-24,235.98266000422277,236.20301507306138,230.29748846866164,231.79591369628906,112885500
2018-04-25,231.73424219844446,232.80957616985228,229.91851831376155,232.36886596679688,103840900
2018-04-26,233.39134486590606,235.55963179340137,232.95063460997827,234.73109436035156,67731900
2018-04-27,235.33922785351837,235.6389075375341,234.01709735995928,234.95140075683594,57053600
2018-04-30,235.5684066465393,236.12370575976553,233.0739720424936,233.14450073242188,82182300
2018-05-01,232.58032548825824,233.66448193214373,231.02901745124638,233.5587158203125,74203400
2018-05-02,233.36480513816895,234.17569660455436,231.60196485617357,231.9897918701172,86368900
2018-05-03,231.16124781281792,232.13078841962331,228.33186987842024,231.47854614257812,136311500
2018-05-04,230.50901174745036,235.15411363285418,230.18289056208346,234.47540283203125,91222100
2018-05-07,235.24229625773177,236.23827868420156,234.55476254394,235.26873779296875,55304900
2018-05-08,234.89852940083588,235.63009647493584,233.70860651754143,235.26873779296875,67499200
2018-05-09,235.93856383142008,237.86887631255698,235.41852911669892,237.54275512695312,59666100
2018-05-10,238.2830758592549,240.09000297038187,238.1773097647115,239.76385498046875,72063900
2018-05-11,239.8873622488972,240.75995977528183,239.3761233898816,240.49554443359375,59871500
2018-05-14,240.92740579766743,241.579648169337,240.06360427665848,240.610107421875,54790600
2018-05-15,239.3849054726918,239.40252419286875,238.00989213222624,238.95301818847656,87036100
2018-05-16,238.98829921102723,240.4161957105122,238.96183078069996,239.9578399658203,53942600
2018-05-17,239.69334480659344,240.83038408064448,238.97939679467365,239.7550506591797,56536400
2018-05-18,239.41133531592274,239.7727208029804,238.80315326438767,239.1557159423828,64368000
2018-05-21,240.6365895101831,241.49156836524816,240.24876238630932,240.95388793945312,58025900
2018-05-22,241.47382746719947,241.72944681135456,239.9577839171706,240.28390502929688,52966400
2018-05-23,239.01469160518607,240.97144523152645,238.85601554990004,240.94497680664062,64694200
2018-05-24,240.54838622347975,240.82162432927402,238.67095692322204,240.451416015625,76043800
2018-05-25,239.87852478027344,240.50432564990533,239.3761087629519,239.87852478027344,56374800
2018-05-29,238.25668371463993,239.0147190473101,236.00907304336295,237.11964416503906,115908600
2018-05-30,238.42412164985015,240.7246150508308,238.35361988187896,240.28390502929688,69678400
2018-05-31,239.87847674018641,240.17815634870945,238.21260672533674,238.8119659423828,93519900
2018-06-01,240.10767825190814,241.45625007264385,240.03714957306167,241.1565704345703,71258400
2018-06-04,241.97629276170582,242.5580333367851,241.73831898505043,242.3024139404297,45385200
2018-06-05,242.4346573498942,242.85774880293667,241.66782594654146,242.47874450683594,51135000
2018-06-06,243.0868621885617,244.61170177943262,242.4698573456426,244.5059356689453,62732200
2018-06-07,244.99080736933206,245.28166426161448,243.57170655862802,244.4795684814453,72969400
2018-06-08,244.02120112053123,245.2551840883835,243.85372912145007,245.20230102539062,72139700
2018-06-11,245.42258473484216,246.24229887172424,245.3079958320687,245.52835083007812,58892500
2018-06-12,245.94269221780678,246.20710753428884,245.2023024328456,245.8457489013672,72329000
2018-06-13,246.083714726765,246.33933412363743,244.85852770279948,245.06126403808594,79070600
2018-06-14,245.92500392262775,246.20703788081565,245.08764415930972,245.67820739746094,77097600
2018-06-15,244.89557310376134,245.70127036855243,243.78885054546487,245.3648223876953,120041600
2018-06-18,243.912852991887,244.9841801616414,243.434768176209,244.86021423339844,52917600
2018-06-19,242.5936397822496,244.14305171516543,242.17751092519677,243.9217071533203,97531500
2018-06-20,244.60338642311115,245.0018173571571,244.00133582821002,244.33778381347656,53785500
2018-06-21,244.32889671943892,244.34662157135446,242.31023603123566,242.80604553222656,71061400
2018-06-22,244.06340030633777,244.17850381549442,243.02749574353095,243.24884033203125,54898500
2018-06-25,242.09774805892368,242.2571096047278,238.25521101018867,239.9374237060547,137854200
2018-06-26,240.50408113101963,241.318613720225,239.7515044638951,240.46865844726562,68547400
2018-06-27,241.05307733908927,242.47852327145034,238.32609735255744,238.47662353515625,105110700
2018-06-28,238.423447181038,240.60146947724132,237.71512857523751,239.84005737304688,76650500
2018-06-29,240.92912403034688,242.29261409496888,240.07030605075767,240.18540954589844,97592500
2018-07-02,238.61826608752668,240.85827165334734,238.3791967022646,240.69888305664062,63554800
2018-07-03,241.59316478266507,241.6905704427875,239.42400422779951,239.84896850585938,42187100
2018-07-05,240.97338766695466,241.86760124254315,239.90206063048137,241.8056182861328,56925900
2018-07-06,241.8322297707401,244.22273484975983,241.45149658583094,243.85089111328125,66493700
2018-07-09,244.8513343486122,246.09972087308518,244.80707624573822,246.04660034179688,50550400
2018-07-10,246.49808871564431,247.0293209120054,246.20589884882935,246.93191528320312,51966800
2018-07-11,245.38256069839704,246.17056025929276,244.82476811387056,245.12579345703125,77054700
2018-07-12,246.38300937889045,247.40118876018292,245.78095877320726,247.3480682373047,60124700
2018-07-13,247.17103350001074,247.84390253014723,246.71948199088973,247.54287719726562,48216000
2018-07-16,247.58719341456032,247.7288301610967,246.87887458387516,247.32156372070312,48201000
2018-07-17,246.5512954082271,248.71162061414097,246.49817487198345,248.32205200195312,52315500
2018-07-18,248.4017017760098,248.95063192835636,247.95901268287895,248.84439086914062,44593500
2018-07-19,248.18033358029288,248.56103967940436,247.42775678976406,247.90586853027344,61412100
2018-07-20,247.70225464991242,248.33089263963382,247.46321225779238,247.62257385253906,82337700
2018-07-23,247.41891322282152,248.28656644152343,247.0736028050646,248.08294677734375,47047600
2018-07-24,249.49067214292117,250.17240347028664,248.4636304289784,249.33128356933594,68026900
2018-07-25,249.08335865317733,251.7749150987928,249.03910056495852,251.45619201660156,78882900
2018-07-26,250.73906771837133,251.54473794462018,250.64166208534337,250.86300659179688,57919500
2018-07-27,251.190551315426,251.28795693262387,248.24225485723514,249.16305541992188,76768700
2018-07-30,249.24283644941406,249.40219804756535,247.33925162185292,247.8616485595703,63742500
2018-07-31,248.6230176642827,249.69431758068527,248.24231157277697,249.08340454101562,68570500
2018-08-01,249.2871187743651,249.79179090381137,248.02103425559477,248.66734313964844,53853300
2018-08-02,247.36585304894294,250.19018493185882,247.16220631548583,250.02198791503906,63426400
2018-08-03,250.145824558501,251.14630593884132,249.9687381653188,251.0931854248047,53935400
2018-08-06,251.12864477115582,252.3238835310707,250.73907626495154,252.01402282714844,39400900
2018-08-07,252.67811646394784,253.2270466660811,252.545288108283,252.8463134765625,43196600
2018-08-08,252.6780800759013,253.13846698115805,252.27964910548545,252.7400360107422,42114600
2018-08-09,252.80199595567012,253.19156446296677,252.26192830940533,252.3947296142578,35717000
2018-08-10,250.9604415393712,251.50050922879808,249.99535560126085,250.70367431640625,77076000
2018-08-13,250.9781155764383,251.58902858924932,249.47296209162405,249.76515197753906,65732900
2018-08-14,250.4912485084296,251.59797141870374,250.10167988244493,251.35890197753906,43842000
2018-08-15,250.0130743094144,250.15473804896044,248.0475338300558,249.48184204101562,102925400
2018-08-16,250.91616596894616,252.36819912554938,250.88074327694193,251.50051879882812,69967900
2018-08-17,251.2968851103208,252.82859913857132,250.88961869976814,252.3859100341797,65618500
2018-08-20,252.83742114482646,253.19156696780135,252.38586968426674,252.92596435546875,39807500
2018-08-21,253.43953001341072,254.37802881887922,252.9614181816964,253.5192108154297,67272000
2018-08-22,253.11188513982498,253.8910221589118,252.84625550899398,253.36865234375,44993300
2018-08-23,253.19152706963095,254.05034474029873,252.71341542317927,253.03216552734375,49204900
2018-08-24,253.60773831163402,254.69676324419368,253.5546177802505,254.5550994873047,57487400
2018-08-27,255.75035100152513,256.6711519566475,255.5909893995617,256.5649108886719,57072400
2018-08-28,257.0253554436039,257.1316235549894,256.22852023565366,256.6889343261719,46943500
2018-08-29,256.90136255603954,258.3002483366861,256.66232014973934,258.070068359375,61485500
2018-08-30,257.5919235454238,257.96376724094705,256.4320803195823,257.0252685546875,61229500
2018-08-31,256.6180203252793,257.4768382804098,256.1310731115822,257.0341491699219,66140800
2018-09-04,256.61799092686505,256.94557650796173,255.59094906584016,256.5914306640625,57594400
2018-09-05,256.23729641245575,256.44094311621893,254.89153133691732,255.90084838867188,72452400
2018-09-06,256.00708517512356,256.30811050201584,254.1035275676476,255.1305694580078,65909900
2018-09-07,254.08586593769624,255.6087176445946,253.84679651198275,254.63479614257812,73524800
2018-09-10,255.6441580496112,255.90978778914595,254.8827455727432,255.07752990722656,50210900
2018-09-11,254.4311349169495,256.36125295304953,254.08585146112563,255.91856384277344,50530500
2018-09-12,255.92739400139993,256.58256515572646,255.19254205962258,255.9805145263672,59810800
2018-09-13,257.0430128319784,257.6804862349242,256.75968531520266,257.4945373535156,51034200
2018-09-14,257.6980883432781,257.8840101360217,256.75958993473887,257.5387268066406,55079900
2018-09-17,257.4856929408959,257.5210886145558,255.90085840767378,256.1753234863281,68244000
2018-09-18,256.38773979012984,258.15849572409456,256.36117953190404,257.5653076171875,61930400
2018-09-19,257.6184687058169,258.2559420232231,257.4945028015122,257.8398132324219,49080600
2018-09-20,259.0970906351815,260.2480714927518,257.8575395336768,259.9293212890625,100360600
2018-09-21,260.6701942475922,260.78581879458903,259.5317810140974,259.6918640136719,105479700
2018-09-24,259.11374214506895,259.25604717756437,258.25103654562844,258.8291320800781,53409600
2018-09-25,259.28280107665773,259.3895230957644,258.34895626755684,258.5890808105469,44370000
2018-09-26,258.7312825518188,259.91415398039527,257.3972035619519,257.8152160644531,79739700
2018-09-27,258.2865565354975,259.62063535481394,258.01084908419097,258.53558349609375,59249500
2018-09-28,257.913024857578,259.0603403412746,257.87746896148747,258.5622863769531,70091400
2018-10-01,259.7985457060066,260.5278487801344,258.7935622699914,259.4606018066406,62078900
2018-10-02,259.3094482421875,260.0209463727001,258.9359212233382,259.3094482421875,47258200
2018-10-03,260.3588240182784,260.7768364839188,259.0959112187038,259.45166015625,64694600
2018-10-04,258.9714428347122,259.0248038303383,255.84081347636905,257.4239196777344,111545900
2018-10-05,257.6462715083235,258.1621035239601,254.5601005355288,255.98312377929688,105951700
2018-10-08,255.29827908481946,256.3388728047612,253.91974143292867,255.98312377929688,87742200
2018-10-09,255.60063692624544,256.9080081946637,255.04919484726244,255.60951232910156,74339000
2018-10-10,255.10246470059735,255.17363074945175,247.14247970987367,247.51600646972656,214731000
2018-10-11,246.43107052946968,248.04975962653202,240.45439529116155,242.064208984375,274840500
2018-10-12,246.155331736026,246.4399417449787,242.24203910959136,245.42605590820312,183186500
2018-10-15,245.07027370742713,246.39547715394392,243.95854133324738,244.0474853515625,102263700
2018-10-16,246.00419386811836,249.75740419174008,245.53282033386319,249.38385009765625,118255800
2018-10-17,249.41942692183108,250.05088341984614,246.85799074600146,249.42832946777344,110626000
2018-10-18,248.4943594962788,249.09025985854026,244.55438735386954,245.82620239257812,134557500
2018-10-19,246.4756116171026,248.4055645473369,244.99922721015955,245.6929473876953,139901600
2018-10-22,246.35995760097512,246.68012357912642,244.05645078512885,244.590087890625,82415800
2018-10-23,240.97922704762445,244.4656061181947,238.89803923623336,243.344970703125,146352700
2018-10-24,243.09585651106832,243.47831310802016,235.42047834896334,235.97189331054688,177806700
2018-10-25,237.8040722486143,241.74404636445752,236.7812836082861,240.2053985595703,138061500
2018-10-26,236.5055661327389,241.0236356256426,233.2770902132027,235.98080444335938,201574600
2018-10-29,239.06695479413133,240.35657539863922,231.10696608457545,234.6733856201172,160749100
2018-10-30,234.5044631035441,238.46221527012418,234.0152844254869,238.1509246826172,157116000
2018-10-31,240.71234277026565,243.0069741099624,240.24096922248452,240.69456481933594,128296300
2018-11-01,241.55726602534855,243.4516627284058,240.4722139163721,243.25599670410156,99495000
2018-11-02,244.3588011959873,244.7857162430484,239.7695662222295,241.81517028808594,122634100
2018-11-05,242.30433388342226,243.70067647437028,241.33490636095422,243.14926147460938,65622500
2018-11-06,243.08714905396042,244.8481171295979,243.02488547865966,244.6880340576172,60085900
2018-11-07,246.8580138331892,250.0064483555935,246.43109871665462,249.92640686035156,102752100
2018-11-08,249.12595045751826,250.11318323351344,248.33441086918774,249.4728240966797,65584900
2018-11-09,248.1654298904992,248.35219339245518,245.63067379630257,247.03591918945312,98812600
2018-11-12,246.52888040043038,246.76900482293735,241.90406285226152,242.419921875,99673600
2018-11-13,242.88243618622874,244.8746522778252,241.24596909071613,241.96636962890625,98176600
2018-11-14,243.83403319678155,244.23424055284536,238.7556474825517,240.31207275390625,125335900
2018-11-15,239.0491568741506,243.28264272262598,237.4749534984664,242.8201446533203,135101400
2018-11-16,241.72620354692577,244.35877823500198,241.21034452079422,243.4516143798828,126668000
2018-11-19,242.8468290600021,243.14034163054626,238.41770428548043,239.33377075195312,103061700
2018-11-20,236.00747788431894,237.46608408810766,234.0419422412269,234.90464782714844,136021300
2018-11-21,236.4521591402249,237.5994747294918,235.6962027211134,235.705078125,75563700
2018-11-23,234.06865686123018,235.52726327765873,233.97083740598626,234.13092041015625,42807900
2018-11-26,236.38102152128923,238.13311311240508,235.98968949085364,237.9107666015625,79981400
2018-11-27,236.8790639113208,238.71119689941406,236.27428794556133,238.71119689941406,75502400
2018-11-28,239.7784559360089,244.20758056640625,238.64891841628506,244.20758056640625,127629600
2018-11-29,243.43382912733134,245.07029607445224,242.29541615794696,243.67398071289062,82346400
2018-11-30,243.5227586144501,245.71954294084406,243.20259270869448,245.1592254638672,98204200
2018-12-03,249.27712569459774,249.38384767989874,246.81353606087058,248.405517578125,103176300
2018-12-04,247.57834595211617,248.00526095056608,240.0452463752336,240.35653686523438,177986000
2018-12-06,236.5056101379879,240.10761369417295,233.41053613058492,239.9919891357422,204185400
2018-12-07,239.65399795009372,241.21932634814482,233.5795021440557,234.41552734375,161018900
2018-12-10,234.23764827118256,235.829657230902,230.01306365670115,234.8602294921875,151445900
2018-12-11,238.05312178650135,238.23988529522845,233.44610762514162,234.91358947753906,121504400
2018-12-12,237.8840181157865,239.24477728754522,236.01630253014307,236.09634399414062,97976700
2018-12-13,237.03917653874748,237.90188215211614,234.90465530067445,236.01638793945312,96662700
2018-12-14,233.8730104348904,234.8246602760609,231.10703211037944,231.658447265625,116961100
2018-12-17,230.70673052985472,231.81846306627645,225.4860388815235,227.11361694335938,165492300
2018-12-18,228.75013191672292,229.41717153878733,225.26372621629173,226.8646240234375,134515100
2018-12-19,226.9446507542669,230.70675017805107,221.7684306807493,223.46714782714844,214992800
2018-12-20,222.22197924177337,223.78729366508378,217.58827236195947,219.82952880859375,252053400
2018-12-21,220.72861735508985,223.38552036390047,214.68124937399995,215.32534790039062,255345600
2018-12-24,213.84034063943142,215.45058694361018,209.57320499611265,209.6358184814453,147311600
2018-12-26,211.09396462178614,220.2276153564453,209.11693755623702,220.2276153564453,218485400
2018-12-27,216.99823741467299,222.11522151944322,213.76880366004917,221.91842651367188,186267300
2018-12-28,223.26920838177477,224.89733637571823,220.46916948727355,221.6321258544922,153100200
2018-12-31,223.2513302461389,223.81491988199966,221.38166176077164,223.57337951660156,144299400
2019-01-02,220.0487067791242,224.72736835312008,220.02187048062882,223.80593872070312,126925200
2019-01-03,222.06150186504593,222.36566931905944,217.98222086036947,218.46530151367188,144140700
2019-01-04,221.4890038398222,226.42708803378295,221.1132819712888,225.78298950195312,142628800
2019-01-07,226.05135993790628,228.967685018204,225.1567801850317,227.56320190429688,103139100
2019-01-08,229.7459324926808,230.18426774732734,227.2232115446944,229.70118713378906,102512600
2019-01-09,230.40795353099523,231.61564162896792,229.18238366653358,230.7747344970703,95006600
2019-01-10,229.2449965104731,231.8392721108213,228.56510722057578,231.5887908935547,96823900
2019-01-11,230.5152680383381,231.70507421140275,229.9337967501892,231.67823791503906,73858100
2019-01-14,229.7817508142326,231.06994789059002,229.3792062906262,230.26483154296875,70908200
2019-01-15,230.64059880878088,233.21699331608835,230.63164427355437,232.9038848876953,85208300
2019-01-16,233.33325943861294,234.35309361191258,233.12752353728553,233.46746826171875,77636700
2019-01-17,232.59968415725848,236.09749417495806,232.5549387905483,235.23867797851562,96118400
2019-01-18,237.04575985726618,238.83491941669797,235.2744820652817,238.36972045898438,127900300
2019-01-22,236.9026116326025,237.11730203256215,233.53898309773086,235.1492156982422,115531200
2019-01-23,236.17806508410956,236.8758363641676,233.18121674396266,235.6413116455078,86030300
2019-01-24,235.46232565671974,236.34797816335373,234.4514461827318,235.7664794921875,59204100
2019-01-25,237.6092467538253,238.58436242851107,235.86483311741233,237.76133728027344,96883400
2019-01-28,235.62340130094339,236.01699132108016,234.19206807171742,235.9543914794922,85613700
2019-01-29,236.0975561633814,236.66111860847855,234.8093588309028,235.6413116455078,66136300
2019-01-30,237.15307247227437,240.21251961023302,236.39267430393105,239.37161254882812,92473700
2019-01-31,239.309069989038,241.95701876265906,239.0943522557528,241.47393798828125,104012100
2019-02-01,241.67065780851223,242.60998270784233,240.8029145607659,241.59014892578125,85782500
2019-02-04,241.63490857696522,243.35251360542537,240.9639738049802,243.28988647460938,60744800
2019-02-05,243.71929701903028,244.61387672404788,243.21833456825289,244.30972290039062,79552800
2019-02-06,244.0324162659288,244.52442420548215,243.25413625589732,243.9876708984375,58347800
2019-02-07,242.3773806107919,242.92306102117962,240.0067503108111,241.66172790527344,95482000
2019-02-08,240.41829205368393,242.05536087669893,239.59526672545192,241.95697021484375,75788900
2019-02-11,242.6100733987666,242.8694819066253,241.56340293120226,242.09120178222656,68021400
2019-02-12,243.7014429213756,245.58003867487145,243.62986124861985,245.20433044433594,72270200
2019-02-13,246.0363249000739,246.84144140266025,245.6158712275524,246.0005340576172,65277200
2019-02-14,244.91794356281451,246.5818754193975,244.1038730443245,245.45469665527344,83234400
2019-02-15,247.22602816170678,248.16535320937362,247.02029230681626,248.1295623779297,97088700
2019-02-19,247.3334357653313,249.21203152652333,247.32448123109788,248.5590057373047,59120800
2019-02-20,248.52321369738445,249.5162114781635,248.0222511901044,249.05996704101562,76610800
2019-02-21,248.42482818267058,248.782654652387,247.21713995951922,248.17434692382812,64214700
2019-02-22,248.79155411176745,249.90977876755096,248.15641015139627,249.71299743652344,78114600
2019-02-25,251.13545523938183,251.6542996313544,249.9724848498191,250.05299377441406,69030700
2019-02-26,249.70408159702777,250.75072474880014,249.49831840033238,249.87405395507812,56844100
2019-02-27,249.1583733195915,250.1155803239667,248.2280299194689,249.76670837402344,56921600
2019-02-28,249.5520102196407,249.99037295065955,248.97949325929966,249.30152893066406,69268300
2019-03-01,250.8759750305505,251.2695923481323,249.42676004327686,250.85809326171875,78880500
2019-03-04,251.9136582318563,252.1551849315805,247.65544996733956,249.94557189941406,106494600
2019-03-05,250.07085083470344,250.26765948736204,249.0599712687937,249.60565185546875,59114600
2019-03-06,249.72193751100994,249.7308920448468,247.77176016313658,248.0937957763672,75039800
2019-03-07,247.64651660427654,247.78965264981824,245.17749489480767,246.01840209960938,94885100
2019-03-08,244.1665701806032,245.69629372749952,243.7013985939388,245.5263214111328,85795800
2019-03-11,246.2419292994547,249.2477029172466,246.21509301002428,249.08668518066406,65098900
2019-03-12,249.6414297782207,250.54496408692307,249.45357566962204,250.02609252929688,79667500
2019-03-13,250.91175053091055,252.61144667998187,250.7507054196275,251.6810760498047,80639200
2019-03-14,251.7078430746559,252.12829655426864,251.08165377124203,251.51998901367188,67518400
2019-03-15,252.07092076967695,253.57143448255547,251.88221174274025,252.7627716064453,81309000
2019-03-18,252.97832411741985,253.9756956908309,252.75369409159345,253.67916870117188,62199800
2019-03-19,254.73946761602602,255.50318784032194,252.8525697345642,253.74209594726562,90268100
2019-03-20,253.52648993504164,254.73050384084684,251.87321588136902,252.97837829589844,84609200
2019-03-21,252.16064336761528,256.23990405923104,252.11570091924966,255.83558654785156,79550400
2019-03-22,254.47885365665272,254.99998322875308,250.8488249198276,250.91172790527344,122659300
2019-03-25,250.57027724900775,251.75633027368409,249.46511515748892,250.72303771972656,85575200
2019-03-26,252.4751069668256,253.54434787976425,251.190230044774,252.5919189453125,68125900
2019-03-27,252.58301106957472,253.16707116109836,249.7257232922533,251.27117919921875,72224700
2019-03-28,251.90013293967937,252.67284711720208,250.75002822896835,252.2235870361328,56238500
2019-03-29,253.73307081828966,254.13738835770084,252.6099208410579,253.81393432617188,82186800
2019-04-01,255.8087003800633,257.12053213515975,255.53912787981554,256.8240051269531,77617900
2019-04-02,257.0127320980904,257.1834531340026,256.1591269185293,256.9498291015625,40070400
2019-04-03,258.16281915464305,258.55817021900583,256.7521359213784,257.3541564941406,68243200
2019-04-04,257.6775238104194,258.28851073297454,256.9856733911128,258.03692626953125,48997500
2019-04-05,258.70191713096256,259.3398587189356,258.41438412036786,259.28594970703125,58621700
2019-04-08,258.8636614791043,259.59146060914446,258.2077318961907,259.483642578125,53566300
2019-04-09,258.52223568757904,258.84568980097356,257.60575494563386,258.1538391113281,66142300
2019-04-10,258.56711479989013,259.1242202855344,258.1538032388763,259.03436279296875,52601500
2019-04-11,259.5195414386195,259.528535413988,258.3963913438245,258.96246337890625,55093100
2019-04-12,260.5708636013834,260.99316920128797,259.0074471943866,260.7146301269531,69727800
2019-04-15,260.7864442960236,260.88529575789886,259.7441577724898,260.5438537597656,49596700
2019-04-16,261.42446877799716,261.4783777975032,260.12160349172586,260.7146301269531,52153200
2019-04-17,261.8287579409137,261.8557124477344,259.6633211574548,260.07666015625,58268300
2019-04-18,260.6606725944999,260.8583481027852,259.36680152584245,260.5887756347656,68708500
2019-04-22,259.8251565749306,260.96626761343117,259.7352990506445,260.8135070800781,40160100
2019-04-23,261.1817838739017,263.39216279015545,260.94818732275957,263.1585388183594,52246600
2019-04-24,263.07775411194496,263.41020222021825,262.4308184291265,262.5745849609375,50392900
2019-04-25,262.47565322395,263.06867970360906,261.2267247054764,262.4127502441406,57770900
2019-04-26,262.4578281031702,263.7067572659924,261.68508625985464,263.6348876953125,50916400
2019-04-29,263.72461115092415,264.56922213553327,263.6347536677554,264.0480651855469,57197700
2019-04-30,263.7066772500253,264.47042488251304,262.29602141570473,264.1828918457031,81111700
2019-05-01,264.8118402899683,265.0185097807534,262.1881495792361,262.1971435546875,71671900
2019-05-02,262.0803330426567,262.99684108288136,260.1395263594633,261.6310729980469,65030200
2019-05-03,263.10466237001356,264.4704030511326,261.7388942682371,264.1918640136719,56543700
2019-05-06,259.89692165063803,263.54491082051743,259.58243415240935,263.1046447753906,107198100
2019-05-07,260.70568437022655,261.29871111513995,256.8061091876135,258.7109680175781,144729900
2019-05-08,258.3515319824219,260.0587150102727,257.7585053140955,258.3515319824219,91568300
2019-05-09,256.28485571593546,258.1717256781386,254.5506913693155,257.5697326660156,103471100
2019-05-10,256.63536824121263,259.6184622709735,253.6522742114518,258.86370849609375,112429300
2019-05-13,253.76000792849115,254.7214034034117,251.52267468114528,252.35829162597656,127290500
2019-05-14,253.37358673566888,256.1679975405137,253.24780822384145,254.6405029296875,77003200
2019-05-15,253.01427522562122,256.77008271546595,252.80760572827901,256.13214111328125,73956400
2019-05-16,256.83298031022184,259.8609886388919,256.76111076781007,258.5042419433594,76749600
2019-05-17,256.2040601319123,259.3129323114473,256.1860721788903,256.8330078125,100353000
2019-05-20,255.2336049280397,256.94078755040437,254.3889938816998,255.13478088378906,62877600
2019-05-21,256.8241048435027,257.81248288684833,256.5725201979847,257.43511962890625,46847100
2019-05-22,256.48256008080267,257.59671617184193,256.1680725781415,256.644287109375,49482500
2019-05-23,254.42491861053117,254.46983364087836,252.09775517308566,253.50843811035156,98733800
2019-05-24,254.94612889767544,255.3594679586929,253.46357595804218,254.08355712890625,55268100
2019-05-28,254.3620954665406,255.31452474232293,251.7024831919406,251.72044372558594,70029400
2019-05-29,250.6062703090443,251.01058794348035,248.6295149162675,250.0312042236328,104972900
2019-05-30,250.7859350955703,251.6215796387543,249.6178699191781,250.7140655517578,62523800
2019-05-31,248.17124628444185,248.997869366568,247.30864730223772,247.33560180664062,86862800
2019-06-03,247.37151522416315,248.48567114243932,245.37679991910798,246.7066192626953,96428000
2019-06-04,248.99787195128627,252.1966011366948,248.54861192613726,252.06182861328125,77231900
2019-06-05,253.67925855764904,254.27228532636738,251.87325115634073,254.24533081054688,71169700
2019-06-06,254.5418581548276,256.57249566352033,253.8949223538339,255.8986053466797,69430400
2019-06-07,256.91383395209493,259.53752459010883,256.74311294719047,258.45928955078125,74272200
2019-06-10,260.00469666198643,261.307561473152,259.5554367161571,259.6452941894531,60799100
2019-06-11,261.46036226590786,261.8287588074491,258.93552290959707,259.58245849609375,58641300
2019-06-12,259.3488670961745,259.9059451972257,258.61207399835774,259.1242370605469,47096300
2019-06-13,260.03175438157257,260.5529114811726,259.33090968470435,260.1934814453125,48945200
2019-06-14,259.9059143066406,260.50790737500523,259.14216679214854,259.9059143066406,52324700
2019-06-17,260.13953327502185,260.7685083224592,259.83403972704474,260.0047607421875,39205700
2019-06-18,261.81977777473696,263.7785449569694,261.4603478082686,262.7272644042969,85434800
2019-06-19,262.8621193786363,263.85049725511794,261.89172945851396,263.32037353515625,78674400
2019-06-20,265.9979055853094,266.240496147716,263.3832087300726,265.8361511230469,116570000
2019-06-21,265.5671787539079,266.822182181022,265.23311368814433,265.4497985839844,83309500
2019-06-24,265.6574273212025,265.97341688825486,264.9712218644644,265.1247253417969,47582700
2019-06-25,265.1788214889388,265.2059070885623,262.4159801112717,262.5243225097656,82028700
2019-06-26,263.4182718416797,263.92388825683076,262.154230803802,262.2625732421875,51584900
2019-06-27,263.0210145283139,263.6981823651526,262.6418159699409,263.19256591796875,40355200
2019-06-28,264.16770987337895,265.043514825213,263.65308319144077,264.54693603515625,59350900
2019-07-01,267.86945491993043,268.08616730223594,265.7476574629136,266.9485168457031,78705600
2019-07-02,266.90333077615117,267.6978784773819,266.0636495912675,267.6437072753906,61504500
2019-07-03,268.32101309088887,269.8017668522389,268.17654729314495,269.78369140625,40898900
2019-07-05,268.5557157881623,269.63919526156394,267.26458916274504,269.4766540527344,51677300
2019-07-08,268.1674009349462,269.2960135747465,267.454110031467,267.995849609375,45841800
2019-07-09,266.84019265047795,268.6278977139199,266.7860214397084,268.3299560546875,41101300
2019-07-10,269.39528421197224,270.5600200241594,268.8625824197976,269.6119689941406,58448500
2019-07-11,270.2530867910683,270.48781949375126,269.2418542299152,270.2440490722656,50826100
2019-07-12,270.731586921279,271.5261345736811,270.42460761085414,271.4538879394531,40326000
2019-07-15,271.88735320178154,271.88735320178154,271.03863413807807,271.54425048828125,33900000
2019-07-16,271.45393658906914,271.6616112571717,270.3614471482306,270.6684265136719,36650100
2019-07-17,270.6414485026358,270.8039621923549,268.8266296386719,268.8266296386719,36036300
2019-07-18,268.32988263092403,270.1898338357982,267.887475346022,269.81060791015625,51392600
2019-07-19,270.90314927048956,270.93023487092404,268.14030781010166,268.3118591308594,58678600
2019-07-22,268.7091319171699,269.5127173993327,268.19450545816716,268.9709777832031,43638100
2019-07-23,270.09063745855633,270.8941955566406,269.25996619761105,270.8941955566406,44564500
2019-07-24,270.1357029970052,272.1672058105469,270.04540847226593,272.1672058105469,47213200
2019-07-25,271.71578443902234,271.76995564778645,270.0634799096485,270.8670654296875,55394100
2019-07-26,271.55327198811625,272.88052171662747,271.4268541311043,272.681884765625,45084100
2019-07-29,272.56443710470654,272.6818172131321,271.6344615085866,272.1852111816406,38126500
2019-07-30,270.7858119974368,271.9234625037329,270.4065859773304,271.51715087890625,45849000
2019-07-31,271.7609178303265,271.9505446149553,266.5332033083149,268.546630859375,104245200
2019-08-01,268.7000847236065,271.65252527131696,265.41355171160745,266.2080993652344,142646600
2019-08-02,265.31426961081803,265.55804002591907,262.6507327117384,264.2037048339844,116749700
2019-08-05,260.1136939331715,260.22203637331984,254.36228645172406,256.25836181640625,178745400
2019-08-06,258.1453886890081,260.0685495834864,256.67367297899784,259.8518371582031,120711700
2019-08-07,256.78201534695285,260.7728029003708,254.65120730275834,260.0053405761719,140572300
2019-08-08,261.4949771448628,265.1065368652344,260.9442275134328,265.1065368652344,87713900
2019-08-09,264.1676704197368,264.7635814112252,261.5222080674551,263.3009033203125,93730000
2019-08-12,261.80205988649254,263.2918233491414,259.1475602385619,260.0956115722656,65527600
2019-08-13,259.79760350315723,265.58513268360247,259.4545008367751,264.1405029296875,94299800
2019-08-14,260.0956003464888,260.70052138237736,256.204145582048,256.3305358886719,135622100
2019-08-15,257.2153345533102,257.901539842479,254.96714703508582,257.0076599121094,99556600
2019-08-16,258.6599596100818,261.23317429061143,257.06182653655287,260.7998046875,83018300
2019-08-19,263.81550422440336,264.6190622184229,263.13833653723043,263.94189453125,53571800
2019-08-20,263.43628262555785,263.9689845752752,261.7930432847781,261.91943359375,51596400
2019-08-21,264.077348056287,264.4204232030708,263.39114265467236,264.0502624511719,49524700
2019-08-22,264.7545624531943,265.3865692020705,262.19936718570995,263.9690246582031,51666400
2019-08-23,262.6688127245855,264.3301272824833,255.94227013252467,257.1882629394531,149161500
2019-08-26,259.3733202614595,260.0324401855469,257.84743325188174,260.0324401855469,72423800
2019-08-27,261.42287531434596,261.7930636581838,258.2537214211673,259.01214599609375,66668900
2019-08-28,258.3530199208042,260.99848164367427,257.5494344017355,260.8359680175781,59696700
2019-08-29,263.3911606210267,264.6913248632864,262.3889380553566,264.1676330566406,57899400
2019-08-30,265.64836826101157,265.66641614641384,263.12028660352104,264.0502624511719,62901200
2019-09-03,262.35278021837604,263.2646804730789,261.1790065682752,262.5062561035156,69101400
2019-09-04,264.6732746057014,265.5039182477998,263.9238602297381,265.4858703613281,46887300
2019-09-05,267.96879736456265,269.8106735830968,265.44972592383255,268.8987731933594,83258100
2019-09-06,269.21478476498777,269.7474866798832,268.53761711069353,269.1064147949219,49584300
2019-09-09,270.09057074583126,270.1808377169626,268.3028383422982,269.2418518066406,51260300
2019-09-10,268.48337640040836,269.24182830225595,267.22837353862485,269.1786193847656,57947100
2019-09-11,269.4856603743414,271.1740607730114,268.83557827685104,271.0928039550781,68821100
2019-09-12,271.9956454793237,273.0881347966629,271.2372210938471,272.0317687988281,72908700
2019-09-13,272.4741315317824,272.8262718427624,271.48094706313816,271.85113525390625,62104800
2019-09-16,270.72254318691955,271.8963167578884,270.3704304034408,271.011474609375,58191200
2019-09-17,270.8128810983628,271.78799036288956,270.6413297609149,271.6977233886719,41475500
2019-09-18,271.30945217296875,271.968571901471,269.27794933684083,271.8602294921875,73375800
2019-09-19,272.24844412507855,273.2416287217111,271.5080676481326,271.8421325683594,76560500
2019-09-20,272.44450325727587,272.7257172981861,269.7686931121249,270.5578308105469,89565000
2019-09-23,269.89563042755236,271.21087820036234,269.64165479267564,270.4942932128906,43476800
2019-09-24,271.5827026529989,271.97273161522907,267.41022319495477,268.3717041015625,94869400
2019-09-25,268.4534446997761,270.4036179808236,266.97493260928337,269.95916748046875,71854000
2019-09-26,269.9682111328825,270.17681716965757,267.99082742388725,269.3967590332031,56179700
2019-09-27,270.1496138053091,270.2584842358922,266.394400547626,267.9454650878906,84746600
2019-09-30,268.4625040639401,269.8956464426555,268.41716214409126,269.1881408691406,51662400
2019-10-01,270.06800612770223,270.72109036382295,265.76855105398255,265.9862365722656,88242400
2019-10-02,264.40782326798495,264.4169027202674,259.9995277348085,261.28753662109375,122539500
2019-10-03,261.06090402575535,263.45555541593865,258.34880381994094,263.4283447265625,85278800
2019-10-04,264.0813577711008,267.2469870674191,264.026908725754,266.9930114746094,65091200
2019-10-07,266.1947699330452,267.81841429468926,265.55981716913095,265.84100341796875,59610500
2019-10-08,263.9906876592985,264.7254038708757,261.67766859806807,261.7139587402344,95708100
2019-10-09,263.72761868689645,265.13355020756165,263.10174525349936,264.19927978515625,62359400
2019-10-10,264.1176953902786,266.8660857836884,263.9544312515663,265.9862365722656,55296300
2019-10-11,268.7346339216523,270.97507304287916,268.6167393837116,268.74371337890625,98720400
2019-10-14,268.42632960460924,269.0975730040427,268.09980120592405,268.4444885253906,40394800
2019-10-15,269.4874550292948,271.8458158960156,269.36953283376874,271.1020202636719,46754500
2019-10-16,270.6393542620805,271.3559390593394,270.23119407219434,270.66656494140625,48928200
2019-10-17,271.82778435105416,272.3357358303483,270.7755912350077,271.4649658203125,45736600
2019-10-18,270.92966490395844,271.57366954233504,269.42394247522446,270.2765808105469,64304000
2019-10-21,271.5918531611871,272.30841046123777,271.15645449887944,272.1088562011719,39048600
2019-10-22,272.6440029315517,272.9342686902184,271.1292286758053,271.2199401855469,48594700
2019-10-23,270.9659810160959,272.0635156111766,270.7573472991516,272.00909423828125,34352200
2019-10-24,272.9434028694703,273.08853577790205,271.62815491768134,272.4535827636719,35453100
2019-10-25,271.8820684135941,274.1134552290327,271.82764704553614,273.5692138671875,45205400
2019-10-28,274.7847388004007,275.6101666626339,274.75752810961376,275.11126708984375,42147000
2019-10-29,274.8390967416614,275.9547901689378,274.7120950931229,275.0295715332031,44284900
2019-10-30,275.22916703094626,276.24506964645207,273.92299861636155,275.8731994628906,49643900
2019-10-31,275.864092158819,275.864092158819,273.68715424802167,275.138427734375,69053800
2019-11-01,276.58064197385863,277.73259776958525,276.41735019832123,277.687255859375,71141500
2019-11-04,279.23837720396307,279.374430643672,278.43108065957426,278.802978515625,60606900
2019-11-05,279.0024274222912,279.3017725578726,278.2042106357529,278.4944763183594,42933200
2019-11-06,278.4945741205653,278.8301818233875,277.6147249920431,278.5580749511719,46487100
2019-11-07,279.89148638265715,280.8710989172841,279.06605853304166,279.5377197265625,54272300
2019-11-08,279.1930197495144,280.2815026770793,278.4945936077772,280.2270812988281,49032100
2019-11-11,278.8483051362286,279.8642075711623,278.71222403622494,279.6918640136719,35797300
2019-11-12,280.0546986848405,281.1794439203386,279.5104572968919,280.2814636230469,46484600
2019-11-13,279.2927585959564,280.77127035209,279.0659936684823,280.3721618652344,53917700
2019-11-14,280.090987886083,280.8619942096514,279.45603498872856,280.78033447265625,51219900
2019-11-15,282.1137105902836,282.8575062211695,281.4243640106054,282.8121643066406,62023600
2019-11-18,282.5762710973889,283.25656578539156,282.1227413053871,283.0207214355469,49228000
2019-11-19,283.61947336896316,283.6285528256652,282.2951737101685,282.9391784667969,67804700
2019-11-20,282.3496028123388,282.86663359563494,280.3359287395858,281.8869934082031,79406200
2019-11-21,281.99581092576324,282.1046536636578,280.635221339549,281.43341064453125,54664700
2019-11-22,282.1772178522817,282.31327128023827,281.05247260615073,282.0592956542969,44850200
2019-11-25,282.98453205746335,284.2453308105469,282.98453205746335,284.2453308105469,48647200
2019-11-26,284.2816591210013,285.0707968398084,283.9641826057425,284.8893737792969,37569000
2019-11-27,285.36998413020297,286.1591491699219,285.1522987020101,286.1591491699219,44444600
2019-11-29,285.59686381058185,285.8417876970087,284.87122697075444,285.0979919433594,36592700
2019-12-02,285.3519882399865,285.41548908041284,282.24985869193915,282.6761779785156,75767800
2019-12-03,279.9639862341054,280.8619942096514,278.5852653796921,280.78033447265625,73941700
2019-12-04,281.82347080730165,283.1114801298138,281.4787836789131,282.5128173828125,49080000
2019-12-05,283.21122387869605,283.2293551051219,281.71455342008073,283.0207214355469,40709000
2019-12-06,284.9256316357635,286.0050350565463,284.9165521793852,285.6059265136719,48927000
2019-12-09,285.21586750080536,285.88708285190785,284.63533597889335,284.7079162597656,34838500
2019-12-10,284.65358860982013,285.3157247235004,283.73744911072475,284.3905334472656,52649800
2019-12-11,284.8440177776958,285.4517600872291,284.3088557612892,285.1977844238281,53429100
2019-12-12,285.20675069859516,288.4358807429049,284.97093401980595,287.65582275390625,96389600
2019-12-13,287.42005905278955,289.0527834416107,286.6490526203965,287.8282470703125,81503900
2019-12-16,289.55159690245364,290.3951557751756,287.76468819631657,289.8055725097656,82749700
2019-12-17,290.1865254751517,290.4858429696505,289.78741702831144,289.8690490722656,61097700
2019-12-18,290.2591659445252,290.48593091791935,289.83284668729334,289.88726806640625,48133000
2019-12-19,290.07769870351285,291.1480502526444,289.8237230792523,291.0754699707031,85310500
2019-12-20,292.10552598899403,293.4819293110863,291.1302212825293,292.3516540527344,147142100
2019-12-23,293.13553655427705,293.1902254958816,292.6524323585263,292.79827880859375,52990000
2019-12-24,293.02618987174196,293.071754722142,292.50661705381003,292.80743408203125,20270000
2019-12-26,293.1901602146185,294.37515192605576,293.1810639379538,294.36602783203125,30911200
2019-12-27,295.0952628094436,295.149951744562,293.7644523592922,294.2931213378906,42528800
2019-12-30,294.37528043451204,294.51200281776664,292.18761103295026,292.67071533203125,49729100
2019-12-31,292.1693441370268,293.62778090007464,291.82296227634913,293.38165283203125,57077300
2020-01-02,294.91293581934144,296.1434923281095,293.99229250686125,296.125244140625,59151200
2020-01-03,292.74353546966336,295.00411329960116,292.68884653822107,293.8829345703125,77709700
2020-01-06,292.13278160099514,295.0861227459739,292.0142796533682,295.00408935546875,55653900
2020-01-07,294.4389421396399,294.9129499592201,293.72795822762987,294.17462158203125,40496400
2020-01-08,294.3660590478099,296.95477064555246,294.11995883928836,295.7424621582031,68296000
2020-01-09,297.3011061918994,297.82067881308217,296.71772055042567,297.74774169921875,48473300
2020-01-10,298.33111551766575,298.4860581981078,296.4260437995196,296.8908996582031,53029300
2020-01-13,297.510801872737,298.94186605271307,297.082386683004,298.9327697753906,47086800
2020-01-14,298.49524063629786,299.54348231822837,297.9209789989077,298.4770202636719,62832800
2020-01-15,298.38596866323246,299.9081909299412,298.3039352312577,299.1516418457031,72056600
2020-01-16,300.52792945323296,301.6399841308594,300.30004962435345,301.6399841308594,54050300
2020-01-17,302.3509165966451,302.7884279904779,301.5761197469233,302.57879638671875,95846000
2020-01-21,301.62175645504635,302.7885001455664,301.5488471444855,301.9863586425781,77742400
2020-01-22,302.84315842409643,303.49035714511143,301.867853930092,302.0227966308594,48914900
2020-01-23,301.3756489009387,302.77939649699647,300.2635941747511,302.36920166015625,51963000
2020-01-24,303.0254945486543,303.1075279519649,298.39496067890184,299.6802062988281,87578400
2020-01-27,294.44811064824233,296.35318285602233,294.1108529210448,294.87652587890625,84062500
2020-01-28,296.29842651664376,298.84157285281924,294.96761628432836,297.9665222167969,63834000
2020-01-29,299.32474201380455,299.5526218615138,297.5199236056963,297.720458984375,53888900
2020-01-30,295.66042488337473,298.89633550564963,294.9130001022843,298.6866760253906,75491800
2020-01-31,298.06678837146853,298.22175888029057,292.3515728105219,293.2630920410156,113845600
2020-02-03,294.73972960780577,297.30109625380913,294.6212276647578,295.44158935546875,69083000
2020-02-04,299.0421238964606,300.8104734483571,298.723086598825,299.94451904296875,62573200
2020-02-05,302.870532103236,303.6179846653886,301.41212336008243,303.4083251953125,65951100
2020-02-06,304.365386197161,304.6206104661579,303.3535853975724,304.42919921875,50359700
2020-02-07,303.3719308599242,304.4383931119409,302.25987594185665,302.8067932128906,64139400
2020-02-10,301.9226265793127,305.13116533874893,301.88615800893024,305.0673522949219,42070000
2020-02-11,306.41630901268127,307.20020220152,305.06725053223005,305.595947265625,54864500
2020-02-12,307.0269985310537,307.77445094789596,306.66239641614675,307.5648193359375,43992700
2020-02-13,306.14282963542433,308.2028719590965,305.86938499837,307.2366638183594,54501900
2020-02-14,307.64693997585454,307.84747536853007,306.4528517159032,307.7289733886719,64582200
2020-02-18,306.73543871652276,307.7928046845001,305.5504466650149,306.93597412109375,57226200
2020-02-19,307.902056949455,309.07789660720476,307.61948824248975,308.40338134765625,48814700
2020-02-20,307.8565854998732,308.6769752996938,304.1558185736376,307.1365051269531,74163400
2020-02-21,305.78739481387316,306.09730805211063,303.1530905628107,303.9734802246094,113788200
2020-02-24,294.5483849080448,304.0464012409805,292.8164758374308,293.89208984375,161088400
2020-02-25,295.27757219253857,295.8882745622072,284.1114604678439,284.98651123046875,218913200
2020-02-26,286.3811587759355,289.9634233462724,283.2090890630601,283.93829345703125,194773800
2020-02-27,278.43268874388383,283.9929622601153,271.1861267089844,271.1861267089844,284353500
2020-02-28,263.155638584235,271.5325033532073,260.27523419743306,270.0467224121094,384975800
2020-03-02,271.8241810091955,281.80532914475464,268.40598340350584,281.74151611328125,238703600
2020-03-03,282.11520716459734,286.07119736155244,271.24078921564694,273.6745300292969,300139100
2020-03-04,279.03437582366234,285.39679265326794,276.4912283478598,285.1780090332031,176613400
2020-03-05,277.9951665598652,281.1763600202487,273.4649145191371,275.6981201171875,186366800
2020-03-06,267.21185726562237,272.343714991951,264.5502366862195,271.1405029296875,228667200
2020-03-09,250.9413541003291,259.0447773214312,249.2550649642147,249.96604919433594,309417300
2020-03-10,259.4548490211814,262.9915202948296,249.3005113667445,262.900390625,276444100
2020-03-11,255.86349945004477,256.9937745724308,246.91237251975267,250.08444213867188,255316300
2020-03-12,233.3489613279396,243.06576125881952,225.76511340861424,226.15707397460938,392220700
2020-03-13,239.81164146550884,247.4593027706441,226.5308107156286,245.49041748046875,329566100
2020-03-16,219.84020754106757,234.1692913616769,216.35821121478764,218.62789916992188,297240000
2020-03-17,223.35869921057358,233.50392810842425,216.09390266325667,230.43209838867188,262070500
2020-03-18,215.34643578529358,226.39404531004064,207.84463580030425,218.76463317871094,327597100
2020-03-19,218.08101328487268,225.49167035009614,211.67303310856974,219.22952270507812,289322000
2020-03-20,222.3707310405341,224.14947908525951,209.50691583930976,209.781982421875,347158800
2020-03-23,209.22269612416616,210.58883736917826,200.11807712080454,204.41824340820312,326025200
2020-03-24,214.93484144271505,223.81024024329707,214.3663807599711,222.93919372558594,235494500
2020-03-25,224.5162352253458,235.04201992086357,219.82181757105965,226.27664184570312,299430300
2020-03-26,228.77970462542717,240.95584543670577,228.34877027705872,239.48886108398438,257632800
2020-03-27,232.21804924789328,239.13131375893414,230.18257586335054,232.35557556152344,224341200
2020-03-30,234.44601489405457,240.61660815727984,232.45638865585167,239.9014434814453,171369500
2020-03-31,238.90205096760556,241.4417963725967,234.9227984498402,236.32562255859375,194881100
2020-04-01,227.36774076850008,236.24314028710725,223.62687128450554,225.68984985351562,189554600
2020-04-02,224.80964222485147,231.67705936295383,224.25950903784965,230.89772033691406,177660400
2020-04-03,229.91661387304282,232.26383628227046,224.83710946592205,227.56024169921875,135561200
2020-04-06,236.40815247528656,244.80677011871967,227.54193143111638,242.84463500976562,188061200
2020-04-07,251.41750778727922,252.16935565660157,242.87221252313967,243.09225463867188,201427200
2020-04-08,245.6869771638037,253.0586948036147,243.20224201687972,251.25244140625,153774500
2020-04-09,254.50739317768844,257.8265203918572,252.5727909100661,255.0758819580078,189999200
2020-04-13,254.10393966346695,254.443180523553,248.8502112627236,252.7469482421875,114839100
2020-04-14,257.6248038351175,261.2189556921162,252.60947200950213,260.20123291015625,134143400
2020-04-15,254.49821499657006,260.3387321420968,252.5635849639978,254.67242431640625,121775000
2020-04-16,255.9468947921866,256.7537531911925,252.83868798344852,255.90106201171875,131798300
2020-04-17,261.658962878332,263.4193550866855,258.9266530783905,262.8142395019531,146684800
2020-04-20,259.1192277447229,262.95180422099605,257.9639789331066,258.18402099609375,100109300
2020-04-21,253.7279514857345,254.92906081178347,249.40943098152397,250.34466552734375,126385700
2020-04-22,255.21340241905787,257.64312738360485,253.89309376267377,255.90106201171875,92951600
2020-04-23,257.1754630685727,260.3387078110824,255.5801020580558,255.88265991210938,104709700
2020-04-24,257.39554010912246,260.1186727932332,255.35088916404356,259.4493408203125,85063200
2020-04-27,261.42067588061485,264.30884067979105,260.9622361353189,263.19024658203125,77896600
2020-04-28,266.83019054311086,267.1786091367333,261.6773336103177,261.97991943359375,105270000
2020-04-29,267.2978148114988,270.36936598916276,266.27091449702925,268.8381652832031,118745600
2020-04-30,267.4628265283742,268.9390166066362,264.6021678699744,266.3350830078125,122901700
2020-05-01,261.5948274910563,266.5001372793607,258.1198471539412,259.2843017578125,125180000
2020-05-04,257.4046063601868,260.3019474125354,255.92844457319435,259.9993896484375,80873200
2020-05-05,262.81437091102384,265.2074131354292,260.1278925305998,262.4017639160156,79569900
2020-05-06,264.097843121118,264.4829166436481,260.19192950703405,260.62286376953125,73632600
2020-05-07,263.83194948008304,265.6932128523996,263.26348893990684,263.76776123046875,75250400
2020-05-08,266.89437904014466,268.5997890049133,265.7666074831052,268.1321716308594,76452400
2020-05-11,266.2067321816507,269.56251377203523,265.7849755389823,268.18719482421875,79514200
2020-05-12,269.36994163003214,269.78252047171196,262.70421209592996,262.8417663574219,95870800
2020-05-13,262.2823874742414,263.31846515392783,255.7725414006731,258.193115234375,144721100
2020-05-14,255.76356766017756,261.41152119733994,250.29894526780333,261.2831726074219,121977900
2020-05-15,258.8992207520091,262.5300551877956,257.95483612918537,262.4842224121094,111146300
2020-05-18,268.69135349682705,272.08381665763204,268.3704682629303,270.4792785644531,119703800
2020-05-19,269.88340997902395,271.58879193513707,267.6829053984864,267.70123291015625,95189300
2020-05-20,271.23127021904025,273.1108617924765,271.00205036955106,272.2489929199219,85861700
2020-05-21,272.1205969507901,272.9274551573874,269.2782657160711,270.3693542480469,78293900
2020-05-22,270.08516244349306,271.0570523361643,268.8473696991475,270.8828430175781,63958200
2020-05-26,276.83335693039163,277.07175449936034,270.90114681308035,274.2202453613281,88951400
2020-05-27,277.0075509205538,278.3370370080894,272.1939349208289,278.30035400390625,104817400
2020-05-28,279.3273381718324,281.3353065447308,277.11765518674065,277.7869873046875,90405200
2020-05-29,277.3192788350179,279.6114768667384,274.57781894297864,279.0246887207031,119090800
2020-06-01,278.38292576798335,280.7576401144218,277.8694755298853,280.1524963378906,55758300
2020-06-02,281.0692526334309,282.51793715561183,279.7397948418293,282.4720764160156,74267200
2020-06-03,284.45263612777273,287.18494662104723,284.1775835194625,286.23138427734375,92567600
2020-06-04,285.2502723891811,286.98318749531984,283.3890087460685,285.4794921875,75794400
2020-06-05,290.86163222663976,294.56580447547407,290.79744395981476,292.7962341308594,150524700
2020-06-08,293.60304767799335,296.5278944562294,293.06209232772414,296.3353576660156,73641200
2020-06-09,293.6764120455833,296.408722278723,292.8145433136846,294.1257019042969,77479200
2020-06-10,294.70338803982554,295.5927621739855,291.7693627776029,292.4845275878906,95000800
2020-06-11,285.5712235543959,286.20387252008595,275.0729721884442,275.6230773925781,209243600
2020-06-12,282.61891221793167,283.3890875968667,273.78020888553783,278.92388916015625,194678900
2020-06-15,273.2483818586524,282.65557322051234,272.0747773753375,281.5278015136719,135782700
2020-06-16,289.25708690915724,289.4037909524716,282.0962619316776,286.946533203125,137627500
2020-06-17,287.9643521488298,288.25776030514066,285.021148798676,285.7546691894531,83398900
2020-06-18,284.2417880969982,286.3414217497539,283.7833484028866,285.8646545410156,80828700
2020-06-19,289.32364222607004,289.5170263493881,282.2878438676283,284.2309875488281,135549600
2020-06-22,283.6323430698322,286.4503381503588,282.49041850503755,286.0543518066406,74649400
2020-06-23,288.6973956071107,289.627527981212,286.9660723422408,287.37127685546875,68471200
2020-06-24,285.3359965817493,285.95302134093265,278.2081310603143,280.0407409667969,132813500
2020-06-25,279.46981736237365,283.3100417218154,277.45301313177083,283.04296875,89468000
2020-06-26,281.94711324330086,282.15893364058905,275.7401601235611,276.3203125,127961000
2020-06-29,277.5727838921979,280.5196928041572,275.28890629956817,280.3815612792969,79773300
2020-06-30,279.94872310498295,285.66762102118946,279.7921834155964,283.9731140136719,113394800
2020-07-01,285.08739818187286,287.22392574002134,284.62694111006857,285.9622497558594,72396500
2020-07-02,289.38806675534465,290.7326217108491,286.8739889973159,287.53704833984375,69344200
2020-07-06,291.3496151795207,292.55601050927066,290.6036769406393,291.975830078125,61713800
2020-07-07,290.43791531370204,292.408657022588,288.5868688394488,288.9644470214844,82910000
2020-07-08,289.7287492933504,291.2850962513282,287.96982822881216,291.1745910644531,54638600
2020-07-09,291.7824392568342,292.0218859318801,286.109604655345,289.5169982910156,83354200
2020-07-10,289.4525470058198,292.74021752489676,288.02514120267125,292.47314453125,57550400
2020-07-13,294.8122566026346,297.18820278628755,289.2867716039281,289.94061279296875,102997500
2020-07-14,288.5223761645233,294.47150148289853,287.3251990766644,293.69793701171875,93657000
2020-07-15,296.9118887955538,297.49206911744704,294.0202053194717,296.39617919921875,87196500
2020-07-16,294.49906899438264,295.8712217355854,293.8544180117162,295.41998291015625,54622500
2020-07-17,296.42389995374253,297.059333070297,294.45312985797676,296.27655029296875,62774900
2020-07-20,296.00938243299004,299.4167754994566,295.26344433587724,298.67083740234375,56308800
2020-07-21,300.63245415579655,301.0744749886083,298.32095050262376,299.30633544921875,57292200
2020-07-22,298.94711028029644,301.323084234717,298.8366050924752,301.00994873046875,57792900
2020-07-23,300.65075163114295,301.3506551641714,296.0554004228012,297.4183349609375,75738000
2020-07-24,295.56743094562876,296.5251615020732,294.0018655257891,295.5029602050781,73766600
2020-07-27,296.19361733148213,297.83284336537673,295.4016165623497,297.6578674316406,48293000
2020-07-28,296.9303522871835,298.04467867981947,295.47532024869815,295.77001953125,57495000
2020-07-29,296.6447899546174,299.9693038484055,296.6079455283643,299.40753173828125,48454200
2020-07-30,296.44227447076116,298.7537780991364,294.36102749576685,298.33935546875,61861700
2020-07-31,300.12596755695097,300.798245119707,295.9173824216007,300.6969299316406,84986800
2020-08-03,302.3545227663099,303.5516998495723,301.8111868221174,302.787353515625,53077900
2020-08-04,301.930856580021,303.9568786621094,301.930856580021,303.9568786621094,41917900
2020-08-05,305.2553866917395,306.1026399985558,304.988313743364,305.8447570800781,42697700
2020-08-06,305.264638297825,308.00894452980793,304.942312718452,307.88922119140625,43679400
2020-08-07,306.922272863609,308.3957411535914,306.0197668612782,308.1102600097656,57308300
2020-08-10,308.56139183848416,309.2152328018001,306.62746713576945,309.03106689453125,44282100
2020-08-11,310.20997475019243,310.8454078392464,305.75275309496504,306.4802551269531,69601100
2020-08-12,308.91134611605884,311.5267380947055,308.88371982454026,310.753173828125,53774400
2020-08-13,309.9888955675153,311.4992082489788,309.2705836615696,310.1914978027344,41816100
2020-08-14,309.80478873517694,310.7349211885929,309.0772585556513,310.2007751464844,47260400
2020-08-17,311.2136919707807,311.5820519648369,310.2098990427494,311.1860656738281,35481000
2020-08-18,311.58207682428633,312.281980541681,309.98888529540005,311.8583679199219,38733900
2020-08-19,312.23597917424223,312.7516889289628,309.998164191715,310.5599365234375,68054200
2020-08-20,308.83780388433297,312.005751301336,308.70889049740055,311.5268859863281,42207800
2020-08-21,311.1953341258538,312.85296841916903,310.85457226958493,312.6319580078125,55106600
2020-08-24,315.0631784958775,315.8735875319697,312.60435318835533,315.7999267578125,48588700
2020-08-25,316.3616627587458,316.9878776871024,315.2013018413242,316.9049987792969,38463400
2020-08-26,317.49441695300277,320.3492287448196,316.95108089894495,320.0821838378906,50790200
2020-08-27,320.947737778554,322.2277935871301,319.1243179942383,320.7819519042969,58034100
2020-08-28,321.80426786042483,322.9830369399693,320.616280645361,322.8540954589844,48588900
2020-08-31,322.64226783208227,323.51711938437126,321.4542807471516,321.68450927734375,66099200
2020-09-01,322.51332671022755,324.8156120146118,321.6200388879637,324.7143249511719,54908700
2020-09-02,326.6206116646277,330.3779287745175,325.47865908576307,329.4109802246094,69540000
2020-09-03,327.72571683022153,328.19539204398836,315.4959779391516,318.0745544433594,148011100
2020-09-04,318.7560217314167,320.32155893623025,308.3865193279406,315.4775695800781,139156300
2020-09-08,310.0810183653904,315.54206103531834,306.5539292774732,306.8578186035156,114465300
2020-09-09,310.8545829924272,315.37627517454166,309.98892137932586,312.9174499511719,91462300
2020-09-10,314.78688177765224,315.4407229555937,306.5262807206502,307.4840393066406,90569500
2020-09-11,309.26141246287096,310.32045816888535,304.8225992871863,307.6405944824219,84680200
2020-09-14,310.79936944297793,313.4608253569491,307.78798968967357,311.6926574707031,65605700
2020-09-15,314.1422160421619,314.97103311859536,311.70179927663685,313.2673645019531,52920900
2020-09-16,314.50146223868563,315.9288682104032,311.7479092776505,312.0242004394531,82096000
2020-09-17,307.1801021515254,310.99269998077335,306.6551743743273,309.27978515625,91523300
2020-09-18,310.0832931282361,310.19424068358853,303.2412544546544,305.71917724609375,105877900
2020-09-21,301.142417821237,302.4645898682485,297.4717524188794,302.316650390625,99450800
2020-09-22,303.7960278580259,305.9503348545205,301.2903399000604,305.39556884765625,63612100
2020-09-23,305.95029107636867,306.2276881483939,297.8138181951708,298.3131103515625,93112200
2020-09-24,297.0001882528296,302.1594468796686,295.6872430633771,299.1082763671875,76681300
2020-09-25,298.2576833289289,304.7298882709884,297.38858462452924,303.9440002441406,71069400
2020-09-28,308.09538490645014,309.70418077413325,307.10605558287943,308.99224853515625,64584600
2020-09-29,308.78884527571864,309.52851442541044,306.616028350716,307.3094787597656,51304000
2020-09-30,307.97519790754353,312.78313211808506,307.781039690102,309.6394958496094,104081100
2020-10-01,312.22833451482296,313.1991537202758,309.75041203082435,311.6273498535156,88698700
2020-10-02,306.6900399805022,311.5996670640401,306.2184846303253,308.6686706542969,89431100
2020-10-05,310.72123983393703,314.32717611812427,310.67502109585257,314.14227294921875,45713100
2020-10-06,314.2809115493329,316.37051739087525,309.1678726905185,309.6763916015625,90128900
2020-10-07,312.6259052380061,315.87126190492677,312.598168352672,315.0668640136719,56999600
2020-10-08,316.99932011187576,317.9239207082548,316.08394633419226,317.85919189453125,45242500
2020-10-09,319.5049503113114,321.15999312657567,318.8854837702439,320.69769287109375,59528600
2020-10-12,323.23107167134015,327.3270449402805,322.74103455582997,325.85693359375,80388500
2020-10-13,325.7183547415233,325.89403114332345,322.76887605855313,323.73046875,73255500
2020-10-14,324.30363883511666,325.39466069842285,320.96584443553525,321.6962585449219,57727900
2020-10-15,317.7944015372411,321.77942707857534,317.2581457104829,321.29864501953125,60357700
2020-10-16,322.6486204375523,324.30366342738694,320.9288768497177,321.10455322265625,89501900
2020-10-19,322.36198948401005,322.9907111121093,315.3257925506402,316.22265625,68425600
2020-10-20,317.5633049958053,320.7254513716909,316.8051539703146,317.4893493652344,60051900
2020-10-21,317.443073902537,319.6066638803036,316.5832022185799,316.8883361816406,63575000
2020-10-22,317.1009408833877,319.2090286374741,314.9651162463488,318.62652587890625,55399300
2020-10-23,319.84699739967823,319.902471164237,317.2581276650549,319.70831298828125,49143900
2020-10-26,316.3336287158571,317.11954492115404,310.31446938243005,313.80023193359375,91473000
2020-10-27,314.142337779827,314.4751804824875,312.5057765086921,312.71844482421875,65994100
2020-10-28,307.059827691063,312.7461150486337,301.5399616493468,302.0299987792969,127094300
2020-10-29,302.2612006889962,308.26184985459844,300.5784207406355,305.0997314453125,90597700
2020-10-30,303.5278632885841,304.8315534323046,298.27613900813606,301.9190673828125,120287300
2020-11-02,305.3031005859375,307.30021286282704,302.56626275236454,305.3031005859375,86068300
2020-11-03,308.5300107397287,312.7461876866935,305.38637399387943,310.6935729980469,93294200
2020-11-04,315.15928696801785,321.70547377095147,313.9850545875487,317.6372375488281,126959700
2020-11-05,322.907491721787,325.63507467035436,322.55613899305547,323.83209228515625,82039700
2020-11-06,323.54551039577217,325.0063952769409,321.4374219661164,323.7581787109375,74973000
2020-11-09,336.52684917649657,336.9059387720614,327.36405472488747,327.82635498046875,172304200
2020-11-10,326.83706430106344,328.39964160698554,324.08177251066513,327.3456115722656,85552000
2020-11-11,329.5276530081711,330.6001931058199,328.28869157206935,329.7773132324219,58649000
2020-11-12,328.7693928828868,329.82345086701974,324.7751406594177,326.5780944824219,67546200
2020-11-13,328.48285175165734,331.8391565132532,327.965077662347,331.0994873046875,62892200
2020-11-16,333.76234079790987,335.4266106214588,332.4771323966517,335.2324523925781,74541100
2020-11-17,332.82848911220765,334.63147162301595,331.3213855742676,333.4294738769531,66111000
2020-11-18,333.69759212727365,334.2431030727179,329.3796950886092,329.41668701171875,70591300
2020-11-19,328.7880270716397,331.17348455309883,327.4473447190055,330.80364990234375,59940900
2020-11-20,330.5447565683479,330.7481698548991,328.46440495358206,328.5383605957031,70417300
2020-11-23,330.34129961206247,331.7651924296882,328.1130087910506,330.5077209472656,63230600
2020-11-24,333.0504084548386,336.3789766002486,332.1997916166957,335.8334655761719,62415900
2020-11-25,335.75020670349176,335.77794359169803,334.2246214190069,335.3156433105469,45330900
2020-11-27,336.4065864235232,336.72094715510167,335.241580958537,336.2494201660156,28514100
2020-11-30,335.47279650501997,335.7409385582566,332.08878340971694,334.7608642578125,83872700
2020-12-01,338.00618794494244,339.9570813197066,337.4144301223281,338.4222412109375,74231400
2020-12-02,337.3127825968703,339.2914131198718,336.73953476512753,339.1342468261719,45927000
2020-12-03,339.03252352963375,340.4286793920205,337.94150165059074,339.0417785644531,62882000
2020-12-04,339.62420221979386,341.96343994140625,339.53173654287355,341.96343994140625,50749900
2020-12-07,341.1961049259402,341.75087093197277,339.9941354266788,341.2608337402344,48944300
2020-12-08,339.99402582385153,342.82330050432506,339.9478070951528,342.2593078613281,42458900
2020-12-09,342.91592869063794,343.0730950159463,338.357653791489,339.1897888183594,74098300
2020-12-10,337.82129446332254,340.1235407764272,336.952167699225,339.0787658691406,57735400
2020-12-11,337.38671728522763,339.0879788216525,335.8703871356922,338.68115234375,57698600
2020-12-14,340.8448073293693,341.9173192847848,336.9892100885421,337.1648864746094,69216200
2020-12-15,339.69826688785116,341.72314453125,338.3298760097503,341.72314453125,63865300
2020-12-16,341.9356921107512,343.1746531354337,341.0573105329797,342.2593078613281,58420500
2020-12-17,343.8959404400441,344.3767225815223,343.07303238358134,344.1733093261719,64119500
2020-12-18,344.46113944048307,344.6282701572163,340.79338813671035,342.7990417480469,136542300
2020-12-21,338.8898629814059,351.41588135786776,336.15994813580005,341.5733337402344,96386700
2020-12-22,341.8983673411588,342.0097878229692,339.87415302334546,340.9976806640625,47949000
2020-12-23,341.96333381663726,343.2075762857532,340.9790818882792,341.3040771484375,46201400
2020-12-24,341.7776869993081,342.6598131310871,341.19272941054123,342.6319580078125,26457900
2020-12-28,345.1760839492796,345.9653500649846,344.5539768762825,345.57537841796875,39000400
2020-12-29,347.09821664709926,347.27464186044676,344.3311518128284,344.9161376953125,53680500
2020-12-30,345.7332289197448,346.4389297116673,345.0182619794542,345.4082336425781,49455300
2020-12-31,345.2132949330659,347.8875000497571,344.7026082398412,347.1632385253906,78520700
2021-01-04,348.49100217915696,348.62101162593734,338.75060828235917,342.4369201660156,110210800
2021-01-05,341.7962988166081,345.88187774542536,341.7498547168132,344.79547119140625,66426200
2021-01-06,343.29109325235345,350.0416085495632,342.743257130716,346.856689453125,107997700
2021-01-07,349.2245372676321,352.75298437501374,349.0481120785787,352.0101623535156,68766800
2021-01-08,353.3937945707503,354.2294766991023,350.1531920751301,354.01593017578125,71677200
2021-01-11,350.84954484541544,353.3844459686813,350.72882987062206,351.6295166015625,51034700
2021-01-12,351.8152452148604,352.7159036317569,349.4660070637659,351.70379638671875,52547700
2021-01-13,351.6295990313893,353.6445194562328,350.84962709239943,352.6510009765625,45303600
2021-01-14,353.39372265354797,353.89514316325904,351.0816626236897,351.4159240722656,49989100
2021-01-15,349.800282405299,350.59881478443,346.9960962553196,348.8531799316406,107160000
2021-01-19,351.3045005009363,352.13091630295105,349.8281224423444,351.59234619140625,51233300
2021-01-20,353.87657321374,357.2936287805517,353.4866015027723,356.45794677734375,61836100
2021-01-21,357.0150334029827,357.44218304043847,355.86365062010475,356.78289794921875,47840100
2021-01-22,354.9350642448892,356.6807271719311,354.5543587480902,355.5200500488281,52860500
2021-01-25,356.25362897614195,357.2750022410849,351.415906011499,356.92218017578125,70402000
2021-01-26,357.8693456849632,358.2779063977357,356.1329768241054,356.3651123046875,42665300
2021-01-27,353.05019098865546,353.1430508430368,345.4268701693278,347.6553649902344,123351100
2021-01-28,349.46593655582046,354.6379205656578,349.02954916525357,350.64520263671875,94198100
2021-01-29,348.7882096621224,349.7539012035363,341.9541263228981,343.6255187988281,126765100
2021-02-01,347.01468762606163,350.3760048440203,343.91336101234145,349.3453369140625,75817600
2021-02-02,352.52087154806475,355.8357724135965,349.42883997274356,354.28509521484375,64450700
2021-02-03,355.11149587959494,356.281467508707,353.2915620518551,354.56365966796875,52427100
2021-02-04,355.59430609700564,358.63992160762723,354.67505892160796,358.593505859375,47142600
2021-02-05,360.4599180558391,360.71061412663744,358.54712432112404,360.0049133300781,48669800
2021-02-08,361.45341690524697,362.6512436310637,360.5991744109489,362.6048278808594,38365200
2021-02-09,361.769153490128,362.95771418565323,361.3606211720995,362.3634338378906,35551100
2021-02-10,364.09983025590975,364.24840035419544,359.8099713889872,362.2055969238281,59154400
2021-02-11,363.2826838806573,363.7005390243798,360.3670773709089,362.7905578613281,42913300
2021-02-12,361.9921234211952,364.8241653355214,361.91782418864665,364.582763671875,50593300
2021-02-16,365.8083200461877,366.0033342269587,363.55197027023985,364.2669372558594,50972400
2021-02-17,362.5212660866274,364.60119044464864,361.5091306885375,364.3504943847656,52290600
2021-02-18,361.7506393479471,363.5427184335589,360.03283114692755,362.7998962402344,59712800
2021-02-19,364.0533209802604,364.3411666164825,361.7133779544017,362.1590881347656,83241000
2021-02-22,359.4013292371553,361.7783935972179,359.10418910793686,359.37347412109375,67414200
2021-02-23,357.1729721740489,361.156425322424,353.03168275296207,359.8100280761719,107284100
2021-02-24,358.72360131962074,364.2020215283774,357.7393491134109,363.7748718261719,72433900
2021-02-25,362.51200240283123,363.8769599629682,353.5701404616122,355.0093688964844,146670500
2021-02-26,356.88498463738966,358.027072717846,351.20231434028005,353.1800842285156,152701600
2021-03-01,358.0364901808045,362.9856346855263,353.3752197529631,361.7413635253906,105348800
2021-03-02,361.96410294439573,362.1962383505726,358.41706713717036,358.9184875488281,79595300
2021-03-03,358.22212100889243,359.1877840030245,354.06224386816876,354.1643981933594,119940200
2021-03-04,353.9787065028338,356.5600515760826,345.306129482108,349.7817077636719,183433000
2021-03-05,353.27297148908974,357.26571784913307,346.01179684391315,356.2164611816406,152039600
2021-03-08,357.17284694203045,359.97703262153334,354.1643809589317,354.44293212890625,123149200
2021-03-09,358.2777972390248,362.04767402813786,357.7763768194202,359.50347900390625,113633600
2021-03-10,361.8435178759324,363.43131668977617,360.43214430105473,361.7413635253906,109899400
2021-03-11,364.2018733477641,367.37746967595956,363.74686870548334,365.4089660644531,86245000
2021-03-12,364.0533645809201,366.04042915723414,363.2455378059453,365.9011535644531,64653600
2021-03-15,366.151838816547,368.3432119800072,364.0162042253978,368.0832214355469,73427200
2021-03-16,368.69616114127246,369.40183375852735,366.84834338041725,367.6190490722656,73722500
2021-03-17,366.33759873657715,369.6710604301495,365.1954821103504,368.8725280761719,97959300
2021-03-18,366.2911796002453,368.37110416522074,362.8277084837041,363.50555419921875,115349100
2021-03-19,363.205574280837,364.77995178052817,360.66234252833834,362.83294677734375,113624500
2021-03-22,363.34537402520954,367.1089779028957,363.2894813107104,365.730224609375,73778600
2021-03-23,365.09668084256,366.5406230570263,362.0690362260645,362.8515625,90686600
2021-03-24,364.248968775631,365.87923909623805,360.9604817803928,361.0070495605469,97588600
2021-03-25,359.5724129695901,363.82972563036685,357.63470442840975,363.03790283203125,116128600
2021-03-26,364.18376357430776,369.2888490443927,363.58756519155156,368.8882751464844,114409100
2021-03-29,367.4162544356728,369.60547972425456,365.935041179905,368.70184326171875,108107600
2021-03-30,367.4349359437374,368.3944651831491,366.1306971541533,367.7237243652344,76262200
2021-03-31,368.29203631973724,370.7700506223906,368.2640899656706,369.21429443359375,112734200
2021-04-01,371.1426257443496,373.2573371455199,370.93767636691575,373.201416015625,99682900
2021-04-05,375.8564897892532,379.09840904135075,375.7819756542243,378.5580749511719,91684800
2021-04-06,377.9991469225459,379.3778716395841,377.66376224160524,378.3345031738281,62021000
2021-04-07,378.16678511784755,379.1169894924743,377.7103185696919,378.7723083496094,55836300
2021-04-08,380.0206514166771,380.626174688792,379.089068404298,380.5702819824219,57863100
2021-04-09,380.44927305448385,383.5048647840645,380.3281626908964,383.337158203125,61104600
2021-04-12,382.74084817389485,383.7469452179368,382.13532496213276,383.476806640625,56704900
2021-04-13,383.37434940887186,385.2375154018544,382.9923969687516,384.61334228515625,56551000
2021-04-14,384.58539585907903,385.63808919365846,382.7595011466084,383.2998352050781,61659900
2021-04-15,385.433112724498,387.687555926274,385.38654494981597,387.4173889160156,60229800
2021-04-16,388.70295534718036,389.31780345743056,387.28695960911085,388.7122802734375,82037300
2021-04-19,387.78082221556,388.2279639453747,385.479810632014,386.8026428222656,78498500
2021-04-20,385.59152639170094,386.6907875184191,382.4986639809094,383.9705810546875,81851800
2021-04-21,383.35574340510965,387.808709170284,383.2159832062883,387.603759765625,66793000
2021-04-22,387.43604432459205,388.2651383615414,383.0017004125384,384.0636901855469,97582800
2021-04-23,384.6226532391619,389.6345741269456,384.54813911119874,388.2278747558594,73209200
2021-04-26,388.87997690212677,389.60661044348035,388.29307511302295,389.038330078125,52182400
2021-04-27,389.33648125494796,389.53213415675737,387.8179963971385,388.95452880859375,51303100
2021-04-28,389.2246953658085,390.342606350338,388.3769514146441,388.8427429199219,51238900
2021-04-29,391.56286880615835,391.9354962207072,387.9483231827708,391.3206481933594,78544300
2021-04-30,389.057011063111,389.90475500080083,387.8552610382918,388.74957275390625,85527000
2021-05-03,390.73387217038277,391.1158246327663,389.0943053331574,389.5880432128906,68128300
2021-05-04,387.60376353614816,388.09750141176715,383.5048038327527,387.1845397949219,101591200
2021-05-05,388.82405711429095,389.0569528283678,386.74661711005075,387.3055725097656,60162200
2021-05-06,387.38015025282107,390.52890537303807,385.3772524687335,390.39849853515625,74321400
2021-05-07,391.16236490015007,393.89189602548134,390.48229913565626,393.2397766113281,67733800
2021-05-10,393.59381081117,393.81738162988034,389.2246843410474,389.3457946777344,81852400
2021-05-11,384.836989107153,386.85850853881635,382.00496848744234,385.87103271484375,116888000
2021-05-12,383.0949159919616,384.3618553205323,376.3595601632733,377.673095703125,134811000
2021-05-13,379.2194656575238,384.1382223326197,379.17286945378146,382.2098388671875,106394000
2021-05-14,384.93936652675745,388.92654024691893,384.91142017662577,388.07879638671875,82201600
2021-05-17,386.97016568402825,387.9017484184171,385.0790254407559,387.09124755859375,65129200
2021-05-18,387.3521831986254,387.59440386559174,383.597905008926,383.75628662109375,59810200
2021-05-19,379.0798024141684,382.92721668401646,377.5985602871788,382.7502136230469,106467100
2021-05-20,383.62587868681237,388.1254406224363,383.5047967743601,386.8677978515625,78022200
2021-05-21,388.3489736323711,389.58799485674376,386.09455884988506,386.551025390625,76578700
2021-05-24,388.78679507785904,391.56292229029447,388.5445744319748,390.4916076660156,51376700
2021-05-25,391.5722490957163,391.9262551656702,389.0476672600288,389.625244140625,57451400
2021-05-26,390.21217056143115,390.90153289083105,389.1781270673312,390.39849853515625,43088600
2021-05-27,391.4232522007512,391.9356114927395,390.3239626244938,390.60345458984375,56707700
2021-05-28,392.1684587891069,392.42930086674016,391.069197778342,391.3020935058594,58520200
2021-06-01,393.65901283958925,393.7987445957446,390.5195828561252,390.9574279785156,54216600
2021-06-02,391.6095674253817,392.410743642536,390.60347022695476,391.5722961425781,49097100
2021-06-03,389.2619476298755,391.2555203916502,387.79935555163786,390.1189880371094,58138800
2021-06-04,391.9635773504691,393.985125124761,390.1842502722685,393.68701171875,55938800
2021-06-07,393.67768124837585,393.85468430384935,392.3734706525122,393.3050537109375,51555000
2021-06-08,394.1620563356279,394.25522031845156,391.56296032167944,393.38885498046875,47134300
2021-06-09,394.22723105049744,394.301773600504,392.57833960967673,392.8019104003906,48436300
2021-06-10,394.0223758472598,395.5781321168516,392.70884027859677,394.6278991699219,51020100
2021-06-11,395.17753829078254,395.3917841957337,393.8919491424424,395.2799987792969,45570800
2021-06-14,395.3918091672138,396.2674995574854,394.1528161505777,396.1650390625,42358500
2021-06-15,396.31407535492747,396.3513182077345,394.5626946646038,395.4383850097656,51508500
2021-06-16,395.5781066988787,395.8016775286566,391.19035858653814,393.2304992675781,80386100
2021-06-17,392.8205121317797,394.0781261051391,390.631286975379,393.0999755859375,90949700
2021-06-18,389.82512979232945,390.5167474088944,387.5913771677302,387.7969970703125,118676300
2021-06-21,389.5540951870982,393.53563141151994,388.74097097735967,393.34869384765625,72822000
2021-06-22,393.339292332768,396.28337300789326,392.6196085187923,395.4515380859375,57700300
2021-06-23,395.52640432656335,396.33017311106846,394.8908622379778,394.9749755859375,49445400
2021-06-24,397.115289475811,397.7321206963649,396.86292090837077,397.3115539550781,45110300
2021-06-25,398.05922899461444,399.1714418641056,397.73210252899935,398.7228088378906,58129500
2021-06-28,399.24614202126133,399.6947464278682,398.0498160658753,399.5265197753906,53159600
2021-06-29,399.9097427746152,400.5452847325405,399.2087698297282,399.74151611328125,35970500
2021-06-30,399.2835611544407,400.75093815402226,399.25552337520446,400.0780029296875,64827900
2021-07-01,400.83513000426785,402.452051650708,400.7696989990123,402.29315185546875,53441000
2021-07-02,403.45206040174946,405.72320623377107,402.3772122424309,405.3680419921875,57697700
2021-07-06,405.4239886929117,405.63896396098016,401.90044222338213,404.6295471191406,68710400
2021-07-07,405.31193822358387,406.34003766118167,403.30248799530796,406.05963134765625,63549500
2021-07-08,400.7510054866028,403.5081778396305,399.57336151548776,402.7511291503906,97595200
2021-07-09,404.2558173257462,407.3494426746745,402.55478259875076,407.05035400390625,76238600
2021-07-12,406.9662877159468,408.76079142536776,406.53636552867664,408.5084228515625,52889600
2021-07-13,407.72328794262097,409.2187027689948,406.85408823599073,407.11578369140625,52911300
2021-07-14,408.8075027783235,409.29352904474496,406.48028123314407,407.72332763671875,64130400
2021-07-15,406.3868250791765,407.059760411339,404.4334500856128,406.33074951171875,55126400
2021-07-16,407.5083537824567,407.555073909898,402.75108678868395,403.14361572265625,75874700
2021-07-19,398.33037543616894,403.209150241089,394.3862316013664,397.19012451171875,147987000
2021-07-20,397.85360950811923,404.1530401378472,397.0591676686946,402.8819274902344,99608200
2021-07-21,404.0782727663207,406.28401626491234,402.83522636423976,406.143798828125,64724400
2021-07-22,406.3213884076943,407.23733686784163,405.34003746820474,406.99432373046875,47878500
2021-07-23,408.91960818789283,411.51788035862415,408.2373460404216,411.1814270019531,63766600
2021-07-26,410.5927374815423,412.20030392347354,410.54601734116363,412.1909484863281,43719200
2021-07-27,411.15341783224966,411.1814556139232,407.48965273178777,410.312255859375,67397100
2021-07-28,410.9384237416545,411.51789021824817,408.72335352250394,410.14398193359375,52472400
2021-07-29,411.0693007705477,412.91985138960683,411.05994533585215,411.84503173828125,47435300
2021-07-30,409.28415602981516,411.29360644207577,409.1532940336554,409.8449401855469,68951200
2021-08-02,411.5552501136449,412.10667876520074,408.6298516644557,408.9850158691406,58783300
2021-08-03,409.7794757496443,412.43382344600275,407.59244339115173,412.31231689453125,58053900
2021-08-04,411.0318422374195,412.28424381294224,410.0504915209961,410.2841491699219,46732200
2021-08-05,411.4431983310459,412.9666511964766,411.12542726136564,412.8825378417969,38969700
2021-08-06,413.2002671340216,413.9853535543252,412.9198607907698,413.56475830078125,46930000
2021-08-09,413.53671760242094,413.8544886377314,412.4618979342041,413.2283020019531,41222600
2021-08-10,413.67690908891893,414.4526685963435,412.9946468851688,413.7423400878906,43339300
2021-08-11,414.8077789542653,414.86385451105014,413.6862107732414,414.7703857421875,44034300
2021-08-12,414.6208372172166,416.15364514758056,413.72359979508303,416.013427734375,38909400
2021-08-13,416.4621552133837,416.7892817139917,415.9761574416634,416.7705993652344,39470300
2021-08-16,415.47142121296486,417.8827560853764,413.91993068902,417.7519226074219,73740000
2021-08-17,415.2003062311289,415.8732414325838,412.0319231944984,415.0133972167969,92673900
2021-08-18,414.00400272308775,415.56484852636714,410.2281152693712,410.4710998535156,89351900
2021-08-19,407.7513077712783,412.30298304453,407.6111188768107,411.10662841796875,92812200
2021-08-20,411.4524984131377,414.7049951138694,410.96647217681397,414.37786865234375,72008700
2021-08-23,416.0602189821948,418.9295421673049,414.45265298648917,418.02294921875,54973000
2021-08-24,418.6865539550781,419.2193003480419,418.17251843232447,418.6865539550781,38744700
2021-08-25,418.8734154308783,420.0790683883611,418.4995403666085,419.5650329589844,40529700
2021-08-26,419.28476929895623,419.51842703228243,416.9949406259632,417.0884094238281,57829600
2021-08-27,417.8921060042868,421.19135148689224,417.83603043980827,420.8175048828125,77235100
2021-08-30,421.4904469021432,423.4531772582027,421.24743377041483,422.6680908203125,48357400
2021-08-31,422.57458594782264,422.9110393113264,421.44369077915854,422.0418395996094,59300200
2021-09-01,422.97650283531857,423.49053835442544,422.03251662178167,422.26617431640625,48721400
2021-09-02,423.686814177093,424.36907636322894,422.3689814101181,423.5653076171875,42501000
2021-09-03,422.4344228744772,423.9765579301553,422.0325099688313,423.4624938964844,47170500
2021-09-07,423.1166526229062,423.21012139664674,421.27542901861193,421.9483642578125,51671500
2021-09-08,421.4156743425341,422.14468518971387,419.5183465302411,421.4343566894531,56181900
2021-09-09,421.2380284408069,422.98578312246457,419.387449559995,419.6304626464844,57970400
2021-09-10,421.5558370150139,421.9764037145198,416.2003928599835,416.3218994140625,89948200
2021-09-13,419.3127250750678,419.57442052650157,415.07882068151736,417.3873596191406,83738600
2021-09-14,418.8267538323482,419.032373751366,414.24706856986353,415.1349792480469,78197100
2021-09-15,415.5555116773011,419.0977701394543,414.4526542585058,418.6024169921875,78792200
2021-09-16,418.0790011528334,419.0509965202967,414.99470280608074,417.9388122558594,77786700
2021-09-17,417.168134146106,417.59004823430996,413.51137369740354,413.86767578125,118425000
2021-09-20,407.7543985068498,409.3296017705494,402.10987722418974,406.966796875,166445500
2021-09-21,409.30144322368784,410.59537031179264,406.05726871090457,406.58233642578125,92526100
2021-09-22,408.85139337293356,412.5831513891095,406.6948671942367,410.5484924316406,102350100
2021-09-23,412.41440315728903,417.1400416411326,412.1799968838808,415.53668212890625,76396000
2021-09-24,413.9051954031547,416.9337345501658,413.6895313452658,416.22113037109375,62094800
2021-09-27,415.1897757538297,416.3524217423701,414.3365334637065,415.0303955078125,61371100
2021-09-28,412.26433994291904,412.59251441684535,405.93537117136833,406.6667175292969,130436300
2021-09-29,408.045029638689,409.77964162679973,406.7886155612909,407.3511962890625,82329200
2021-09-30,408.82324196639286,409.5264607159928,402.03484612674845,402.3724060058594,140506000
2021-10-01,404.0976889255961,408.8326843876151,400.58159468725086,407.1543273925781,129240100
2021-10-04,405.9916262485337,406.89173823936943,399.7657824946463,401.9035949707031,128570000
2021-10-05,403.4037658375677,408.3262970264828,402.6068074886927,406.08538818359375,90682500
2021-10-06,402.4942986652522,407.9794109817039,400.8722256266175,407.77313232421875,113032200
2021-10-07,411.0454355366307,414.13020116989895,410.86728449835147,411.298583984375,72437500
2021-10-08,412.0674690550003,412.45189876084635,409.9202996692927,410.5484924316406,74557400
2021-10-11,409.8921372238028,412.7987803671197,407.5105617770027,407.5762023925781,65233300
2021-10-12,408.4950547167105,408.89822655825884,405.78530500807835,406.5729064941406,71181200
2021-10-13,407.5948986632403,408.8513125536215,404.6226438533049,408.03558349609375,72974000
2021-10-14,411.6924184380236,415.049132337177,411.22360588560923,414.89910888671875,70236800
2021-10-15,417.0087329506892,418.42455590539737,416.38989699593026,418.0588684082031,66260200
2021-10-18,416.2774158643815,419.6341011247243,415.6210668502245,419.29656982421875,62213200
2021-10-19,420.91862541650084,422.59695355572194,420.3091462784129,422.5313415527344,46996800
2021-10-20,422.99075914645675,424.4909648278342,422.878248727811,424.19091796875,49571600
2021-10-21,423.5908483463569,425.5223536137635,423.1595488456662,425.2973327636719,41305400
2021-10-22,424.8659833060559,426.3099336904653,422.91570745443045,424.8565979003906,58845100
2021-10-25,425.94423644921017,427.4631842019091,424.1721402757418,427.135009765625,45214500
2021-10-26,428.68217522735085,429.89169091412384,427.1444564431734,427.5195007324219,56075100
2021-10-27,427.97890546543795,428.6446111455954,425.5504317463337,425.6254577636719,72438000
2021-10-28,427.050677407055,429.80729721502064,427.0413206145411,429.7322998046875,51437900
2021-10-29,427.4350712129975,430.8949094853391,427.1444097745334,430.604248046875,70162400
2021-11-01,431.5887947913139,431.9638676988326,429.6198050970678,431.34503173828125,48433600
2021-11-02,431.5137556913935,433.3983909976397,431.3824744636354,433.0889587402344,48908400
2021-11-03,432.5264031559585,436.1362651463071,432.08571825925554,435.73309326171875,52509800
2021-11-04,436.3331934985726,437.8709123645309,435.9862767972165,437.7865295410156,52847100
2021-11-05,440.0086692059953,441.2932109079652,437.7958878886841,439.3054504394531,66390600
2021-11-08,440.40237881132333,440.89931880941424,438.9959416151373,439.6803894042969,50405200
2021-11-09,440.04610633464074,440.2805125497324,436.8206745258563,438.22711181640625,51149100
2021-11-10,436.53942763125457,438.2271697715408,433.220255788708,434.7016906738281,69429700
2021-11-11,436.1924978999976,436.2675239203641,434.8235734757579,434.8423156738281,34848500
2021-11-12,436.1081354103615,438.6772187538003,435.1611250038921,438.1240234375,53466700
2021-11-15,439.40856410960447,439.56794432499424,437.1488845782679,438.2740173339844,46980500
2021-11-16,438.0114907479462,441.14315465497026,437.9364933419403,440.0086364746094,48857500
2021-11-17,439.74616317118915,439.9243142257767,438.3209833485355,438.9398193359375,47858300
2021-11-18,439.97117780399594,440.6931674194312,437.2520708292828,440.4306335449219,50625600
2021-11-19,440.3180067810075,441.56506389702315,439.277256897484,439.6429443359375,57315600
2021-11-22,441.51828711942284,444.0029878555942,438.1990863283232,438.4053649902344,72762000
2021-11-23,438.07713594296996,439.83987544998917,435.4799250989726,438.98663330078125,73206500
2021-11-24,436.9894839645097,440.28055671099236,436.17375483241744,440.1586608886719,61858800
2021-11-26,433.50155816840993,434.96425094373944,429.21660486222436,430.3417663574219,112669600
2021-11-29,435.1236348523177,437.4583119148909,432.92959581507233,435.6205749511719,86268800
2021-11-30,433.18271599479897,435.0860934508205,426.9006175423312,427.1444091796875,148559600
2021-12-01,432.8452735236711,435.68627648871933,422.20322270380683,422.4001159667969,131939200
2021-12-02,422.61568676881933,430.43547509903107,422.2218717157111,428.86962890625,127637800
2021-12-03,430.5292213858788,431.58871344638754,420.9185665300391,425.13787841796875,137331600
2021-12-06,427.67879672433503,432.04813164553576,425.269094165353,430.1728820800781,98977500
2021-12-07,435.442440658666,439.63362565886325,430.0417113660508,439.071044921875,95484700
2021-12-08,439.46481188962696,440.68371284123066,437.71142925167635,440.233642578125,72238800
2021-12-09,438.9491883572712,440.3368838174408,437.0645813487315,437.261474609375,61272600
2021-12-10,439.96170840846366,441.5275258475931,437.4113677313655,441.37750244140625,77159800
2021-12-13,440.8619411504924,441.2088578538092,437.1864382259011,437.4677429199219,87724700
2021-12-14,434.2047373052017,436.6894377150197,431.5418858646757,434.4578857421875,97264100
2021-12-15,434.5141370446989,441.4900398681601,432.0012806047948,441.24627685546875,116899300
2021-12-16,443.0934854498481,443.3747615247552,435.80812035524764,437.355224609375,116568600
2021-12-17,434.28117656754216,437.2827106378424,430.99737826772844,432.700439453125,135511600
2021-12-20,427.62890570329984,428.4945351603184,424.4862394814665,428.099365234375,107134800
2021-12-21,431.5148641473523,435.8430974441347,429.3507618562461,435.70196533203125,69806300
2021-12-22,435.44797367017134,440.1713773813337,435.2503599777173,440.0584716796875,58890200
2021-12-23,441.0558332086626,444.2925972471357,440.9523458894644,442.7965393066406,56439700
2021-12-27,444.17025861450196,449.11008378457836,444.12322414632985,449.06304931640625,56808600
2021-12-28,449.4958929694086,450.5214913868531,447.93396375035627,448.69610595703125,47274600
2021-12-29,448.7995600259367,450.28619942831625,447.802188171838,449.27001953125,54503000
2021-12-30,449.6934621372565,450.70025247373695,447.56700448030426,448.0280456542969,55329000
2021-12-31,447.53874202831184,448.68663568101795,446.6260494189647,446.8988952636719,65237400
2022-01-03,448.15975083339737,449.61819265083415,445.8545162929149,449.4864501953125,72668200
2022-01-04,450.9072851460478,451.6223929028808,447.48232558918886,449.3359375,71178700
2022-01-05,448.96894028365364,449.74050080120287,440.61357447061033,440.7076721191406,104538900
2022-01-06,440.2466361867598,443.0035221624816,437.9319546066855,440.2936706542969,86858900
2022-01-07,440.3031029677847,441.47925183914367,437.1980527186537,438.552978515625,85111600
2022-01-10,435.36325245373706,438.22362566846715,429.62364055153137,438.0072326660156,119362000
2022-01-11,437.7437907456816,442.0908322693714,434.75164626994354,441.9967346191406,74303100
2022-01-12,443.72798110407143,445.2428756029094,441.2345515344107,443.191650390625,67605400
2022-01-13,444.29258772329274,444.9418241930247,436.05954567988096,437.08514404296875,91173100
2022-01-14,433.94247281173614,437.6120514809011,432.7286791584299,437.263916015625,95890900
2022-01-18,432.5780978764357,432.7851012078921,428.40983354006795,429.5201110839844,109709100
2022-01-19,431.06318689779675,432.45572851394576,424.78724510362036,425.06011962890625,109357600
2022-01-20,426.9420862438029,431.6372638548228,418.2385836592185,420.35565185546875,122379700
2022-01-21,419.23594498974285,421.58824292541317,412.07556385655806,412.1037902832031,202271200
2022-01-24,406.5052754832323,414.36195566976323,395.90112761933347,413.8538513183594,251783900
2022-01-25,407.47438716618876,413.7409112645625,401.9135523304981,408.80108642578125,167997300
2022-01-26,414.6818862839636,417.80574473347866,403.5225703047687,407.7755432128906,186391100
2022-01-27,412.3672646800451,415.50051303405485,404.07776868651825,405.7619934082031,149878300
2022-01-28,407.1168944257264,415.88626787051186,402.54404110046244,415.8392333984375,164457400
2022-01-31,415.17116710249303,423.6770844746201,413.82565957531546,423.3289489746094,152251400
2022-02-01,424.053395889453,426.8291186076498,420.5343677869096,426.1893005371094,123155400
2022-02-02,428.58860927324656,431.0538124863708,426.2833462117449,430.3293151855469,117361000
2022-02-03,424.30745056905977,426.2080966836343,419.3770152968473,420.2144470214844,118024400
2022-02-04,419.97923360740066,426.0293363499769,417.6080991681987,422.1903991699219,118454400
2022-02-07,422.95257835164983,424.3451203230606,419.5088108002381,420.83551025390625,84472900
2022-02-08,420.33677354523064,425.2201456654425,418.91597660458353,424.29803466796875,81012000
2022-02-09,428.32517855026134,430.82802671260504,428.1275935863995,430.50811767578125,92589900
2022-02-10,424.67441942143387,430.66806944150386,420.7790293131962,422.7737731933594,140103700
2022-02-11,422.85840063128,424.9284051506269,413.00697779975184,414.4371643066406,153214600
2022-02-14,413.9291560964369,415.50989334254666,409.61973040303707,413.0823059082031,123006300
2022-02-15,417.5140448697904,419.9133771021189,416.99652213320917,419.7440185546875,88482700
2022-02-16,417.7021805621434,421.58818077331404,415.82976087005267,420.2144470214844,84863600
2022-02-17,417.03413227878895,420.18621676202645,410.63589438127366,411.2380676269531,102259100
2022-02-18,411.4920821949047,412.7435205102697,406.30763817495443,408.57525634765625,132642900
2022-02-22,406.37355193227506,409.7702560003978,400.6997823601273,404.19061279296875,124391800
2022-02-23,407.098048185768,407.66260537056274,396.4562558034865,397.02081298828125,132578000
2022-02-24,386.73661378294065,403.4285405442477,386.3790885937456,402.9956970214844,213942900
2022-02-25,404.22820402320997,411.97197784953823,402.5815957478885,411.8872985839844,121804500
2022-02-28,406.50532304240727,412.3108071724536,405.2539131340016,410.83355712890625,145615000
2022-03-01,409.3374644946176,411.3416268267393,401.8759540045587,404.576416015625,137785900
2022-03-02,406.8251817399771,413.740942784039,406.0724579549326,412.0190734863281,117726500
2022-03-03,414.4465875237106,415.04876074406366,408.1706452434173,409.9678039550781,105501700
2022-03-04,406.2418252656333,407.7661096277124,402.60047290853925,406.63702392578125,113978200
2022-03-07,406.05359214668294,406.7592814126414,394.5837869801388,394.649658203125,137896600
2022-03-08,394.82842415766316,401.9699958852327,390.5942886794115,391.65753173828125,164772700
2022-03-09,400.02232727972273,404.13413881650297,397.8393882545467,402.158203125,116990800
2022-03-10,397.557052917586,401.2360493514207,395.599954192604,400.3421936035156,93972700
2022-03-11,402.82621713239433,403.4378087082755,394.743726780533,395.2518310546875,95636300
2022-03-14,396.02340888185535,399.4671471285895,391.2247162730047,392.36322021484375,95729200
2022-03-15,394.969610741959,401.62191584683524,393.6993928949382,400.99151611328125,106219100
2022-03-16,404.49170046381727,409.939601038674,399.7023972745846,409.8831481933594,144954800
2022-03-17,407.9730846505351,415.01116943359375,407.596722776026,415.01116943359375,102676900
2022-03-18,413.4028912886427,419.87763507524926,412.66669551110175,419.5567321777344,106345500
2022-03-21,419.38687263527476,421.3878136478484,415.93240645546575,419.43408203125,88349800
2022-03-22,420.8214687288552,425.27640505720075,420.8214687288552,424.3420104980469,74650400
2022-03-23,421.81246957458256,423.30372739490633,418.79216338171153,418.8771057128906,79426100
2022-03-24,420.89699675804104,425.2009149244502,419.78326986493045,425.19146728515625,64736900
2022-03-25,425.8237756229709,427.5415750381884,423.2470765001447,427.2678527832031,77101300
2022-03-28,426.6732396590378,430.3070373535156,424.7855555376232,430.3070373535156,68529800
2022-03-29,434.18626321308204,436.12115693733773,431.5057549157547,435.6303405761719,86581500
2022-03-30,434.4882852945164,435.30000450918726,430.83562083793777,432.9403991699219,79666900
2022-03-31,432.17589947274035,432.9970375414447,425.823831381212,426.2768859863281,121699900
2022-04-01,427.85312988784034,427.9947004651948,423.9173238184881,427.48504638671875,89048800
2022-04-04,427.68317979634264,431.25090181901925,426.86204176947047,431.1470642089844,59601000
2022-04-05,429.6558116325977,432.119225743506,424.5590699380688,425.70111083984375,74214500
2022-04-06,421.7935816863143,423.71899870282925,418.5656292465307,421.4443359375,106898000
2022-04-07,420.5665823101026,425.380182602623,418.62226996039726,423.5679931640625,78097200
2022-04-08,422.8129558921499,425.32357938924946,420.89695753959705,422.4354248046875,79272700
2022-04-11,419.16963711517997,420.009670281553,414.71473073594825,415.2149658203125,89770500
2022-04-12,418.197650318671,420.71772203401963,412.1287510001065,413.6766662597656,84363600
2022-04-13,413.4311571589825,419.16970449840653,413.25182485427155,418.4146423339844,74070400
2022-04-14,418.64119283709516,419.7549485147844,413.1008437773758,413.2046813964844,97869500
2022-04-18,412.27968190004844,415.0545800894282,411.14705981320014,413.3745422363281,66002500
2022-04-19,413.2706473332826,420.76475517269427,413.1007626849386,420.0474548339844,77821000
2022-04-20,421.82193478222695,422.4354264021452,418.57511557097627,419.73602294921875,65224400
2022-04-21,423.3509795921558,424.73842874926703,412.55342274585064,413.4595031738281,85417300
2022-04-22,412.3740611145033,413.47834025677906,401.5481909244776,402.114501953125,132471800
2022-04-25,399.87760832355883,404.6156854519276,395.31883470061024,404.44580078125,119647700
2022-04-26,401.9162615672227,402.1144891433886,392.7043824228615,392.7326965332031,103996300
2022-04-27,393.8085999565854,399.16964404116914,391.7038508748023,393.8369140625,122030000
2022-04-28,398.57509707971343,405.51234242525084,394.14847523083597,403.78509521484375,105449100
2022-04-29,399.8021034252902,401.9540624319965,388.11733269096055,388.86297607421875,145491100
2022-05-02,388.92901145512707,392.5628092111438,382.2749075321882,391.20367431640625,158312500
2022-05-03,391.7039501067172,395.4037953011167,390.1465874755705,392.99700927734375,100028200
2022-05-04,393.65769528593023,405.53124638806986,390.4769516548114,404.9649353027344,144247900
2022-05-05,400.7082064100307,401.1329469341785,386.44676416954945,390.57135009765625,172929100
2022-05-06,388.01350785652954,391.50570647733946,382.9450801949944,388.2400207519531,151770800
2022-05-09,382.35045035687074,383.5868812355381,374.23340232623997,375.80963134765625,155586100
2022-05-10,381.7747515433738,383.27545730002635,372.64781289944233,376.6780090332031,132497200
2022-05-11,375.7152782695393,381.35001745771194,369.94838734516037,370.69403076171875,142361000
2022-05-12,367.5038552140162,373.57275401716174,363.5208397349999,370.30706787109375,125090800
2022-05-13,374.43155954951243,380.538218568786,373.39332756714504,379.16021728515625,104174400
2022-05-16,377.5180173546355,381.2839385536254,375.27166828724563,377.621826171875,78622400
2022-05-17,383.70016285890136,385.62560898408395,379.9719747013643,385.3896484375,83029700
2022-05-18,380.8402784851767,381.123419587076,368.61751205317614,369.85394287109375,117674500
2022-05-19,366.79595164216687,372.005979027499,365.3707407010665,367.5887756347656,98510700
2022-05-20,371.16591037827914,374.7336324078952,359.1696852051724,367.74920654296875,131432200
2022-05-23,370.7694520093487,375.39430099984236,368.45705631787473,374.6297912597656,76414900
2022-05-24,370.51472368444104,372.9592717368289,365.22920114781124,371.7700500488281,91448800
2022-05-25,370.27878652330077,377.01783466440037,369.8823888701669,375.05462646484375,91472900
2022-05-26,376.2814883236721,384.1814409508542,376.0738419395173,382.548583984375,82168300
2022-05-27,385.0026351628093,392.0531368146943,384.80443638650837,391.93988037109375,84768700
2022-05-31,390.3259307298854,393.0725149914447,387.00361655148845,389.7407531738281,95937000
2022-06-01,391.8550043373775,392.86489366619827,384.07772451690533,386.5883483886719,86585800
2022-06-02,386.4278638148007,393.9974674509903,384.1815149003103,393.9502868652344,79609600
2022-06-03,389.2405180200075,390.78843305581245,386.5128290364629,387.4849853515625,71874300
2022-06-06,391.48690467497266,393.21412339545446,387.49444141094756,388.6648254394531,57508900
2022-06-07,385.18203491181913,392.8460295110228,384.71953261443264,392.3929748535156,59272400
2022-06-08,390.6845434619145,392.46841881070924,387.333915614858,388.1267395019531,64350000
2022-06-09,386.3523433395128,388.6175587452947,378.89599609375,378.89599609375,86289800
2022-06-10,372.70440234363315,373.55385453962793,367.86248738155257,367.90966796875,132893900
2022-06-13,358.5184050405398,360.3683273758739,352.3362223896235,353.9407653808594,170004900
2022-06-14,355.68689685396777,356.71568127410126,349.7784361620524,352.8742370605469,104011800
2022-06-15,356.1682732930812,362.34100925128496,351.2225494582893,357.90496826171875,125666800
2022-06-16,349.70293778443306,350.1087829653544,343.63401132773026,346.0596923828125,134473300
2022-06-17,346.4739460122469,350.1423885814665,343.30789944734585,346.8056945800781,111113900
2022-06-21,352.521725834006,356.92005638665404,352.44587608946637,355.5361022949219,76811900
2022-06-22,351.3178056312109,358.99595685720385,350.90071887328156,354.8914794921875,90059400
2022-06-23,357.0243321478926,359.1002487608876,353.46963484148904,358.370361328125,79292100
2022-06-24,361.53641078181903,369.7738317116263,361.5079743602973,369.76434326171875,98050300
2022-06-27,370.6838633295004,370.97771602411575,367.2618882407592,368.35198974609375,66009600
2022-06-28,369.9065529188097,372.68394948048416,360.71172428504013,360.8254699707031,86548900
2022-06-29,361.3752782573753,362.36109348225904,358.7116273894593,360.5316162109375,65676000
2022-06-30,356.64510092174794,360.8349164010324,353.1567653026987,357.6025085449219,112508300
2022-07-01,356.9484798436387,361.82079880218214,354.33221338787916,361.3847351074219,74839700
2022-07-05,356.30395395124316,362.0862681620961,353.47914368346136,362.0672912597656,81438000
2022-07-06,362.209488552523,365.7736749553109,359.8302303950162,363.2901306152344,70426200
2022-07-07,365.06266665246835,369.52735833895935,363.3090102076316,368.7311096191406,64525900
2022-07-08,367.10071569720793,370.2952282014979,365.5745794315864,368.4278259277344,72397800
2022-07-11,365.7546798643806,366.72154716840924,363.52706364959664,364.21905517578125,58366900
2022-07-12,363.6692023712076,366.04848886653093,359.2518953418649,360.9960632324219,62219200
2022-07-13,355.5645600399159,362.02937706003513,355.14747320454023,359.10028076171875,84224600
2022-07-14,354.1521096552973,359.3087928722651,351.715979081912,358.2281799316406,89704800
2022-07-15,362.6265260152687,365.185919762693,360.72122784420594,365.0721740722656,79060400
2022-07-18,368.1528836213448,368.825898190188,360.8349458407432,362.0577697753906,63203600
2022-07-19,365.97270864034476,372.40908945598443,365.3186708693351,371.84033203125,78506000
2022-07-20,372.02988023942527,375.62250240338216,370.6648741646818,374.2100830078125,71843800
2022-07-21,373.6318507302927,378.068105826219,371.2336162126565,378.0207214355469,64903900
2022-07-22,378.1439748043947,379.33833343517273,372.29530007355766,374.513427734375,72197300
2022-07-25,375.1390938870878,375.8215969964553,372.73137056679104,374.9684753417969,53631500
2022-07-26,373.328540675696,373.5370840827539,369.64114957187473,370.5321960449219,52946400
2022-07-27,373.82144153900765,381.8977324950311,373.5275888700464,380.153564453125,82342100
2022-07-28,380.95927437369363,385.61353235014826,377.4140367716771,384.92156982421875,73966600
2022-07-29,386.3529667558723,391.51913892921795,385.58515437514285,390.5332946777344,87003700
2022-08-01,387.8411758992656,391.8793213752261,387.1302364241008,389.3768005371094,69997500
2022-08-02,387.8127144423944,391.49064571833276,385.63251176391105,386.80792236328125,63435400
2022-08-03,388.93125481134643,394.0310649800449,388.6468906090099,392.8651428222656,67820600
2022-08-04,392.78938953675487,393.47189271815853,390.9599118866752,392.5998229980469,45656600
2022-08-05,388.3246175842232,392.5807659148732,388.26774474140564,391.9361877441406,56814900
2022-08-08,393.6235081493515,395.87007236927724,390.3816112599049,391.481201171875,53886100
2022-08-09,390.7512903773344,391.25368644325886,388.8554517997777,389.9266052246094,44931800
2022-08-10,396.96966387104465,398.2588492285253,395.01695232609546,398.11663818359375,68665700
2022-08-11,400.9603962309802,402.81833898357877,397.37726224840134,398.11663818359375,59489700
2022-08-12,400.05042594390983,404.9606415265143,399.1025065374671,404.85638427734375,61694500
2022-08-15,402.64767172710765,407.04603117644456,402.59079888321116,406.524658203125,54048300
2022-08-16,405.4535814834621,409.24525914057574,404.64784419568446,407.32098388671875,59289000
2022-08-17,403.7283584655346,407.13138566830423,402.4297135053033,404.4298095703125,63563400
2022-08-18,404.628809463559,406.28766820146114,403.33965312992564,405.6051940917969,49023200
2022-08-19,402.8467811218481,403.1121973862413,399.282595061536,400.1546936035156,68016900
2022-08-22,395.329701995395,395.5003494416631,390.92188337608326,391.8224182128906,77695600
2022-08-23,391.3958862975145,393.7846615275958,390.32473282411485,390.8745422363281,49105200
2022-08-24,390.6470127203874,393.49077064865355,389.96453858867704,392.12579345703125,49177800
2022-08-25,393.6139873082117,397.70900548583626,392.5238859364247,397.66162109375,50942300
2022-08-26,397.5478287573556,398.0881206908962,384.14423800473423,384.20111083984375,103087000
2022-08-29,381.2531682301508,384.70357956798847,380.30524889484775,381.6607666015625,65370800
2022-08-30,382.8172261577202,383.0542059895712,375.3760536519589,377.470947265625,85652400
2022-08-31,379.10134082789193,380.3431127380741,374.46603071215685,374.5987243652344,76029700
2022-09-01,372.4280160542996,376.1154069737023,369.7264403478649,375.774169921875,78740100
2022-09-02,379.43310730382876,380.6464427581479,370.00129941700374,371.81182861328125,99632100
2022-09-06,372.6555302445026,373.5939611226999,368.1908383071308,370.4089660644531,76637400
2022-09-07,370.0960516856913,377.83107510535797,369.8780488041353,377.0632629394531,70964200
2022-09-08,374.79784580059123,379.9829368756566,373.59396971166063,379.5279541015625,80821700
2022-09-09,381.7649972904449,386.28659071940456,381.4995810521483,385.4239807128906,76706900
2022-09-12,387.49043025851944,390.2868036201907,387.1870891554379,389.5663757324219,69256300
2022-09-13,380.90239200547273,382.10626800654813,371.5085373863549,372.6270751953125,122947100
2022-09-14,373.9257160615463,375.5656268148488,370.7501807174359,374.0489501953125,85023700
2022-09-15,372.4943332407687,375.3380909362644,368.53203779447915,369.80224609375,87633800
2022-09-16,365.62958149307445,367.6378936491365,363.69737257463,366.98114013671875,103084800
2022-09-19,363.84011191988435,369.8269958496094,363.7639505998914,369.8269958496094,73278500
2022-09-20,366.5051996914192,367.5141193905518,362.83121456949,365.5819396972656,77274900
2022-09-21,367.504555601014,370.55036925173334,359.1952455228189,359.20477294921875,106746600
2022-09-22,358.4337956869669,360.07091552367,355.44511739669144,356.1875305175781,89472600
2022-09-23,352.7228790149844,352.76095967141856,345.7841825636604,350.2196350097656,122346900
2022-09-26,348.7538794551558,352.3707580104209,345.53674617910787,346.75506591796875,92581200
2022-09-27,350.2862710344236,352.5515910179344,343.4808127042095,345.869873046875,108294100
2022-09-28,346.8217684866217,354.36011428627006,345.12754181043977,352.6754150390625,110802200
2022-09-29,349.13459770031216,349.42013004160674,342.3672197883283,345.3083190917969,112952300
2022-09-30,344.36596930372804,348.2779362644351,339.83535868204586,339.9685974121094,153711200
2022-10-03,343.6806881754969,350.7907337489844,341.90080218718504,348.9442138671875,89756500
2022-10-04,354.45516931282157,359.78532813158415,348.90611208555885,359.75677490234375,103602800
2022-10-05,355.3974682809226,361.1749510870313,353.07504224847634,358.9191589355469,88065700
2022-10-06,357.52004633285617,360.4706728707626,354.7217133827097,355.2166748046875,82333500
2022-10-07,351.19051769873397,355.30235769557754,343.547458861724,345.3083190917969,107789500
2022-10-10,346.42189898919605,346.659852271921,340.43501530969775,342.6717529296875,76042800
2022-10-11,340.9775545535183,345.5367479558779,338.56946829764377,340.50164794921875,92482800
2022-10-12,340.91085189940634,342.4813374336254,339.13093731046405,339.37841796875,76991800
2022-10-13,332.38265512986965,349.8008528442018,331.3356548770357,348.3350524902344,147254500
2022-10-14,350.7907883892063,352.4184100845512,339.7592754670555,340.3970031738281,123737000
2022-10-17,346.4695719640728,350.2482719633379,340.0638579364615,349.1441650390625,93168200
2022-10-18,357.0536513093477,357.35823847132036,349.81033854515664,353.24639892578125,97162900
2022-10-19,351.2094821189524,353.9316825006344,347.93524295824557,350.74310302734375,79746900
2022-10-20,350.2958396474553,354.71226720130164,347.04062545500517,347.8020935058594,88283100
2022-10-21,347.5259812950986,356.7395247837277,346.02212943460694,356.2541198730469,131038400
2022-10-24,357.77710987202045,361.74615500669046,355.1310410528587,360.6134948730469,85436900
2022-10-25,360.5372686391246,366.6859727287409,360.4230557221393,366.37188720703125,78846300
2022-10-26,363.23094435236135,368.9037428227225,362.97396524839513,363.6116638183594,104087300
2022-10-27,364.6111129190357,366.44810554176166,361.0513115703601,361.6700134277344,81971800
2022-10-28,361.5652682350303,370.75025961760167,361.3844214069697,370.27435302734375,100302000
2022-10-31,367.81868945232327,369.68423516133385,366.69555686556424,367.5997619628906,96631300
2022-11-01,371.3403327723844,371.5782860191867,364.8204080005957,365.9911193847656,85407600
2022-11-02,365.4010855031739,369.90317244332704,356.7015278683844,356.80621337890625,126990400
2022-11-03,353.5700586148132,356.1685191668986,351.01920615203176,353.1322326660156,87100100
2022-11-04,358.8335775577456,360.61346359996287,352.170885136249,358.21490478515625,103505200
2022-11-07,359.50936758378657,362.23156853069116,357.43442171013305,361.6414489746094,68286900
2022-11-08,362.7455541021946,366.56233474373306,359.5189221082523,363.5926818847656,84641100
2022-11-09,361.6224344512429,362.7741495038233,355.60696718518795,356.1019287109375,78495500
2022-11-10,369.3510591794325,376.00425245255667,367.0572151863192,375.6711120605469,141455800
2022-11-11,376.5278212790889,380.106648595616,374.64322048105964,379.30712890625,93839900
2022-11-14,377.5462448649226,380.89661702699635,375.80441036199727,376.0804443359375,71903500
2022-11-15,381.8198514474499,382.9239582221826,375.4807721813481,379.28802490234375,93194500
2022-11-16,377.6604299906343,378.61224316456577,375.76633106956126,376.39453125,68508500
2022-11-17,371.6449453937852,375.91860608551974,371.34038726892305,375.2427978515625,74496300
2022-11-18,378.57415608736795,378.64078997970154,374.10065167393867,376.9465637207031,92922500
2022-11-21,375.62353581760493,376.7466683045898,373.73893542221714,375.575927734375,51243200
2022-11-22,377.5176776993283,380.7919174617573,376.1089836932025,380.6300964355469,60429000
2022-11-23,380.29692789864373,383.51406095455076,380.06850204043604,383.0286560058594,68261600
2022-11-25,382.4670560829331,383.4950305265415,382.191051189936,382.9429626464844,30545400
2022-11-28,379.8591259436192,381.4962458070925,376.0708989562592,376.8323669433594,67881600
2022-11-29,376.9655537509073,378.1553200852392,374.34806781537714,376.1850891113281,52310000
2022-11-30,376.4325818837763,388.0351867675781,374.51945716113363,388.0351867675781,144566700
2022-12-01,389.0726695441886,390.24341023181614,385.2463909544575,387.7496643066406,76398200
2022-12-02,382.86685419503635,388.20651222768515,382.76216868711776,387.30230712890625,85342700
2022-12-05,384.4849116571129,385.41766990087285,378.98343312541476,380.3349914550781,77289800
2022-12-06,380.17319983401165,380.7157112233438,372.76809510416285,374.8525390625,77972200
2022-12-07,374.0054742055746,376.5753814167961,373.0822142567911,374.2148742675781,65927900
2022-12-08,376.0995130057314,378.21251059995166,374.3195977744953,377.146484375,60737900
2022-12-09,375.9090843451082,378.45993659247966,374.205330689029,374.3290710449219,81447700
2022-12-12,375.119059475854,379.7258605957031,374.4528077117335,379.7258605957031,75405800
2022-12-13,390.45276931962,390.70974839855415,379.84005911089247,382.6003112792969,123782500
2022-12-14,382.2577351529548,385.9603029263179,377.21313615399055,380.15423583984375,108111300
2022-12-15,375.29983918083565,376.2040731132644,369.19874365770016,370.8548889160156,117705900
2022-12-16,368.3029384387337,369.641590174743,364.3443519350762,366.47662353515625,119858000
2022-12-19,366.6678340994925,367.00250429400353,361.70523742151596,363.3689880371094,79878100
2022-12-20,362.61367325179793,365.48222528681765,361.2941346468216,363.86627197265625,74427200
2022-12-21,366.457416214542,370.4351440513577,365.92195565770254,369.3068542480469,78167400
2022-12-22,366.2662256920997,369.28777027212345,358.34902428686854,364.038330078125,100120900
2022-12-23,363.01518610522345,366.27577647509355,361.466172965727,366.1323547363281,59857300
2022-12-27,366.01764723973866,366.3618594408892,363.0152157544233,364.68853759765625,51638200
2022-12-28,364.6216127041186,366.59137848650926,359.9267751898031,360.15625,70911500
2022-12-29,362.99616222851824,367.50935219451696,362.47024348311885,366.63922119140625,66970900
2022-12-30,363.9618223377231,365.8167920978852,361.8486350909296,365.6733703613281,84022200
2023-01-03,367.52841345608357,369.49815002254616,361.274962367188,364.13397216796875,74850700
2023-01-04,366.3905264117615,368.9722345195995,363.34986872415914,366.94512939453125,85934100
2023-01-05,364.99457777745386,365.1093151949147,362.1642811518745,362.7571105957031,76970500
2023-01-06,365.84559932808753,372.19467601612223,362.78582759227885,371.075927734375,104189600
2023-01-09,373.26550947515705,376.44961824670435,370.6838304181261,370.865478515625,73978100
2023-01-10,370.2822289287242,373.5332484725184,369.34515816722075,373.46630859375,65358100
2023-01-11,375.0440257972263,378.26636090740493,374.2312636370513,378.1898498535156,68881100
2023-01-12,379.289500125456,381.02973273660194,375.22571833967487,379.5667724609375,90157700
2023-01-13,376.37306397661587,381.6129617235171,376.10533367891514,381.03924560546875,63903900
2023-01-17,381.0201896884126,382.6935115955875,379.6623956443495,380.3412780761719,62677300
2023-01-18,381.526947386791,382.58829750949707,374.1356353327088,374.33642578125,99632300
2023-01-19,372.2997525257694,373.94439001524745,370.29178966269103,371.611328125,86958900
2023-01-20,373.00740648744664,378.68714212069887,371.36276874212075,378.5341491699219,91806400
2023-01-23,379.3372757234957,385.0074392135379,378.3810918291715,383.0759582519531,84178800
2023-01-24,381.40259479828296,383.5731214964874,380.2169362364954,382.6647644042969,59524900
2023-01-25,378.6010846087599,383.14295882633485,376.31579073268307,382.80828857421875,84800300
2023-01-26,385.46642861189923,387.17800600043023,382.5022526217131,387.01544189453125,72287400
2023-01-27,385.97321255052447,390.2760402786123,385.7628509166012,387.9046936035156,68346200
2023-01-30,385.1508780562935,387.37880296998725,382.7413050405992,383.0377197265625,74202000
2023-01-31,383.5540875652921,388.717475261581,383.2098461559824,388.669677734375,86811800
2023-02-01,387.45531934075285,395.5446571758706,384.7206470447407,392.8003845214844,101459200
2023-02-02,396.68245506156615,399.9813013244029,394.78922953717114,398.5183410644531,101654500
2023-02-03,393.55573107794413,398.7000051703591,393.0776391240828,394.2824401855469,94736800
2023-02-06,391.8346679352162,393.268944002585,390.2187145648804,391.8728942871094,60295300
2023-02-07,390.9549267928235,398.24104381969875,389.7118993305467,396.9980163574219,90990700
2023-02-08,395.0282373142556,396.36688886374986,391.96843733219856,392.6568908691406,76227500
2023-02-09,396.25214123369045,396.4051341468822,388.02895452722424,389.25286865234375,78694900
2023-02-10,388.07678232835883,390.54375312300726,387.26404936045475,390.1612854003906,70769700
2023-02-13,390.81149214644563,394.875273798094,390.3525133608386,394.74139404296875,64913500
2023-02-14,393.2211029770664,396.8641617211256,390.6107393049538,394.5597839355469,88389300
2023-02-15,392.3700815999979,395.91751581058026,391.5286350725414,395.8410339355469,61555700
2023-02-16,390.87841017898984,394.8178830322616,390.25689650308516,390.3907470703125,76431500
2023-02-17,388.2680643786122,389.6545428210452,386.34612524209655,389.4154968261719,89257800
2023-02-21,385.39953691428894,386.4513451946088,381.34532592151567,381.6034851074219,82655900
2023-02-22,382.01458672604707,383.55405800104023,379.624126941612,381.0775451660156,83742300
2023-02-23,383.965204449082,384.577176151522,378.88787027584414,383.1046447753906,96242400
2023-02-24,378.0942785897589,379.84408241701556,376.39227228887677,379.01220703125,108194400
2023-02-27,382.3492272761536,383.707021167783,379.3659383654355,380.3030090332031,80444700
2023-02-28,379.82496053517093,381.78512595829335,378.79226552930106,378.8974609375,96438600
2023-03-01,378.0847173960627,379.30863174384257,376.1436650512144,377.4440612792969,99706800
2023-03-02,375.47425838003477,381.22093252105213,375.13958820432623,380.3794860839844,85127800
2023-03-03,382.1962358283126,386.7285670881584,381.54603781817946,386.4799499511719,90120000
2023-03-06,387.30225445436355,389.5971190249731,386.3078442662089,386.7476806640625,72795900
2023-03-07,386.69995200651795,386.9389980101572,380.2074543771584,380.81939697265625,108310600
2023-03-08,380.9340806833584,382.196221130841,379.2129323233864,381.44085693359375,74746600
2023-03-09,382.22502128661864,383.88880145673494,373.41857393091925,374.4034423828125,111945300
2023-03-10,373.8583475978051,375.93327957719293,367.4806170891498,369.0009460449219,189253000
2023-03-13,365.0805650006383,373.2846390345943,363.9713881978472,368.4750061035156,157790000
2023-03-14,373.38980130348455,376.21055539266825,370.0909552792131,374.56591796875,149752400
2023-03-15,368.98181836154816,372.4240570496017,366.89731528704147,372.2232666015625,172996900
2023-03-16,369.87107021323396,379.0982391870772,369.36429390384325,378.7539978027344,143254200
2023-03-17,377.4256197444262,378.55821591341066,372.94318572096427,374.3253479003906,140553400
2023-03-20,375.1028011958168,378.33746367070916,374.40214170963634,377.9247131347656,93055800
2023-03-21,381.28408976671983,383.3669404738883,379.6907633119906,382.88702392578125,91524200
2023-03-22,382.71428861761933,386.3232414014182,376.3217962204962,376.36016845703125,111746600
2023-03-23,379.2204571484992,383.25176789780386,374.6708576136584,377.3775939941406,119351300
2023-03-24,376.1010222149094,379.9403548581303,373.75902695920195,379.8539733886719,107682400
2023-03-27,382.1287415933862,382.8966256334002,379.67157124890343,380.564208984375,74010400
2023-03-28,379.87314668350865,380.564227707631,377.8767066648121,379.7099914550781,62871700
2023-03-29,383.8660584843338,385.46899270747423,382.6662670661032,385.2290344238281,77497900
2023-03-30,387.8589693504225,388.1085353397573,385.6225710265115,387.4846496582031,69840000
2023-03-31,388.4060846284512,393.2436518891425,388.3004877505952,392.94610595703125,112062600
2023-04-03,392.42779542260035,394.84656445369103,392.03426030988214,394.4434509277344,67391100
2023-04-04,395.08655642138893,395.37452397054454,390.88248211307797,392.25506591796875,66601500
2023-04-05,391.52554275858984,392.2838191469049,389.577082640603,391.2279968261719,65200200
2023-04-06,390.4313411526847,393.0325102209904,389.3851264771968,392.754150390625,63743300
2023-04-10,390.27775752337686,393.23406013832266,389.66347951634174,393.1572570800781,63681000
2023-04-11,393.78110489870676,394.66413487537017,392.4949321645028,393.2627868652344,59297900
2023-04-12,395.3264818376402,395.61444936283374,391.0744279375137,391.659912109375,86420400
2023-04-13,392.7445207254535,397.2173467130726,391.6023169352439,396.8622131347656,85814800
2023-04-14,396.22873922494233,398.4171577397506,393.58919793642514,395.8927917480469,78161500
2023-04-17,395.8064093482449,397.3325406110166,394.577824032139,397.3133544921875,66436400
2023-04-18,398.8874765900454,399.0218673008723,396.1999552913603,397.572509765625,63560000
2023-04-19,395.66238716810176,398.40749567354555,395.6047995275526,397.5052795410156,55227300
2023-04-20,394.6929889766768,397.0829934844094,393.7907434550367,395.3360900878906,75840400
2023-04-21,395.63361128968654,396.10392013942635,393.6947589557848,395.6432189941406,73457400
2023-04-24,395.44169241406223,396.47832873039835,394.1075394245126,396.0559997558594,64332100
2023-04-25,394.0883231137075,394.6450428024144,389.7114858346393,389.7690734863281,97766700
2023-04-26,390.3833550986097,391.4583635816679,387.56144318468967,388.1181335449219,80447000
2023-04-27,390.65211692803183,396.11357024267807,390.40255091976803,395.8448181152344,92968400
2023-04-28,394.9618177860324,399.2330879315298,394.9042301280886,399.2234802246094,89433100
2023-05-01,398.7819109693187,400.8455465437123,398.58993260769745,398.8203125,62122300
2023-05-02,398.1099974743272,398.1580067083917,391.43917444922255,394.3378601074219,103998500
2023-05-03,394.83697342513307,397.24616414474065,391.39117573178515,391.6311340332031,91531800
2023-05-04,390.5849268562114,390.91126663739385,387.52305652796423,388.85723876953125,94901900
2023-05-05,392.48541888407567,397.102214486308,392.2262744508848,396.0559997558594,87891800
2023-05-08,396.3823017131118,396.64144612156804,394.76018132750204,396.1615295410156,50046800
2023-05-09,394.616172665633,395.53760420625383,394.19384377372745,394.4241943359375,49220100
2023-05-10,397.25577792419296,397.88927136463667,392.44700411687967,396.26715087890625,96142900
2023-05-11,395.4033173680311,395.8640185793233,393.5028369960926,395.5760803222656,70157100
2023-05-12,396.814342359157,397.0255068816186,392.6390611556344,395.0578308105469,70481500
2023-05-15,395.66240845072787,396.8237983199805,393.75234992228525,396.4206848144531,54289400
2023-05-16,395.31695461644586,396.238415734528,393.762029255893,393.7716369628906,57705500
2023-05-17,395.7872502342352,399.1562450551422,394.14594356293253,398.55157470703125,87287000
2023-05-18,398.23480532655367,402.8132286270494,398.0140624281471,402.3908996582031,97177200
2023-05-19,403.29311788250186,403.82101441184767,400.58638129995114,401.80535888671875,103793300
2023-05-22,401.8245977682805,403.50430592203884,400.58640469895295,401.96856689453125,60745400
2023-05-23,400.32722839371974,401.9013689419868,397.0638012887145,397.45733642578125,86383500
2023-05-24,395.8543837451471,396.2383111304324,393.41639944632345,394.5777893066406,89213700
2023-05-25,398.0812240048889,399.4442000783956,395.84482546980115,397.9948425292969,90961600
2023-05-26,398.6475494260872,403.86904489294824,398.5707756508926,403.149169921875,93830000
2023-05-30,405.0783704702366,405.60626696953454,401.9205113036728,403.30267333984375,72216000
2023-05-31,401.4790054006544,402.38125089733444,399.5017514717894,401.0662841796875,110811800
2023-06-01,401.29664281865877,405.93265339027886,400.04887142591303,404.8768310546875,88865000
2023-06-02,407.4491390116575,411.5188218630449,406.92124253883765,410.7317810058594,91426200
2023-06-05,411.0773593229492,412.36353228842165,409.2440744066445,409.94476318359375,65460200
2023-06-06,409.53201283462573,411.36526832885664,408.87930404707026,410.8373718261719,64022200
2023-06-07,411.2309384070294,412.3635345526036,408.9945106484148,409.4168395996094,85373300
2023-06-08,409.4840283285931,412.344341762355,408.71617349799953,411.8932189941406,61952800
2023-06-09,412.6898813507892,414.63834160760314,411.64366666036057,412.6322937011719,85742800
2023-06-12,413.61134578902306,416.4524439304632,412.89147087099775,416.3756408691406,76104300
2023-06-13,417.8345546921649,419.76379931662035,417.1722675057486,419.1207275390625,95899700
2023-06-14,419.45674831132544,421.42439480568777,416.1741056268984,419.6199035644531,100612100
2023-06-15,418.80397116276845,426.069914890404,418.70801128446885,424.8221435546875,110303100
2023-06-16,426.80484934957235,427.3732510116979,422.9030966686289,423.3751525878906,114165800
2023-06-20,421.4387253030806,422.32503554227975,419.1072877770987,421.1785888671875,76160400
2023-06-21,420.19591625792975,420.9955241203809,418.43288044222425,419.02056884765625,76982300
2023-06-22,418.0667832912389,420.6390407754928,417.72958794220574,420.5330810546875,70637200
2023-06-23,417.08410091737835,419.1361444036858,416.6409458444642,417.3538513183594,92074500
2023-06-26,416.7854848977608,418.70263864501453,415.4078319979814,415.648681640625,72823600
2023-06-27,416.52540707007813,420.8221567639146,416.0726085341393,420.2055969238281,72813700
2023-06-28,419.1265918933675,421.4291288943605,418.51003201482644,420.4175720214844,75636000
2023-06-29,420.0032229268465,422.2383146152685,419.59861200085055,422.07452392578125,67882300
2023-06-30,425.28267848094407,428.0379843526411,424.96474047999936,427.0553283691406,104964000
2023-07-03,426.70844840618423,427.82596471994304,426.429054627451,427.5466003417969,32793400
2023-07-05,425.7354497315169,427.6429894132442,425.7258063379871,426.9107971191406,58418400
2023-07-06,423.3366343156822,423.991738320798,421.06299828536083,423.5678405761719,80658300
2023-07-07,422.57550143257924,426.43873894163033,422.25756345371417,422.4984130859375,86134200
2023-07-10,422.1420000351028,423.7412452715391,421.57359837767063,423.5678405761719,62443500
2023-07-11,424.32887832662993,426.75663194663485,423.3558364397673,426.2652893066406,64463800
2023-07-12,430.0515200243212,431.1016209821125,428.62567949600117,429.6950378417969,91924500
2023-07-13,431.50622355890425,433.89546265173254,431.07271183277675,433.10546875,72425200
2023-07-14,433.99178336356243,434.83954937929775,432.0746002832751,432.835693359375,69815800
2023-07-17,432.6912196663996,435.3887239970372,432.6430320958501,434.338623046875,52680200
2023-07-18,434.01109662916457,438.2115006773749,433.5775554716282,437.5660400390625,80668200
2023-07-19,438.35601441060516,439.724023983291,437.48893213427476,438.5390625,65891700
2023-07-20,437.5467915202886,438.442745236727,434.91670253914305,435.6296081542969,70591600
2023-07-21,437.34445662901965,437.5467915202886,435.6199941598992,435.6296081542969,71275600
2023-07-24,436.7760157789645,438.38490436691495,435.74517222742827,437.5756530761719,54023400
2023-07-25,437.30596920574715,440.0227313093904,437.25778162836633,438.77032470703125,55191200
2023-07-26,437.83576473919794,440.263518637083,436.7856637889011,438.83770751953125,71052900
2023-07-27,442.2191524157684,442.6237927069571,435.0225647127747,435.92816162109375,92194400
2023-07-28,439.1941022739153,441.02455349957694,435.928167325532,440.196044921875,80011800
2023-07-31,440.66814456102355,441.39069349037516,439.35790721415856,441.03424072265625,62040400
2023-08-01,439.569820909262,440.5139620189602,438.81837125887813,439.77215576171875,55291500
2023-08-02,436.6604008783812,436.9205079074881,432.90315234388123,433.65460205078125,93933400
2023-08-03,431.6410666517331,434.29041249284955,430.9955767287294,432.4117736816406,64276100
2023-08-04,434.2229769011584,436.3231785934213,429.93584177835424,430.4560852050781,100128900
2023-08-07,432.2865209235964,434.3674651549641,431.5928728464738,434.21331787109375,58357500
2023-08-08,431.67964426037906,434.2037733620173,428.9724964679823,432.32513427734375,71361300
2023-08-09,432.59488283321724,432.7586735355105,428.6738433785323,429.4349365234375,78789600
2023-08-10,431.7855978075418,435.1671361209915,428.4233462814403,429.58905029296875,93005500
2023-08-11,427.72008989099777,430.3501787286785,427.1227874459535,429.3385925292969,68690900
2023-08-14,428.4233330175674,431.70849609375,428.11503843544807,431.70849609375,47867400
2023-08-15,429.9358583347008,430.29234049304716,426.1111649328765,426.6795959472656,75707500
2023-08-16,426.2653150386881,427.9223617239687,423.44256433778145,423.5485534667969,80107200
2023-08-17,425.01294414487614,425.27305119137833,419.8009540161682,420.3211975097656,95711300
2023-08-18,417.5080258452247,421.5543115245304,417.1612164787308,420.5234680175781,98852000
2023-08-21,421.5349994297979,424.00129722321185,419.3866396038395,423.2594909667969,68719000
2023-08-22,425.0321947779214,425.0321947779214,421.55433988295033,422.11309814453125,64994200
2023-08-23,423.1728380844883,427.43107286328376,423.0283341735705,426.8144836425781,68441000
2023-08-24,428.41372832126285,428.9243284062607,420.8703007742917,420.89923095703125,88517300
2023-08-25,422.62372359066535,425.14782341445994,419.07842352366526,423.86651611328125,102325100
2023-08-28,426.05336574379237,427.1709115909124,423.8664616174519,426.5543518066406,61595400
2023-08-29,426.44835885508,432.9994865828607,426.26531078000176,432.7200927734375,83081900
2023-08-30,433.05731299234867,435.1382574911251,432.35402143192493,434.5024108886719,69053900
2023-08-31,435.11898360214246,436.2557869248091,433.6835290574293,433.8665771484375,66084600
2023-09-01,436.5833515582069,437.06505085275637,433.2210704898494,434.6758117675781,58944100
2023-09-05,434.23263347174435,434.5505420529184,432.72973410501413,432.7971496582031,55166200
2023-09-06,431.987958395261,432.0939475374288,427.5659620214055,429.88775634765625,70758500
2023-09-07,426.8915071469469,429.24220190465525,426.5446977895423,428.5678405761719,70355400
2023-09-08,428.61604594030854,430.74514868706615,428.25959315019446,429.2133483886719,61659700
2023-09-11,431.8337979292306,432.3443980335229,430.1285929169173,432.0361328125,60180100
2023-09-12,430.59096036501694,432.1131170199776,429.0880610953536,429.66607666015625,67565400
2023-09-13,429.8877509320253,431.3232055262028,428.7894623481302,430.1671447753906,60199300
2023-09-14,432.63336626870154,434.56977723810513,431.33277242916336,433.8761291503906,83430800
2023-09-15,432.2935859212208,432.62229333118586,428.21370176743056,428.64874267578125,111848900
2023-09-18,428.3393572391215,430.1956202798295,427.8656361967372,428.9001159667969,55752200
2023-09-19,427.9816479077142,428.57140936349316,425.33263382268484,428.0106506347656,66514600
2023-09-20,429.2674693964477,429.68318495179983,423.8727265693422,424.0757751464844,82562600
2023-09-21,421.233389771168,421.49441429318694,416.91180676973505,417.0664978027344,104095800
2023-09-22,418.09131961695476,419.6865285568745,415.71297806578804,416.12872314453125,100829700
2023-09-25,414.920205158679,417.9172517040119,414.485134786977,417.87860107421875,70874500
2023-09-26,414.84291199312287,415.5486844090262,410.90804120931955,411.739501953125,96168400
2023-09-27,412.90931622583537,413.47007499335564,408.268702550775,411.9038391113281,104705800
2023-09-28,411.35270706101295,415.964317107926,410.762945679416,414.291748046875,92258300
2023-09-29,417.3371661441051,417.5111824781116,411.7684074215334,413.2862854003906,115111300
2023-10-02,412.454856073705,414.3691244055631,410.36657139466814,413.1219482421875,83798600
2023-10-03,410.9466132055397,413.17991127797546,406.22864047101564,407.5918273925781,103760600
2023-10-04,408.0559666596498,411.3043900178651,406.59609392791054,410.5599670410156,87453000
2023-10-05,410.2699077129364,411.24638199806213,407.18585282564163,410.4052734375,70142700
2023-10-06,407.9592344326086,416.8150963910029,406.63472757769614,415.27789306640625,113273300
2023-10-09,413.3830108074734,418.5070521455923,412.8319589906931,417.9366455078125,80374400
2023-10-10,418.5649967058061,422.70288570856627,418.1686064888882,420.11187744140625,78607300
2023-10-11,421.17534896503963,422.0841107631383,418.79700772466646,421.832763671875,62451700
2023-10-12,422.44187816631086,422.8189135801861,416.91179922986146,419.2611083984375,81154200
2023-10-13,420.75969048751125,421.9585387631344,415.6066757486928,417.1728820800781,95143100
2023-10-16,419.4158131019472,422.6255856986061,419.1741138914331,421.5621032714844,75433200
2023-10-17,418.4393454760135,423.5923892481788,418.09131276942526,421.5427551269531,75324700
2023-10-18,419.77349041439385,420.7306097718711,414.8428210042976,415.9256286621094,93559800
2023-10-19,416.64105822052716,418.4489633659572,411.59437816274504,412.2711181640625,121323000
2023-10-20,411.8361657385735,412.37756965755136,407.0988371910665,407.2052001953125,123919900
2023-10-23,405.67757598059893,410.3568982821464,403.9276761980999,406.4993591308594,92035100
2023-10-24,408.61664598235126,410.71460793995783,406.77006062450005,409.5641174316406,78564200
2023-10-25,407.8819596802007,407.9109624071266,403.17363397769196,403.68603515625,94223200
2023-10-26,402.6225515026816,403.47330792914914,397.9335809780985,398.8520202636719,115156800
2023-10-27,400.43756406837696,400.83395429205797,395.6229054415524,397.0440979003906,107367700
2023-10-30,399.82854108268697,402.84494282186495,398.5330367205683,401.7911376953125,86562700
2023-10-31,402.361504611754,404.63348310254605,400.45691364342605,404.314453125,79665200
2023-11-01,405.28123407598383,409.43844855236455,404.74947812853236,408.6263427734375,98068100
2023-11-02,412.41619465013827,416.61211901779166,412.39686933434086,416.4574279785156,94938900
2023-11-03,418.7584345746445,421.80383898984763,418.63274625361095,420.2569580078125,100167800
2023-11-06,421.01102787683624,421.66844265759465,419.28045324415575,421.2237243652344,67831700
2023-11-07,421.22369728667144,423.0606052933152,420.0828841514639,422.4225158691406,64256100
2023-11-08,423.0219303160148,423.544008852029,420.4309219590949,422.7319030761719,61746000
2023-11-09,423.8727442351021,423.91142437106953,419.00975716373983,419.4351501464844,83174400
2023-11-10,421.5040718428815,426.2896982135309,419.4254351571336,425.9803161621094,89462200
2023-11-13,424.64619358239656,426.6764433760795,423.86309048956497,425.5743103027344,52236100
2023-11-14,431.50079597873554,435.1166069139446,431.2784220719966,433.8307800292969,97176900
2023-11-15,435.16489156652574,436.39274237985995,433.8983901244557,434.7491760253906,77327600
2023-11-16,434.30447059030485,435.59997479434537,433.24098818272,435.28094482421875,66665800
2023-11-17,435.2905402507456,436.43138278914034,434.3721010809706,435.8222961425781,83133200
2023-11-20,435.5709613361329,440.01823251915994,435.56128392675316,439.1771240234375,69936200
2023-11-21,438.13299304399567,439.0514618608499,436.9534996970191,438.2200012207031,49244600
2023-11-22,439.8732756356209,441.2267854299995,438.8194705277012,439.91192626953125,59394900
2023-11-24,439.9602117787139,440.3759273074353,439.631504418495,440.18255615234375,29737400
2023-11-27,439.55420100976517,440.3663068584605,439.0031197003399,439.3898620605469,50506000
2023-11-28,439.00310690168646,441.1203943936042,438.4423777026132,439.82489013671875,62115000
2023-11-29,441.9711138199376,443.10227896211006,439.1190812038522,439.51544189453125,63146000
2023-11-30,440.35662667945024,441.59412543023933,438.28766732031204,441.2460632324219,79752700
2023-12-01,440.6369952391435,444.3881717849613,440.0472633152973,443.8564453125,89183400
2023-12-04,440.4726841519421,443.87579870037587,439.25451058722007,441.5264892578125,72430900
2023-12-05,440.14397929835064,442.3966031608258,439.76691433401015,441.4394836425781,69793500
2023-12-06,443.5760069120985,443.6050096339301,439.22542161159066,439.6604919433594,69124700
2023-12-07,441.73911050428126,443.6630266124851,441.13970123464765,443.0152893066406,66995400
2023-12-08,442.27087844484373,445.451648340426,442.02917923250493,444.919921875,83194400
2023-12-11,444.4268307846884,446.8244975103325,444.2141343049595,446.65045166015625,65002200
2023-12-12,446.3024402574832,448.7871152745883,445.30664066950123,448.6904296875,68327600
2023-12-13,449.0674408996175,455.12927578193285,448.709730800554,454.8778991699219,93278000
2023-12-14,456.81145899765846,458.0006296077065,453.6693695971455,456.3377380371094,119026000
2023-12-15,455.7417134699126,456.9163018501235,453.7420397034311,455.5863952636719,141553700
2023-12-18,457.1881393985243,459.12957270241793,456.13006180277284,458.1491394042969,70375300
2023-12-19,458.69270565753243,461.012732509764,458.61506136543755,460.93505859375,55761800
2023-12-20,460.0808576886502,461.96405036999886,454.1206728290634,454.54779052734375,102921000
2023-12-21,457.5278204873464,459.1295265010188,455.1107457468796,458.85772705078125,86667500
2023-12-22,459.98374941589714,461.45925759296136,457.8870276491879,459.7799072265625,67160400
2023-12-26,460.1876248035588,462.62410332069675,460.1099508863103,461.7213439941406,55387000
2023-12-27,461.51747852635486,462.7017539013479,460.98359627385656,462.55615234375,68000300
2023-12-28,462.9152734595555,463.56563690296394,462.31343398992425,462.7308349609375,77158100
2023-12-29,462.5367654374911,463.06096072132885,459.4401769650659,461.3913269042969,122283100
2024-01-02,458.333531951908,459.7993234289346,456.71242227128295,458.8091735839844,123623700
2024-01-03,456.6542463475319,457.39200051317124,454.4604467676884,455.0622863769531,103585900
2024-01-04,454.5865251948926,457.16863464029916,453.37312956964047,453.5964050292969,84232200
2024-01-05,453.8003122508208,456.66393818647634,452.7713549830218,454.2177429199219,86118900
2024-01-08,454.71281340697016,460.8477500166702,454.5866154970485,460.7021484375,74879100
2024-01-09,458.05202403896755,461.02241437904433,457.54726208619434,460.003173828125,65931400
2024-01-10,460.275022232607,463.4686883884697,459.99350610212235,462.604736328125,67310600
2024-01-11,463.6045274671268,464.1190060691037,458.43062113494074,462.4008483886719,77940700
2024-01-12,463.84716505686447,464.5849190705561,461.3136092318177,462.72113037109375,58026400
2024-01-16,461.3427529504032,462.65319658217305,459.207164709733,461.02239990234375,85014900
2024-01-17,458.0035703058881,458.94516670999695,456.1106608508071,458.4598083496094,68843900
2024-01-18,460.12938495584103,463.09005873569527,458.58594911701266,462.5367431640625,91856200
2024-01-19,463.6628015298727,468.58434205067863,462.5853202688259,468.3028259277344,110834500
2024-01-22,469.83653714242234,471.0110958989677,468.6425450951434,469.2929382324219,75844900
2024-01-23,469.836566173897,470.9043307691421,468.7493682867175,470.6616516113281,49945300
2024-01-24,473.52526505734005,474.45714470411593,470.6810725123754,471.1761474609375,81765000
2024-01-25,473.3020267275593,474.01066056996024,471.17618444820096,473.7388610839844,72525000
2024-01-26,473.3117458196852,474.7969411657135,472.2925051479898,473.13702392578125,76641600
2024-01-29,473.4476261562877,477.0295728420406,472.9040272208165,476.8839416503906,61322800
2024-01-30,476.19475312019154,477.2237103899132,475.7579187820987,476.5151062011719,58618400
2024-01-31,474.31152767890586,474.7580490082776,468.7201907326481,468.7396240234375,126011100
2024-02-01,470.43842101293257,474.90372358641025,469.6327095934461,474.8746032714844,91891600
2024-02-02,475.3114294440355,481.52401044125736,474.9716726719537,479.8738098144531,99228200
2024-02-05,479.24278207992484,479.9028622372628,475.8743943997294,478.1264343261719,75757100
2024-02-06,479.06803644581043,479.84462748505155,477.64108188661896,479.51458740234375,55918600
2024-02-07,481.75695184930976,483.93134756331705,480.8541628931194,483.5139465332031,70556500
2024-02-08,483.51391920150996,484.1060420771884,482.6985208548494,483.72747802734375,52343600
2024-02-09,484.2322866772762,486.9599980744067,483.8925299274153,486.523193359375,63979400
2024-02-12,486.4940393494017,488.7557959365899,485.59125041968997,486.3096008300781,56502300
2024-02-13,480.04846760997253,482.5334996770295,476.35003982173856,479.61163330078125,113099200
2024-02-14,482.2423403647749,484.4555731763151,479.92231331563113,483.97021484375,68387800
2024-02-15,484.66912826614583,487.49391729462275,484.1934569596569,487.3094787597656,61683000
2024-02-16,487.0085316428908,488.14425347916483,484.1449058140717,484.8826599121094,75532900
2024-02-20,483.14507545774694,483.8148722929186,479.970842787005,482.21319580078125,71736700
2024-02-21,480.9124629140013,482.8053426352379,479.1069145137689,482.6500244140625,59293400
2024-02-22,489.2509713618479,493.5997635555531,488.2899416101041,492.6387634277344,76402500
2024-02-23,494.35685563775104,495.1916873577398,492.25041710535265,492.97845458984375,61321800
2024-02-26,493.41526570907337,493.8521000550051,491.0467146922128,491.17291259765625,50386700
2024-02-27,491.86211180789684,492.30863314805396,489.9692025931845,492.0853576660156,48854500
2024-02-28,490.53220860244136,492.0174038220213,490.17304819868775,491.43499755859375,56506600
2024-02-29,493.1920036518268,494.8130838290683,490.5516532421677,493.2016906738281,83924800
2024-03-01,494.07533144522296,498.2590878764062,493.6676174504883,497.83197021484375,76844800
2024-03-04,497.03607301464484,499.1425115484434,497.00692307628157,497.2981262207031,49799300
2024-03-05,495.2984545471132,495.745005535815,490.1245478315941,492.32806396484375,72855600
2024-03-06,495.59937641592427,497.07488469099843,493.53177482463775,494.82281494140625,68382400
2024-03-07,498.11356939849594,500.78304025779806,494.8810662776538,499.7346496582031,58652100
2024-03-08,500.36563844693006,503.0447667007892,496.1624186562773,496.7351379394531,86532500
2024-03-11,495.5314219659159,496.89041928478855,493.6093924281333,496.3079833984375,62557200
2024-03-12,498.41437869932173,502.22928728092404,495.90019699654187,501.6468811035156,73114400
2024-03-13,501.9672879725168,502.14200986510485,499.4240150117718,500.86065673828125,55104100
2024-03-14,501.83132111592977,501.9866689472691,496.8321662856789,499.8705139160156,110171800
2024-03-15,496.80816405826874,498.2590460217431,494.77306623402836,496.4381408691406,107646300
2024-03-18,500.4985887866016,501.93969410963876,498.97956820958467,499.3885192871094,88893300
2024-03-19,498.69727097739485,502.44611843714694,497.6942976787681,502.16375732421875,60755300
2024-03-20,502.22210687375775,506.9446864437559,501.5502289693654,506.808349609375,69594600
2024-03-21,509.6419595938359,510.34301859328446,508.20079481953724,508.48321533203125,60256100
2024-03-22,508.3955498176283,508.88241615238655,507.2854803107173,507.51922607421875,79070800
2024-03-25,506.14624650613894,507.2660628859731,505.961234915521,506.1170654296875,48512100
2024-03-26,507.53866742888704,507.87950952715136,504.78304672651166,505.1822509765625,65463700
2024-03-27,508.0060617645378,509.466660680705,505.84434446401093,509.42767333984375,82999800
2024-03-28,509.46662856862366,510.82981847863687,509.04793070421056,509.3302917480469,96294900
2024-04-01,510.07042079723595,510.60596189996124,507.28550008559404,508.4442443847656,62477500
2024-04-02,504.62721155274875,505.3477642225264,502.9134325371014,505.21148681640625,74230300
2024-04-03,504.1208992573895,507.266096506351,504.07222450545925,505.7665100097656,59155800
2024-04-04,509.76853565111946,510.1093183056524,499.2911628340767,499.593017578125,96858100
2024-04-05,500.9465048519071,506.7694068986325,500.5083132867227,504.81219482421875,74546500
2024-04-08,505.51336185898396,506.5162756490336,504.2864491311744,505.0946044921875,48401800
2024-04-09,506.8278303713481,507.0712635271461,500.8393509659492,505.6788330078125,68049200
2024-04-10,499.9922448100833,502.6018412987628,498.6388015333815,500.6154479980469,82652800
2024-04-11,502.1343964769264,505.8345682969367,498.62898305416263,504.3934631347656,70099000
2024-04-12,500.8589251713878,502.2708495884285,495.7078704459787,497.431396484375,92561100
2024-04-15,501.5989207934361,501.7644387082916,490.3522904966187,491.199462890625,92101400
2024-04-16,491.676555438244,493.19557596027215,489.018254666714,490.3035888671875,73484000
2024-04-17,492.7574157801548,492.9229634124424,486.00945537176443,487.4018859863281,75910300
2024-04-18,488.7942988433905,490.887817979909,485.4641202927352,486.3988952636719,74548100
2024-04-19,486.3210783246666,487.31427501412566,480.8876330360681,482.15350341796875,102212600
2024-04-22,484.7533503648902,489.18385210193054,482.41639776348796,486.5937194824219,67961000
2024-04-23,488.5995792337359,492.7963646750655,486.4086807205422,492.367919921875,64633600
2024-04-24,493.2540334865075,494.0427545951939,489.914137461728,492.1342468261719,55928100
2024-04-25,486.0678630419317,491.02415872515365,484.42225246602163,490.2646484375,69122400
2024-04-26,493.0495906841402,496.48686615025724,492.41667033113185,494.909423828125,64306100
2024-04-29,496.69128964862307,497.33395677101214,493.9258924563797,496.6620788574219,46415400
2024-04-30,495.20145909113546,496.1751917116098,488.7943115234375,488.7943115234375,77483600
2024-05-01,488.2100967940072,494.841213980312,486.7397509352648,487.2071533203125,80242800
2024-05-02,490.90730120185356,492.60161619088024,486.4281251448712,491.7641906738281,62550200
2024-05-03,497.73318173027803,499.08665465274976,495.20147091341136,497.8597717285156,72756700
2024-05-06,500.2551653379584,503.0400265445959,499.8169737447077,503.0010986328125,47264700
2024-05-07,503.9650423598839,504.94852179554,502.88421343694205,503.55609130859375,52561300
2024-05-08,501.72553086291623,504.14036899052337,501.6086876910597,503.6048278808594,42047200
2024-05-09,503.7898378767789,506.5455181068331,503.1374535973279,506.50653076171875,43643700
2024-05-10,508.10351940578255,508.9117342857,505.94186107705553,507.1590270996094,52233200
2024-05-13,508.8337334335511,508.94082976185797,506.0878002167031,507.22705078125,36716400
2024-05-14,507.42184425163964,510.070428158798,506.8863031411852,509.5543212890625,57535900
2024-05-15,512.0178797101214,516.1562436643347,511.38492968552964,515.8641357421875,59504900
2024-05-16,515.9614786446474,517.558414507879,514.6566506998298,514.802734375,50244800
2024-05-17,514.9196434193897,515.6110151080264,513.4687910457112,515.5428466796875,59187600
2024-05-20,515.6595992673854,517.5973177042522,515.2700824401487,516.13671875,37764200
2024-05-21,515.3773882789088,517.5585405099803,515.172882970268,517.4027099609375,33437000
2024-05-22,516.7112486575287,517.4220544657823,513.741316563043,515.9127807617188,48390000
2024-05-23,518.9605990872589,519.0676954201629,510.93699174891134,512.1444702148438,57211200
2024-05-24,513.9846980938406,516.3411736344989,513.0402060562079,515.532958984375,41291100
2024-05-28,516.3412489766735,516.5749353115505,513.2642204156563,515.893310546875,36269600
2024-05-29,511.871810616093,513.4589997088932,511.56995584928654,512.28076171875,45190300
2024-05-30,510.7423397089747,511.40447087133504,507.6361297457073,508.8824768066406,46377600
2024-05-31,509.8367770177735,513.6440460717812,504.7441141188356,513.5174560546875,90785800
2024-06-03,515.1241421408643,515.4065032558699,508.87273480704334,513.9361572265625,46835700
2024-06-04,512.6313840068518,515.2507275789484,511.17078482758455,514.5106811523438,34632700
2024-06-05,516.8281493311971,520.6451650598835,514.84169649016,520.6256713867188,47610400
2024-06-06,520.9275073614583,521.3559521321091,518.6879340097541,520.6159057617188,30808500
2024-06-07,519.6420681166458,522.787264555686,518.5514924537447,519.98291015625,43224500
2024-06-10,519.1747616812378,521.9109480214009,518.5807990347079,521.589599609375,35686100
2024-06-11,520.0414700499772,522.9042467845098,518.0745108271142,522.8458251953125,36383400
2024-06-12,527.4028194115604,529.8274041983666,526.1077383475028,527.139892578125,63251300
2024-06-13,528.8829798084458,529.0582445758802,525.4164935113477,528.2013549804688,44760900
2024-06-14,526.6725890295746,528.551886156822,525.6696157422205,528.522705078125,40089900
2024-06-17,527.8410283318889,534.1216160104203,527.3833430672393,532.7291259765625,55839500
2024-06-18,532.7874995764366,534.2091705580833,532.3688016931667,534.0825805664062,41376400
2024-06-20,535.0076850141029,535.669816103357,530.8595742964317,532.6317749023438,70328200
2024-06-21,531.8102827682807,533.0313753907063,530.4621917432297,531.917724609375,64338600
2024-06-24,531.7418545665156,534.3012597413704,530.0713785197397,530.1885986328125,45528700
2024-06-25,531.4097461795637,532.5917853363576,529.8956032092343,532.2303466796875,37936200
2024-06-26,531.1166742934914,533.6076912884868,530.4719636310322,532.8945922851562,38550600
2024-06-27,532.7578061070262,534.3110621107577,532.0153722749866,533.7346801757812,35041500
2024-06-28,534.5064116818106,537.5543137581463,530.3938098387125,531.6343994140625,76144500
2024-07-01,533.0117876323043,533.2560061424955,529.9737236752046,532.728515625,40297800
2024-07-02,531.1264605772033,536.3136596679688,531.0776287968915,536.3136596679688,40434800
2024-07-03,536.0010708200014,539.068469909586,535.9620173191718,538.70703125,32789900
2024-07-05,539.0098526062544,542.213968717536,538.3748605783948,541.8134765625,41488400
2024-07-08,542.5948722312855,543.3861377502993,541.3737797869028,542.4385986328125,36110500
2024-07-09,543.3959524424528,544.2946598471173,542.6730752067231,542.9661254882812,27289700
2024-07-10,544.1872136667199,548.6808102777995,543.894163387503,548.3389282226562,38701200
2024-07-11,548.4561564855596,549.3255886798729,542.9759074999535,543.61083984375,53054200
2024-07-12,544.7343252522627,550.6346235261244,544.2654447499774,547.0397338867188,53084400
2024-07-15,549.0325654558818,551.7775792240066,546.6880438244344,548.5441284179688,40584300
2024-07-16,549.8530882979716,552.090108393895,549.1008762046278,551.7970581054688,36475300
2024-07-17,545.8772131422685,547.5476892504238,543.7378565645935,544.0602416992188,57119000
2024-07-18,545.5939606590898,546.5806130354061,537.7008012722223,539.8792114257812,56270400
2024-07-19,539.644738170822,541.2663824595259,535.2390267295067,536.2940673828125,65509100
2024-07-22,540.2113760766848,542.4288993582354,538.277184442637,541.8232421875,43346700
2024-07-23,541.7157629327536,543.8648979607326,540.4849516029554,540.973388671875,34439600
2024-07-24,536.1671782286543,536.47000685651,527.7953588811716,528.713623046875,74515300
2024-07-25,528.8306910081631,534.7994361794972,525.0209183627663,525.9586791992188,61158300
2024-07-26,529.7392825093052,534.5357078065754,528.9675138593225,531.8493041992188,53763800
2024-07-29,533.3927359573876,534.3988851266782,530.169004207153,532.161865234375,39515800
2024-07-30,533.6273139750385,534.6823548134623,526.0663171509535,529.4658203125,46853600
2024-07-31,536.2842643515584,540.6997538692295,534.9166765387299,538.0719604492188,65663400
2024-08-01,539.7913683115238,542.0381669821182,526.9552273833177,530.4524536132812,76428700
2024-08-02,523.3602388903765,524.5715530952934,516.3755660291246,520.576171875,82789100
2024-08-05,499.80791295578933,511.47179289103417,498.46957030548145,505.4151611328125,146267400
2024-08-06,507.21253555376086,517.4990483238507,505.89377938390135,510.0748291015625,84826300
2024-08-07,516.248598311969,519.2965001883216,506.06958745039486,506.66546630859375,70698300
2024-08-08,511.79405372836936,519.0033889369354,509.77197692780607,518.3782348632812,63276600
2024-08-09,517.5576103421191,522.1489300560904,516.3365178449808,520.6640625,45619600
2024-08-12,521.8559471668351,523.3407552909962,518.6713279832952,520.9376831054688,42542100
2024-08-13,524.1222955084382,529.7393216479126,523.878076980635,529.5048217773438,52333100
2024-08-14,530.2960214933445,532.3572709257232,527.6291745808618,531.1752319335938,42446900
2024-08-15,536.7922160560852,540.562935056648,536.1865589989441,540.2796630859375,60846800
2024-08-16,538.6678476452682,542.1846298407453,538.5115740387317,541.4910278320312,44430700
2024-08-19,541.9012465320536,546.6683959960938,541.0513709978661,546.6683959960938,39121800
2024-08-20,546.2191462607274,547.8700657821756,544.4412283435015,545.779541015625,33732300
2024-08-21,546.8247712917706,549.1106230342316,541.9012882335657,547.6550903320312,41514600
2024-08-22,549.5502804647684,550.1559376249218,542.1455582382872,543.3568725585938,56121500
2024-08-23,546.5903394303513,550.0680084955276,544.4020915801096,549.1301879882812,50639400
2024-08-26,550.1559715338451,550.8690705771505,546.1214765619129,547.8212280273438,35788600
2024-08-27,546.5512887213379,549.0618623501647,545.4083627021253,548.5734252929688,32693900
2024-08-28,548.2315309438809,548.661357929549,542.204174863817,545.3887939453125,41066000
2024-08-29,547.3523779928099,550.6444392611328,544.2947569915759,545.4376831054688,38715200
2024-08-30,547.8017316610252,551.1524028130747,544.2556737558524,550.6444091796875,62700100
2024-09-03,547.5086116923438,547.8407751289367,536.8021094517958,539.3126831054688,60600100
2024-09-04,537.4761456891545,541.6083040829072,536.7532683896355,538.2088012695312,47224900
2024-09-05,538.1502077884983,540.9928852935313,534.4478166491117,536.8997802734375,44264300
2024-09-06,537.2220554393132,538.8436399407501,526.964879098129,527.8635864257812,68493800
2024-09-09,532.0544335310877,535.043665505135,530.1299607989381,533.773681640625,40445800
2024-09-10,535.678706144088,536.450474898389,530.8138918516801,536.0987548828125,36394600
2024-09-11,536.0108196239122,542.5167747623394,527.4729497044474,541.5985107421875,75248600
2024-09-12,542.1748597619055,546.4633510224045,539.9573366553728,546.1605224609375,51819600
2024-09-13,546.7662628583907,550.0094922558702,546.5122660345418,549.0130615234375,39310500
2024-09-16,548.7491943236346,550.0875069413107,546.9517795427174,549.8237915039062,36656100
2024-09-17,552.0314851715059,553.477299266029,547.8211605278194,550.0484619140625,49321000
2024-09-18,550.702966140304,555.5385046014119,547.8602888957543,548.4171142578125,59044900
2024-09-19,557.8048475354702,559.6315971955383,554.9426137920285,557.7755126953125,75315500
2024-09-20,556.4096197933483,557.8500005367814,553.7933228326182,556.8113403320312,77503100
2024-09-23,557.8794446150124,558.8495067502496,556.6643550711399,558.2027587890625,44116900
2024-09-24,558.9964258828836,559.8587165873663,556.1743944512203,559.7999267578125,46805700
2024-09-25,559.6432009533316,560.378103761662,557.4580492681129,558.5653076171875,38428600
2024-09-26,562.8179934718497,563.1413674659622,558.428192996937,560.7798461914062,48336000
2024-09-27,561.8478858705382,562.6611352170194,558.9376397719122,559.9664916992188,42100900
2024-09-30,558.9376557740085,562.8179640810873,556.6447925339722,562.21044921875,63557400
2024-10-01,561.8576367225866,562.5043247858904,554.6065728022052,557.173828125,72668800
2024-10-02,556.282242548741,558.4281611024765,553.8913563966638,557.4090576171875,38097800
2024-10-03,555.9392527365582,558.3301388916863,554.106899883147,556.3900146484375,40846500
2024-10-04,560.828843806913,561.8185225581165,556.6643942780399,561.4461669921875,42939100
2024-10-07,559.7999688939893,560.4467168743025,555.22399069742,556.3704223632812,49964700
2024-10-08,558.9376805045769,562.2300906410503,558.0656412646009,561.63232421875,37398700
2024-10-09,561.6224145456196,566.0808720947961,561.0247080377793,565.5223388671875,37912200
2024-10-10,564.1799758679994,565.9535388259317,562.9257131010544,564.53271484375,44138100
2024-10-11,564.4542980317323,568.6481717987969,564.3171018304082,567.9132690429688,42268000
2024-10-14,569.5202272995722,573.4887501402064,569.0401003876937,572.557861328125,36217200
2024-10-15,572.8224268603595,573.1261842726946,566.8941634738084,568.1092529296875,54203600
2024-10-16,568.1093193754714,571.097912292803,567.3058184280349,570.5785522460938,30725400
2024-10-17,574.1157772582931,574.3215715502484,570.4412636582532,570.62744140625,34393700
2024-10-18,572.3128969974695,573.6063330690159,570.8528997080355,572.8224487304688,37416800
2024-10-21,572.0972566282711,573.0771269383695,568.9126781204517,571.8817138671875,36439000
2024-10-22,569.3536172092114,572.7341816541917,568.6971208640092,571.5779418945312,34183800
2024-10-23,569.5594810059998,570.0004346494243,562.8571411229607,566.3552856445312,49314600
2024-10-24,568.3052337104026,568.3836400907534,564.9639018539431,567.5801391601562,34979900
2024-10-25,569.8043437567766,572.6949728800472,566.4433960638868,567.384033203125,47268200
2024-10-28,570.8529569215461,570.9803448675634,568.8344261393737,569.13818359375,30174700
2024-10-29,568.1778707648036,571.1762720247682,566.7864714367279,570.0592651367188,42899700
2024-10-30,569.5888588084969,571.5780244818477,567.6291179550885,568.3346557617188,41435800
2024-10-31,563.9742291931302,564.0428273008541,556.9975564307639,557.1935424804688,60182500
2024-11-01,559.8195584319851,563.9643910438907,559.1336371976272,559.545166015625,45667500
2024-11-04,559.6823223393656,560.9757583388703,556.4585705161212,558.3399047851562,38217000
2024-11-05,559.2512590975022,565.1304818819561,559.0357163025479,565.09130859375,39478300
2024-11-06,577.3396500855225,580.0146771322202,573.6063462638446,579.142578125,68182000
2024-11-07,581.1415644099445,584.639708979933,581.063158030651,583.62060546875,47233200
2024-11-08,584.1693851078007,587.5695668763649,584.1693851078007,586.1487426757812,46444900
2024-11-11,587.7360663213191,588.0888053142032,584.9826328704219,586.7072143554688,37586800
2024-11-12,586.6288429184635,587.2265495486535,582.4056036057904,584.8847045898438,43006100
2024-11-13,585.3451927424278,587.1677373847895,582.9837313260188,585.1688232421875,47388600
2024-11-14,585.296183408181,585.7763103260314,580.7202054727688,581.4060668945312,38904100
2024-11-15,577.8491019104924,578.3194803370213,572.1070761341368,573.9590454101562,75988800
2024-11-18,574.4195885423085,577.6237838402152,573.5573576252949,576.310791015625,37001700
2024-11-19,572.9400384688264,579.142574989824,572.2737337790142,578.41748046875,49412000
2024-11-20,578.4959457161364,578.897666302881,572.8616903884546,578.613525390625,50032600
2024-11-21,581.455141177832,583.1404896221547,575.6249001169805,581.7196655273438,46750300
2024-11-22,581.7097870344509,584.1497143652956,581.2101034094488,583.5225830078125,38226400
2024-11-25,587.4518855330788,588.7648782973704,583.2188384863542,585.501953125,42441400
2024-11-26,586.7463470552605,589.2254477201681,586.0310608458545,588.5591430664062,45621300
2024-11-27,588.3730114334577,588.755115442667,585.2570306878304,586.7758178710938,34000200
2024-11-29,587.5889978813017,591.2047216811674,587.314665296655,590.4208374023438,30177400
2024-12-02,590.8323780737772,592.1552388895445,590.3424429138348,591.4791259765625,31746000
2024-12-03,591.2439870884159,591.9984465923378,590.2151351783115,591.7534790039062,26906600
2024-12-04,593.4388120135218,595.6728850379003,592.772507434092,595.4279174804688,42787600
2024-12-05,595.4280516027892,596.2315525489399,594.0954421437544,594.4481811523438,28762200
2024-12-06,595.212464951605,596.8096584526629,594.800936138575,595.5750122070312,31241500
2024-12-09,595.4574149257465,595.6239761392873,591.9200973185369,592.5079956054688,34742700
2024-12-10,593.184106485161,593.6054435570935,590.0093361336401,590.6658325195312,37234500
2024-12-11,593.5859415432025,596.1825623151827,593.3115491139272,595.2321166992188,28677700
2024-12-12,594.3696859896878,594.9379676481675,592.1649780273438,592.1649780273438,31543800
2024-12-13,594.1934038090473,594.9086900260288,590.6756429397628,592.0474853515625,35904700
2024-12-16,593.8014244521054,595.54562235978,593.0273484159295,594.5755004882812,43695200
2024-12-17,592.0278913761272,592.9881452170704,590.7540718346318,592.1258544921875,55773500
2024-12-18,591.822113059209,594.2031909866316,574.0962907751041,574.4784545898438,108248700
2024-12-19,579.456191269411,581.0631932062172,574.0570953688857,574.3020629882812,85919500
2024-12-20,571.9778279294948,585.7225012446567,571.132257605004,581.199951171875,125716700
2024-12-23,580.9443919924163,585.2801382457641,577.7687172457148,584.680419921875,57635800
2024-12-24,586.0272849416975,591.2184422848073,585.4471892507113,591.1790771484375,33160100
2024-12-26,589.409327922106,592.3391499159457,588.0132458991934,591.2183837890625,41219100
2024-12-27,587.4823797773107,587.7183905820746,580.8165297326684,584.9949951171875,64969300
2024-12-30,577.9949335439408,581.7801081982007,574.5734664197146,578.3193359375,56578800
2024-12-31,579.9808236627084,580.698577374324,574.5832389413312,576.21533203125,57052700
2025-01-02,579.4696102256324,581.1803135593343,570.7292291618253,574.799560546875,50204000
2025-01-03,577.6408028082942,582.6254124428244,576.5592818557609,581.9863891601562,37888500
2025-01-06,586.2337670283534,589.6060270134918,583.608664526265,585.3390502929688,47679400
2025-01-07,587.3643786767495,587.6888410122485,576.903513754268,578.7223510742188,60393100
2025-01-08,578.7911897402016,580.6395509433228,575.350100693004,579.56787109375,47304700
2025-01-10,576.0186519228087,576.0874809051687,568.8120114375996,570.7193603515625,73105000
2025-01-13,566.0788468496604,571.9581742427216,565.6658729466735,571.604248046875,47910100
2025-01-14,574.5242054496483,575.1534475548353,568.6153544470202,572.3907470703125,48420600
2025-01-15,580.3938376431494,583.943061283102,579.2828525136379,582.8026123046875,56900200
2025-01-16,584.1690862304802,584.34604932179,580.9836305712422,581.6817016601562,43319700
2025-01-17,586.9121689712896,589.2717368825727,585.5848557638515,587.521728515625,58070600
2025-01-21,590.5596519481012,592.9094384516549,588.5933154613438,592.8995971679688,42532900
2025-01-22,595.7213382459036,597.5893820777127,595.1707663809229,596.2326049804688,48196000
2025-01-23,595.6033506126263,599.4868774414062,595.3280946897063,599.4868774414062,41152100
2025-01-24,599.5459337435196,600.4996383180872,596.5865871884719,597.7368774414062,34604700
2025-01-27,584.798310310645,589.5961762199101,584.6311885086425,589.2815551757812,70361100
2025-01-28,590.5105900023588,595.1806398263976,587.1973173488781,594.344970703125,44433300
2025-01-29,593.5583671362218,593.9614997638901,589.1341095636221,591.6805419921875,37177400
2025-01-30,593.7943006280343,596.389819126707,590.6087851839717,594.8560791015625,39281300
2025-01-31,597.2747575383468,599.6933732210748,590.9333098394596,591.6903686523438,66566900
2025-02-03,582.6943020815504,590.1860392450765,580.5510025263411,587.70849609375,65857200
2025-02-04,587.7674138666034,592.1621465583886,587.2266834022734,591.6509399414062,33457800
2025-02-05,590.5301667443101,594.1973649569587,588.5048426365228,594.0498657226562,30653100
2025-02-06,595.7901006731433,596.2423796576439,592.4866698522919,596.1145629882812,35771500
2025-02-07,596.6750050236558,597.8941240756534,589.9501076619601,590.6580200195312,50788500
2025-02-10,593.8631053864565,595.3083338092902,592.5947800275039,594.6692504882812,26048700
2025-02-11,592.4080280097315,595.662312577201,592.2900526181724,595.12158203125,30056700
2025-02-12,589.1144530437037,594.3743794070193,588.4360645213627,593.2044067382812,45076100
2025-02-13,594.3055902381474,599.6737110792319,593.047165943141,599.4672241210938,40921300
2025-02-14,599.6736949390985,600.7060096863363,598.8183432907158,599.437744140625,26910400
2025-02-18,600.5978525430173,601.1975708007812,598.1399318067746,601.1975708007812,26749000
2025-02-19,599.8113366176324,602.908280775238,599.3000698962699,602.6133422851562,31011100
2025-02-20,601.2467110134413,601.3843689751305,596.8028311734677,600.1062622070312,36554000
2025-02-21,599.8899930676969,600.0276510429451,589.3799206723878,589.842041015625,76519800
2025-02-24,591.8869960824046,592.8800056614799,586.4500466079941,587.157958984375,50737200
2025-02-25,587.098968367302,587.8265033006376,579.6366946428752,584.2379150390625,58266500
2025-02-26,585.8995163780398,589.4881049123491,581.8980139327481,584.5328979492188,43321600
2025-02-27,586.8040113591791,587.9543615454245,574.8094053796542,575.20263671875,74196700
2025-02-28,575.7040488167072,584.7098443771037,572.6365684069419,584.178955078125,88744100
2025-03-03,586.1453068357338,587.2858157400013,570.1393571070072,573.9442138671875,74249200
2025-03-04,569.952455985737,575.5368441329807,562.6179996474549,567.150390625,109648200
2025-03-05,566.9833166199888,575.035467216836,563.434093538414,573.24609375,71230500
2025-03-06,565.7936477589768,570.4047092717689,560.5238803180225,563.0703125,80094900
2025-03-07,561.2908538818324,567.6716070865215,556.1095373006934,566.226318359375,81158800
2025-03-10,558.0364891964213,559.9536192631458,546.2384702857362,551.1444702148438,99326600
2025-03-11,549.9843938775969,554.5266268117218,542.728606721458,546.5629272460938,88102100
2025-03-12,552.7077001878538,553.631880779765,544.3704523001988,549.4632568359375,69588200
2025-03-13,549.0896792735167,549.6992388466521,540.4279685563406,542.138671875,74079400
2025-03-14,546.7496145526088,554.3397037227768,542.2073825911375,553.3368530273438,62660300
2025-03-17,553.3172833424321,560.1208513978755,552.8846868765244,557.6039428710938,49008700
2025-03-18,555.2934322950165,555.5097605205915,549.6500559715837,551.5770874023438,66041400
2025-03-19,553.3566169353411,561.3399385264869,552.1768030039566,557.584228515625,66556000
2025-03-20,553.848245552193,560.966374832501,553.1304918485869,555.9718627929688,62958200
2025-03-21,551.5205297947124,557.0526817242638,550.2878724028328,556.1552734375,83763000
2025-03-24,562.880651498493,567.1703352751009,562.2890000340255,566.1151733398438,58766800
2025-03-25,567.3182603575567,568.4128457426297,565.7306119858723,567.47607421875,38355700
2025-03-26,567.2097618801449,568.3339598573967,559.3207546377017,560.7013549804688,51848300
2025-03-27,559.3108077400744,562.9792269072261,557.1018956425098,559.2122192382812,42164200
2025-03-28,557.6838014665011,558.4135249923543,547.3689030262066,547.95068359375,71662700
2025-03-31,542.201546342058,552.9305994826874,539.282592409213,551.62890625,95328200
2025-04-01,549.715889513425,555.1297110203275,545.9981756472096,553.18701171875,54609600
2025-04-02,547.3491017135567,559.547472787333,547.1124411566806,556.687744140625,76014500
2025-04-03,537.5470765410741,540.3673821784607,529.2537841796875,529.2537841796875,125986000
2025-04-04,516.404523136506,518.5740121118964,498.05273494035157,498.2696838378906,217965100
2025-04-07,482.40291724281104,515.9114550791749,475.115432610906,497.3821716308594,256611400
2025-04-08,514.6196468974629,517.6963548854247,482.3733480760591,489.591796875,165816600
2025-04-09,486.59399925019795,541.0084228515625,486.20939567811143,541.0084228515625,241867300
2025-04-10,524.7866027854379,526.0981670837639,502.25365007002944,517.3019409179688,162331200
2025-04-11,515.7537548286505,528.9875485351057,512.8545420601603,526.5321044921875,97866300
2025-04-14,536.5017912856171,536.7286411738348,526.453165817952,531.6401977539062,68034000
2025-04-15,532.1826012332219,535.6932073834843,529.3622953201973,530.1511840820312,56892900
2025-04-16,524.3033791384568,530.4272422697393,513.0713913810127,518.3668823242188,83484800
2025-04-17,520.3194209498447,523.8004136549424,516.6411308627585,519.1064453125,79868100
2025-04-21,513.9293002870572,514.4618467446136,501.40552056556845,506.7503356933594,69368100
2025-04-22,512.9235348557764,521.9564215250564,511.9867032226325,519.9348754882812,75948100
2025-04-23,532.9320165359907,537.8626460694973,526.4729038847668,527.9915161132812,90590700
2025-04-24,529.2733972607866,539.8348259826943,528.0210584541512,539.1051025390625,64150400
2025-04-25,539.0657941930334,543.4047124173812,536.1468396073658,543.0004272460938,61119600
2025-04-28,543.7400050325934,545.8700106135369,537.4583875113086,543.2074584960938,47613800
2025-04-29,541.294298062473,547.7435994540236,540.9393072120234,546.6292724609375,47775100
2025-04-30,539.9729233205555,548.7987614609631,534.0068741379372,546.84619140625,93101500
2025-05-01,552.5954041380958,556.2440822591161,550.1202183270924,550.7217407226562,63186100
2025-05-02,556.894803218062,560.4941864598073,554.5774316657111,558.8966674804688,60717300
2025-05-05,554.7648117792631,558.7882219920989,553.9068871278389,555.6917724609375,38659200
2025-05-06,550.1892553966732,555.5340413030556,549.2327420958744,551.0471801757812,48264700
2025-05-07,552.3784371058738,555.9975022415719,548.3254139860352,553.3645629882812,55588000
2025-05-08,557.3977713110521,562.3974366423718,553.9069074354913,557.2202758789062,65130800
2025-05-09,558.6206398834757,559.6265076685456,554.9522800363936,556.5103759765625,37603400
2025-05-12,573.402558732667,574.9113601462691,569.0340285188223,574.9014892578125,78993600
2025-05-13,575.3156554869938,580.9070323903663,574.7536167184122,578.6981201171875,67947200
2025-05-14,579.6546018902411,580.8083522191259,577.4160770724685,579.4376831054688,66283500
2025-05-15,577.4358426248243,582.770756919371,576.9822030720642,582.2678833007812,71268100
2025-05-16,583.0469103495059,586.2518193704545,581.1042713102905,585.9559936523438,76052100
2025-05-19,579.9405744991373,587.2773530559552,579.9405744991373,586.596923828125,68168500
2025-05-20,584.8613545300925,585.8079967408526,581.4197250633151,584.6246337890625,60614500
2025-05-21,580.2759146876367,584.3584902721909,573.7477661832594,574.7733154296875,95197700
2025-05-22,574.5760350084579,578.4811148637216,573.3433777523152,575.0001220703125,70860400
2025-05-23,567.988738706783,573.7378691727489,567.6140060747297,571.0753173828125,76029000
2025-05-27,577.938827709351,583.1061179228353,570.4048112020747,582.9483642578125,72588500
2025-05-28,583.3525621719901,584.5457960298348,578.8459601489828,579.57568359375,68445500
2025-05-29,584.8318350718904,584.9699071457442,577.9388245287198,581.8635864257812,69973300
2025-05-30,580.7591289651484,582.9286180198035,575.1480700909575,581.2127685546875,90601200
2025-06-02,579.6053591727813,584.5655410710423,576.9428072484826,584.4866943359375,61630500
2025-06-03,584.121791379625,588.7960181097066,583.6385391723649,587.8197631835938,63606200
2025-06-04,588.6777258495218,589.6539808386906,587.2280895107962,587.6619873046875,57314200
2025-06-05,589.3383724752952,590.6893600195378,582.8496477946317,584.8218994140625,92278700
2025-06-06,590.3540112930365,592.4939474926597,588.5789969918866,590.827392578125,66588700
2025-06-09,591.3993476813894,592.9081490758875,590.1864321834666,591.3599243164062,53016400
2025-06-10,591.8924637491524,595.0973729509094,590.7781968461302,594.7128295898438,66247000
2025-06-11,595.8074157747775,596.6653405011278,590.9556931519085,593.0166625976562,73658200
2025-06-12,591.6853731206485,595.3734741210938,591.2021810906274,595.3734741210938,64129000
2025-06-13,590.1962907494013,593.4997881009825,587.2181715759101,588.7171020507812,89506000
2025-06-16,592.0699627819344,596.0637602908375,591.892407169678,594.3182983398438,79984100
2025-06-17,591.8826171802143,593.4012293190596,588.4804709653109,589.2398071289062,82209400
2025-06-18,590.1371267775953,592.8785252065284,588.1944276516227,589.1510009765625,76605000
2025-06-20,591.8224395288368,592.8906208578056,586.3629131433069,587.7673950195312,94051400
2025-06-23,588.5190130228361,593.9587392448562,585.4035696790836,593.5730590820312,87426000
2025-06-24,597.7072083922786,601.1885919192599,596.7972471416377,600.13037109375,67735300
2025-06-25,601.247995602986,601.940336500435,598.903972841808,600.4666748046875,62114800
2025-06-26,602.3161684365299,605.5997923429508,601.7029677445283,605.1646118164062,78548400
2025-06-27,606.1636033457827,609.6351477759472,604.1360808658505,608.1713256835938,86258400
2025-06-30,610.6142811588834,612.4340832221852,608.2998981128763,611.0791015625,92502500
2025-07-01,609.6053849111585,612.0483479268365,608.7746241554748,610.8812866210938,70030100
2025-07-02,610.4757300098587,613.6901136433279,609.8526292762224,613.6505737304688,66510400
2025-07-03,615.628656191773,619.4167005776212,615.6088560521965,618.4869995117188,51065800
2025-07-07,616.5286747873084,617.1913758193931,611.0988485499288,613.8780517578125,74814500
2025-07-08,614.5406899285775,615.2923708557059,612.7307881009865,613.5418090820312,59024600
2025-07-09,615.945166968477,617.8737488887257,614.1055045789822,617.2210083007812,66113300
2025-07-10,617.3594891460615,620.0002120765442,616.1825277796053,618.9617309570312,57529000
2025-07-11,615.9154056597896,618.0121678287132,614.7187046395575,616.7857666015625,63670200
2025-07-14,616.3307657158283,618.3088477245484,614.985684437804,617.9627075195312,51898500
2025-07-15,620.6430672331502,620.9793073894895,615.2428812967698,615.322021484375,74317300
2025-07-16,616.9044910111767,617.8836320494379,611.276844692317,617.3792114257812,88987500
2025-07-17,617.557284919235,621.5134493059918,617.3396644874989,621.1573486328125,68885700
2025-07-18,622.4035753929759,622.5716954836944,619.5947323692288,620.7024536132812,65621600
2025-07-21,621.87939453125,624.6189973413707,621.4541141003111,621.87939453125,63375000
2025-07-22,622.2058050575365,622.828905853138,619.3277216791315,621.9684448242188,60046300
2025-07-23,624.6289433239532,627.2598266601562,622.8288811376781,627.2598266601562,70511000
2025-07-24,627.6454884244192,629.1785504969665,627.0421878119985,627.4674682617188,71307100
2025-07-25,628.1301809903662,630.5928838363332,627.8829206987424,630.1181030273438,56865400
2025-07-28,630.4938993278172,631.0477599275997,628.5751571845921,629.9598388671875,54917100
2025-07-29,631.3543820995848,631.6708825055948,627.3883778702398,628.2982788085938,60556300
2025-07-30,628.9509803708415,630.6917023127537,624.6189756546709,627.5070190429688,80418900
2025-07-31,632.4522656090571,632.8379457731452,623.8574957354674,625.1531372070312,103385200
2025-08-01,619.4364414435403,619.476041722763,612.5032535330552,614.9066162109375,140103600
2025-08-04,618.813325728958,624.3024917393647,618.7243458354196,624.2530517578125,73218000
2025-08-05,624.866279158634,625.6773001361546,620.1683337507773,621.088134765625,68051400
2025-08-06,622.1562946160922,626.4981995520814,621.2463937026511,625.845458984375,64357500
2025-08-07,629.2674923107387,629.9993730574174,622.2156245224251,625.3212280273438,74205800
2025-08-08,627.1114011688534,630.6620853000642,626.7949007710238,630.1972045898438,64051600
2025-08-11,630.4742118551501,631.947873553624,627.70484826023,628.9510498046875,58742300
2025-08-12,631.2951060550639,635.8051316570012,629.8115442075018,635.6469116210938,64730800
2025-08-13,637.8425547169825,639.1085564704525,635.6370120856271,637.8228149414062,60092800
2025-08-14,635.7457174616427,638.5447207235369,635.300697252298,637.882080078125,59327500
2025-08-15,638.9106535836406,639.0095939138803,635.4787099260534,636.3886108398438,68592500
2025-08-18,635.814941575414,636.942462907598,635.1424008771667,636.2501220703125,43804900
2025-08-19,636.0721245937336,637.0512656505922,631.4829592777961,632.7984008789062,69750700
2025-08-20,632.3929060531275,632.6500060324975,626.013578858981,631.1170043945312,88890300
2025-08-21,629.3071240874224,630.9785456585483,626.864161086776,628.5850830078125,54805800
2025-08-22,630.7709103705197,639.4151205943501,630.2664897119097,638.2381591796875,84083200
2025-08-25,636.9820009718095,638.2183023325629,635.3105191174199,635.42919921875,51274300
2025-08-26,635.1622594491828,638.4359833484747,634.5391586749303,638.0897827148438,51581600
2025-08-27,637.5062787617181,640.2755819843173,637.3578984386413,639.543701171875,48341100
2025-08-28,640.146950913372,642.3623933153343,638.267809046051,641.8085327148438,61519500
2025-08-29,640.374419619015,640.7404203673219,636.0919150690585,637.98095703125,74522200
2025-09-02,630.5136938017484,633.4709169972102,627.9619508913343,633.2533569335938,81983500
2025-09-03,635.6270824559713,637.1502445176759,633.4413400681225,636.6853637695312,70820900
2025-09-04,637.3577818657208,642.0359868267901,636.4577811203425,642.0062866210938,65219200
2025-09-05,644.3404359625918,645.062476969223,636.2797877246134,640.1469116210938,85178900
2025-09-08,641.5118230975241,642.718484610511,640.1370415028089,641.7195434570312,63133100
2025-09-09,641.8580441132016,643.7273464852004,640.1272219983028,643.2031860351562,66133900
2025-09-10,646.4570213518696,647.3768223058731,643.4997982019892,645.0625,78034500
2025-09-11,647.0109525903231,651.1154976382888,646.4274520986086,650.4231567382812,69934400
2025-09-12,650.3934256012134,651.8868873722256,649.7011451004063,650.2055053710938,72780100
2025-09-15,652.4111340519337,653.795755474802,652.1144337731963,653.6671752929688,63772400
2025-09-16,654.2209512044083,654.5276118800496,651.9857691498868,652.76708984375,61169000
2025-09-17,652.7770978636573,654.4683196962441,647.1296508296768,651.9561767578125,101952200
2025-09-18,654.6364399867887,657.603563340362,653.0341982051615,655.0023803710938,90459200
2025-09-19,656.8877828567474,659.0895125014193,654.9438659954435,658.2465209960938,97945600
2025-09-22,656.7588293222589,661.8069717744121,656.7290467709187,661.3607177734375,69452200
2025-09-23,661.2417286303936,661.8566899635472,656.540685502851,657.7606201171875,81708900
2025-09-24,659.0498612769777,659.1490153831234,654.2496039734066,655.6678466796875,68082200
2025-09-25,652.5338627083877,653.9917550046746,649.0328388399253,652.6429443359375,89622100
2025-09-26,654.0909412604747,656.9274266555326,652.4743298182361,656.3819580078125,69179200
2025-09-29,658.9010899003678,659.8135740530697,656.4216318338509,658.2266845703125,73499000
2025-09-30,657.4828203674869,661.1722852976668,656.173659297658,660.7061157226562,86288000
2025-10-01,657.7208749627936,663.8699431635192,657.611793334362,662.95751953125,72545400
2025-10-02,664.9410037342527,665.0600128657511,661.3011766397112,663.7210693359375,56896000
2025-10-03,664.4848631838105,667.1527626006609,662.6698828508305,663.7113037109375,70494400
2025-10-06,666.1014192164715,666.9841207809839,663.9591941673339,666.0914916992188,54623300
2025-10-07,667.0138297258598,667.4601442579947,662.1838505424819,663.6219482421875,72020100
2025-10-08,664.7426772273783,667.6783772359653,663.919480237528,667.5791625976562,60702200
2025-10-09,667.9957845708525,668.4023890582872,663.7112737749407,665.6452026367188,66501900
2025-10-10,666.6071968358344,668.4122493878771,647.4757221413303,647.6542358398438,159422600
2025-10-13,655.2216030747315,659.664772492732,654.3488290056752,657.5919189453125,79560500
2025-10-14,651.7701536094826,660.3590300864076,647.8030207789583,656.78857421875,88779600
2025-10-15,661.3408732132422,664.7228272522149,653.5156893256119,659.7044067382812,81702600
2025-10-16,661.340821247798,663.2153058553965,651.7105854492366,655.2116088867188,110563300
2025-10-17,654.0810128478913,660.2895852935891,652.7322022395391,658.9308471679688,96500900
2025-10-20,661.8367798071084,666.6866142382812,661.7872027532737,665.7840576171875,60493400
2025-10-21,665.9229005771253,667.4601523988813,664.4748753427003,665.7741088867188,56249000
2025-10-22,666.4783066993808,666.4783066993808,657.8497808005621,662.3128051757812,80564000
2025-10-23,662.6301900162397,667.1825015615415,662.3128121266341,666.2402954101562,65604500
2025-10-24,670.9016937183009,672.8951271271609,670.0983517375236,671.6851806640625,74356500
2025-10-27,677.1201724129126,679.9070809796764,676.515199146416,679.6095581054688,63339800
2025-10-28,681.4046232640447,683.2493254549719,679.2028936555786,681.41455078125,61738100
2025-10-29,683.0609104229828,684.0328991417463,677.2590027977353,681.7418823242188,85657100
2025-10-30,678.2805836148408,680.3037996369978,674.2440185546875,674.2440185546875,76335800
2025-10-31,679.4111219213156,679.4508319897004,673.6587916341136,676.4556274414062,87164100
2025-11-03,680.0359087204932,680.1648453676048,674.3530108656404,677.72509765625,57315000
2025-11-04,670.5544968959969,674.3728983771498,669.0371001406891,669.691650390625,78427000
2025-11-05,669.4337786331213,675.2654684624238,668.6304366940664,672.012451171875,74402400
2025-11-06,670.9115428502156,671.8140994484131,663.2252231578799,664.8021850585938,85035300
2025-11-07,662.4218719882706,665.5658682287408,655.7769731606511,665.4567260742188,100592400
2025-11-10,671.6751969912248,676.5746080726943,669.4833950163819,675.8406982421875,75842900
2025-11-11,674.3630127379913,677.9532631527235,673.1530057317516,677.387939453125,58953400
2025-11-12,679.1632192686196,679.3318660026857,675.3548055474994,677.7648315429688,62312500
2025-11-13,674.9085136071693,675.265541055433,665.0105359672095,666.5180053710938,103457800
2025-11-14,659.9126462553079,670.1081450818862,657.8199984349773,666.4088134765625,96846700
2025-11-17,664.1972328051172,668.1742931923078,656.7290761218832,660.2003173828125,90456100
2025-11-18,656.6596108350068,659.6548153709225,650.4708935566339,654.65625,114467500
2025-11-19,655.3505280387882,661.856623370592,653.3371790986623,657.185302734375,94703000
2025-11-20,667.3808213360044,670.0090710879778,646.5335791707308,647.1683349609375,165293500
2025-11-21,649.6675301260088,659.0894699034471,645.5020288545189,653.6148681640625,123956200
2025-11-24,657.2448196444445,664.5542570793402,656.1538823239337,663.2351684570312,80437900
2025-11-25,663.1360620641211,670.6537963067218,659.0201372218106,669.4735717773438,81077100
2025-11-26,672.0620713400136,676.0986363282427,671.1595147067713,674.09521484375,71879600
2025-11-28,675.2654787466182,678.0523870500939,674.9084513312986,677.7747192382812,49212000
2025-12-01,673.2323336611282,677.3779800628074,673.1629015749381,674.6803588867188,61201200
2025-12-02,676.316742094939,678.2011542749951,673.748057660358,675.9299926757812,62953800
2025-12-03,674.9779023816353,679.2822075879724,674.105128319461,678.2706298828125,57238500
2025-12-04,679.6689755171525,679.7384076011712,675.7415530139849,678.7664794921875,61970300
2025-12-05,679.8375623637357,682.7336127271673,678.9549213715281,680.0557861328125,79241000
2025-12-08,680.9483951231146,680.997972172105,675.9696245182643,678.0126953125,55231500
2025-12-09,677.5367544682442,679.7583392727543,676.9813582671167,677.4276123046875,58310100
2025-12-10,676.9515664343469,683.3088703732143,675.711837383319,681.92041015625,85671300
2025-12-11,679.51034738166,683.5865617528303,676.5647198382891,683.5072021484375,86173700
2025-12-12,682.5154459360199,683.2196338188487,673.5893968987631,676.1581420898438,113160300
2025-12-15,680.1054404790556,680.1252955149479,673.6687768311533,675.1365966796875,90811000
2025-12-16,673.6488975485244,675.4837328267965,669.4338188610296,673.2918701171875,122030600
2025-12-17,674.3034691132465,674.8489377460819,665.6848710067972,665.8832397460938,110625200
2025-12-18,672.0322799303326,675.1464937426624,669.3545136860721,670.9115600585938,108650100
2025-12-19,673.0134542661981,677.4896664833268,672.8940327515619,676.9923095703125,103599500
2025-12-22,680.3245900087294,681.7370666700199,676.9923229108747,681.2098999023438,69556700
2025-12-23,680.3046207584179,684.562024812114,680.2548972126992,684.3233032226562,64840000
2025-12-24,684.313382495532,687.1781631452748,684.164151137988,686.7305297851562,39445600
2025-12-26,686.989161229118,688.0037280321676,685.6264081645946,686.660888671875,41613300
2025-12-29,683.9055083361335,685.5567672531378,682.4433081832867,684.2138671875,62559500
2025-12-30,683.8160334465714,684.9201512250444,682.9506372729019,683.3783569335938,47160700
2025-12-31,683.5076844111845,683.726492314561,678.1063955310838,678.3152465820312,74144800
2026-01-02,682.0852055985325,683.2390468658663,676.2263268834449,679.55859375,89377200
2026-01-05,682.910778712987,685.7855161168121,682.7516512212146,684.0845336914062,71927200
2026-01-06,684.2934596862484,688.6602678554459,684.1442890432024,688.1529541015625,69273800
2026-01-07,688.5309418430683,690.2916046822218,685.6761181181482,685.9347534179688,75588300
2026-01-08,685.1787573638412,686.9692300361542,683.8557710289468,685.8651123046875,64019200
2026-01-09,686.9791831428475,691.6344363504869,685.5368360184962,690.4010009765625,80125500
2026-01-12,687.0289310253164,692.410366767912,686.979207477028,691.4852294921875,63976000
2026-01-13,691.813478661017,692.4103433578374,687.6953490317495,690.1026000976562,78309700
2026-01-14,687.3472637531122,688.0634285762314,682.4134612479594,686.7106323242188,94676700
2026-01-15,690.8983886882239,691.7737417111902,687.5959315038539,688.5806884765625,77862000
2026-01-16,689.9931507530615,690.5800586110835,686.4519720383781,688.0037231445312,79289200
2026-01-20,677.8874730475171,681.1501633341576,672.9934983300664,673.9981689453125,111623300
2026-01-21,676.0572511802958,685.0991655259935,674.5452667925615,681.77685546875,127844500
2026-01-22,686.2033478813381,687.476610793547,683.2888434897402,685.3379516601562,77112200
2026-01-23,684.5123006998919,687.3074439470811,683.5274830754288,685.5865478515625,63059600
2026-01-26,686.8399050563427,690.4606777697717,686.272910918868,689.0680541992188,60473800
2026-01-27,690.5104039402848,692.8480177488461,689.9036431059924,691.8134765625,55506100
2026-01-28,693.3652237572153,694.1510864943795,690.271678492269,691.7438354492188,61172200
2026-01-29,692.7087686795362,693.375209936545,681.2098793986574,690.3711547851562,97486200
2026-01-30,688.1330315570439,690.5402826440542,683.487735152998,688.3120727539062,101835100
2026-02-02,685.9348095869553,693.2459322689688,685.7756213682558,691.7339477539062,79286500
2026-02-03,692.529690413304,693.2757257351432,680.4140840721383,685.885009765625,107904600
2026-02-04,686.7006659106327,687.7948875474046,678.1561081391175,682.5626831054688,105204600
2026-02-05,677.3404209861714,680.0758839506523,672.2176206040476,674.0379638671875,113610800
2026-02-06,677.8576866055596,688.6503070282812,677.2508650473027,686.96923828125,89127600
2026-02-09,685.7755944360715,692.1915108078678,684.7013472083629,690.2816772460938,73885200
2026-02-10,691.276360737094,692.8579216647231,688.0037135108784,688.4613037109375,65185700
2026-02-11,692.7087599208829,693.4547952732178,685.5368515439336,688.3021850585938,76353900
2026-02-12,690.5701102294341,691.6742279947084,676.7734344520502,677.668701171875,118829000
2026-02-13,678.0864377658819,682.6522007204912,673.9384983110481,678.1461181640625,96267500
2026-02-17,676.5446598627462,681.31927396984,672.2077222570326,679.2402954101562,81354700
2026-02-18,680.4041503420104,685.507036973797,679.2204384959671,682.662109375,73570300
2026-02-19,680.225062656192,682.5526587813481,677.9471293624403,680.8616333007812,58649400
2026-02-20,678.7131823752115,686.4122580979458,678.126274472082,685.7855834960938,100034000
2026-02-23,684.1940214696967,686.3525334522094,676.7734345413753,678.7827758789062,90558100
2026-02-24,678.295350173768,684.7112054782021,676.4053697086953,683.7164916992188,73798700
2026-02-25,686.53156929616,690.0130676270821,686.4519751919497,689.4859008789062,56369500
2026-02-26,689.615191050754,689.6350440416309,680.7323436648176,685.6561889648438,71671000
2026-02-27,679.4790749097389,683.2291046432514,678.0367277603054,682.3637084960938,83308900
2026-03-02,675.1123137702438,684.9798583327654,674.4359156260907,682.751708984375,87477200
2026-03-03,671.4915420947397,679.0016196644848,666.1200629162043,676.7337036132812,105003100
2026-03-04,678.026741603972,683.4579005621853,676.0273572426378,681.5082397460938,79182200
2026-03-05,678.474445192334,681.9062201445739,672.0386149612469,677.70849609375,106606500
2026-03-06,669.8502072585248,672.5359467168151,666.2195382406165,668.82568359375,100687000
2026-03-09,662.8673651303956,676.3258117079225,658.888509802078,674.6845703125,102667700
2026-03-10,674.1374043547928,679.7476047325034,671.1930903760745,673.6002807617188,81505300
2026-03-11,673.9982140650914,676.4849986405864,669.7806371390539,672.7548217773438,68441700
2026-03-12,667.6120785283837,668.0995392824933,662.3500644519811,662.5390625,108882200
2026-03-13,665.7321452917186,668.7859240392634,657.863924887251,658.7890014648438,97200200
2026-03-16,664.8468199428278,668.5173163233716,663.5934708305671,665.493408203125,82023100
2026-03-17,668.8355969918504,670.8747480492216,666.1598145596139,667.2440185546875,87128000
2026-03-18,664.8268919718373,666.1796881508768,657.6948111200146,657.9335327148438,82062600
2026-03-19,653.4971375917409,659.4753776238247,651.7066647804095,656.3121948242188,111272500
2026-03-20,654.8230422006715,655.0025723674255,643.063298812559,646.9034423828125,163617500
2026-03-23,656.3790129905765,660.9173090129275,652.2596206790361,653.6959228515625,134802700
2026-03-24,649.6463809650626,655.3417305137531,648.2100787416998,651.5015869140625,96457500
2026-03-25,656.9774239230809,659.1917509309695,652.5588148295345,655.1322021484375,90653800
2026-03-26,650.3844333840033,653.1672421520028,643.1630473705688,643.432373046875,96494400
2026-03-27,640.8489947137006,641.0085567819559,631.4831091918358,632.4606323242188,103649400
2026-03-30,638.4651675144013,638.7245091624994,627.6630399662237,630.3460693359375,99275900
2026-03-31,637.2981538716512,649.865752001465,636.3405988140365,648.6688842773438,152534100
2026-04-01,652.219751792706,656.8278752918841,651.3220400966815,653.5562744140625,97841500
2026-04-02,644.7589215344626,656.5086804928782,643.4522901873171,654.144775390625,68358700
2026-04-06,654.1746977251443,658.0247645183308,653.8356054757206,657.23681640625,39105800
2026-04-07,654.9626585699763,657.9150134208243,649.386996170508,657.5260009765625,69980400
2026-04-08,674.6519776493207,675.3402070755335,669.734652974974,674.27294921875,93606100
2026-04-09,673.1059235004034,679.4096297331154,672.0386657215836,678.162841796875,57134400
2026-04-10,679.5692561407437,680.2774536083281,676.7066358948267,677.7140502929688,42253500
2026-04-13,675.669302461078,684.536473353906,674.8414790590384,684.3369750976562,54185800
2026-04-14,685.9229138241225,692.7952238870419,685.8929616905456,692.675537109375,63480500
2026-04-15,693.4734516118131,698.480571570673,692.4161778504387,698.1414184570312,58240400
2026-04-16,699.2585607342904,700.9741726960574,696.7350934539525,699.8569946289062,49972400
2026-04-17,704.3255249385737,710.5594650064761,703.9464965121796,708.3152465820312,70661900
2026-04-20,706.9587079747221,708.0857482546458,704.3254772575062,706.8988037109375,43546800
2026-04-21,708.4548936431559,709.4523240430285,700.8345107773317,702.2708129882812,58941400
2026-04-22,707.3278031045794,709.6218808832724,706.4001392457644,709.3825073242188,42518500
2026-04-23,707.6768673789517,710.5295037064266,700.4754491270062,706.6295776367188,56174000
2026-04-24,708.9236633096505,712.6340752101273,707.1881441382454,712.10546875,45182000
2026-04-27,711.3374146094498,713.7911152864904,710.4696550399041,713.332275390625,33135900
2026-04-28,709.9908768700561,711.0481506026886,707.4274735730012,709.8612060546875,43117400
2026-04-29,709.1729992133655,710.3699278433978,706.5497524472755,709.7515258789062,41859200
2026-04-30,712.7936806635566,717.9403946619685,708.6244289610544,716.8132934570312,67240900
2026-05-01,719.3966516418469,723.0073446973263,718.6186267345964,718.7982177734375,43049800
2026-05-04,718.2196821209096,720.2644021704073,713.152718877996,716.1649780273438,51950600
2026-05-05,719.9153564929043,723.1769124909786,719.6360467603954,721.9102172851562,36933200
2026-05-06,726.288861980811,732.7023927493656,725.9497697512824,731.9443359375,53288900
2026-05-07,733.161188473549,734.238430329629,727.8748196364371,729.7001342773438,51724600
2026-05-08,733.0415191543954,736.1834492768152,732.6824588199246,735.724609375,47227100
2026-05-11,734.5576163199453,738.8864300819614,734.5576163199453,737.4002685546875,44024000
2026-05-12,734.9964788307154,736.9414802248905,729.9494836014034,736.2831420898438,54185300
2026-05-13,736.5723674930287,741.9983910774667,733.5800764180441,740.4025268554688,44200200
2026-05-14,741.7391534739264,747.6040491923611,741.649357949993,746.2474975585938,45307600
2026-05-15,739.8838927249178,741.5496453663399,736.0637780312098,737.2706298828125,60410800
2026-05-18,737.9289136337939,739.5147938000424,731.5054597381557,736.751953125,47843900
2026-05-19,732.8919551385734,735.7545755811656,729.650306265128,731.8446044921875,54255900
2026-05-20,733.8195334397973,739.9636778498481,732.0042028263388,739.3452758789062,45768000
2026-05-21,736.7419902854853,742.9559620700644,735.1361419849363,740.8114624023438,43332200
2026-05-22,744.3224328967863,747.015507083493,742.566945697205,743.7239990234375,41762000
2026-05-26,748.0827892360243,750.1973368284331,746.4469887578754,748.6613159179688,41123600
2026-05-27,748.9505199197505,749.4492351039673,746.2973210478585,748.5316162109375,42106300
2026-05-28,748.3221518516883,753.2095851254732,747.3047533704411,752.6609497070312,41562600
2026-05-29,753.9576670103595,756.1320579864754,752.7507543048832,754.5361328125,55075700
2026-06-01,753.4189990020213,758.3264003155792,752.7507376917755,756.5908203125,43634900
2026-06-02,755.0847737682097,758.4461093852723,754.805464031348,757.6182250976562,31581900
2026-06-03,756.2018667594974,756.8501599793441,751.6336185743088,752.3018798828125,51402500
2026-06-04,750.1673635570705,756.3614281257201,749.5389775481502,755.1445922851562,49923000
2026-06-05,750.3768677170906,750.8855669656407,733.6400171295905,735.65478515625,93989400
2026-06-08,741.4498108327123,743.4247643242134,736.2931129658897,737.3204345703125,49319100
2026-06-09,741.7191759970133,744.9807928982774,720.7332622187009,735.1560668945312,87683500
2026-06-10,731.5054857614351,736.4826536495077,723.4661992814284,723.56591796875,60341300
2026-06-11,726.8873842592473,738.0984921563339,722.5485255148498,735.8642578125,86330500
2026-06-12,738.8066884479139,742.5270843334097,733.1412911200548,739.843994140625,57079500
2026-06-15,749.9179969688896,754.7356026867302,749.8282623277308,752.890380859375,60176400
2026-06-16,752.6111046530555,753.4988323298886,747.9531216783239,748.4019775390625,67093100
2026-06-17,749.3594421826946,750.217278570044,737.3204502885575,739.0560302734375,85945200
2026-06-18,747.760009765625,748.22998046875,743.8599853515625,746.739990234375,80875700
2026-06-22,747.7000122070312,750.1799926757812,743.1300048828125,744.3900146484375,46628100
2026-06-23,733.8099975585938,739.6300048828125,732.2999877929688,733.5800170898438,66846800
2026-06-24,735.1699829101562,739.9500122070312,730.8400268554688,733.239990234375,57439500
2026-06-25,738.9099731445312,739.3699951171875,729.5999755859375,734.2999877929688,53934400
2026-06-26,728.9500122070312,736.530029296875,716.5800170898438,728.989990234375,71034000
2026-06-29,736.530029296875,741.5599975585938,732.0900268554688,741.0,58035200
2026-06-30,741.2899780273438,748.02001953125,740.8900146484375,746.77001953125,55626000
2026-07-01,745.0,749.4400024414062,742.3800048828125,745.760009765625,47100900
2026-07-02,747.4000244140625,751.3099975585938,740.030029296875,744.780029296875,57447800
2026-07-06,748.739990234375,752.4099731445312,747.4099731445312,751.280029296875,50673300
2026-07-07,750.219970703125,750.9600219726562,745.2100219726562,747.7100219726562,43721500
2026-07-08,743.1599731445312,746.1500244140625,739.510009765625,745.4000244140625,43767400
2026-07-09,747.3499755859375,751.969970703125,745.5900268554688,751.7100219726562,41441700
2026-07-10,752.0499877929688,755.4199829101562,748.0999755859375,754.9500122070312,42191300
2026-07-13,752.469970703125,753.9099731445312,748.0,749.1699829101562,44013600
2026-07-14,750.9099731445312,753.3400268554688,748.6599731445312,751.8300170898438,35143100
2026-07-15,754.239990234375,755.5800170898438,750.2000122070312,754.8099975585938,43844800
2026-07-16,752.760009765625,754.5700073242188,747.8800048828125,750.719970703125,46409800
2026-07-17,742.0800170898438,747.2899780273438,740.7999877929688,743.2899780273438,62651000
2026-07-20,747.0599975585938,748.72998046875,741.510009765625,742.0900268554688,50422300
2026-07-21,746.2899780273438,749.0399780273438,744.1799926757812,748.280029296875,34324300
2026-07-22,746.6199951171875,750.02001953125,746.3699951171875,747.4099731445312,32836200
2026-07-23,739.3699951171875,742.5599975585938,735.2100219726562,738.1799926757812,55437300
2026-07-24,738.510009765625,743.719970703125,737.2899780273438,738.9299926757812,44782000
2026-07-27,744.9099731445312,745.530029296875,735.8699951171875,739.0900268554688,41461200
2026-07-28,739.1900024414062,742.7899780273438,735.97998046875,740.8599853515625,47322200
2026-07-29,739.969970703125,742.6799926757812,729.0999755859375,729.4600219726562,70697200
2026-07-30,736.0499877929688,742.4500122070312,734.5900268554688,741.6900024414062,66811300
2026-07-31,744.6799926757812,748.9000244140625,737.6799926757812,747.030029296875,62445900
2026-08-03,749.4400024414062,758.5800170898438,748.7999877929688,757.6699829101562,59927500
2026-08-04,760.6300048828125,773.4099731445312,760.52001953125,771.3300170898438,69154800
2026-08-05,775.8499755859375,776.8499755859375,769.510009765625,769.7899780273438,44689100
2026-08-06,770.2100219726562,771.8200073242188,767.4600219726562,768.5599975585938,38416900
2026-08-07,771.02001953125,773.9199829101562,769.6099853515625,773.260009765625,43586300
2026-08-10,772.5999755859375,775.0499877929688,771.6199951171875,773.030029296875,39249500
2026-08-11,774.530029296875,774.6099853515625,769.2000122070312,770.5599975585938,36740600
2026-08-12,774.7100219726562,774.9000244140625,771.280029296875,772.489990234375,33179100
2026-08-13,774.8699951171875,779.3699951171875,774.1099853515625,777.8800048828125,35634500
2026-08-14,778.5399780273438,778.7999877929688,775.4299926757812,776.3400268554688,31367900
2026-08-17,776.1799926757812,776.780029296875,772.510009765625,772.6699829101562,34356600
2026-08-18,768.7000122070312,769.5,766.9199829101562,767.4500122070312,43920900
2026-08-19,770.3599853515625,772.469970703125,768.0999755859375,769.0599975585938,40306000
2026-08-20,765.9600219726562,768.1500244140625,762.0499877929688,762.5999755859375,45427032
