Date,Open,High,Low,Close,Volume,return_1d,return_5d,return_20d,sma_10,sma_50,distance_sma10,distance_sma50,volatility_10d,volatility_20d,volume_change,volume_ratio,daily_range,target
2015-03-16,170.74515462838175,172.3806568570192,170.0430385291803,172.289794921875,136099200,0.013360415669342762,0.0010558302727790014,-0.005719988858891467,171.70002288818358,170.15884765625,0.0034348978163822874,0.012523282185889384,0.009845059097474214,0.00724201715732716,-0.16200698352142617,1.2854075306529233,0.013567944223851982,0
2015-03-17,171.55463715174756,172.15762309564545,170.96816239253445,171.7776641845703,94510400,-0.0029724960641860365,0.014537903792109619,-0.010232629538561078,171.43900451660156,170.20064361572267,0.0019753945079397095,0.009265655730469557,0.0098192497810113,0.0072527180062635435,-0.305577108462063,0.885282744820132,0.006924420056340697,1
2015-03-18,171.30684628378546,174.51178095757123,170.67081270488325,173.84271240234375,228808500,0.012021634055721098,0.029144513205900058,0.0015707129851907364,171.4580062866211,170.34503173828125,0.013908397556753327,0.0205329185616423,0.01062319065264308,0.007774797140411964,1.4209875315309213,2.0041898098705047,0.022094502551239542,0
2015-03-19,173.42966934545456,173.850931375652,172.66147081514595,173.04969787597656,117917300,-0.004561678286126969,0.011588370669803227,-0.0022859216031996255,171.3787048339844,170.5049462890625,0.009750295660192254,0.014924796273064533,0.010718076061058894,0.007843488827754949,-0.4846463308836866,1.0210366330823184,0.006873520006712412,1
2015-03-20,173.9964219067773,175.08332706439776,173.813886863184,174.57720947265625,177715100,0.008827011057681577,0.026814348683999123,0.0005170885387977275,171.6966537475586,170.6542770385742,0.016777005621395835,0.02298760102681352,0.009889173035695569,0.007983125691285129,0.5071164282085834,1.5146763674993242,0.007271511585322935,0
2015-03-23,174.5854719915161,175.15796701554652,174.23699951171875,174.23699951171875,71784500,-0.0019487650304709225,0.011301914839046079,-0.0012908496088924748,171.9095458984375,170.73749572753906,0.013538827068138914,0.020496398692435802,0.009922063416076949,0.007995698664774094,-0.596069776850701,0.6125091650900536,0.005285717192150259,0
2015-03-24,174.11257043384242,174.5688953590549,173.191602819688,173.2579803466797,77805300,-0.005618893620658483,0.008617628893351492,-0.009715565120424374,172.30372772216796,170.82839172363282,0.005538200694360063,0.014222393587697502,0.00827433176210915,0.008059118123340927,0.08387325954767388,0.6623752554823569,0.007949374318060297,0
2015-03-25,173.46541912579568,173.69773415857858,170.6776260721813,170.71910095214844,159521700,-0.01465375152966164,-0.01796803217707499,-0.02339710120841032,172.48367462158203,170.8949429321289,-0.010230380778383563,-0.0010289478258599383,0.009819255435005789,0.008662985858600964,1.0502677838142134,1.309840912517157,0.017690510725239764,0
2015-03-26,170.05537123840853,171.2252389858429,169.3584133966899,170.3125762939453,153067200,-0.002381248822983628,-0.01581696827921031,-0.024570558152054223,172.4082015991211,170.96278106689454,-0.012155020966163055,-0.003803194876052074,0.008958606248882301,0.00866738720036153,-0.04046157983521992,1.216696768016068,0.010961172860957782,1
2015-03-27,170.19641226043072,170.87675986583287,170.00557209213895,170.70252990722656,118939000,0.0022896348688203894,-0.022194647154310077,-0.01899545422697968,172.47662658691405,171.05857177734376,-0.010286012167529779,-0.0020814032668332594,0.008754005001864617,0.008684891894979053,-0.2229622022222919,0.9413551916780779,0.005103543422393282,1
2015-03-30,171.73131157884472,173.08372670196508,171.71472669332005,172.7850341796875,96180400,0.012199609892089791,-0.008333277869225442,-0.013257486637073934,172.52615051269532,171.22640991210938,0.0015005474023668253,0.009102709496614292,0.00856933236606784,0.00903565140296656,-0.1913468248429867,0.7586213451322729,0.007923139959108622,0
2015-03-31,171.96367717248643,172.66063503633413,171.2169519772045,171.2750244140625,126768700,-0.008739239325870507,-0.011445105897283314,-0.017850002301227685,172.47588653564452,171.32093017578126,-0.006962492819735933,-0.00026795185895645,0.008998802928930284,0.00918765990965412,0.3180304926991362,0.9934439238373268,0.008429034321078119,0
2015-04-01,171.2417760098176,171.2666659960578,169.6819360176087,170.66928100585938,137303600,-0.003536670978593559,-0.00029182409004735455,-0.017180347828211096,172.1585433959961,171.39623199462892,-0.008650528523067025,-0.004241347550699492,0.007920471441365432,0.00917585556834129,0.08310332124570174,1.066472091747439,0.009285384980292369,1
2015-04-02,170.60293450290862,171.73132717172223,170.4203994638197,171.28329467773438,86900900,0.003597681247944795,0.005699628324062678,-0.014722605792561683,171.98190307617188,171.4669631958008,-0.0040621041280609615,-0.0010711598003673162,0.008025360708228877,0.00922039773349118,-0.36708942809948175,0.6723629688749848,0.0076535642916549605,1
2015-04-06,170.39547128941044,172.95094860378316,170.26272892181655,172.43653869628906,114368200,0.0067329626086682914,0.010158073169770132,0.006060864504691343,171.76783599853516,171.51086853027343,0.0038930612001166764,0.005397151643787845,0.007763608863889133,0.008796988042521046,0.31607612809533614,0.9108720707947574,0.015589617503871103,0
2015-04-07,172.4614980599821,173.20822323643148,171.947087945549,171.9802703857422,81236300,-0.002646007128167316,-0.004657601266023992,-0.0007426009207152084,171.5421630859375,171.56431579589844,0.002553933633127947,0.002424481967092662,0.00777414585006766,0.008773389985450632,-0.2896950376066074,0.6492158128332013,0.007333023073250415,1
2015-04-08,172.20422448381984,173.00072933374554,171.81426450055042,172.5609893798828,89351900,0.0033766605485507917,0.007508187315807602,0.019164309124912293,171.47246398925782,171.6214471435547,0.006348106076630389,0.005474503635563899,0.0077360863176425395,0.007919148764753262,0.09990115256357068,0.7339482623887689,0.006875626046528889,1
2015-04-09,172.3950959634002,173.5566711080269,171.90557591389464,173.32435607910156,85548900,0.004423750130096105,0.01555684220144471,0.02607585672569268,171.7329895019531,171.73861541748047,0.009266516478654507,0.009233454326892598,0.005975998249512899,0.007914309652406876,-0.04256204960386967,0.7098811877614246,0.009526042568297456,1
2015-04-10,173.57327279212356,174.31170543599447,173.37415285413942,174.2702178955078,72722900,0.005457177731989171,0.017438496984736762,0.018723106373371934,172.12875366210938,171.91765411376954,0.012441060472686338,0.01368424780960198,0.005919524201836859,0.007520886404905878,-0.149925948784847,0.608824531200992,0.005379878404795474,0
2015-04-13,174.12917502382024,174.75975527148466,173.43222990187343,173.4820098876953,74436600,-0.0045229071113293,0.006062933061116604,0.020372690853016406,172.40670166015624,172.05036743164064,0.006237044251671264,0.008321065961242491,0.00630246630235545,0.0074493396730411525,0.023564791833109,0.6469972489192245,0.007652236508388502,1
2015-04-14,173.28291138587718,173.99645414479616,172.66063616566487,173.8139190673828,75099900,0.0019132195891802262,0.01066197115243428,0.008846282196800725,172.50959014892578,172.23167938232422,0.007560906714409343,0.009186693706599192,0.005113824510803196,0.006869726261206674,0.008910938973569538,0.6705386231430865,0.0076853337540443625,1
2015-04-15,174.27850309836572,175.09989806919253,174.19552802686758,174.59378051757812,99529300,0.004486760636775999,0.011780131448019482,0.016393961033152493,172.84146575927736,172.38778381347657,0.010138277586359212,0.012796711317365927,0.004022213723527788,0.006875882174182136,0.32529204433028536,0.8866728296785995,0.005179852567737394,0
2015-04-16,174.26189611739576,175.05010861308017,174.0627635527124,174.5439910888672,68934900,-0.00028517298017916026,0.007036720270340968,0.004033983805431962,173.22893676757812,172.49465270996095,0.0075914240762990914,0.011880590770266153,0.0036450941526660935,0.0063529493242667125,-0.3073908889141188,0.6612039924942903,0.005656711836416508,0
2015-04-17,173.35757112990004,173.5981786303334,171.75624307452983,172.53616333007812,191113200,-0.01150327631597925,-0.00995037813328159,-0.0029675552873053013,173.3542236328125,172.57425201416015,-0.0047190099300212784,-0.00022070896230164117,0.005619568390312163,0.006801732916468697,1.7723721946358086,1.770937093218201,0.010675649210303586,1
2015-04-20,173.4571243470922,174.4444696253035,173.37416192199962,174.1125946044922,92189500,0.00913681656058496,0.003634870942555324,-0.0026613718340872117,173.5218292236328,172.65134887695314,0.0034045594349860764,0.008463563922575856,0.005946175896374272,0.006823514924272463,-0.5176183539389221,0.8895153514113667,0.0061472158618688915,0
2015-04-21,174.79293925483387,174.95058431814448,173.60647404818283,173.90516662597656,72559800,-0.001191343905860509,0.0005249726781568764,-0.0019044915068103796,173.71431884765624,172.73371215820313,0.0010986300932838144,0.006781851979771769,0.005864748753363197,0.006814875241093426,-0.2129277195342203,0.6998511076167757,0.007728984112659906,1
2015-04-22,174.24531243943684,174.94227014118775,173.3243448273341,174.75973510742188,78264600,0.004913991332317735,0.0009505183366314007,0.008667737888536253,173.93419342041017,172.84836517333986,0.004746287494008294,0.01105807354420274,0.005949741602850946,0.006770596232172874,0.07862204691854169,0.7547076656039247,0.00925799820455859,1
2015-04-23,174.3615033079398,175.84667385227195,174.2453457787927,175.1995086669922,102585900,0.0025164467049574313,0.003755600946418358,0.02624432585372838,174.12170867919923,172.93580078125,0.0061899231059046045,0.01308987425111341,0.005867876291402785,0.005768639041558702,0.31075735389946413,1.017161405396664,0.009140026051802107,1
2015-04-24,175.6143384293135,175.87154345258304,175.15800081050318,175.6060333251953,61327400,0.002320352729845876,0.0177926177090435,0.031080834700744298,174.25529022216796,173.02938446044922,0.007751518483629427,0.014891394734950714,0.00568974643478669,0.005705669894002798,-0.4021849006539885,0.6370480271786826,0.004063315072771373,0
2015-04-27,176.17021507638887,176.29466502117256,174.68504488080637,174.87588500976562,79358100,-0.004157877161757639,0.004383889672124441,0.024448115120538683,174.394677734375,173.07548919677734,0.0027593002357764185,0.010402373099412943,0.005653008207025748,0.005842019271749453,0.29400724635317976,0.84164704172966,0.009204357366233217,1
2015-04-28,174.85102087644302,175.48158845695426,173.6811405816105,175.4318084716797,86863500,0.003178960105808759,0.008778588211737937,0.015318307540684861,174.55646667480468,173.11850616455078,0.005014662667901959,0.013362536209329923,0.00569434952164356,0.005270351594567333,0.09457635704483858,0.9258210695317859,0.010262949980558479,0
2015-04-29,174.54405651764822,175.3073793114101,173.90519637105058,174.7100067138672,125684900,-0.004114429213839088,-0.0002845529236131794,0.02005536015280618,174.5680892944336,173.14163482666015,0.0008129631252034031,0.00905831742190255,0.005748692413946989,0.004920872061074676,0.44692419715991183,1.3403670711481825,0.008025773490215478,0
2015-04-30,174.1374314558223,174.52739144939122,172.2623014458399,172.95925903320312,161304900,-0.01002087810305774,-0.012786848837842202,0.013417634467359996,174.40961608886718,173.12941833496095,-0.008315809002899521,-0.0009828445297991317,0.006581719995653937,0.005423747670028566,0.2834071555135105,1.6984991325597762,0.013096089889680184,1
2015-05-01,173.73921654071185,174.87591442186115,173.63965656814003,174.8344268798828,103399700,0.010841673681775577,-0.004393963183961902,0.020732507561988633,174.63944244384766,173.15718322753906,0.0011164971286361514,0.009686249343405784,0.00636856085452933,0.005853642041020651,-0.35897979540609115,1.0793961877787361,0.007071020712473744,1
2015-05-04,175.25754698417074,175.9130171469318,175.14969458110048,175.3322296142578,70927200,0.002847280957525733,0.0026095342103156227,0.01679279194457095,174.76140594482422,173.1740881347656,0.0032663027992221316,0.012462265589137766,0.005798301056044821,0.005717751650380143,-0.3140482999467117,0.7575914072305892,0.004353578161360722,0
2015-05-05,175.09162144791608,175.44839909533542,173.183308572984,173.32435607910156,113326200,-0.011451822289454183,-0.01201294343903625,0.007815348181187787,174.7033248901367,173.15133117675782,-0.007893203016613004,0.000999269836205352,0.0069635548237527815,0.0063094385425730105,0.5977819510709572,1.1900704284255432,0.01306850677880306,0
2015-05-06,173.8719263269991,174.17891126928984,171.54876384368936,172.61077880859375,135060200,-0.004117005172557198,-0.012015498967448801,0.0002885323553709629,174.4884292602539,173.10439086914062,-0.010760888040659555,-0.0028515282487548976,0.0067939488590735,0.006346280672466008,0.19178265926149463,1.3850640557847926,0.015237446025992538,1
2015-05-07,172.5112411819484,173.722608883763,172.17936621005825,173.29945373535156,88244900,0.003989756210540429,0.00196690656545373,-0.0001436748089728157,174.29842376708984,173.0741973876953,-0.005731377313389685,0.0013015016163944182,0.006899038168700761,0.00633120348216601,-0.34662543073385055,0.903716337309164,0.008905063694323381,1
2015-05-08,174.96719142130206,175.7802941151666,174.8842163328538,175.58116149902344,155877300,0.01316627210583321,0.004271095987597784,0.007522476412473722,174.29593658447266,173.09376739501954,0.00737380882042471,0.014370211830489366,0.008217524441957492,0.006890167574988434,0.766417096058809,1.5311450192722516,0.005103496153360309,0
2015-05-11,175.53966651686653,175.80516398110535,174.66847882878935,174.74314880371094,75708100,-0.0047727938929095215,-0.0033597976358533677,0.0072695659730483975,174.28266296386718,173.10847259521483,0.002642178126112338,0.009443074530029127,0.008254447240474002,0.006899779196084639,-0.514309652527982,0.743198242627283,0.00650489109357211,0
2015-05-12,173.91344347223256,174.7597411434483,173.0920357919156,174.22042846679688,119727600,-0.002991363841687633,0.005169916150078446,0.002338762059996391,174.1615249633789,173.09075103759767,0.00033821191810523565,0.00652650371222796,0.008217185650529318,0.006929692907126476,0.5814371249575674,1.1501281083764587,0.009572386925053031,1
2015-05-13,174.6269635497374,175.24923856234108,174.0212860823308,174.25360107421875,94667900,0.0001904059570614347,0.009517495239661278,-0.0019484052773868221,174.11588439941406,173.08806610107422,0.0007909483691261876,0.006733768534128215,0.008128525063775075,0.006854020042044348,-0.20930595785767026,0.9115278429452852,0.007046927423251779,1
2015-05-14,175.26585334388207,176.1619309693813,174.99205079218353,176.07066345214844,95934000,0.010427689107875393,0.01599087392986731,0.008746633749791899,174.4270248413086,173.1364254760742,0.009423073129494641,0.016947548547372016,0.00796270811940486,0.0072442447256200635,0.01337412153433215,0.9118660208811749,0.006644378763959803,1
2015-05-15,176.26150512695312,176.40255263581574,175.78027751189376,176.26150512695312,76510100,0.0010838925182816705,0.0038748099290450977,0.02159165780073624,174.56973266601562,173.18480133056642,0.00969109842296767,0.017765437687075503,0.0073040010834947615,0.006674534579904423,-0.2024714908166031,0.7691305518743248,0.0035304085453813864,1
2015-05-18,176.0955698911435,177.0580124734228,176.02919235784495,176.80911254882812,74549700,0.003106789661648346,0.011822859775966865,0.015487207863746244,174.71742095947266,173.2930291748047,0.01197185476908258,0.020289814257194783,0.007312392430914133,0.006423372415456252,-0.025622760916532594,0.7561273950469652,0.00581881838976892,0
2015-05-19,176.92523439359277,177.19903691566,176.46889685681396,176.75099182128906,72114600,-0.00032872020396013113,0.01452506676032228,0.016364236040399494,175.0600845336914,173.38588745117187,0.00965901103099398,0.019408179175279594,0.005950057954677072,0.006412266570865924,-0.032664115348552736,0.7315943376931991,0.0041308965303248945,0
2015-05-20,176.85058157999936,177.37329672479893,176.31128154758866,176.62657165527344,76857500,-0.0007039290967114642,0.013617914157446842,0.010682303602165932,175.46166381835937,173.53209564208984,0.006639101736320097,0.017832297833629385,0.00565218317790749,0.006346727585615248,0.06576892889927977,0.7802674243946678,0.006012771279301238,1
2015-05-21,176.48553362894427,177.34841625919387,176.319583462163,177.1409912109375,64764600,0.002912469799097206,0.006078967034050864,0.011081552446791099,175.84581756591797,173.69652282714844,0.007365393518865115,0.019830381908201966,0.0056269644194315354,0.006353797684488513,-0.15734183391341117,0.6703686827983979,0.005807988258379735,0
2015-05-22,176.75935513790995,177.17420530855492,176.65150270249356,176.71788024902344,57433500,-0.002388554783518293,0.002589193379130661,0.006331484760373485,175.95948944091796,173.80953430175782,0.004310030737842752,0.016732948275532067,0.004240639451151883,0.006372754269981309,-0.11319609786827989,0.5956860252827015,0.00295783655465303,0
2015-05-26,176.228328472623,176.65148370371313,174.40299045014385,174.81784057617188,124308600,-0.010751824717307068,-0.011262270049041345,-0.00033191788330622085,175.96695861816406,173.9055255126953,-0.0065303057518070196,0.005246038392322294,0.005363561738297855,0.006775281049673053,1.1643918618924496,1.2599280887260453,0.012861920992494828,1
2015-05-27,175.27411048324737,176.70948781950406,174.86755295924152,176.4771728515625,93214000,0.009491778813430773,-0.0015491792544135574,0.005958807521793119,176.19263305664063,173.98927307128906,0.0016149358232837585,0.014299156128171564,0.005991499668095679,0.00707149264352738,-0.25014037645022147,0.9417384335493433,0.010437241431852597,0
2015-05-28,176.1702721131509,176.38598964068927,175.58948441576126,176.27813720703125,74974600,-0.0011278265699476986,-0.0019727181758486534,0.008975619214143027,176.39508666992188,174.07928253173827,-0.0006629972812648433,0.012631340406013436,0.0060330803699567975,0.007004116164256793,-0.19567232389984335,0.7773798318341409,0.0045184572377943285,0
2015-05-29,176.2117246051281,176.2531994850872,174.91739437695398,175.18289184570312,124919600,-0.006213166185445984,-0.011053903175367807,0.012856396500132705,176.30630950927736,174.10608612060548,-0.006371965170736682,0.006184767856717732,0.00546473028350274,0.006751121630791528,0.666158939160729,1.3201404117335833,0.00762520297535546,1
2015-06-01,175.84665786635355,176.17853287368334,174.75144755376922,175.5396728515625,93338800,0.002036620140816181,-0.006667165743504011,0.004033793482585812,176.23412628173827,174.15588562011717,-0.00394051620323288,0.007945681689241146,0.005503423520230237,0.006325957656773039,-0.25280900675314366,0.9916688756567872,0.008129702515287615,0
2015-06-02,175.08329201026015,176.05403946034752,174.46101702993104,175.36538696289062,91531000,-0.0009928575451958466,0.0031320967294534707,0.0001891115438716895,176.08975372314453,174.17164916992186,-0.004113622427985075,0.006853800826127188,0.0053643867771450355,0.006300252436684854,-0.019368151293995606,0.9619335736056635,0.009084018562645915,1
2015-06-03,175.8964098715841,176.45230738355588,175.34051235961232,175.8300323486328,87820900,0.0026495843552098997,-0.0036669926907431094,0.014456573364609593,175.9976577758789,174.20350982666017,-0.0009524298752858762,0.009336910166684476,0.005475395744303532,0.005709208364699646,-0.040533808217980805,0.9354802715762367,0.00632312358186404,0
2015-06-04,175.12482989319332,175.78028749043622,174.02961953601317,174.34490966796875,151882800,-0.00844635390681947,-0.010966916088930523,0.010046480708472805,175.76949157714844,174.22524841308595,-0.008104830345682656,0.0006868192525062433,0.006025798748864216,0.005978514567195743,0.7294607547861613,1.6035092429444333,0.010041405612341141,0
2015-06-05,174.1955130192715,174.71822807219536,173.39070300390694,174.04617309570312,121704700,-0.0017134803237706109,-0.006488754341383962,0.004308838511931423,175.460009765625,174.29178985595703,-0.008057885507988027,-0.0014092273678346645,0.005842711882212188,0.005940040482007019,-0.19869333459746596,1.2626017336813082,0.007627430380548813,0
2015-06-08,173.93834636683118,174.08769898352278,172.90122113504552,172.97589111328125,89063300,-0.006149414051369928,-0.014605141371370811,-0.014837983548460998,175.08581085205077,174.34505615234374,-0.012050775151348114,-0.007853191075668398,0.006007414489443657,0.0052573729260920535,-0.2682016388849403,0.9571419720703511,0.006859209343227186,0
2015-06-09,172.9510040283203,173.49031675404825,172.32043643447227,172.9510040283203,105034700,-0.00014387603266996507,-0.013767727921595085,-0.010255880059731215,174.8991271972656,174.39002563476564,-0.011138552834217719,-0.008251742616628421,0.0051959493817131525,0.005171403993408765,0.17932638920857413,1.1112710460086148,0.006764229708573509,1
2015-06-10,173.71429518187028,175.40689037129914,173.65622276176234,175.0252227783203,134551300,0.011993100367664544,-0.004577201969210409,0.004619402664807648,174.7539321899414,174.4348294067383,0.0015524147867760352,0.00338460715437372,0.005786989621885543,0.005834773458730052,0.2810176065624026,1.4124814282269536,0.010002373267961088,1
2015-06-11,175.46496915471943,175.971086709297,175.2326541454266,175.5894317626953,73876400,0.0032235867232095483,0.007138276059201809,0.007666014821166245,174.6850616455078,174.52111755371095,0.005177146280674894,0.006121403667126879,0.005922511133767045,0.005872532980811595,-0.4509425029709858,0.7840904248479623,0.0042054499320230325,0
2015-06-12,174.76801536778927,175.4649603607381,173.97149776140645,174.24530029296875,135382400,-0.007654967934192736,0.0011441055768353081,-0.010367219180018483,174.59130249023437,174.5926379394531,-0.001981783699018913,-0.001989417483942324,0.0060954382627734895,0.005634306071886012,0.8325527502693688,1.4074235441733485,0.008571035183276706,0
2015-06-15,173.1086361141157,173.78069119959363,172.40338593342784,173.49859619140625,124384200,-0.004285361500752205,0.003021837753000467,-0.01567505584135842,174.38719482421874,174.63694396972656,-0.0050955497833897745,-0.006518367491117116,0.006128591094503286,0.005682283616225963,-0.08123803389510009,1.2616903767455938,0.007938423113500744,1
2015-06-16,173.3492325606859,174.52741782155277,173.17500263268036,174.44444274902344,85308200,0.005451609283188219,0.008635039322804738,-0.013374139860306444,174.29510040283202,174.67710205078126,0.0008568361694978321,-0.0013319393270572188,0.006476160767402647,0.005789749880022775,-0.3141556564258161,0.8606272481788714,0.007752698610285678,1
2015-06-17,174.7265625,175.33225276281615,173.70603479640596,174.7265625,126708600,0.0016172469958384283,-0.001706384220396484,-0.011453566966888262,174.18475341796875,174.7320278930664,0.0031105425210846693,-3.127871365260493e-05,0.006428293383206705,0.005811867488012561,0.48530387465683256,1.2440342322809685,0.009307216619740887,1
2015-06-18,175.32394929798113,177.00823971096892,174.75975923225266,176.54360961914062,165867900,0.010399375419181789,0.005434141718362984,-0.0004697030314030348,174.40462341308594,174.81168029785155,0.012264504026297418,0.00990740045709848,0.0066350765795189,0.006306623202719019,0.30905005658652995,1.5603239046539434,0.012736119328062515,0
2015-06-19,176.30179312772805,176.37682630299184,175.38467857961558,175.75985717773438,130478700,-0.0044394268537787385,0.008692096040576747,-0.007796806508542642,174.57599182128905,174.8603903198242,0.006781375515009236,0.00514391427506844,0.006824727191435736,0.006341808113690502,-0.21335773829656013,1.1906163024626237,0.005644905152448828,1
2015-06-22,176.67703289958004,177.24396738249402,176.45192057404458,176.6603546142578,70696000,0.005123453392504862,0.01822353893494011,-0.0003255224354465902,174.9444381713867,174.90819305419922,0.00980835093019694,0.010017607119842786,0.006432092595935006,0.006437829135590309,-0.4581797642067249,0.6412199796040601,0.004483444008582996,1
2015-06-23,176.8687332929665,177.1188566072924,176.39351044536755,176.7853546142578,68476800,0.0007075724503833314,0.01341924012221063,0.011254652451954117,175.32787322998047,174.97425994873046,0.008312890343257218,0.010350634807988479,0.006404245350449127,0.005919293058283262,-0.031390743464976834,0.6372261796621641,0.004102976536192933,0
2015-06-24,176.5185779533559,176.89375658989982,175.47640800639996,175.5014190673828,92307300,-0.007262680495658258,0.004434681002682739,-0.005529065138642042,175.37549285888673,175.00800994873046,0.0007180376598991955,0.0028193516330874413,0.006020453165332075,0.005774958823549406,0.3480083765596522,0.8593487656938609,0.008075995003525729,0
2015-06-25,176.0017177216483,176.126773063504,174.89284704391002,174.96788024902344,97107400,-0.0030400826454544116,-0.008925439858834427,-0.007432895416117136,175.31333770751954,175.01549194335936,-0.001970514411587132,-0.00027204274208669776,0.006006924953723677,0.005805807102017115,0.05200130433887673,0.8948172283881478,0.007052300215546945,0
2015-06-26,175.32635352834328,175.56814411418458,174.38424041488037,174.93450927734375,104174800,-0.00019072627291472077,-0.0046958839956042775,-0.0014178471752718247,175.38225860595702,175.02330230712892,-0.0025529910047472626,-0.0005073211887486329,0.005433081543706399,0.00563989413568997,0.07277921147101041,0.969204857877127,0.0067676966894349684,0
2015-06-29,173.45878205663925,174.9428311592116,171.19101905728778,171.26605224609375,202621300,-0.02097045943881759,-0.030534877958003914,-0.02434561108634714,175.15900421142578,174.99790008544923,-0.022225246043492186,-0.021325100687112686,0.008646388337497804,0.007294322601454973,0.9450126134151446,1.79391952655419,0.02190633842912908,1
2015-06-30,172.80010020136746,172.8501350423014,171.14930666095873,171.62454223632812,182925100,0.002093176000339314,-0.029192533449337366,-0.02133171654537569,174.87701416015625,174.94813903808594,-0.01859862452162775,-0.018997611635264477,0.008418944893882466,0.007331618395573565,-0.09720695701784565,1.5565624312874962,0.009910169951105293,1
2015-07-01,173.19198460957617,173.44210796677788,172.21651496611176,173.00022888183594,135979900,0.008015675541400702,-0.014251680692032198,-0.01609397114359845,174.70438079833986,174.9300402832031,-0.009754488746741896,-0.011031903944244803,0.008918621747405944,0.007568564480086064,-0.25663618606741234,1.1338594718652468,0.007084343232304264,0
2015-07-02,173.47547496516904,173.64221963939704,172.4249593461065,172.84182739257812,104373700,-0.0009156143334700939,-0.012151103696400711,-0.008621314371914712,174.3342025756836,174.89168212890624,-0.008560426818470135,-0.011720710278360968,0.00798694195073951,0.007351491975249675,-0.23243288162441655,0.8879004018123687,0.007042625686465091,0
2015-07-06,171.55783748282298,173.12525230369525,171.35773628956693,172.34988403320312,117975400,-0.0028462054978025675,-0.01477481632879496,-0.009746201437978552,173.99320526123046,174.83468963623048,-0.009444743693065916,-0.014212314548087468,0.007950630475855387,0.007366434486190768,0.13031731173657723,1.005203695456222,0.010255394275680554,1
2015-07-07,172.5499731339721,173.55878636499753,170.17382092755489,173.43373107910156,173820200,0.006288643894240442,0.012656792193078914,0.002646842648843295,173.67054290771483,174.7912435913086,-0.0013635693460065657,-0.007766478939763788,0.008073059261912787,0.007386168961945349,0.4733597004121197,1.4294128702847964,0.019517341963304662,0
2015-07-08,172.09979321197,172.38326041458043,170.29058751747044,170.52403259277344,164020100,-0.01677700449747599,-0.006412309272407435,-0.014032710877755039,173.0444107055664,174.70420654296876,-0.014564920661213177,-0.023927151113944167,0.009271211074904799,0.008301652546464628,-0.05638067382272027,1.3168827728964303,0.012272011547530553,1
2015-07-09,172.61671425266942,172.87518312654962,170.72414249051633,170.83251953125,144113100,0.0018090525645335642,-0.01253009527557647,-0.023954851652327913,172.57752075195313,174.61222076416016,-0.010111405083928826,-0.021646258299499066,0.009312446971273732,0.007779753592627276,-0.12136927120517549,1.1526293215921395,0.012591517364115219,1
2015-07-10,172.82513914137888,173.40041904782046,170.87419984963972,172.98355102539062,129456900,0.012591463850342377,0.0008199614349748696,-0.014840760694678212,172.37908782958985,174.57769165039062,0.0035065923796877563,-0.009131410834509301,0.010479161436144597,0.008322102201582644,-0.10169929034903835,1.0128942507133698,0.014603811652646329,1
2015-07-13,174.24243312624253,175.00112296472085,174.20074379578168,174.8927459716797,106069400,0.011036858331164856,0.014754068172083468,0.0037157138678767243,172.37491149902343,174.61636138916015,0.01460673395426526,0.0015828103410284733,0.011165253844730256,0.008548119415416344,-0.1806585821226987,0.8395335722327865,0.004576400035875578,1
2015-07-14,174.85110984533196,175.95998021965312,174.79274222056702,175.6514892578125,81709600,0.00433833480009338,0.012787352061862878,0.012408705970341938,172.8134552001953,174.63270263671876,0.01642252945136402,0.00583388223231629,0.008401887843555313,0.008526352015532198,-0.22965907226777937,0.6578368550172322,0.006645192728043904,0
2015-07-15,175.69322970001156,176.15178716438473,175.11794967396202,175.5931854248047,97914100,-0.00033192905596279854,0.029726911538251244,0.00658514916083619,173.21031951904297,174.63792175292969,0.013757066625003977,0.005469967016822785,0.008451820086197468,0.00845274376122308,0.19831819027384778,0.7843178876867127,0.005887685720385992,1
2015-07-16,176.64359271808092,177.00210571289062,176.40181494346828,177.00210571289062,106683300,0.008023775436827973,0.03611482286024614,0.013023453219315861,173.61050720214843,174.71147674560547,0.01953567537702705,0.013110924422100156,0.008452426855306816,0.008622489976220985,0.08956013485289649,0.8614708424799871,0.0033914329267701257,1
2015-07-17,176.99376406880003,177.2105435146903,176.58524167640402,177.1521759033203,89030000,0.0008478440966861456,0.024098388853850183,0.0034471159023685694,174.04154205322266,174.8023046875,0.017872938916769776,0.013443021932812993,0.008395584910020532,0.008315016613459344,-0.16547388391622686,0.7419373481702469,0.003529744046878266,1
2015-07-20,177.3773278105306,177.7358281715561,176.92711598383323,177.24392700195312,70446800,0.0005179225045639502,0.013443559463890864,0.008443735947725628,174.53094635009765,174.88119415283202,0.015544410367279049,0.013510502719098927,0.008223276526701052,0.008242853763391355,-0.20872964169381103,0.6021348251797982,0.004562707458597235,0
2015-07-21,177.11054402998832,177.36901289331283,176.2434641305146,176.54360961914062,77965000,-0.003951150229281386,0.00507892284373801,-0.0006608443381205253,174.84193420410156,174.90044311523437,0.009732650366659934,0.00939486758660557,0.008381388204813925,0.008221964372030502,0.10672166798208016,0.6643318835591897,0.006375471563237978,0
2015-07-22,175.85994547068282,176.56029344734014,175.8266016250339,176.22679138183594,88667900,-0.0017945607772955618,0.0036083744109909333,-0.003159556025671084,175.4122100830078,174.93011596679688,0.004643811844355916,0.007412533901739238,0.005550598457467156,0.008229651569261911,0.13727826588853964,0.7490863350685001,0.004163338710040569,0
2015-07-23,176.36021385328118,176.4602581243097,174.87616446460365,175.2346649169922,90509100,-0.005629827661641329,-0.009985422426360024,-0.0015199543787631775,175.85242462158203,174.9504006958008,-0.003512943912597155,0.001624827494311809,0.006230728861920436,0.00816295339038842,0.020765124695633963,0.7652224537996893,0.009039841862661246,0
2015-07-24,175.3346790374915,175.39303394072115,173.0835944371468,173.41708374023438,117755000,-0.010372269537073597,-0.02108408854726307,-0.008863321122607681,175.8957778930664,174.9336703491211,-0.014091834281200977,-0.008669495162709429,0.006355239947759333,0.008463691542276771,0.3010293992537767,0.986962299682924,0.013317254873422576,0
2015-07-27,172.53330165520254,173.04188104088917,171.9663546525979,172.40823364257812,132361100,-0.005817478162459699,-0.027282702663892766,-0.014441265163755879,175.64732666015624,174.86042175292968,-0.018440889930793736,-0.014023688641311871,0.005335170405196087,0.008549076812472283,0.1240380450936267,1.0964319455333982,0.006238254203804259,1
2015-07-28,173.24200980610797,174.66770406215596,172.41661925106152,174.52597045898438,123544800,0.01228326960762538,-0.011428559575217268,0.019034234573273245,175.53477478027344,174.82571105957032,-0.005747034013925956,-0.0017145109764994393,0.006703536778316996,0.007575970423640467,-0.06660793843508406,1.058054344146767,0.012898279867313357,1
2015-07-29,174.6509751382141,175.9516009754229,174.50924157613866,175.72650146484375,105791300,0.006878810085983789,-0.002838898178133431,0.023900773019206012,175.54810638427733,174.80405883789064,0.0010162176296901748,0.0052770092015343995,0.007113535875273548,0.007688042158527242,-0.1437009084963511,0.936957958347731,0.00820797880377084,1
2015-07-30,175.21796542521344,175.9349789129583,174.6009961891253,175.7682342529297,91304400,0.00023748716180005403,0.0030448846190920253,0.016000009878509358,175.42471923828126,174.78440368652343,0.0019581904770320513,0.005628823542921824,0.006553797131064284,0.007520547255561551,-0.1369384817087984,0.8249734629759271,0.007589441456829905,0
2015-07-31,176.26845462172625,176.2934656827091,175.21795189504306,175.5014190673828,103266900,-0.0015179943445464694,0.012019204118728144,0.015387430895207554,175.2596435546875,174.76190063476562,0.001379527584283169,0.004231576962319128,0.006535191415899166,0.007529069126419728,0.13101778227555294,0.9335264384757145,0.006128234138398062,0
2015-08-03,175.4680839189179,175.52643882350162,173.9590110746571,174.9094696044922,113965700,-0.0033729041396716175,0.014507636375994615,0.014851101209885087,175.0261978149414,174.7172702026367,-0.0006669185065234506,0.001100059551254251,0.006556086450834016,0.007543367454326112,0.1036033811414887,1.0321135076080377,0.008961365856227298,0
2015-08-04,174.83441582600307,175.29297311573126,174.08405860412074,174.567626953125,81820800,-0.0019543976214676517,0.00023868364135770648,0.006537920086066018,174.82859954833984,174.67426513671876,-0.0014927340028407787,-0.0006104973935930902,0.006496699786086464,0.007450266491886309,-0.2820576717380756,0.7732090503130488,0.0069251930195232255,1
2015-08-05,175.45970953616686,176.17672288604265,174.8594186980476,175.1428985595703,85786800,0.0032954082981249133,-0.0033210864633880233,0.027086305059575544,174.72021026611327,174.6807662963867,0.0024192295374030337,0.002645581840415634,0.006634684422749713,0.006281669538149027,0.048471782236301664,0.8418055090812212,0.007521310877169343,0
2015-08-06,175.32631450183948,175.4347042383865,173.1252522637311,173.70887756347656,116030800,-0.008187719901221135,-0.011716318925350966,0.01683729795778377,174.56763153076173,174.625400390625,-0.004919319576916159,-0.005248508092741577,0.006894496860421435,0.006631687676878496,0.3525484107112049,1.154489545862286,0.013294956521790146,0
2015-08-07,173.5505327067585,173.7005991182477,172.4750058705327,173.3754425048828,117858000,-0.001919504997503152,-0.012113728617110131,0.0022654840715732316,174.56346740722657,174.56734649658202,-0.006805690331369796,-0.00682776026341525,0.0060661085971434,0.006048321301701614,0.01574754289378344,1.1794759299163644,0.007069012946747025,1
2015-08-10,174.4842574429596,175.64314989691428,174.4842574429596,175.55978393554688,80270700,0.012598909044471807,0.003718005277388192,0.0038139830223444804,174.87862243652344,174.5748843383789,0.0038950529775054754,0.005641702704834328,0.006851021992143701,0.006204634078071069,-0.3189202260347197,0.8138229672180834,0.006601127137295529,0
2015-08-11,174.22577025574114,174.64263815361645,173.21694434529155,173.97564697265625,126081400,-0.009023347644766977,-0.0033911211992799783,-0.009540723464613099,174.82359008789064,174.54360382080077,-0.0048502785854477315,-0.003253953944526211,0.006546686173705295,0.006451028680115193,0.5707026349589577,1.2501539993551982,0.008194789518724826,1
2015-08-12,172.67506764659507,174.36755074979908,171.2160296112949,174.1841278076172,172123700,0.0011983334368270704,-0.0054742199646024,-0.00802455752356579,174.66935272216796,174.51997863769532,-0.002777962515969068,-0.001924426261679546,0.0060850845037090364,0.006461687287532869,0.3651791620334166,1.646121591085963,0.018093044286933858,0
2015-08-13,174.0257316203212,174.70940132497384,173.42544061392488,173.96737670898438,89383300,-0.0012443791599210385,0.001488117067668826,-0.017145157633484787,174.48926696777343,174.48272552490235,-0.0029909590879617642,-0.002953580730514327,0.006073296778933556,0.006151971768510083,-0.480703122231279,0.8619563459048339,0.007380468311577716,1
2015-08-14,173.77557948836994,174.67601584894675,173.63384590223302,174.60098266601562,72786500,0.003642096403460471,0.007068706752389575,-0.014401139722364897,174.39922332763672,174.48784698486327,0.0011568820923006928,0.0006483871691200793,0.006242454766095833,0.006223782886804276,-0.185681217856132,0.7074480492972804,0.005968866445083161,1
2015-08-17,174.00904675741438,175.5764617919922,173.55048941147336,175.5764617919922,79072600,0.005586905131241382,9.499816000824168e-05,-0.009407742415583953,174.4659225463867,174.51845275878907,0.006365364819655328,0.006062447933030013,0.0064241295451938855,0.0063775868849110275,0.08636354268992186,0.7653375345017276,0.01153897487078319,0
2015-08-18,175.30128558356714,175.65145309465998,174.83439556877664,175.06784057617188,71692700,-0.0028968644807462196,0.006277853380751042,-0.00835923229479929,174.5159439086914,174.56029174804686,0.003162442669245369,0.0029075846691273277,0.006469250478238799,0.00635145641231794,-0.09333068597719063,0.6960207973162122,0.004667090901414536,0
2015-08-19,174.3258512052676,175.09288677233275,172.87515875699717,173.6838836669922,172946000,-0.007905260638532474,-0.0028719272353995295,-0.014429745300951202,174.3700424194336,174.57494934082033,-0.003935072463828959,-0.005104201245325957,0.006852256628790419,0.006565419571576372,1.4123237093874272,1.613037712658689,0.012768761087745356,0
2015-08-20,172.1748126984539,173.65886172552786,169.99876128116887,170.05712890625,194327900,-0.020881354586104517,-0.02247690271995939,-0.02954630017522364,174.00486755371094,174.4755874633789,-0.022687518475552837,-0.02532422226723441,0.009157676957822694,0.00791454103800716,0.1236333884565124,1.7287648658660393,0.021522769835640047,0
2015-08-21,168.18949123337958,170.03205264070596,164.67947122682187,164.93792724609375,346588500,-0.030102834812519963,-0.05534364854295115,-0.04889458588083373,173.16111602783204,174.2625573730469,-0.04748865663591928,-0.05350908575840385,0.012738132958064972,0.010029792576913159,0.7835241362665886,2.798449368610199,0.03245209578690669,0
2015-08-24,156.31716098493249,164.64617515076566,152.07343524562975,157.9929656982422,507244300,-0.04210651645627517,-0.10014722881579308,-0.08361125011129356,171.40443420410156,173.93751068115233,-0.07824458315873861,-0.09166823717592665,0.015772271166553692,0.013389743891576517,0.4635347104707743,3.557253721579652,0.07957784607416726,0
2015-08-25,162.937051181498,162.953729466756,155.8419610598146,156.13377380371094,369833100,-0.011767561209542698,-0.10815274073265757,-0.10538372373408933,169.62024688720703,173.59021423339843,-0.0795098069422352,-0.1005612010260939,0.01577004628903814,0.012895775996939899,-0.27089747484594706,2.3874251922599345,0.04554919946969452,1
2015-08-26,160.14401536953736,162.4034328471312,157.05084915471605,162.12831115722656,339257000,0.03839359805042486,-0.06653220935525239,-0.07738269523528685,168.41466522216797,173.3438916015625,-0.03732664288260534,-0.06470133063653238,0.022021767315134964,0.016029113809855906,-0.08267540141755836,2.036575908491464,0.03301449114105924,1
2015-08-27,164.2626591901485,166.2636203663114,162.75359916753715,166.13856506347656,274143900,0.024735062479994463,-0.02304263201417267,-0.05478617470547076,167.63178405761718,173.17213165283204,-0.008907731922887518,-0.040616042097674554,0.024192258280326687,0.01725105965162835,-0.191928537952054,1.5600820217929217,0.021127070631873857,1
2015-08-28,165.49658334975751,166.61378645112822,165.01301498010434,166.1468963623047,160414400,5.014668824743218e-05,0.00732984302880868,-0.053301692685952085,166.7863754272461,172.96419738769532,-0.0038341205227543362,-0.039414521203540276,0.02408717371617196,0.01726013966882833,-0.41485329420060046,0.8982704554261962,0.0096346757361822,0
2015-08-31,165.17139594973068,166.02181000776918,164.25428150265006,164.80455017089844,163298800,-0.00807927334663594,0.043113213569685005,-0.05777228332144135,165.7091842651367,172.7450912475586,-0.0054591669028486445,-0.04596681167212269,0.023825611642582106,0.017303359008717028,0.017980929392872547,0.9019638210981107,0.010724998207186824,0
2015-09-01,161.0110950686607,162.3867671258326,159.0184665026377,159.88555908203125,256000400,-0.02984742280335284,0.024029299919676506,-0.08410532999360865,164.19095611572266,172.40959533691407,-0.02622188904641576,-0.07264117887643651,0.024927342656611944,0.01832323740089945,0.5676808402756175,1.3490956646456964,0.02106694714978449,1
2015-09-02,162.2617361711984,162.96208425207837,160.42751906427594,162.92039489746094,160269300,0.018981300330398465,0.004885536243366184,-0.06978589347687547,163.11460723876954,172.13229614257813,-0.001190649596601201,-0.05351640250872458,0.026433219452130615,0.01898571867338063,-0.37394902507964833,0.8283457462125577,0.015557077365284049,1
2015-09-03,163.62900898451664,165.1214034229012,162.54516245333764,163.0370635986328,152087800,0.0007161086323494992,-0.01866816090327228,-0.061435052223764774,162.4126007080078,171.88300903320314,0.0038449165144993636,-0.051464920729084596,0.02596609163673801,0.01897288868686383,-0.05104845407074221,0.7788031191390652,0.015801566298481683,0
2015-09-04,160.7860239288382,161.62809287260038,159.75218650811885,160.56924438476562,207081000,-0.015136553366432715,-0.03357060588947913,-0.0738639679016625,161.975732421875,171.59503631591798,-0.00868332568144281,-0.06425472535728327,0.024688044447810066,0.019162741948187956,0.36158850348285654,1.0367259703132239,0.011682849798971238,1
2015-09-08,163.3622791217533,164.75461710077136,162.72029866184022,164.6045379638672,116025700,0.02513117374727103,-0.0012136327960838855,-0.06240179684717362,162.6368896484375,171.38843688964843,0.012098413340805081,-0.039582010600570317,0.02164251223053798,0.019912427165670238,-0.4397086164351147,0.5757158824403448,0.012358823542141326,0
2015-09-09,166.18032529944557,166.30538065563044,162.03665487376858,162.4034881591797,149347700,-0.013371744375423322,0.015748320808989247,-0.06651596941780802,163.26386108398438,171.21118560791015,-0.0052698308069666355,-0.051443469756122906,0.021780491677958817,0.020004861571028598,0.2871949921439818,0.7368055143403506,0.02628469271348329,1
2015-09-10,162.21165920366735,164.42939981290357,161.9532031029294,163.2871856689453,158611100,0.005441370254926303,0.0022513496343734563,-0.06255990299361447,163.37974853515624,171.0444384765625,-0.0005665504264807941,-0.045352265625872024,0.018228317956684257,0.020076835342175855,0.06202572922113969,0.7851233983069054,0.015164672597116784,1
2015-09-11,162.89530883762922,164.09589045579688,162.18662830079998,164.02919006347656,119691200,0.004544167942459376,0.006085281732540082,-0.057126725904090514,163.16881103515624,170.86501770019532,0.005272938025729257,-0.04000718068992393,0.016307165723893045,0.020145584778342333,-0.24537942174286664,0.5880591292955332,0.011639770666782191,0
2015-09-14,164.20432249066465,164.2543446212188,162.93704005547906,163.4206085205078,79452000,-0.003710202694613307,0.017757847380221792,-0.06403385579389387,162.89618225097655,170.67659332275392,0.0032193895663146233,-0.042513063220829816,0.016319585906435785,0.020089929987928044,-0.33619180023259854,0.38972033401600936,0.00806082279135818,1
2015-09-15,163.9207947539575,165.90509001207155,163.37887157728196,165.4632110595703,113806200,0.012499051114512216,0.005216582156997385,-0.05760026503098792,162.96204833984376,170.53885986328126,0.015348130102725399,-0.029762417831220578,0.016695516379292213,0.02030573639949867,0.4323893671650807,0.5535160825841859,0.015267553546268997,1
2015-09-16,165.76342416223778,167.0890615612163,165.42158929428368,166.8972930908203,99581600,0.00866707482628093,0.027670618301227856,-0.046670750370034764,163.66322174072266,170.40813110351561,0.019760526010059287,-0.020602526358103335,0.012927817808727442,0.02046581248627957,-0.12498967543068829,0.48106961341788745,0.00999100845826929,0
2015-09-17,166.76390058189295,169.1567191508858,166.14693127954274,166.52210998535156,276046600,-0.0022479879602635977,0.019811256487479945,-0.04123453213063821,164.0233932495117,170.3280926513672,0.01523390466650576,-0.02234500842914877,0.011970602070165431,0.02042167396426168,1.7720643171027581,1.30115268087064,0.018074403883110934,0
2015-09-18,164.01876403278732,166.5078213622885,163.3902112311698,163.8008575439453,223657500,-0.016341688449934,-0.0013920236967754906,-0.03678923313913929,164.09977264404296,170.1874594116211,-0.0018215448765187547,-0.03752686531519889,0.013349863797351081,0.020223921014585786,-0.18978353654781477,1.0469783049636225,0.019032929240204385,1
2015-09-21,164.63060439074857,165.66980383682204,163.59978104771184,164.64736938476562,105726200,0.005167932900431937,0.007506769650192924,-0.0017616194539331609,164.50758514404296,170.0207357788086,0.0008497130427163047,-0.031604182686478466,0.012193362498084566,0.019122597842128063,-0.5272852464147189,0.5244906966650609,0.012572461964288942,0
2015-09-22,162.48509755782862,162.971179937286,161.3788384622485,162.51023864746094,153890900,-0.012980047876200218,-0.017846700745135724,0.028591608045680283,164.29815521240235,169.7730856323242,-0.010882146318867747,-0.04277973129729373,0.010144823463349703,0.01669526018388838,0.45556068410668304,0.8367677821765209,0.009798407092932905,0
2015-09-23,162.67789972312073,163.14721725645575,161.6722174676966,162.25048828125,92790600,-0.0015983630839064844,-0.027842301834348326,0.03917611371661911,164.28285522460936,169.50506561279298,-0.012371144515236798,-0.04279858720042551,0.009220659151765754,0.016421175016651385,-0.39703647194213565,0.5456377064912091,0.009090880430524959,0
2015-09-24,161.03521979257945,162.12471385357648,159.70269094597663,161.6637725830078,159378800,-0.0036161105242725755,-0.029175329346782353,-0.0028652526563868186,164.12051391601562,169.22647735595703,-0.01496913014947654,-0.044689843404596474,0.009064196205915073,0.014042246903852236,0.7176179483697702,0.9895304125037403,0.01498185319383316,0
2015-09-25,163.121996846105,163.4237026548314,160.75025644738236,161.62185668945312,155054800,-0.00025927820986093586,-0.013302743875486689,-0.027186393311497192,163.8797805786133,168.9188723754883,-0.0137779284374685,-0.04319834476407525,0.008865094939190294,0.0127754449295289,-0.027130333519891026,0.9996400633534916,0.01654136551955294,0
2015-09-28,160.72514181152218,160.8340950566949,157.25553083417196,157.56561279296875,178515900,-0.025097124730340203,-0.04301165951365715,-0.051648774411189424,163.29428100585938,168.52714111328126,-0.03508186678433067,-0.06504310372739508,0.011623687210185456,0.013829627107466184,0.1513084406287326,1.1442175004112567,0.02271158128407719,1
2015-09-29,157.78352463470284,159.0154891991918,156.66050053114188,157.65780639648438,159045600,0.0005851124612878955,-0.029859240201493442,-0.04336496636168752,162.51374053955078,168.1354187011719,-0.02988014506923875,-0.06231650883333173,0.010331147267198507,0.013783160697200746,-0.10906759565954627,1.0208118846457719,0.014937342602163891,1
2015-09-30,159.5434342791708,160.7670225082803,158.76403506104677,160.5994110107422,163452000,0.018658160236354915,-0.010176100472781169,0.004464768005374875,161.88395233154296,167.8165347290039,-0.007934951564377402,-0.043006034714732855,0.01210590256809205,0.012886493257246905,0.02770526188715694,1.0812060476019199,0.012471947653030597,1
2015-10-01,160.9765265493402,161.3201384025769,159.08249248924568,161.0184326171875,131079000,0.002609110480593868,-0.0039918650635779596,-0.0116741816239182,161.33358459472657,167.51236755371093,-0.001953418306118615,-0.03876689841686598,0.012270207085787615,0.01213555889898383,-0.19805814551060863,0.8755170034807878,0.013896830797323071,1
2015-10-02,159.04064658051715,163.44889292368572,158.49589306831552,163.4237518310547,211003300,0.014938160648884757,0.011148833323105567,0.0023717811391268384,161.2958740234375,167.2761492919922,0.013192388339133831,-0.023030165849961537,0.012556206522968086,0.012618682624108231,0.6097414536272019,1.3821609761991345,0.030307711087740417,1
2015-10-05,164.64734619822048,166.55814603288178,164.53839293436835,166.3318634033203,126320800,0.017794913772827714,0.05563555686398325,0.03588868491369346,161.46432342529297,167.1344448852539,0.030146225957336403,-0.004802011234037451,0.013731366455725409,0.012661435035597754,-0.4013325857936819,0.8499361223087475,0.012142911509480001,0
2015-10-06,166.19774784370665,166.7592535071073,165.09987760721134,165.76194763183594,110274500,-0.0034263776033245374,0.051403361625944166,0.00703145661891047,161.78949432373048,167.00151916503907,0.02455322160879514,-0.007422516510033228,0.012952910112326556,0.011448845369810124,-0.12702816954927454,0.743408652156419,0.010010596060209818,1
2015-10-07,166.69220479911124,167.4716169552266,165.50214631315984,167.11962890625,124307300,0.008190548517380547,0.040599264060013907,0.029039651798905775,162.27640838623046,166.85339233398437,0.02984549983687268,0.001595631761161398,0.013015553704527932,0.011092145044133197,0.12725335412992123,0.845143256117181,0.011784795448364667,1
2015-10-08,166.73405084430524,168.91303831104975,166.43234508410887,168.6280975341797,153055200,0.009026280382515184,0.04725958881418091,0.03270870180874286,162.97284088134765,166.7114242553711,0.03470060791877194,0.011496952217699308,0.01291101316680087,0.011187895159438459,0.2312647768876004,1.042564191640016,0.014711031335913954,1
2015-10-09,168.77058954139574,169.20637686021877,168.1001307897503,168.7286834716797,107069200,0.000596495714361156,0.03246120335132896,0.028650348187322594,163.68352355957032,166.5706332397461,0.03082264972303861,0.012955766511540512,0.012880220416074178,0.011169329819187111,-0.30045369252400445,0.7324707166869391,0.006556360469997685,1
2015-10-12,168.80417305712558,169.08911398246477,168.37676166911675,168.8879852294922,56395600,0.0009441296792862541,0.015367601696217426,0.033455858220588386,164.81576080322264,166.43836456298828,0.024707736726292007,0.014717884743314924,0.007942839224845547,0.011103952915758932,-0.4732789635114487,0.3888746152495701,0.004217898107908895,0
2015-10-13,168.1588314648313,169.4243260345395,167.6559968652406,167.8236083984375,88038700,-0.006302264957500525,0.012437479144372654,0.014265390619171425,165.83234100341798,166.2966473388672,0.012007714435982475,0.009182151799240978,0.00881122489082985,0.0109366758683077,0.5610916454475172,0.612510432015817,0.010536832011743016,0
2015-10-14,167.7649864146186,168.34325724309275,166.72578693197545,167.01910400390625,99106200,-0.0047937498317950356,-0.0006015146335691668,0.000729855534682855,166.47431030273438,166.1456768798828,0.003272539169443922,0.005256995790837715,0.008261180073591022,0.010838565655595489,0.12571176085062596,0.6896242433613119,0.009684343122086634,1
2015-10-15,167.68116384176335,169.5919637486582,167.3124107390394,169.58358764648438,134142200,0.015354433002575218,0.005666256847326467,0.018384811851123617,167.33082580566406,166.0344906616211,0.013462921909180414,0.021375660988995016,0.008981745323949061,0.01134153020308147,0.3535197596114068,0.9818979533136188,0.013442061471012087,1
2015-10-16,169.98589159966087,170.37139698305486,169.22324414876027,170.35464477539062,114580100,0.004546767406015784,0.009636543534009334,0.04001070159041764,168.02391510009767,165.96740600585937,0.01387141630347366,0.026434339579762822,0.008310053918566615,0.010600777421184968,-0.14583106583908723,0.8735813131528958,0.006739780038333618,1
2015-10-19,169.7092829967101,170.4384002685547,169.39920099152403,170.4384002685547,76523900,0.000491653710261275,0.009180138166464236,0.035172325591525055,168.4345687866211,165.9086651611328,0.011896794680384737,0.027302583038821604,0.006833452522301377,0.010579168920451371,-0.3321362086435603,0.590001343857726,0.0060972132770151935,0
2015-10-20,170.00258054949444,170.83226203580736,169.75115687960545,170.22047424316406,78448500,-0.001278620457873636,0.0142820540423374,0.047444614320142575,168.88042144775392,165.80187896728515,0.007934920957221259,0.026649850432338917,0.006659322826503053,0.010028995822758631,0.025150312516743156,0.6229576306860265,0.006351205170874625,0
2015-10-21,170.6395042149771,170.79035073953665,168.99688070478732,169.1645050048828,102038000,-0.00620353834035714,0.012845243146115681,0.042613225987017334,169.08490905761718,165.7056561279297,0.00047074542435066036,0.020873450899483892,0.00688703554101715,0.010176637392482635,0.3007004595371485,0.8073170754864173,0.010601928783449968,1
2015-10-22,170.11158449985703,172.2319023153456,169.16457331916388,172.0223846435547,174911700,0.016894085662884084,0.014381090947045205,0.06407503607667042,169.4243377685547,165.66242126464843,0.015334555290097196,0.038391104816378974,0.00819989364234092,0.010591249009562752,0.7141819714224114,1.375436651283488,0.017830987534194962,1
2015-10-23,173.69011103451444,174.27675782662064,172.89394661751743,173.9080047607422,144442300,0.010961481095002057,0.020858603474161796,0.07601786245344377,169.94226989746093,165.66123382568358,0.023335776706254974,0.04978093392529148,0.008642416975598838,0.010697062114192815,-0.17419875285644126,1.140596584739907,0.007951394825129774,0
2015-10-26,173.73201452401705,173.79067280838166,173.1118377599379,173.4805908203125,69033000,-0.0024577013635325162,0.017849208552558116,0.10100540178303397,170.40153045654296,165.63882598876953,0.01806944078213424,0.04734255259738829,0.008800523961063539,0.008448054224995121,-0.5220721353786253,0.569751473124857,0.003913031684027796,0
2015-10-27,172.81011938125604,173.48057828002285,172.46650743729634,173.14535522460938,77905800,-0.001932409810907032,0.017182897618220894,0.09823521703185611,170.93370513916017,165.59020385742187,0.012938642403197642,0.045625593731937863,0.008402156613451906,0.00853337164504964,0.12852983355786374,0.6652567518426518,0.005856760300679321,1
2015-10-28,173.48055729377796,175.13993295683483,172.81848736364915,175.1147918701172,135906700,0.011374469981900504,0.03517455901911948,0.09038252860344609,171.74327392578124,165.5911428833008,0.019631149839340667,0.05751303373470962,0.008256292401566783,0.00804939143188712,0.7445004094688714,1.1743519996267144,0.013256707605303213,0
2015-10-29,174.6119662542559,175.38298945811434,174.49463691427613,175.0142364501953,90525500,-0.000574225734148448,0.017392223766924397,0.08692050720852595,172.28633880615234,165.61774993896483,0.015833511019769597,0.05673598702248617,0.007489376567597186,0.008117156420197615,-0.3339143691959263,0.7961685616517119,0.005075887321263789,0
2015-10-30,175.20697224742298,175.5254430487926,174.10072611772168,174.25994873046875,131076900,-0.004309864928852325,0.002023736458886649,0.06630735604832028,172.67686920166017,165.70180633544922,0.009167872547884759,0.05164785215252454,0.007826179601230839,0.007916471555044867,0.44795554843662844,1.1948113080061316,0.008175814014926376,1
2015-11-02,174.58681062981634,176.51436208500124,174.46109241234478,176.3216094970703,86270800,0.011830950150171216,0.016376579439370653,0.06005912450777351,173.26519012451172,165.92947998046876,0.01764012361838052,0.06262979621116638,0.008340206109531496,0.007437380473924143,-0.34183063529882074,0.8010094091967414,0.011645025692046961,1
2015-11-03,175.96962854731606,177.38596945377594,175.7433459771636,176.8328399658203,95246100,0.002899420384195661,0.02129704684499001,0.06678789970888421,173.92642669677736,166.3062774658203,0.016710590358473665,0.06329624269392631,0.008181227029635375,0.007285039433146039,0.10403635992711324,0.8905567525969909,0.009289131345341897,0
2015-11-04,177.1261725166253,177.2518779531897,175.76011376224525,176.29647827148438,96224500,-0.0030331565926307036,0.006748067303438576,0.05491185820178157,174.6396240234375,166.70953155517577,0.009487275624370906,0.0575068901392457,0.007801013831926738,0.00731769522277073,0.010272336610107846,0.9116740312341288,0.008461678903461915,0
2015-11-05,176.35512680022677,176.8160680220549,175.23211566918215,176.12046813964844,78408700,-0.0009983757676934601,0.006320809734629451,0.04443132974295749,175.04943237304687,166.98937469482422,0.0061184760903369995,0.05468068529217174,0.006500684335079513,0.0072041318478274765,-0.18514827304896364,0.7701116302239991,0.008993573373975014,0
2015-11-06,175.77687892154736,176.2629612566358,174.70414990202073,176.02828979492188,110471500,-0.0005233823512975633,0.010147719411924383,0.04326239127247966,175.26146087646484,167.18716918945313,0.004375342500411605,0.05288157367776325,0.005791153639055145,0.0072215860430139885,0.4089189082333975,1.0832149701472773,0.008855459292544027,0
2015-11-09,175.41655015621294,175.567409509571,173.43870308601487,174.38572692871094,131008700,-0.009331243677505263,-0.010979270061571955,0.03255259213228334,175.3519744873047,167.35194580078124,-0.005510331785078981,0.042029873595272216,0.006625036184785013,0.007663472956810381,0.18590496191325356,1.2392573690005126,0.012206884479865466,1
2015-11-10,173.9079873730397,174.82149384506457,173.63981148972155,174.7879638671875,75874600,0.0023065932376507003,-0.011563893330153285,0.041498067734401234,175.5162353515625,167.55161407470703,-0.004149311218510698,0.04318877996158221,0.006584740078816338,0.007432737640273774,-0.4208430432482728,0.7218776510115354,0.006760662057033369,0
2015-11-11,175.05613820965038,175.10642038441057,174.03369136306415,174.10073852539062,67846000,-0.0039317658183778414,-0.012454813434857548,0.04240014675997039,175.41483001708986,167.8359176635742,-0.007491336345799349,0.03732705697938976,0.005601541415659085,0.007393291321551234,-0.10581406689458661,0.6552366125505249,0.00616154204992056,0
2015-11-12,173.06153376457812,173.5308511321067,171.65358166199235,171.6703338623047,121315200,-0.013959760789478137,-0.02526755875878761,0.012305118937395942,175.08043975830077,168.0109164428711,-0.01947736652194698,0.021780831251390298,0.007022640998167076,0.007532648378143002,0.7880965716475548,1.1789285873069206,0.010935316707778399,0
2015-11-13,171.259685447527,171.5278613165477,169.65896796963872,169.74276733398438,153577100,-0.011228303020988983,-0.035707456274558624,-0.0035917860778789112,174.62872161865235,168.14503051757814,-0.027979098967108817,0.009502135219150665,0.007602709265490231,0.007917937757501615,0.26593452428055175,1.464692756104929,0.01101015010101584,1
2015-11-16,169.5584585309678,172.38275250408688,169.4411163645909,172.32408142089844,117645200,0.015207211049146352,-0.011822329408044396,0.011063710697662765,174.22896881103514,168.38012725830077,-0.010933241487543377,0.023422919478778503,0.008352606422754899,0.008632226325011245,-0.2339665223526164,1.1004253717466208,0.01707037179737573,0
2015-11-17,172.63413394816544,173.51409767680042,171.703875251433,172.19833374023438,121123700,-0.0007297162394670487,-0.014815837828060396,0.011619398347139542,173.76551818847656,168.53200317382812,-0.009018961095275113,0.02175450654689426,0.008180631906216696,0.00862685823407402,0.02956771716993134,1.1107924792695698,0.010512427072019064,1
2015-11-18,172.67597851843675,175.07285980385765,172.6340852387526,174.93038940429688,121342500,0.015865749712676624,0.004765349566769661,0.03408448125242125,173.6289093017578,168.78254119873046,0.007495756943777021,0.03642466905583386,0.010045578356668819,0.009107133666952854,0.001806417736578414,1.1030351704526473,0.013941400195872195,0
2015-11-19,174.8131192434579,175.1986372929131,174.48627226611268,174.77960205078125,88220500,-0.0008619848959869891,0.018111854963656526,0.01602824779426104,173.49482269287108,169.0123895263672,0.007405289322002018,0.03412301631008141,0.010045269545180978,0.008386654381635206,-0.27296289428683274,0.8348421902171755,0.004075790415139251,1
2015-11-20,175.53384851339226,176.09535416536397,175.03939003018522,175.41651916503906,94011500,0.0036441158280744457,0.03342558814238639,0.008674209139321931,173.43364562988282,169.24013610839845,0.011433038427778985,0.03649478899428815,0.010140270870286308,0.008075171737499425,0.06564233936556696,0.9113904784432835,0.006019753100819771,0
2015-11-23,175.4751928567913,175.97802744813458,174.75445176671988,175.21539306640625,64931200,-0.0011465630465713472,0.01677833777883797,0.009999978890379957,173.51661224365233,169.47603179931642,0.009790306534849247,0.03386532718612423,0.009648900454712438,0.008055512199152844,-0.30932705041404507,0.6307267838331967,0.006983265910609626,1
2015-11-24,174.20967417883455,175.8522976407663,173.82416899099331,175.4500274658203,98874400,0.001339119784556475,0.01888342154629208,0.013310621230475661,173.58281860351562,169.67576812744142,0.010756876039498042,0.034031137162979785,0.009633796415299484,0.008036105611718662,0.5227563944605982,0.9507605000294966,0.011559580121286009,0
2015-11-25,175.57578858457168,175.77693012980754,175.16512939186023,175.42494201660156,51980100,-0.0001429777446095848,0.002827139492393549,0.001771124775766575,173.71523895263672,169.84632110595703,0.009841986657434187,0.03284510888619341,0.009517442028168649,0.007632856596307112,-0.47428151270703034,0.5208492873181209,0.0034875356429612332,1
2015-11-27,175.517069100086,175.82716382863123,175.03937564531228,175.6260223388672,37317800,0.0011462470499012944,0.004842786447356806,0.0034956349899339934,174.11080780029297,170.02839935302734,0.008702587494236358,0.03292169430012448,0.007991141846066217,0.007634361987536325,-0.2820752557228632,0.3841716479639607,0.004485600555246472,0
2015-11-30,175.78529486042987,175.90262422390845,174.78798887689123,174.89694213867188,112822700,-0.004151322170176885,-0.002961961785813094,0.0036554206106669263,174.62622528076173,170.25032104492186,0.0015502646150364896,0.027292877130751236,0.006897582935805331,0.00762951116426995,2.0232945136101272,1.1724806402950398,0.006373097970652017,1
2015-12-01,175.52549796832068,176.68203941900245,175.24893315237756,176.564697265625,97858400,0.009535644857820325,0.007700831391608265,0.0013786612386765817,175.05028686523437,170.48866760253907,0.0086512877385716,0.035638906377349455,0.005952259471829436,0.007460906238443923,-0.13263554231550923,1.0108814604862433,0.008116607050099691,0
2015-12-02,176.51439684031868,176.8328677084274,174.51140894509157,174.76283264160156,108441300,-0.010205123968313412,-0.003916755295764296,-0.011706011873240607,175.3067367553711,170.73371948242186,-0.0031025853531717607,0.023598813236154648,0.007148617354756142,0.007770680098804222,0.10814503404919762,1.1126203742521144,0.013283480979600457,0
2015-12-03,175.0142618268885,175.28243773375337,171.59493269576072,172.315673828125,166224200,-0.014002741752848102,-0.017724208158394705,-0.022580169963629215,175.0452651977539,170.93502319335937,-0.015593631547504039,0.008077049448221407,0.006706621599923299,0.008322010226711104,0.5328495693061592,1.6463585093274866,0.02139970761841854,1
2015-12-04,172.3156725330037,175.96966035065273,172.3156725330037,175.67633056640625,192913900,0.019502908027004606,0.0002864508736750704,-0.002521782833838637,175.13493804931642,171.21527435302735,0.0030912879127371617,0.026055246707607838,0.009448234584208437,0.009513594704849334,0.1605644665457857,1.8081718511172904,0.020799545424634306,0
2015-12-07,175.34943158713938,175.76846670439733,173.64815003410706,174.6119384765625,102027100,-0.006058824694322729,-0.0016295520014489862,-0.008046157353510996,175.05447998046876,171.47507598876953,-0.0025280215847982568,0.018293401940223664,0.009592520252206702,0.009607129067303113,-0.4711262381819039,0.9600941696311502,0.012143022343084904,0
2015-12-08,173.0531392360218,174.56165553159656,172.45810370188096,173.4386444091797,103372400,-0.006719437843823561,-0.017704857793528594,-0.005430963509521769,174.8768051147461,171.79253662109375,-0.00822385052507546,0.009581951698615532,0.00979918122743705,0.009495873133177525,0.013185712423464002,0.9855691880297835,0.012128507097604269,0
2015-12-09,172.801735673859,174.88852275963552,171.1172060065192,172.08937072753906,162401500,-0.007779544669741512,-0.015297657251557406,-0.01543923894953636,174.54073944091797,172.08116790771484,-0.014044679318026443,4.7668317945337435e-05,0.009982403287299038,0.009621096558871303,0.5710334673471835,1.4870252522299794,0.021914873284575236,1
2015-12-10,172.15648584572295,173.841003390025,171.92182706705236,172.5336151123047,116128900,0.0025814748632497775,0.0012647792237232558,-0.009001245062825403,174.2516067504883,172.3198519897461,-0.009859258518307934,0.0012405020088532837,0.010072082356453304,0.009617385914893167,-0.2849271712391819,1.0403346947785148,0.011123492205987951,0
2015-12-11,170.42160059431686,171.08367050452372,168.87954152371802,169.18963623046875,211173300,-0.0193816079241097,-0.03692412241890208,-0.014450357123588331,173.60796813964845,172.48327606201173,-0.025450052532298706,-0.019095415548338934,0.011445072780622562,0.010084547335673986,0.8184388209997684,1.8185878266578832,0.013027564985146367,1
2015-12-14,169.34890738654445,170.17021287319162,167.57218927991457,170.04449462890625,182385200,0.005052664084418401,-0.026157683646982233,0.0017775561201274215,173.1227233886719,172.61569091796875,-0.01778061654480101,-0.014895495741950815,0.01176742037911806,0.009842399501977859,-0.1363245258751935,1.5514250238112879,0.015278492837694049,1
2015-12-15,171.55302505022993,172.73470749855906,170.01935453413182,171.82958984375,154069600,0.010497812462199496,-0.00927737051284594,-0.0028695442509898417,172.6492126464844,172.72564544677735,-0.0047473300930288564,-0.0051877392075136974,0.011882384909777418,0.009513671402820657,-0.15525163225963512,1.2905704181929774,0.01580259236430928,1
2015-12-16,172.9526260256554,174.64553222215346,171.6368618303744,174.3438262939453,197017000,0.014632150681856304,0.01310049282460124,0.012459426912617255,172.60731201171876,172.89728302001953,0.010060490844725267,0.008366489332040539,0.012695953668312913,0.010064400455418262,0.2787532387959728,1.599479767413493,0.017257108873510847,0
2015-12-17,174.65388239389682,174.72092956664895,171.67035354010022,171.68711853027344,173092500,-0.01523832429370131,-0.004906270476511265,-0.01854035130812881,172.5444564819336,172.9886328125,-0.004968794530642695,-0.007523698297779102,0.012850630264584701,0.009995207492694011,-0.12143368338772798,1.3763369126137281,0.017768228930994726,0
2015-12-18,170.9468886997138,171.08176821443183,168.4682959121305,168.62847900390625,251393500,-0.01781519517917629,-0.003316735227198553,-0.035193597963953605,171.83967132568358,172.98864044189452,-0.018687141898050097,-0.02520490031513256,0.011842847722048277,0.010687780093369055,0.45236506492193485,1.8771660257766052,0.015498404052145935,1
2015-12-21,169.80038648497396,170.19662494122107,168.687543280863,170.0195770263672,99094300,0.008249484492051318,-0.00014653577931733608,-0.03076644186283395,171.38043518066405,173.01445831298827,-0.007940568903692435,-0.017310005856292388,0.01241983431988435,0.010858038939266542,-0.6058199595454934,0.7385398718764572,0.00887592880038776,1
2015-12-22,170.9047934316117,171.85745350417912,169.918416684498,171.5623779296875,111026200,0.009074254449421781,-0.0015550983640564287,-0.020848711250696206,171.19280853271485,173.0679461669922,0.0021587904313282724,-0.008699289906936136,0.012833956227097387,0.011113330836729544,0.12040954928790049,0.8134936866355075,0.01130222629856418,1
2015-12-23,172.56552950669848,173.72895356495232,172.4727926199675,173.68679809570312,110987200,0.012382785734563972,-0.003768577369263615,-0.010049752602408035,171.35255126953126,173.1852099609375,0.013622480721049657,0.0028962527162612606,0.013230394741516695,0.011502898564328585,-0.00035126843934130125,0.8096152239221767,0.0072323340562284455,0
2015-12-24,173.43393705200427,173.94820307781427,173.18101701464653,173.40020751953125,48539600,-0.0016500423711763856,0.009977970414569937,-0.01154188494403896,171.4392105102539,173.31283203125,0.01143843933625699,0.0005041489845685199,0.013241983891322646,0.011505772627400214,-0.5626558738304958,0.3545253444252329,0.004424366464967053,0
2015-12-28,172.70889178931722,173.0461099010935,171.93327984099471,173.00396728515625,65899900,-0.0022851197241523513,0.025947504876377536,-0.014929763931291085,171.82064361572264,173.38123962402344,0.006886970299564865,-0.002175969785919718,0.011346324659621137,0.011505243888896283,0.35765230863047903,0.47635003424629435,0.006432396190455847,1
2015-12-29,174.09991383300613,175.17902711134462,174.06619717107773,174.85023498535156,92640700,0.010671822901911598,0.028412363114132644,-0.00026705528838388837,172.30121765136718,173.47115142822267,0.014793960070218715,0.007949930266644367,0.011633841291149593,0.011745399174385227,0.4057790679500273,0.674563283828476,0.00636447494829001,0
2015-12-30,174.6057465465948,174.6900574939759,173.46761307717205,173.61093139648438,63317700,-0.007087800533816968,0.011940575151251576,-0.0167290852298575,172.47935180664064,173.53460205078125,0.006560666989938069,0.0004398508700922399,0.011678712221520041,0.011626562819736078,-0.3165239468181912,0.46691955374083843,0.007041287129622574,0
2015-12-31,172.93659053362163,173.57731034889963,171.87432861328125,171.87432861328125,114877900,-0.010002842385754773,-0.010435274887289903,-0.016528136930831105,172.2324020385742,173.5676791381836,-0.0020790131302514947,-0.00975613969899436,0.011088890780621304,0.011618016123256554,0.8143094269059046,0.8451308413435736,0.009908296075152118,0
2016-01-04,169.02472259585497,169.47996830831684,167.42290449220576,169.47154235839844,222353500,-0.013979901910128212,-0.02265663471417878,-0.01650535558688304,172.0108444213867,173.5738198852539,-0.01476245332978876,-0.02363419511979048,0.010919872706585173,0.011616647871699854,0.9355637594350175,1.602714141241114,0.012138107598978496,1
2016-01-05,169.7918953745946,170.21342442255937,168.65377466351708,169.7581787109375,110845800,0.0016913538907488146,-0.018761353425316707,-0.03368781574835811,172.12381439208986,173.52853576660155,-0.013743802329197474,-0.021727591021313275,0.009244600781515705,0.010620912208187097,-0.5014883957302223,0.823323159193949,0.009187479336109295,0
2016-01-06,167.21214413008352,168.6622051229766,166.58828935540473,167.6168212890625,152112600,-0.012614163500901387,-0.04136919631188973,-0.04006093310990266,171.88353881835937,173.40271209716798,-0.02482330512060138,-0.03336678381860192,0.009696356001030887,0.010862272255303285,0.37229015443074975,1.1092060744018741,0.012372957270173401,0
2016-01-07,164.67455717559412,166.45341046435007,163.2076312994672,163.59544372558594,213436100,-0.023991491620888872,-0.05768926870178204,-0.056753215046881245,171.08684539794922,173.20500915527344,-0.0437871284314012,-0.055480874811610126,0.01124885144749252,0.01189584169421247,0.4031454330541979,1.4963307888094228,0.019840278500221027,0
2016-01-08,164.5565478315544,165.1129693840645,161.513106924341,161.79974365234375,209817200,-0.010976467512471055,-0.05861599601418899,-0.05979234528950883,169.89813995361328,172.97809692382813,-0.0476661857715488,-0.06462294053568429,0.009617494291872229,0.01198670420066571,-0.01695542600337996,1.4469110447120581,0.022248876162983742,1
2016-01-11,162.71864708325168,163.0558780579135,160.02930242058451,161.95989990234375,187941300,0.000989842421160514,-0.04432391628424004,-0.061284957155035236,168.75410919189454,172.71499908447265,-0.04026100058888005,-0.06227078851946566,0.009815537658253182,0.01195286727157924,-0.10426170971683923,1.264737319664386,0.018687191330409008,1
2016-01-12,163.4015244612569,164.0169532623226,161.14212210067134,163.26663208007812,172330500,0.008068245155265608,-0.03823996393076956,-0.035008078995585556,167.7803756713867,172.4800469970703,-0.026902690932991802,-0.053417279722498434,0.010833100303186672,0.011552881085465896,-0.08306210502960232,1.1750427854999472,0.01760819786030269,0
2016-01-13,163.93263859321036,164.27829548813105,158.8152828146417,159.1946563720703,221168900,-0.024940648656307296,-0.05024653762206721,-0.0638058778704591,166.2148178100586,172.17874114990235,-0.04223547292883689,-0.0754104989449762,0.010697338998910969,0.012533048787782474,0.2833996303614277,1.4883696359509306,0.0343165580930127,1
2016-01-14,159.80171165185732,162.92945090371774,158.20833189652004,161.8081817626953,240795600,0.016417167825763412,-0.01092488838435235,-0.058321783169985264,165.0345428466797,171.88847259521484,-0.01954961081681994,-0.058644367945824394,0.013459379841221737,0.012937322849463764,0.08874077684520754,1.574502531804486,0.029177257637822047,0
2016-01-15,157.4579876827775,159.13566531111854,156.40416490555924,158.3347625732422,324846400,-0.021466276622199354,-0.02141524455407484,-0.09182466658562194,163.6805862426758,171.5185110473633,-0.03266009605749931,-0.0768648724479688,0.014216676032451933,0.012877614267831735,0.34905455083066306,2.0388804404457357,0.017251425783998443,1
2016-01-19,160.14733520491595,160.27378878445893,156.9774282612069,158.54551696777344,195244400,0.0013310683712539628,-0.021081656241014435,-0.07654389959478969,162.58798370361328,171.16349182128906,-0.02486325645817089,-0.07371884459268907,0.014334685394004254,0.012697389433172043,-0.39896394111186084,1.2169805096461639,0.020791256582310368,0
2016-01-20,155.99104099867043,158.07339555861964,152.61038261004657,156.51373291015625,286547800,-0.012815146693994306,-0.04136117150141094,-0.07184282373482931,161.26353912353517,170.77135711669922,-0.029453689527056404,-0.08348955262327629,0.014140808474560108,0.012455847055352123,0.46763645973969026,1.7667286223578866,0.03490436811515451,1
2016-01-21,156.98585390384602,159.22837866520982,155.66224651680315,157.39051818847656,195772900,0.0056019702681529004,-0.011332906673557686,-0.07428002738727002,160.24090881347655,170.3986016845703,-0.017788158130817244,-0.07633914461442226,0.014644660609109987,0.012336259464415963,-0.31678798441307177,1.1721165757651648,0.02265785886883091,1
2016-01-22,159.99559332480396,160.82178680616093,159.2368460469932,160.6194610595703,168319600,0.020515485356157548,-0.007346480815589085,-0.06378389599264,159.943310546875,170.1232763671875,0.004227438524208482,-0.05586428565544732,0.015374382727512782,0.013198793855099882,-0.1402303383154665,0.990757654757102,0.009867675739366984,0
2016-01-25,160.11360839355606,160.3075081734972,157.997536987637,158.19143676757812,130371700,-0.01511662581840989,-0.0009052074436134427,-0.08921438761043254,159.58247985839844,169.79134582519532,-0.008716765725502063,-0.06831861188943988,0.015703347824158075,0.012918655365393942,-0.22545146257476845,0.7630367506822365,0.014602378188486387,1
2016-01-26,158.84901269600596,160.62786588037858,158.51179458668403,160.3496551513672,141036800,0.013643079725990548,0.011379307457557886,-0.07526261101327747,159.42145538330078,169.51632415771485,0.005822301432606425,-0.05407543522368474,0.01647453658022525,0.013539035169354981,0.08180533045131733,0.8037023802729669,0.01319660645167595,0
2016-01-27,159.82693898727493,161.49619024417947,157.70242920136823,158.60450744628906,185681700,-0.010883389199875304,0.01335840949709488,-0.08323196320193671,158.9552429199219,169.25500762939453,-0.002206504593305625,-0.06292576114749937,0.016421255536825687,0.013624067587973031,0.3165478797023189,1.0231921335055132,0.023919629422234336,1
2016-01-28,160.147314333677,160.34964003457762,157.78674919882445,159.4307098388672,143798800,0.005209198691013883,0.012962608382466101,-0.0881870427441872,158.97884826660157,169.0487664794922,0.0028422747880765264,-0.05689516014180329,0.014561088225402958,0.01336145863722884,-0.2255628853031828,0.7813841656774304,0.01607526453556795,1
2016-01-29,160.19791755880993,163.45212261959614,160.07988992920824,163.31723022460938,210529300,0.0243774890651256,0.016796029243545618,-0.0592917801262568,159.12975311279297,168.8686294555664,0.026314859602957208,-0.03287407050590019,0.015715351304859862,0.014816481075507582,0.4640546374517729,1.0999932912360135,0.020648358325389728,0
2016-02-01,162.31397302549723,164.04224468266708,161.7322608851968,163.25819396972656,136061600,-0.0003614820971530319,0.03202927608270434,-0.05013043374814319,159.6220962524414,168.68982666015626,0.022779413393586134,-0.03219893456510747,0.01363677263850641,0.014731434876544183,-0.35371656106774685,0.7069948460806506,0.014149267128966364,0
2016-02-02,161.83345580102923,161.84188175187165,159.7932436610134,160.31594848632812,182564900,-0.018022038660699735,-0.0002102072811273059,-0.05402437332344601,159.79913940429688,168.39753784179686,0.0032341168041192248,-0.047991137275778306,0.015206551669337152,0.014924193638212397,0.3417812226226944,0.9585411873531509,0.012778754142685667,1
2016-02-03,161.36974495700076,161.68167232000985,157.73616680805867,161.27700805664062,205054900,0.005994784545060083,0.016850092430422237,-0.04996030658845918,160.2754669189453,168.12748596191406,0.006248873623321272,-0.04074573450069474,0.014421351400215679,0.01502104850231406,0.12318906865448942,1.0506387582417835,0.024464153691179078,1
2016-02-04,160.77963173464707,162.49946476772794,160.14733809741855,161.5299530029297,139531800,0.00156838813750948,0.013167119221787038,-0.03631418517140195,160.6894104003906,167.84975463867187,0.005230852490183846,-0.03765153931470877,0.014399860669273347,0.014849848354437374,-0.31953930386447726,0.7172300196856617,0.01456155113390473,0
2016-02-05,161.01569349009503,161.5889669028916,157.82049564391338,158.45278930664062,180788300,-0.01905011200141471,-0.029785227873866726,-0.0314351934371202,160.47274322509764,167.51450256347655,-0.012587520334363611,-0.05409509695079784,0.01439421848983999,0.014497114511051772,0.2956781178197372,0.9371628937025731,0.023782927870619,0
2016-02-08,156.61491497348354,156.90997760538158,154.11103125730858,156.31983947753906,191526700,-0.013461106228769726,-0.04249927261521769,-0.03386843545672891,160.28558349609375,167.13189880371092,-0.02474173866454643,-0.0646917757984079,0.014225728067571795,0.014592963717653711,0.059397649073529735,0.9975572629375883,0.017905253468963364,1
2016-02-09,154.58319904916527,157.6013498661601,154.44830660879597,156.3283233642578,184513100,5.427261662438454e-05,-0.024873539780169707,-0.03477142515821252,159.88345031738282,166.74996643066407,-0.022235740760333633,-0.062498621675822985,0.013278598840459253,0.014585655079857585,-0.03661943739436846,0.961886030228133,0.02016936655821011,0
2016-02-10,157.1544756864922,158.7815717708362,156.06692344935064,156.19338989257812,148214100,-0.0008631415521886954,-0.03152103468013945,-0.043323256549021916,159.64233856201173,166.3613137817383,-0.021604222917931626,-0.06111952146819555,0.012946018282974394,0.014407549038323688,-0.19672857916321385,0.7775432458759963,0.017380046129689304,0
2016-02-11,153.72322723314252,155.20701788010714,152.66940449594475,154.16162109375,219058900,-0.01300803318389765,-0.04561588592207444,-0.031615604399164554,159.1154296875,165.94660736083983,-0.031133426868024117,-0.07101673516870499,0.01318355511201663,0.013639071553068956,0.4779896109749342,1.1498372302378477,0.016460733651854922,1
2016-02-12,155.93206008196765,157.35681772325216,155.0890018292547,157.3399658203125,127632400,0.020616964871105425,-0.007023060251559077,-0.0276142769401847,158.5177032470703,165.56211273193358,-0.007429690202627737,-0.04966200766556894,0.01233329292574488,0.013958311921690112,-0.41736035376786795,0.6904467536021041,0.014413476462727764,1
2016-02-16,159.14407567169118,160.02085040539032,158.18298998527018,159.9955596923828,120250700,0.01687806310510509,0.023514099215614204,0.010489150279758608,158.19143981933593,165.2667672729492,0.011404661814237826,-0.03189514545208383,0.013944200243549514,0.013674063263334061,-0.057835627944001655,0.6886223978671556,0.011486946410598638,1
2016-02-17,161.15902381299634,162.98003278427333,161.03255735262937,162.6090850830078,136009500,0.01633498701870173,0.04017673562656521,0.025630293387988612,158.4207534790039,165.07263549804688,0.02643802350402913,-0.01492403878817461,0.013770042958247724,0.01411998392927181,0.13104954898391452,0.7923040032878319,0.011976424506969147,0
2016-02-18,162.87884935997835,162.93786961150855,161.63112676698148,161.94305419921875,102343000,-0.004095902042921318,0.03681118842862019,0.03468910483515919,158.48735809326172,164.79796997070312,0.02180423818992261,-0.017323731426982403,0.013774319496948434,0.013790011514669374,-0.24753050338395477,0.6299851523241778,0.00806915030094183,0
2016-02-19,161.16743240085756,162.01891654044448,160.56042947582927,161.86717224121094,114793000,-0.0004685718593059329,0.04998358925387136,0.028442971687618,158.52108001708984,164.5430746459961,0.021108184626047022,-0.016262625519440355,0.01377178362928232,0.013768637202928771,0.12164974644088988,0.7246847997058661,0.009010394414265833,1
2016-02-22,163.44369040940836,164.3541948162909,163.37624420918957,164.21087646484375,103640300,0.014479181857457002,0.04366920132916552,0.02235977746147122,159.09688873291014,164.35851928710937,0.032143857574228996,-0.0008982973496355351,0.012567943682494717,0.013390683239683832,-0.09715487878180729,0.6679142225071426,0.0059554557417560595,0
2016-02-23,163.5532945241324,163.82307932901813,162.01892239045185,162.136962890625,111455300,-0.012629574964011292,0.013384141424670704,0.02494146461823865,159.67860107421876,164.1594711303711,0.015395687336110742,-0.012320387156583013,0.012444319861952451,0.013241991467182367,0.07540503066857207,0.722683341864741,0.011127363596808798,1
2016-02-24,160.71220733876964,163.15707125544148,159.60780302749964,162.8788604736328,150812200,0.004575746145610848,0.0016590425466527225,0.01577306368309994,160.33365478515626,163.96637603759766,0.015874431926890642,-0.006632552296670147,0.01237789876330357,0.012949717231391112,0.35311824561057215,0.9747867059027513,0.021790846384981927,1
2016-02-25,163.3256295149316,164.86000131333842,162.5668824290666,164.8515625,110728300,0.012111467508004514,0.017960068217580227,0.03938762620492664,161.19947204589843,163.87961456298828,0.022655722179174997,0.0059308654075345135,0.01246996873358843,0.01287256030688239,-0.2657868527877718,0.7334682848260119,0.013910204122401447,0
2016-02-26,165.71996446159756,165.81268851853963,164.3120458800102,164.47222900390625,129833700,-0.00230106096867444,0.016093792994748224,0.03162200789380165,162.23053283691405,163.76816925048828,0.013817967110085982,0.004299124528534426,0.011089468679541357,0.01288392311125588,0.17254306261362262,0.8640194693316102,0.009123987968168091,0
2016-02-29,164.48908530726592,165.43330637127323,162.98844274594833,163.18234252929688,125918100,-0.007842579154069496,-0.006263494585068363,-0.000825924460799321,162.8147705078125,163.5952243041992,0.0022576085716174976,-0.0025238009034701525,0.010724149865612442,0.011864828105330754,-0.03015857978321501,0.8622369442606624,0.014982403043306978,1
2016-03-01,164.4047941583446,167.10259100476583,163.93268356943548,167.01828002929688,141799700,0.023507062348435914,0.030106134046465005,0.02303153041290873,163.5170425415039,163.44871337890626,0.02141206465928036,0.021839062398219422,0.01178169559897478,0.012972555674435733,0.12612642662174856,0.9690839359338485,0.0189794041393212,1
2016-03-02,166.70630615822336,167.81913611307817,166.29320307592653,167.7685546875,102415000,0.004492170905313619,0.030020434816700803,0.0464869919152644,164.03298950195312,163.37034210205078,0.022773255531640446,0.02692173211403226,0.011015315984672893,0.012166846926366402,-0.277748824574382,0.7196312149130157,0.00909546511856157,1
2016-03-03,167.59153048775184,168.44302748531464,167.0182570982276,168.42616271972656,95172200,0.003919733548706228,0.02168375091820285,0.04432841822422162,164.6813003540039,163.3662957763672,0.022740058268137187,0.03097252661152239,0.01071433774050507,0.012142906168436345,-0.07072010935898065,0.6955922927933678,0.008459317507921693,1
2016-03-04,168.62005347841563,169.74976115952904,167.7938601054609,168.97413635253906,129293600,0.003253494730057982,0.027371838856308672,0.04608546719179918,165.39199676513672,163.34538696289061,0.0216584820152399,0.03445918794711478,0.010606567678277386,0.012143840409985333,0.35852276189895793,0.9485268146874579,0.011575150471474777,1
2016-03-07,168.05523173245695,169.51373179540596,167.9793595758545,169.1090545654297,100219000,0.0007984548156478866,0.03631956708225803,0.06725198909668206,165.8818145751953,163.29632049560547,0.01945505598970554,0.035596234208967736,0.010022031430910907,0.011068482770634061,-0.2248726928479059,0.75761951185291,0.009073270638845717,0
2016-03-08,168.03835062068885,168.54417777416353,167.10255559310772,167.26272583007812,123974900,-0.010917976805536522,0.0014635871039887505,0.07000318314753251,166.39439086914064,163.16783905029297,0.005218535050381501,0.025096163579901187,0.00973620351449848,0.010878560008139342,0.23703988265698128,0.9617625850585534,0.008618908808889955,1
2016-03-09,168.07204820145247,168.4345569770791,167.28799754972553,168.0889129638672,94801200,0.004939457549127724,0.0019095251608021169,0.0752300628991347,166.91539611816407,163.0616131591797,0.0070306087574592,0.03083067625352065,0.00974275849000118,0.010853241012673228,-0.23531940739617452,0.7619557114026394,0.006821148445406587,1
2016-03-10,168.57789636690103,169.5136913337756,166.4028050151373,168.2238006591797,156838700,0.0008024782416284904,-0.0012014882799629145,0.07702253453155383,167.25261993408202,162.96600982666016,0.005806669727986602,0.03226311325970377,0.009236080556231934,0.010822820138213958,0.6543957249486294,1.2562222423264302,0.01849254568288433,1
2016-03-11,169.67388925834564,170.98063204544795,168.20697621851687,170.9384765625,137964500,0.01613728790268043,0.01162509394847655,0.10882640795887544,167.8992446899414,162.8877746582031,0.01810152200607651,0.049424838181933106,0.01007037254549471,0.010398323265278297,-0.12034147184336519,1.142139727661211,0.016226047421903565,0
2016-03-14,170.4326625925799,171.17454512106875,170.10387038253248,170.71929931640625,73612000,-0.0012821995989511503,0.009521931011408746,0.08503455194196108,168.65294036865234,162.82994201660156,0.012252137100231542,0.04845151451936469,0.009411914772909152,0.00983021344650676,-0.46644245439950127,0.6233353002735242,0.006271550684799327,0
2016-03-15,169.75819548969022,170.74457201573492,169.49684951236813,170.44107055664062,93169100,-0.0016297440352655013,0.019002110068392586,0.0652862547206996,168.9952194213867,162.80127685546876,0.00855557417662034,0.04692711168324748,0.006779415728319089,0.00943044671031971,0.26567815030158126,0.7980929189748831,0.007320550729304104,1
2016-03-16,169.96056173798843,171.83215222958782,169.9184062493571,171.42747497558594,129303200,0.005787363431383197,0.019861881148796723,0.05423061010445118,169.36111145019532,162.8403955078125,0.012200932715290325,0.05273310373015794,0.006843300248667287,0.008939949105015714,0.3878335199116445,1.1108107214206342,0.011163589620060982,1
2016-03-17,171.34317934497128,173.02085718598437,170.94694090138395,172.51502990722656,134278500,0.006344111011350462,0.025509049440280318,0.06528205708040069,169.7699981689453,162.89553253173827,0.016169121563808675,0.059053168776215914,0.006953801223659131,0.008827458330750508,0.038477779358902175,1.1379425408020474,0.012021655653514393,1
2016-03-18,173.01494060113356,173.53185895502068,172.70140441169823,173.19290161132812,138372400,0.00392934867452488,0.01318851726167014,0.06996927921394613,170.1918746948242,163.0070541381836,0.017633197365533038,0.06248715754662881,0.006966040493846346,0.008785841715993349,0.03048812728768935,1.1610361612817979,0.004794968705969922,1
2016-03-21,172.9301931776387,173.667432449845,172.70138987818433,173.43862915039062,72926700,0.0014188083736477175,0.015928660935659256,0.05619452793994717,170.6248321533203,163.2039178466797,0.016491134154153375,0.06271118634128525,0.0069520425401396885,0.008397671398733288,-0.47296787509647875,0.6198908804978119,0.005569938925330174,0
2016-03-22,172.667500849292,173.913189128969,172.5065045158591,173.34542846679688,97471900,-0.0005373698123094517,0.017040246817688676,0.06912961348445212,171.23310241699218,163.43483154296874,0.012335967870632292,0.06063944160656187,0.005294522748878279,0.0076308266122562945,0.33657357319061476,0.8334832254188702,0.008114921896422309,0
2016-03-23,172.9641377131054,173.1505681737441,172.03198540991207,172.20147705078125,81052500,-0.006599259214007724,0.0045150409833987215,0.057236504172728964,171.64435882568358,163.6396630859375,0.003245770667380077,0.052321141484796385,0.006155354753987086,0.007941124027284505,-0.1684526514821194,0.7143879554292074,0.006495779147714044,0
2016-03-24,171.17607690453912,172.15907134055288,170.95575591594056,172.1251678466797,84360900,-0.00044313907992243884,-0.002259873013710889,0.04412214986848961,172.03449554443358,163.81683380126952,0.0005270588433974321,0.050717217837876305,0.006204515545036223,0.007658901947168623,0.04081798834089012,0.7522894153847964,0.006990932468889032,1
2016-03-28,172.54044974078877,172.75230138022638,171.77778901097253,172.22691345214844,62408200,0.000591114052300501,-0.005577527428621276,0.047148898602559886,172.16333923339843,164.0774789428711,0.0003692668777981467,0.049668208957030835,0.003860552937769878,0.00759671739585912,-0.26022363440883156,0.5737755672954675,0.005658304789423153,1
2016-03-29,171.820172829653,173.93022010610332,171.51510590932764,173.82005310058594,92922900,0.009250236310367033,0.0021991868366566525,0.06518910322285154,172.4734146118164,164.3177163696289,0.007807803259420654,0.05782904571033454,0.004606749862721975,0.0073490958566512585,0.488953374716784,0.8674828300099923,0.01389433585880969,1
2016-03-30,174.8199295998602,175.3029444872904,174.21826541228114,174.58265686035156,86365300,0.004387317493939058,0.007137358074555067,0.045290712068929206,172.8875732421875,164.6426742553711,0.009804542838885988,0.0603730633624362,0.004499082861827989,0.0056029764852375515,-0.07057033303954141,0.8276808719364641,0.006212982976177844,0
2016-03-31,174.4894540415597,174.91315723940892,173.99795678040715,174.15896606445312,94584100,-0.00242687792429086,0.0113674345144823,0.03809063855176231,173.1607223510742,164.9549432373047,0.005764839161129354,0.05579719313962905,0.0045639166912333955,0.005669297932135428,0.0951632194874561,0.9098597762734671,0.005254971820762116,1
2016-04-01,173.16752418241117,175.53178263807487,172.8539749834099,175.34535217285156,114423500,0.006812087457842342,0.01870838742792258,0.04108144091983523,173.44375457763672,165.3315756225586,0.01096377093453449,0.06056784079257649,0.004620117943760934,0.00576006696907715,0.20975407071590246,1.0906081088454982,0.015271620385040208,0
2016-04-04,175.26908520458323,175.47246741634427,174.47252103818187,174.777587890625,63497000,-0.003237977369750178,0.014809964292748168,0.03434520609697289,173.60222320556642,165.67931701660157,0.006770447194485607,0.054914946764970995,0.004778429278610454,0.00586939644088985,-0.4450702871350728,0.6248024337942576,0.00572125059185602,0
2016-04-05,173.43867285349214,174.78604597682616,172.7776968710869,173.03192138671875,99662200,-0.009987931089875612,-0.004534181757562261,0.023197260675189124,173.56155242919922,165.92756622314454,-0.0030515458928989103,0.04281600294203103,0.0058808289445852376,0.006426332978466692,0.5695576168952865,0.9809321375989258,0.01160681271781456,1
2016-04-06,173.03188798409573,174.9809249871637,172.8539269783888,174.92160034179688,91839800,0.010920984636440423,0.0019414498985224071,0.04578948760825163,173.71916961669922,166.2621694946289,0.006921692797350776,0.05208298961507141,0.006848600623430372,0.006112584736800957,-0.0784891363024296,0.9184647723889526,0.012159721867503621,0
2016-04-07,173.83695269721892,174.1928618424129,172.09976694798488,172.8285369873047,113859000,-0.011965722646044563,-0.0076391649951348395,0.028197124604264268,173.78187561035156,166.51174713134765,-0.005485834582568461,0.037936001301903666,0.00766539195046051,0.006847097652006137,0.23975661967904993,1.1279241238995807,0.012110817639923497,1
2016-04-08,174.00638903997393,174.43857448496388,172.76070086981346,173.29457092285156,95040600,0.002696510331399171,-0.011695669286850507,0.03014300142906179,173.89881591796876,166.8055484008789,-0.0034746929812462524,0.03890171870289216,0.007691728424870932,0.006851298014789213,-0.165278107132506,0.9712319816987695,0.009682205312117855,0
2016-04-11,173.93012339335658,174.6250026873143,172.79460218314483,172.8878173828125,83757500,-0.002347179936872612,-0.010812430418682184,0.01140375683411321,173.96490631103515,167.0746905517578,-0.00619141498743947,0.03479358131298671,0.007752401936143302,0.005963207911371346,-0.11871873704501024,0.8803108800938437,0.010587215061640478,1
2016-04-12,173.0572759756269,174.77750933611594,172.61662118006396,174.49786376953125,115350600,0.009312665351970617,0.008472092149610866,0.022133200336781567,174.03268737792968,167.29830322265624,0.0026729254061990115,0.04303427116826852,0.007760332800373235,0.006252287805801542,0.37719726591648506,1.1863404026409126,0.012383464813678084,1
2016-04-13,175.41312217712402,176.34527437534416,175.2775340518565,176.26052856445312,96336400,0.010101354577325417,0.007654447592750024,0.034143519451073745,174.20047454833986,167.55834991455077,0.011825765810652866,0.05193521334114459,0.008278285956209186,0.006525657418758964,-0.1648383276723311,0.9891749373091835,0.0060577392578125,1
2016-04-14,176.31986770012065,176.76899208786213,175.92158563093162,176.26901245117188,65212900,4.813265220438012e-05,0.019906871422049388,0.02824248257915163,174.4114791870117,167.87741119384765,0.010650292473974421,0.04998648238406811,0.008201494375284989,0.00646235567417908,-0.32307103026478046,0.6923831525326788,0.00480746130670729,0
2016-04-15,176.26896597530424,176.4045540759585,175.7520476556538,176.07406616210938,75761600,-0.001105958933743434,0.01603913627793463,0.02063029671557759,174.4843505859375,168.17335235595704,0.00911093499694049,0.046979582053104485,0.007982563349500755,0.006377337639087276,0.16175787305885803,0.8301704026833135,0.00370586330245781,1
2016-04-18,176.0740453937367,177.34515459405554,175.4130696440022,177.31126403808594,82531000,0.007026576388810657,0.0255856469370479,0.023779048612512232,174.7377182006836,168.48897857666014,0.014728049924783049,0.05236120211513873,0.008115414843380358,0.006487818878312734,0.08935133365715608,0.9328885634990097,0.010896571972090452,1
2016-04-19,177.73499977198375,178.12479942403957,177.0570721544678,177.87057495117188,88316100,0.0031544014765232387,0.01932809438913896,0.025553395010625035,175.2215835571289,168.8773342895508,0.015117951454760803,0.05325309461719474,0.007047631993107296,0.006502550663987755,0.07009608510741416,0.9896725262977418,0.006002832508214938,1
2016-04-20,177.91299661996968,178.73498198033556,177.43845103674758,178.0401153564453,81100300,0.0009531672415179493,0.010096343216975168,0.02708284222532975,175.53343505859374,169.3117398071289,0.014280358024183926,0.05155209886366596,0.006448352572462875,0.006489122849538732,-0.08170424192191461,0.917225821745342,0.0072822405276039125,0
2016-04-21,178.05701639332952,178.16718335548487,176.81132803650763,177.08250427246094,85695000,-0.005378625384886981,0.004615058596952215,0.028344862688026273,175.95883178710938,169.72682342529296,0.006385996508041725,0.04333835217510962,0.005078231109723497,0.006415678254422097,0.0566545376527583,0.9666530909971992,0.0076566305889321585,0
2016-04-22,176.7265951605682,177.3536675780196,176.18425561905624,177.08250427246094,99251700,0.0,0.005727351746526388,0.028800764512235677,176.3376251220703,170.14460571289064,0.004224164581296819,0.04077648263076661,0.005134734522134689,0.006409674588221259,0.15819709434622786,1.1102503322723773,0.0066037690384370025,0
2016-04-25,176.4808836141633,176.81985399272102,175.87074986315722,176.77748107910156,66166500,-0.001722491979727514,-0.0030104289306162046,0.026421931019610767,176.72659149169922,170.59692291259765,0.00028795659426683606,0.03622901316731486,0.005077061492518496,0.0064465769649306144,-0.33334643134576036,0.7385997675916489,0.005368919863379641,1
2016-04-26,177.14183050563952,177.5485948928953,176.56560035262072,177.04014587402344,75864200,0.001485849856658783,-0.004668726557927827,0.018525438900735436,176.98081970214844,170.99092651367187,0.00033521243700218584,0.03537742898812768,0.004427092742157038,0.006172109205140826,0.14656510469799677,0.8549931920456225,0.005552382118878534,1
2016-04-27,176.65880402601422,177.79432543947834,176.30289490822972,177.40452575683594,77329400,0.0020581765848282085,-0.0035699235441231103,0.01616351215654599,177.09521942138673,171.33910583496095,0.0017465538395660118,0.03540009090345886,0.0032582785363934946,0.006125364070602411,0.01931345746742208,0.8759662692031862,0.008406947482799241,0
2016-04-28,176.65030689544608,177.7519246407792,175.37919756123753,175.79441833496094,97216200,-0.009075909506851776,-0.007273931113590648,0.009390571771668466,177.04776000976562,171.6028125,-0.007079116249398165,0.02442620708772436,0.004490592083253861,0.006480968258756926,0.25716997674881736,1.099599227807307,0.013497169603079496,0
2016-04-29,175.17582484152928,175.52326451487454,173.7437061790421,174.8453369140625,142424100,-0.005398814307574051,-0.012633474817796309,-0.0028516025808095202,176.92488708496094,171.86085815429686,-0.011753858968974962,0.017365668901095477,0.004776487868089193,0.006428745957565695,0.46502434779388624,1.5858271971333453,0.010177899892789803,1
2016-05-02,175.34528258377603,176.41300969961898,174.9131100933998,176.2350616455078,62188000,0.007948308808077398,-0.0030683740388349756,0.008339019736299802,176.81726684570313,172.14821594238282,-0.0032926942633004774,0.023740273349639907,0.0049477600591325685,0.006627042415523068,-0.5633604144242442,0.6929399141379833,0.008510790033575624,0
2016-05-03,175.00639131542593,175.24366409735376,173.95560261660503,174.70132446289062,106422100,-0.008702792556127492,-0.013210683936043854,0.009647948556502639,176.500341796875,172.35802490234374,-0.010192713031993872,0.013595535002646875,0.005352885427331556,0.006526110691061495,0.7112963915868014,1.181376317324605,0.007372934834402634,0
2016-05-04,173.70985256274832,174.43862262579916,173.2268246804303,173.72679138183594,92243800,-0.005578281012183717,-0.020730781017621713,-0.006830539839712602,176.06900939941406,172.58982147216796,-0.013302840889306,0.006587699668322067,0.0053802923963326265,0.0061727918636876,-0.13322702709305678,1.0237554985469464,0.006975308389282539,0
2016-05-05,174.1928530123202,174.54876213947264,173.26918316349162,173.69288635253906,67619200,-0.00019516292810795033,-0.011954486395680641,0.005001195869047237,175.73004760742188,172.80610198974608,-0.011592560763619697,0.005131672739459248,0.005314635372505531,0.005532373303924939,-0.2669512747740228,0.7702261361482496,0.007366904902391357,1
2016-05-06,172.92171743762816,174.37078781560305,172.76919051910093,174.3284149169922,89315000,0.003658921086515887,-0.002956452863963843,0.00596581871339108,175.454638671875,172.99563903808593,-0.0064188884569132965,0.007704101018481957,0.005580656215602182,0.005558767428250088,0.32085265723344847,1.0206835991693282,0.009187241777335802,1
2016-05-09,174.2012946319418,174.90463038260785,174.02333364476644,174.4724578857422,74374900,0.0008262736101776191,-0.010001436395846497,0.009165715241930217,175.22413635253906,173.19564361572264,-0.004289811223749163,0.0073720922961115765,0.005630000304043707,0.005524047754838097,-0.16727425404467333,0.8545308002038238,0.005051208359880791,1
2016-05-10,175.1758817791427,176.65884323088056,175.108087703987,176.6418914794922,77472200,0.012434246757563994,0.011107912447531287,0.012286842163252265,175.18431091308594,173.46483459472657,0.008320268857462843,0.01831527924485865,0.007103174461955755,0.005823027316679545,0.04164442574040428,0.9099172288938847,0.00877909262579204,0
2016-05-11,176.18422572525807,176.71808283731846,174.9893798828125,174.9893798828125,81727000,-0.009355151163966902,0.007267667185549387,-0.007211760295929293,174.9427963256836,173.62425659179686,0.000266278795739483,0.007862514822598365,0.007599193452994882,0.0057819699318992215,0.054920345620751654,0.9681967730486204,0.009878902112023292,1
2016-05-12,175.65888632277918,175.82837796577218,174.03186740714267,175.040283203125,89586300,0.0002908937693624214,0.007757351949642777,-0.0069707615136679335,174.8673828125,173.76969116210938,0.0009887515204043407,0.007311931283979112,0.007101199842575276,0.005783095487859921,0.0961652819753569,1.046199455496032,0.010263412088660478,0
2016-05-13,174.74368803932327,175.29449705429184,173.19293269930267,173.5149383544922,96474600,-0.008714250346948615,-0.004666345201884248,-0.014534382395991363,174.73434295654297,173.87146667480468,-0.006978620123658574,-0.002050528054607814,0.007429934248419789,0.00607921742507046,0.0768901048486208,1.113178565774674,0.012111720033555005,1
2016-05-16,173.68442685674904,175.70124535905617,173.62510220030677,175.22669982910156,77486800,0.009865210977467731,0.0043229857164808205,-0.011756524439059945,174.63350677490234,173.99651794433595,0.0033967883091521323,0.007070152318560563,0.007698821401189306,0.006298631510140315,-0.1968165714084329,0.8966960898663371,0.011848326543696044,0
2016-05-17,174.95551118991153,175.2436262299386,173.06578582235952,173.5911865234375,114924900,-0.009333699186591882,-0.017270563231083114,-0.024059001489758147,174.52249298095703,174.08616058349608,-0.005336311908065272,-0.0028432705873893127,0.007775288298919952,0.006524684149546936,0.4831545501943557,1.3097733853588578,0.012545800574299553,1
2016-05-18,173.24374681139082,174.81992305361686,172.557349774201,173.64202880859375,120062100,0.0002928851756502926,-0.007699616257404007,-0.024702784195833494,174.5140167236328,174.2137466430664,-0.004996664058337319,-0.0032817033413786723,0.007577609354490322,0.006514896652377699,0.04470049571502788,1.338601349950163,0.013030101611574222,0
2016-05-19,172.9217383836145,173.32848981268344,171.83705928583413,173.04037475585938,115430500,-0.0034649102919522834,-0.011425418256121311,-0.022826250019495453,174.44876556396486,174.31277587890625,-0.008073377897243272,-0.007299528773099251,0.0076560039117152074,0.00646461313270666,-0.038576703222748865,1.2659771619498903,0.00861897420734066,1
2016-05-20,173.6505170696959,174.65046334051098,173.59967475481287,174.133544921875,104990400,0.006317428331728658,0.0035651487603851617,-0.016653024886347012,174.4292785644531,174.43097076416015,-0.0016954357950224042,-0.001705120604340915,0.007854267953361433,0.006673892612294205,-0.09044489974486813,1.1478637232166606,0.006034383473727311,0
2016-05-23,174.15051288649207,174.4301585955466,173.70987079682823,173.89630126953125,58682600,-0.0013624236068369155,-0.007592442024348167,-0.016298341802263194,174.37166290283204,174.4901272583008,-0.0027261403910892046,-0.0034032068065976695,0.007856575347041076,0.006671810043801491,-0.4410669927917219,0.6442144601185739,0.0041420535886037115,1
2016-05-24,174.70975671321835,176.4638939748023,174.68433555844706,176.1503448486328,93537800,0.012961998401610053,0.014742443878910771,-0.005025984479383405,174.3225082397461,174.59874816894532,0.010485373503075657,0.008886642636098063,0.007952825052108748,0.007338915736019195,0.5939614127526729,1.0169872061979184,0.010102497488065753,1
2016-05-25,176.82831162377144,177.76046393971208,176.15038384221432,177.34523010253906,76621400,0.006783326225861419,0.02132664147818364,-0.0003342398061374485,174.55809326171874,174.7368313598633,0.015966815337754126,0.014927584083883838,0.007525897546449511,0.0074908160290302695,-0.18085095009718,0.8333848615066816,0.009078789976853772,1
2016-05-26,177.4808334753503,177.7096368689698,177.08255135439703,177.39608764648438,55280700,0.00028677142269861733,0.025171656596158165,0.009111036213172552,174.79367370605468,174.85620361328125,0.014888490442772628,0.014525558605975597,0.0075259629485310885,0.00717919440041184,-0.2785214052470981,0.6153018558328608,0.003534945572319655,1
2016-05-27,177.55710332663935,178.1672371112262,177.50626099965686,178.1587677001953,64211200,0.0042993059420273205,0.02311572293624553,0.01895063857357182,175.258056640625,174.96907836914062,0.016551085383300634,0.018230017330978177,0.006665755231212781,0.007088306949411017,0.16154824378128363,0.7472276956672135,0.003710039758927989,0
2016-05-31,178.42986622882066,178.5400331841697,177.26044141171204,177.81973266601562,109879400,-0.0019029938215009423,0.022561902512252097,0.008991803365980156,175.5173599243164,175.06161499023438,0.013117635444676257,0.01575512527937728,0.006280971569878113,0.006917573737340902,0.7112186036080932,1.244145743162327,0.007196005489790063,1
2016-06-01,177.20961797158864,178.36209116510832,177.0147181247832,178.18414306640625,69936200,0.0020493248692206034,0.011545808891382459,0.01993584544492344,175.97665557861328,175.15652526855467,0.012544206392232748,0.017285212715938192,0.005003435326228354,0.006576550351433238,-0.36351854851773857,0.8085778188601717,0.007561688807645361,1
2016-06-02,177.7858949456015,178.743455544572,177.31134935135103,178.7265167236328,63044700,0.0030438940743702236,0.007788687749284762,0.028779241831548674,176.4851043701172,175.26414703369142,0.012700291968068989,0.019755151002308624,0.004936072428234388,0.0064023770023937795,-0.09853981200008011,0.7414154251716351,0.008012835585194361,0
2016-06-03,178.16722105071435,178.54008198883983,176.98932650367107,178.19264221191406,101757100,-0.0029871029856430864,0.0044902600502501056,0.02590639118197391,177.00033111572264,175.38397033691408,0.006736208280943234,0.016014416081495453,0.0048694654917668286,0.0064699665439437665,0.6140468588160464,1.1731305782501895,0.008702690896319623,1
2016-06-06,178.54852805069498,179.45525911623767,178.3875187638868,179.09934997558594,64887000,0.0050883569176418675,0.005279461053375956,0.027367512409640637,177.49691162109374,175.5234539794922,0.009027978796120939,0.020372753127975374,0.0047898574405371135,0.006505201507094081,-0.3623344218732648,0.7587490830919525,0.00596172098054198,1
2016-06-07,179.25180051480302,179.93819734564693,179.22637936776363,179.37890625,60974800,0.00156090055297331,0.008768282128243099,0.028121621164246546,178.04517211914063,175.66649383544922,0.007490987343183209,0.021133298294370828,0.004590900942123157,0.006504037948307074,-0.06029250851480261,0.7186324171049338,0.003968236805342321,1
2016-06-08,179.51454452608584,180.0907875243807,179.38743875534112,179.9636688232422,66170900,0.003259929416824514,0.009987004040941772,0.01880515044267206,178.42650451660157,175.78936614990235,0.008615111924123342,0.023746047697676076,0.0030440745023144387,0.005988521078883582,0.08521717168403997,0.7851007767610483,0.003908282008466853,0
2016-06-09,179.2349286731146,179.836592925502,178.96376534035116,179.71795654296875,73786900,-0.0013653438045585498,0.005547245241001475,0.02702207793023148,178.66377716064454,175.89207214355469,0.005900353160990024,0.021751318025815092,0.0027409963806620105,0.005512542437768702,0.11509591074021963,0.8796059285713052,0.004856652067163695,0
2016-06-10,178.34516695298538,178.6841243604403,177.47232641451623,178.01467895507812,113829200,-0.009477503643234408,-0.0009987127112930372,0.016992635623775287,178.72563629150392,175.96918640136718,-0.003977925893441592,0.011624151907171809,0.0043952219029158995,0.006020520245687712,0.5426749192607361,1.3376176255128471,0.006807292258352875,0
2016-06-13,177.41303453769132,178.26891049203684,176.5571585833458,176.6418914794922,117751200,-0.007711653239182326,-0.013721202764994667,0.01802123295350877,178.5739486694336,175.9951171875,-0.010819367574818717,0.003674955887004172,0.004818873709272872,0.00594024284146403,0.03445513102086273,1.3666210589342507,0.009690520715975086,0
2016-06-14,176.26055828070614,176.88764376799406,175.3453576764471,176.29444885253906,125059300,-0.0019669322154731717,-0.017195206849807243,0.006093529265111197,178.42142028808593,176.02545440673828,-0.011921054277634235,0.0015281565197906577,0.004820476768049631,0.005579702642183208,0.06206391102595976,1.4124464378982304,0.008748353119371388,0
2016-06-15,176.29438713788718,177.41296957275873,175.86221461371932,176.04864501953125,109124500,-0.0013942800502664277,-0.02175452317298676,0.014156585626897256,178.20787048339844,176.08578887939453,-0.01211633054146355,-0.00021094183749670314,0.0047120773802186095,0.005120363166055238,-0.1274179529231333,1.2365257032237464,0.008808673073668729,1
2016-06-16,176.0486783356093,176.74355778520848,174.2182774214604,176.57406616210938,149533100,0.0029845225024016653,-0.017493468328567907,0.016885528081151513,177.99262542724608,176.11883819580078,-0.007969764262601653,0.0025847772502478605,0.004706176735094207,0.005143987861119151,0.3702981456959711,1.6665814984979845,0.014301535999231358,0
2016-06-17,176.47008556654907,176.49563891498852,175.26051274909037,175.91641235351562,117055700,-0.0037245209496957754,-0.011787042584797125,0.016620615863286448,177.76500244140624,176.180595703125,-0.010399066534482415,-0.001499503101093702,0.004742908654094635,0.005155763766415444,-0.21719204644322898,1.3034327830286505,0.007021096834422044,1
2016-06-20,177.87562194878873,178.54854859459653,176.96417567156655,177.0493621826172,82789600,0.0064402736159991925,0.00230676143530939,0.016744718899798228,177.56000366210938,176.2556915283203,-0.002875881217393572,0.004502950500008929,0.004958786484932875,0.005162704765140062,-0.2927332885113668,0.9334120218840458,0.00894876379953166,1
2016-06-21,177.43261135024125,177.9607311344721,176.98966504863654,177.55186462402344,72461700,0.0028382053186271072,0.007132475127087812,0.02102151298103938,177.3772994995117,176.34897247314453,0.0009841458010932946,0.006821089649740264,0.005051653152397198,0.00515368605413391,-0.12474876071390606,0.8106730218241125,0.005469196777470342,0
2016-06-22,177.7307700581276,178.4548162778792,177.1174636831375,177.2622833251953,95560500,-0.0016309673764414168,0.006893766808198976,0.006312439964383909,177.10716094970704,176.40426086425782,0.0008758673260667038,0.0048639554211094005,0.004823750117651466,0.004349169784731831,0.318772537768228,1.067885050531227,0.007544484758149432,1
2016-06-23,178.71889616790116,179.62181593253078,178.2589228341291,179.57070922851562,102731400,0.013022656935347099,0.016971025992317035,0.012548852453994952,177.09243621826172,176.47046447753905,0.013994234102689074,0.017568065909245423,0.006663571433844961,0.005010414713333387,0.07504041942015793,1.1315120602749682,0.007589729440046444,0
2016-06-24,173.45478058503264,179.60487486156836,172.67962721000032,173.12257385253906,333444400,-0.03590861451558269,-0.015881625049072534,-0.02409023699813262,176.6032257080078,176.4075357055664,-0.019708880409826657,-0.01862143722992715,0.013021756610325494,0.009588470446135417,2.2457885320359696,3.1847773015786904,0.040001991060199776,0
2016-06-27,171.71701148787568,171.72553793794785,169.2126787224782,170.02191162109375,230775800,-0.01791021333870857,-0.03969204110588653,-0.04567193736316266,175.94122772216798,176.2864926147461,-0.033643712606243326,-0.03553636413507222,0.013831620408825749,0.010188516547690296,-0.3079032066515437,2.041763755724594,0.01477961982376572,1
2016-06-28,171.623305065418,173.1139780365979,171.31665182001268,173.0884246826172,159382400,0.018035987434122047,-0.02513879508310346,-0.026607328177041367,175.6206253051758,176.2020358276367,-0.01441858334212398,-0.01767068768754354,0.015464155977061992,0.011157282597437139,-0.3093625934781723,1.3799005080568596,0.010383861427365106,1
2016-06-29,174.48539942212344,176.26568575451566,174.3831860051859,176.03570556640625,137328600,0.017027602447669876,-0.006919564251233634,-0.012057400075153213,175.61933135986328,176.1653384399414,0.0023708905125585655,-0.0007358591348509691,0.016565908743088838,0.011872812586907328,-0.1383703595880097,1.1552602100200855,0.010693851814168544,1
2016-06-30,176.5041987902838,178.48891188233904,175.950512474756,178.43780517578125,165021900,0.013645524932831554,-0.006308957945322158,-0.0016153817191995046,175.80570526123046,176.17329223632814,0.014971641054764007,0.012853894655129539,0.017105184660614208,0.012271164905799308,0.2016571930391775,1.3311298663480984,0.014225681632221494,1
2016-07-01,178.43782218963668,179.29816182418008,178.27597560501414,178.8126220703125,106055300,0.002100546429395944,0.032867165102455465,0.003479267441700129,176.09532623291017,176.20789459228516,0.015430823154320095,0.014782127009997037,0.017018434956336072,0.012258899411518398,-0.3573259064402967,0.854002227783584,0.0057165216153700965,0
2016-07-05,177.98637112855883,178.09711100727978,176.93013104588525,177.52639770507812,109803700,-0.007193140788062546,0.04413834671326766,-0.008782568282476921,176.14302978515624,176.2167724609375,0.00785366256961284,0.007431898938172532,0.01714797447733217,0.012311046674235507,0.03534382534394798,0.8684799806884402,0.006573557377834126,1
2016-07-06,177.03233631305994,178.71040933220064,176.3764365193641,178.59115600585938,96021500,0.005997746332633502,0.03179144609659623,-0.004391543357069705,176.24695892333983,176.25304595947264,0.013300638472514947,0.013265643346239475,0.017226760429987123,0.012387379906280312,-0.1255167175605194,0.7490889295560036,0.013068803993630985,0
2016-07-07,178.77006691614102,179.43448030163498,177.71382666106882,178.48045349121094,85593800,-0.000619865603226244,0.013887795756767352,-0.008241748691443118,176.3687759399414,176.28185211181642,0.011973080495771171,0.012472080098182348,0.017214399775382614,0.01236157893878524,-0.10859755367287538,0.6627188422640069,0.009640571877249779,1
2016-07-08,179.7751834231794,181.38510989572447,179.54519021349057,181.13807678222656,133971000,0.014890276436609895,0.015132844767874465,0.0079019384961585,176.5255126953125,176.3565231323242,0.026129730578239307,0.027112995680429908,0.017370919953054113,0.012816679060067095,0.565195142638836,1.0136668080810969,0.010157553369885577,1
2016-07-11,181.5980430255181,182.34764273817615,181.3936031954377,181.77691650390625,73633900,0.0035268107789823144,0.016577657657903755,0.021134423132473934,177.3909469604492,176.47617309570313,0.024724878121513916,0.030036595395393828,0.01156548527999715,0.012613598068859765,-0.4503743347440864,0.5657402312697022,0.005248408659841885,1
2016-07-12,182.7394842793454,183.3953840809725,181.8024845627353,183.0972442626953,101275600,0.0072634511806162205,0.03138038415487898,0.036544857672974995,178.69848022460937,176.64121124267578,0.024615564903277543,0.036548849357413093,0.008321518238874562,0.012505600116544396,0.37539367057836137,0.7830717703545359,0.008699745999190578,0
2016-07-13,183.51464757652928,183.52316102982908,182.58617425894235,183.0717010498047,87324100,-0.00013950626615644168,0.025088280652588946,0.038442799766965186,179.69680786132812,176.77794403076172,0.018781041403256094,0.03560261464488912,0.007719869984049169,0.012482735787950994,-0.1377577619880801,0.6851935657444411,0.005118140955230573,1
2016-07-14,184.3323634575898,184.5623566511672,183.7020300348304,184.09385681152344,91230900,0.005583362998526242,0.03145108167594901,0.04569879984648351,180.50262298583985,176.96579467773438,0.019895743154742407,0.040279321474354424,0.006614998162576274,0.012481484650358544,0.04473908119293535,0.7209093941674872,0.004673304320076332,0
2016-07-15,184.65605216198605,184.8519655456037,183.4038858015429,183.84683227539065,107155400,-0.0013418401917978384,0.0149540921560114,0.04118818958727655,181.04352569580078,177.16819549560546,0.015484158126152225,0.0376965897355479,0.00598157954985067,0.01250667158159666,0.17455160477425968,0.861164183868857,0.007876555315849269,1
2016-07-18,183.96609672111052,184.50274319307965,183.7105501631425,184.3408966064453,58725900,0.002687369289640973,0.01410509184472808,0.047889131776972294,181.59635314941406,177.3811557006836,0.01511342826787443,0.03923607825346287,0.0059745754676067695,0.012431593636268076,-0.4519557577126304,0.4832835820158554,0.004297435048438699,0
2016-07-19,183.9235254473303,184.18758548966144,183.6765053102707,184.1535186767578,54345700,-0.0010164750911868525,0.005768925787583257,0.040125287132144916,182.25906524658203,177.57765777587892,0.010394289181790528,0.03703090232881823,0.005042795443240662,0.01241635086391913,-0.07458719236316513,0.4525332312450832,0.0027752941299364346,1
2016-07-20,184.15347838031607,185.1586116115223,184.15347838031607,184.92010498046875,58159500,0.004162756754360508,0.010096611983526627,0.041499087447197436,182.89196014404297,177.78661071777344,0.011089305592375087,0.04012391165957574,0.004982234642346164,0.01242434589090461,0.07017666531114708,0.4871915723510207,0.005435500003162945,0
2016-07-21,184.8094023727516,185.0308691313322,183.7787026551224,184.22164916992188,67777300,-0.003777067997125849,0.0006941695970292816,0.03926027417778033,183.46607971191406,177.93820587158203,0.004118306006179573,0.035312502267639045,0.0053581431354710754,0.012467540894260637,0.16536937215760106,0.5744427786899005,0.006797064741586502,1
2016-07-22,184.34089084954488,185.0990040493372,184.07683084702492,185.0478973388672,62787500,0.004485076388514919,0.006532965777062749,0.030501567509996663,183.85706176757813,178.13937622070313,0.006476964005845076,0.038781549956730776,0.003531045794344681,0.012213917796989073,-0.07362051896431399,0.5413149035815024,0.0055238304082992585,0
2016-07-25,184.84351954667488,184.8946262743001,183.9661527287301,184.54537963867188,55873100,-0.002715608809513159,0.0011092656919375887,0.06598103027201074,184.1339080810547,178.32947814941406,0.002234632186463248,0.034856275887544586,0.0038007870970099057,0.008561590670803051,-0.11012383038025086,0.547173893957472,0.005031139481182853,1
2016-07-26,184.44307799515505,184.9882378252352,183.78717830974068,184.63047790527344,70080500,0.0004611237992961925,0.0025900087706325348,0.08592166824200831,184.2872314453125,178.55178894042967,0.0018625623558883309,0.034044402472336976,0.003223337219148757,0.007020376889481339,0.2542797875900926,0.744924018929949,0.0065052072069635355,0
2016-07-27,185.0053141240369,185.0734607409088,183.6679611384984,184.43460083007807,84083900,-0.0010609140886038704,-0.002625480611975428,0.06555132827781951,184.42352142333985,178.7359469604492,6.0075887569510655e-05,0.031883087686271905,0.003267283549608585,0.006293894314781861,0.199818779831765,0.9310332666740152,0.0076205852702514645,1
2016-07-28,184.23864234264187,184.9371352956895,183.77866900592056,184.64752197265625,65035700,0.0011544533488829778,0.0023117413433941802,0.04892085033852034,184.47888793945313,178.95707366943358,0.0009141102002874213,0.031797839484869694,0.002806508299551009,0.005394835824047412,-0.22653801738501667,0.750142362304192,0.006273933586503757,1
2016-07-29,184.38350708685488,185.3034539852409,184.10240714659952,184.94569396972656,79519400,0.0016148172143597428,-0.0005523076490486778,0.03647146851831273,184.58877410888672,179.18314697265626,0.0019335946216820776,0.03216009482158322,0.002769362847748592,0.00470168943365823,0.22270383804587324,0.9647756561194287,0.0064940513772544835,0
2016-08-01,185.00529642288348,185.39712318535925,184.34088321900117,184.79234313964844,73311400,-0.0008291668045173894,0.0013382264105452624,0.03344126941432912,184.63391876220703,179.41818634033203,0.0008580459024185583,0.029953244478362784,0.0026971177336289533,0.004737439805154224,-0.0780689995145839,0.9074822718782791,0.005715821058450849,0
2016-08-02,184.5453547947428,184.6986879546182,182.77359448659124,183.60836791992188,92295500,-0.006407057779617142,-0.005535976491790051,0.034259525870330654,184.57940368652345,179.60768280029296,-0.005260802382104912,0.022274576773407384,0.0034197786060288595,0.004662826228383351,0.25895154096088735,1.1549919609641237,0.010484780676589717,1
2016-08-03,183.548691897201,184.2045916548016,183.25056509657315,184.14495849609372,53993600,0.002922473426733241,-0.0015704338160017484,0.03109785845191637,184.50188903808595,179.81265594482423,-0.0019345630760373433,0.024093423950085402,0.0032590081907226823,0.004563143487680758,-0.4149920635350586,0.6939276765826334,0.0051808453840927315,1
2016-08-04,184.25571008791,184.65606332927777,182.5009769862408,184.3408966064453,46585500,0.0010640427625703275,-0.0016605983277497849,0.03283520968598941,184.5138137817383,179.97646697998047,-0.0009371502964949929,0.024250001679110067,0.0030574581355883733,0.004536608643046942,-0.13720329816867183,0.6141123439804256,0.011690766306935819,1
2016-08-05,184.3409325222498,185.89122608006628,184.3409325222498,185.8486328125,71892200,0.008179065165738075,0.004882183647494154,0.026005333135653785,184.59388732910156,180.1465350341797,0.006797329540828345,0.031652553168666,0.00378652413404311,0.0036691514843256085,0.5432312629466249,0.9881501210993215,0.008341700094078941,0
2016-08-08,186.0360266481112,186.1382530864224,185.47383972677943,185.73789978027344,39906500,-0.0005958237655602217,0.0051168604962730235,0.02179035354184844,184.71313934326173,180.31337127685546,0.005547848088420793,0.030083894860404303,0.003647110130222832,0.0036526922995262783,-0.4449119654148851,0.5615258971834847,0.003577155553222902,1
2016-08-09,185.80605254257412,186.34268612145965,185.52495257380536,185.8486328125,51251700,0.000596178983166995,0.012201322401357961,0.015026924959379517,184.83495483398437,180.46716857910155,0.005484233106373804,0.029819630217335913,0.0036465817756474975,0.003350887351123658,0.28429453848370567,0.7474714608454985,0.004399997650126835,0
2016-08-10,185.9593699998924,186.03603008181076,185.0394100239515,185.3886566162109,57941100,-0.0024750044664205717,0.006753908063921177,0.012656000644118537,184.93036041259765,180.61854705810546,0.002478209649247276,0.02640985455702327,0.0037469326241949315,0.0034234758113773915,0.13052054858668094,0.8635344192189246,0.005375841629417835,1
2016-08-11,185.91671005916,186.49594968708675,185.65265009548983,186.24891662597656,72504300,0.004640305536851352,0.010350497663059288,0.011706310312459278,185.0904998779297,180.77984252929687,0.006258650491575146,0.030252676516151933,0.003967900230005835,0.0033575874580301234,0.2513449002521526,1.0958720042997956,0.004527809379371715,0
2016-08-12,185.94224700795735,186.30001989232443,185.68671351574437,186.08706665039065,61313500,-0.0008689982122738193,0.0012829464187191775,0.012185330295189756,185.2046371459961,180.92705352783204,0.004764618845363833,0.028519853841342924,0.0039938202489255,0.0033449285494181868,-0.15434670771250814,0.9599855579818689,0.0032958033442071467,1
2016-08-15,186.4533430061516,186.97294944478733,186.4448295554848,186.6237030029297,49813500,0.002883791776605582,0.0047691032562775515,0.012383613395122062,185.3877731323242,181.09567474365235,0.00666672806800106,0.030525457149114477,0.004016385133354896,0.003351627307793312,-0.18756065140629719,0.785409903605237,0.0028298650214557144,0
2016-08-16,186.20638433318723,186.2745179562473,185.6612243652344,185.6612243652344,53213600,-0.00515732258125956,-0.0010083929293935867,0.008187221722996574,185.59305877685546,181.2269122314453,0.00036728522514906103,0.024468287183120108,0.003772551919655578,0.0035783282006318323,0.06825659710721,0.8397687975114478,0.0033032939059285116,1
2016-08-17,185.6953007652244,186.1467607777324,184.86052736442625,186.01046752929688,75134300,0.0018810775661775025,0.0033540936346134753,0.0058963980630624135,185.77960968017578,181.35954345703124,0.0012426436330581492,0.02564477161560319,0.0037313813080457167,0.0034877409437872875,0.41193792564306864,1.1700299794263724,0.0069148442579101965,1
2016-08-18,185.98486422928968,186.4618774730868,185.8741373676028,186.4278106689453,52989300,0.002243654054483235,0.0009605105157630689,0.01197558218029271,185.9883010864258,181.48882629394532,0.002363103377751141,0.027213710484857323,0.0037517037534927286,0.003375359617686278,-0.29473888756533306,0.8347886664165471,0.003152641783299621,0
2016-08-19,185.9592990463128,186.3340988562052,185.47377238177785,186.15521240234372,75443000,-0.0014622188911807,0.00036620359050054674,0.005983937561034658,186.01895904541016,181.61757141113281,0.000732470268798302,0.02498459238252293,0.0028764231110757496,0.0032756519921415847,0.42374026454397407,1.1767911815299799,0.004621554579776685,0
2016-08-22,185.91676580332864,186.37675226307763,185.5504923239354,186.14675903320312,61368800,-4.541032739024953e-05,-0.0025556451943249403,0.0086774288127216,186.05984497070312,181.7802130126953,0.0004671296082918719,0.024021019384562248,0.0028654162018159376,0.0031996590946574434,-0.18655408719165467,0.9531704876679895,0.0044387554391685765,1
2016-08-23,186.76003679823123,187.05817660563,186.46189699083249,186.5215301513672,53399200,0.0020133099287387157,0.00463373970022074,0.010242362298731544,186.12713470458985,181.97780578613282,0.002118957278331779,0.02496856331246411,0.002920405136646435,0.003219042027536787,-0.12986403514489442,0.8402732974769394,0.0031968406773931835,0
2016-08-24,186.37669414673957,186.4703941002381,185.15008130007956,185.5674743652344,71728900,-0.005114990132016106,-0.002381549651192083,0.0061424132459835246,186.1450164794922,182.16326629638672,-0.0031026461260187377,0.018687675830915795,0.0033003079124261825,0.0034433028881203334,0.34325795142998405,1.1397833059625422,0.007115001185821518,0
2016-08-25,185.1842117036874,185.8571515092892,185.03089154401505,185.43975830078125,69224800,-0.0006882459595358714,-0.005299919387663832,0.004290533226014803,186.06410064697266,182.3510885620117,-0.0033555228763662015,0.016938038391359544,0.002890789359359912,0.0034442234467733433,-0.03491061482889046,1.0963438391276863,0.004455678614151139,0
2016-08-26,185.627115791674,186.64928894848688,184.20458942381688,185.0904693603516,122506300,-0.0018835709430936598,-0.005719652048693957,0.0007827994667921612,185.96444091796874,182.52141662597657,-0.004699670288056179,0.01407534952262357,0.0029254451903067717,0.003458448507903083,0.769688030879107,1.8763165129570223,0.013208132936928418,1
2016-08-29,185.21824086345805,186.26596732761564,185.1841610610908,186.0019073486328,70502200,0.004924283737736568,-0.0007781585095686383,0.006545532073643834,185.90226135253906,182.7231265258789,0.000536012823990184,0.017943983802671593,0.0032440570391387064,0.0036175510622269112,-0.42450143380381256,1.0821454790984366,0.005816103081659006,0
2016-08-30,185.9167640174861,186.1978639629349,185.14162380170345,185.6952972412109,58114500,-0.0016484245338797,-0.004429691893937271,0.011366199400014265,185.90566864013672,182.8960452270508,-0.0011316029277893547,0.015305153321850451,0.002826692270618202,0.0032928730891869113,-0.17570657369557263,0.9160351909338611,0.0056880285980502165,0
2016-08-31,185.3630428835759,185.48229619359972,184.39197650262847,185.1671295166016,85269500,-0.0028442708698392938,-0.0021574085113905683,0.0055509041836165895,185.8213348388672,183.04835052490233,-0.003520614696008284,0.011574969048470107,0.002875908439436956,0.003328365420231513,0.46726720525858445,1.3117348344865372,0.005888300444132019,1
2016-09-01,185.1586192774392,185.4652725297236,184.0171927819061,185.1756591796875,97844200,4.606467199752551e-05,-0.0014241774445444833,0.004528363421299586,185.6961196899414,183.2066180419922,-0.002802753827720994,0.010747652889067538,0.002727278377946795,0.0033235579945519737,0.14747008015761787,1.4480833920518967,0.007820032904067267,1
2016-09-02,186.0275074347612,186.43637418242807,185.43975417381776,186.01046752929688,79293900,0.004508196991481084,0.004970532367899239,0.0008707877714664303,185.68164520263673,183.33541320800782,0.001770893005074825,0.01459103985684429,0.0031546808311589286,0.0029408635896723267,-0.1895901852128179,1.167148268892495,0.0053578705642107925,1
2016-09-06,186.29154717458263,186.64930716450087,185.57602719474625,186.57264709472656,56702100,0.0030223006957452725,0.003068461792835153,0.004494221779403285,185.72423400878907,183.60441467285156,0.004568133450464806,0.016166454533045105,0.0033033487436427613,0.003009677308155191,-0.28491220636139725,0.8244228327006329,0.005752611577675143,0
2016-09-07,186.4107963440116,186.73448951712933,185.95082293799388,186.55560302734372,76554900,-9.135351643585476e-05,0.0046328894641596285,0.003804010845519512,185.7276412963867,183.93508850097658,0.00445793488345525,0.014246952812123403,0.0032438611438578954,0.0030091835270159265,0.3501245985598418,1.0929685502903606,0.004200713173008227,0
2016-09-08,186.2233844135004,186.4959708570284,185.8230311980916,186.1296844482422,74102900,-0.002283065060442624,0.005198303468620269,0.00399715843221915,185.7838623046875,184.19591369628907,0.0018614218655199632,0.010498445449455662,0.002844502205507067,0.0030005165168460897,-0.03202930184743236,1.0458949980864822,0.003615434372715143,0
2016-09-09,184.81792135656548,184.86902807179516,181.64917503593983,181.6747283935547,221589100,-0.023934688697795026,-0.018905998777817956,-0.024559542762912945,185.40735931396483,184.30869415283203,-0.020132053734120636,-0.014291055402374075,0.008201709801908692,0.006040276642808766,1.9902891789660053,2.82980521464509,0.017723175173160487,1
2016-09-12,180.9166356660939,184.68164908797755,180.8484890388368,184.2812957763672,168110900,0.01434744064769422,-0.009296099170641225,-0.00970390315956804,185.3264419555664,184.42556396484375,-0.005639487642296603,-0.0007822570004669682,0.009700470166319943,0.006973675630722932,-0.24133948826905294,2.009807007076728,0.02080059201337749,0
2016-09-13,183.00356100687588,183.2676210426844,181.0103210614444,181.63214111328125,182828800,-0.014375602537008425,-0.026480333845169235,-0.02674666620225663,184.88946533203125,184.48195434570312,-0.01761768423582366,-0.01544765309175744,0.010417892879284178,0.007579180573997569,0.08754875501826476,2.0247705160114404,0.01242786638644625,0
2016-09-14,181.6832181629531,182.8842778048366,181.0102915040864,181.56396484375,134185500,-0.0003753535531397789,-0.026756838725782384,-0.022068471946647517,184.47633209228516,184.56270568847657,-0.015787213543893786,-0.01624781579539769,0.010434848615113028,0.0075272411939136166,-0.26605928606433993,1.4222904307615518,0.010321355905412659,1
2016-09-15,181.40217203040729,183.76168559041372,181.22328551258488,183.3783721923828,134427900,0.009993212861342027,-0.014781695160636432,-0.014150253864070872,184.29745635986328,184.65845001220703,-0.004986960675603891,-0.00693213779136348,0.011114071896812232,0.007904748948604889,0.0018064544976916785,1.381449169290901,0.013842417987906428,0
2016-09-16,182.7636373925048,182.94342749776692,181.9845817718176,182.66946411132807,155236400,-0.0038658216483186125,0.005475366478151722,-0.020159795602015862,184.04683685302734,184.7422302246094,-0.007483816430918555,-0.011219774226830848,0.011145314714373085,0.00790376896235377,0.1547930154380155,1.515659427217028,0.0052490750471843916,1
2016-09-19,183.3200481112068,183.96213484799384,182.37831567193717,182.70364379882807,80250500,0.00018711221202893924,-0.0085611074683003,-0.018541348152291692,183.71615447998045,184.7735415649414,-0.005511277350749855,-0.011202349365511566,0.010977371836451052,0.007907163331908308,-0.48304328108613703,0.7816957510059825,0.008668788115690683,1
2016-09-20,183.5598398399784,183.7139344539165,182.67804138032696,182.7122802734375,69665300,4.727040156327078e-05,0.005946850340120102,-0.018450381718185138,183.33011779785153,184.79224884033204,-0.0033700819692664696,-0.011255713266911549,0.010873864523350124,0.007907721025356047,-0.13190198191911573,0.6758576049393807,0.005669531747068515,1
2016-09-21,183.41428773203177,184.94672955056805,182.7293923522737,184.76695251464844,110284400,0.011245397617149822,0.01764109785581547,-0.009406837029992565,183.151252746582,184.8256430053711,0.008821669215126837,-0.0003175451726735723,0.011661471692770974,0.008344193293011632,0.5830607203299203,1.0411933782818634,0.012000723982924205,1
2016-09-22,185.77719504411823,186.23093553533752,185.52892712117185,185.9312896728516,76678700,0.006301652662214385,0.013921584371959117,0.0019605553659749475,183.13141326904298,184.88283477783204,0.01528889202474093,0.005670915292268486,0.011862708598762706,0.008397822054719938,-0.3047185277337502,0.7222349273759182,0.003775633543987501,0
2016-09-23,185.53748245832745,185.6744641696816,184.81834806866055,184.9125213623047,73630900,-0.005479273081682168,0.012279322446632879,-0.002843170975349252,183.45519256591797,184.89920806884766,0.007943786033001388,7.200297716836168e-05,0.00876351305113874,0.00849026438958214,-0.0397476743867593,0.6920916454242497,0.004629843856510096,0
2016-09-26,184.08207611232544,184.2618531667787,183.21739054421252,183.414306640625,89827300,-0.008102289183241407,0.0038897026190645168,-0.009055910471885364,183.36849365234374,184.89055755615234,0.00024984111157122513,-0.007984458130475325,0.008038292899517616,0.00867067204660963,0.21996743215144732,0.8574989669943662,0.005694553722096862,1
2016-09-27,183.2516630614715,184.6471234918225,182.8835263269881,184.55296325683597,78494800,0.006208112317225067,0.010074216033228778,-0.007789942116459114,183.66057586669922,184.89479888916014,0.004858894653496204,-0.0018488115099932756,0.006576493200721639,0.008716939614653136,-0.12615875129275844,0.7464702574898632,0.00955604902631702,1
2016-09-28,184.775542179436,185.623101833831,183.81669631342595,185.468994140625,87411000,0.004963512195218511,0.003799606024897262,-0.001218679761674002,184.05107879638672,184.9211083984375,0.007703923027839954,0.00296280801544313,0.006613473986628104,0.008790362701944625,0.11358969001768271,0.8198410327571564,0.009739663110672807,0
2016-09-29,185.2634903595277,185.6658659097893,183.24305615132027,183.7909698486328,128070600,-0.009047465317679415,-0.01151134824044242,-0.007431986830283455,184.09233856201172,184.89852569580077,-0.0016370519041312148,-0.005990073977064192,0.006841463469414051,0.009001997361438797,0.46515427120156505,1.177557768399185,0.013182420009342138,1
2016-09-30,184.62143417016583,185.87992589879707,184.37316624574723,185.17791748046875,117202900,0.007546331753830016,0.001435252281504873,1.2195451557950321e-05,184.3431838989258,184.9176510620117,0.004528149964040162,0.0014074720123378182,0.007028661428342819,0.009173271046354186,-0.08485710225453769,1.0681275349174282,0.008136821460953965,0
2016-10-03,184.7669484862553,184.9552819748721,184.09916603466328,184.73269653320312,83512100,-0.0024042874729519603,0.007188042834419317,-0.006869349951461712,184.5460891723633,184.91134704589842,0.001011169413975166,-0.0009661414269560575,0.007124928969879762,0.009126192985013742,-0.2874570509774076,0.7596266452971142,0.00463434982694,0
2016-10-04,184.844001895467,185.06658734449323,183.2002608035293,183.7909698486328,119948100,-0.005097780210234992,-0.004128860326900963,-0.014909351876652321,184.65395812988282,184.89625885009767,-0.004673543367226363,-0.005977887320916309,0.007392380877858128,0.009150973915679612,0.4362960576970283,1.0605429765434593,0.010154615009110702,1
2016-10-05,184.4159777481273,185.0323824036144,184.3474868904848,184.6043243408203,72816000,0.0044254322878722885,-0.0046620719749473905,-0.01045950191181022,184.63769531250003,184.8957357788086,-0.00018073758786485428,-0.001576085228579216,0.006571542677836822,0.009222522980727985,-0.3929374454451551,0.6448818591153306,0.0037100729659244043,1
2016-10-06,184.3816858625273,184.9552819748721,183.84234170323464,184.73269653320312,62927400,0.0006953910361591209,0.0051239007299754835,-0.007505454700470038,184.51783599853516,184.9016976928711,0.0011644431743154104,-0.0009140054514192864,0.0061961192539051945,0.009216005650030843,-0.13580257086354652,0.5600768920420315,0.006024598203369051,0
2016-10-07,185.00666074402255,185.17788132018285,183.3714761556129,184.0991668701172,89788300,-0.0034294398066779808,-0.0058254819204635044,0.013344940697038066,184.4365005493164,184.8907305908203,-0.0018289963114379582,-0.004281251516361495,0.006050024114971859,0.007417660007531925,0.42685539208675394,0.8489424042326333,0.009812131120856073,1
2016-10-10,185.05804443359372,185.52034134257795,184.9125062758896,185.05804443359372,51855000,0.005208483991418822,0.001761182002408157,0.0042150162551990444,184.6008743286133,184.89297760009765,0.002476532717643698,0.0008927696207754465,0.005622206146078214,0.006786642744857918,-0.422474865878962,0.5187985304360053,0.003284564410851472,0
2016-10-11,184.62998863208392,184.6984794829944,181.99314965685423,182.7208404541016,130367400,-0.01262957244925833,-0.0058225352171140665,0.005993979557513018,184.41766204833985,184.8515475463867,-0.009200971183516482,-0.011526585092561548,0.006700974581752191,0.006597434252272658,1.5140757882557132,1.339450384918579,0.014805808792345913,1
2016-10-12,182.8577827268367,183.4827567078981,182.3612339622757,182.9605255126953,73866100,0.001311755451638863,-0.008904443782639548,0.007691838356510772,184.16681518554688,184.8385906982422,-0.006549983891702915,-0.01016056862613135,0.006435519225798313,0.006598867376551624,-0.43340052804612195,0.7832012227787553,0.006129861851236208,0
2016-10-13,181.633606713116,182.8578465452813,180.8202989779291,182.36129760742188,101357000,-0.0032751759079958642,-0.012836920427646281,-0.00554631701002295,184.0238479614258,184.80291748046875,-0.009034428811381057,-0.01321202016902645,0.0059045701570249725,0.00624134678017487,0.37217207893742876,1.09386505497385,0.011173135934459738,1
2016-10-14,183.33722747021903,183.79953740371388,182.3783817759969,182.45542907714844,93346200,0.0005161811796776661,-0.008928545527467913,-0.0011717066955929667,183.75159912109376,184.7652081298828,-0.007053925245522064,-0.012501157962113152,0.00517899633826794,0.006184743951688493,-0.07903548842211194,1.0422173840227769,0.007789056400815956,0
2016-10-17,182.42978031832757,182.686617766202,181.642155057929,181.8219451904297,58275700,-0.003471992529479051,-0.01748694174883747,-0.00482584030655242,183.4605239868164,184.6846743774414,-0.008931506139732148,-0.015500632072811493,0.00521135076393998,0.006231602279202296,-0.37570356372300107,0.6587336234175606,0.005744425994228074,1
2016-10-18,183.41426587175613,183.4741871888233,182.58383244556,182.9605255126953,76869700,0.006262062156870751,0.001311755451638863,0.0013586675120376146,183.37747955322266,184.62912689208986,-0.002273747253715097,-0.009037584738023408,0.005582921308910446,0.00639852407006572,0.3190695264063752,0.8653917165241716,0.004866376180153175,1
2016-10-19,183.22596189159376,183.7567496658532,182.8663947158089,183.44854736328125,66519200,0.0026673614388590394,0.0026673614388590394,-0.007135503040039959,183.26190185546875,184.58112518310546,0.0010184632262504323,-0.006135935181350138,0.005438544439731604,0.005877505843495418,-0.1346499335889173,0.7677812401963013,0.004853431454440122,0
2016-10-20,183.09752483983908,183.6625645353384,182.44688138226903,183.1060943603516,73639800,-0.0018667523283871779,0.004084182130207781,-0.015194835239786486,183.0992416381836,184.5354739379883,3.742627280534094e-05,-0.007745825488908564,0.0054303241367389034,0.005671787905297586,0.10704578527703279,0.8514622695913311,0.006639228242599655,1
2016-10-21,183.1060771541765,183.2772977255221,182.1472184407151,183.19168090820312,89089100,0.00046741506966507806,0.004035242112435888,-0.009306240818218403,183.00849304199218,184.47432922363282,0.0010009801357628856,-0.006952990808139936,0.005365742218824086,0.005565693550414092,0.20979551818445996,1.0209710301557366,0.006168835174198012,1
2016-10-24,184.0649679745788,184.3389314065972,183.6197839291966,183.9707946777344,60146600,0.004252997546988491,0.011818427555893463,0.0030340492369538286,182.89976806640624,184.4320037841797,0.005855811752256024,-0.0025006999706244093,0.005260649205593043,0.005353577664825953,-0.32487139279664967,0.7012124140849652,0.00390903066250465,0
2016-10-25,183.7910151836165,184.04785265018012,183.1917364704988,183.3544006347656,66542300,-0.0033504994314372816,0.002152787443993942,-0.00649441006483531,182.96312408447267,184.3666177368164,0.002138554160849848,-0.005490240665453672,0.0033809861353375293,0.005210458694057452,0.10633518769140737,0.7812189893989054,0.004669188068120986,0
2016-10-26,182.53249614221528,183.56838917561572,182.2927716465668,182.9862365722656,75705500,-0.0020079368764830408,-0.0025201114844487504,-0.013386375333857337,182.9656951904297,184.31311798095703,0.00011226903390015863,-0.007199061158677411,0.0034386904421280775,0.0050702052847656645,0.13770488846943985,0.8949460500223129,0.006971111887670076,0
2016-10-27,183.70537192840828,183.73961082038784,182.42119793483377,182.4982452392578,77220200,-0.0026668198775434693,-0.0033196553245111726,-0.007033667706523694,182.9793899536133,184.24287353515626,-0.002629502232341374,-0.009469176540852997,0.003378788508252885,0.004702140113979534,0.020007793357153636,0.9411389897322027,0.007224249656897301,0
2016-10-28,182.4725676586778,183.1488935654366,181.2483280226164,181.9588928222656,140623200,-0.0029553841259410962,-0.006729498194600225,-0.017383415376958644,182.929736328125,184.15349517822267,-0.005307193490499351,-0.011917245197182624,0.003505003284705515,0.004347865900511735,0.8210675445026043,1.6897613689951947,0.010445026969232243,1
2016-10-31,182.29279876235523,182.51539731357715,181.8048193679365,181.9674835205078,61272500,4.721230223458939e-05,-0.010889289034902716,-0.014968725431874552,182.9442901611328,184.06974060058593,-0.00533936664415513,-0.011420981380311779,0.0033191931208528427,0.004336800648206831,-0.5642788672139447,0.7462358007698691,0.003904972096625069,0
2016-11-01,182.2927583487816,182.34413627764687,179.44190380314225,180.6490173339844,122781800,-0.0072456142219212705,-0.014754940658174953,-0.017095249659088596,182.71313934326173,183.95978576660156,-0.011297063893141668,-0.017997240096907285,0.0032742858926409217,0.004474666813652121,1.0038647027622507,1.4927796747616577,0.016065586834269677,0
2016-11-02,180.34083850479635,180.7261011732268,179.12515529623803,179.56178283691406,103330800,-0.006018491066908216,-0.01871426944178467,-0.027315402940380817,182.324462890625,183.8205908203125,-0.015152547331886312,-0.023168285796456245,0.003267047723352896,0.004435577859533836,-0.15841924454601575,1.2334148879293747,0.00891584975207564,0
2016-11-03,179.77580479671514,179.989833798208,178.4659483526424,178.73989868164062,88939300,-0.004577166378548991,-0.020593877780523018,-0.032440374465520616,181.8878433227539,183.6840393066406,-0.017307064527272153,-0.026916549982583304,0.003353659926954543,0.004462686946918253,-0.1392759951534296,1.0454003404101366,0.008525715057497173,0
2016-11-04,178.85120155849046,179.690191603582,178.3974611112159,178.54299926757812,109122100,-0.001101597435798074,-0.018772886016755752,-0.03018029737450667,181.4229751586914,183.54610412597657,-0.015874372518663304,-0.027258028069964246,0.0032390650013807724,0.004443823447637698,0.22692780356940068,1.2682205129441833,0.007240443465547029,1
2016-11-07,178.5430438028722,182.5154226192163,178.5430438028722,182.48117065429688,109794900,0.022057271373697063,0.0028229611348731254,-0.013924678536314739,181.27401275634764,183.49391815185547,0.006659299254172746,-0.005519242859703177,0.008315986897925365,0.0067733277854875994,0.0061655704939695966,1.2344762738492387,0.021768705242852775,1
2016-11-08,182.08729548768412,183.8680181529656,181.82190164498263,183.302978515625,106772100,0.00450352142295829,0.014691257228008903,0.003185942337374792,181.26887054443358,183.43993957519533,0.011221496361079941,-0.0007466261703285015,0.008416717461427808,0.00624522870177152,-0.02753133342259062,1.216627646735518,0.01116248368985747,1
2016-11-09,181.8133801094974,185.8628188492065,181.78769767041217,185.2464141845703,258429000,0.010602313637689376,0.03165835879909529,0.012493889955056847,181.49488830566406,183.4309619140625,0.020670146216945406,0.009897196479612624,0.009005907555989406,0.0066654283417968245,1.4203794811565942,2.664522777618252,0.021998380895697507,1
2016-11-10,186.03400745605103,186.8986799041712,184.2532846271845,185.70867919921875,172113300,0.002495406006552292,0.038988387981524264,0.018355767565346737,181.81593170166016,183.44179290771484,0.02141037620369901,0.0123575236350002,0.008902883930835588,0.006611621593805424,-0.33400160198739304,1.7121158848749234,0.014244866144079521,0
2016-11-11,184.98956331771265,185.52035110471616,184.33891980256973,185.2806396484375,100552700,-0.0023048979327566776,0.037736793985194694,0.015484387532773702,182.14810638427736,183.44389251708984,0.017197726214904785,0.010012582627555,0.008866737616395995,0.006650901532662677,-0.41577611956774985,0.9966864904979323,0.00637644226827012,1
2016-11-14,185.80291701187704,186.00838962386425,184.68140676428828,185.4262237548828,94580000,0.0007857491571787723,0.016138942390747868,0.019823121794666942,182.49398040771484,183.43220764160156,0.016067616809151586,0.010870588861783936,0.008853157479950717,0.006575029667877171,-0.059398703366493444,0.920914989118296,0.007156392621844677,1
2016-11-15,185.8113973742892,186.87298583984372,185.60593790974423,186.87298583984372,91652600,0.0078023596429024344,0.019475991896740652,0.02138417735839382,183.1163772583008,183.4382144165039,0.02051486949331638,0.018724405022505497,0.008388918917175065,0.0066484915255740655,-0.03095157538591664,0.8860344533399844,0.006780262670953391,0
2016-11-16,186.25660928341745,186.7531581694383,186.1367535566741,186.52200317382807,65617700,-0.001878188355787569,0.006885903810190941,0.01675377567564218,183.81239929199216,183.43754241943358,0.014741137661402393,0.01681477364836148,0.007962413777101758,0.006669010233700551,-0.28406068131182316,0.6346234426723787,0.0033047286769151032,1
2016-11-17,186.6761142714005,187.54078681133552,186.56481500049892,187.4808654785156,69797200,0.0051407463375456874,0.009542829591694613,0.023892001702327192,184.68649597167968,183.46456604003907,0.015130340159057454,0.021891417646282774,0.007393911650096435,0.006702647168060091,0.06369470432520496,0.6763022938662008,0.005205714238333506,0
2016-11-18,187.54928681184057,187.720507352094,186.8815044972596,187.0612945556641,86265800,-0.002237939972063896,0.009610582684760338,0.021123304444157665,185.53832550048827,183.57229736328125,0.0082083798647401,0.01900612043590799,0.007502794453708036,0.006745423393749776,0.2359492930948519,0.837020237528548,0.004485176138801462,1
2016-11-21,187.63493274925955,188.49960516314167,187.48939460414823,188.4739227294922,72402600,0.007551686077996944,0.016436180993677496,0.02447740718653746,186.1376007080078,183.65614990234374,0.012551585561422218,0.026232570102935338,0.004622958615248951,0.006866660495842368,-0.1607033146391733,0.6983559708931054,0.005359948709951473,1
2016-11-22,188.7820913801312,189.02180276036933,188.11432209756904,188.84202575683597,67429000,0.0019530713958348933,0.010536782018776059,0.029929061440971294,186.69150543212888,183.80034759521484,0.011519111808163673,0.027430188395097366,0.0046162265443192695,0.006782263374003783,-0.06869366569708824,0.6501053339557135,0.00480550163112954,1
2016-11-23,188.3283891520488,188.9961585697166,188.1314861348629,188.94479370117188,56620200,0.0005442006032505553,0.012989301455688773,0.03256287052252205,187.06134338378905,183.94796417236327,0.010068623924712305,0.027164364396696783,0.0037965585489178047,0.006736698605762975,-0.16029898115054353,0.5509631847544685,0.0045763231572352086,1
2016-11-25,189.28725291578277,189.68105896052663,189.2101925476429,189.64682006835935,37872300,0.003715510512016351,0.011552936798726154,0.039170649666957935,187.4551574707031,184.07333312988283,0.011691663367537686,0.030278622349625417,0.0038341950198221703,0.006673571197557491,-0.3311168099017665,0.3757230207546336,0.0024828595212617343,0
2016-11-28,189.33858953652756,189.61253982287272,188.6536942257273,188.7564239501953,76572500,-0.0046950226628798,0.009061892779892,0.03735750983366026,187.80273590087887,184.19507232666015,0.005078137146094619,0.02476370060240174,0.004197114890163534,0.006751669570722375,1.0218603042329089,0.7845871015919518,0.0050798037866961535,1
2016-11-29,188.79070329643196,189.5783284459944,188.49105747219588,189.1245880126953,69886700,0.001950471696778644,0.0034522828080412182,0.03933177705005142,188.17257232666014,184.3234912109375,0.0050592691286726055,0.026047123837642072,0.004179863518754492,0.00673821801625231,-0.08731333050377088,0.7129358624284033,0.005748966780171068,0
2016-11-30,189.74098234075743,189.90364646152315,188.61090301541208,188.67083740234372,113291800,-0.002399215327417603,-0.0009065161941901323,0.04440555607080077,188.35235748291015,184.44266235351563,0.0016908730195344113,0.022924062117060995,0.0038327166799334675,0.006471919117248169,0.6210781164370331,1.161346246360792,0.006851845594739572,0
2016-12-01,188.97050173292385,188.97050173292385,187.61783673708024,187.9774169921875,79040500,-0.003675291951333648,-0.005119890789445858,0.046867624181014644,188.4978988647461,184.5068716430664,-0.0027612078208472113,0.01880984333111968,0.004018449170075603,0.006335180634778395,-0.3023281473151631,0.8204531532153874,0.007195890961198966,1
2016-12-02,188.0630225212601,188.55957142791647,187.7120117843193,188.0715789794922,74840300,0.0005009218065199494,-0.008306182451671806,0.05220815479185492,188.55697021484374,184.54967742919922,-0.0025742418050019866,0.01908375890629288,0.003716107967822715,0.006143414799234736,-0.05313984602830191,0.782580930898454,0.004506580144624615,1
2016-12-05,188.9019838234292,189.54407080184092,188.7050808077716,189.20162963867188,67837800,0.006008620044089197,0.0023586253604488405,0.05969783421818686,188.77100372314453,184.63545959472657,0.0022812079558516274,0.02473073186465924,0.0039900995591992975,0.006125736517843112,-0.09356589965566675,0.7250072006108896,0.004434369807868913,1
2016-12-06,189.390001773934,189.83518579680896,188.91057885543557,189.80093383789065,59877400,0.003167542480280394,0.003576191928835515,0.040112429996740806,188.90370483398436,184.76319213867188,0.004749663351996336,0.02726593777096986,0.003406128018922086,0.004161183798345947,-0.11734460728384466,0.6574690569581457,0.0048714562287827945,1
2016-12-07,189.6468069632402,192.3435669528581,189.52695125399703,192.2836456298828,110738100,0.013080608940062577,0.019148736907520725,0.048993568936973375,189.24786682128905,184.91780578613282,0.016041284161266267,0.03983304805308463,0.0052024018842884235,0.004824440496864241,0.8494139692104199,1.213290658164502,0.014648233289078823,1
2016-12-08,192.2579960253395,193.22539832109896,191.99258906506745,192.7545318603516,99714400,0.002448914617393827,0.02541323816766039,0.040530434604259424,189.62884063720702,185.06351654052733,0.016483205891262953,0.04155878729419893,0.0051853487428419245,0.004423135541313291,-0.09954749088163872,1.196546787072849,0.006395747192728374,1
2016-12-09,192.97711869989007,193.93596447940917,192.94286674302492,193.91883850097656,88005800,0.0060403593595843574,0.031090606848799718,0.044209884735383786,190.05604248046876,185.26607391357422,0.020324510444885036,0.04670452827450111,0.005320648348427473,0.004514217521581011,-0.11742135539099674,1.112170552246013,0.005121202994309611,0
2016-12-12,193.82464019077423,194.3040760819301,193.276726521317,193.69622802734372,102016100,-0.0011479569254522204,0.023755600822547907,0.045420764926516144,190.5500228881836,185.4364401245117,0.016511176915503967,0.044542420558149054,0.004909055531185871,0.004460886414977807,0.15919746198546014,1.2880342573141856,0.005303921357044128,1
2016-12-13,194.3554352313701,195.48550142620047,194.33830925565232,194.98895263671875,110477500,0.006673979264028462,0.02733400038621081,0.051571609927606676,191.13645935058594,185.64156524658202,0.020155721724794073,0.05035180229018699,0.005064663473828356,0.004553694412826488,0.08294181016525815,1.3810064687391774,0.005883370083460421,0
2016-12-14,194.68935787987144,195.3913662617116,192.9428737882111,193.37950134277344,142501800,-0.008254063997891525,0.005699162345818909,0.03481784953393974,191.6073257446289,185.83333587646484,0.009248997089529087,0.040607167872856786,0.006016179588703228,0.004971003511610399,0.2898716933312213,1.726451723113353,0.012661592653300083,1
2016-12-15,193.61921946002988,195.0318057935021,193.38806445632343,194.1756896972656,124972600,0.0041172324313778486,0.007372889359320567,0.0410336925038528,192.2271530151367,186.02476318359376,0.010136636014036249,0.043816352050008556,0.005621410615356327,0.00492285657910522,-0.12301037600928555,1.4615307429642272,0.008465227236949016,0
2016-12-16,194.63119601296236,194.69148365321516,193.47724222226503,193.79586791992188,156420200,-0.00195607276037435,-0.000634134269807296,0.03368345044326637,192.7995819091797,186.20602661132813,0.005167469767706656,0.040760449308314683,0.005806235193530304,0.004942125874969053,0.2516359586021255,1.7411135922115042,0.006265569250691454,1
2016-12-19,193.9767864007674,194.6398849769576,193.8303904029604,194.2179107666016,90341100,0.002177770100104004,0.002693303553563453,0.038258134735659644,193.30121002197265,186.4084014892578,0.004742343540036442,0.04189462070889438,0.005712610806836017,0.004856270829752341,-0.4224460779362257,1.003311364739499,0.004167970764395653,1
2016-12-20,194.7518115170943,195.1135111771448,194.5193072017222,194.96710205078125,89838800,0.0038574778259250486,-0.00011206063544644262,0.03445134068020872,193.8178268432617,186.60658264160156,0.0059296671840662896,0.044802917940129694,0.005723914572027412,0.0046972505312008125,-0.0055600385649499096,0.988165341056613,0.003047714045971894,0
2016-12-21,194.83797581829708,195.01020565505,194.42462158203125,194.42462158203125,67909000,-0.0027824205368180976,0.005404503745230382,0.029562253438139674,194.03192443847655,186.84065826416017,0.0020238790327475886,0.04059054056183364,0.004620322900578431,0.004802288583352257,-0.24410165763567637,0.7467554121183441,0.003011882282469395,0
2016-12-22,194.27820185658516,194.39876404162973,193.69260471473083,194.0887451171875,56219100,-0.0017275407924712827,-0.00044776243727340237,0.02722462638558376,194.16534576416015,187.06322265625,-0.00039451245365740295,0.03755694123717568,0.004675039522628259,0.004851915812801419,-0.17214065882283647,0.6183448089716207,0.0036383321787800296,1
2016-12-23,194.1317873010316,194.38153169613184,193.94234370721077,194.3729248046875,36697800,0.0014641739649994268,0.002977653192296481,0.02492055882943145,194.21075439453125,187.30345520019532,0.0008350228114906155,0.037743401994032366,0.004303399122446268,0.004820283612382318,-0.3472360816875404,0.4038940582906894,0.002259512169003929,1
2016-12-27,194.6398577945518,195.25127551528223,194.6226308736002,194.8551483154297,42672500,0.0024809191466699243,0.0032810441957327185,0.03231002281990447,194.32664642333984,187.55144958496095,0.002719657349196103,0.03894237419455493,0.004326086621814613,0.0046178828462840864,0.16280812473772266,0.478579226717579,0.003226215201993974,0
2016-12-28,195.1134995195581,195.1307133002148,193.1328240999208,193.2447662353516,64095000,-0.008264508759456612,-0.008833981719546968,0.021785523849388033,194.15222778320313,187.77990600585937,-0.004673969277678602,0.029102476115424603,0.004569942973873516,0.00511534022428402,0.5020212080379636,0.7211783510799054,0.01033864584907195,0
2016-12-29,193.31364806068328,193.66672764527488,192.76250488924575,193.2017059326172,48696100,-0.00022282778247129098,-0.006289921716000846,0.024014673346741455,194.1344482421875,187.98472961425782,-0.0048046202928739845,0.027752128213097693,0.0037668758960646047,0.00506004459576047,-0.24025118964037762,0.5685768193915869,0.004680200682826751,0
2016-12-30,193.52892088429107,193.61504233520185,191.80659698838423,192.4955291748047,108998300,-0.0036551269275996168,-0.008208698249972501,0.024035398799021612,193.9664321899414,188.1656692504883,-0.007583286440492665,0.02301089216520391,0.00360156241546554,0.005059024063255381,1.2383373617189055,1.2507911520866992,0.009394739475613359,1
2017-01-03,193.7959424665624,194.47626798685823,192.79700426633804,193.9681854248047,91366500,0.007650340017313795,-0.0020822827062437765,0.03135299058639518,193.9836639404297,188.38291107177736,-7.979288209425395e-05,0.02964851918494471,0.004457098685053362,0.0052557613067353475,-0.1617621559235327,1.038612173644374,0.008657418312402548,1
2017-01-04,194.2953794720281,195.26849680321703,194.28677258194588,195.12210083007807,78744400,0.005948993144139658,0.001370004934210023,0.0312918615062292,194.07408294677734,188.62151947021485,0.005400091899896431,0.03446362524340563,0.004799066323345264,0.00525311997626349,-0.1381480082962574,0.889615192883702,0.00503133277621936,0
2017-01-05,194.85515990866216,195.12211806798737,194.17483446364827,194.96710205078125,78379000,-0.000794368134811152,0.008912716494127615,0.027218876685311866,194.07408294677734,188.8414456176758,0.004601434104154922,0.032438093306632165,0.004658147293534125,0.005263797140259119,-0.004640329979020752,0.8763284923150613,0.004858684333792762,1
2017-01-06,195.07909092493435,196.12970996146183,194.53655448172768,195.6646881103516,71559900,0.0035779680378520418,0.012748242391779963,0.017583619602141276,194.19808959960938,189.0876513671875,0.007552074862147151,0.034783005106939546,0.004668753886007987,0.004527195115016154,-0.08700162033197667,0.818002294090411,0.008142273882529267,0
2017-01-09,195.4062886143,195.5440776992804,194.9843144691566,195.01876831054688,46939700,-0.0033011567188885316,0.013108040205187521,0.011746735230254934,194.2910919189453,189.32830200195312,0.0037452895262184427,0.03005607850713754,0.004782763806339867,0.004604351162769097,-0.3440502292485037,0.5532565259699849,0.0028703044069708626,0
2017-01-10,195.0359820909516,195.8713103507457,194.63123486650332,195.01876831054688,63771900,0.0,0.005416263927207066,0.005672114262198269,194.35567626953124,189.5787124633789,0.0034117451763850948,0.0286954994919002,0.004771973790578353,0.004422838850221749,0.3585919807753353,0.7625402415722952,0.006358749442349458,1
2017-01-11,194.9325902585094,195.56985473632807,194.26949197729277,195.56985473632807,74650000,0.0028258122567139665,0.002294737010032133,0.009673015980052213,194.4271469116211,189.85093170166016,0.005877305936225152,0.03012322870058326,0.0047903611763851954,0.004443947013215065,0.17057826409437382,0.9074602103314071,0.006649096103223448,0
2017-01-12,195.0531914599818,195.268481958282,193.7270077721798,195.0790252685547,72113200,-0.002509739900533936,0.0005740620678882369,0.00046193710268171984,194.6105728149414,190.1131625366211,0.002407127458890601,0.02612056243594929,0.00389985056266937,0.004241273812628347,-0.0339825853985265,0.8975516571825932,0.007901793562788868,1
2017-01-13,195.25129252946203,195.8282695988576,195.21685182484828,195.52687072753903,62717900,0.0022957130238261403,-0.0007043549050343989,0.011104431285916316,194.84308929443358,190.4107196044922,0.0035093953579856674,0.02686902887439202,0.0038968734289348606,0.0037884023137799393,-0.13028544011359922,0.8213971159771148,0.003127026846664487,0
2017-01-17,194.8895735022401,195.29432070049256,194.4503856051168,194.83790588378903,61240800,-0.0035236325380056943,-0.0009274103632417319,0.0034103969840708626,195.07732696533202,190.7162420654297,-0.0012273137287017732,0.021611498704684484,0.0038788358747859713,0.0037959645791865114,-0.02355149008496782,0.8369824416388678,0.004331472828901858,1
2017-01-18,195.08764384121372,195.3115543826404,194.53650065817047,195.26849365234372,54793300,0.0022099794524146343,0.0012805195313263518,0.0075988500076293874,195.20735778808594,191.04681396484375,0.0003131842208741187,0.02209761890233275,0.00319803107395237,0.003787042052504277,-0.10528111977635823,0.8047516703392847,0.0039691693727603285,0
2017-01-19,195.34596398850047,195.4837530474012,194.1145087678308,194.5450897216797,66608800,-0.003704662831844119,-0.005239892497900578,0.0016845972330084003,195.1496566772461,191.36685577392578,-0.0030979657656600157,0.016608069014357296,0.002868493850207887,0.003868073314497404,0.21563767832928482,0.9956383051870985,0.007038184728945104,1
2017-01-20,195.22541859869796,195.7507279330802,194.5967740314172,195.25987243652344,129168600,0.0036741236484885142,0.0009270456817169759,0.0015016399313660944,195.1789337158203,191.62242980957032,0.0004146898395345211,0.018982342675478714,0.0031187423880916286,0.0038588835988040905,0.9392122362210398,1.8756215777376393,0.0059098364004009675,0
2017-01-23,195.2599267517825,195.3202012743101,193.9940172354833,194.7518310546875,75061600,-0.002601872957799345,-0.003963852487219199,0.0016829631452732752,195.0876480102539,191.85140686035157,-0.001721364519955415,0.015118076233066935,0.002973898781194345,0.0038520348165631308,-0.41888663343877697,1.0843178563958078,0.006809610115831953,1
2017-01-24,194.9670681283333,196.41382709593856,194.8551260056911,196.0004730224609,95555300,0.006411451748675967,0.005966842711629727,0.009849761788707223,195.18581848144532,192.06648803710937,0.00417373837583912,0.02048241223940872,0.0034861105874799104,0.004073353899579995,0.2730250887271255,1.3422284926310757,0.007952537390401328,1
2017-01-25,196.9477557982735,197.6969757080078,196.7841329083282,197.6969757080078,84437700,0.00865560505740448,0.012436630253254144,0.01710140909110902,195.4536392211914,192.30625396728516,0.011477588730275157,0.02803196271318198,0.0043206873593304735,0.004461992045033262,-0.11634728790553739,1.1475862012727218,0.0046173837329098215,0
2017-01-26,197.55058518442823,197.8175564796249,197.21473248304855,197.4903106689453,59970700,-0.0010453626734672206,0.015139014567158382,0.01352369889272742,195.64568481445312,192.5504473876953,0.009428400407816895,0.02565490419922911,0.004349411433566288,0.004464142586947068,-0.28976393246144794,0.805587490690079,0.0030524231519736002,0
2017-01-27,197.5677570345484,197.7141529773893,196.99938703978657,197.18023681640625,59711100,-0.0015700712176145437,0.00983491567376249,0.020365211734954203,195.85580596923828,192.78552764892578,0.0067622751371281264,0.022795845834877815,0.004275006461133192,0.003983140312286798,-0.004328780554504141,0.8044689982679513,0.0036249370075979595,0
2017-01-30,196.49135954736528,196.5171933597688,194.97571894509807,195.9574432373047,79737300,-0.0062014002967250015,0.006190504993396573,0.01426352470018366,195.89886322021485,192.967216796875,0.00029903193988412013,0.015496033419901245,0.0048166842019069355,0.004293277675804484,0.3353848781884776,1.0522722803831805,0.00786637337783601,0
2017-01-31,195.46660471431943,196.000534247146,194.8982476133584,195.94024658203125,75880800,-8.775709148545197e-05,-0.00030727701571797716,0.017895051495447678,196.00909729003905,193.15558166503905,-0.00035126281871455944,0.014416694008984043,0.004638388750209358,0.004174530164724233,-0.04836506879465441,1.0237502011085338,0.0056256264499806195,1
2017-02-01,195.9401530067757,196.8529824575381,195.4320706732815,196.0176544189453,79117700,0.0003950583826670684,-0.008494420731770869,0.010566005913042575,196.08401336669922,193.32631744384764,-0.00033842099931835623,0.0139212136799709,0.00460263283575657,0.0038600377339930484,0.042657694700108495,1.0763143623104348,0.007248896985675208,1
2017-02-02,196.01771416236227,196.43108143382895,195.32879499049957,196.1468963623047,69657600,0.0006593382812507542,-0.006802431481778393,0.0052520730756127065,196.24419403076172,193.50802947998048,-0.0004957989658628259,0.01363698906663302,0.004372108218415793,0.003644600029713125,-0.11956995716508445,0.9535129971954172,0.005619698622675798,1
2017-02-03,197.05109133806323,197.67973590662965,196.7410724984448,197.49888610839844,80563200,0.006892740956739196,0.0016160305775922978,0.012985698771671439,196.4680953979492,193.6885287475586,0.005246606113635588,0.01967260211783639,0.004710234950479413,0.0039214605184507345,0.1565600882028666,1.1011489368478034,0.004752752922716031,0
2017-02-06,197.09411486045667,197.4902551061586,196.8099298638137,197.14578247070312,57790100,-0.0017878766035243077,0.006064271985623648,0.007569553682145402,196.70749053955078,193.85460388183594,0.0022281405245430097,0.016977562167537208,0.004644756546290959,0.0038942454512166306,-0.2826737269621862,0.7973867725505426,0.0034508739361239263,1
2017-02-07,197.53337817012292,197.77450252089744,196.9650079974581,197.1544647216797,57931200,4.403975001521232e-05,0.006196879716286796,0.01095123525614694,196.82288970947266,194.0187973022461,0.0016846364398799274,0.01616166816325948,0.004277800637850179,0.003798277843061952,0.0024415946675988565,0.7933179173843536,0.004105889889849096,1
2017-02-08,197.15442953477168,197.5419498050477,196.61189327221177,197.41278076171875,51566200,0.0013102216092530927,0.007117350459625804,0.012275805410480567,196.79447021484376,194.1741165161133,0.003141910167495876,0.01667917590518142,0.0032462844629829552,0.00379956267794049,-0.10987170989035266,0.7121060247545853,0.004711227557037034,1
2017-02-09,197.4128034001183,198.8853832240936,197.4128034001183,198.583984375,65955200,0.005932764883621822,0.012424810475684334,0.01541203598446006,196.90383758544922,194.37066772460938,0.008532829071051795,0.02167671027585394,0.003741986492721821,0.003954958051707576,0.27903937075060803,0.9163127840979542,0.007415400736418571,1
2017-02-10,198.9284877466009,199.59158638503845,198.60124187355237,199.36767578125,66015900,0.003946397836242843,0.009462279558507758,0.02198417029607036,197.1225814819336,194.57552947998047,0.011389330854122193,0.024628720343595756,0.003799470550003913,0.003936398823746578,0.0009203216728930208,0.9210572027114415,0.004967427681570159,1
2017-02-13,199.85850903956063,200.7110642801832,199.83267522684105,200.4527130126953,55182100,0.005442392941551022,0.01677403645438691,0.02519266158573319,197.57210845947264,194.8111669921875,0.014580016256766193,0.028959048434497925,0.00301239725810897,0.004048202994965332,-0.16410894951064814,0.7739722396064028,0.004382026265149706,1
2017-02-14,200.2718463350098,201.26219058701625,199.92738676753208,201.25357055664065,71109000,0.003995244224480166,0.020791341655628237,0.0329282161176494,198.1034408569336,195.07669006347658,0.015901438592285766,0.03166385738426336,0.0029322451016578466,0.003928669382402513,0.28862439088037606,0.9905047550050724,0.00663244789045121,1
2017-02-15,201.03830504218527,202.49367120529897,200.98663741466743,202.30421447753903,86785800,0.005220498289756792,0.024777695227971908,0.0360310088616842,198.73209686279296,195.3613427734375,0.017974537938943547,0.035538615805652096,0.0029108604056532765,0.0040089733853288095,0.22046154495211567,1.182524201599135,0.007449344515750848,0
2017-02-16,202.33005214808165,202.5109019881332,201.38278163151736,202.13198852539065,84722400,-0.0008513216227015175,0.0178665170887633,0.038998151094766564,199.33060607910156,195.61994995117186,0.014053950376177626,0.03328923545806162,0.0030891207853814867,0.0038512212082300067,-0.023775778986884988,1.1403363371972708,0.005581107497362519,1
2017-02-17,201.4689133410506,202.4506378173828,201.45168641612025,202.4506378173828,77204100,0.0015764416820751581,0.015463700542486691,0.03682664180371731,199.82578125,195.87294403076172,0.013135725285111644,0.033581431162785114,0.002790560851319604,0.0038294869617314857,-0.08874040395456217,1.0767994811552664,0.0049342961426658795,1
2017-02-21,202.82089123635168,203.8284492656725,202.81227120600053,203.65621948242188,88946100,0.005954941303403238,0.015981357506114957,0.04572171865862451,200.47682495117186,196.1003955078125,0.01585916243448282,0.03853038620877425,0.0025365284449183783,0.0037876014518473523,0.15209036825764444,1.2286734821090322,0.004989673589417098,0
2017-02-22,203.2514749073452,203.69926972156108,203.0878520120281,203.47537231445312,62115200,-0.0008880021853904241,0.011039812867256193,0.038137149246245006,201.10891571044922,196.31481231689452,0.01176703974383253,0.03647488395322873,0.0026807368482858816,0.003715968355278415,-0.3016534732832581,0.8783261644483163,0.0030048732806253068,1
2017-02-23,203.99205730062485,204.00927107949295,202.8553171614456,203.61314392089844,74615900,0.0006770922931764733,0.0064701046725090805,0.029925436095838975,201.72895202636718,196.50869842529298,0.00934021554964981,0.03615333851649516,0.0027362835192754663,0.003361629094565451,0.20125025758590498,1.062467463527825,0.005667384216097731,1
2017-02-24,202.76923455546964,203.9145685890113,202.7261738222612,203.87152099609372,82381600,0.0012689606879978665,0.00860592370061486,0.03231151090670603,202.25770568847656,196.71220428466796,0.0079790053097053,0.03639487817982712,0.0025936735975756074,0.0033095250887272584,0.1040756728793728,1.1546217786618462,0.00582913572697038,1
2017-02-27,203.7854077732879,204.36238482880697,203.535676535042,204.19015502929688,56515400,0.001562915858214664,0.00859230294687019,0.03555081546746264,202.73995361328124,196.89622833251954,0.00715301246828659,0.037044522175708305,0.0025690958240391698,0.003224816901097391,-0.31398030628198526,0.7938711306869932,0.00404871769477011,0
2017-02-28,203.8112526359961,204.05237699644127,203.2515024721681,203.63902282714844,96961900,-0.0026991125114204095,-8.443962731485843e-05,0.03920024400676292,203.05858459472657,197.10141876220703,0.0028584766981427645,0.03316873164078382,0.002777932254692461,0.0028425712515702177,0.7156721884654449,1.3457422512733017,0.003932814610650278,1
2017-03-01,205.292486842837,206.954536968802,205.27525991699488,206.489501953125,149158200,0.013997705775656177,0.014813240562665309,0.05383914512262922,203.582177734375,197.3476950073242,0.014280838583735633,0.046323353031620274,0.004804834742575482,0.0038744202257669333,0.5383176278517645,1.9700021422512974,0.008132505700886994,0
2017-03-02,206.30001086819613,206.3086308998303,205.1374498030044,205.18911743164065,70246000,-0.006297581761708915,0.007740038193970733,0.046788964187344684,203.87066802978515,197.5755599975586,0.006467087269576677,0.038534915118935364,0.005440556444242587,0.004339005761743993,-0.5290503639759665,0.9332392999682282,0.00570781292636578,1
2017-03-03,205.1029468100965,205.4818601830229,204.72403343717016,205.3182373046875,81974300,0.0006292725202148297,0.00709621580064379,0.04675751241784809,204.18929290771484,197.79756652832032,0.005528910849810886,0.038022059160623733,0.005391493362654348,0.004339608497833526,0.16696039632149873,1.0802154624923193,0.0036909860312512215,0
2017-03-06,204.5259983221816,205.0599146181717,204.1040241635596,204.70684814453125,55391500,-0.002977763535194189,0.002530450673100537,0.03649621614664045,204.4149139404297,197.99236145019532,0.001428145326943353,0.03391285726962234,0.005580691966331638,0.004350624175311494,-0.32428212256768285,0.7422307900054945,0.00466955777628507,0
2017-03-07,204.40543208279612,204.75851168969493,203.88872957805205,204.0954132080078,65103700,-0.0029868807129097563,0.0022411734967260344,0.035251227037217614,204.45883331298828,198.18577728271484,-0.0017774732404157723,0.029818668152270078,0.005434888729437155,0.004410555720736733,0.17533737125732296,0.8681177988904059,0.0042616445806962925,0
2017-03-08,204.38819704453468,204.6465482866462,203.57870261805397,203.71649169921875,78168800,-0.0018565900273460612,-0.013429303803230375,0.03328368437814788,204.48294525146486,198.37833221435548,-0.003748251724873919,0.026908984591599294,0.005465545187374717,0.004469173121362801,0.2006813744840923,1.0284561218320167,0.005241822395846495,1
2017-03-09,203.83706442731705,204.30209931528373,203.01035617805067,203.974853515625,90683900,0.0012682420271978856,-0.005917779320924188,0.03324036431980959,204.5191162109375,198.57037078857422,-0.0026611825114243315,0.0272169644725353,0.005475286563327507,0.004469349905997276,0.16010351956279223,1.1631830183609035,0.006332854834648059,1
2017-03-10,204.93074530765568,204.9738060405708,203.74233740870923,204.6896209716797,81991700,0.0035041939912456854,-0.003061668272920981,0.030745866117531273,204.6009262084961,198.76706024169923,0.0004335012789393744,0.029796490036018364,0.005569010152832952,0.004378820153320585,-0.09585163408278652,1.04098367680279,0.006016272960083026,1
2017-03-13,204.62936108568235,204.8360447475476,204.30212837976143,204.79298400878903,57256800,0.0005049744907370535,0.0004207766620341058,0.02721257699513835,204.6612091064453,198.99802459716796,0.0006438684835248232,0.02912068812417523,0.005554799154167165,0.004346129009295956,-0.30167565741410407,0.7310089201861151,0.0026071028281088385,0
2017-03-14,204.25043221184765,204.3021129786375,203.39789009404345,204.00930786132807,59880800,-0.0038266747821171787,-0.0004218877108814745,0.017742812233264793,204.69823760986327,199.21417663574218,-0.0033655871031398332,0.024070230876960474,0.005633523368457616,0.004381087943922695,0.04582861773623392,0.7622237874671488,0.004432262890714178,1
2017-03-15,204.57767388337365,206.196662895698,204.3451564285568,205.77468872070312,96081800,0.008653432913830805,0.010103242031691995,0.02246478485602843,204.6267562866211,199.47975982666014,0.005609884332399506,0.031556729863285504,0.004266315817940488,0.004669267007453483,0.6045510414022526,1.2038923536412645,0.00899773669274867,0
2017-03-16,205.9124704103293,205.98997184571735,205.0427014191847,205.36993408203125,78344000,-0.0019669797154753255,0.006839473309387056,0.01515400760389296,204.64483795166012,199.70779479980467,0.0035431928683311575,0.028352119595044023,0.003787101793458939,0.00461346069190649,-0.1846114456640071,0.9868592804092297,0.004612507817986006,0
2017-03-17,205.63198195982773,205.82226287274787,205.00924682617188,205.00924682617188,89002100,-0.0017562807207958109,0.0015615147117615802,0.01423455199630519,204.61393890380856,199.90553771972657,0.00193196966189646,0.02553060392754536,0.0038246232862134528,0.004634510209443193,0.1360423261513326,1.118100118855007,0.003965753053399367,0
2017-03-20,205.00923422284296,205.2946555746764,204.3951566577249,204.78436279296875,52537000,-0.0010969458045656522,-4.209722252945802e-05,0.011527377738819622,204.6216903686523,200.1018829345703,0.00079499110785064,0.023400478744767916,0.003714445593272488,0.004646957346367125,-0.40971055739134243,0.6703898353195542,0.004392419932281983,0
2017-03-21,205.38980684946205,205.51089350230717,202.0253135695641,202.1550445556641,131809300,-0.012839448293045841,-0.009089111301354813,-0.007371122426670373,204.42765350341796,200.23169006347655,-0.011116935056518007,0.009605644798672097,0.005490037610094807,0.005350601120138251,1.5088851666444603,1.637158999214952,0.017242112065045688,1
2017-03-22,202.18966922638143,202.9161892187049,201.566934033688,202.6307678222656,97569200,0.0023532594383046668,-0.015278462662163261,-0.00415089296842408,204.31908111572264,200.38393005371094,-0.008263121017565767,0.011212664448453591,0.0055728301347904964,0.005382639046181834,-0.25976998588111766,1.185765904168499,0.006658688606462591,0
2017-03-23,202.63076264780625,203.54756354767736,202.0426312016461,202.4145355224609,100410300,-0.001067124712246792,-0.014390609671179333,-0.0058866946178247614,204.16304931640622,200.5318453979492,-0.008564300933982971,0.009388484511153594,0.005538381468399131,0.00538190904945964,0.02911882028345003,1.201462211398206,0.007434902548608092,0
2017-03-24,202.71724265249745,203.2880721879376,201.4890742619211,202.2674865722656,112504900,-0.0007264742614246922,-0.013373837016390944,-0.007867869018639784,203.92083587646482,200.66579803466797,-0.008107799760103118,0.007981871117473283,0.005334830480466069,0.005370137974014762,0.12045178632072595,1.3223490289914455,0.00889415277019197,0
2017-03-27,200.59822377562864,202.3193964563457,200.321459915953,202.05992126464844,87454500,-0.0010261921534433505,-0.013303952954038079,-0.01043259781228334,203.64752960205078,200.80541595458985,-0.007795863473054165,0.0062473679013830274,0.00530307600874342,0.0053519821513822565,-0.22266052411939397,1.0095578681520623,0.009887841823791887,1
2017-03-28,201.75725376032585,203.9541160254856,201.64481140746744,203.5303192138672,93483900,0.00727703910808164,0.006803068710087956,-0.0005338054159369499,203.5996307373047,200.9654849243164,-0.00034043049678678106,0.012762561145843954,0.005855868446387876,0.005596582920620607,0.06894327907654829,1.08133083508675,0.011346243778017028,1
2017-03-29,203.24481573132235,203.9540337080173,203.0199311163708,203.7205047607422,61950400,0.0009344334918237607,0.00537794408118919,-0.013409869103231165,203.3942123413086,201.14313690185546,0.0016042365005257686,0.01281360079486249,0.005002932290967459,0.004537612708307068,-0.3373147675696029,0.754643754717635,0.004585216361718502,1
2017-03-30,203.65999883500945,204.5681553695538,203.4870197802048,204.3692169189453,56737900,0.0031843243220166517,0.009656823268344272,-0.003995828448204564,203.294140625,201.3251513671875,0.005288279783372651,0.015120145352360392,0.005154243594609956,0.004411735127801497,-0.08413989255920862,0.696881627928571,0.005290109761382465,0
2017-03-31,204.03193003110584,204.55952479613487,203.84164908650797,203.8935546875,73733100,-0.002327465156525821,0.0080391967230653,-0.006938899514675412,203.1825714111328,201.5121206665039,0.0034992335781032224,0.011817820253786637,0.005173133942985463,0.004432296475008155,0.29953875628107496,0.9102314702910125,0.0035208357161027304,0
2017-04-03,203.94541794497783,204.14434319591692,202.3107414799695,203.53890991210935,85546500,-0.0017393623645152179,0.007319554705377707,-0.005705418470403512,203.0580261230469,201.67770141601562,0.0023682087245890937,0.00922862806857605,0.005184884529454184,0.004402035531510322,0.16021840937109655,1.036769809385314,0.009008605365623683,1
2017-04-04,203.25348777187656,203.75513626156143,202.872925938498,203.66864013671875,56466200,0.0006373730932598409,0.000679608440579349,-0.0020910468519648173,203.20938568115236,201.85603759765624,0.0022600061214053113,0.008979679580728872,0.002895394994759538,0.004358989633380712,-0.33993559058523726,0.6879355433993551,0.004331596275554292,0
2017-04-05,204.34329340648705,205.32064431094847,202.8556496145903,203.063232421875,108800600,-0.002972513168631896,-0.003226343561435363,-0.0032067078708004626,203.25263214111328,201.99729278564453,-0.0009318438695877784,0.005276999614849398,0.0030532293675457622,0.004389750451786678,0.9268270221831822,1.3012519876723798,0.012139049826789912,1
2017-04-06,203.2016094614245,204.15300091336343,202.76049767058808,203.63406372070312,69135800,0.002811101212267575,-0.003597181656441739,-0.0016707441581556015,203.3745849609375,202.11603454589843,0.0012758662043019786,0.00751068156574175,0.003117568053595314,0.004429389347359964,-0.3645641660064375,0.8376559523226798,0.006838262800104276,0
2017-04-07,203.38323508840375,204.1184126162161,202.94213649019045,203.42648315429688,74412300,-0.0010193803660027978,-0.0022907616374582274,-0.006170991041883789,203.49048461914063,202.23475799560546,-0.0003145182191862661,0.005892781095113708,0.00313280875431964,0.004351860066465106,0.07632080629717164,0.9057453837443387,0.005782315595228808,1
2017-04-10,203.56486351066155,204.3432758756478,203.0199669366974,203.5475616455078,67615300,0.0005951953223273243,4.2506533036945626e-05,-0.006081372217457304,203.63924865722657,202.3621044921875,-0.00045024233944745973,0.005858098561957181,0.0030822265298115796,0.0043527855497232345,-0.09134242591614561,0.8178564924955967,0.006501227173897828,0
2017-04-11,203.1670161256462,203.40918946743707,201.81776087925203,203.30540466308597,88045300,-0.0011896825511650277,-0.0017834629493718168,-0.0034503484454766475,203.61675720214845,202.50906372070312,-0.0015291105866761523,0.00393237185413664,0.002089410757005393,0.00427952942003159,0.3021505487663294,1.0471358799419899,0.007827773151541768,0
2017-04-12,203.0286263653224,203.2189072914228,202.1896640631861,202.4145355224609,81864400,-0.004381925517924046,-0.0031945561571008474,-0.016329283349338142,203.4861602783203,202.63854949951173,-0.0052663274710853525,-0.0011054854942660342,0.0024412607387568155,0.0038355580781163057,-0.07020136225329465,0.9819272014359883,0.005084828644247729,0
2017-04-13,202.07723492675308,202.8124124799033,201.09988403320312,201.09988403320312,92880400,-0.006494847249306823,-0.012444772948084881,-0.020791992108847523,203.1592269897461,202.74019409179687,-0.010136595748353128,-0.008090699853286365,0.002664966312101161,0.004035496568036846,0.1345639862992949,1.1044309392961567,0.00851581021507407,1
2017-04-17,201.6188802438639,202.88165283203125,201.4199549256627,202.88165283203125,68405400,0.00886011847989887,-0.0026782664371794995,-0.010378039171787257,203.05803680419922,202.8748892211914,-0.0008686382225691069,3.3338827026829776e-05,0.00422255125627882,0.004595942115653584,-0.2635109237255654,0.8234854436060229,0.007204682562295161,0
2017-04-18,202.1464378130178,202.81242112623795,201.59289684029733,202.2761688232422,83225800,-0.0029844197360239244,-0.0062461707327147176,-0.012247976044256204,202.9317626953125,202.97043487548828,-0.0032306124155371263,-0.003420527983161614,0.004281447988943696,0.004627866007616864,0.21665541024538992,0.9837265591502387,0.006029006249402994,0
2017-04-19,202.8383845615621,203.2102889541078,201.6793969161052,201.9042816162109,68699900,-0.001838512214240362,-0.006891715688507993,-0.001240448587391696,202.7553268432617,203.06560485839844,-0.004197400089560599,-0.005718955915736457,0.004272628276719966,0.0036471482817114153,-0.17453602128186207,0.8434909994652358,0.007582266338029405,1
2017-04-20,202.51831842688944,203.98867342346213,202.19830650755495,203.5475616455078,92572200,0.008138906298285065,0.005597553160509916,0.004524455160957341,202.803759765625,203.193466796875,0.0036675941350516883,0.0017426487879494967,0.005038765787405482,0.004054935478052943,0.34748667756430507,1.1400902653667295,0.00879581608069191,0
2017-04-21,203.46973807880664,203.52163048064483,202.5010447179408,202.89889526367188,110389800,-0.003186804973697721,0.008945859114328103,0.0023929098765598233,202.73024291992186,203.30318908691407,0.0008319052023069151,-0.001988625092690266,0.005056933776136518,0.004117931695975204,0.192472470136823,1.3512226941194228,0.005030021289064956,1
2017-04-24,205.13893913150545,205.3378775376991,202.87288366533352,205.1302947998047,119209900,0.010997593324660881,0.011083515618019568,0.014153575920944128,202.90062408447267,203.43411529541015,0.010988979089604722,0.008337733825673599,0.006182731346038737,0.004772430516311902,0.07989959217246523,1.4532213730631216,0.012016722711636814,1
2017-04-25,205.7704335650213,206.66993281304875,205.68393741537315,206.323974609375,76698300,0.005819129791312827,0.02001128363109328,0.02110291500679007,203.1782653808594,203.57324127197265,0.015482508538100515,0.013512253969210963,0.006376323893854542,0.004885210572172272,-0.35661132171069687,0.9411565339982848,0.004778869734078847,0
2017-04-26,206.28932381353596,207.17153418835883,206.1509484821072,206.19418334960935,84702500,-0.0006290653328648865,0.021247205354232523,0.01308829144488799,203.4671432495117,203.68807067871094,0.0134028524534473,0.01230367916269115,0.0063537039132387195,0.004670474988039166,0.10435954903824474,1.0450054654516832,0.004949633833856501,1
2017-04-27,206.51420510170556,206.66988229606815,205.83091999989716,206.3671722412109,57410300,0.0008389610647174806,0.013852342778802873,0.012991659742729755,203.8624069213867,203.79034271240235,0.0122865483521446,0.012644512465662228,0.006029288546320746,0.004670229278579433,-0.322212449455447,0.7102809380880378,0.004065386403562165,0
2017-04-28,206.62663754839,206.65258374786688,205.7876752387527,205.91741943359372,63532800,-0.0021793815495591007,0.014876986717937468,0.007575517183991742,204.34416046142576,203.86260681152345,0.0076990649921946375,0.01007939932785229,0.005487629822317574,0.004671400117715816,0.10664462648688477,0.7827384758450875,0.004200268784900429,1
2017-05-01,206.43634033203125,206.86015021914145,206.02118797570128,206.43634033203125,66882500,0.002520043713955422,0.006366907108972697,0.012471142839353133,204.69962921142576,203.94869384765624,0.008484192801403223,0.012197413170163207,0.00500090065182866,0.004648808331953307,0.05272394731540242,0.827499625424421,0.0040640240090033634,1
2017-05-02,206.57474266484968,206.69582932677105,206.1076978824263,206.5142059326172,57375700,0.0003771894059965142,0.0009220029984511324,0.014617824286238923,205.1234329223633,204.02996520996095,0.006780176162419549,0.012175862109762958,0.0047542178879570185,0.004616004594648578,-0.1421418158711173,0.722467826806774,0.0028478982435554724,0
2017-05-03,206.51419754423213,206.6093380031241,205.58873915342295,206.26336669921875,73137700,-0.001214634277897031,0.00033552522425961406,0.012739941508708608,205.55934143066406,204.08210815429686,0.0034249247134903182,0.010688141967216236,0.004700791893190369,0.00463661656151408,0.2747156025983126,0.9113749690108436,0.004948037385569399,1
2017-05-04,206.56607360408137,206.64391219225823,205.6579171496534,206.50552368164065,61462700,0.0011740183741644206,0.000670413995245589,0.016951819483569164,205.85513763427736,204.14271118164064,0.0031594355858086676,0.011574317232897258,0.0042043154312104165,0.004558470866582814,-0.15963039581501748,0.7891675905958878,0.004774666677317973,1
2017-05-05,206.87747439671105,207.33587486401797,206.4363625979184,207.31857299804688,62001300,0.003937179509346578,0.0068044440742665024,0.01809377669935075,206.29710540771484,204.2168197631836,0.004951439276441816,0.01518852971297946,0.003925318219645976,0.004590799157014511,0.00876303839564474,0.799746150415553,0.004338792482948702,0
2017-05-08,207.3618351880175,207.50886806514407,206.8601866203432,207.28399658203125,48385700,-0.00016677915304752489,0.004106138718777075,0.018962690441875818,206.5124755859375,204.28506927490236,0.0037359534522296567,0.014680110092105236,0.0024406569272202284,0.004575903949629288,-0.21960184705804553,0.634775554626871,0.003129433316113047,0
2017-05-09,207.5434297786772,207.7423550195188,206.7477024204008,207.0936737060547,51363200,-0.0009181744809770853,0.002805946306795759,0.01742154036078647,206.58944549560547,204.3431396484375,0.002440725900781482,0.01346036897714975,0.0018309012173709084,0.004594547966906707,0.061536776361611034,0.6810985318175592,0.00480291155841779,1
2017-05-10,207.05046951495123,207.4656219482422,206.8428866995768,207.4656219482422,54293800,0.0017960386501976178,0.0058287386086188775,0.020462895671910175,206.71658935546876,204.41967163085937,0.0036234759634379277,0.01490047554172369,0.001843850020210824,0.00457242027929632,0.05705641393059624,0.736439605090369,0.00300163103080633,0
2017-05-11,207.0158781386859,207.20615908597676,205.9606885936942,207.0418243408203,62358300,-0.0020427365432504896,0.0025970281550746765,0.022860457162405368,206.7840545654297,204.43071807861327,0.0012465650503483694,0.012772572961383233,0.0020218079788921527,0.004455300589040334,0.1485344551311567,0.8571657144710865,0.006015550221545366,0
2017-05-12,206.7909564966798,207.0850221999492,206.4276965342667,206.69581604003903,53912700,-0.0016712000190439724,-0.0030038647719888845,0.027826629705624217,206.8618942260742,204.46085205078126,-0.0008028457181856741,0.010931011813952063,0.001957126586458933,0.004139610289963773,-0.13543666200008664,0.7614677894846862,0.003180159513026574,1
2017-05-15,207.11958791916643,207.95855001082305,207.1022860581917,207.83746337890625,61918900,0.00552332098800723,0.0026700893749700416,0.024427100616032593,207.00200653076172,204.51123657226563,0.004035984298637052,0.01626427409266218,0.0024821705410952677,0.00388152496793543,0.14850304288228933,0.8785726346437901,0.004119872994553884,0
2017-05-16,208.13156340453983,208.1575096015608,207.25801064410544,207.647216796875,51241800,-0.0009153623169678715,0.002672911639039155,0.026553043815686905,207.1153076171875,204.5700439453125,0.0025681789811047295,0.015042147873738143,0.0025327951066646485,0.0037902206771780285,-0.172436848845829,0.7439555733004247,0.004331861372046579,0
2017-05-17,207.6471970595044,207.6471970595044,203.90214234181187,203.9626922607422,172174100,-0.017744155654814797,-0.016884386215919145,0.010194982632631744,206.88524017333984,204.56738952636718,-0.014126420570887421,-0.0029559807505245006,0.006341929885375521,0.005683318100504843,2.3600322393046302,2.3250680171195044,0.018361469326483148,1
2017-05-18,203.88485067856263,205.631969318215,203.62537552258183,204.78436279296875,107047700,0.004028533469131457,-0.010903408309112739,0.006076226791726036,206.71312408447267,204.58874694824217,-0.00933061845998584,0.0009561417607004685,0.006517603874571798,0.0054634745806759685,-0.3782589832036294,1.4315977462248906,0.009798569423300036,1
2017-05-19,205.26871121619024,206.7823009092626,205.2168188240205,206.11631774902344,115011400,0.006504182926316826,-0.002803628550000936,0.01585726960795153,206.5928985595703,204.63157623291016,-0.0023068595961900362,0.007255681373549816,0.006771284966238816,0.0055651488706792976,0.07439393840316044,1.5333613355133349,0.007595139008587916,1
2017-05-22,206.6266505483716,207.3272375706952,206.5574694770516,207.16290283203125,61010600,0.005077643024276046,-0.003245615761029663,0.009908863214038055,206.5807891845703,204.68104187011718,0.002817849857959631,0.01212550483053021,0.007004263323629425,0.0051351335251419794,-0.4695256296332364,0.8462399491789431,0.003715762248551438,1
2017-05-23,207.5347502262916,207.78558103145653,207.15418845118185,207.62124633789065,48341700,0.0022124786802733,-0.00012507010392415197,0.006287547198388976,206.6335464477539,204.73760711669922,0.004779959048839544,0.014084560534830093,0.007030377450610526,0.005000277686373351,-0.2076508016639731,0.6839683540641275,0.0030410788462714743,1
2017-05-24,207.85480369589155,208.2094061280343,207.51747673301352,208.10562133789065,46927700,0.0023329741466424636,0.020312190583620104,0.009270086853228054,206.69754638671876,204.81953338623046,0.00681224802029079,0.016043821101103584,0.0070453035589854215,0.0050143656685607396,-0.029250109119042134,0.6821924790008014,0.0033248952650698155,1
2017-05-25,208.61597976846696,209.37710366213088,208.40841012289292,209.10032653808597,64071700,0.00477980937660627,0.02107565092497099,0.013244133101171895,206.9033966064453,204.88604614257812,0.01061814338321132,0.02056889902875647,0.007119887506967089,0.005106072583513277,0.3653279406406025,0.9269283852169913,0.00463267348873088,0
2017-05-26,208.90994555198347,209.22131306874135,208.83210697215733,209.05699157714844,46629900,-0.00020724482670586575,0.01426705978565801,0.015246753539309932,207.13951416015624,204.95978729248046,0.009256936923727865,0.0199902836492567,0.007073467278313708,0.005067032337132562,-0.27222315000226305,0.6829472481070069,0.001861722459736008,0
2017-05-30,208.7369929564361,209.1261991022924,208.5813157770756,208.87538146972656,35201900,-0.0008687109962302042,0.008266338298434706,0.011814979541743265,207.2433059692383,205.03710998535155,0.007875166306845705,0.018719886778784778,0.006922481472484948,0.00506205874845456,-0.24507880136993643,0.5278166475930723,0.0026086526874675004,0
2017-05-31,209.16945969341108,209.20406342253423,208.13157217646423,208.8235015869141,91796000,-0.0002483772019824526,0.005790617628153694,0.011182260531996446,207.36093444824218,205.11789276123048,0.00705324338243174,0.018065751240907924,0.006910317403398298,0.005065437670828581,1.607700152548584,1.3417635224376607,0.005135874257063069,1
2017-06-01,209.28189341336648,210.50141746443623,208.9964720483849,210.48411560058597,68962000,0.007952237181410915,0.011429264848321852,0.02046291093232311,208.01307678222656,205.28447418212892,0.011879247480899524,0.025328956021505533,0.0030179482500784735,0.0053046853376302935,-0.24874722210118083,1.0110891831476436,0.007149923934911591,1
2017-06-02,210.5360110522851,211.34038276481596,210.2419453498353,211.1846923828125,88666100,0.003328406897725067,0.00996825724395456,0.022658806494616934,208.65310974121093,205.45555267333984,0.012132973454081153,0.027885056572706013,0.003003553270189811,0.00532964778953527,0.28572402192511825,1.2745640549795823,0.005201311717184142,0
2017-06-05,211.01173560965785,211.29715700891515,210.83009901105527,211.02903747558597,44698800,-0.0007370558228926294,0.009433054037371269,0.017897405060635974,209.14438171386723,205.62784271240236,0.009011266505342563,0.026266845442413533,0.002960576906289903,0.005302695840564394,-0.4958749736370496,0.6506309251579678,0.002213240431018487,0
2017-06-06,210.46687556555,211.02041659427644,210.2765945996635,210.3544464111328,50375400,-0.00319667412846536,0.007081087924287521,0.014812768374457885,209.46353607177738,205.78958190917967,0.004253295614422115,0.022182194354074314,0.003258602707093015,0.0053775536610145905,0.12699669789793022,0.7321986125473354,0.003536041226146278,1
2017-06-07,210.69172942442876,210.96849329954463,210.02574614132465,210.74362182617188,54144300,0.0018500936000107604,0.00919494321599923,0.01762462394335551,209.77577362060552,205.96325592041015,0.0046137272615511815,0.023209799652851526,0.0032522375619333313,0.00536799341424489,0.07481627937445667,0.7853915999073967,0.004473431509104438,1
2017-06-08,210.8387677746789,211.3231144668124,210.31981734884585,210.847412109375,65950700,0.0004924954895608735,0.0017260043958775562,0.016300484530282766,210.0499526977539,206.1095977783203,0.0037965226908125427,0.022986869035329427,0.003251846875396278,0.005364296614176785,0.21805434736435791,0.9486294894636719,0.00475840375714976,0
2017-06-09,211.11552099498172,211.91123526293748,209.2646172592581,210.5273895263672,132256400,-0.0015177923210260014,-0.003112455022326266,0.016835077630542594,210.19265899658203,206.2457354736328,0.0015924939119333903,0.020759964044356094,0.00311302066913139,0.00535080643186403,1.005382808673752,1.8113099430694144,0.012571371400336996,0
2017-06-12,210.2851903574007,210.53600799468165,209.63650903629403,210.48411560058597,86108100,-0.00020555009910383504,-0.002582212768055925,0.01832789667988788,210.3353713989258,206.36803344726562,0.0007071763568384792,0.019945347564559457,0.0031129667597849173,0.005324448900398598,-0.34893056215048945,1.153850173851846,0.004273476674574871,1
2017-06-13,211.02039298829783,211.565289620332,210.6744348330919,211.51339721679688,60067000,0.00489006789549884,0.00550951418159662,0.01768657959026898,210.59917297363282,206.52043029785156,0.0043410628363602655,0.02417662461648118,0.003319443582569402,0.00529746117240771,-0.30242334925518044,0.8058988787222612,0.0042118125800182475,0
2017-06-14,211.78147826011883,211.79012259331708,210.423565693046,211.2452392578125,78602300,-0.001267806023225626,0.00238022592235021,0.01732757373992233,210.84134674072266,206.67455688476562,0.0019156229237451416,0.022115360700133646,0.0033859288908228077,0.005304365964547696,0.30857708891737556,1.035573545374646,0.006469054190628596,0
2017-06-15,209.89598483832128,210.95983177720848,209.61922098575457,210.8387451171875,66464900,-0.00192427598393774,-4.110551844482835e-05,0.03371230679606385,210.8768096923828,206.817958984375,-0.0001805062171171823,0.019441184665768274,0.0025117829554580527,0.0031061021182639706,-0.15441532881353348,0.9412061419439841,0.00635846504734592,1
2017-06-16,210.9978020676305,211.04994752534736,210.0069985855648,210.8848114013672,84553100,0.00021849060121326147,0.001697745247324356,0.029789621264030952,210.8468215942383,206.97439056396485,0.00018017728150532264,0.018893259338738533,0.0022570518952299114,0.003070063049230468,0.2721466518417992,1.2167314223219938,0.004945585852541937,1
2017-06-19,211.7104703959348,212.7012738388593,211.61486597329232,212.64044189453125,65123800,0.008325068465090402,0.010244603436190491,0.031652632924734636,211.00796203613282,207.1545181274414,0.0077365794287842515,0.02648227910585521,0.003479042581942492,0.0032489004853179823,-0.22978814496452526,0.9720315438070786,0.0051091309625185145,0
2017-06-20,212.28412717005747,212.292813659966,211.18903265983133,211.20640563964844,56906400,-0.006743948809108002,-0.0014514048811469227,0.01951846953455605,211.09315795898436,207.31011657714845,0.0005364820051916297,0.01879449554527657,0.004060306308386814,0.0036291798325828414,-0.12618121178432462,0.8519890209082139,0.005226077290562319,0
2017-06-21,211.59754462107009,211.71052204861903,210.6849591389802,211.1542816162109,55977600,-0.00024679186826581656,-0.0004305784211807717,0.0170167328278652,211.13422393798828,207.4622509765625,9.499965400450172e-05,0.01779615627551201,0.004031813246155097,0.0036266434790081007,-0.016321538526422374,0.8333198733055345,0.004856936367991227,0
2017-06-22,211.1629284400103,211.65832352725792,210.8848016626108,211.05862426757807,44148100,-0.0004530211175480803,0.0010428782919778001,0.014189923898753287,211.15534515380858,207.61731536865236,-0.0004580555901156913,0.016575249963208583,0.004035328972828069,0.00362019472841616,-0.21132560166923908,0.6585806193683992,0.003664962127614576,1
2017-06-23,211.1194753547663,211.6409431841956,210.73705765609583,211.3106842041016,66986800,0.0011942650408067745,0.002019456972289335,0.01057079968554242,211.23367462158203,207.79523834228516,0.0003645705764363516,0.016917836471429082,0.004004985507416158,0.003494700564371762,0.5173201111712622,0.9971095985798362,0.004277519291105647,1
2017-06-26,211.97992043403343,212.3971106482016,211.2411709623493,211.4497528076172,56700500,0.0006581238617413554,-0.005599542007651781,0.011445497289602757,211.33023834228516,208.00223571777343,0.0005655341434784855,0.016574423240918845,0.004000297255232853,0.0034904246444889785,-0.15355711871592614,0.8377175220741053,0.005466734628458085,0
2017-06-27,211.2324448471982,211.52795786080532,209.7288600990162,209.74624633789065,82247700,-0.008056318094996406,-0.006913423375278893,0.004169303543751113,211.15352325439454,208.13952758789063,-0.006664709614191078,0.0077194311365080814,0.004475769255592473,0.003982262929122011,0.45056392800768963,1.174349770406415,0.008577496823904334,1
2017-06-28,210.76312587024884,211.82346100773717,210.52845805803364,211.62356567382807,70042600,0.00895043114580063,0.002222470006410404,0.013408759385966862,211.19135589599608,208.32647552490235,0.0020465315732185463,0.015826553685115208,0.005429433965458109,0.0044317121121024775,-0.14839442318751772,1.0158590833560917,0.0061193702392270295,0
2017-06-29,211.77129021282053,211.82343566222565,208.5555259686431,209.76361083984372,106949700,-0.008788977862943081,-0.006135799625475391,-0.003423083773739344,211.0838424682617,208.483662109375,-0.006254536647524289,0.006139323904418292,0.006117175116034913,0.004564013367221252,0.5269236150571224,1.5095545757028217,0.015579011442921885,1
2017-06-30,210.57191628538865,210.9456474858864,209.96353053531456,210.1547393798828,86820700,0.001864615785708068,-0.005470356733605852,-0.0048770248984840725,211.01083526611328,208.6158056640625,-0.004057118134008664,0.007376879766715749,0.006160481738309154,0.004516592745372484,-0.1882099716034734,1.2270393941905764,0.0046733038401600945,1
2017-07-03,211.0934367883252,211.52800001408383,210.51112365722656,210.51112365722656,39153800,0.0016958184164457268,-0.00443901748726383,-0.002454230112381217,210.79790344238282,208.7680502319336,-0.001360448944097925,0.008349330385355902,0.005440255522349158,0.004535075714301639,-0.5490269025704699,0.5555385686189197,0.004830511277461224,1
2017-07-05,210.8761255787128,211.20638456590143,210.06783119610185,210.997802734375,54427600,0.0023118924486902337,0.005967002596404702,0.0030584393827586265,210.77704315185548,208.885400390625,0.0010473606575858163,0.01011273329682072,0.005120849501754178,0.0045051204415990686,0.3900975128850839,0.7700391070632875,0.005396043726734468,0
2017-07-06,210.2329702310745,210.3546473884212,208.88582174928317,209.0683441162109,65400800,-0.009144448867048571,-0.012074371535519268,-0.007949363759833239,210.56844940185547,208.9402877807617,-0.0071240743326257405,0.0006128848428865741,0.005869913687561255,0.004938303516790246,0.2016109473869876,0.9179777282238064,0.007025576470446351,1
2017-07-07,209.6420010786373,210.571959502796,209.07706091762392,210.42420959472656,57972300,0.006485273914839995,0.0031492533535151246,-0.002007150623356546,210.5050079345703,209.02488830566406,-0.000383830962676468,0.00669451997035031,0.006330671905111862,0.00517083699445628,-0.1135842375016819,0.8182918014140911,0.007104213854723417,1
2017-07-10,210.4241936529685,211.02389299205183,210.11999410763696,210.6501617431641,36663300,0.001073793499677178,0.0023574170382412163,0.0005831650554974921,210.43895568847657,209.11054809570314,0.0010036452328729961,0.007362678073782769,0.006327662395079925,0.005165583807890825,-0.3675720990887027,0.554950813850816,0.004290995444460914,0
2017-07-11,210.65014975664388,210.8065993961972,209.3290872496961,210.49371337890625,50354600,-0.0007426928275924283,-8.270479021654786e-05,4.55985872991338e-05,210.34335174560547,209.20207397460936,0.0007148390098994373,0.00617412332371825,0.006319718829277319,0.005168333356458736,0.37343337888297023,0.7833855905689925,0.007019269710166913,1
2017-07-12,211.45841303681908,212.24062133400895,211.45841303681908,212.0754852294922,59610400,0.007514580009041039,0.005107553164778178,0.0026574582040266304,210.57627563476564,209.3148568725586,0.00711955603833947,0.013188879175520585,0.00614923272558888,0.005329435882553941,0.18381240244188213,0.927711077754615,0.003688348496967582,1
2017-07-13,212.08416332216507,212.54479911308752,211.85818203934943,212.4318084716797,39471600,0.0016801717643220027,0.016087870067977406,0.005617022272483174,210.65709991455077,209.43320892333983,0.008424632057731696,0.014317688984259558,0.005518247887749769,0.0053290364303300065,-0.3378403768469932,0.6335850850453576,0.0032321763801659085,1
2017-07-14,212.4318497416446,213.77899816590127,212.3362453176828,213.4226531982422,60262700,0.004664295491767723,0.014249518196079114,0.012255375925418699,211.02300415039062,209.5763946533203,0.011371504531048293,0.018352537036837147,0.00459277022740649,0.005388034819511648,0.5267356783104815,0.9721561371543412,0.006760073621980249,0
2017-07-17,213.3444762376492,213.72689400739,213.22279906198776,213.3966217041016,33531900,-0.00012197156089333028,0.013038014963815403,0.011910816554511428,211.3471923828125,209.71421661376954,0.00969697916581258,0.017559158123809704,0.004629613762743897,0.0053899177090700415,-0.44357123062856463,0.5641525669464192,0.0023622442631787686,1
2017-07-18,212.98808618280643,213.5617127161728,212.64912746069257,213.5095672607422,42742500,0.0005292752797052547,0.014327524719976559,0.004087300414104655,211.64703674316405,209.83803649902345,0.008800172902200032,0.017496974442647417,0.004639983408055555,0.005074997113142942,0.2746817209880741,0.7329139358331427,0.004274212472950948,1
2017-07-19,213.82247370216416,214.6742138332142,213.813773950884,214.66552734375,51034300,0.0054140903278405705,0.012212831254188039,0.016377920421615233,212.01380920410156,209.9856671142578,0.01250728973552695,0.0222865698111947,0.004806578935333825,0.004923303182681551,0.193994268000234,0.8795229985019382,0.004008281594987242,1
2017-07-20,214.917514222853,215.03919135389677,214.21352416025636,214.76107788085935,47135200,0.00044511356011223135,0.010964786422228201,0.0170813314181526,212.5830825805664,210.1390151977539,0.010245383940500119,0.021995261940081834,0.0030190082701557833,0.004917809883784994,-0.07640155738395549,0.8185630948656506,0.003844584883758404,0
2017-07-21,214.187452363949,214.59594271889569,213.9614710754518,214.5698699951172,82340800,-0.0008903283948324958,0.00537532815604802,0.016636352765607043,212.99764862060547,210.2811001586914,0.007381402492908196,0.020395412774563138,0.002888025965626943,0.004924916065151361,0.746906770311784,1.3840536847592024,0.002956946580889069,0
2017-07-24,214.4916599834833,214.6567960917812,214.04841037316837,214.5177459716797,46622300,-0.00024292331182695914,0.005253711415978524,0.015176997697288419,213.38440704345703,210.4306185913086,0.005311254669099874,0.019422683864789514,0.002961822132889439,0.004929909022992628,-0.4337885956901074,0.7973131427988022,0.002836062423913129,1
2017-07-25,215.2651525888903,215.36945674207504,214.81321655173468,215.0391845703125,54915600,0.002430748077604905,0.007164162848507516,0.016975341493830287,213.83895416259764,210.59748596191406,0.0056127772061691505,0.021090938422701377,0.0028228939444542925,0.0049438014018103275,0.17788268704032184,0.9405768808506018,0.002586692241471388,1
2017-07-26,215.32606993450491,215.36082915600545,214.78721579943908,215.0479431152344,47575400,4.072999504445285e-05,0.0017814493841483703,0.02527671827224487,214.13619995117188,210.74169555664062,0.004257772222867606,0.020433771054273464,0.002152208405284804,0.0044861067765846864,-0.13366329421876477,0.8397920581140044,0.0026673742992231082,0
2017-07-27,215.50853633663485,215.54329554910623,213.52691641862165,214.84799194335935,70766600,-0.0009297981137532663,0.0004047011840209169,0.015236612516495551,214.37781829833983,210.88571105957033,0.002193200997899769,0.018788759389533727,0.0022688656314548724,0.004123867095568347,0.48746200767623593,1.2483610835208154,0.009385143013187486,0
2017-07-28,214.370011700502,214.72635669145512,213.91807554115323,214.5959930419922,50088400,-0.0011729171824589324,0.00012174610944026831,0.023037276021330655,214.49515228271486,211.09837707519532,0.0004701307148631262,0.016568653986150705,0.001993891766138689,0.003499656442198896,-0.29220281884391786,0.9302410235095332,0.0037665248956616345,0
2017-07-31,214.9957873263703,215.09139175817583,214.2657243535732,214.4743194580078,65838700,-0.0005669890768210673,-0.00020243786114371165,0.020554283433583675,214.60292205810546,211.2921762084961,-0.0005992583831772036,0.015060393179781917,0.0020154110086780187,0.003515552115568079,0.3144500523075202,1.2470527757700287,0.003849726189546365,1
2017-08-01,215.0740392342521,215.10879845738904,214.43088088077167,214.95236206054688,55050400,0.0022289036922793493,-0.00040375204146680943,0.021097404859953928,214.74720153808593,211.46889709472657,0.0009553583049815018,0.016472705980302704,0.002087979749470002,0.0035229294472997837,-0.16385955372751893,1.0272461773377892,0.003153803801543814,1
2017-08-02,215.0827133563077,215.19570403318556,214.1266690023028,215.056640625,47211200,0.0004851240686702951,4.044451502127622e-05,0.019236398853568426,214.78631286621095,211.62677185058592,0.0012585893168968187,0.01620715916243176,0.0012645190210662737,0.003512164619853945,-0.14240041852556928,0.8869375881208617,0.004970946387779133,0
2017-08-03,214.9436210594324,214.9696937872359,214.36130803546263,214.63943481445312,40856000,-0.0019399810642182214,-0.0009707194701694677,0.026647222571129836,214.7741485595703,211.7671356201172,-0.0006272344507971539,0.013563479460233507,0.0014243687877732764,0.0026959997515344854,-0.13461212593621852,0.7856589171883271,0.0028344546858279237,1
2017-08-04,215.1261677878745,215.3608223646905,214.64814562096288,215.0305633544922,60191800,0.0018222585256859603,0.00202506256682522,0.021890797492538416,214.82021789550782,211.90563446044922,0.0009791697496865925,0.0147467947324742,0.001503846286182562,0.002412442237032214,0.47326708439396903,1.1550205576573376,0.0033143044068239366,1
2017-08-07,215.10005416294103,215.4303131103516,214.99574999792543,215.4303131103516,31995000,0.0018590369183955069,0.004457380514178322,0.022692369792792766,214.911474609375,212.03223419189453,0.0024141963658275145,0.016026237385121878,0.0015777323897589925,0.0024186138230708745,-0.46844919075355784,0.6167143763359012,0.002017186468106565,0
2017-08-08,215.1174585899336,216.33424343971365,214.52645903629823,214.90017700195312,61719400,-0.0024608241094042915,-0.00024277499485703125,0.020933944070409716,214.89757385253907,212.14909790039061,1.2113442545702569e-05,0.012967668157864098,0.0016439222935882665,0.00251696955017656,0.9290326613533364,1.1767729604993593,0.00841220527891413,0
2017-08-09,214.2135620334,214.9436249487381,213.8572170645511,214.8914794921875,62632600,-4.0472324811302585e-05,-0.0007679889927253436,0.013278263914605848,214.88192749023438,212.26941986083983,4.445232814442868e-05,0.012352507643666355,0.0016435510469601745,0.0020098737242487926,0.014795996072547668,1.1907537616598909,0.005055611729019222,0
2017-08-10,214.0571191568592,214.18749606416483,211.8060851326242,211.8582305908203,120479500,-0.0141152590532444,-0.012957564047058945,-0.002700056479234103,214.58295135498048,212.33011444091798,-0.012697750436159838,-0.0022224066112345175,0.0047541146869070645,0.0038497982531530105,0.9235909095263488,2.126752541482482,0.011240587278103264,1
2017-08-11,212.0842073860186,212.76212485168887,211.84953956734344,212.17111206054688,74869900,0.0014768435894796372,-0.013297883097814878,-0.005864143842934988,214.34046325683593,212.3638543701172,-0.010121053035560545,-0.0009076041219067132,0.004840622038149651,0.0037041855253794114,-0.37856730813125883,1.3048111380514509,0.004301175949367709,1
2017-08-14,213.4487314454998,214.491680385441,213.4139722276217,214.2743988037109,73291900,0.009913162648474971,-0.005365606585033267,0.004113359867647937,214.32047119140626,212.42564849853517,-0.00021496960807909637,0.008703046540015524,0.005976191132304674,0.004350977376195616,-0.02107656080748066,1.2345380393015584,0.005029570325881643,0
2017-08-15,214.65682724702344,214.67421348773985,213.94415051944327,214.2483367919922,55242700,-0.00012162914405189351,-0.0030332232344090215,0.0034601237814688712,214.25006866455078,212.4900344848633,-8.083416585979997e-06,0.008274751855500195,0.005921387562986056,0.0043509316616611214,-0.2462645940410878,0.9208208606737283,0.0034075548927382207,1
2017-08-16,214.76982020562247,215.16962417546023,214.196193612218,214.6220703125,56715500,0.0017443940340626796,-0.0012536987521521992,-0.00020244066100283398,214.20661163330078,212.57538696289063,0.0019395231362440146,0.009628035394176004,0.0059535301181528385,0.0041931812893877835,0.026660536143237046,0.9409153035211058,0.004535556673294925,0
2017-08-17,214.013680686834,214.3265667084069,211.2759246826172,211.2759246826172,128490400,-0.015590873878956968,-0.002748564011788579,-0.016228048548795115,213.8702606201172,212.58603302001953,-0.01213041930176606,-0.006162720658506093,0.007707088703217188,0.005448497517825951,1.265525297317312,1.9969071270122383,0.014439137021278846,0
2017-08-18,211.110771048936,212.2319513923749,210.50238529682156,210.94564819335935,136748000,-0.0015632471601011444,-0.0057758280818069885,-0.016890637077052406,213.4617691040039,212.5879977416992,-0.011787220358970396,-0.007725504571219344,0.007616252954471027,0.005451138755924312,0.06426627981545696,2.039034779135754,0.008199107733988253,1
2017-08-21,210.88479549613612,211.37150408053876,210.18080534642425,211.1107635498047,65469700,0.000782738861216048,-0.014764410828212449,-0.015882053983192534,213.02981414794922,212.59966522216797,-0.00900836629755386,-0.007003311462449258,0.0075648194413562445,0.005461837793308892,-0.5212383362096704,0.9626844476637003,0.005640161184077187,1
2017-08-22,211.6931125941719,213.47481101197403,211.67572635376837,213.31837463378903,63140100,0.010457122350673087,-0.004340580525047599,-0.00800230869532903,212.87163391113282,212.65635040283203,0.002098639045739148,0.0031131176177101594,0.008519614515796673,0.00598084399405465,-0.0355828726876708,0.9228491174776005,0.008433800704201914,0
2017-08-23,212.35363249443407,212.97940449734375,212.2058826134437,212.55352783203125,50203800,-0.0035854707925223606,-0.009638069735590782,-0.011599344997531569,212.6378387451172,212.67715301513672,-0.0003965000471388702,-0.0005812809761313043,0.008562503385168976,0.006022094065306237,-0.20488247563751083,0.7323667601846708,0.0036391862877539678,0
2017-08-24,212.93597944081628,213.0924158355496,211.8495713824448,212.05816650390625,50741700,-0.002330525083152013,0.003702465496076668,-0.012985112935980259,212.65783233642577,212.6934115600586,-0.002819862433144915,-0.0029866701158863806,0.007281177076290927,0.006034680983765601,0.010714328397452011,0.7511854201482527,0.0058608657878870245,1
2017-08-25,212.84902759401217,213.4661131080924,212.4057779510408,212.55352783203125,64445900,0.00233596911777445,0.007622246073538674,-0.009517722959353048,212.69607391357422,212.72770721435546,-0.0006701867078228174,-0.0008187902958437521,0.007304021310764727,0.006069155552924636,0.2700776678747461,0.9440311390427341,0.0049885559080888675,1
2017-08-28,213.08367786795816,213.10975059411496,212.14501994087084,212.5622100830078,40565600,4.0847362380302954e-05,0.006875284371091306,-0.008915330188863813,212.5248550415039,212.76125518798827,0.00017576787193473997,-0.0009355326692568333,0.006464899280066701,0.006070115980143683,-0.3705480100363251,0.6054291106577155,0.004538580271946646,1
2017-08-29,211.24987450159517,213.06634561376055,211.1368838184116,212.8056182861328,51135700,0.0011451151313770502,-0.002403713925424822,-0.00998706761737922,212.38058319091797,212.7645587158203,0.0020012898016799063,0.00019298124913436077,0.006491654707724448,0.006049933176129843,0.2605680675251938,0.7654206155852382,0.009066780336384911,1
2017-08-30,212.78823413348303,214.083237341294,212.6057117405338,213.8137969970703,62030800,0.004737556832648648,0.0059291848876532605,-0.005779145551226494,212.299755859375,212.81670654296875,0.007131619777736242,0.004685207615033882,0.006680895163686133,0.006159527679615043,0.21306249841109048,0.9183177074774643,0.0069103379740290925,1
2017-08-31,214.43085140317208,215.3434367114177,213.848538347503,215.1000823974609,103803900,0.006015913932851724,0.0143447241089798,0.0021461460863703152,212.6821716308594,212.89562255859374,0.011368657504579938,0.010354650848964475,0.004263154126721255,0.006301383935867086,0.673425137189912,1.468319959228069,0.006949780526594286,1
2017-09-01,215.47373700035348,215.8300818773744,215.25645547950828,215.4042053222656,62007000,0.0014138670771994821,0.013411574577520513,0.0017376226055709765,213.12802734375,212.9825341796875,0.01067986227285056,0.011370280440625269,0.00410284788313423,0.006296257989018388,-0.4026525014956085,0.8759726701951666,0.0026630232079634685,0
2017-09-05,214.9002184582473,215.126199840903,212.89253831989768,213.85726928710935,91398800,-0.0071815498348413165,0.0060926126219509324,-0.007301868527835542,213.40267791748047,213.03346588134767,0.0021302046162918753,0.003867014050367601,0.005050744385262484,0.006485440693321638,0.47400777331591604,1.2391941092222944,0.01044463687603987,1
2017-09-06,214.5351348168156,214.91755251446293,214.00496723813447,214.5872802734375,57916900,0.003413543008201847,0.008372250703029493,-0.001456009636105482,213.52956848144532,213.09621643066407,0.004953467566643388,0.00699713898138854,0.00401818025676325,0.006517578920728867,-0.3663275666638949,0.7872725255999604,0.004252746365793893,0
2017-09-07,214.89145995468655,214.90884619256107,214.15269735588024,214.56118774414065,58034700,-0.00012159401649336488,0.0034955216060288397,-0.0015370164923587115,213.73033447265624,213.19251525878906,0.0038873904985663454,0.00641988994637166,0.0037581170291676232,0.006517596219816063,0.002033948640207006,0.7913467520491978,0.0035241641073618895,0
2017-09-08,214.2744011039177,214.7698094812517,214.0658192707796,214.3091735839844,63832800,-0.00117455613853501,-0.0036769340330380373,0.011568788176550937,213.95543518066407,213.24622741699218,0.0016533274932775122,0.004984595412858894,0.0036626704558509297,0.005630436004012029,0.09990746915207627,0.9053746942207347,0.0032849280257068927,1
2017-09-11,215.57809645054567,216.67320415146065,215.56072347185696,216.5949859619141,71364800,0.010665956756320982,0.005528121597565772,0.020850500609643774,214.35958099365234,213.38285491943358,0.010428295100688434,0.015053369886222967,0.004765640858213023,0.006064754934572969,0.1179957639332756,1.014727416635249,0.0051362254516792456,1
2017-09-12,216.96002648847752,217.35981720404104,216.7775041101089,217.32505798339844,56896000,0.0033706783111440153,0.016215435219241847,0.014237161306807078,214.83586578369142,213.5262612915039,0.011586483432953765,0.017790770413520507,0.004737903493967149,0.005728650775219189,-0.2027442100307154,0.8185386575942997,0.0026794567517226292,1
2017-09-13,217.03820188154188,217.46407850587528,216.9252112285565,217.42930603027344,59228000,0.0004796871922747581,0.013244148270179279,0.014847112868696666,215.29823455810546,213.66462493896483,0.009898230129670837,0.01761958065067626,0.004759433912616392,0.005725563283716237,0.04098706411698538,0.849652420461463,0.00247835623981506,0
2017-09-14,217.1077309615932,217.5596803062893,216.93390837111423,217.3597717285156,95446300,-0.0003198018842416328,0.013043290884986014,0.012755917469388756,215.65283203125,213.79186431884764,0.00791522040859749,0.01668869590073263,0.004723905608863392,0.005725352235117476,0.6115063821165665,1.3322107620980628,0.0028789684963262735,1
2017-09-15,217.21571546411664,217.7397712738789,217.1109069676905,217.6524353027344,95432400,0.0013464477437175049,0.015600180164195399,0.030180961837919407,215.90806732177734,213.96354614257814,0.008079216319218707,0.017240736689314806,0.0044689812672799424,0.0042624648344507104,-0.0001456316274177638,1.3634730011489147,0.0028893051681856165,1
2017-09-18,218.01924704393736,218.46469641738005,217.7310103925462,218.1153259277344,46235200,0.0021267422271482594,0.007019275903679789,0.03398827041837382,216.1791793823242,214.11736846923827,0.008956211930039926,0.018671803633111272,0.004478637397485122,0.004202495214212805,-0.5155188384657621,0.7062420698951318,0.0033637527382047766,1
2017-09-19,218.3598507975261,218.4209979530107,218.0104803673011,218.33364868164065,47108100,0.0010009510013917478,0.0046409314581628,0.03421372274148382,216.62681732177734,214.2710382080078,0.007879132329807526,0.018960147426405838,0.0033768272277915944,0.00420032326982948,0.018879554971104273,0.7298102161284338,0.0018802305012919625,1
2017-09-20,218.4210659244812,218.525874420639,217.4166023016523,218.41232299804688,59574100,0.0003603398600320329,0.004521087730632534,0.0238795573658519,217.0093215942383,214.42941040039062,0.006465166535251088,0.018574469753095846,0.003380763451628395,0.0036638860892062204,0.26462540412370705,0.9254929984989154,0.005078798227866671,0
2017-09-21,218.25504699942343,218.3423829450328,217.65237166591905,217.8270568847656,48211400,-0.00267963870008614,0.0021498235507610985,0.024810357685061346,217.33590850830078,214.54444183349608,0.002259858390800895,0.015300396613476819,0.003627835000697734,0.00360694173074141,-0.19073221416689468,0.7501325841457135,0.003167702345988982,1
2017-09-22,217.5301324086641,218.0367289698389,217.50393028719216,217.8707733154297,51214000,0.0002006932990294974,0.0010031498723714893,0.02741043604852811,217.69206848144532,214.6532211303711,0.0008209064998598858,0.014989535997246506,0.0035394266142993705,0.0035186771849052586,0.06227987571404281,0.7965580678295309,0.002445480293381761,0
2017-09-25,217.6174965458769,217.9668804234547,216.6829229945747,217.4253387451172,57064400,-0.00204448978416949,-0.0031634053209347313,0.02292039545415525,217.7751037597656,214.7332748413086,-0.0016060835633179282,0.012536780365306921,0.0017977279098112114,0.0035902595282275547,0.11423438903424854,0.8926767278771568,0.00590527965273245,1
2017-09-26,217.85331699185963,218.0978790288707,217.32051826959304,217.5563507080078,54082000,0.0006025606934627614,-0.0035601382486225575,0.02349496000747142,217.79823303222656,214.81646942138673,-0.0011105798281796364,0.012754521541113784,0.0014700187298508657,0.0035834004678981153,-0.05226375813992612,0.8371714527351917,0.0035731467123245996,1
2017-09-27,218.25508132737005,218.7878799916108,217.37289884285596,218.403564453125,81001400,0.003894226679019175,-4.010096500806082e-05,0.026305443493814806,217.89565887451172,214.9143493652344,0.0023309577677532722,0.016235375153851983,0.0018998389787023352,0.0036348370009170487,0.4977515624422173,1.22554567991267,0.006478745675684815,1
2017-09-28,218.1240924786589,218.7442405296163,218.03675650526645,218.66563415527344,44778800,0.0011999332648469085,0.0038497387904912195,0.022691880628590066,218.0262451171875,214.99435150146485,0.002932624178993981,0.01707618190045146,0.001892293631027636,0.0035439665508829195,-0.44718486347149555,0.6864592363664516,0.0032354605106692602,1
2017-09-29,218.65687388117044,219.5128543148782,218.47345902225527,219.43423461914065,85578000,0.0035149577428406076,0.0071760947093504335,0.020149467974963864,218.2044250488281,215.08781463623046,0.005636043219734654,0.02020765327994578,0.0021000835768552285,0.003403789556388462,0.9111275871617819,1.3304984565126492,0.0047367052567114706,1
2017-10-02,219.6613502279669,220.3863067626953,219.4866516296174,220.3863067626953,59023000,0.004338758467689052,0.0136183208206897,0.02312908159325855,218.43152313232423,215.20414337158203,0.008949182802643785,0.02408022127234566,0.0023543916184701605,0.003484235080014289,-0.3103017130570941,0.9197760579127147,0.004082173463012078,1
2017-10-03,220.3863043740284,220.88415805655924,220.3076846745705,220.8579559326172,66810200,0.002140101972985642,0.01517586231734791,0.03273532234300269,218.68395385742187,215.3309475708008,0.009941296729126803,0.025667505874877206,0.002379776819313769,0.0028826581670816915,0.13193500838656114,1.0614629031265082,0.00261015447487259,1
2017-10-04,220.70946216621985,221.3645418885094,220.5959107495144,221.11997985839844,55953600,0.0011863911565910268,0.012437596483716895,0.030443088596102452,218.95471954345703,215.4525634765625,0.009889078068087365,0.026304706197902705,0.002363496246049831,0.002852413880325205,-0.162499139352973,0.890364725303158,0.003476081806299112,1
2017-10-05,221.45186859770155,222.447589200853,221.15490233464223,222.4301300048828,63522800,0.005925064516211442,0.017215763529335515,0.036674583802759786,219.41502685546874,215.60020721435546,0.013741552675880175,0.0316786466895036,0.002346089736983884,0.002988214914070423,0.1352763718509622,1.0064155370274328,0.005811653601885658,0
2017-10-06,221.98469156749644,222.46508606184125,221.72267032297376,222.1768493652344,80646000,-0.0011386975300641256,0.012498572753945947,0.036711801224723395,219.84563446044922,215.74678436279297,0.010603871714380375,0.029803758241090827,0.002499520723227803,0.002986342152937284,0.26955990604948155,1.2609108793550194,0.003341553096052067,0
2017-10-09,222.40389755498165,222.46503138780173,221.54791727447076,221.80995178222656,35803100,-0.0016513762980080449,0.0064597707563753826,0.02407703852031684,220.28409576416016,215.89106353759766,0.0069267643348160934,0.027416087297185143,0.0024316798595582405,0.002240511944922008,-0.556046177119758,0.5757936096946242,0.004134684246410151,1
2017-10-10,222.37771292417835,222.77075805290576,221.8361713448633,222.39517211914065,43057400,0.0026383862951679937,0.006960202905221369,0.02332963434032309,220.76797790527343,216.0494805908203,0.0073706079536834945,0.02937147319663569,0.0023863731344994066,0.0022088047978976464,0.2026165332052252,0.700251152613716,0.004202369588948635,1
2017-10-11,222.29910515071512,222.74456787109372,222.13316282390105,222.74456787109372,47674300,0.0015710581692209846,0.007347088280921676,0.02444593112981841,221.20207824707032,216.20532470703125,0.006973214882278533,0.030245523198484836,0.002315662318324623,0.0022046928262713364,0.10722663235587837,0.7826901047555996,0.0027448707415684633,0
2017-10-12,222.43010069512647,222.7794711553205,222.17679578300127,222.41262817382807,47065100,-0.0014902257794127127,-7.868462359106321e-05,0.0232465115560736,221.57677764892577,216.35244445800782,0.003772283963018319,0.028010701385888348,0.002558869443664399,0.002262237426822703,-0.012778373253513942,0.8046448931742785,0.0027097174169813812,1
2017-10-13,222.84935102131928,222.9629024198992,222.41263127617069,222.6833953857422,54800400,0.0012174093446821743,0.0022799226019947216,0.023114651007741793,221.90169372558594,216.5133236694336,0.003522738592175667,0.02849742275320155,0.002480077966235807,0.0022618379745336097,0.16435320439136425,0.9706029020637825,0.002471091940983315,1
2017-10-16,222.91052901548105,223.1725502367093,222.56988810025345,222.9803924560547,38221700,0.001333718977106546,0.005276772590335543,0.022305019180230312,222.16110229492188,216.67232025146484,0.0036878200219099266,0.02911341973570436,0.0022672795974055036,0.0022506572695154925,-0.3025288136582944,0.6818060599552368,0.002702758434576805,1
2017-10-17,222.92795822456165,223.1812631411833,222.70959835115696,223.13758850097656,31561000,0.0007049769856013466,0.0033382756233493183,0.022002746018964237,222.38906555175782,216.82646575927734,0.003365826226040536,0.029106791551479105,0.0022445820544048324,0.0022523568070321773,-0.17426488094459425,0.5709077625167697,0.0021137845631252227,1
2017-10-18,223.51318501846197,223.55685966334508,223.1638145146575,223.35597229003903,40888300,0.0009786956582686912,0.0027448679210850813,0.02263447970395127,222.61266479492187,216.99558166503905,0.0033390171031011384,0.02931115267968032,0.0022439315882239437,0.0022460314216234387,0.29553246094863916,0.7523444581841285,0.0017597252701941981,1
2017-10-19,222.57858928408425,223.4520287836909,222.1593420560092,223.4170837402344,61903800,0.00027360562410216893,0.004516180464453123,0.025662683669393838,222.71136016845702,217.16609375,0.003168781202914861,0.028784373666685292,0.0014335332398326165,0.002073377356344441,0.5139734349434923,1.1248596623829226,0.0057859797739760604,1
2017-10-20,224.21193583581316,224.59625135770185,223.399630150434,224.5700225830078,89176400,0.005160477540356423,0.008472240123685637,0.030748728549648385,222.95067749023437,217.42032958984376,0.007263243651028484,0.032884197198356446,0.00195136735481118,0.002229509191185274,0.44056423030573244,1.5664058256207978,0.005328499296140613,0
2017-10-23,224.89325951379504,224.919461638114,223.6180183829025,223.69662475585935,63915300,-0.0038892004244495126,0.0032120864615745592,0.028843399977837247,223.13934478759765,217.65083984375,0.00249745274098645,0.027777448120345216,0.0023798679396232554,0.0024150735483492707,-0.28327113451540986,1.1159735813286265,0.005817894018883297,1
2017-10-24,224.1246209530172,224.3254950144324,223.73156244590075,224.0896759033203,66935900,0.0017570723201119076,0.004266817656047195,0.0300304963475011,223.3087951660156,217.84714538574218,0.003496865122236459,0.028655553445625648,0.002321889375382625,0.0024081549593698015,0.04725941988850879,1.1557445654965632,0.002650423613392542,0
2017-10-25,223.7577531768372,223.87130459112328,221.85366122188063,222.9803924560547,103715300,-0.0049501764987344155,-0.001681530295042366,0.020955830159594235,223.3323776245117,218.02178649902345,-0.0015760597375128471,0.022743625931408662,0.00291050057195425,0.0027323624485506353,0.5494719574996376,1.7563527577274896,0.00904852371555624,1
2017-10-26,223.5917974221529,223.86254822529017,223.1463347175475,223.26861572265625,69798000,0.0012925946690955925,-0.0006645329671869371,0.021050319979015297,223.41797637939453,218.19471740722656,-0.0006685256896457048,0.023253992469304485,0.0028733362379849306,0.0027327245765211973,-0.32702311038005005,1.1574648339504445,0.003207855727615378,1
2017-10-27,224.01105961565028,225.2513555999806,223.27737353607557,225.0941162109375,85562500,0.008176252100514203,0.0023337648627432817,0.025793065524257752,223.65904846191407,218.47108123779296,0.0064163187623853535,0.03031538515587684,0.0037922743282535073,0.003125019870011696,0.22585890713200962,1.4189068120047352,0.008769585350046166,0
2017-10-30,224.0110532148381,224.99804421858872,223.95864897174167,224.255615234375,54285700,-0.003725112813596332,0.002498877571915692,0.017556936855636973,223.78657073974608,218.73728057861328,0.0020959456730511583,0.025228139625601997,0.004081613561965709,0.003227944057249266,-0.3655433162892623,0.9037849763688707,0.004634868320959334,1
2017-10-31,224.6311673291141,224.85827013194745,224.307998974472,224.6049652099609,60304800,0.0015578204149795383,0.0022994781199241476,0.01696569752953314,223.93330841064454,219.0071646118164,0.0029993608547269623,0.02555989712969642,0.004093456202121841,0.003218550535688565,0.11087818707320718,1.0094615679356245,0.002449950992673033,1
2017-11-01,225.3823853623417,225.72301298114465,224.53514779573624,224.9019775390625,54202700,0.0013223765058976156,0.008617731190810884,0.017103826090640872,224.08790893554686,219.23883666992188,0.0036328091389785655,0.02583092008313681,0.0040978397513003325,0.0032194500063515716,-0.10118763348854487,0.9086481137899342,0.005281701825863652,1
2017-11-02,224.83209085797367,225.12905712363735,223.76649347870477,224.9893035888672,56449500,0.00038828493533160646,0.007706805816131146,0.011505516738798738,224.24513092041016,219.4875521850586,0.0033185677896441224,0.02506634817800446,0.00409668174331798,0.002990267080039773,0.04145180959620087,0.9519571873488576,0.006056126327776233,1
2017-11-03,225.1464888838371,225.7841093106653,224.7359712552437,225.74044799804688,59589700,0.0033385783110484457,0.0028713846367431906,0.01603946875200446,224.36217346191407,219.7611978149414,0.006143078910611388,0.02720794317903441,0.003913118272458854,0.0030225298161584485,0.05562848209461557,1.0230773872920238,0.00464311143491067,1
2017-11-06,225.60940552844747,226.22082382250312,225.5395420988233,226.08981323242188,49652600,0.0015476412732999822,0.008179050482771233,0.01929517325894059,224.60149230957032,220.03192352294923,0.006626496144559013,0.027531867251257447,0.0035962488424497807,0.0029701533783743814,-0.16675868480626688,0.8424544971140869,0.003013323395421928,0
2017-11-07,226.1946689399576,226.52658027431363,225.4260377772938,225.93264770507807,57502200,-0.0006951464336087954,0.005911189424846697,0.01590626069905121,224.7857894897461,220.2993322753906,0.005102004970755969,0.025571187036760534,0.0036277020913356114,0.002964551347575082,0.15809041218385333,0.9638275126524759,0.004871108749437697,1
2017-11-08,225.7579375579384,226.41301726687485,225.4784304848628,226.31692504882807,50469600,0.0017008491143415405,0.0062913964796944555,0.016037909305163023,225.1194427490234,220.56955841064453,0.005319319758354757,0.026056934962364053,0.0030079283358862533,0.002966484393522978,-0.12230140759831798,0.8439728913156809,0.00412954878125182,0
2017-11-09,225.1116255581351,225.68809896409653,223.91499076764973,225.49594116210935,95085500,-0.0036275850184054326,0.002251829598832744,0.013863030231680451,225.3421752929687,220.8032012939453,0.0006823661347048482,0.021253042712532144,0.0034182948741771847,0.0030892907408850657,0.8840153280390572,1.528680104972513,0.007863149054075917,0
2017-11-10,225.1115999260466,225.600723974454,224.7971478062067,225.426025390625,59984700,-0.00031005334785194627,-0.001392850108211885,0.012316275311555769,225.37536621093744,221.0097201538086,0.00022477691568179026,0.019982402736598903,0.0023130388709904884,0.003094524541214986,-0.36914987037981606,0.9603658390150793,0.0035647000689243524,1
2017-11-13,224.7447517972209,225.86275347101252,224.7098067481224,225.6356506347656,50228600,0.0009299070228352413,-0.0020087707232938623,0.011908034376763466,225.51336975097652,221.2143490600586,0.0005422334113676097,0.0199865044627221,0.00187315417790015,0.003090915868703409,-0.16264314066753693,0.7965131320893607,0.005109771969308165,0
2017-11-14,224.8321109474769,225.2164265386195,224.05473683871836,225.1116180419922,61315200,-0.0023224724962530585,-0.003633957603850213,0.008846692098256614,225.56403503417968,221.43943603515626,-0.0020057142182215992,0.01658323410041973,0.002049785908156984,0.0031587170978567107,0.2207228551064533,0.9499117056734944,0.005160505308457384,0
2017-11-15,224.14206074959475,224.6661298286348,223.27736409509808,223.9848480224609,80811500,-0.0050053836818013675,-0.010304474691249954,0.002815576077837001,225.47232208251953,221.62738739013673,-0.006597147030375727,0.010637045629086739,0.0025818070044315365,0.0033811116934114433,0.3179684645895309,1.2143983403580838,0.006200266427832055,1
2017-11-16,224.92817282988813,226.25581817943672,224.8845115087638,225.8889617919922,67777000,0.008501082936379412,0.001742916647889059,0.011063961673726919,225.56228790283203,221.85394287109375,0.0014482646553970469,0.018187726883190702,0.003831268135070278,0.0038635455296574268,-0.16129511270054386,1.0140468461605041,0.0060707112901588495,0
2017-11-17,225.53961085872515,225.8627792978685,225.1465523133929,225.22515869140625,75756800,-0.0029386256651052767,-0.0008910537231479054,0.002917291011788059,225.51075897216796,222.0722625732422,-0.001266459667216835,0.014197613342747717,0.0038115391185302126,0.0037792135030573814,0.11773610516842004,1.1449305928296298,0.0031800487504904116,1
2017-11-20,225.46975490503056,225.8016396270341,225.22516618050204,225.60948181152344,48075500,0.0017063951574067815,-0.00011597822936459945,0.008551121670931527,225.4627258300781,222.25255249023436,0.0006509101710938658,0.015104120441705948,0.003820049805534583,0.003669799064476042,-0.3653969016642731,0.735378641109357,0.002555182707319193,1
2017-11-21,226.37807207748503,227.26899754044936,225.5745225619716,227.08555603027344,69176800,0.006542607194067962,0.008768707743520565,0.013369112677219741,225.57801666259766,222.44776245117188,0.006683006571206018,0.020848910899337936,0.004364025234020802,0.003908948287115921,0.43892003203294827,1.056340619794308,0.007461835125488394,0
2017-11-22,227.0942910420056,227.22530164809308,226.7187184194679,226.8846740722656,45033400,-0.000884609138157022,0.012946527746885428,0.017509528856804568,225.6347915649414,222.63686981201172,0.0055394050653951865,0.01907951842765576,0.004362726870077993,0.0037014187338984066,-0.34901007274115026,0.7199225809937683,0.0022327785281072874,1
2017-11-24,227.37378827509912,227.5135418006373,227.2340347495609,227.40870666503903,27856500,0.002309687046585296,0.006727840355680081,0.018543094061753918,225.82606811523436,222.8378485107422,0.007008219037835328,0.020512036823387758,0.004174973403446186,0.0037144256321229403,-0.38142578619424694,0.4607728193907507,0.001229095645348887,0
2017-11-27,227.4523787251362,227.74934495040995,227.0942653388556,227.295166015625,52274900,-0.000499280133461566,0.009190835234597294,0.00977835334720556,226.0129821777344,223.030703125,0.0056730539349385545,0.019120519421197857,0.004181253913796259,0.003307389735251302,0.8765781774451205,0.8891550264102085,0.002882065743137379,1
2017-11-28,227.7580990977113,229.62724582071488,227.6620068892144,229.60104370117188,98971700,0.010144860209602369,0.017692349885289893,0.02383631937693176,226.409521484375,223.26041748046876,0.014096236747786817,0.028400136003767118,0.00511575580371972,0.00379484960763005,0.8932929570405683,1.6217966911130934,0.008559364103145124,0
2017-11-29,229.7320525704751,230.264864537519,229.01585242326905,229.46128845214844,77512100,-0.000608687342054659,0.010461838539648438,0.021621620152732834,226.84448852539063,223.4829702758789,0.011535655742700213,0.02675066547079452,0.004991155358260145,0.0038145284669176688,-0.2168256178281266,1.2524915641702752,0.005443236733634997,1
2017-11-30,230.3784306347225,232.37858806797493,230.29982427167096,231.47023010253903,127894400,0.00875503516929621,0.020210955407296005,0.02920495691210956,227.59302673339843,223.74412841796874,0.017035686131466443,0.03453096954632673,0.004759076361417525,0.0041838750471854015,0.6499927108154726,1.950474684581928,0.008980696115362664,0
2017-12-01,231.25190080537664,231.73228197266988,227.7581420461125,230.98985290527344,164390900,-0.0020753303656059208,0.015747621508217957,0.02667037597205657,228.10311584472657,224.0073843383789,0.012655403894227923,0.0311707071064542,0.004649448518782018,0.004252442098969655,0.28536433182375465,2.3164094567719133,0.017204824699321854,0
2017-12-04,232.6056605919785,233.0336373979388,230.65788099918237,230.71031188964844,94040600,-0.0012101874264565105,0.0150251584047707,0.02201583250000705,228.6516311645508,224.2641751098633,0.00900356894290466,0.02874349760333894,0.0044637456817724405,0.00426074143583876,-0.42794522081210096,1.2937119383853672,0.010297573521086435,0
2017-12-05,229.88058471679688,231.5925189755216,229.74957409972205,229.88058471679688,77994500,-0.003596402631748985,0.0012175075997860052,0.016766662018859124,229.07874145507813,224.51328002929688,0.003500295385881369,0.02390640182531567,0.004855471607684649,0.004385604295318201,-0.17062949406958272,1.052449127363691,0.008016966191685957,1
2017-12-06,229.97664435778415,230.35224365740348,229.4613181737277,229.9242401123047,75898600,0.00018990466533574946,0.0020175588801019106,0.017667178461242328,229.36260986328125,224.76063781738281,0.002448656515367631,0.022973783777554768,0.00458693780475265,0.004373739125111685,-0.026872407669771614,1.0116112185088548,0.0038748654045376294,1
2017-12-07,230.6492156982422,230.9636411789777,229.66222462493985,230.6492156982422,77218600,0.003153106369225833,-0.0035469546296866827,0.019142583562760107,229.73906402587892,225.00555084228515,0.003961675722073732,0.025082336123844806,0.004555518610614235,0.004399971772659934,0.017391625141965683,1.0111793521865873,0.005642406153856092,1
2017-12-08,231.60119700357745,231.91562239645032,230.6142062060786,231.9069061279297,76563900,0.005452827688488426,0.003970101764739997,0.028430511577197226,230.18888397216796,225.2703762817383,0.0074635322354204,0.029460286593081753,0.00471137757567341,0.004370318237689601,-0.00847852719422526,1.0149139415110073,0.00561180437487191,1
2017-12-11,232.60568237304688,232.66682953826896,231.8807392812659,232.60568237304688,83077500,0.0030131756608047233,0.008215369603006728,0.031849281687776454,230.71993560791014,225.53380523681642,0.008173315236795986,0.03135617354039133,0.004637129590484113,0.004364581844879452,0.08507403619721576,1.0846554111350253,0.003379497220288636,1
2017-12-12,233.39179273103937,233.48788494970145,232.6406474545075,233.01622009277344,85195800,0.001764951378393942,0.013640279277345346,0.032710121105616885,231.06145324707032,225.78640350341797,0.008459943526854419,0.032020602114094965,0.003735933110187404,0.004362050337827216,0.02549787848695506,1.087488277332372,0.003635959311573379,0
2017-12-13,233.2607696276706,233.69748941303737,232.90265620503865,232.9900054931641,102905400,-0.00011250117952699146,0.013333806732869657,0.03499769367613115,231.41432495117186,226.02904449462892,0.006808915318119002,0.03079675452373376,0.0037082457806262097,0.004284231033691084,0.20786940201277537,1.279578599306751,0.0034114476555177444,0
2017-12-14,233.28699142018425,233.4005428387963,231.9855748797345,232.03797912597656,100666700,-0.004086125347619096,0.006021106221975048,0.03595391016229854,231.47109985351562,226.24740447998047,0.0024490282926019624,0.02559399370483595,0.0031037393047578035,0.004212497090335201,-0.02175493219986513,1.236477768955935,0.006098001561604735,1
2017-12-15,233.0396539005029,234.43551820355717,232.9869817978599,233.97023010253903,144610300,0.008327304796571289,0.008897207974785992,0.03577540153550496,231.76913757324218,226.4782064819336,0.009496918150291966,0.03308054994334775,0.00388339314723418,0.004198050172864997,0.43652568326964136,1.696194197822094,0.006191114164662904,1
2017-12-18,235.3660921720456,235.80504421757664,235.2607479677592,235.45388793945312,83653600,0.006341224848408489,0.012244780683553502,0.04541557127754903,232.24349517822264,226.74374725341798,0.013823391517453931,0.038414028133266775,0.004072866765501995,0.004163223676714418,-0.42152391634620767,0.9766845141804927,0.0023116893697564048,0
2017-12-19,235.69970433667527,235.74358882543072,234.47940476779212,234.54965209960935,82382900,-0.003840394600221231,0.006580795131881256,0.0396267489127724,232.7104019165039,226.99854125976563,0.007903601076523215,0.03326501922848313,0.0041109685571584075,0.004379190552183297,-0.015190021708569645,0.9429634232236115,0.005389835569236844,0
2017-12-20,235.51539643781595,235.56806855686088,234.12831931710755,234.4268035888672,76751500,-0.0005237633466622649,0.006166779955482982,0.03232811318750306,233.16065826416016,227.23917388916016,0.005430355764704187,0.03163024040570095,0.004152263225234505,0.004273276987905177,-0.06835641862570996,0.8747139000662034,0.006141572626133348,1
2017-12-21,235.05007482828023,235.6207340227915,234.66379481577025,234.90960693359372,67032300,0.0020595057277377204,0.012375680129752098,0.035370096698431386,233.58669738769527,227.4824746704101,0.005663462691553711,0.03264925033871058,0.004131374667411188,0.004233681639151924,-0.12663205279375644,0.7544890020652344,0.0040736486664497305,0
2017-12-22,234.92713742476712,234.96226108962756,234.3125938514885,234.8481292724609,78720900,-0.0002617077348828767,0.0037521832138094346,0.0327138864492984,233.8808197021484,227.73118469238278,0.004135908072942396,0.03125151520065916,0.003968053443187163,0.004254716847036114,0.1743726531836145,0.8613934532110421,0.0027663292024155627,0
2017-12-26,234.44426502174645,234.78666045998,234.30382395075893,234.5671844482422,45244400,-0.0011962829982468115,-0.0037659326799435178,0.031993722348311104,234.07696990966792,227.9688604736328,0.002094245062910005,0.0289439705093959,0.003985606571292385,0.004275786381369266,-0.4252555547510255,0.4969927939757677,0.002058414566201233,1
2017-12-27,234.73403807744955,235.04130991726413,234.40921779792103,234.68136596679688,57751000,0.0004867753297344013,0.0005615607015763135,0.022126738553667424,234.24348449707026,228.20287994384762,0.001869343220652464,0.028389151024489134,0.00397338166493954,0.0037740557044203355,0.2764231595512372,0.6490678114638451,0.00269340565979375,1
2017-12-28,235.18179032005045,235.20812637677773,234.79551029370865,235.16421508789065,45116100,0.002057466808685904,0.003145593796163082,0.024853545773284136,234.46090545654292,228.4434124755859,0.0029996882848262185,0.029419988694237453,0.003982145267702814,0.00375751526326306,-0.21878235874703467,0.5164655068350308,0.0017545870357650731,0
2017-12-29,235.74356204218503,235.76111047739207,234.0843373997339,234.27745056152344,96007400,-0.0037708310596312744,-0.002691062235904984,0.01212778186525676,234.6848526000976,228.66184204101557,-0.0017359537015726456,0.024558572914411325,0.003938974069907074,0.003471085621009648,1.1280075183803566,1.1194743260482354,0.007157210707386593,1
2018-01-02,235.13784025255728,235.9894083349834,234.7515602899202,235.95428466796875,86655700,0.007157471205300414,0.00471008817031926,0.02149199066649543,234.88325805664059,228.9125860595703,0.004559825251869931,0.03076151787724757,0.0037066430134404587,0.003701646940615244,-0.09740603328493425,1.0583981791130401,0.0052461350587681985,1
2018-01-03,236.1210725816616,237.59597178965157,236.1210725816616,237.44671630859372,90070400,0.006325088110712196,0.012275936496082718,0.029198540645063886,235.08254089355464,229.17011993408198,0.010056788590308674,0.03611551268940483,0.0037039898285622626,0.003838277648181275,0.039405370910395865,1.1027785132390684,0.006211495492206131,1
2018-01-04,238.08756220469397,238.93034249595144,237.5081423821099,238.44747924804688,80636400,0.004214684266901081,0.01604777296968196,0.037266716290129676,235.47232360839843,229.46513702392573,0.01263484215069055,0.03914469248191099,0.0034370446704620615,0.0036927241619989794,-0.10474029203822788,0.9856790236941462,0.005964416643558164,1
2018-01-05,239.23770970584548,240.15949850554856,238.74608544046876,240.0366058349609,83524000,0.006664472159342516,0.020719099397198848,0.04398129452430477,236.0333038330078,229.78407562255856,0.016960750609945396,0.04461810586580017,0.003674272481134026,0.0038222058526718315,0.035810130412567975,1.0162400820350692,0.005888322992083956,1
2018-01-08,239.9399589710568,240.6335106872347,239.65026241653013,240.4754943847656,57319200,0.0018284234118293163,0.026455998255002777,0.04260269715973841,236.589892578125,230.13397766113277,0.016423363501708144,0.04493693990228809,0.0036771933205422902,0.003815586738923106,-0.31373976342129206,0.7059512943462636,0.004088767020606878,1
2018-01-09,240.89685596880133,241.64307973864751,240.61592025449383,241.019775390625,57254000,0.0022633533086267033,0.021468102305428838,0.03929537681671391,237.2070571899414,230.48900085449216,0.016073375918283173,0.04568883763256415,0.0035627992406698046,0.0037336351890623004,-0.0011374897067649714,0.7136342291154265,0.004261722850288736,0
2018-01-10,240.2647973076733,240.9144645859903,239.59760838310203,240.6510772705078,69574300,-0.0015297421944718836,0.013495073807420432,0.03458812706285452,237.81544647216796,230.80014007568354,0.011923661143145026,0.04268167771299436,0.0036036366583814144,0.003802189514274755,0.21518671184546068,0.8745586231373647,0.00547205613132588,1
2018-01-11,241.204227196366,242.4069519042969,241.0374232216806,242.40695190429688,62361500,0.007296350607295832,0.016605219181751618,0.04030076450379538,238.58800506591797,231.16316680908199,0.01600644943287821,0.04864003746972867,0.0038041085097430634,0.004002418167779457,-0.10367046452497541,0.7953065797410852,0.005649708772201386,1
2018-01-12,242.67017436089748,244.15380709911676,242.3716634995428,243.98703002929688,90816100,0.006518287171994208,0.01645759062704011,0.04719955481719329,239.47028656005858,231.55080810546872,0.01886139418013144,0.053708393529611875,0.0039087485579790675,0.004093126293953481,0.45628472695493216,1.1671905133487563,0.0073042554735797995,0
2018-01-16,245.24250740468787,245.89214784344932,242.4595397134825,243.1530914306641,106555100,-0.003417962825862708,0.011134594203658477,0.047902125102774695,240.35785064697265,231.91583038330074,0.011629496503515302,0.0484540491642631,0.003834735304453206,0.0040405054435215335,0.173306274988686,1.364309464864823,0.014117065548169798,1
2018-01-17,244.08371774989664,245.8570746913624,243.1531413874777,245.4707946777344,113258800,0.009531868311578595,0.01846744434101133,0.049153965314968406,241.30950164794922,232.3254602050781,0.017244629827532387,0.056581549267362696,0.00413235734524819,0.004141996372595601,0.0629129905560597,1.4798440646465871,0.01101529535289351,0
2018-01-18,245.3566201320376,245.777996906449,244.56648509700815,245.05813598632807,100728000,-0.0016810907869838632,0.018313064565534498,0.040790356578629394,242.07064361572264,232.7118139648437,0.01234140714455223,0.0530541265229858,0.004392640327297678,0.004129703706998616,-0.11063864353145181,1.301597146844472,0.004943773054359808,1
2018-01-19,245.6375450366647,246.17308044433597,245.05815193414344,246.17308044433597,140920100,0.00454971410567695,0.015536388335619877,0.049556365744641395,242.84320373535155,233.11347930908198,0.013712044058738826,0.05602250532213304,0.0044027691243323655,0.003925309660151732,0.39901616233817805,1.75459560036586,0.004529043176370505,1
2018-01-22,245.9624346846633,248.17474365234372,245.9097357837922,248.17474365234372,91322400,0.008131121422353838,0.017163673095836218,0.05864491539793115,243.65701751708986,233.5583212280273,0.0185413339672722,0.06258146722182567,0.004552785773764405,0.004057546208723136,-0.3519561794236592,1.126833207464568,0.00912666549068532,1
2018-01-23,248.21856800026347,248.9911278057013,247.89374780740985,248.7014312744141,97084700,0.0021222450533007198,0.022818298591659625,0.05871119755744658,244.4796112060547,234.00601135253902,0.01726859776785683,0.06279932655121345,0.004542819085421201,0.00405691786549679,0.06309842930102572,1.1761281055023547,0.004412439416484937,0
2018-01-24,249.3422639653392,249.93925899787192,247.42843983241525,248.60482788085935,134816100,-0.00038843119261411374,0.012767438208848736,0.058576998892925,245.2381164550781,234.46818908691404,0.013728336664981411,0.06029235287310142,0.004690148252274538,0.00406215297222714,0.38864414269189695,1.5795531347485556,0.010099639604183168,1
2018-01-25,249.46517057261008,249.56172713980607,247.9200511654708,248.7101593017578,84587300,0.00042369016642318513,0.014902681360611902,0.06029391914637694,246.0440246582031,234.93387176513667,0.010836006471843351,0.05863900097978769,0.00451260255359705,0.0039926089868922866,-0.3725727120128828,0.9687277286577911,0.006600759610882805,1
2018-01-26,249.54418683663425,251.6336024325838,249.2895872006863,251.58969116210935,107743100,0.011577861830958991,0.022003261721373235,0.0720480091193294,246.96229858398436,235.45295257568355,0.018737242909776963,0.06853487463164787,0.0050981240213127735,0.0043850238324659235,0.2737503147635638,1.199577565783786,0.009316817477975168,0
2018-01-29,251.01910249168148,251.45805452351036,249.7637061106124,249.92172241210935,90118300,-0.006629718182392663,0.007039309214369016,0.06275405175359361,247.55576782226564,235.9491546630859,0.009557258999282725,0.059218553967591125,0.005928809216506488,0.004931038919157205,-0.16358170500013458,0.978827035273901,0.006779516388351646,0
2018-01-30,248.09563610038308,249.97433642849208,246.88412448740172,247.3582000732422,131796400,-0.01025730102259792,-0.0054009789742215375,0.055834436819960365,247.97627868652344,236.41662170410152,-0.002492490880801501,0.04628091836467885,0.00697884025761937,0.0055751599647523,0.4624820929822244,1.404224155882941,0.012492862335573895,1
2018-01-31,248.2097695720572,248.71015441392143,246.4100505726336,247.4810943603516,108364800,0.0004968272209007196,-0.004520159685097891,0.04885187700067917,248.17730865478515,236.8484643554687,-0.0028053100350201587,0.044892121356231884,0.006420200404612849,0.0054954477683491635,-0.1777863431778106,1.1413723351647918,0.009294058793592965,0
2018-02-01,246.7525586486976,248.4995795659865,246.4101631247902,247.2002716064453,90102500,-0.001134724067032633,-0.00607087261554351,0.04107681693595433,248.3915222167969,237.2879666137695,-0.0047958585692463584,0.04177331507421078,0.006398702670342921,0.00546825355061424,-0.1685261265650838,0.9490052336555105,0.008452322595028363,0
2018-02-02,245.88346163822985,246.01516873630345,241.78366294217295,241.81878662109372,173174800,-0.021769737348505735,-0.03883666495190308,0.014138574178592211,247.95609283447266,237.6121527099609,-0.024751584618152522,0.017703782669178603,0.009423631799385742,0.007594932975751813,0.9219755278710358,1.7392078974742413,0.01749866440592497,0
2018-02-05,240.0628951810938,242.16985973581023,231.1609344386689,231.70523071289065,294681800,-0.04182287095853321,-0.0728887890312333,-0.03470876907749043,246.30914154052735,237.70454620361323,-0.0592909817974977,-0.025238539129931792,0.015124004082022531,0.012039262723212823,0.7016436571602798,2.675788335975009,0.04751263173157559,1
2018-02-06,228.202369488866,236.77072116168,227.11377709458367,236.2703094482422,355026800,0.019702096155991278,-0.044825239760464375,-0.017486958275237052,245.06602935791017,237.89225891113279,-0.03589122463326877,-0.006818000175014105,0.017153868077989493,0.012943940467769813,0.2047802069893696,2.839888494396383,0.04087244008630632,0
2018-02-07,235.71728090980616,239.1059783080259,234.90959724654337,234.98863220214844,167376100,-0.005424622539695445,-0.05047845044685784,-0.02502343709640331,243.70440979003905,238.04385742187497,-0.03576372538929273,-0.012834715639445715,0.01707783895057517,0.01296229367596344,-0.5285536190507308,1.2823745244519154,0.017857804533593775,0
2018-02-08,235.2870873577438,235.4275552292879,226.1393148107997,226.1744384765625,246449500,-0.03750902178963089,-0.08505586580971458,-0.06015613542287457,241.45083770751953,238.0214428710937,-0.06326919126063268,-0.04977284504970947,0.019640368836275398,0.015298724207800606,0.4724294567742946,1.7683844367215944,0.04106671152165008,1
2018-02-09,228.9574015421497,231.4243101674145,222.0395256489663,229.5719451904297,283565300,0.015021621084821524,-0.05064470631826312,-0.052948179138585516,239.24906311035156,238.02086090087886,-0.040447882194875606,-0.03549653454101076,0.020072118315248928,0.015665089015238123,0.15060205031862517,1.8851017521093651,0.040879492094138575,1
2018-02-12,231.61741052872057,234.4091657307602,229.7123737697383,232.94305419921875,143736000,0.014684324802809456,0.00534223367560438,-0.045264602092791595,237.5511962890625,238.09049621582028,-0.019398521926348722,-0.0216196870451123,0.021429581371526066,0.01601766004745663,-0.49311146321499844,0.9390189396192516,0.020162833260549167,1
2018-02-13,231.74039262423423,234.0668335954932,231.1609725875507,233.5225372314453,81223600,0.002487659630885375,-0.011629782105139208,-0.039606957668333664,236.16763000488282,238.1315423583984,-0.011200064858095993,-0.019354870343116226,0.021579674301797486,0.016048230833024993,-0.43491122613680633,0.5350563641942607,0.012443599844337414,1
2018-02-14,232.03881626808783,237.0340924334313,232.03002865434567,236.6741485595703,120735700,0.013495962169173481,0.007172757003717223,-0.03583581553851545,235.0869354248047,238.24522827148434,0.00675160077227388,-0.006594380602342076,0.02236024720514424,0.016220335962812894,0.4864608315809691,0.7933864670613786,0.02114326304558831,1
2018-02-15,238.41240518393013,239.70292518687265,235.9542578113466,239.6941375732422,111200300,0.01276011356564255,0.05977553956912196,-0.021888677115315724,234.33632202148436,238.4249047851562,0.022863786140957743,0.005323406920219487,0.022996418058516325,0.01653933843261489,-0.07897746896733937,0.7282211386833168,0.015639378640959007,1
2018-02-16,239.07089448024809,241.70460725988548,239.02698319234705,239.7644195556641,160420100,0.0002932152748225114,0.0443977349095499,-0.026033150647927883,234.1308853149414,238.62258148193357,0.024061474132918148,0.0047851216202561275,0.02201567435400981,0.016491834933691336,0.44262290659287795,1.0438832850456818,0.011167729025435277,0
2018-02-20,238.81629808944345,240.2560739557444,237.47310562466865,238.26321411132807,86369700,-0.00626116855502612,0.022838886226499655,-0.039937704357620896,234.78668365478515,238.789360961914,0.014807187539028321,-0.002203393184966318,0.016900641610904953,0.016377447775691837,-0.46160300361363693,0.5629307356523939,0.011680226599207267,0
2018-02-21,238.70214631468968,241.17784258546797,236.98146158652557,237.07801818847656,98883700,-0.004974313501444394,0.015225429627408582,-0.04673641412667384,234.8674545288086,238.91793701171872,0.009411962436868038,-0.0077010493488059995,0.015953828339282033,0.01636243507305297,0.14488877465129546,0.644115457153578,0.017700422126889416,1
2018-02-22,237.9997974685816,239.71169432106663,236.71806503482517,237.38525390625,110511300,0.0012959266325955898,0.003004575493384287,-0.04513015322448277,235.10711669921875,239.02750396728513,0.009689784124849554,-0.0068705485091786755,0.015819504194737277,0.016376911133029786,0.11758864201076613,0.7255999055306431,0.01261084771265415,1
2018-02-23,238.60561709001573,241.1690826416016,238.13154126660783,241.1690826416016,92766400,0.015939611551633925,0.00615344656858241,-0.03032074235056359,236.60658111572266,239.1987719726562,0.019283071097872195,0.008237127024927293,0.008775256188253325,0.01686678215597292,-0.16057090994314605,0.6074585604788507,0.012595069574103815,1
2018-02-26,242.2400410112022,244.06609630972784,241.6518603424057,243.96951293945312,86491400,0.011611895966006536,0.017538437903263482,-0.03028811787739838,238.046337890625,239.4178378295898,0.02488244558313535,0.019011428518133533,0.008467071055195367,0.01686816222921047,-0.06764302592317906,0.5703366755198535,0.009895646133134997,0
2018-02-27,244.15391392223984,244.8650409424878,240.86177331085185,240.92323303222656,99099200,-0.012486313845216257,0.011164203130641814,-0.03600523113010834,238.84435577392577,239.57650238037107,0.008703899456047992,0.005621296907145412,0.009689447300266356,0.01701393831449658,0.14576940597562293,0.6515450453675595,0.016616361906037,0
2018-02-28,242.0205723469025,242.46831196768895,238.1665876538822,238.4826202392578,121907800,-0.010130250878055747,0.005924640595167174,-0.035881486166039145,239.34036407470703,239.70539520263668,-0.003583782613372666,-0.005101157453486493,0.010602373762433335,0.017010595566586625,0.23015927474692033,0.8041181406811968,0.018037894373564987,0
2018-03-01,238.2719550648111,239.81707485453967,233.52249066745827,235.0149383544922,176855100,-0.014540606276829182,-0.009985100223175225,-0.05037215484309976,239.17444305419923,239.72628936767575,-0.017391091818135695,-0.0196530427497571,0.010970587210043922,0.01723981186300376,0.4507283373172184,1.1407882745441162,0.026783762049996853,1
2018-03-02,233.3468706278778,236.78826606877436,232.48654186128144,236.2263946533203,139083200,0.005154805508579052,-0.02049469995964015,-0.04439265734544151,238.82766876220703,239.74173950195308,-0.010891845665824906,-0.014663048895597663,0.010172276809450743,0.017322006330808274,-0.21357540721189272,0.8831919198307775,0.01821017593654605,1
2018-03-05,235.0412811759298,239.57126967870028,234.93591017599843,238.95672607421875,97307400,0.011558113245157875,-0.020546775721433708,-0.011835559126179618,238.7468994140625,239.8298809814453,0.0008788665346908253,-0.0036407260999062885,0.010973968456000236,0.016931232985628496,-0.3003655365996756,0.6331633140409978,0.019398321942451315,1
2018-03-06,239.9310824988994,240.01011741236948,238.0699308484116,239.5623779296875,79213200,0.0025345670968082157,-0.005648500916294097,0.03391009858785954,238.87681579589844,239.93259246826173,0.002869940021198225,-0.0015429939499495005,0.010792587929137374,0.013852832491325412,-0.18594885897680957,0.5542830860782043,0.008098878382845853,0
2018-03-07,237.40290530509895,239.82590308460027,237.20976527709752,239.4747467041016,87063500,-0.0003657971103110391,0.004160162547058643,0.013562589659880109,239.11648864746093,240.02389526367188,0.0014982574337183419,-0.0022878912075275926,0.010625384909142206,0.013196111663218418,0.09910343225624008,0.6722379252881517,0.010924483034260352,1
2018-03-08,240.1506206276118,240.75637651111668,239.1586116449256,240.63348388671875,66901200,0.0048386612724928835,0.023907184673306325,0.02402180748775251,239.44131164550782,240.13960235595704,0.004978974735053043,0.0020566434104010156,0.010693074790994165,0.0131425079250489,-0.2315815468020468,0.5374057408041406,0.006639827676447775,1
2018-03-09,242.03821028889664,244.82115173339847,241.72215083012168,244.82115173339844,113625300,0.017402681368529294,0.03638355947772709,0.08244394628515117,239.8065185546875,240.34468170166016,0.020911162919732496,0.018625209428577705,0.01092151051352505,0.009966843569404327,0.698404512923535,0.9641684960716761,0.012658223692418091,0
2018-03-12,245.1108654619332,245.73416994766413,244.12759024461917,244.5138702392578,71924800,-0.00125512641356762,0.023255859989113947,0.06508602362729388,239.86095428466797,240.54133178710939,0.01939838840575847,0.016514993172418002,0.010348298748419525,0.009681335952770646,-0.3670001311327671,0.6705278175659573,0.006570505392896168,0
2018-03-13,245.6726653493665,246.1730770862234,242.3278530729108,242.93360900878903,91968900,-0.006462869484346601,0.014072456235557196,0.04288839967310687,240.0619918823242,240.69671966552735,0.01196198158629147,0.009293393555051654,0.009676732989589591,0.009514673311342835,0.27868134496029184,0.8785920654076962,0.015828291643143838,0
2018-03-14,243.89052900334457,244.07488135752644,241.13392413862624,241.68698120117188,105895100,-0.005131557600052239,0.009237861309041362,0.03496212428368217,240.38242797851564,240.8449102783203,0.005426990789746178,0.0034963201916058395,0.00916049952281827,0.00965177088852352,0.15142292666325252,0.9998483162752482,0.012168455265086224,0
2018-03-15,242.1962355854701,242.83708855941893,240.92326367057865,241.42367553710935,83433000,-0.0010894490996326,0.003283797573086611,0.020067789433046546,241.02330169677734,240.95429809570314,0.0016611416303462523,0.0019479936449184887,0.007378289971830969,0.00926180582395532,-0.21211651908350815,0.801885473189126,0.00792724609374985,1
2018-03-16,241.9498400999178,242.73431697378317,241.63254174564145,241.6854248046875,100343700,0.00108419055006026,-0.012808235344491936,0.008307617581330584,241.56920471191407,241.039072265625,0.0004811047538615387,0.0026815259990307094,0.007341132729121548,0.008842298133015679,0.20268598755887957,0.9694743737391694,0.00455871606255153,0
2018-03-19,240.93628170934107,241.8617624081865,236.76715336090905,238.4154052734375,109208400,-0.013530065099674915,-0.02494118210902696,-0.00562641564885491,241.51507263183595,241.0384307861328,-0.012834260506480066,-0.010882187973679014,0.008079712370479733,0.00937921663583014,0.08834336385841857,1.0818859804652377,0.021368623564548925,1
2018-03-20,238.8119779721173,239.45542436621005,238.14209004943496,238.82080078125,59757300,0.0017003746353871918,-0.016929762186138064,0.002340212995117996,241.4409149169922,241.0141146850586,-0.01085198892922934,-0.009100354585766302,0.008052632123157988,0.009278643527117755,-0.4528140692474205,0.5999006444956755,0.005499245930332752,0
2018-03-21,238.77671055837496,240.86567198647185,238.15090979060935,238.3624420166016,78709600,-0.001919258134756241,-0.0137555575730538,0.005417726358349695,241.32968444824218,240.97185363769532,-0.012295389348495056,-0.010828698794909997,0.008069418649766612,0.009214635574148993,0.3171545568491214,0.7982451701155205,0.011389219597244376,0
2018-03-22,236.14132741776228,236.98748341572107,232.1308487161802,232.40411376953125,148785900,-0.024996925676132098,-0.03735988919691391,-0.02098335955899744,240.50674743652343,240.79954040527343,-0.03368983928041647,-0.03486479509725149,0.01091597209625436,0.01080499023490529,0.8903145232601868,1.480206038738514,0.02089736976152267,0
2018-03-23,232.84478414512185,233.17090531261704,227.2565564523533,227.45046997070312,183534800,-0.021314785347304688,-0.058898689672693405,-0.0568837950562906,238.7696792602539,240.53552825927736,-0.047406393159380444,-0.05439969048759241,0.009482009457924106,0.01094061392379172,0.2335496844795104,1.7470280453825142,0.026002799031479444,1
2018-03-26,231.0466640245638,233.95533970718196,228.6492001841799,233.67327880859372,141956100,0.02735896232130064,-0.019890184778139863,-0.042202953995381653,237.6856201171875,240.3608547973633,-0.016880875278090235,-0.027823066257638085,0.01449720032402894,0.012493812984155351,-0.22654395787610848,1.3164967481980094,0.02270751516842634,0
2018-03-27,234.6075905590552,235.1364210790614,228.14676641865356,229.6980743408203,129941400,-0.017011805919963874,-0.03819904468365687,-0.04659226322894616,236.36206665039063,240.07507568359375,-0.028194000856436974,-0.04322398446913234,0.015035357266904803,0.012730939484166422,-0.08463672924235033,1.188081442407129,0.030429748618774923,0
2018-03-28,229.83035826179812,231.49625564922076,227.91766425018125,229.0194396972656,146452300,-0.0029544637912278793,-0.03919662107961319,-0.039680797420366676,235.0953125,239.7924026489258,-0.025844295822505692,-0.04492620630451172,0.015056790902667334,0.012599256079134974,0.12706419970848404,1.3241856702484973,0.015625710218180388,1
2018-03-29,230.15648794780927,233.8055812740757,229.02827092448925,231.94577026367188,111601600,0.01277765140930609,-0.0019721832734591604,-0.013059459591418965,234.14752197265625,239.52190216064454,-0.009403267181454456,-0.031630225998670713,0.01608760524173073,0.012642840428831372,-0.23796621835232357,1.039747069313195,0.020596669403178575,0
2018-04-02,231.41687299833717,231.9281118003099,224.47129066036044,226.93927001953125,186286300,-0.021584787851269382,-0.002247522070355501,-0.03931450864082575,232.67290649414062,239.15952484130858,-0.024642475830136013,-0.05109666792441547,0.01688753543906193,0.01339577822211625,0.6692081475534402,1.6982129347341446,0.032858222992026426,1
2018-04-03,228.17322279650816,230.32389004720667,226.38394102387377,229.8479156494141,119956900,0.01281684580034348,-0.01637056311566143,-0.038119079443595605,231.81615753173827,238.83302154541016,-0.008490529319789553,-0.03762086933312825,0.017645989146977722,0.013465202041220311,-0.3560616105424822,1.0823703205233444,0.01714154775866006,1
2018-04-04,226.30464403356797,233.01223907187764,226.1724363788412,232.3071136474609,123715300,0.010699239934800264,0.011358559770811905,-0.030285491173225987,231.16478881835937,238.5156689453125,0.004941603930861405,-0.026029968283866167,0.01816325862526077,0.01372652372037926,0.031331253141753335,1.094311724573247,0.029442932614694776,1
2018-04-05,234.0610904167438,235.0218619705104,232.9769609385253,234.14044189453125,82652600,0.007891829993000199,0.022360556833231904,-0.022275020155513414,230.74258880615236,238.22444915771484,0.014725730113193114,-0.017143526945380017,0.018467324853799618,0.013884041434120765,-0.33191286768896,0.7325245978497777,0.008733651544512838,0
2018-04-06,232.18376675366508,233.6733424388094,227.4064564911248,228.9225006103516,179521200,-0.022285519075470495,-0.013034381484445579,-0.04866730551048437,230.39442749023436,237.8308026123047,-0.0063887260465324,-0.03745646864958363,0.018102457648334402,0.014587154761243412,1.1719970091684955,1.515413288605079,0.02737557877000245,1
2018-04-09,230.37681089226027,233.4353402948392,229.11638636610888,230.0506896972656,105442900,0.0049282577462068655,0.013710362589368419,-0.060331641819156845,230.65444946289062,237.45761322021485,-0.002617594271564938,-0.03119261337845669,0.01673919423784258,0.013949036300443798,-0.412643743468738,0.8931720929854333,0.018773922975035724,1
2018-04-10,232.93293347707709,234.49306462652996,231.79592065488103,233.7085876464844,103529000,0.015900399838107093,0.016796636968241963,-0.04419087793342924,230.6579803466797,237.09999114990234,0.013225674200474824,-0.01430368464785714,0.015062625584729816,0.014576261656666147,-0.018151056164047108,0.8653766303339547,0.011540628433084022,0
2018-04-11,232.22779429217832,234.140488069733,232.1572925076709,232.48341369628903,91140200,-0.005242314638641443,0.0007589093853392903,-0.04301667173652335,230.93651428222657,236.75122497558593,0.006698375174105209,-0.018026564718881533,0.013997620319145811,0.014559827311068042,-0.11966502139497148,0.762085262721503,0.008530481940758675,1
2018-04-12,233.80550546359493,235.3391678373889,233.6292106832202,234.3960418701172,68890500,0.008226944638410894,0.0010916524010877726,-0.030166868297245908,231.47417449951172,236.49198181152343,0.01262286549643421,-0.008862625808077618,0.014066896890240753,0.014718742944041718,-0.2441260826726297,0.5850923558480572,0.007295162241332649,0
2018-04-13,235.7006061362064,235.8151950792524,232.703782489798,233.7085876464844,85079200,-0.0029328747113132048,0.02090701885298385,-0.031956633389251254,231.65045623779298,236.21653167724608,0.008884642154896927,-0.010617140184703056,0.013651878359154587,0.014722287844281586,0.23499176228943042,0.7220794590226238,0.013313214635316834,1
2018-04-16,235.3392547879426,236.3969700633702,234.51954024383548,235.63011169433597,63405300,0.008221880364781997,0.02425301138811009,-0.02505452331370417,232.51954040527343,235.98512847900392,0.013377676919715809,-0.0015044032094571058,0.011254796073561788,0.014874450065756016,-0.25474969205164133,0.5466994957851613,0.007967699060339752,1
2018-04-17,237.39290453761743,238.7502992568039,236.88169262714564,238.15093994140625,64682000,0.01069824322937274,0.019008083270100062,-0.001109262766505914,233.34984283447267,235.91177154541015,0.020574674697078077,0.009491550088101874,0.011085338271849692,0.014800617073986146,0.020135540719782075,0.5686228692905849,0.007846312217445032,1
2018-04-18,238.5916400362949,239.12929345575915,237.86886900462565,238.3272247314453,57303900,0.0007402229446686892,0.025136464327689678,-0.0020667213583994704,233.95185394287108,236.04421142578124,0.018702013746993762,0.009671973279386847,0.01082196707169862,0.014796534985418412,-0.1140672830153675,0.5043054457321106,0.005288629750771398,0
2018-04-19,237.67498811699372,237.87772447775663,235.97385332498524,237.005126953125,77655900,-0.005547405588304466,0.011131097019349667,-0.005694332764815568,234.23832244873046,236.0589077758789,0.011811920762880845,0.004008402759130281,0.010927770394290168,0.014843481513950037,0.35515907294267923,0.6837311167747354,0.008033037838662181,0
2018-04-20,236.9345575277574,237.1549125737747,234.114002179212,234.99542236328125,99953100,-0.008479582765486882,0.00550615075704175,0.011150011726211329,234.84561462402343,236.05904357910157,0.000637898814920046,-0.004505742290970116,0.00813671621146828,0.013813855085498263,0.28712821562817514,0.8993843300075741,0.012940296300162536,0
2018-04-23,235.56837191092225,236.1236709422671,233.8848560964105,234.96018981933597,65558000,-0.00014992863942187018,-0.002843108082336454,0.033016945841440215,235.33656463623046,236.23475860595704,-0.0015993044577509163,-0.005395348229627284,0.008137291981190812,0.012817785238337034,-0.34411238871030514,0.6229606289889738,0.009528485857872622,0
2018-04-24,235.98262893542972,236.20298397525707,230.2974581483618,231.7958831787109,112885500,-0.013467416088904782,-0.026684995508558185,-0.008034276060381873,235.14529418945312,236.27923736572265,-0.014244006125181619,-0.018974812332207658,0.007917243262792889,0.011720962706486779,0.7219179962781048,1.0877106583947,0.025477267956231092,1
2018-04-25,231.7342269813288,232.8095608821234,229.9185032158776,232.3688507080078,103840900,0.0024718624051451865,-0.02500081151094502,0.011627334599351835,235.133837890625,236.26775329589844,-0.01175920576732703,-0.016502051310437138,0.007810677758497145,0.01105280786166159,-0.0801218934229817,1.0133030984420697,0.012441674765946516,1
2018-04-26,233.3912386640193,235.55952460486205,232.95052860863132,234.73098754882807,67731900,0.010165462511963375,-0.009595317339893272,0.024939139922411924,235.1673324584961,236.2919223022461,-0.0018554656597341568,-0.006605959011249607,0.008058280411166378,0.011216593331861568,-0.3477338890552759,0.6873431436730129,0.01111483414897667,1
2018-04-27,235.33921256954207,235.6388922340953,234.01708216184804,234.95138549804688,57053600,0.0009389384483076135,-0.00018739456620686656,0.012958267059400397,235.29161224365234,236.25746704101562,-0.0014459790655569904,-0.005528212755883,0.007985204676415381,0.010886096226053518,-0.15765540314091298,0.595460735938855,0.006902747429258037,0
2018-04-30,235.5683295593977,236.1236284909085,233.073895771628,233.14442443847656,82182300,-0.007690786992976983,-0.007727970352150115,0.027342797121059137,235.0430435180664,236.1264727783203,-0.008077750573562081,-0.012629030132692232,0.00787327858632876,0.009775807396662855,0.44044021761992225,0.9069992046044869,0.013080873482716568,1
2018-05-01,232.58029509851997,233.66445140074583,231.02898726420727,233.5586853027344,74203400,0.0017768422524175875,0.0076049759808045625,0.01614445640212092,234.5838180541992,236.0023580932617,-0.004370006251786518,-0.010354442261808372,0.0068331527902657,0.009401454813141542,-0.09708781574621295,0.8401526086533905,0.011283948328115136,0
2018-05-02,233.36480513816892,234.1756966045544,231.6019648561736,231.9897918701172,86368900,-0.006717341427845636,-0.0016312807707903332,-0.0013659580731792964,233.9500747680664,235.8768896484375,-0.008379065062888325,-0.01647934981724508,0.006916499057727667,0.009245805913548307,0.16394801316381735,0.9990154881759974,0.011094159478455564,0
2018-05-03,231.1612325749448,232.13077311783923,228.3318548270563,231.47853088378903,136311500,-0.0022038081167571333,-0.013856102677378579,-0.011368864725818217,233.3974151611328,235.76489990234376,-0.008221531828101147,-0.018180691953425532,0.006842360782937792,0.009064493307328194,0.578247494179039,1.5292365815482152,0.016411536207174747,1
2018-05-04,230.50904174879244,235.15414423876828,230.18292052098005,234.47543334960935,91222100,0.012946783679584017,-0.0020257473580272967,0.024256823704321695,233.3454162597656,235.70670349121093,0.004842679611866796,-0.005223738329730998,0.007966972680974984,0.007972188221677966,-0.3307820690110519,1.0767226294986763,0.021201469368332514,1
2018-05-07,235.24221997236103,236.2382020758494,234.55468648152564,235.26866149902344,55304900,0.0033829904399040878,0.009111249671370336,0.022681835071324485,233.3762634277344,235.58869506835939,0.008108785544400643,-0.0013584419627736821,0.008047022599359806,0.007941882207212867,-0.393733536061985,0.6726853903549719,0.007155715442920301,0
2018-05-08,234.89845322694333,235.6300200638076,233.70853072952207,235.26866149902344,67499200,0.0,0.007321398448842054,0.006675295367831513,233.72354125976562,235.41467803955078,0.006610888363789202,-0.000620252491235096,0.006488996287274065,0.00714351242308216,0.2204922167836847,0.839400143868672,0.008167213270321175,1
2018-05-09,235.93853351993556,237.86884575308144,235.41849887202423,237.542724609375,59666100,0.009665813950155089,0.023936108112751375,0.02176202952566464,234.24092864990234,235.34706787109374,0.014095726047976598,0.009329441654585935,0.006987467272901684,0.00730449257259944,-0.11604730130134877,0.7568007117207516,0.010315394357316838,1
2018-05-10,238.28313651745867,240.0900640885636,238.1773703959911,239.763916015625,72063900,0.009350702741591554,0.03579332001202107,0.022900873678072697,234.74422149658204,235.37269378662108,0.02138367661210383,0.01865646417330291,0.006888662412059556,0.007366242252809796,0.20778633093163457,0.9122176626465944,0.007977404291510889,1
2018-05-11,239.88734702869564,240.75994449971637,239.3761082021168,240.4955291748047,59871500,0.003051389764304746,0.02567474016017357,0.02904018888080584,235.29863586425782,235.48230560302736,0.02208637245795564,0.02128917312466161,0.006879952230960281,0.0073126484832072534,-0.16918873388756372,0.7701683837655351,0.005754104046540208,1
2018-05-14,240.9274210765786,241.57966348961148,240.06361950078988,240.6101226806641,54790600,0.0004764891316382247,0.022703666300506464,0.02113486663702946,236.04520568847656,235.56998016357423,0.01933916420319992,0.021395521252708383,0.00598074365503893,0.0071385959180679725,-0.08486341581553825,0.7087362590880621,0.006300832117664789,0
2018-05-15,239.3848901863238,239.40250890537564,238.00987693366224,238.9530029296875,87036100,-0.006887157250553,0.015660145329977837,0.003367876643604939,236.5846374511719,235.5699057006836,0.010010647791974359,0.014361330319087928,0.006779662662119871,0.006971366652057434,0.5885224837837146,1.1097981113587712,0.005828058047561698,1
2018-05-16,238.9882384224813,240.4161345587696,238.96176999888644,239.9577789306641,53942600,0.00420491054164418,0.010166820833012347,0.006841661505756047,237.38143615722657,235.57781372070312,0.010853177127680302,0.01859243508878894,0.005999233626815222,0.007028540783362393,-0.38022728500013214,0.689299756827176,0.006060918576444291,0
2018-05-17,239.69342108090297,240.83046071677836,238.97947284179327,239.755126953125,56536400,-0.0008445318107300759,-3.665715277789694e-05,0.0116031245203565,238.20909576416017,235.5834213256836,0.006490227352592415,0.017707976240289858,0.0058722425177859675,0.006897799756362622,0.04808444531780087,0.7323261157139873,0.007720326561971642,0
2018-05-18,239.41133531592277,239.7727208029804,238.80315326438767,239.1557159423828,64368000,-0.0025000967376992422,-0.0055710525556091905,0.017703721788546734,238.6771240234375,235.55386596679688,0.0020051855447122957,0.015290982216753957,0.005102517235268781,0.006607022799542041,0.13852314615009087,0.8534394599338362,0.004054126554208308,1
2018-05-21,240.6365285554006,241.49150719389405,240.2487015297659,240.95382690429688,58025900,0.007518578240242713,0.001428469508279795,0.025509160039279388,239.24564056396486,235.47651947021484,0.007139884916211647,0.023260524855748255,0.005387590299385321,0.006763630801078258,-0.09852877206065125,0.7732120074464391,0.0051578581676637114,0
2018-05-22,241.473904138964,241.72952356428223,239.95786010756729,240.2839813232422,52966400,-0.0027799748593357876,0.005570042549104759,0.03661884770398216,239.7471725463867,235.39192169189454,0.0022390619716343707,0.020782614782128617,0.005593195739780773,0.005904641463761344,-0.08719382206911053,0.7351409749794967,0.007373206682186673,1
2018-05-23,239.01478242446296,240.97153679431813,238.85610630888425,240.945068359375,64694200,0.002751273857259262,0.004114429768064198,0.03690777668881262,240.08740692138673,235.35215087890626,0.0035722883136020123,0.023764038100278162,0.004947617532428278,0.005906604270662,0.22141961696471735,0.9229901140608465,0.008779721036990323,0
2018-05-24,240.5484320183078,240.82167017612028,238.67100236063115,240.4514617919922,76043800,-0.002048626978521928,0.0029043584915844356,0.02437034114200265,240.15616149902343,235.32744049072267,0.0012296178083690545,0.021774006850134198,0.004173646423669961,0.0056241211326075995,0.17543458300744108,1.0785196539889264,0.008944290874594937,0
2018-05-25,239.8785095214844,240.5043103513088,239.3760935361218,239.8785095214844,56374800,-0.0023828188285394125,0.0030222718125445525,0.020970823444999453,240.0944595336914,235.29653717041015,-0.0008994377155825406,0.019473182249834187,0.004128296235662148,0.005681600533782044,-0.2586535654451777,0.7999417654518435,0.0047032842476701356,0
2018-05-29,238.25663771876523,239.01467290509532,236.00902748139347,237.11959838867188,115908600,-0.011501285122690108,-0.015912710600557878,0.01705026384297814,239.7454071044922,235.20522064208984,-0.010952488089483459,0.008139180505245314,0.0054275190168021825,0.006042679033843469,1.0560356755145914,1.60627339724275,0.012675651629500405,1
2018-05-30,238.4241973532848,240.7246914847085,238.35369556292807,240.2839813232422,69678400,0.01334509233346215,0.0,0.028794887296914595,239.87850494384764,235.24259216308593,0.0016903406142598776,0.02143059687363591,0.006777387727444803,0.006657174897412259,-0.39885047356279,0.9686475858080139,0.009867473931151699,0
2018-05-31,239.87853804791965,240.1782177330343,238.21266760730975,238.81202697753903,93519900,-0.00612589460852575,-0.0088528119556881,0.029407479753425392,239.76392974853516,235.2424166870117,-0.003970166705202449,0.015174177942903322,0.006948028607938009,0.006620235913803996,0.34216486027233683,1.2936545773973045,0.00823053240073798,1
2018-06-01,240.10766305948604,241.45623479489305,240.0371343851021,241.15655517578125,71258400,0.00981746283013929,0.0029323730391750402,0.04180959787087524,239.9040725708008,235.29829895019532,0.005220764247805043,0.024897146523043645,0.007663179267000738,0.006811974096653429,-0.2380402459797326,1.0321531769406067,0.005884560793947988,1
2018-06-04,241.97629276170585,242.5580333367851,241.73831898505043,242.3024139404297,45385200,0.004751514068581653,0.01010471685763159,0.03338081298755968,240.21874237060547,235.4962649536133,0.008674059106551946,0.02890130333131613,0.007679328831939399,0.006354519679136651,-0.36308982519955546,0.679961247548476,0.003383021813130545,1
2018-06-05,242.43464209387943,242.8577335202975,241.66781073878215,242.47872924804688,51135000,0.0007276663271729156,0.022600961269302777,0.030646103493275456,240.37123260498046,235.79683013916016,0.008767674152296845,0.028337527289672426,0.0073655582320668826,0.006344407687566064,0.1266888765500649,0.7685053333984588,0.0049073285116819545,1
2018-06-06,243.08693803970908,244.61177810638048,242.46993300426405,244.50601196289065,62732200,0.008360662071805747,0.0175710033452825,0.03926298728020594,240.7934356689453,236.0134848022461,0.01541809594448229,0.03598322853357461,0.007626124728204388,0.006511563060488797,0.22679573677520293,0.946188455789526,0.008759887271980486,0
2018-06-07,244.99076149724047,245.2816183350628,243.5716609522489,244.47952270507807,72969400,-0.00010833785885233649,0.023732036444178206,0.029202317634060337,241.14688110351562,236.30911376953125,0.013819965600682327,0.03457509025028682,0.007638823999163288,0.00626387788269917,0.1631889205224748,1.0896636925537218,0.006994276509925443,1
2018-06-08,244.0211859352413,245.2551688263036,243.85371394658185,245.2022857666016,72139700,0.002956333739228656,0.016776365825392325,0.022682186049306052,241.62196350097656,236.63277069091797,0.014817867605030788,0.03621440534488296,0.007545069097682771,0.005997384903706114,-0.011370519697297743,1.0772126834182845,0.00571550495681647,1
2018-06-11,245.42259998705825,246.2423141748829,245.30801107716343,245.5283660888672,58892500,0.0013298420985192738,0.013313743334107286,0.020926945841077904,242.18694915771485,236.90442260742188,0.01379684967655459,0.03640262763577096,0.007396190811625114,0.005980826134497457,-0.1836325906539672,0.880044584641894,0.00380527558832571,1
2018-06-12,245.9427074826128,246.20712281550615,245.20231765169825,245.84576416015625,72329000,0.0012927144685765946,0.013885898043720868,0.021759855409079654,243.05956573486327,237.28255249023437,0.011463027249593027,0.03608866973172975,0.005628184016477893,0.005979469440221407,0.2281529906184998,1.0668493694210606,0.0040871363687735585,0
2018-06-13,246.08368408186067,246.3393034469007,244.85849721046816,245.0612335205078,79070600,-0.0031911497126196897,0.0022707889804420844,0.025562476788030475,243.53729095458985,237.58681884765625,0.006257532716835934,0.031459719478984516,0.0048309655843240575,0.005773390149185653,0.09320742717305652,1.1731795416963717,0.00604259684471313,1
2018-06-14,245.92500392262772,246.20703788081565,245.0876441593097,245.6782073974609,77097600,0.0025176314837307423,0.004903006514082708,0.023839312450252947,244.22390899658203,237.85424072265624,0.0059547748901982445,0.03289395493237213,0.00390352873047491,0.005740614434715158,-0.02495238432489444,1.1245881122522656,0.004556341131612827,0
2018-06-15,244.8955731037613,245.70127036855243,243.78885054546487,245.3648223876953,120041600,-0.0012755914050552875,0.0006628674793367484,0.023397603654444765,244.64473571777344,238.07872833251952,0.002943397362747957,0.030603717124191965,0.0032181068801380754,0.005749474428271676,0.5570082596604824,1.6734837496912098,0.007794189095557431,0
2018-06-18,243.91282259238105,244.98414962861307,243.43473783628795,244.8601837158203,52917600,-0.002056687128025314,-0.002721406017930472,0.023852525334630892,244.9005126953125,238.39748199462892,-0.0001646749492205668,0.027108934486719916,0.0032294417701017905,0.005735403892676538,-0.5591728200890358,0.7436525281959959,0.006327740871596062,0
2018-06-19,242.59354872798747,244.14296007935235,242.17742002712305,243.92161560058597,97531500,-0.0038330777221160517,-0.007826649225149085,0.012316835695943773,245.0448013305664,238.6749005126953,-0.004583593383257534,0.02198268471724618,0.0035834895829199324,0.005637521884774421,0.8430824527189442,1.3335941320025946,0.008058080655909607,1
2018-06-20,244.60344752461447,245.00187855818777,244.00139677932216,244.3378448486328,53785500,0.0017064057526103849,-0.0029518690552680082,0.01687113515876515,245.02798461914062,238.88748565673828,-0.0028165753049821385,0.022815591101018384,0.0024067204339493858,0.005583809479101499,-0.4485320127343474,0.7350228612055096,0.004094665644142861,0
2018-06-21,244.32888136494853,244.34660621575017,242.31022080360503,242.8060302734375,71061400,-0.00626924812300067,-0.011690809512366562,0.007723594123482336,244.86063537597656,239.09393798828125,-0.008390916324235942,0.015525664583508458,0.0031057506029027876,0.005783050929834195,0.32119995165983406,0.9669055014083873,0.008386881536063371,1
2018-06-22,244.06332375690923,244.17842722996417,243.02741951900936,243.24876403808597,54898500,0.0018234051442209687,-0.008624130912563421,0.011633542276044295,244.665283203125,239.27099243164062,-0.005789620605319068,0.01662454594274232,0.002976234956189051,0.005761513314701936,-0.22744978286383322,0.7578858520933613,0.004731813193404754,0
2018-06-25,242.0978250397967,242.2571866362737,238.2552867692335,239.9375,137854200,-0.013612665417562009,-0.020104059553975873,0.0002459181467870941,244.10619659423827,239.39557067871092,-0.01707738948211801,0.002263739967087286,0.004912052197312503,0.006558936481088536,1.5110740730621055,1.8017721526266908,0.01667892624971173,1
2018-06-26,240.5041726972404,241.31870559655965,239.7515957435901,240.46875,68547400,0.002214118259963538,-0.014155635990210635,0.014124313781260778,243.56849517822266,239.49234344482423,-0.012726379805214627,0.004076984429361108,0.004994667498502126,0.005981077080789077,-0.5027543593158569,0.9245386033448122,0.006516896074727238,0
2018-06-27,241.05304649180533,242.4784922417537,238.326066854242,238.47659301757807,105110700,-0.008284473481156795,-0.023988309443777722,-0.007521884295868753,242.9100311279297,239.49885650634766,-0.018251358701678044,-0.004268343923147344,0.0053540031640921595,0.005515163760526775,0.5334017045139567,1.3846042282509679,0.017412297513012744,1
2018-06-28,238.42340167504796,240.60142355554945,237.71508320443863,239.8400115966797,76650500,0.005717200844953085,-0.012215589017363415,0.004304576415815609,242.32621154785156,239.52911224365235,-0.010259723598579518,0.0012979606116148013,0.0057796090518220464,0.005499606638111748,-0.2707640611279346,1.0210479026860444,0.012034440508469253,1
2018-06-29,240.92900158205364,242.2924909537041,240.07018403894463,240.18528747558597,97592500,0.0014396091653252618,-0.01259400669357702,-0.004027540115952188,241.80825805664062,239.59271545410155,-0.0067118079179682155,0.0024732472369257685,0.005900148184444581,0.005029850084614985,0.27321413428483843,1.2776039628665194,0.00925246895060276,1
2018-07-02,238.61832659509105,240.8583327289205,238.37925714920695,240.69894409179688,63554800,0.00213858484676388,0.0031735101507555097,-0.0066176387703138495,241.3921340942383,239.70678588867187,-0.002871634591750216,0.004139049294940689,0.006051995372535492,0.004927646797223882,-0.348773727489305,0.8222303957495128,0.010299486726323472,0
2018-07-03,241.59310330365744,241.69050893899276,239.42394330078528,239.84890747070312,42187100,-0.0035315344830493256,-0.002577642746913633,-0.010845577199695478,240.98486328125,239.80456024169922,-0.004713805651855862,0.00018493071590963694,0.00604090531483808,0.004971808206828342,-0.3362090668210741,0.5489665569981034,0.009449972743712981,1
2018-07-05,240.97340287322703,241.86761650524355,239.90207576914923,241.80563354492188,56925900,0.008158161297681765,0.013959611235717428,-0.011044220942831529,240.7316421508789,240.00475524902345,0.004461363634822302,0.007503510895148224,0.006744623646181797,0.00495291271389044,0.3493674606692567,0.7435666338810234,0.008128597780287693,1
2018-07-06,241.83213897590315,244.2226431574184,241.4514059339386,243.85079956054688,66493700,0.00845789233957217,0.01672276421755603,-0.002571680186440939,240.83611907958985,240.23439422607422,0.012517559627178487,0.015053653520858523,0.007071198675224858,0.005347213548437362,0.1680746373794706,0.8722302344560569,0.011364478724178706,1
2018-07-09,244.85130397928492,246.09969034891844,244.8070458819004,246.04656982421875,50550400,0.009004564543683813,0.024403169778784095,0.003443214466690492,241.11589965820312,240.46070587158204,0.0204493779672148,0.02322984095214231,0.007572794367364807,0.005690097597287601,-0.23977158738346638,0.6726183942044837,0.005253657744310537,1
2018-07-10,246.4981039476257,247.02933617681356,246.2059140627553,246.9319305419922,51966800,0.0035983461114941218,0.02589536266440029,0.005716506306310043,241.81534271240236,240.70031677246095,0.021159070273200742,0.025889512124830816,0.005516316086900784,0.005736492591056018,0.028019560676077804,0.6946656299733325,0.003334611737942974,0
2018-07-11,245.38256069839704,246.1705602592928,244.82476811387056,245.12579345703125,77054700,-0.0073143116039980915,0.02200087564281561,-0.0029285463005007673,242.28104705810546,240.93994415283203,0.011741514383680096,0.017372998565750697,0.006398641461713236,0.005976004825489818,0.4827678440850698,1.0267847208295329,0.005490210256711149,1
2018-07-12,246.38307017591052,247.40124980844712,245.78101942166649,247.3481292724609,60124700,0.009066103505827927,0.022921284530409203,0.009331936019010278,243.16820068359374,241.21573303222655,0.017189453954573608,0.02542287007214017,0.005624116113523497,0.006266942961338708,-0.21971404729367583,0.8114284241320084,0.006550404854673084,1
2018-07-13,247.17103350001076,247.84390253014723,246.71948199088973,247.5428771972656,48216000,0.000787343431209786,0.01514072393189747,0.007589886866880224,243.93848724365233,241.52679473876952,0.014775814978360113,0.024908550891850068,0.005641105069603042,0.006249298400801792,-0.19806668474021494,0.6636452382910475,0.004542326371852966,0
2018-07-16,247.5871628642055,247.72879959326505,246.87884412092143,247.321533203125,48201000,-0.0008941642621540513,0.005181797006221789,0.00797469986279431,244.65211181640626,241.84365478515625,0.010911090719388339,0.022650494687715073,0.005767976954712881,0.006244506518977074,-0.0003111000497759697,0.6979457147058383,0.0034366416111675786,1
2018-07-17,246.5511893583646,248.7115136350512,246.49806884496985,248.3219451904297,52315500,0.004044985385413424,0.005629140975760283,0.014137706760144475,245.41441192626954,242.12058502197266,0.011847443030500004,0.02561269281541767,0.005769789598108837,0.006266367644915467,0.08536129955810035,0.7578536295358878,0.008913609259882119,1
2018-07-18,248.4017017760098,248.9506319283564,247.95901268287892,248.84439086914065,44593500,0.0021039045836659387,0.015170159613420164,0.020181791828632223,246.31396026611327,242.392099609375,0.01027319198754939,0.02661923086669815,0.00530228503915618,0.006179303121702266,-0.14760443845514237,0.6717482944747126,0.003984896914951669,0
2018-07-19,248.18034885597547,248.56105497851968,247.42777201912497,247.9058837890625,61412100,-0.003771461662447906,0.002254937275014468,0.014602891102031723,246.92398529052736,242.64484405517578,0.003976521346761297,0.021682058625117184,0.0055254420318327615,0.0062679362900264326,0.37715362104342565,0.9198169056296531,0.004571424211774619,0
2018-07-20,247.70222412251425,248.33086203476083,247.4631817598543,247.6225433349609,82337700,-0.0011429355760780302,0.0003218276308221135,0.019836875781459318,247.30115966796876,242.8464404296875,0.0012995639301636164,0.01966717278961405,0.005201402139710758,0.006067672187642054,0.3407406683699141,1.2229088383920335,0.003504043950202067,1
2018-07-23,247.41891322282152,248.28656644152343,247.0736028050646,248.08294677734372,47047600,0.0018592953459815043,0.0030786384200254258,0.01987341131361653,247.50479736328126,243.01282104492188,0.002335911950885894,0.020863614152623722,0.004507841488941217,0.006067933786104514,-0.4286019648350634,0.7028655670031629,0.004889347100296529,1
2018-07-24,249.49068741146465,250.1724187805513,248.46364563466813,249.331298828125,68026900,0.005031994609051793,0.004064697692832908,0.03915102402969528,247.74473419189454,243.1895364379883,0.006404029701804204,0.02525504378229204,0.00462676463062785,0.005051578758097232,0.4459164760795449,1.072210429506596,0.006853424154586857,1
2018-07-25,249.08341911238333,251.7749762113117,249.03916101342188,251.4562530517578,78882900,0.008522613220322661,0.010495965665509699,0.045692020488141694,248.37778015136718,243.40645904541014,0.012394316828641117,0.03307140672403386,0.004160258846849936,0.005262528810647253,0.1595839292985568,1.23327275072406,0.010879885326720039,0
2018-07-26,250.73911347212268,251.54478384538663,250.64170782132055,250.8630523681641,57919500,-0.0023590611742377865,0.01192859376269495,0.05193993755887405,248.7292724609375,243.64466003417968,0.00857872451487074,0.02962672086871021,0.0037208372725001525,0.0047832364914944595,-0.26575341423806675,0.9402105654801762,0.003599876568274932,0
2018-07-27,251.19056669837929,251.28797232154227,248.24227005963425,249.1630706787109,76768700,-0.006776532747270858,0.006221272599022276,0.03887199229171601,248.89129180908202,243.82876586914062,0.001091958130208015,0.021877257962389596,0.0045416209783218755,0.0051491058155421305,0.32543789224699804,1.2460711653892476,0.012223730641991367,0
2018-07-30,249.24280576177927,249.40216734030943,247.3392211685941,247.8616180419922,63742500,-0.005223296667413835,-0.0008921561849640769,0.031960036549642856,248.94530029296874,243.99089569091797,-0.004353093831059418,0.01586420813003442,0.004898714586670065,0.0053917300642541376,-0.16968113306595,1.0638626345840267,0.008322975489354867,1
2018-07-31,248.6230481254545,249.69434817311216,248.2423419873048,249.08343505859372,68570500,0.004929432101078879,-0.0009941141392847408,0.034833933312142795,249.02144927978514,244.1894500732422,0.000248917428550266,0.020041754399641842,0.004982534181127318,0.005442603648311986,0.07574224418559039,1.1396717646260064,0.0058293968262714746,0
2018-08-01,249.28707288390544,249.79174492044825,248.0209885982045,248.66729736328125,53853300,-0.0016706759131316362,-0.011091216283663052,0.036766437610958436,249.0037399291992,244.34371948242188,-0.0013511546694584542,0.017694655258656766,0.004975125760552636,0.005363293970437001,-0.21462873976418428,0.8864712286108711,0.007120985915799113,1
2018-08-02,247.36580775888572,250.1901391246965,247.1621610627142,250.02194213867188,63426400,0.005447619328132314,-0.0033528661217826494,0.033978979204484006,249.21534576416016,244.53847869873047,0.0032365437691586063,0.022423724352587326,0.00506433963374089,0.0052272404389812396,0.17776255122712992,1.0384964638686525,0.012110849296190362,1
2018-08-03,250.14588536337493,251.14636698691,249.96879892714696,251.0932464599609,53935400,0.0042848412108360545,0.007746636674496932,0.029700320492965115,249.56241607666016,244.7414422607422,0.006134058194205538,0.02595312073241618,0.005116199787674943,0.005021919773516888,-0.14963800562541785,0.8922713758702725,0.004689763967629535,1
2018-08-06,251.128690386701,252.3239293637216,250.73912180973468,252.0140686035156,39400900,0.0036672517343134814,0.01675310035626376,0.024253533725587584,249.95552825927734,244.97269439697266,0.008235626387518513,0.028743506389053097,0.0051657568432457515,0.004734400605622129,-0.26947978507622083,0.6578896617338871,0.006288567788174655,1
2018-08-07,252.67816220986396,253.22709251137783,252.5453338301513,252.8463592529297,43196600,0.003302556297853032,0.015107083268908639,0.023951656223461626,250.30703430175782,245.23205139160157,0.010144840548550471,0.031049399204222006,0.005065525899742629,0.00472700191688234,0.09633536289780187,0.7265877359829858,0.0026963357639037903,0
2018-08-08,252.67809533094987,253.13848226400177,252.27966433647936,252.74005126953125,42114600,-0.0004204449837147406,0.01637832537464723,0.03106265442373668,250.43541412353517,245.54446044921875,0.009202520953603077,0.02930463512452408,0.004418944950145959,0.004306509793592294,-0.025048267687734715,0.729834501977885,0.003398028619557944,0
2018-08-09,252.8019959556701,253.1915644629668,252.2619283094053,252.3947296142578,35717000,-0.0013663115661283198,0.00949031695094149,0.02040282397380877,250.58858184814454,245.78667541503907,0.007207621962631139,0.026885323169208775,0.0043578527939475255,0.00396515123614529,-0.15190931410959618,0.6323391449568045,0.0036832629388984434,0
2018-08-10,250.9604109905374,251.5004786142231,249.9953251699048,250.70364379882807,77076000,-0.006700162947198884,-0.0015516254085908843,0.01276856210669175,250.74263916015624,246.02450775146485,-0.00015551946593039823,0.019018983474971884,0.004343498651774897,0.0043251862129166825,1.1579639947364,1.3305728440985911,0.006003715867512893,0
2018-08-13,250.97816157511463,251.58907469989236,249.47300781443937,249.76519775390625,65732900,-0.0037432485252382186,-0.008923592488590093,0.009880516747299506,250.93299713134766,246.19668060302735,-0.004653829471578552,0.014494578652069157,0.004142644787354848,0.004424278764810827,-0.14716773055166332,1.117839449250704,0.008472224731397351,1
2018-08-14,250.4911572717216,251.59787977889283,250.10158878763,251.3588104248047,43842000,0.006380443253221513,-0.0058832123686501925,0.012229548347191477,251.16053466796876,246.37780853271485,0.0007894383450730569,0.02021692587394064,0.004325765861179447,0.004551725103931476,-0.33302805748719444,0.7509782913111288,0.005952809009296543,0
2018-08-15,250.0131048919749,250.1547686488498,248.04756417218383,249.48187255859372,102925400,-0.007467165614918669,-0.012891422212551795,0.002561768369488071,251.2419921875,246.5178713989258,-0.007005674543420715,0.012023473766214154,0.005040527398900618,0.004878651386034383,1.3476438118698963,1.6791414249227667,0.00844632299355164,1
2018-08-16,250.91618119228195,252.36821443698148,250.88075849812856,251.5005340576172,69967900,0.008091415533805435,-0.0035428455974784168,0.014500060319719177,251.38985137939454,246.6577618408203,0.00044028300114473673,0.019633569122881056,0.00539513856571275,0.005094531240688823,-0.3202076455374475,1.1335563737646972,0.0059143251700298615,1
2018-08-17,251.29680914557773,252.82852271080512,250.889542858138,252.3858337402344,65618500,0.003520070786070084,0.006709874319801079,0.019236093536242116,251.51911010742188,246.81588806152342,0.003445955388607924,0.022567208790556403,0.005342309268659568,0.005110865310011245,-0.06216279179452289,1.0776869602563055,0.007682601768619101,1
2018-08-20,252.8374974120631,253.1916433418644,252.38594581529497,252.9260406494141,39807500,0.0021404010723347078,0.012655257513587648,0.01952207491479485,251.6103073120117,246.9703631591797,0.005229250548034248,0.024114948101670697,0.005263812104127091,0.005113838262423743,-0.3933494365156168,0.6576896279912838,0.003185506421168437,1
2018-08-21,253.4394537434445,254.37795226648169,252.96134205561293,253.5191345214844,67272000,0.0023449300457456523,0.008594582752156965,0.016796269513865925,251.67758483886718,247.13017852783204,0.007317098516326892,0.025852593283878678,0.005213075554752098,0.005036480767194228,0.6899328016077373,1.1121448241629301,0.005587784186556947,0
2018-08-22,253.11183940984816,253.89097628816756,252.84620982700872,253.3686065673828,44993300,-0.0005937538181711721,0.015579224129305125,0.0076051141795681065,251.74044036865234,247.28063537597657,0.006467638637424056,0.024619684360442706,0.005215942802350807,0.004706824572852601,-0.3311734451183256,0.7652696799480287,0.004123503994094826,0
2018-08-23,253.19155760642928,254.0503753806769,252.7134459023137,253.03219604492188,49204900,-0.001327751401480226,0.006090094373134791,0.008646724403139183,251.80418701171874,247.44005462646484,0.004876841198617532,0.022599984577674537,0.005214620464838151,0.004680705705038607,0.09360504786268176,0.8431514857822745,0.005283633858696196,1
2018-08-24,253.60767750362837,254.6967021750704,253.55455698498164,254.55503845214844,57487400,0.006018374068714083,0.008594795832109536,0.021640316756211142,252.18932647705077,247.6175912475586,0.009380698256129305,0.028016778491533056,0.004866602328589171,0.004513724348471139,0.1683267316872914,1.0016229848808897,0.0044868300271474326,1
2018-08-27,255.7504118429028,256.67121301707783,255.5910502030282,256.5649719238281,57072400,0.007895869922282195,0.014387333408101055,0.03511376206848382,252.86930389404296,247.84159423828126,0.01461493337812847,0.03519739175483183,0.0048554240899444405,0.004502632536607772,-0.007218973201084111,1.0002042560082243,0.004210094643669129,1
2018-08-28,257.02523321330386,257.13150127415275,256.22839838429445,256.6888122558594,46943500,0.00048268604674528426,0.012502715979832102,0.03053345235694449,253.40230407714844,248.07816680908203,0.012969527608203357,0.03470940452975846,0.004714894780591026,0.004446112986273656,-0.17747457615239592,0.8385853401952629,0.003518279125301801,1
2018-08-29,256.9013321766645,258.3002177918885,256.6622897986318,258.0700378417969,61485500,0.00538093411161511,0.018555697716890363,0.03781253336573265,254.26112060546876,248.36113525390624,0.014980336857078225,0.03909187553827609,0.0033752134447527183,0.004459822716505803,0.30977664639406943,1.0909227044478713,0.006346835172941693,0
2018-08-30,257.59186237570543,257.9637059829279,256.432019425289,257.02520751953125,61229500,-0.004048630871694381,0.015780645850698383,0.02801060307328984,254.81358795166017,248.6148825073242,0.008679362767305188,0.0338287270954476,0.0036689319282020047,0.004562858622698327,-0.004163583283863681,1.0885019971143706,0.005959285365123074,1
2018-08-31,256.61789845259415,257.476715999856,256.13095147015736,257.0340270996094,66140800,3.4314066558849277e-05,0.009738517306648875,0.023659659203919547,255.27840728759764,248.89944244384765,0.006877275013839501,0.032682213250023295,0.00369311424496565,0.004519817815662381,0.08021133603900088,1.1631926949427758,0.005235744640055539,0
2018-09-04,256.61799092686505,256.94557650796173,255.59094906584016,256.5914306640625,57594400,-0.0017219371323756727,0.0001031268611455527,0.018163121153955464,255.6449462890625,249.16629577636718,0.00370233947018761,0.02979991681683769,0.0038557478494576363,0.0045243465787641836,-0.1292152498911413,0.996941290979288,0.0052793167667983774,0
2018-09-05,256.23732697015714,256.44097369820634,254.89156173412889,255.90087890625,72452400,-0.0026912502729546928,-0.003069605343079762,0.012080536426726907,255.88312072753905,249.4855633544922,6.939957063378799e-05,0.02571417546370136,0.004049398421066774,0.004555935808681601,0.257976469934577,1.2231577882899647,0.006054734828187446,0
2018-09-06,256.00711579754653,256.30814116044616,254.1035579623756,255.13059997558597,65909900,-0.003010067546294848,-0.01139007802220282,0.00945852742391562,256.0593200683594,249.77880035400392,-0.003626972423911412,0.02142615631909961,0.0042197863058842195,0.004623080027290805,-0.09030066636853995,1.090796221215332,0.008640998760170389,0
2018-09-07,254.0859116153808,255.60876359604623,253.8468421466892,254.6348419189453,73524800,-0.001943154042235995,-0.009300121274697482,0.008875432177649412,256.2195846557617,250.10196533203126,-0.006185096033722526,0.01812411422235849,0.004256988075330054,0.004636989647172373,0.11553499550143442,1.1799072600801905,0.0069194044148831865,1
2018-09-10,255.64414275692636,255.90977248057104,254.8827303256062,255.0775146484375,50210900,0.0017384609512043347,-0.007611881093135042,0.01744637925214665,256.27183227539064,250.4067153930664,-0.004660354656807253,0.01865285141430517,0.003852027185610129,0.004325389304397371,-0.3170889278175527,0.8235237870852758,0.0040263923552037685,1
2018-09-11,254.4311955973622,256.3613140937847,254.08591205919012,255.9186248779297,50530500,0.0032974691267924072,-0.002622089850746745,0.024636847644748272,256.20719757080076,250.72138214111328,-0.001126325472536105,0.02072915637443029,0.0030166980258418234,0.004214922308056779,0.006365151789750723,0.8392282597728725,0.00889111543046122,1
2018-09-12,255.92742451264516,256.58259574508,255.1925724832599,255.9805450439453,59810800,0.00024195255833836526,0.00031131638951698015,0.018387000683722787,256.13637084960936,251.02701416015626,-0.0006083704752557484,0.01973305901104605,0.003011173679663289,0.004039690320654626,0.18365739503863998,0.9803584267695081,0.005430191038859954,1
2018-09-13,257.0430128319784,257.6804862349242,256.75968531520266,257.4945373535156,51034200,0.0059144819357674905,0.009265597220230903,0.03211722243683268,256.0788208007813,251.3799267578125,0.005528440611790142,0.024324180035242504,0.0031250445937996713,0.0036687317655446725,-0.1467393848602594,0.8736555469779749,0.003576001763708816,1
2018-09-14,257.698179952664,257.88410181150124,256.75968121049704,257.538818359375,55079900,0.00017196871947056103,0.011404474024627298,0.024009031727839192,256.13018188476565,251.69459045410156,0.0054996895104033605,0.023219521304488122,0.0028205040513548975,0.00334279212790884,0.079274290573772,0.9550850002050454,0.004366023763591101,0
2018-09-17,257.48563159353705,257.5210272587637,255.9007974379103,256.1752624511719,68244000,-0.00529456458987243,0.004303585144489697,0.015014427136341268,256.0443054199219,251.94107971191406,0.0005114623855242417,0.016806241936009325,0.0033158648985660757,0.003591557159248821,0.23900007080622876,1.1806628313520964,0.006324692733211134,1
2018-09-18,256.3878005462383,258.1585568998184,256.3612402817185,257.5653686523437,61930400,0.005426387340724537,0.0064346382573736705,0.018342626923734784,256.14169921875,252.17145568847656,0.005558132228903112,0.021389863294165146,0.003727353677465263,0.0037308935931185303,-0.09251509290194004,1.0513147078283225,0.006978098909430168,1
2018-09-19,257.6184687058169,258.2559420232231,257.4945028015122,257.8398132324219,49080600,0.0010655336993252718,0.007263318343811553,0.017042811064706065,256.33559265136716,252.38961334228514,0.005868169010382118,0.02159439058510415,0.003568779612510849,0.003716039415542084,-0.20748776045367057,0.8462463493356366,0.0029531483604686632,1
2018-09-20,259.0969993755768,260.24797982774675,257.8574487106688,259.9292297363281,100360600,0.008103544901433946,0.009455316636367783,0.025893591387773363,256.8154556274414,252.68568206787108,0.012124558863793045,0.028666237078329715,0.00397170370945617,0.004033314604646445,1.0448120031132464,1.6515812940611723,0.009196853772478406,0
2018-09-21,260.6702248801384,260.7858494407228,259.53181151286344,259.69189453125,105479700,-0.000913076245095179,0.008360200553807484,0.026319569566340073,257.3211608886719,252.93255737304688,0.009213131304050659,0.026723871487346118,0.003873909708455476,0.004020211719671322,0.051007068510949605,1.6590046792935715,0.004828945201092779,0
2018-09-24,259.1137115939335,259.25601660965026,258.2510060962114,258.8291015625,53409600,-0.0033223715753907257,0.01035946674138355,0.016790330045480584,257.6963195800781,253.15828186035156,0.004395801943418487,0.02240029305174618,0.004223107923760646,0.003986557584480622,-0.4936504370035182,0.842738806448223,0.0038829115712714834,0
2018-09-25,259.2826786788656,259.3894006475928,258.3488343105982,258.5889587402344,44370000,-0.0009278045660859879,0.003974098277444771,0.007888788563885196,257.9633529663086,253.38363037109374,0.0024251730593976006,0.02054327014542001,0.004231219475622223,0.003637630101700965,-0.16925047182528985,0.7071919363861966,0.004024016887897874,0
2018-09-26,258.7312825518188,259.91415398039527,257.3972035619519,257.8152160644531,79739700,-0.002992172131210391,-9.53970903887491e-05,0.004388207646038644,258.1468200683594,253.5734957885742,-0.0012845558346155084,0.016727774575524323,0.004418990138282066,0.0037155838957114978,0.7971534820824882,1.2385612443191623,0.009762613925060623,1
2018-09-27,258.2866175118633,259.62069664612955,258.0109099954677,258.53564453125,59249500,0.002794359765859511,-0.005361402434392537,0.001804187318089845,258.2509307861328,253.76732086181642,0.0011024693860754997,0.018790140721192783,0.004111150119358162,0.003568810328678866,-0.25696359529820156,0.9218970046418878,0.006226555930345758,1
2018-09-28,257.9130552985251,259.060370917637,257.877499398238,258.56231689453125,70091400,0.0001031670635962545,-0.00434968383883394,0.005980383752372642,258.35328063964846,253.98044952392578,0.0008091101238012488,0.018040236479595073,0.00411165247090855,0.003433201062393084,0.18298719820420417,1.083124891200972,0.004574802444555311,1
2018-10-01,259.79851514867977,260.5278181370274,258.79353183087005,259.4605712890625,62078900,0.0034740344429140535,0.0024397168739931363,0.009440556243990095,258.6818115234375,254.2172100830078,0.003010492933533726,0.020625516283270473,0.003672851556214917,0.0035044104679088205,-0.1143150229557407,0.962327646436294,0.006684199828671434,0
2018-10-02,259.3094177246094,260.0209157713873,258.9358907497197,259.3094177246094,47258200,-0.000582568533254002,0.002786116576225295,0.010592664975259236,258.85621643066406,254.44173950195312,0.001750783891514951,0.019130816477612056,0.0034007902593998557,0.0034759494534326485,-0.23873973282387417,0.7384982255677636,0.004184286984979149,1
2018-10-03,260.35885464256023,260.77686715736866,259.0959416944376,259.4516906738281,64694600,0.0005486609413076771,0.0063474710079403085,0.013875731035996042,259.0174041748047,254.64414733886719,0.001676669181389645,0.018879457412242395,0.0033982109848849085,0.003392279999978743,0.3689603074175487,1.0171401637087742,0.0064787608766991335,0
2018-10-04,258.97141213367536,259.02477312297555,255.840783146468,257.42388916015625,111545900,-0.007815719020390355,-0.004300201518090407,0.008988687302854848,258.7668701171875,254.76350006103516,-0.005189926192727401,0.010442583409647543,0.0032321174310141897,0.003812659244605697,0.7241918181733871,1.6930082941483506,0.012368665499131777,0
2018-10-05,257.6462100766158,258.1620419692603,254.56003983967008,255.98306274414065,105951700,-0.005597096760196929,-0.009975367568518023,0.005294722493728976,258.39598693847654,254.8659002685547,-0.009338086952992763,0.004383334429630681,0.0035479937063189197,0.004015732471903963,-0.05015155196201748,1.569479149407796,0.01407125178899236,0
2018-10-08,255.29821821295369,256.3388116847822,253.91968088975355,255.98306274414065,87742200,0.0,-0.013402840083349687,0.0035500898499472022,258.11138305664065,255.00230010986328,-0.008245743706828068,0.003846093285648111,0.0035065967005990877,0.004001101637555328,-0.1718660483975245,1.2645861906153741,0.009450354914483476,0
2018-10-09,255.6006521845047,256.9080235309674,255.04921007260296,255.60952758789065,74339000,-0.00145921824766726,-0.0142682443591311,-0.0012077952129763148,257.8134399414063,255.15725830078125,-0.008548477356403517,0.0017725119407587808,0.003507731886366309,0.003947353171290454,-0.15275659830731392,1.0533401242615166,0.007272082053847893,0
2018-10-10,255.10254333298064,255.17370940377117,247.1425558886837,247.51608276367188,214731000,-0.03166331435527525,-0.04600319959048249,-0.03306681872569772,256.7835266113281,255.12591125488282,-0.03609049213536042,-0.02982773664102023,0.010306689866503975,0.008092480010489862,1.888537645112256,2.7416940546450417,0.032446996677608295,0
2018-10-11,246.4311481997651,248.04983780700684,240.4544710777248,242.0642852783203,274840500,-0.022026033316618565,-0.05966658312849882,-0.059924580279584916,255.13639068603516,254.9938510131836,-0.05123575422763216,-0.050705402045929326,0.011412657170476296,0.009070773764320349,0.2799293069002613,3.070470659038394,0.0313774777660779,1
2018-10-12,246.15534704015607,246.43995706680371,242.2420541704216,245.4260711669922,183186500,0.013887987997926121,-0.041240976898930026,-0.047032704698832806,253.82276611328126,254.90193359375,-0.03308093704463699,-0.0371745411780986,0.013018596404584548,0.009814809298044768,-0.33348069152835913,1.9098598568333607,0.01710455159234404,0
2018-10-15,245.07031967564035,246.3955233707276,243.9585870929312,244.0475311279297,102263700,-0.005616925832319208,-0.04662625522275565,-0.04734153956631071,252.28146209716797,254.76101928710938,-0.03263787557274789,-0.04205309033995441,0.01266411876562525,0.009820146220817212,-0.4417508932153843,1.0475993545603677,0.009985498589284904,1
2018-10-16,246.0041487121136,249.7573583468041,245.5327752643828,249.38380432128903,118255800,0.021865712669562276,-0.024356381881973976,-0.03176500153674755,251.28890075683594,254.70841400146483,-0.007581299571167377,-0.0209047262967339,0.015425922091366543,0.011110755465581759,0.15638100322988513,1.1774542656129872,0.01694008596074924,1
2018-10-17,249.41941166358663,250.0508681229723,246.85797564445295,249.4283142089844,110626000,0.00017847946387905544,0.007725685636106094,-0.032622964304799495,250.28656311035155,254.64005310058593,-0.00342906503130469,-0.020467082174000395,0.015414800172611433,0.011101516332511108,-0.06451945697378059,1.0687394953518101,0.012800842152363576,0
2018-10-18,248.49446746711692,249.0903680882972,244.5544936127892,245.8263092041016,134557500,-0.014441042975838148,0.015541424962611794,-0.05425677037758514,249.1268051147461,254.50177825927733,-0.01324825688317377,-0.03408804887146011,0.015744257327362957,0.01120864256167471,0.21632798799558883,1.2788136388160605,0.018451542026537145,0
2018-10-19,246.47551977272352,248.4054719837981,244.99913591592664,245.6928558349609,139901600,-0.0005428766740742663,0.001087026601127361,-0.05390633666698641,248.09778442382813,254.3677407836914,-0.009693470638814206,-0.03410371504658449,0.015785737219726398,0.011212097832923039,0.03971610649722246,1.308204804927995,0.01386420478648181,0
2018-10-22,246.3599268625698,246.6800928007739,244.05642033413275,244.59005737304688,82415800,-0.004488524740234312,0.002223035171098786,-0.055013304545334485,246.95848388671874,254.2454690551758,-0.009590383275750458,-0.037976730590363106,0.015723632388904417,0.011218498314590014,-0.4109016623112245,0.7603496476561111,0.010726815696516838,0
2018-10-23,240.97915149539128,244.4655294729058,238.89796433649784,243.3448944091797,146352700,-0.00509081594419869,-0.024215325163334245,-0.058950948274508974,245.73202056884764,254.11706298828125,-0.009714347174381133,-0.04239057563638815,0.01568928028275922,0.011221236003086343,0.7757844976327355,1.289552106768539,0.02287931764471798,0
2018-10-24,243.0958722305184,243.4783288522013,235.42049357209595,235.97190856933597,177806700,-0.030298502287235962,-0.0539489900427822,-0.08472466376715482,244.57760314941407,253.80932495117187,-0.0351859469929503,-0.07027880628604755,0.015433420559793966,0.012777028872346611,0.21491916445682246,1.5018160478116966,0.03414743445081596,1
2018-10-25,237.8040420361195,241.74401565139752,236.78125352573443,240.2053680419922,138061500,0.017940523083120663,-0.02286549873489141,-0.07090038405532961,244.39171142578124,253.62379486083984,-0.017129645516068992,-0.05290681351964699,0.015609707505926322,0.013641662375924932,-0.2235303844005878,1.1285521910072223,0.020660496333268916,0
2018-10-26,236.50558142545964,241.0236512105069,233.2771052971665,235.98081970214844,201574600,-0.017587235348983654,-0.03952917596975769,-0.0873348346487548,243.4471862792969,253.31340057373046,-0.03066934841704272,-0.0684234660792733,0.01552327074546823,0.013960000970203085,0.4600348395461442,1.563694202788598,0.03282701502231406,0
2018-10-29,239.06693924966632,240.35655977032127,231.10695105767996,234.67337036132807,160749100,-0.005540489868924969,-0.04054411335532726,-0.09553359419732121,242.50977020263673,252.95915130615234,-0.03231374898735295,-0.07228748535249985,0.015522299924242776,0.013835125384893758,-0.20253295802149673,1.201029745881603,0.039414820260175336,1
2018-10-30,234.5044030029312,238.462154155188,234.01522445024443,238.1508636474609,157116000,0.014818440118614662,-0.02134431780181556,-0.08159577952397845,241.3864761352539,252.6636477661133,-0.01340428237570368,-0.05743914586433352,0.014342712157211453,0.014501591563404378,-0.02260105966378656,1.1276082885338292,0.0186727422980352,1
2018-10-31,240.71235803018172,243.00698951534628,240.240984452518,240.694580078125,128296300,0.010681113608849158,0.020013702213208084,-0.07229519509774085,240.51310272216796,252.4071566772461,0.0007545424922927868,-0.046403504374870064,0.015088911890738303,0.014847124873663282,-0.18342944066804145,0.9002256979327296,0.01149176297169,1
2018-11-01,241.55729632981317,243.45169327053117,240.47224408471197,243.2560272216797,99495000,0.01064189788869907,0.012700212341441919,-0.055037090709409764,240.25607452392578,252.20490509033203,0.012486480117925858,-0.035482568689324756,0.01514444673201224,0.015144564397728093,-0.22449049582879632,0.7010977699319781,0.012248202931901103,0
2018-11-02,244.35886287316657,244.78577802798284,239.7696267410668,241.8152313232422,122634100,-0.00592296073767784,0.024724092527764974,-0.055346753293046724,239.8683120727539,251.98056579589843,0.008116617129059422,-0.0403417400089896,0.015223864813284662,0.015148001032633633,0.2325654555505301,0.8590993817885707,0.0207437358658802,1
2018-11-05,242.30433388342223,243.70067647437028,241.33490636095425,243.14926147460935,65622500,0.005516733350778624,0.03611782240239236,-0.05013535322201734,239.72423248291017,251.75245025634766,0.014287370768590657,-0.03417320774029442,0.015332899391012622,0.015250273427717904,-0.4648919020076797,0.4633006214748319,0.00972970306004025,1
2018-11-06,243.08701262334208,244.8479797106511,243.02474908298623,244.6878967285156,60085900,0.006327945413344027,0.027449126074686747,-0.04272779251399261,239.85853271484376,251.5149087524414,0.020134218111862,-0.02714356798087636,0.015376837667040233,0.015375988023028088,-0.08437045220770312,0.42635691368340745,0.007451249743209628,1
2018-11-07,246.85796861882704,250.006402564566,246.43105358048592,249.9263610839844,102752100,0.02140875958928601,0.03835475232912566,0.009737865488982589,241.25397796630858,251.37965972900392,0.0359471093110304,-0.005781289729591577,0.012169978269145022,0.014557403454787607,0.7100867258375092,0.759272382901624,0.01430560973469554,0
2018-11-08,249.12587426965408,250.11310674373303,248.3343349233927,249.4727478027344,65584900,-0.0018149877399189496,0.0255562859101921,0.03060535144990917,242.18071594238282,251.20771392822266,0.030109878203871565,-0.006906500196025012,0.011574243638605802,0.01357337579470333,-0.36171718144933296,0.5252384108312438,0.007130124777183489,0
2018-11-09,248.1653072620504,248.35207067171905,245.63055242037797,247.03579711914065,98812600,-0.0097684043850782,0.021589069337489164,0.006558903642527758,243.28621368408204,251.00792572021484,0.015412231454790204,-0.0158247138598393,0.010140210504357768,0.013476250445526236,0.5066364361308777,0.8190141553683925,0.011016695892168795,0
2018-11-12,246.52895798753943,246.76908248561796,241.90413898385663,242.4199981689453,99673600,-0.018684737208224278,-0.002999241294180055,-0.006668917941772712,244.06087646484374,250.71564514160156,-0.006723233644269855,-0.03308787119356249,0.012240198408491528,0.014086969171215364,0.008713463667588961,0.8270383566568893,0.020068243290600536,0
2018-11-13,242.88245150278644,244.87466772001525,241.2459843040756,241.9663848876953,98176600,-0.0018711875450715398,-0.011122380294272705,-0.029742987736435467,244.4424285888672,250.4231442260742,-0.01012935322016617,-0.033769879235860056,0.011620359208941278,0.013091249021321529,-0.01501902208809558,0.8214600782974454,0.014996642684990543,0
2018-11-14,243.834110608874,244.23431809199508,238.75572328236524,240.3121490478516,125335900,-0.006836634934276109,-0.03846817916459033,-0.03654823707582289,244.40418548583983,250.11136962890626,-0.01674290654987709,-0.03917942873046476,0.011426670529573985,0.013139860418021614,0.2766372027550352,1.0422922197666948,0.022797827040109103,1
2018-11-15,239.04917189597128,243.2826580104784,237.47496842136428,242.82015991210935,135101400,0.01043647137356496,-0.02666659163864049,-0.012228753308484719,244.3605987548828,249.8651608276367,-0.006303957555443107,-0.028195210937739246,0.011405377320167946,0.013055229595537723,0.0779146278121432,1.1232480038131838,0.023917658201099357,1
2018-11-16,241.72621869757145,244.3587935506492,241.21035963910745,243.45162963867188,126668000,0.002600565483488193,-0.014508696805346832,-0.009122064980979894,244.52423858642578,249.64149658203124,-0.004386513803108283,-0.024795024177101888,0.011240903022253078,0.013074022683725409,-0.06242274321361585,1.0589574041515346,0.012932482383521638,0
2018-11-19,242.846782611707,243.14029512611225,238.41765868432543,239.33372497558597,103061700,-0.01691467282103498,-0.012731099813013347,-0.021490376403338396,244.14268493652344,249.32662078857422,-0.019697333803745942,-0.04007953816316345,0.012362088673548733,0.013565728383659078,-0.1863635645940569,0.8542342081588382,0.019732431951529465,0
2018-11-20,236.00749321474493,237.4660995132809,234.04195744397688,234.9046630859375,136021300,-0.018505799339814222,-0.02918472251852422,-0.03468423425827094,243.16436157226562,248.90634155273438,-0.03396755360416348,-0.05625279926357529,0.013085443965230344,0.014099882407848522,0.3198045442681423,1.1322701483183135,0.014576730935525693,1
2018-11-21,236.4521438330722,237.5994593480656,235.6961874628989,235.7050628662109,75563700,0.003407338831671325,-0.01917125788227758,-0.0011308367370629346,241.7422317504883,248.50083190917968,-0.02497357967021907,-0.051491855961453226,0.010100032115505659,0.012410989561058405,-0.44447156437999047,0.6569651677709157,0.008074802730253712,0
2018-11-23,234.06862635176773,235.5272325780756,233.970806909274,234.13088989257807,42807900,-0.006678570899117053,-0.03578479654521449,-0.025288686089447343,240.20804595947266,248.03355895996094,-0.025299552488428745,-0.05605156465793859,0.01000371376615455,0.011742580081049649,-0.43348591982658335,0.3882568182275792,0.0066476733143401735,1
2018-11-26,236.3810063606128,238.1330978393555,235.98967435527595,237.91075134277344,79981400,0.016144223651691547,-0.0227596681284169,0.00817834111713367,239.29554138183593,247.6409976196289,-0.005786944591887888,-0.039291742362469795,0.012130219492585227,0.011689472811881088,0.8683794346370646,0.7677452796682569,0.009009359484521005,1
2018-11-27,236.87903362796823,238.71116638183597,236.2742577395252,238.71116638183597,75502400,0.0033643500116953273,-0.0026012154944461408,0.017206025610365883,238.924658203125,247.2917156982422,-0.0008935529002934706,-0.03469808639637828,0.011058424412297162,0.011617767862031711,-0.056000520120928154,0.7556688500131588,0.010208607662754833,1
2018-11-28,239.7785008821429,244.20762634277344,238.64896315068884,244.20762634277344,127629600,0.02302556702414793,0.03960314424849254,0.025432461602484357,239.1487823486328,247.02456085205077,0.0211535427630396,-0.011403459233207403,0.013495893081600867,0.012261709359725639,0.6904045434317321,1.2965171952617598,0.022762037678063226,0
2018-11-29,243.43385961483304,245.0703267669041,242.2954465028745,243.67401123046875,82346400,-0.002185087829958632,0.03380898257913589,0.012378472134173757,239.48496856689454,246.74124481201173,0.01749188138463098,-0.012430972308175914,0.013273953467954198,0.012081349394772149,-0.3548017074409071,0.8565005093982548,0.011387674253882879,1
2018-11-30,243.52277377138492,245.71955823450747,243.2026078457021,245.15924072265625,98204200,0.006095149354203189,0.0471033567383532,0.007823910974432469,239.71887664794923,246.4458450317383,0.02269476709878271,-0.0052206370487453135,0.013016593602485959,0.01192589649348738,0.19257429590121733,1.022126638155896,0.010266593995748093,1
2018-12-03,249.27712569459771,249.38384767989876,246.81353606087055,248.405517578125,103176300,0.01324150313853023,0.04411219827653379,0.02725339598676224,240.21426544189453,246.22011749267577,0.03409977388795782,0.008875798239817767,0.013581456433306825,0.012154014156019709,0.05063021744487517,1.0848624610458584,0.010347240448150831,0
2018-12-04,247.57840882114908,248.00532392800807,240.04530733134203,240.35659790039065,177986000,-0.03240233854790653,0.006892980933798087,-0.011485387853050533,240.316552734375,245.8506674194336,0.00016663507178349413,-0.022347181631481083,0.016549427152696004,0.014256316855637054,0.7250667062106317,1.7670735441879333,0.033117528980689155,0
2018-12-06,236.50558006374055,240.1075831618919,233.41050644990972,239.9919586181641,204185400,-0.0015170762334457688,-0.01726263748492507,-0.01919154225908326,240.82528228759764,245.4787274169922,-0.0034602831626223685,-0.02235130048359668,0.01519216892599562,0.014166771257097577,0.14719921791601576,1.891856808628151,0.027905421292208726,0
2018-12-07,239.65393555098828,241.21926354147223,233.5794413265767,234.41546630859372,161018900,-0.023236163168461665,-0.037995619127056734,-0.062061859773881345,240.69632263183593,245.010732421875,-0.026094525477438513,-0.04324408979373884,0.017173652618389205,0.013987299373136147,-0.21140835730664387,1.4526896911105194,0.03259094775273134,1
2018-12-10,234.23760261616204,235.82961126558465,230.01301882509009,234.8601837158203,151445900,0.001897133385563965,-0.04200966268486306,-0.05857378898343113,240.76925201416014,244.53722320556642,-0.0245424540256175,-0.03957286895995893,0.017039711130445955,0.01402988301052283,-0.0594526481052845,1.3153771886488692,0.024766192159385383,1
2018-12-11,238.053044472916,238.23980792098703,233.446031807797,234.91351318359372,121504400,0.00022706900305391464,-0.05431443120134383,-0.049070960876575254,240.4695281982422,244.06424713134766,-0.02310486096212616,-0.037493135743185246,0.016129130648912346,0.0139508743938148,-0.19770426271031438,1.0450233960654358,0.020406557495240892,1
2018-12-12,237.8840642387632,239.24482367435743,236.01634829099115,236.0963897705078,97976700,0.005035370553543306,-0.01772453166294341,-0.02608534133405327,240.2080505371094,243.59696350097656,-0.01711708145254842,-0.030790916367225862,0.016189628174255837,0.013496203912605033,-0.19363660904461077,0.8432839761481513,0.013674395387851777,0
2018-12-13,237.03914588892,237.9018513907384,234.90462492684645,236.016357421875,96662700,-0.00033898167062451634,-0.016565560026177484,-0.024590306081491153,239.38892364501953,243.13110229492187,-0.014088230030832927,-0.029262997641562816,0.013858017307434455,0.013496743161273158,-0.013411351882641531,0.8325167874568907,0.012699231937278168,0
2018-12-14,233.87294881626215,234.82459840670103,231.1069712205048,231.65838623046875,116961100,-0.01846469981576937,-0.01176151096828848,-0.036010509046963235,238.18736114501954,242.57523620605468,-0.02741108883008969,-0.04500397545243506,0.014644024568648405,0.013995518812697871,0.2099920651916407,1.0109847612941,0.01604788519288787,0
2018-12-17,230.7067150296598,231.81844749138892,225.48602373208445,227.1136016845703,165492300,-0.019618476239306015,-0.03298380299584247,-0.06468391353182601,236.38279724121094,241.96903045654298,-0.039212648571808284,-0.06139392609022609,0.014747003548309589,0.01423102444872982,0.414934538064365,1.4119320980073213,0.027882186325851786,0
2018-12-18,228.7501165311156,229.4171561083153,225.26371106517817,226.86460876464844,134515100,-0.0010963364504592565,-0.03426326697798254,-0.06813271654267294,234.22870635986328,241.38666137695313,-0.031439774012587574,-0.06016095723544068,0.013110640417870576,0.014175052382973402,-0.1871821226727769,1.1438147782477144,0.018308034319473622,0
2018-12-19,226.9446352580269,230.70673442492728,221.76841553795205,223.46713256835935,214992800,-0.014975787606491209,-0.053491953919432844,-0.06629484586363721,232.53975982666014,240.7363427734375,-0.03901538070334176,-0.07173495287884557,0.01055661998092467,0.014084286733799247,0.5982800443965026,1.7450894885478725,0.039998360314758875,0
2018-12-20,222.22201009148063,223.787324732094,217.58830256839775,219.82955932617188,252053400,-0.01627788928232976,-0.06858337393441549,-0.06417541295998264,230.52351989746094,240.02074340820312,-0.046389889309541354,-0.08412266288039993,0.01070329483218178,0.013966249164568309,0.17238065646849576,1.9538973272393954,0.028199220262723854,0
2018-12-21,220.72860171340415,223.3855045339363,214.6812341608542,215.3253326416016,255345600,-0.02048963159630024,-0.0705049096414666,-0.08646284461092424,228.61450653076173,239.37692840576173,-0.058129180386774726,-0.10047583083441902,0.010316667398774602,0.014385559518994364,0.0130615179164415,1.8504722372747042,0.04042381017736522,0
2018-12-24,213.84030950978317,215.45055557955143,209.57317448764945,209.6357879638672,147311600,-0.02642301585203799,-0.07695626149673507,-0.10462140190023417,226.0920669555664,238.72835845947264,-0.07278574261047976,-0.12186474486458765,0.011034887417896051,0.015203490556643547,-0.4230893346116009,1.0286073466945866,0.028036153316126567,1
2018-12-26,211.093979247737,220.2276306152344,209.1169520452067,220.2276306152344,218485400,0.05052497359464603,-0.02925523811560793,-0.07432669867895891,224.62347869873048,238.2243896484375,-0.019569851330598742,-0.07554540935024334,0.022426606611227556,0.019188959124555562,0.48315136078896703,1.455212977823803,0.05045088365609981,1
2018-12-27,216.99823741467296,222.1152215194432,213.7688036600492,221.91842651367188,186267300,0.007677492119013474,-0.006930352740860957,-0.070347525516686,223.20568237304687,237.78180755615233,-0.005767128532254806,-0.06671402326998588,0.022588819967051723,0.019296240008733766,-0.14746111181799793,1.1964904109317143,0.03761029667754873,0
2018-12-28,223.26922375327263,224.8973518593085,220.46918466599612,221.63214111328125,153100200,-0.0012900479013309152,0.008199906293924641,-0.09244381744984864,221.7672607421875,237.2267742919922,-0.0006092857370111338,-0.06573723908379836,0.022564568140826247,0.01827849977798448,-0.17806184982549267,0.9754613182147858,0.019979806047395555,1
2018-12-31,223.2513607197576,223.81495043254785,221.3816919791821,223.5734100341797,144299400,0.00875896840208834,0.03830518820703088,-0.08248972097922158,220.9587631225586,236.7096762084961,0.011833189481472717,-0.055495264852400306,0.022541672680929114,0.018519376234398238,-0.0574839222940271,0.9015938126789547,0.010883487678582816,1
2019-01-02,220.04873678437625,224.7273989963419,220.02190048222155,223.80596923828125,126925200,0.001040191693931769,0.0675942853653233,-0.08709959869932671,220.62799987792968,236.26926940917969,0.014404197844833266,-0.0527504072030377,0.021817109088597512,0.018406579782764693,-0.12040382704293984,0.7859861658602516,0.021024901749204447,0
2019-01-03,222.06151737501293,222.36568485027112,217.9822360854176,218.4653167724609,144140700,-0.023862868734007114,-0.008002237674946788,-0.12052953210368089,219.78807067871094,235.7247186279297,-0.006018315289657572,-0.07321846413023492,0.022956796053851213,0.018406228217790897,0.13563500392357075,0.88141387295527,0.02006473535302184,1
2019-01-04,221.48898887122783,226.42707273146465,221.11326702808637,225.7829742431641,142628800,0.03349574009646927,0.017414271496982492,-0.06063334139579646,220.0196548461914,235.34857696533203,0.02619456612183879,-0.04064440433636862,0.025272408336774597,0.01935069749666932,-0.010489056872902691,0.8817001904205309,0.023535015078928884,1
2019-01-07,226.0513447804907,228.96766966524015,225.1567650876004,227.5631866455078,103139100,0.007884617555026452,0.026760764492163913,-0.051788285091797226,220.793017578125,235.0329428100586,0.03066296725161277,-0.031781741211432846,0.02454813898527396,0.019500869664372412,-0.2768704497268434,0.6581386535529555,0.0167465776596646,1
2019-01-08,229.74597827796512,230.184313619966,227.22325682723428,229.70123291015625,102512600,0.00939539604874251,0.027408549500764545,-0.02011059028089668,222.23060760498046,234.907529296875,0.03361654537909109,-0.02216317374884591,0.023044875738068002,0.019032022109255562,-0.006074320989808868,0.6665838036858724,0.012890905091005227,1
2019-01-09,230.40798400007037,231.61567225774732,229.18241397353967,230.77476501464844,95006600,0.004673601838750541,0.03113766715018973,-0.01739510987573445,224.3445053100586,234.71891723632814,0.028662434570005724,-0.016803725358482735,0.019968352636194717,0.019063177366721747,-0.07322026755735389,0.6293242752261187,0.010543866371408512,1
2019-01-10,229.2449814061106,231.8392568355287,228.56509216100943,231.5887756347656,96823900,0.0035272947632098983,0.06007113191323277,-0.014153028081571928,225.48061981201172,234.63107635498048,0.027089493668442044,-0.012966316173788073,0.013949762276402149,0.01908595089680369,0.019128144781520362,0.6466479031456364,0.014137838353974808,1
2019-01-11,230.51528322053164,231.70508947195933,229.93381189408592,231.67825317382807,73858100,0.0003863638849388451,0.026110378563420245,-0.01871327469672146,226.45660247802735,234.57117401123048,0.023058063393436967,-0.012332806235023197,0.013992298211751157,0.019042719899720034,-0.23719143723811997,0.49727355990878236,0.007645420118669563,0
2019-01-14,229.78173558745547,231.0699325784489,229.37919109052424,230.2648162841797,70908200,-0.006100861303490079,0.01187199774487424,-0.024369247964515117,227.3198699951172,234.41345306396485,0.012955076426560241,-0.017697946621916483,0.014289256418796557,0.019079347705458105,-0.03994010135652015,0.48158778177183026,0.007342595865093224,1
2019-01-15,230.64055347725397,233.2169474781809,230.6315989437874,232.90383911132807,85208300,0.011460816592542056,0.013942485900475976,0.005376247763464459,228.25291290283204,234.2576382446289,0.020376196515292433,-0.005779103483862125,0.014415904731399195,0.01881430555685977,0.20167061073331438,0.5850180084919588,0.011100497717247677,1
2019-01-16,233.3331831885252,234.35301702855716,233.12744735442945,233.46739196777344,77636700,0.002419680407998781,0.011667770316889259,0.0279762649003632,229.21905517578125,234.06186553955078,0.01853395996565066,-0.0025398138667611647,0.014388989395916428,0.018213814381700544,-0.08885988806254785,0.5496094202131632,0.005249425471360399,1
2019-01-17,232.59968415725848,236.0974941749581,232.5549387905483,235.2386779785156,96118400,0.00758686682458265,0.015760273069132635,0.03691218854922629,230.89639129638672,233.93033447265626,0.01880621285481654,0.005592876651968615,0.010436980541472964,0.018251206149888715,0.23805365246075638,0.6898213026636681,0.015059408660396073,1
2019-01-18,237.04572950918973,238.83488883956213,235.2744519439753,238.36968994140625,127900300,0.013309936910870679,0.02888245519771604,0.06668791603386315,232.15506286621093,233.8347430419922,0.026769293757667345,0.01939381137472651,0.00573985365310692,0.017962564389026554,0.3306536521623331,0.9475255084899642,0.014936617555956988,0
2019-01-22,236.9026423777357,237.1173328055578,233.5390134063336,235.1492462158203,115531200,-0.013510290366101296,0.021212228643791242,0.06968893053603353,232.91366882324218,233.6439700317383,0.009598309124033033,0.006442606603018763,0.008195468725153192,0.01781315298728013,-0.09670892093294547,0.901479103271306,0.015217226747731152,1
2019-01-23,236.1779733228326,236.87574433178847,233.1811261470387,235.64122009277344,86030300,0.002092177138010465,0.011753266892852388,0.09434973210972175,233.5076675415039,233.35826721191407,0.009136969992175059,0.009783038364722607,0.007913982022212775,0.016903428556399796,-0.2553500699378176,0.7187663062278841,0.015678997856551483,1
2019-01-24,235.462279939407,236.3479322740829,234.4514006616912,235.7664337158203,59204100,0.0005313740227519403,0.009847378379779226,0.12464782853038914,234.0068344116211,233.08414093017578,0.007519435526844642,0.011507830498206584,0.00790088366176562,0.015293220160860118,-0.31182269502721716,0.513540037388677,0.008044112058282525,1
2019-01-25,237.60926200285363,238.58437774011932,235.86484825448963,237.7613525390625,96883400,0.008461420024051147,0.010723893631034986,0.07961635819649593,234.62409210205078,232.89865203857423,0.013371433465780402,0.020879040981666375,0.00814532931429155,0.0111894998970687,0.6364305850439411,0.8871607402294414,0.011438063657477272,0
2019-01-28,235.6233860635589,236.01697605824288,234.19205292689497,235.95437622070312,85613700,-0.007599958105312776,-0.010132637758168084,0.06324823912793254,235.05170440673828,232.76933959960937,0.003840311714578437,0.01368323090391721,0.008761637112792415,0.011436570836942663,-0.11632230082759276,0.8218379230180125,0.007734220320800216,0
2019-01-29,236.09746443338423,236.6610266595229,234.8092676014036,235.64122009277344,66136300,-0.001327189319162203,0.002092177138010465,0.06320869757032144,235.58934478759767,232.64283630371094,0.000220193766498733,0.012888356403754297,0.008402061826633993,0.011437329846350017,-0.227503308465818,0.6625206554673309,0.007858383424556347,1
2019-01-30,237.15311782437777,240.21256554741157,236.3927195106193,239.3716583251953,92473700,0.015831008814812586,0.015831008814812586,0.07066246513214791,236.2361267089844,232.6240264892578,0.013272870918991764,0.0290065989217545,0.009019967023734162,0.011726153754413436,0.39822911169811426,0.951043040714779,0.01595780412567841,1
2019-01-31,239.3091002330192,241.95704934128912,239.09438247259789,241.47396850585935,104012100,0.008782619443643336,0.02420842823163949,0.07894337817579555,237.03678436279296,232.59710266113282,0.018719390557860205,0.03816412905907551,0.009214104442201162,0.011768926536721284,0.12477493600883283,1.0824634522456291,0.011854970895638273,1
2019-02-01,241.67065780851223,242.60998270784236,240.8029145607659,241.59014892578125,85782500,0.00048113020480333724,0.016103527111664295,0.10585127422036344,237.67193145751952,232.559873046875,0.016485823312131664,0.0388298968373022,0.009130308355011383,0.009852314797718977,-0.17526422406623843,0.9207053548060293,0.0074798916889264305,1
2019-02-04,241.63493888694768,243.35254413085923,240.96400403080256,243.2899169921875,60744800,0.00703575072892737,0.031088810002078526,0.07753880826358839,238.16395416259766,232.63899688720704,0.021522832233841216,0.045783038301804746,0.00851547445293856,0.007276997113290939,-0.2918742167691546,0.6819418629316479,0.00981766992067071,1
2019-02-05,243.7193579066822,244.61393783518997,243.2183953307509,244.30978393554688,79552800,0.004191981961143565,0.036787128497130395,0.0735909772441643,239.08000793457032,232.8270993041992,0.021874585190777562,0.049318505730920226,0.006521449695690877,0.007213570447436721,0.30962321054641717,0.9050694620629397,0.005712184268507421,0
2019-02-06,244.03240100434135,244.52440891312497,243.2541210429829,243.98765563964844,58347800,-0.0013185239277335725,0.019283808896799703,0.06219567282462113,239.9146514892578,232.99275115966796,0.0169768879270511,0.047189899364919574,0.006709948976567792,0.007156685774757645,-0.26655252863507006,0.6809279080802524,0.005206361226808149,0
2019-02-07,242.3774265227204,242.9231070364727,240.00679577368692,241.66177368164065,95482000,-0.009532785385843234,0.0007777450171684297,0.04717590619711465,240.50418548583986,233.14336883544922,0.00481317276646287,0.03653719549794987,0.007861741980038492,0.007673000298835926,0.636428451458324,1.113980784350648,0.012067739214012581,1
2019-02-08,240.4183223771915,242.0553914066869,239.59529694515285,241.95700073242188,75788900,0.001221653910271181,0.0015184882673064948,0.044769981054728625,240.9237503051758,233.2242938232422,0.004288703068656696,0.037443384503494714,0.007580127520937339,0.0076714712233827975,-0.20624934542636308,0.895207787133295,0.010167486181789186,1
2019-02-11,242.6099969413012,242.86940536740852,241.5633268035904,242.09112548828125,68021400,0.0005543330238571009,-0.00492741959357379,0.04494540239234457,241.53742523193358,233.2918930053711,0.0022923994317485263,0.0377176950709881,0.006864160996530563,0.007669449664591757,-0.10248862300416028,0.8062383691515511,0.005394987367603201,1
2019-02-12,243.70138226031133,245.5799775461956,243.6298006053734,245.2042694091797,72270200,0.01285938885458715,0.0036612756936038604,0.06487944344290342,242.4937301635742,233.31182586669922,0.011177770426382017,0.05097231354777154,0.007408581682481053,0.007756998620277488,0.06246269556345507,0.8559073282435787,0.007953274816630124,1
2019-02-13,246.03621807301036,246.84133422602136,245.6157645830465,246.00042724609372,65277200,0.003246916698605551,0.008249481315636631,0.05623174003802256,243.15660705566407,233.3583541870117,0.01169542635450016,0.05417450385749101,0.006137411294314012,0.007508774926409377,-0.0967618741888081,0.7823213673857469,0.004981981766026823,0
2019-02-14,244.91806536618728,246.58199805028212,244.1039944428411,245.45481872558597,83234400,-0.0022179169630545115,0.015695676590300023,0.05134518639531138,243.55469207763673,233.3642657470703,0.007801642545829157,0.051809787328878754,0.005918392279568814,0.007591183526780085,0.27509145612863306,0.9941964476346978,0.010095559012884517,1
2019-02-15,247.2260433649328,248.1653684703637,247.0203074973905,248.12957763671875,97088700,0.010897153802154946,0.025511049011237574,0.05479923526598163,244.20863494873046,233.35874694824219,0.016055708631316223,0.06329666610591067,0.006570091017820919,0.007741747024077132,0.1664492085003315,1.1590080267364493,0.004614770169196264,1
2019-02-19,247.33337503112116,249.21197033101268,247.32442049908653,248.55894470214844,59120800,0.0017304146870322779,0.026716465549168955,0.04274559724118787,244.73553771972655,233.52279388427735,0.015622606418527196,0.06438836469780451,0.006392319434148563,0.007328430545715111,-0.3910640476183119,0.7359758017617742,0.007593972665872184,1
2019-02-20,248.52319847147984,249.5161961914224,248.0222359948916,249.05995178222656,76610800,0.002015646955206174,0.015724368838834435,0.05915692178591536,245.21055450439454,233.7041537475586,0.01569833437884527,0.06570614081277704,0.006352498811887539,0.006341374654505641,0.2958349684036752,0.9773805925063975,0.005998395911668338,0
2019-02-21,248.4247212633428,248.78254757905455,247.2170335599672,248.1742401123047,64214700,-0.003556218748072104,0.008836622320319565,0.05318687458245597,245.62921295166015,233.97932922363282,0.01036125601699256,0.060667371497183264,0.0065175240114381475,0.00650282031462467,-0.16180616832091554,0.8307956417536565,0.006308124559498655,1
2019-02-22,248.79155411176745,249.90977876755096,248.15641015139627,249.71299743652344,78114600,0.0062003104090191385,0.01734811617488763,0.059154153120513975,246.43433532714843,234.27638549804686,0.013304404619682852,0.06589060141789349,0.005280357306502721,0.0065307353069036745,0.21645978257314913,0.9984158702347973,0.007021535259094358,1
2019-02-25,251.13543991453855,251.6542842748501,249.9724695959429,250.052978515625,69030700,0.0013614873178076081,0.007751598568882745,0.05169732526039139,247.24393310546876,234.5791748046875,0.011361433119404296,0.06596409815074633,0.005274437984254104,0.0064041364646650655,-0.11628940044498726,0.8983003063077987,0.0067258334169457805,0
2019-02-26,249.7040206033896,250.75066349950507,249.49825745695463,249.87399291992188,56844100,-0.0007157906966980265,0.005290689576065155,0.05899283125055854,248.0222198486328,234.8547268676758,0.007466157961247166,0.06395130407874827,0.005362701207153525,0.00600271327905267,-0.17653884431129918,0.7538262976092871,0.005012150435967126,0
2019-02-27,249.1583428763424,250.1155497637619,248.2279995898932,249.7666778564453,56921600,-0.00042947672233717427,0.002837574122863007,0.059944765852555815,248.47846069335938,235.12973327636718,0.0051844218589058855,0.06225050475804417,0.0042237725743356274,0.0059728243173423675,0.0013633780814543695,0.7594945153681903,0.007557253794093313,0
2019-02-28,249.5519033008003,249.99026584400565,248.9793865857502,249.30142211914065,69268300,-0.0018627614431900863,0.0045418976857787285,0.04148262105639677,248.80856018066407,235.48259399414061,0.0019808881901759445,0.05868301300156342,0.004343806232524224,0.005225283622059192,0.2169071143467507,0.9387675943622146,0.004054847540229216,1
2019-03-01,250.876005550304,251.2696229157704,249.42679038672927,250.85812377929688,78880500,0.00624425503442283,0.00458576988194026,0.038861974777251396,249.34889068603516,235.95748443603514,0.006052696240634425,0.06314967876045952,0.004397111581653674,0.0050819378527432275,0.13876766139778218,1.0875592721561222,0.007346114613623025,0
2019-03-04,251.91361209504328,252.15513875053296,247.65540461039757,249.94552612304688,106494600,-0.0036379035388660608,-0.0004297185069179754,0.03458492506593247,249.53048553466797,236.41910278320313,0.001663286101053263,0.05721374956848346,0.003511740786842647,0.005224790303320348,0.3500751136212372,1.4476171523192716,0.018002859302711394,0
2019-03-05,250.0708202602486,250.2676288888448,249.05994081793224,249.60562133789065,59114600,-0.0013599154600946184,-0.0010740276684866323,0.02595958116055397,249.6351531982422,236.94187255859376,-0.00011830008703972439,0.0534466476631954,0.0035501751728060148,0.00511077526012334,-0.4449051876808777,0.8044561032285492,0.004838384906715335,0
2019-03-06,249.72199894671584,249.73095348275567,247.7718211190668,248.09385681152344,75039800,-0.006056612500408121,-0.006697534912496805,0.015488830676445131,249.53854370117188,237.5071585083008,-0.005789433841444924,0.04457422828732405,0.0040333918949477425,0.005314699209110789,0.2693953777916116,1.024318273352973,0.007896738713595863,0
2019-03-07,247.646501244507,247.78963728117097,245.17747968817417,246.0183868408203,94885100,-0.008365664500430858,-0.013168939231928634,0.00832308993603803,249.32295837402344,238.12101959228517,-0.013254180660915105,0.033165351223748196,0.004687708532722904,0.005682204712303784,0.26446365795217996,1.2636999459946474,0.010617733196856225,0
2019-03-08,244.1666460520244,245.6963700742614,243.7014743208143,245.52639770507807,85795800,-0.0019998063643128505,-0.021253950216535977,0.015991871467965657,248.9042984008789,238.83883178710937,-0.013571082209116625,0.02800032920915352,0.0039785855498308525,0.005217751888244751,-0.09579270085608804,1.1500647981979828,0.008124974634472273,1
2019-03-11,246.2420198065885,249.24779452916363,246.21518350729428,249.08677673339844,65098900,0.014501002994378842,-0.0034357461922550625,0.029467120105614697,248.80767822265625,239.41601470947265,0.0011217439619866099,0.04039312923849758,0.006479284276197043,0.006051639346086985,-0.2412344194004835,0.8789269187595877,0.01217491776014748,1
2019-03-12,249.6414297782207,250.54496408692307,249.45357566962204,250.02609252929688,79667500,0.0037710383835583006,0.0016845421555511386,0.032776777855905825,248.82288818359376,239.97816802978517,0.004835585482053206,0.04187016086506912,0.006606646806851856,0.006068731612076654,0.2237917998614416,1.0672330355092179,0.004365098083405633,1
2019-03-13,250.91172010661697,252.6114160495917,250.75067501486143,251.68104553222656,80639200,0.00661912117326624,0.014458998569353065,0.0264137983349666,249.0143249511719,240.57914611816406,0.010709105115047413,0.04614655755993757,0.00691501141321303,0.00560367180359862,0.012196943546615602,1.0742283286705048,0.007393250575526589,0
2019-03-14,251.7078430746559,252.12829655426864,251.08165377124203,251.51998901367188,67518400,-0.0006399231146473339,0.02236256502409817,0.022437203989310595,249.236181640625,241.1380776977539,0.00916322565212413,0.043053803095050025,0.006873669600435003,0.005600699247720282,-0.16270994751932066,0.898100011898245,0.004161270788580228,1
2019-03-15,252.0709055526536,253.57141917494903,251.88219653710885,252.76275634765625,81309000,0.004941028102211087,0.029472833512876884,0.02977304605390718,249.42664489746093,241.71721343994142,0.013375120575296995,0.04569613702939401,0.006772860161651933,0.0056045769708825965,0.2042495082821867,1.0829232254461187,0.00668303614918954,1
2019-03-18,252.97829368415324,253.97566513758065,252.75366368534984,253.67913818359372,62199800,0.0036254622681715087,0.018436793435689047,0.022365574470126104,249.8000061035156,242.42148986816406,0.01552895110206931,0.046438326575551914,0.006634823893241078,0.005181609454867267,-0.2350194935370008,0.8481200309142108,0.004817114489510846,1
2019-03-19,254.739467616026,255.50318784032197,252.8525697345642,253.7420959472656,90268100,0.00024817871947480086,0.014862462474924731,0.020852805161883037,250.21365356445312,242.9806723022461,0.014101718001985786,0.04428921668153607,0.0065769449551074275,0.005183008417911516,0.451260293441458,1.2052490790372037,0.010446111024118864,0
2019-03-20,253.52641347579527,254.7304270184905,251.87313992072177,252.97830200195312,84609200,-0.00301011916237659,0.005154366976596325,0.01573255833259246,250.70209808349608,243.488974609375,0.009079317388476671,0.03897230832649279,0.006241571509855228,0.0052548153688008505,-0.06268992035946253,1.1236919493105353,0.0112945935487648,1
2019-03-21,252.1607035260337,256.239965190846,252.11576106694608,255.8356475830078,79550400,0.011294824727824393,0.01715831249142341,0.030871082620163026,251.68382415771484,244.01166290283203,0.016496186988526063,0.04845663743902362,0.005697230464508805,0.005642728325872882,-0.059790188301035774,1.045855573264674,0.016120521760212538,0
2019-03-22,254.4789000838068,255.0000297509821,250.84887068471875,250.91177368164065,122659300,-0.019246238543710215,-0.007323003961349883,0.00480061613701932,252.22236175537108,244.41440307617188,-0.005196161294380275,0.02658341948630527,0.009216727861893733,0.007191950214992908,0.5419067660250609,1.566735209062183,0.01654429764435996,0
2019-03-25,250.57027724900772,251.75633027368409,249.46511515748887,250.72303771972656,85575200,-0.0007522005011751931,-0.011652911173672287,0.0026796689568715504,252.3859878540039,244.7970883178711,-0.0065889162406246315,0.02420759757632651,0.00815806251549689,0.007190505704470589,-0.3023341890912471,1.0816288844226467,0.009138430744272003,1
2019-03-26,252.47516797375596,253.54440914506105,251.19029074123256,252.59197998046875,68125900,0.007454210341976575,-0.004532617902848424,0.010877430775350527,252.6425765991211,245.2153628540039,-0.00020026956395646778,0.030082198116015757,0.008392635613495037,0.007368106445289164,-0.2039060381979826,0.8549823508874004,0.00931984619626689,0
2019-03-27,252.58301106957472,253.1670711610984,249.7257232922533,251.27117919921875,72224700,-0.00522898938181704,-0.006748099695606302,0.006023627153491473,252.60158996582032,245.6354901123047,-0.005266834491349015,0.02294330141111689,0.00835584426107414,0.007479582384144088,0.06016507671825244,0.8978010960490808,0.013695752452837611,1
2019-03-28,251.90011770045837,252.6728318312341,250.7500130593253,252.22357177734372,56238500,0.003790297722007674,-0.014118735366978608,0.0117213517410526,252.6719482421875,246.021884765625,-0.0017745399438405807,0.02520786724980506,0.008442876185704202,0.007499266612360945,-0.22133979095794099,0.704789696311379,0.007623469758830501,1
2019-03-29,253.7331470879282,254.1374647488732,252.60999677308877,253.8140106201172,82186800,0.00630567092348322,0.01156676267475154,0.011783101923463546,252.7770736694336,246.4288171386719,0.004102179583104215,0.029968871202630032,0.008536525166561216,0.007501707498507211,0.4613974412546564,1.0278484102809353,0.006018060122262535,1
2019-04-01,255.8085787923325,257.1204099239058,255.5390064202145,256.8238830566406,77617900,0.011858574824808565,0.02433300662117044,0.02751942409326258,253.09154815673827,246.86052124023436,0.014746975657958128,0.04036028833751959,0.009244668661038551,0.007832565465919294,-0.055591652187455876,0.9885589860080476,0.006157540665104548,1
2019-04-02,257.0126405229433,257.1833614980266,256.1590356475268,256.9497375488281,40070400,0.0004900420112399217,0.0172521612471479,0.029422879867740503,253.41231231689454,247.2321221923828,0.013959168753844953,0.03930563419620525,0.009242010161705835,0.007809301426936668,-0.4837479498930015,0.5166108321264267,0.003986483349900834,1
2019-04-03,258.16284976811403,258.5582008793584,256.7521663675677,257.35418701171875,68243200,0.0015740411597571224,0.024208935668173615,0.0373259149549614,253.8499008178711,247.6762210083008,0.013804560027627755,0.039075071333124045,0.009117562777140072,0.007605453848152268,0.7030825746685834,0.8837026596532316,0.007017700130553774,1
2019-04-04,257.67761523563604,258.2886023749723,256.98576457085767,258.0370178222656,48997500,0.0026532725908818833,0.02304878169774649,0.04885257210153826,254.07003784179688,248.12413696289062,0.015613726097600367,0.039951296075873444,0.008501527147229756,0.0072146641234503,-0.28201637672324864,0.6539121925947071,0.005049034495554503,1
2019-04-05,258.70191713096256,259.3398587189356,258.41438412036786,259.28594970703125,58621700,0.004840126797721167,0.021558853561885805,0.05604102911362263,254.90745544433594,248.59452728271484,0.01717679953716167,0.043007473017125486,0.004744706141016557,0.00715638187622659,0.19642226644216532,0.796803580972306,0.003569320279843336,1
2019-04-08,258.8636614791043,259.59146060914446,258.2077318961907,259.483642578125,53566300,0.0007624511521628907,0.010356355841320886,0.04173993489768635,255.78351593017578,249.02897308349608,0.01446585263516087,0.04198173957503171,0.0046236597510799235,0.006607858046340072,-0.08623769013863469,0.7338407235070612,0.005332624049846061,0
2019-04-09,258.522174565323,258.8456286022435,257.6056940400608,258.1537780761719,66142300,-0.005125041751149029,0.004685899035467678,0.03250734939163458,256.3396957397461,249.47296112060548,0.0070768685715674184,0.03479662451823673,0.005099860436692875,0.0067842167725147414,0.23477447574314447,0.9146011535963496,0.004803085089139421,1
2019-04-10,258.5670843373598,259.1241897573699,258.1537728250394,259.0343322753906,52601500,0.003410967702200063,0.0065285328487598715,0.029216688637057064,257.11601104736326,249.94082336425782,0.00746091703979479,0.036382647655281763,0.004384649111861077,0.006697232990986958,-0.20472224280074924,0.7417405630482299,0.0037462869257762063,0
2019-04-11,259.5196026050741,259.5285965825624,258.3964522455626,258.9625244140625,55093100,-0.00027721368321087514,0.0035867202295538636,0.0295902342775074,257.78990631103517,250.33264068603515,0.004548735518032698,0.03447366553709186,0.004496212157252724,0.006691729497984693,0.04736747050939605,0.783740929658764,0.004371846233586891,1
2019-04-12,260.5708636013834,260.993169201288,259.0074471943866,260.7146301269531,69727800,0.006765865898376688,0.005510057222676945,0.031459831718086084,258.47996826171874,250.71745391845704,0.00864539670235387,0.03987427302028812,0.0045399365188488056,0.006753553004217932,0.2656358055727486,1.0001695450598271,0.007616457910070075,0
2019-04-15,260.78647484201645,260.8853263154702,259.74418819639936,260.5438842773437,49596700,-0.0006549147223777751,0.004085967380003552,0.027060743516015062,258.8519683837891,251.09652862548828,0.0065362295837212425,0.0376243976910815,0.0032846278404746847,0.006752866667781985,-0.28870981158160736,0.7178998007188885,0.004379830761470159,1
2019-04-16,261.4244687779972,261.4783777975032,260.12160349172586,260.7146301269531,52153200,0.0006553439167571451,0.009919870512317797,0.027478823147802034,259.22845764160155,251.4450228881836,0.005733060709740112,0.03686534389225793,0.003279706014489406,0.0067499588369512266,0.051545768166027184,0.7763194089676583,0.005204058955635324,0
2019-04-17,261.8288501104252,261.85580462673454,259.6634125646847,260.0767517089844,58268300,-0.0024466537135185984,0.004024252014924068,0.028059519930592414,259.50071411132814,251.76036224365234,0.0022197919555979606,0.033032957973278876,0.0035030862983647625,0.006731830901805386,0.11725263262848684,0.8846889609627009,0.00842978869754211,1
2019-04-18,260.66070312049783,260.858378651933,259.36683190031505,260.5888061523437,68708500,0.0019688589618047647,0.006279988743393972,0.018578953379800867,259.7558929443359,252.09238525390626,0.0032065228571589444,0.033703599931746764,0.0034750383724871724,0.006321295714657337,0.1791746112380146,1.0518602457343693,0.005723756034040671,1
2019-04-22,259.8250957710666,260.9662065425261,259.7352382678088,260.8134460449219,40160100,0.0008620473607252599,0.00037901945863416664,0.0394627650109578,259.908642578125,252.47541870117186,0.003481236552281608,0.03302510551975302,0.0032023124022808117,0.004177159547607874,-0.4155002656148803,0.6562538911869701,0.004719727043924151,1
2019-04-23,261.1818141622424,263.3921933348262,260.94821758401093,263.1585693359375,52246600,0.008991573580956036,0.010035488132243087,0.049598679600045825,260.27613525390626,252.89945007324218,0.0110745231375875,0.0405660006762536,0.004163897258871253,0.00440782941805179,0.3009579159414444,0.8776582386394656,0.00928708404587563,0
2019-04-24,263.0777235358863,263.410171605521,262.4307879282576,262.5745544433594,50392900,-0.0022192509027991747,0.007133946857913465,0.039520551933844184,260.718212890625,253.30911865234376,0.007120106923689029,0.03657758489038865,0.003736206490984742,0.004358253976835447,-0.03547982069646638,0.8593180078065716,0.0037299260750518187,0
2019-04-25,262.47565322395,263.06867970360906,261.2267247054764,262.4127502441406,57770900,-0.0006162219319452156,0.008981958286568226,0.04434082364889269,261.0560546875,253.65328826904297,0.005196951123254578,0.03453320883349531,0.0037489910620958785,0.004070998060459071,0.14640951403868407,0.9974221433244113,0.007019304498043562,1
2019-04-26,262.4577369591944,263.7066656882998,261.68499538422964,263.6347961425781,50916400,0.004656960827172263,0.011688875033464496,0.04524249769687638,261.5232818603516,254.00597564697264,0.008073905570495477,0.03790785028218391,0.0038414744533640166,0.004093596286678272,-0.1186497008009223,0.8831357281497996,0.007668450195689603,1
2019-04-29,263.7246416311188,264.5692527133445,263.6347841375647,264.048095703125,57197700,0.0015676973092859647,0.012402158352089021,0.040321198416131354,261.85662841796875,254.37784118652343,0.008368958610657229,0.03801531796753799,0.003423230207947822,0.003980414041151026,0.12336496688689702,1.0140600110097306,0.0035390089570290282,1
2019-04-30,263.7066163248907,264.47036378092696,262.29596081647924,264.1828308105469,81111700,0.0005102672945362929,0.0038921836259941944,0.028653673740628216,262.22052307128905,254.69890625,0.007483425462942561,0.03723582759023669,0.0033695932433293026,0.003238740827713603,0.4180937345382769,1.4335921910718648,0.008230674786004732,0
2019-05-01,264.8119019337827,265.018571472677,262.18821061229863,262.1972045898437,71671900,-0.007516106230715414,-0.0014371150864775917,0.020422153729650727,262.3687805175781,254.97167144775392,-0.0006539494805591906,0.02833857228555048,0.004401252635941543,0.003804843247565527,-0.11638025093790416,1.2323352977329638,0.01079477893292546,0
2019-05-02,262.08036361263817,262.99687175976754,260.13955670306206,261.631103515625,65030200,-0.0021590660171386666,-0.0029786918805904117,0.01661879510711639,262.52421569824213,255.22309448242189,-0.0034020182871195015,0.025107481147809807,0.004380197236286676,0.00386719735900685,-0.09266811679333187,1.1212342193838092,0.010921159672190294,1
2019-05-03,263.10463197802125,264.47037250137964,261.7388640340087,264.1918334960937,56543700,0.009787559453212191,0.0021129128691126375,0.023852452356535325,262.8845184326172,255.54344635009767,0.0049729633044617305,0.033843118536280636,0.005260189008957855,0.004343753215236052,-0.13050090573302864,0.9686108564167769,0.010339110150470707,0
2019-05-06,259.89707237820534,263.54506366374096,259.5825846975892,263.10479736328125,107198100,-0.0041145712887015184,-0.0035724489409093563,0.014728324695437278,263.1136535644531,255.8112823486328,-3.3659223122262105e-05,0.028511310946436108,0.005543132043977487,0.0044085458368660095,0.8958451604688056,1.7629847070700475,0.015060458820447055,0
2019-05-07,260.70562286447625,261.29864946948265,256.806048601852,258.7109069824219,144729900,-0.01670015303747019,-0.020712639846186987,-0.0029779742107268747,262.66888732910155,255.98444091796875,-0.015068325704371222,0.010650905401421662,0.0071043882391119495,0.0058857543756712614,0.35011628004600825,2.2142455813163626,0.01736533229322215,0
2019-05-08,258.3514099121094,260.05859213332144,257.7583835239863,258.3514099121094,91568300,-0.0013895706002721164,-0.014667565520960935,0.0007655585651711316,262.24657287597654,256.1539892578125,-0.014853055737392928,0.008578514278320348,0.00710223900278832,0.005777259499198497,-0.36731594508114773,1.3741901233409932,0.008903410320530691,0
2019-05-09,256.2848860812778,258.1717562670425,254.5507215291892,257.5697631835937,103471100,-0.003025517564551272,-0.01552315560901485,-0.005653957446227209,261.76227416992185,256.31005096435547,-0.01601648289320179,0.004914798364319406,0.0071061234310811254,0.005759672869181045,0.1299882164460846,1.495725763685503,0.014058462038000409,1
2019-05-10,256.63536824121263,259.6184622709735,253.6522742114518,258.8637084960937,112429300,0.005023669302276268,-0.0201676370139533,-0.0003815838534644289,261.28516540527346,256.50129669189454,-0.009267487135842134,0.009210135912243844,0.007144210066434882,0.005879920490942562,0.08657683159838836,1.5605499727148429,0.023047603289712313,0
2019-05-13,253.76016136392647,254.7215574201527,251.52282676378195,252.3584442138672,127290500,-0.025130074509168487,-0.040844383139757245,-0.032051081709595475,260.11620025634767,256.53130310058594,-0.02982419409031467,-0.01626647054875241,0.010115704005598738,0.007919348549911064,0.13218262499188382,1.6989554581515907,0.01267534623751247,1
2019-05-14,253.37370819864336,256.168120343081,253.24792962651983,254.640625,77003200,0.009043409636012578,-0.01573293538296172,-0.022657447108064832,259.16197967529297,256.625205078125,-0.01744605702178159,-0.00773337941423502,0.010911248431185608,0.008269287956694535,-0.3950593327860288,1.0093071951109618,0.011467890155238056,1
2019-05-15,253.0142752256212,256.77008271546595,252.807605728279,256.13214111328125,73956400,0.005857337623488945,-0.00859011684737121,-0.01757664697006245,258.5554733276367,256.7557354736328,-0.00937258137747743,-0.002428745590439152,0.011196234969571292,0.008408459291129551,-0.03956718681821014,0.9557154364795963,0.015470440257766983,1
2019-05-16,256.8330409507783,259.86104999438817,256.7611713913975,258.5043029785156,76749600,0.009261476731985852,0.0036282977604626954,-0.006046094932115498,258.24279327392577,256.96394439697264,0.0010126505420520182,0.005994454144754746,0.011777404043966733,0.008694330209743585,0.037768198560232724,0.9801072313135357,0.011991593823675302,0
2019-05-17,256.2040296890674,259.312901499198,256.1860417381828,256.8329772949219,100353000,-0.0064653689100588885,-0.007844789109178851,-0.014412855689687976,257.5069076538086,257.1802362060547,-0.002617135070383192,-0.001350255043916393,0.01120982476393114,0.008784257314975294,0.30753775915444503,1.256146374542611,0.012174681748226768,0
2019-05-20,255.2336354574385,256.9408182840054,254.3890243100717,255.1348114013672,62877600,-0.006611946454230799,0.011001681343173475,-0.021772783304188303,256.7099090576172,257.37240447998045,-0.006135710390113958,-0.008693989874844155,0.011270910543600392,0.008873341002189578,-0.3734357717258079,0.7760228422057514,0.010001747546395426,1
2019-05-21,256.8240135080661,257.8123911999107,256.57242895202023,257.4350280761719,46847100,0.009015691203291265,0.010973909116708702,-0.02174940103302958,256.5823211669922,257.53936950683595,0.0033233268188603837,-0.00040514749594933175,0.01072150623320823,0.008874780763733561,-0.25494770792778354,0.5801105126308773,0.0048166026867313355,0
2019-05-22,256.482621077497,257.59677743350494,256.1681335000444,256.64434814453125,49482500,-0.003071376640348511,0.00199977647874916,-0.022584847611756498,256.4116149902344,257.67173461914064,0.0009076544925850083,-0.003987191207168839,0.01075116968801569,0.008882674975574508,0.05625534985089797,0.6130904174088562,0.005566629243111104,0
2019-05-23,254.42505643610315,254.46997149078143,252.09789173800036,253.50857543945312,98733800,-0.012218358704366161,-0.01932551018107309,-0.03393194422299728,256.0054962158203,257.70828521728515,-0.009753387381426393,-0.016296370814353422,0.011356605114120174,0.009221547122327972,0.9953276410852321,1.1930409228824732,0.009357000048890311,1
2019-05-24,254.9461442082656,255.3594832941058,253.46359117959875,254.0835723876953,55268100,0.0022681558098989196,-0.010705030701993579,-0.03622899516540812,255.52748260498046,257.75955688476563,-0.005650704192618261,-0.014261292739239595,0.011212447922610006,0.00915029074944643,-0.4402312075499981,0.6660758510158729,0.007461687100392991,0
2019-05-28,254.3620646286992,255.31449378901283,251.70245267653996,251.7204132080078,70029400,-0.009300716128477826,-0.013382721764251926,-0.04668726150927238,255.46367950439452,257.7387100219727,-0.014652831680999512,-0.02335037997765954,0.00829018183694051,0.009261604900637852,0.26708535303366676,0.8374992390925942,0.014349416745506752,0
2019-05-29,250.6062703090443,251.01058794348037,248.6295149162675,250.0312042236328,104972900,-0.006710655535827059,-0.02875997065305491,-0.05356754844171763,255.00273742675782,257.66575134277343,-0.019495999350018445,-0.029629654229771374,0.007817178154902668,0.009285084336858603,0.49898328416350846,1.2377371954572043,0.009523103464650698,1
2019-05-30,250.785904569244,251.62154901071116,249.6178395350318,250.7140350341797,62523800,0.00273098236944902,-0.023107125300931508,-0.043795926709543576,254.46092681884767,257.6051901245117,-0.01472482173003875,-0.026750839480373823,0.007534418776714675,0.009288514757706838,-0.40438151179971216,0.7412167390757345,0.007992011597620346,0
2019-05-31,248.17124628444185,248.997869366568,247.3086473022377,247.33560180664065,86862800,-0.013475245720003137,-0.024350157078953716,-0.054639916725843674,253.34405670166015,257.49233612060544,-0.023716581210725174,-0.03944480238513792,0.007141895529534034,0.009624757516235254,0.3892757637891491,1.016598424557305,0.006829676164658677,0
2019-06-03,247.3715764238145,248.48573261773257,245.37686062526728,246.7066802978516,96428000,-0.002542786012992737,-0.02903332954791593,-0.06618354915387892,252.33142700195313,257.3097567749023,-0.022291106466330146,-0.041207440440458876,0.007122565404637336,0.009162440745729665,0.11011848570389171,1.1028059978428333,0.012601490923196356,1
2019-06-04,248.99788702459597,252.1966164036424,248.54862697225056,252.0618438720703,77231900,0.021706601409225534,0.0013563884617509014,-0.04197169189569516,252.02413024902344,257.33275817871095,0.00014964290526320312,-0.020482873396865053,0.010697441101930452,0.010737055405550375,-0.19907184635168207,0.8986675193500244,0.01447259678558612,1
2019-06-05,253.67918243357076,254.2722090243336,251.87317557420917,254.2452545166016,71169700,0.00866220214448421,0.016854097495765608,-0.017261168142878924,251.7051528930664,257.40320251464846,0.01009157577562303,-0.012268487599205957,0.010660601636437105,0.01041311769369356,-0.07849347225693015,0.8651541499189485,0.00943590256850898,1
2019-06-06,254.5418277990504,256.5724650655764,253.89489207520805,255.8985748291016,69430400,0.00650285613253021,0.020679096781379247,-0.009494181138172353,251.63057556152344,257.4693344116211,0.016961369889386235,-0.006100763751570981,0.010900600104619566,0.010539126713810156,-0.024438770993835846,0.8555224593066981,0.010463415015720748,1
2019-06-07,256.91380361699646,259.53749394521816,256.74308263224987,258.4592590332031,74272200,0.010006637222624848,0.0449739428748257,0.003453417197015529,252.12564392089843,257.6130960083008,0.02512086836471017,0.00328462736566415,0.01044255610759148,0.01077015528915631,0.06973602341337504,0.9319484473486055,0.01081180578873867,1
2019-06-10,260.0047272218072,261.3075921861058,259.5554672231737,259.64532470703125,60799100,0.0045889850426126255,0.05244545625419916,0.003019412089390494,252.68181915283202,257.7615310668945,0.0275583956833374,0.007308280767652109,0.010475291840115683,0.010760401642517037,-0.18140165499338923,0.7884303908105003,0.0067481475543959705,0
2019-06-11,261.46042374261225,261.82882037077394,258.93558379264056,259.58251953125,58641300,-0.0002418883369154079,0.029836628756062966,0.0286262476371133,253.46802978515626,257.8769012451172,0.024123317450632564,0.006614079345212742,0.00973407432625319,0.008965597779227862,-0.0354906569340665,0.7958739789179502,0.011145729625238032,0
2019-06-12,259.3488976402078,259.9059758068672,258.61210445561744,259.124267578125,47096300,-0.0017653421114507406,0.019190183395162652,0.01760772688224832,254.37733612060546,257.9229089355469,0.018660984228834554,0.004657820615997732,0.009294691482666054,0.008808191474785735,-0.19687489874883402,0.652427167788567,0.004993246535119215,1
2019-06-13,260.0317238829631,260.55288092143763,259.3308792682955,260.1934509277344,48945200,0.004126141328260724,0.016783509253621487,0.015856306814133525,255.32527770996094,257.987783203125,0.019066554089107735,0.008549504543293729,0.009290379258659541,0.008765415262962973,0.03925786102092954,0.689993555434366,0.004696511955950465,0
2019-06-14,259.9059143066406,260.50790737500523,259.14216679214854,259.9059143066406,52324700,-0.001105087849323394,0.005597227504438695,0.005422003858254865,256.5823089599609,258.03881774902345,0.012953369077360444,0.007235719702580523,0.007365025424665173,0.00854388117916813,0.0690466072260405,0.7505570219333169,0.005254749921717318,1
2019-06-17,260.13953327502185,260.7685083224592,259.83403972704474,260.0047607421875,39205700,0.0003803162225475276,0.0013843347095188197,0.012349595759361787,257.91211700439453,258.0781726074219,0.008113786052779126,0.007465133975883553,0.007085367239313907,0.008394187115837703,-0.25072288995445746,0.5881696817857056,0.003594044173448937,1
2019-06-18,261.81977777473696,263.7785449569694,261.4603478082686,262.7272644042969,85434800,0.010470976201889304,0.012114624970609,0.02975859296199901,258.97865905761716,258.14699890136717,0.014474572384922668,0.017742857838450865,0.004672008300761364,0.008485291415914616,1.1791423185914294,1.2603794188344217,0.008823588042744957,1
2019-06-19,262.8620279852303,263.85040551806713,261.8916384024987,263.3202819824219,78674400,0.002257160403468683,0.016193058425266083,0.022861123252072124,259.8861618041992,258.22373168945313,0.013213940112786648,0.0197369554673541,0.004418779587161068,0.008302903778434146,-0.07912934775992919,1.134023337924235,0.007438724813834103,1
2019-06-20,265.9979055853094,266.240496147716,263.3832087300726,265.8361511230469,116570000,0.009554406981809871,0.02168655734874614,0.03581533372922441,260.8799194335937,258.37737915039065,0.018998134084883933,0.028867743752113872,0.00474111205288048,0.00844277701304967,0.48167637757644166,1.6027614189188957,0.01074830268784932,0
2019-06-21,265.5670566296167,266.8220594796023,265.23299171747703,265.4496765136719,83309500,-0.001453807571853205,0.021329880937186463,0.0471033417844704,261.57896118164064,258.50568603515626,0.01479750249999423,0.02686204154740035,0.004458118784963519,0.007822776986742653,-0.28532641331388864,1.1577274497839132,0.005986323972948579,0
2019-06-24,265.6574579000981,265.9734475035229,264.9712523643733,265.124755859375,47582700,-0.0012240386146417093,0.019691928342282727,0.04345492850215593,262.126904296875,258.6289306640625,0.011436641998048058,0.025116390415540923,0.0045595487833417,0.007863170199129226,-0.4288442494553443,0.6647927411769768,0.00378008887137332,0
2019-06-25,265.1788523150936,265.2059379178657,262.4160106162554,262.5243530273437,82028700,-0.009808223391295057,-0.0007723270647729263,0.04292039601257169,262.42108764648435,258.6651251220703,0.00039351022353217857,0.014919784425720728,0.005909248936053768,0.007902815305962334,0.7239185670422232,1.1365218844892786,0.010627308550379383,0
2019-06-26,263.4181492334464,263.9237654132579,262.15410878391754,262.262451171875,51584900,-0.0009976288007133016,-0.0040172781321018425,0.04891888189004723,262.7349060058594,258.6994964599609,-0.001798218748953917,0.013772561449362897,0.00587213308058113,0.007666035331743808,-0.3711359560739107,0.7421667873640194,0.006747655340796847,1
2019-06-27,263.02092303525444,263.6980906365372,262.64172460878746,263.1924743652344,40355200,0.0035461545837145447,-0.00994476013380452,0.04977160265221503,263.03480834960936,258.7490533447266,0.0005994112209493085,0.01717270445271124,0.005843032379002371,0.007669949318917166,-0.21769354985664413,0.5900109470575442,0.004013663499678201,1
2019-06-28,264.1676793995476,265.04348425035056,263.65305277697564,264.5469055175781,59350900,0.0051461621598807294,-0.003400912022008984,0.06958684307968221,263.4989074707031,258.8384564208984,0.003977238679790496,0.022054099594061682,0.0059075752621951735,0.006703108150961993,0.47071257235746566,0.8855464596732584,0.005255897704244847,1
2019-07-01,267.86942429707057,268.08613665460155,265.74762708261784,266.948486328125,78705600,0.009078090729688348,0.006878763406451993,0.08204806617248983,264.1932800292969,258.96565002441406,0.010428752383567774,0.030825850080728356,0.006304394891937287,0.006665284457569438,0.32610625955124517,1.1900629705668622,0.008760152957410972,1
2019-07-02,266.9033916424673,267.69793952489164,266.0637102660974,267.6437683105469,61504500,0.002604554878678833,0.019500725262886265,0.061817862628922526,264.6849304199219,259.10225646972657,0.011178716846217185,0.0329657948842228,0.005680999978498161,0.005197093905826814,-0.2185498871744831,0.9411655428850106,0.0061059865847428434,1
2019-07-03,268.3208916824014,269.80164477374774,268.1764259500246,269.7835693359375,40898900,0.007994959265809731,0.0286778306633515,0.06111545660460416,265.3312591552734,259.23475646972656,0.01678019467000902,0.04069212404179612,0.006004938679483583,0.005160960069645878,-0.3350258924143762,0.6406895822481916,0.006024157911927453,0
2019-07-05,268.55562454830994,269.6391036536074,267.26449836154364,269.4765625,51677300,-0.0011379745500927907,0.02387639749168957,0.05306003630526779,265.69530029296874,259.3727966308594,0.014231573546321208,0.038954608965875215,0.005531474552857911,0.005169493791758489,0.26353765015685027,0.8209509755616909,0.00881191770458232,0
2019-07-08,268.1674009349462,269.2960135747465,267.454110031467,267.995849609375,45841800,-0.005494774302032268,0.013037174201864676,0.03689784847269384,265.9499176025391,259.48445861816407,0.007692922130901225,0.03280115902330616,0.0058966297966938945,0.005162791597835812,-0.11292192123040479,0.7450731655386311,0.006872880852312522,1
2019-07-09,266.8401319541879,268.6278366109929,266.7859607557403,268.32989501953125,41101300,0.0012464574009005691,0.005174813726826155,0.03344782087757281,266.2704315185547,259.57836059570315,0.007734480652738407,0.033714422125728394,0.005845994609976606,0.005122585678300597,-0.10340998826398617,0.678892567988486,0.006864221577392848,1
2019-07-10,269.3953147050236,270.5600506490481,268.8626128525521,269.61199951171875,58448500,0.004778090387931533,0.007353921272279074,0.038636962144368736,266.9791961669922,259.689638671875,0.0098614550591416,0.03820853573746508,0.004439819132701158,0.005147476822407485,0.422059642882342,0.9655794711710136,0.006295854040510576,1
2019-07-11,270.2530257538709,270.4877584035389,269.2417934211066,270.2439880371094,50826100,0.0023440667571739127,0.0017066224689115117,0.04291269421777266,267.7773498535156,259.81086181640626,0.009211526609487652,0.04015662065766756,0.004254450596374461,0.005074555450006864,-0.13041224325688427,0.8370771791513085,0.004610518781499158,1
2019-07-12,270.7316782304043,271.526226150782,270.4246988164452,271.4539794921875,40326000,0.004477403785619005,0.0073379924912300165,0.043277524950390056,268.60350036621094,259.9959973144531,0.010612218835905907,0.044069840674802796,0.004277605257252312,0.0050824829685765655,-0.20658874082410417,0.6688940465759321,0.00405787874761484,1
2019-07-15,271.8872615333681,271.8872615333681,271.03854275581523,271.5441589355469,33900000,0.00033220895684804574,0.013240165216527933,0.04477868331682244,269.3032257080078,260.1942584228516,0.008321226831381479,0.043620872272477795,0.004293060190203527,0.005044307718889135,-0.15935128701086143,0.5710306547447594,0.0031255276522235815,0
2019-07-16,271.45399780135625,271.66167251628906,270.3615081141636,270.6684875488281,36650100,-0.0032247844702363304,0.008715363337084225,0.04101358289056267,269.67522583007815,260.32379150390625,0.0036831774802177364,0.03973780492808565,0.003989550047036047,0.005175636534511388,0.08112389380530982,0.6186865447100672,0.004803530746780832,0
2019-07-17,270.64135633183906,270.80386996621183,268.8265380859375,268.8265380859375,36036300,-0.0068051862245631645,-0.002913302921248917,0.02321522928147557,269.7935028076172,260.4382263183594,-0.003584091950387669,0.032208450680063505,0.004715438329536735,0.005133241690724038,-0.016747566855206397,0.6347924342376736,0.0073554192021110226,1
2019-07-18,268.33000403131257,270.18995607768375,267.8875965462523,269.81072998046875,51392600,0.003661066729270024,-0.001603210712614045,0.024648492509514064,269.7962188720703,260.6602227783203,5.378544020784304e-05,0.03510511540508632,0.004104652876096982,0.005158561580778892,0.42613420356695886,0.9275881608629761,0.008533239325204322,0
2019-07-19,270.9031492704896,270.93023487092404,268.14030781010166,268.3118591308594,58678600,-0.005555267760173455,-0.011575149375986804,0.00931290946454677,269.67974853515625,260.8594317626953,-0.005072273360261392,0.02856874799506426,0.004464730167554565,0.0049786881766128695,0.14177138342874263,1.1174752987408583,0.010398075843012564,1
2019-07-22,268.709040453563,269.5126256622002,268.1944141697296,268.97088623046875,43638100,0.0024561981782846853,-0.009476442856165113,0.013265074431595858,269.7772521972656,261.0874542236328,-0.002989006523823723,0.030194602916781443,0.004158879060284192,0.0049757140685549595,-0.25632002126840103,0.8636692042507279,0.004900944897586726,1
2019-07-23,270.090607031503,270.8941650390625,269.259935864137,270.8941650390625,44564500,0.007150509244877146,0.0008337782217580081,0.021761110768349523,270.03367919921874,261.3280633544922,0.003186587104229144,0.03660571911710009,0.004683015562713021,0.005156932784835849,0.021229155256530463,0.8846463940453587,0.006032721947664893,1
2019-07-24,270.13573328679485,272.167236328125,270.04543875193104,272.167236328125,47213200,0.0046995153582540805,0.012426965975805393,0.036731385829858354,270.28920288085936,261.7242391967773,0.006948237026298987,0.03990076411492072,0.004675960758776259,0.004524961459664786,0.05943520066420582,0.9707714982218465,0.007795933135889711,0
2019-07-25,271.71581505222247,271.76998626708985,270.06351033668966,270.8670959472656,55394100,-0.0047769907884575025,0.003915211106961358,0.03280928984283582,270.351513671875,262.0487686157227,0.0019070811492343243,0.03365147402953239,0.0049734453108205,0.004723176138076181,0.17327569408555243,1.1345395961673874,0.0063000488281249835,1
2019-07-26,271.55330237938404,272.8805522564363,271.42688450822385,272.6819152832031,45084100,0.006700036154597466,0.01628722698467233,0.03605513774987412,270.47430725097655,262.3797640991211,0.008161987933952286,0.039264274893509477,0.005226985200835659,0.00484181794609425,-0.18612090457286967,0.9189279808811877,0.005331001679017514,0
2019-07-29,272.56449822490094,272.68187835964795,271.6345224202421,272.1852722167969,38126500,-0.0018213274829408377,0.011950683701781317,0.02887339273265921,270.5384185791016,262.6533834838867,0.006087318933646335,0.036290751737050764,0.005277128732351029,0.0048378106914092065,-0.1543249172102803,0.7942953814660522,0.0038479522821926863,0
2019-07-30,270.78572069130223,271.9233708139945,270.4064947990668,271.5170593261719,45849000,-0.002454992825962954,0.0022994009007892835,0.017114062195622726,270.62327575683594,262.9470651245117,0.0033026855019633317,0.03259208920092749,0.0052262041566581655,0.004558141031845022,0.2025494078921486,0.989029301036562,0.005586669282188493,0
2019-07-31,271.7609487131754,271.9505755193534,266.5332335970876,268.5466613769531,104245200,-0.01094000486227431,-0.013302758260024028,0.003373488096157118,270.5952880859375,263.2153021240234,-0.007570814419849636,0.020254746627221598,0.0059644589946543656,0.005240252618480523,1.2736635477327751,2.149624463419749,0.020172814268063402,0
2019-08-01,268.70017713336995,271.6526186964665,265.4136429910856,266.20819091796875,142646600,-0.008707873883049055,-0.017199966695858437,-0.013252765640136666,270.2350341796875,263.39076538085936,-0.014901262798668657,0.010696751395347537,0.006369349198936361,0.005260403085944622,0.36837571418156423,2.6622114387491544,0.023436452814870005,0
2019-08-02,265.314330902532,265.5581013739478,262.650793388134,264.2037658691406,116749700,-0.007529539350071279,-0.031091718734838847,-0.01956680975125391,269.8242248535156,263.54195373535157,-0.02083007553315963,0.002511221171463518,0.006543264330678891,0.005480901059236943,-0.18154586229184577,2.0541644530458587,0.011004036888913223,0
2019-08-05,260.1136319797592,260.22197439410274,254.36222586817163,256.25830078125,178745400,-0.030073246918917884,-0.05851518454995963,-0.04379750225696932,268.55296630859374,263.5969482421875,-0.04578115705196106,-0.02784041131688264,0.010948520194082422,0.008481947890533064,0.5310137841895954,2.8157397839771856,0.02286657059719276,1
2019-08-06,258.14529773750104,260.06845795439847,256.6735825460155,259.85174560546875,120711700,0.014022745071138987,-0.04296346516735672,-0.03159599273664748,267.4487243652344,263.71231170654295,-0.02840536546882544,-0.014639309314349314,0.0119501321140717,0.009205601430835464,-0.3246724111501611,1.7893469761151262,0.013064662700159,1
2019-08-07,256.7819852077057,260.7727722927134,254.6511774136103,260.0053100585937,140572300,0.0005909694882639815,-0.03180583692444461,-0.03563153520808893,266.23253173828124,263.87800964355466,-0.02339016062022503,-0.014676098209897015,0.011682055813152912,0.00910080773448938,0.1645292047084086,1.9641917096313473,0.023544114840283698,1
2019-08-08,261.49509755220527,265.1066589355469,260.9443476671785,265.1066589355469,87713900,0.019620171894964678,-0.004137859089246798,-0.01900996628593654,265.6564880371094,264.179518737793,-0.002069699504142042,0.003509508239637915,0.013945807698721857,0.010258383454322112,-0.37602287221593444,1.1948186325935326,0.015700515728578307,0
2019-08-09,264.1675479475779,264.7634586627928,261.5220868217728,263.30078125,93730000,-0.006811891081113575,-0.0034177583206284057,-0.03003528722415416,264.71837463378904,264.4312536621094,-0.0053551000596393505,-0.004275108923220916,0.013654359239623463,0.010256998579087562,0.0685877608908052,1.2319587151221323,0.012310528763461455,0
2019-08-12,261.80202916869314,263.29179245654484,259.1475298322207,260.0955810546875,65527600,-0.012173151101550372,0.01497426722076467,-0.04216101692534213,263.5094055175781,264.6864532470703,-0.0129552281300368,-0.017344568020250972,0.01391049290933089,0.010518955371519213,-0.3008897898218287,0.8437376772028292,0.015933614125696247,1
2019-08-13,259.79766353479624,265.5851940525705,259.4545607891331,264.1405639648437,94299800,0.015551909393284546,0.01650486645522342,-0.02411778202590653,262.7717559814453,265.03513092041015,0.005209113811664778,-0.0033752769018198236,0.01529354351444742,0.011227236526178982,0.4390852098962881,1.1707576643198492,0.02320973791913828,0
2019-08-14,260.0955384148288,260.7004593066789,256.2040845769867,256.3304748535156,135622100,-0.029567927750648537,-0.014133692901310058,-0.04648374123103571,261.5501373291016,265.12050354003907,-0.01995664207592518,-0.033154843058737504,0.01740488300327183,0.012864085825568384,0.4382013535553628,1.5857550840248933,0.017541319393496756,1
2019-08-15,257.21539563778583,257.9016010899172,254.9672075856533,257.0077209472656,99556600,0.00264208184429493,-0.030549734287324215,-0.04745181570106538,260.6300903320313,265.17575286865235,-0.013898507958735373,-0.0308023332941475,0.017470506051318193,0.01284124007528888,-0.2659264234958757,1.1321812120416064,0.01141753054518547,1
2019-08-16,258.6600201444486,261.23323542718947,257.06188669690755,260.79986572265625,83018300,0.014754983863573212,-0.009498321712039126,-0.0279972470562303,260.2897003173828,265.2737786865234,0.001959990751271956,-0.016865266465533546,0.01828370483374804,0.01336666784532145,-0.1661195741919672,0.9312158712405609,0.01599444355051118,1
2019-08-19,263.81550422440336,264.6190622184229,263.13833653723043,263.94189453125,53571800,0.012047662677614701,0.014788076986797405,-0.018697160014967684,261.0580596923828,265.38343139648435,0.011046718275104617,-0.005431902276825551,0.015521936312625424,0.013678219689486695,-0.35469890373568236,0.597585287737074,0.005610044149384485,0
2019-08-20,263.43634401418586,263.9690460880389,261.7931042904816,261.91949462890625,51596400,-0.00766229213416636,-0.0084086643209903,-0.033129803326927054,261.26483459472655,265.42891479492187,0.0025057334455103053,-0.013221695039242753,0.015335045559727598,0.013622920494518938,-0.03687387767444816,0.5733015188050185,0.008307674083749383,1
2019-08-21,264.0774090977041,264.42048432378965,263.39120353747325,264.0503234863281,49524700,0.00813543436482611,0.030116780446117986,-0.029823254816796263,261.6693359375,265.5182708740234,0.009099222651739458,-0.0055286115824088045,0.015502859977497209,0.013727731674973641,-0.04015202611034874,0.5495765432985157,0.003898047814244391,0
2019-08-22,264.75444001961625,265.3864464762261,262.19924593376106,263.9689025878906,51666400,-0.00030835371592230487,0.027085496167071677,-0.025467077628055557,261.55556030273436,265.61516357421874,0.009226881976291956,-0.006197917935766184,0.014159366215446825,0.013706612789106051,0.04324508780467129,0.5745313426349696,0.012074151580805466,0
2019-08-23,262.6688127245855,264.3301272824833,255.94227013252467,257.1882629394531,149161500,-0.025687266878642423,-0.01384817731096466,-0.056819508281869546,260.9443084716797,265.5550598144531,-0.014394050417214532,-0.03150682529207305,0.01622546479698935,0.014607806317496605,1.8870116748989672,1.5679461462797262,0.03261368560949185,1
2019-08-26,259.3733202614595,260.0324401855469,257.84743325188174,260.0324401855469,72423800,0.011058736559697913,-0.01481179921302811,-0.044649116876427475,260.9379943847656,265.5575903320312,-0.003470380775148607,-0.02080584531429197,0.01630606523562545,0.014934353017722814,-0.5144605008665104,0.7478194390636578,0.008402824401855469,0
2019-08-27,261.422875314346,261.7930636581838,258.2537214211673,259.0121459960937,66668900,-0.0039237188587898375,-0.011100161280212295,-0.04605571878655368,260.42515258789064,265.53773803710936,-0.005425768508746764,-0.024575008016765265,0.015392466476319732,0.014939414598996248,-0.0794614477561244,0.6810758069698998,0.013664773222912456,1
2019-08-28,258.3530199208042,260.99848164367427,257.5494344017355,260.8359680175781,59696700,0.007041453652570917,-0.01217326843728117,-0.028712676299303075,260.8757019042969,265.499912109375,-0.0001523096494947529,-0.01756665022877857,0.012060864249583818,0.01492985960415324,-0.10457949658686438,0.6240494349740608,0.013223050747764776,1
2019-08-29,263.3911301931494,264.69129428520955,262.3889077432596,264.1676025390625,57899400,0.012772910679480498,0.0007527399978703997,-0.007665385395804969,261.59169006347656,265.5168585205078,0.009847073028049547,-0.005081620763982886,0.012553938247993777,0.01514372490105125,-0.030107191854826132,0.6333143191226264,0.008715627956723,0
2019-08-30,265.6484296655696,265.6664775551436,263.1203474237136,264.0503234863281,62901200,-0.00044395698642507586,0.026681079721318612,-0.0005807728830349301,261.91673583984374,265.48114196777345,0.00814605313266048,-0.005389529632274237,0.011849101753479465,0.015047651365279352,0.08638776913059543,0.7089022733746626,0.00964259425178033,0
2019-09-03,262.3528717175835,263.2647722903244,261.1790976581127,262.50634765625,69101400,-0.005847278691775815,0.009513841691974445,0.024381832143394844,261.77318115234374,265.422275390625,0.0028007701196846035,-0.010985994789184828,0.011388439112757697,0.013374769560206078,0.0985704565254717,0.8300645449197265,0.007945235042250736,1
2019-09-04,264.6732746057014,265.5039182477998,263.9238602297381,265.4858703613281,46887300,0.011350288218476834,0.02499390266173873,0.02168207391769328,262.12981872558595,265.42949768066404,0.012803013606229596,0.00021238287815283918,0.011641573539062897,0.013253674345142264,-0.3214710555791923,0.5893547651774975,0.0059515710418456295,1
2019-09-05,267.96879736456265,269.8106735830968,265.44972592383255,268.8987731933594,83258100,0.012855308749148309,0.03091140089712585,0.03420492886380466,262.6146636962891,265.5569860839844,0.02392901222125876,0.012584067768859786,0.012033409365004223,0.013507397947071143,0.7757068545213737,1.0856264716875625,0.0162178042222914,1
2019-09-06,269.2147542351201,269.7474560896053,268.537586657619,269.1063842773437,49584300,0.0007720789556560081,0.018695637507445184,0.01508723076914209,263.1284118652344,265.69386474609377,0.02271884046931061,0.012843802526306236,0.012016348177409104,0.012837364230723115,-0.40445073812638055,0.66302631088945,0.004495877848588692,1
2019-09-09,270.09057074583126,270.1808377169626,268.3028383422982,269.2418518066406,51260300,0.0005033976791770645,0.019661132210585297,0.02256381666790297,264.3337707519531,265.8148522949219,0.018567741233840085,0.012892430509926944,0.007202338089826938,0.012711835413234243,0.03380102169436694,0.7054687823633287,0.006975139125150438,0
2019-09-10,268.4834677166774,269.24191987648885,267.22846442804376,269.1787109375,57947100,-0.00023451357475423595,0.025417912141261434,0.03492227682600535,265.24839782714844,265.9074884033203,0.014817481057558757,0.012302107600738132,0.006960850909819649,0.012325555380210244,0.13044792948929285,0.8016775336647054,0.00747999513569476,1
2019-09-11,269.4856603743414,271.1740607730114,268.83557827685104,271.0928039550781,68821100,0.0071108633030885215,0.02111951790925426,0.02632022846426474,266.4564636230469,265.99037475585936,0.01739999198739728,0.019182758789306087,0.00651640214278444,0.01196889631112752,0.1876539119300189,0.9691970115635664,0.008626132682399939,1
2019-09-12,271.995614965798,273.0881041605776,271.2371906654044,272.03173828125,72908700,0.0034635162293996657,0.011651094762108682,0.06125398642789981,267.57604064941404,266.07813415527346,0.016652079988260127,0.022375397906624794,0.006464748274520912,0.00949960711810109,0.05939457521021896,1.0741977260371254,0.006804035098505871,0
2019-09-13,272.4741621192971,272.82630246980784,271.48097753915954,271.8511657714844,62104800,-0.0006637920667144082,0.010199614927425493,0.05775485954083237,268.3443969726562,266.1194860839844,0.013068164785216219,0.02153799322192862,0.00586000699979717,0.009535224657065905,-0.1481839615848315,0.9409802498814017,0.004948755422219417,0
2019-09-16,270.72254318691955,271.8963167578884,270.3704304034408,271.011474609375,58191200,-0.0030887899992130263,0.006572614141746591,0.03915496220990433,269.04051208496094,266.1501843261719,0.007325894933591481,0.018265214790328832,0.006082490839638623,0.009191760007897008,-0.06301606317064057,0.8985842918073395,0.005630338555394963,1
2019-09-17,270.8129115165538,271.7880208906066,270.6413601598369,271.69775390625,41475500,0.0025322887079382017,0.009358254818802925,0.029384722682142206,269.95965270996095,266.2242224121094,0.006438373952704746,0.020559855314997266,0.005314823054703568,0.00888336479343419,-0.2872547739177058,0.6464996538014657,0.0042203541040879665,1
2019-09-18,271.3095435402211,271.9686634906912,269.2780400199562,271.8603210449219,73375800,0.0005983381766490048,0.0028311968397765064,0.0379537476967875,270.5970977783203,266.2948309326172,0.004668280912740741,0.02089973017055291,0.004577717817651932,0.008623836453457042,0.769135995949416,1.124655537283668,0.009897080458057655,0
2019-09-19,272.2485052514616,273.24169007108816,271.5081286082832,271.8421936035156,76560500,-6.667924666814429e-05,-0.0006967741298569141,0.02950903454428433,270.8914398193359,266.3394348144531,0.003509722510293356,0.020660698604005212,0.0027544251784292406,0.008505915880470937,0.04340259322555928,1.1496485456049805,0.006377087529441388,0
2019-09-20,272.4444725268905,272.7256865360811,269.7686626835575,270.55780029296875,89565000,-0.004724775405616999,-0.004757623440183489,0.02496088607590541,271.0365814208984,266.3457110595703,-0.0017664815775777498,0.015814368538701107,0.003316626183851407,0.008611721906426922,0.16985913101403471,1.3077162192291008,0.01092936093256836,0
2019-09-23,269.89556952748023,271.2108170035137,269.64159394991134,270.4942321777344,43476800,-0.00023495207000334695,-0.0019085628473338723,0.05173630042912847,271.1618194580078,266.32651611328123,-0.0024619516184387624,0.01564889641961309,0.0033258112902637706,0.005859351095591666,-0.5145782392675711,0.6878653317489749,0.005801317983635412,0
2019-09-24,271.5827026529989,271.97273161522907,267.4102231949548,268.3717041015625,94869400,-0.007846851517252396,-0.012241727275504655,0.032070090601253876,271.08111877441405,266.26306701660155,-0.00999484835056419,0.007919375032322762,0.0042480735860398605,0.005937449143751952,1.1820695175357891,1.4747835981947117,0.017000705925940714,1
2019-09-25,268.4533536576858,270.40352627736024,266.9748420686089,269.9590759277344,71854000,0.005914825601625928,-0.0069934630764794115,0.04226415672339079,270.9677459716797,266.2488787841797,-0.003722472725778636,0.013935071428271328,0.004027602148587325,0.005863144485003487,-0.24260088078980158,1.1125161081351909,0.01270075546439186,0
2019-09-26,269.9681805505696,270.1767865637136,267.9907970655747,269.396728515625,56179700,-0.002083083927357565,-0.008995899626447867,0.032820475500794144,270.70424499511716,266.2602825927734,-0.004830055322980753,0.01177962365362828,0.0038107173447152858,0.005812212816751873,-0.2181409524869875,0.8722055273719987,0.008114387692024655,0
2019-09-27,270.1495830366901,270.2584534548734,266.394370206706,267.9454345703125,84746600,-0.005387199589650282,-0.009655481083256534,0.014300890778956798,270.313671875,266.2229766845703,-0.008761071122524111,0.006469982069891023,0.004054016372696504,0.005382783343417314,0.5084915013786118,1.2888542409340105,0.014421157256752595,1
2019-09-30,268.4625344992536,269.8956770404428,268.41719257426433,269.18817138671875,51662400,0.004638021985331253,-0.004828423809633997,0.019457836038805798,270.1313415527344,266.2405029296875,-0.0034915243843762767,0.011071450153509188,0.004424033389912899,0.005444347066576785,-0.39038970294973485,0.7924714111502267,0.005492382739412716,0
2019-10-01,270.0679131700186,270.72099718134706,265.7684595761757,265.98614501953125,88242400,-0.011895122845451578,-0.008889011194445628,0.013256050355925142,269.5601806640625,266.18080810546877,-0.013258767061687715,-0.0007313190132790526,0.005489359177047466,0.005984550451497471,0.7080584719254235,1.3340035420277543,0.01861953224972562,0
2019-10-02,264.4079467960568,264.4170262525811,259.99964920337914,261.28765869140625,122539500,-0.017664402511566868,-0.03212122876968726,-0.015813314901497733,268.50291442871094,265.9886779785156,-0.02687216916306645,-0.017673757104387344,0.007245649144950242,0.006730916629328423,0.38866916584317734,1.7522875353418992,0.016906183289808908,1
2019-10-03,261.0608737824399,263.4555248952082,258.3487738908161,263.4283142089844,85278800,0.008192715753583935,-0.022154739367202247,-0.020343934334134395,267.6615264892578,265.8138995361328,-0.01581554262130136,-0.008974644784608521,0.008149922084078212,0.006300987579372019,-0.3040709322300156,1.2177085124920046,0.019385733153729174,1
2019-10-04,264.0814785101932,267.2471092538503,264.02702943995206,266.9931335449219,65091200,0.013532407655729273,-0.003554085655229633,-0.007852845030402067,267.3050598144531,265.7364202880859,-0.0011669299105214748,0.0047291720701043705,0.009653941772744435,0.00708766598032806,-0.23672471939098583,0.9192693320513606,0.012060534183574582,0
2019-10-07,266.1949227239914,267.81856801757766,265.55996959562583,265.8411560058594,59610500,-0.004314633577903182,-0.01243373868776354,-0.012630635905830467,266.8397521972656,265.59960510253904,-0.0037423066959979545,0.000909455054449726,0.009690845463212952,0.0071381111548329285,-0.08420032200973404,0.8369316694056375,0.008496044991250526,0
2019-10-08,263.9907184423583,264.72543473960826,261.67769911141454,261.7139892578125,95708100,-0.015524935303681486,-0.016061572535686186,-0.027731471235928118,266.1739807128906,265.3901794433594,-0.016755925741250066,-0.013852020422373879,0.010502884420401605,0.007876317198092116,0.6055577456991637,1.3090417449130183,0.011645291246511928,1
2019-10-09,263.7275882237998,265.13351958206624,263.10171486269707,264.1992492675781,62359400,0.00949609158002418,0.01114323803410322,-0.025428763091189688,265.597998046875,265.2438232421875,-0.005266413111479795,-0.0039381651261133355,0.010874623624701388,0.008028175022395535,-0.3484417724309645,0.8567026672545678,0.007690425786605423,1
2019-10-10,264.117604480698,266.865993928109,263.95434039818133,265.98614501953125,55296300,0.0067634399299272285,0.009709779369114102,-0.02222385262806459,265.25693969726564,265.19261291503904,0.002749052760308013,0.002992285855060617,0.011230262071467103,0.008163060933161471,-0.11326439959332513,0.7689718429698928,0.010946636072769356,1
2019-10-11,268.7346034051052,270.9750422719158,268.6167088805522,268.7436828613281,98720400,0.010367223607058218,0.006556533095678718,-0.011430824294380137,265.3367645263672,265.2433227539062,0.012839978436619548,0.013196788786534519,0.011676340990519632,0.008556646379358079,0.7852984738581061,1.3387600449822636,0.008775400285708305,0
2019-10-14,268.4260854804991,269.09732826946083,268.09955737877976,268.4442443847656,40394800,-0.0011142158705810257,0.00979189384373913,-0.009472773166928405,265.2623718261719,265.32813232421876,0.011995190032753067,0.011744371142442978,0.01158344071764209,0.008537056742925812,-0.5908160825928582,0.5544900913660613,0.00371686453165651,1
2019-10-15,269.4874853651235,271.8458464973218,269.3695631563232,271.10205078125,46754500,0.009900776239683218,0.03587145475127573,-0.0021925213456329695,265.7739624023437,265.62500732421876,0.020047443063065495,0.020619457152037057,0.011185468050659926,0.008826227908823297,0.15743858120352128,0.639471304555244,0.009134137251498428,0
2019-10-16,270.6394152911008,271.3560002499491,270.2312550091748,270.6666259765625,48928200,-0.001606128774875426,0.024479163839085327,-0.004390839618563236,266.71185913085935,265.84130493164065,0.01482786276767234,0.018151133610191383,0.008992187021436698,0.008831170956110955,0.04649178153974476,0.6805799121389502,0.004155463336923172,1
2019-10-17,271.8277232343232,272.33567459941145,270.77553035484783,271.46490478515625,45736600,0.0029493063864580726,0.02059791409519729,-0.0013878964606562905,267.51551818847656,266.07049682617185,0.014763205601766805,0.020274355944502442,0.008844292950633712,0.008858965938332882,-0.06523027620063682,0.6501226071143824,0.005747130539022537,0
2019-10-18,270.9296954952778,271.5737002063706,269.4239728965291,270.276611328125,64304000,-0.004377337313534846,0.005704053953848209,-0.001039293506005956,267.8438659667969,266.17389587402346,0.00908269955164731,0.015413665718907676,0.008279967406945402,0.008849615228014597,0.40596371396212216,0.9307592902236694,0.007953804434937305,1
2019-10-21,271.59188362078226,272.3084410011963,271.15648490964367,272.10888671875,39048600,0.006779259890899558,0.013651409596742159,0.005969275307706745,268.47063903808595,266.3500579833984,0.013551752600208689,0.02162127832429661,0.0081937172992468,0.008978475910457613,-0.39275006220452846,0.5670206909710661,0.004233437964645655,0
2019-10-22,272.6440336093649,272.93429940069217,271.12925918317654,271.219970703125,48594700,-0.0032667658390141963,0.0004349650677122341,0.01061314049891271,269.4212371826172,266.5725457763672,0.006676287063772213,0.017433996862740164,0.00578229345247045,0.008815714125252066,0.24446715119107987,0.7301705336994301,0.00665526293228387,1
2019-10-23,270.9660114166438,272.0635461348605,270.75737767629226,272.0091247558594,34352200,0.0029096458151238735,0.004959971605118074,0.007593924453474399,270.2022247314453,266.7299169921875,0.006687213720057095,0.019792334595247096,0.005396975447598084,0.008745057981894486,-0.2930875177745721,0.5311310612223473,0.004801928831396941,1
2019-10-24,272.9433722970273,273.08850518920275,271.62812449255955,272.4535522460937,35453100,0.0016338697851889794,0.003641897878917,0.011346922241082025,270.8489654541016,267.05237854003906,0.005924286213542906,0.020225147349679284,0.005233491267444817,0.008728661231463661,0.032047438009792595,0.5570785489851962,0.005360108850128369,1
2019-10-25,271.8820987429654,274.1134858073228,271.82767736883653,273.5692443847656,45205400,0.004094981069155512,0.012182456485823279,0.020988638315378116,271.33152160644534,267.38360900878905,0.008247190614166788,0.02313393629066196,0.004499227186839407,0.008643410518653742,0.2750760864353188,0.733091587959955,0.008355502255477711,1
2019-10-28,274.78461687497287,275.6100443709534,274.75740619625964,275.11114501953125,42147000,0.005636235309393944,0.011033297504481565,0.0220030976929646,271.9982116699219,267.6698345947266,0.011444683148825296,0.027800332585371068,0.0045213693347089705,0.008667916832447643,-0.06765563406141739,0.6888083233579761,0.003099249849122738,0
2019-10-29,274.8390662452186,275.9547595486964,274.7120646107723,275.029541015625,44284900,-0.0002966219485599497,0.014046053845606865,0.03399950021994447,272.3909606933594,267.89158752441404,0.009686739661071142,0.026644933337298005,0.003740617259029738,0.008121779728122157,0.050724843998386504,0.750713548185205,0.004518405307790241,1
2019-10-30,275.2291365846121,276.24503908773704,273.9229683145181,275.8731689453125,49643900,0.003067408419372475,0.01420556826143704,0.05582165773521086,272.9116149902344,268.1706610107422,0.010851696272377698,0.028722410965984713,0.0036065151074839773,0.006721973622406364,0.12101190247691651,0.8969795808630239,0.008417167867743172,0
2019-10-31,275.8640309626855,275.8640309626855,273.6870935348078,275.13836669921875,69053800,-0.0026635509676529168,0.009854209757925947,0.04445252031998548,273.2789611816406,268.392421875,0.006804056593080476,0.025134632256347933,0.00385548687465573,0.006696863579841197,0.39098257791994584,1.2662434229563075,0.007912155087616448,1
2019-11-01,276.5807027657832,277.7326588147076,276.41741095435447,277.68731689453125,71141500,0.009264248479380566,0.015053126746856549,0.04005415123460487,274.02003173828126,268.66679016113284,0.013383273963535114,0.033575146105658815,0.004013310368945039,0.0063770419698706724,0.030232948802238147,1.2973291066169956,0.004736434760730022,1
2019-11-04,279.2384077691996,279.3744612238009,278.4311111364447,278.8030090332031,60606900,0.004017800132714022,0.013419536360149253,0.04875788693552807,274.68944396972654,269.0990850830078,0.01497532997274531,0.036060783882643,0.00379152952503619,0.0062139209635960115,-0.14807953163765175,1.1042180243434134,0.003383572116482554,0
2019-11-05,279.00245799553085,279.30180316391466,278.2042411215235,278.4945068359375,42933200,-0.0011065239157045381,0.012598522353333808,0.06411777079900238,275.4168975830078,269.4683264160156,0.01117436613344358,0.03349625738940065,0.0034789277451286638,0.0046690302576808985,-0.2916120111736452,0.821719963474179,0.003941054546679844,1
2019-11-06,278.4946046311865,278.8302123707764,277.614755406272,278.55810546875,46487100,0.00022836584295715667,0.009732503286572713,0.054348588199921055,276.07179565429686,269.85924560546874,0.009006026162725167,0.03223480390217537,0.0035595762019917103,0.004458315932415204,0.08277743098581047,0.9034628847256952,0.004363387532590485,1
2019-11-07,279.8915169388565,280.87112958042934,279.0660889991278,279.5377502441406,54272300,0.0035168417509952032,0.015989713094907154,0.05094853802860411,276.78021545410155,270.23328125,0.009962904268698836,0.03443124751733606,0.003565072604488345,0.0043590072702772865,0.16747011536533796,1.0558165155426744,0.006457233700010245,1
2019-11-08,279.19298934454866,280.2814721535745,278.4945632788722,280.22705078125,49032100,0.0024658584985655096,0.009146020477713623,0.04272981525614994,277.44599609375,270.5544702148438,0.010023769406137806,0.035750954544293334,0.003524940375974855,0.003946702957725069,-0.09655385896672886,1.0023173123428772,0.006376646614666751,0
2019-11-11,278.84827471069235,279.86417703477946,278.7121936255367,279.6918334960937,35797300,-0.0019099415408475595,0.003188001686110553,0.04189916284890316,277.9040649414062,270.86730041503904,0.006433042118561438,0.032578805442861514,0.003565748075775245,0.003984656565570188,-0.2699211332983903,0.7352256003503059,0.0041187595463306045,1
2019-11-12,280.0546986848405,281.1794439203386,279.5104572968919,280.2814636230469,46484600,0.0021081420918978022,0.006416488452183566,0.03385962155337463,278.42925720214845,271.222802734375,0.006652341206921708,0.03339933367454928,0.0034997294754043136,0.0035332254442456993,0.2985504493355644,0.9549922270750073,0.0059546807051476455,1
2019-11-13,279.2927585959564,280.77127035209,279.0659936684823,280.3721618652344,53917700,0.00032359700500728117,0.006512308781795095,0.03585789660492633,278.8791564941406,271.5205285644531,0.005353592537580498,0.03260023596587858,0.0035054890667093903,0.0034646701537230503,0.1599045705459443,1.1020515241284872,0.006082189730474759,1
2019-11-14,280.0910792140453,280.8620857890122,279.45612610965475,280.7804260253906,51219900,0.0014561508440786852,0.004445466775649054,0.03431574791447489,279.4433624267578,271.75816162109373,0.00478473915795119,0.03319960788105569,0.003171749997120754,0.0034539630049489436,-0.05003551709364462,1.0410758265257776,0.0050073279653415955,1
2019-11-15,282.1137105902836,282.8575062211695,281.4243640106054,282.8121643066406,62023600,0.007236039598665922,0.009225067737691717,0.046380457846191714,279.9558471679687,272.0322772216797,0.010202741495012102,0.03962723539668933,0.0026858331276134136,0.0033542977659048417,0.21092778392773126,1.2635960606287178,0.005067470184946477,1
2019-11-18,282.5763015670428,283.25659632840035,282.1227717261377,283.020751953125,49228000,0.0007375483547384931,0.011902093870316044,0.04010109837262843,280.37762145996095,272.3078552246094,0.009427038004677257,0.03934112264106093,0.0025879658854871847,0.003195574625309868,-0.20630211725859193,0.9926208756066263,0.004006153592759902,0
2019-11-19,283.619442778009,283.62852223373176,282.2951432620522,282.93914794921875,67804700,-0.00028833222773627654,0.0094821979727715,0.04320912363389895,280.82208557128905,272.58306396484375,0.007538802988457549,0.03799239701007506,0.00250790199375055,0.0030020971403967047,0.37736044527504675,1.3412209328316433,0.0047125997987343795,0
2019-11-20,282.3495416770167,282.86657234836355,280.3358680402715,281.8869323730469,79406200,-0.0037188758918603737,0.005402713656502689,0.03631425095041685,281.15496826171875,272.79894653320315,0.0026034187332828473,0.033313859731997075,0.0030066201638116762,0.003264903299180647,0.17110170828865856,1.503701392008205,0.00897772836359407,0
2019-11-21,281.9958415043259,282.10468425402297,280.6352517705745,281.4334411621094,54664700,-0.001608769896212725,0.002325714601842277,0.03295933872759571,281.34453735351565,272.98698059082034,0.00031599621385947074,0.030940891587608155,0.0030032819401613698,0.0033524135288835327,-0.31158146341217685,1.016682122030794,0.005221243351112896,1
2019-11-22,282.1772789129553,282.31333237035267,281.0525334234393,282.0593566894531,44850200,0.0022240268418678433,-0.0026618643474305426,0.031034600851353122,281.52776794433595,273.1911444091797,0.001888228464988595,0.03246156569039749,0.0029882412198586417,0.0033057302263981227,-0.17953999564618484,0.8344226360642367,0.004469977389551803,1
2019-11-25,282.9845320574633,284.2453308105469,282.9845320574633,284.2453308105469,48647200,0.007750050013410892,0.004326816493034791,0.03320180209481216,281.9831176757813,273.4558215332031,0.008022512671721937,0.039456133048656694,0.003571134548069931,0.0034733169928182293,0.08465960018015517,0.8996247618353698,0.004435600576052788,1
2019-11-26,284.2815982160428,285.0707357657837,283.9641217688007,284.8893127441406,37569000,0.0022655849148247587,0.006892523742497048,0.03584986431677706,282.44390258789065,273.71965270996094,0.008658038406366364,0.04080693484590703,0.0035738622052128087,0.0034452591952664198,-0.22772533671002648,0.6990986746265924,0.0038843647251059423,1
2019-11-27,285.36998413020297,286.1591491699219,285.1522987020101,286.1591491699219,44444600,0.004457297515128911,0.015155781649435207,0.03728517805458775,283.02260131835936,274.00562927246096,0.01108232288499944,0.04435500077035237,0.003643364117945473,0.0034866126601076357,0.18301259016742533,0.8310628256988741,0.0035184982581629464,0
2019-11-29,285.5967415266676,285.84166530822546,284.8711049975358,285.0978698730469,36592700,-0.003708703006538583,0.01302058737513967,0.036198162013209245,283.454345703125,274.27074279785154,0.005798197116523296,0.03947605553821454,0.004077314262366365,0.0035645901858297278,-0.17666713166503922,0.7056575229468814,0.0034043057253351793,0
2019-12-02,285.351926627072,285.4154274537873,282.2497977488334,282.6761169433594,75767800,-0.008494461676496923,0.0021866328461683793,0.017965530815809316,283.44074096679685,274.5131091308594,-0.0026976503830373755,0.029736313279701054,0.0046302243889332585,0.0038071803666874966,1.0705714527761003,1.4546256692345898,0.011198787287672488,0
2019-12-03,279.96407752065693,280.8620857890122,278.5853562166905,280.7804260253906,73941700,-0.006706229512656647,-0.012189838880645176,0.007092523854188348,283.2167083740234,274.7188330078125,-0.00860218439307392,0.0220647159541687,0.0050691521014217256,0.004089330350066705,-0.024101267292966133,1.401625992835077,0.008108576529176636,1
2019-12-04,281.82347080730165,283.1114801298138,281.4787836789131,282.5128173828125,49080000,0.006169914982838698,-0.008341819980668963,0.014428688711056736,283.1740753173828,275.0016552734375,-0.0023351640994294653,0.027313152358688697,0.005529638446625723,0.004271489277942974,-0.3362338166420301,0.9249632078357274,0.005779194254002154,1
2019-12-05,283.21125441681573,283.2293856451966,281.7145837968173,283.020751953125,40709000,0.0017979169052151356,-0.010967313908713416,0.016020522816470928,283.28745727539064,275.2628887939453,-0.0009414653399439921,0.028183469239789316,0.0054064042604453225,0.004276296225954313,-0.17055827220863895,0.7714031497177564,0.005352264234780191,1
2019-12-06,284.9256316357635,286.0050350565463,284.9165521793852,285.6059265136719,48927000,0.009134222641649314,0.0017820429203880828,0.021707895496159146,283.7047058105469,275.5870727539062,0.006701407005897719,0.03635458535717406,0.005994980495836491,0.0046334390616981705,0.20187182195583286,0.9318470100218263,0.003811135470639597,0
2019-12-09,285.21589807283027,285.88711349587976,284.63536648869166,284.7079467773437,34838500,-0.0031441215078749085,0.007187836934916758,0.015990233575243096,283.9695648193359,275.92232299804687,0.002600215126848271,0.031840931476062595,0.006159920279959036,0.004714515488038225,-0.28794939399513564,0.6726134900721527,0.004396600169952514,0
2019-12-10,284.6534969724014,285.3156328729228,283.73735776823526,284.39044189453125,52649800,-0.0011151950144221434,0.012857078109904219,0.016799233426681992,283.98407592773435,276.22636840820314,0.0014309463143993284,0.029555735512778236,0.005693121811395111,0.0046937395887072155,0.5112533547655611,1.0002176170242434,0.005549677036167193,1
2019-12-11,284.8440482574191,285.45179063198384,284.3088861837475,285.19781494140625,53429100,0.0028389598521543213,0.00950398492878124,0.01754076511092939,284.0149261474609,276.6106018066406,0.004164882493996602,0.031044410730028282,0.005720561482274985,0.004706926848495218,0.014801575694494584,1.008370769626523,0.004007409553509839,1
2019-12-12,285.2067809563498,288.43591134323987,284.9709642525427,287.6558532714844,96389600,0.008618713753410612,0.01637724896981063,0.02597865407818567,284.1645965576172,277.13796569824217,0.012286036882005913,0.03795181056028407,0.0062019980983178775,0.005010936528591594,0.8040655747523353,1.7490666026240826,0.01204546005683757,1
2019-12-13,287.4200285784904,289.0527527941986,286.6490222278449,287.8282165527344,81503900,0.0005991996313987613,0.007780966124161015,0.025100718832538726,284.43763122558596,277.6259637451172,0.011920312064683802,0.03674819411697272,0.006021138576040988,0.005013150139809502,-0.15443263588602918,1.4394040340061034,0.008351267972065958,1
2019-12-16,289.55159690245364,290.3951557751756,287.76468819631657,289.8055725097656,82749700,0.006869916996720127,0.017904753942145968,0.02472810255623359,285.15057678222655,278.08221252441405,0.016324693360498355,0.04215789236905021,0.005248458809170431,0.004990768037998489,0.015285158133537147,1.4351400207458698,0.009076663212783512,1
2019-12-17,290.1865865771561,290.4859041346796,289.78747804627915,289.8691101074219,61097700,0.00021924215295787697,0.0192646003726189,0.024197371065677542,286.0594451904297,278.5627716064453,0.013317738606589469,0.04058811748524027,0.004261978972678622,0.0049948252932742595,-0.2616565377276292,1.0488307457338577,0.0024094533154691657,1
2019-12-18,290.2590437176081,290.4858085955125,289.8327246398975,289.8871459960937,48133000,6.222080257245466e-05,0.01644238072318638,0.024556510109099428,286.7968780517578,279.12623474121096,0.010775110124379372,0.038552131313846605,0.004226389790336715,0.004989910649064585,-0.2121962037850852,0.8404637925516116,0.002252890356248459,1
2019-12-19,290.07769870351285,291.1480502526444,289.8237230792523,291.0754699707031,85310500,0.0040992641137163055,0.01188787455679341,0.032596536207986526,287.60234985351565,279.66375915527345,0.01207611870680636,0.04080511128756492,0.004241211941804943,0.004887361505110569,0.7723910830407412,1.481991116617564,0.00454977251612914,1
2019-12-20,292.10543451333706,293.48183740439526,291.13013011229833,292.3515625,147142100,0.004384060702282255,0.01571543610783155,0.03879468371920192,288.27691345214845,280.1910675048828,0.01413449658197452,0.043400723311442624,0.0036847234898031806,0.00486286487780746,0.7247829985757908,2.366060176088388,0.008044107142738233,1
2019-12-23,293.13550600154747,293.1901949374519,292.65240185614937,292.7982482910156,52990000,0.001527906289249259,0.01032649495084903,0.038073162073421374,289.0859436035156,280.6721588134766,0.012841526091602384,0.043203748917602924,0.0031721997724321795,0.004863036086133336,-0.6398719333215986,0.8465445159962806,0.0018367359929285499,1
2019-12-24,293.02612879098643,293.0716936318886,292.5065560813585,292.807373046875,20270000,3.11639701147115e-05,0.010136516230943915,0.030122015415039005,289.92763671875,281.15942138671875,0.009932603737664802,0.04142828151625455,0.003032198304908835,0.004675438685965788,-0.6174749952821287,0.33133483559163823,0.0019300659838221504,1
2019-12-26,293.1901298189452,294.37512140753176,293.1810335432235,294.3659973144531,30911200,0.005323036272480097,0.015450327412653841,0.033264443930978604,290.8444549560547,281.6247003173828,0.01210799208439628,0.04524211471050399,0.00312470138067918,0.004751317653937173,0.524972866304884,0.508041110780301,0.004056473489472609,0
2019-12-27,295.0952322086851,295.1499211381323,293.7644218965359,294.2930908203125,42528800,-0.00024767294730287936,0.011054249435492602,0.028424538142447053,291.5081787109375,282.0972296142578,0.009553461318615453,0.04323282870495193,0.002626068681045397,0.004721295489430851,0.3758378840032093,0.7000843894636714,0.004707889124187224,0
2019-12-30,294.37512695792304,294.51184926989555,292.1874586969327,292.6705627441406,49729100,-0.005513306723067268,0.001091152862029432,0.026561730799552707,291.99241333007814,282.5213427734375,0.002322489842555786,0.03592372834940871,0.003595119224386887,0.004840078989968341,0.16930409510731548,0.8098552355531743,0.007942003292606086,1
2019-12-31,292.1693441370268,293.62778090007464,291.8229622763492,293.38165283203125,57077300,0.0024296604387652465,0.001992513768169113,0.037872091934873175,292.3500213623047,282.98344360351564,0.003528754555649938,0.03674493848864313,0.003125875537250134,0.004254916553296241,0.1477645885407135,0.9438882494575859,0.006151777407698903,1
2020-01-02,294.9129662119836,296.1435228475682,293.9923228046252,296.1252746582031,59151200,0.009351715758935564,0.011331345849672214,0.054650706425756646,292.9756378173828,283.46377136230467,0.010750507667752096,0.044667095322440176,0.004007102875731208,0.00406232617245768,0.036334935254470624,0.990295220018123,0.007264493196083935,0
2020-01-03,292.74350507040344,295.0040826655969,292.6888161446402,293.8829040527344,77709700,-0.007572371551388013,-0.00164113133353061,0.04024626838263101,293.3752136230469,283.9170300292969,0.001730515756316775,0.03510136050102086,0.0050417096112950095,0.004569994994071046,0.3137468047985501,1.2705477682679347,0.007878193964427566,1
2020-01-06,292.1328420420894,295.0861837981025,292.01434006994486,295.004150390625,55653900,0.0038152826259312267,0.0024161612776245622,0.04234105928559173,293.76808166503906,284.3769305419922,0.004207634534630467,0.03737018972804318,0.00502547317960615,0.004587883239932738,-0.2838229976437948,0.8989542091247392,0.010412883086865481,0
2020-01-07,294.4390032296372,294.91301114756425,293.7280191701127,294.1746826171875,40496400,-0.002811715605828491,0.005139293336999584,0.030002024846306652,293.9503936767578,284.81135314941406,0.0007630162954512798,0.0328755485490122,0.005058296570396973,0.004395512096804409,-0.2723528809301774,0.6586057540425522,0.004028191572806378,1
2020-01-08,294.3660286722624,296.9547400028766,294.1199284891358,295.742431640625,68296000,0.005329313214480935,0.008046784063710177,0.03875720712464292,294.24481201171875,285.25481689453125,0.005089706148656337,0.036765776158554475,0.005271347043801487,0.004333432684811144,0.6864708961784258,1.0813010253962299,0.009585406794739269,1
2020-01-09,297.30122807910067,297.8208009132974,296.71784219845114,297.74786376953125,48473300,0.006781009129400717,0.005479400950158642,0.04696860339614961,294.7388610839844,285.7075512695312,0.010209046321480786,0.04214208706245026,0.005556046666690469,0.004402274854674284,-0.29024686658076604,0.7700026011830419,0.0037043379619340357,0
2020-01-10,298.33108485204707,298.48602751656244,296.42601332972424,296.890869140625,53029300,-0.002878256179764227,0.010235250320484335,0.040999802896880766,294.99134826660156,286.14477783203125,0.0064392426597770225,0.03755473501914386,0.005565230337194591,0.004549074574578434,0.09398988721626123,0.8426426340056634,0.006938624258809585,1
2020-01-13,297.51074112791366,298.9418050156996,297.0823260256532,298.9327087402344,47086800,0.006877407868822738,0.013316959589915633,0.03920259344803645,295.45531005859374,286.6059686279297,0.011769626617815776,0.043009362893998704,0.00585503073871628,0.004431291197878641,-0.11206069097649785,0.7787190350702892,0.006220393204486171,0
2020-01-14,298.4952101168568,299.5434516916106,297.9209485381816,298.4769897460937,62832800,-0.0015244868855642801,0.014625008143562157,0.036996974517987447,296.03595275878905,287.0727410888672,0.008245745033859553,0.03972598935715799,0.005439130476943497,0.0044900111854160344,0.33440369700213224,1.055420281441825,0.0054359404884416224,1
2020-01-15,298.3858164658878,299.9080379561586,298.3037830757557,299.1514892578125,72056600,0.002259804054887349,0.011527117019616728,0.0322489200849716,296.61293640136716,287.5020245361328,0.008558469793138901,0.04051959195931021,0.0054378344429107115,0.0043331259656587216,0.14679912402439488,1.2213234560677817,0.0053626839177134235,1
2020-01-16,300.5278686430947,301.6399230957031,300.29998886032536,301.6399230957031,54050300,0.008318306701612599,0.013071661629735498,0.04060733820143558,297.1644012451172,287.9587628173828,0.015060760413540653,0.04751083156652047,0.00528961167728103,0.004569573182562975,-0.2498910578628467,0.9216300774736188,0.0044421647559982945,1
2020-01-17,302.35097758583424,302.7884890679203,301.5761805798231,302.578857421875,95846000,0.0031127654341496225,0.01915851537541169,0.043781559827948735,298.03399658203125,288.44044982910157,0.015249471174315632,0.049016729800380965,0.0041233036026490175,0.0045522928478534406,0.7732741538899877,1.5704204011448737,0.004006586905729975,0
2020-01-21,301.62184789724483,302.7885919414847,301.54893856458017,301.9864501953125,77742400,-0.0019578606106523955,0.010215481162791473,0.03748505576820871,298.7322265625,288.9090167236328,0.010893446851244493,0.04526488518767624,0.00438134277790085,0.004617134826506767,-0.18888216513991196,1.2817429319187004,0.004104996684794204,1
2020-01-22,302.84318902456715,303.49038781097767,301.8678844320141,302.0228271484375,48914900,0.00012045889178624591,0.011879768036256788,0.033080940514684354,299.517041015625,289.35871826171876,0.008366088701716956,0.04376612172875438,0.004085605825863931,0.004592424697108398,-0.37080795035913483,0.8775185092828964,0.00537212168458433,1
2020-01-23,301.3757401528406,302.77948817393155,300.26368508994005,302.3692932128906,51963000,0.0011471519147221443,0.010756436356246901,0.032688190512540904,300.1797271728516,289.80156311035154,0.0072941835901469965,0.04336667465714639,0.003993173170751001,0.004593696785009459,0.06231434593549201,0.9330600393780318,0.008320299516062916,0
2020-01-24,303.02552540689584,303.1075588185603,298.3949910655985,299.68023681640625,87578400,-0.008893285319786393,-0.006496773567586156,0.023472304327633697,300.3729644775391,290.20133117675783,-0.0023062250703479448,0.0326632052348339,0.004964533512534968,0.005155241387751633,0.6853992263726112,1.4829628031658566,0.01572532043829385,0
2020-01-27,294.4480497017618,296.3531215152195,294.1107920443717,294.87646484375,84062500,-0.016029658891384302,-0.025455818835966593,0.00173412532002315,300.17152404785156,290.49323120117185,-0.01764011166914503,0.015088935547495241,0.007230349039931105,0.006328217541720403,-0.04014574369935964,1.3621315834098084,0.007604301252173541,1
2020-01-28,296.2985175568416,298.8416646744203,294.9677069156235,297.96661376953125,63834000,0.010479469520969342,-0.013311313879087572,0.012482532087243925,300.0749145507813,290.8451202392578,-0.007025914793331478,0.02448551835566315,0.007720515651124467,0.006738017707435771,-0.2406364312267658,1.0168018242349237,0.013001314844599295,0
2020-01-29,299.32471133178075,299.55259115613137,297.5198931086739,297.7204284667969,53888900,-0.0008262177417124317,-0.014245276498673687,0.017254436781436677,299.99925842285154,291.1839202880859,-0.007596118630542215,0.022448039617860793,0.007711329864459057,0.0065926016518009995,-0.15579628411191526,0.8555533955041807,0.006827539708731033,1
2020-01-30,295.66036446661803,298.89627442765044,294.9129398382602,298.6866149902344,75491800,0.0032452812472867354,-0.012179405466491544,0.01808211967924378,299.95277099609376,291.5014093017578,-0.004221184560671665,0.024648956949084866,0.007752825410071654,0.006605226051209635,0.40087847404567545,1.1812590960962421,0.013336167037550388,0
2020-01-31,298.0668504063904,298.2218209474655,292.35163365596884,293.2631530761719,113845600,-0.0181576998830022,-0.021413102873933165,-0.009665239096307454,299.11509399414064,291.70625732421877,-0.019564177921704617,0.005337203823580161,0.00897261142068129,0.007552705604505331,0.508052530208579,1.7082999275388742,0.020016791164936976,1
2020-02-03,294.73979049796515,297.30115767312014,294.6212885304359,295.441650390625,69083000,0.007428472658777219,0.0019166858473240733,0.005303970786987078,298.4013732910156,291.95630737304685,-0.00991859678039797,0.011937892518707471,0.00938178272081197,0.007553886182269338,-0.39318691280119744,1.0433718295345227,0.009070722219230101,1
2020-02-04,299.0422455995197,300.8105958710925,298.72320817204337,299.94464111328125,62573200,0.015241556891868457,0.006638419381038263,0.016747190560249425,298.1971923828125,292.31746154785156,0.00586004420935482,0.026092110697195414,0.010912249536446036,0.00823572311696573,-0.09423157650941616,0.9401408651738368,0.006959243183347268,1
2020-02-05,302.87050163975044,303.61795412672234,301.4120930432873,303.4082946777344,65951100,0.011547642763669153,0.01910472264274543,0.03138819417904393,298.3357391357422,292.75695861816405,0.017002842357027204,0.03638286211827535,0.011576996071893636,0.008519517713189756,0.0539831749055506,0.9722999389871693,0.007270272837392213,1
2020-02-06,304.365386197161,304.6206104661579,303.3535853975724,304.42919921875,50359700,0.0033647878417431,0.019226118414122473,0.029372746852507126,298.54172973632814,293.20435546875,0.01972075892915104,0.03828334586658744,0.01161156950368678,0.00848528375961905,-0.2364084905331374,0.7523876797725731,0.004161969587139119,0
2020-02-07,303.3719002853901,304.4383624299263,302.2598454793981,302.8067626953125,64139400,-0.00532943793696905,0.03254281869042641,0.016990546503792947,298.85438232421876,293.5755841064453,0.01322510428107404,0.03144395885973994,0.011334433565381734,0.008519340149050966,0.2736255378804877,0.9471755658906394,0.0071944131337656194,1
2020-02-10,301.9225963763189,305.1311348147873,301.88612780958465,305.0673217773437,42070000,0.0074653520347753854,0.03258061743830587,0.02754026306159596,299.87346801757815,293.97914428710936,0.017320151042709453,0.03771756502361012,0.009708436411708715,0.008592997398384074,-0.34408491504441885,0.6263350748237418,0.010637019351325466,1
2020-02-11,306.41633961218275,307.2002328793031,305.0672809970112,305.5959777832031,54864500,0.001732915878303265,0.018841265671379448,0.022290197252248456,300.6364044189453,294.367880859375,0.016496915514418342,0.038143077604285036,0.009393242223219746,0.008496690813243963,0.30412407891609217,0.8121167472314841,0.00697964645269331,1
2020-02-12,307.02705945948134,307.77451202465284,306.6624572722204,307.5648803710937,43992700,0.006442828868930217,0.013699644229483665,0.03044754181128284,301.620849609375,294.8172210693359,0.01970696246435466,0.04323919496805706,0.00938236646093932,0.008551920390058662,-0.19815727838584152,0.6603983463283265,0.0036156753368286375,0
2020-02-13,306.1428600443528,308.20290257264736,305.8694153801374,307.2366943359375,54501900,-0.0010670465196163104,0.009222161094902592,0.027027126283690528,302.4758575439453,295.3084326171875,0.01573955961526785,0.040392553687123245,0.009483622754502204,0.00856943041921199,0.2388850877531954,0.8290817752653673,0.007595079739916994,1
2020-02-14,307.6469704852974,307.84750589786006,306.4528821069279,307.72900390625,64582200,0.0016023788153840535,0.016255387320692982,0.020186587862956573,303.9224426269531,295.8474041748047,0.012524778513869794,0.040161243816170034,0.006055021561588529,0.008412953416188163,0.18495318511831704,0.9746158789066686,0.0045319868235657685,0
2020-02-18,306.7354387165228,307.7928046845001,305.5504466650149,306.9359741210937,57226200,-0.0025770394570864275,0.006125376958971307,0.014399937709936195,305.071875,296.3358673095703,0.006110360455527708,0.03577058324988336,0.006397306433144008,0.00843511392898233,-0.11390135362375386,0.8895273005709177,0.007305621395166096,1
2020-02-19,307.9020874174254,309.0779271915285,307.6195186824989,308.4034118652344,48814700,0.00478092458318935,0.009186750762874674,0.021249170834557907,305.9177520751953,296.8435205078125,0.008125255148410115,0.03894271075092437,0.005036833296085023,0.00845586224163813,-0.14698686965061458,0.7762302107983247,0.004728898750532918,0
2020-02-20,307.85649373249373,308.67688328776865,304.1557279094007,307.13641357421875,74163400,-0.0041082499164091235,-0.0013930940241225764,0.016931125617428933,306.2905639648437,297.2741302490234,0.002761592124895129,0.0331757200565479,0.0044083793893616155,0.008533783914973173,0.5192841500613545,1.1561059659098438,0.014720349585886612,0
2020-02-21,305.7874255135602,306.0973387829116,303.1531209980254,303.9735107421875,113788200,-0.010298039217244925,-0.0106210737646526,0.00530549088583343,306.2449951171875,297.6594415283203,-0.007417213052349769,0.021212393537553664,0.005623320727815545,0.008890816401718427,0.5342904990871509,1.692255137040034,0.00968577090055504,0
2020-02-24,294.5483543223174,304.0463696689848,292.8164454315438,293.8920593261719,161088400,-0.033165559036379744,-0.04496470727307056,-0.019314511866794892,305.35352478027346,297.84947387695314,-0.0375350684500827,-0.013286625956627107,0.011884238723885627,0.011489044582597285,0.41568633654456266,2.27153591562533,0.03821105021751423,0
2020-02-25,295.27766705130574,295.8883696171643,284.1115517394657,284.9866027832031,218913200,-0.030301793670053367,-0.0715112374844371,-0.03353900103823937,303.3454528808594,297.8452496337891,-0.060521263540636694,-0.043172240841162,0.014025577731169372,0.012841164287986663,0.3589631531506925,2.818917491500137,0.04132411054654919,0
2020-02-26,286.38106643552646,289.9633298508021,283.20899774544955,283.9382019042969,194773800,-0.003678772506031769,-0.0793285969599723,-0.04708048223176087,301.17967529296874,297.7708966064453,-0.057246470472818056,-0.04645415270529507,0.01376622802783617,0.01252511636793459,-0.11026927567638678,2.3130743271869285,0.023788035776986204,0
2020-02-27,278.43272007694435,283.99299421889395,271.1861572265625,271.1861572265625,284353500,-0.04491133842579076,-0.117049801843079,-0.0891247919293976,297.54180297851565,297.43805541992185,-0.08857795942661606,-0.08826005184944152,0.017237138634932495,0.01571819588239599,0.45991658015605785,2.970406249110443,0.047225260770342274,0
2020-02-28,263.155638584235,271.5325033532073,260.27523419743306,270.0467224121094,384975800,-0.004201670269995295,-0.11161100270626156,-0.09588609311823826,293.8228057861328,297.0428784179687,-0.08091980236322949,-0.09088302722367603,0.017036031813820275,0.015611981790686182,0.35386341297012347,3.4619184145395328,0.041686375806460924,1
2020-03-02,271.8241810091955,281.80532914475464,268.40598340350584,281.74151611328125,238703600,0.04330655671993244,-0.04134355736166906,-0.0392877074464858,291.22405700683595,296.8803265380859,-0.03256098067932667,-0.05099297282961779,0.024424748831284107,0.01862556930173913,-0.3799516748844992,2.0324553619037866,0.04755900346564917,0
2020-03-03,282.1152700822015,286.0712611614253,271.24084970802795,273.6745910644531,300139100,-0.028632361890125635,-0.039693135074687524,-0.07367633946463559,287.8979187011719,296.55607543945314,-0.049404065513519946,-0.07715736169320753,0.025101239750722027,0.019410388198983778,0.25737148497132,2.326682596022457,0.054189946519019865,1
2020-03-04,279.0342862432625,285.3967010302959,276.4911395839047,285.17791748046875,176613400,0.04203286235405934,0.004366145759385098,-0.04923149677888561,285.5753692626953,296.43812438964846,-0.0013917579210444009,-0.037985016037879515,0.030008042600273496,0.02158468287537443,-0.41156150598172647,1.3111538956653097,0.031228089205052486,0
2020-03-05,277.99522810355086,281.17642226819964,273.4649750598973,275.6981811523437,186366800,-0.03324148100904167,0.016638105616916254,-0.0913294527917341,282.4315460205078,296.1050567626953,-0.02384069684508683,-0.06891768696373901,0.031049527068240237,0.022381158721538785,0.055224575258729036,1.3243659774153242,0.027970613284681718,0
2020-03-06,267.2118873410211,272.3437456449538,264.5502664620457,271.1405334472656,228667200,-0.016531294062326896,0.00405045106782298,-0.10934780847866221,279.14824829101565,295.6719024658203,-0.02868624429053157,-0.08296821177112201,0.031111783523780617,0.022453405880996338,0.2269739030771576,1.5281471348310476,0.028743320239959007,0
2020-03-09,250.94129282702897,259.04471406948755,249.25500410266216,249.9659881591797,309417300,-0.07809435578987012,-0.11278255470636922,-0.17450328409376303,274.7556411743164,294.8150747680664,-0.09022436412655532,-0.1521261646615929,0.037306590539676165,0.027700634682897855,0.35313372446944724,1.9111536790168324,0.03916416804909978,1
2020-03-10,259.4548189035631,262.9914897666732,249.3004824278456,262.9003601074219,276444100,0.051744527499499204,-0.03936876607771678,-0.13822182403626238,272.5470169067383,294.1857620239258,-0.03539446848034067,-0.10634573781296563,0.04235217651775935,0.030706754437401947,-0.10656546999796068,1.592241078911067,0.05207679188127945,0
2020-03-11,255.8634994500448,256.9937745724308,246.9123725197527,250.08444213867188,255316300,-0.04874819480472903,-0.12305817944056052,-0.18165008599659127,269.1616409301758,293.301589050293,-0.0708763653155644,-0.14734712843376574,0.044287220432724705,0.0320021639938236,-0.07642702448704819,1.3902929333901612,0.04031199208740858,0
2020-03-12,233.34894558391483,243.06574485920348,225.7650981762707,226.1570587158203,392220700,-0.09567721693612519,-0.1796933234359941,-0.26468503672152177,264.6587310791016,291.97131896972655,-0.14547667559009736,-0.22541344295783483,0.05092573424661597,0.03707258093008366,0.5362148832644058,1.950827613089432,0.07649837144668592,1
2020-03-13,239.8115818422406,247.4592412459729,226.5307543943124,245.4903564453125,329566100,0.08548615656425573,-0.09460104203469033,-0.20097318786769192,262.2030944824219,291.0134930419922,-0.06373966741353543,-0.15642964221631772,0.060406941844837976,0.04326823233777722,-0.15974322619892323,1.5342449746679223,0.08525176774641532,0
2020-03-16,219.8402075410676,234.1692913616769,216.35821121478764,218.62789916992188,297240000,-0.10942367620609461,-0.1253694121349883,-0.2895440585882274,255.89173278808593,289.4635455322266,-0.1456234369596603,-0.24471353113588679,0.06516047613360093,0.0484751065081342,-0.09808684813152813,1.3126679835447503,0.08146755384154396,1
2020-03-17,223.3586548393688,233.5038817218243,216.09385973523615,230.4320526123047,262070500,0.05399198129424643,-0.12350042990374965,-0.24925042340786796,251.5674789428711,288.194528503418,-0.08401493873286414,-0.200428773547754,0.06947764018657554,0.05087875788505208,-0.11832021262279635,1.1072693145972923,0.07555382069993546,0
2020-03-18,215.3464357852936,226.39404531004064,207.84463580030425,218.7646331787109,327597100,-0.050632797396566565,-0.12523693474140274,-0.29065430289627814,244.92615051269527,286.6697381591797,-0.1068138999417636,-0.23687573518054073,0.06719049784041936,0.05136692943239914,0.25003424651000405,1.3071418517827273,0.08479162851969406,1
2020-03-19,218.08101328487268,225.49167035009611,211.6730331085697,219.22952270507807,289322000,0.0021250671080246253,-0.03063152682511272,-0.28621448641060665,239.27928466796874,285.1708349609375,-0.08379230149702399,-0.2312344187121801,0.06758621565268477,0.051460135373544734,-0.11683589384643511,1.106906677665261,0.06303273879821442,0
2020-03-20,222.37069869163517,224.14944647760103,209.50688536174636,209.78195190429688,347158800,-0.04309442763094773,-0.1454574634135184,-0.30986765461210986,233.14342651367187,283.4516253662109,-0.10020215863990933,-0.2599021027546943,0.06793070807377012,0.05180893237376316,0.1999046045582431,1.271423273290092,0.06979895545320626,0
2020-03-23,209.22268050674896,210.58882164978556,200.11806218300117,204.4182281494141,326025200,-0.025568089657825865,-0.06499477456655134,-0.30444453443859987,228.58865051269532,281.5850326538086,-0.10573763093255084,-0.2740444112996102,0.06519282434089824,0.05171256423061837,-0.06087588734607907,1.1590184618969692,0.05122223962889974,1
2020-03-24,214.93482673177368,223.81022492489032,214.3663660879373,222.93917846679688,235494500,0.0906032230347158,-0.03251663152137241,-0.21772049531608118,224.5925323486328,280.105998840332,-0.007361571039545711,-0.20408995383965967,0.07073323908177698,0.05685080974042633,-0.2776800689026493,0.8347219401843783,0.042360696320407044,1
2020-03-25,224.5161898051136,235.04197237123705,219.8217731005206,226.27659606933597,299430300,0.014970081192059892,0.034338104754293,-0.20307801292055838,222.2117477416992,278.6528765869141,0.018292679702793135,-0.1879624612496743,0.07013201829943379,0.057123573033702156,0.2714959372724204,1.042018194044696,0.06726369202607528,1
2020-03-26,228.77974835482536,240.9558914934752,228.34881392408727,239.4889068603516,257632800,0.058390089918831434,0.0924117514160161,-0.11688373289544218,223.54493255615233,277.4731149291992,0.07132335375213339,-0.13689329172860498,0.06542808212385078,0.05842986819350364,-0.13959008156489172,0.9007507444931838,0.05264159302685053,0
2020-03-27,232.21807974740867,239.1313451664376,230.1826060955269,232.3556060791016,224341200,-0.029785516476592,0.10760532052396421,-0.13957257468760764,222.23145751953126,276.137197265625,0.04555677523142987,-0.15855013964094278,0.06013846431776426,0.058701037742064546,-0.12922112401837038,0.8070165530318087,0.038513118843641135,1
2020-03-30,234.44605962945383,240.61665407010992,232.456433011604,239.9014892578125,171369500,0.032475580452068,0.173581688040378,-0.14850501066603872,224.35881652832032,274.90242858886717,0.06927596147098702,-0.1273213172787231,0.047967310360369934,0.058272175297213395,-0.23612114047709476,0.6240203680958942,0.03401488287443044,0
2020-03-31,238.9020818178872,241.4418275508448,234.92282878626665,236.32565307617188,194881100,-0.014905435529822042,0.06004541104635264,-0.13647207014364438,224.94817657470702,273.5773645019531,0.05057821172285126,-0.13616518125904864,0.04590564358094616,0.058076804587175075,0.1371982762393542,0.7235001781731646,0.027584812227206542,0
2020-04-01,227.3677561407306,236.2431562593995,223.62688640381756,225.6898651123047,189554600,-0.045004796666907265,-0.002592981188613508,-0.2085997853330922,225.6406997680664,272.05143280029296,0.00021789218119261378,-0.1704147161100279,0.045197856852132415,0.05757104153689546,-0.027332050157762855,0.702038980235999,0.055900914510733625,1
2020-04-02,224.80961251193008,231.67702874237105,224.25947939763893,230.89768981933597,177660400,0.023075137664865242,-0.035873131468361685,-0.16249832024917177,226.8075164794922,270.6289300537109,0.018033676323128356,-0.14681076493370315,0.04558412142026077,0.057753776924582084,-0.06274814749945401,0.6590498956144994,0.032124831350785386,0
2020-04-03,229.9166909570072,232.26391415318625,224.83718484688492,227.5603179931641,135561200,-0.01445389873230507,-0.02063771202621656,-0.1607292532032194,228.5853530883789,269.1327505493164,-0.004484255361796863,-0.15446812946882327,0.04297371222350972,0.05773803449384353,-0.23696445578193004,0.5117154760305642,0.0326363109868937,1
2020-04-06,236.40815247528656,244.80677011871967,227.5419314311164,242.8446350097656,188061200,0.06716600306851683,0.012268142899230616,-0.02848928849023724,232.42799377441406,267.9960385131836,0.04481663790232404,-0.09384990779324787,0.04466269381293585,0.05747667390819344,0.3872789559254417,0.7265331408801589,0.07109417379926462,1
2020-04-07,251.41741309911097,252.1692606852744,242.8721210532769,243.0921630859375,201427200,0.001019285750998522,0.028632143492203443,-0.0753448835649776,234.44329223632812,266.96035247802735,0.036891099622039736,-0.08940724407402167,0.03683707718995877,0.056184166336875126,0.07107260827858175,0.7896116660306656,0.03824532849588727,1
2020-04-08,245.68703684697715,253.0587562775526,243.20230109645223,251.25250244140625,153774500,0.033568911691258085,0.11326444506660249,0.0046706636076412344,236.94088287353514,266.02607025146483,0.06040164700285078,-0.05553428577918573,0.03761673652475702,0.055622450081032504,-0.2365752986687002,0.6150501613984465,0.03922928164028515,1
2020-04-09,254.50734750334323,257.8264741218556,252.57274558290803,255.07583618164065,189999200,0.015217097155583614,0.10471367808496779,0.12787032883266525,238.49957580566405,265.17317840576175,0.06950226355741362,-0.03807829390901063,0.03388556875642671,0.05071342746914002,0.23557026685178628,0.7919656992375881,0.02059673161359889,0
2020-04-13,254.1040163670324,254.4432573295213,248.85028638040373,252.7470245361328,114839100,-0.009129879491405424,0.11068145257085349,0.02955989064457154,240.5387176513672,264.2543865966797,0.050754019992989896,-0.04354653184285673,0.031981145728794076,0.04733256287796012,-0.3955811392890075,0.5011043669292613,0.022128731127032453,1
2020-04-14,257.6248038351175,261.2189556921162,252.60947200950213,260.20123291015625,134143400,0.029492764109505076,0.07147202531236774,0.19015566585087473,242.56869201660157,263.59314819335935,0.07269091797035321,-0.012867994887010292,0.03174993275022189,0.03960029245344977,0.16809867022642977,0.60693650118346,0.033087789732290776,0
2020-04-15,254.49816925151632,260.3386853472331,252.56353956668625,254.67237854003903,121775000,-0.02124837883464703,0.04763714019858267,0.1051951134962894,244.4033645629883,262.77776275634767,0.04201666370433377,-0.030845015694208833,0.0323298594692351,0.038712667738865926,-0.09220282175641892,0.5690356344810408,0.03052999239697463,1
2020-04-16,255.94675743848893,256.7536154044949,252.8385522977676,255.9009246826172,131798300,0.004824025870497017,0.018500998780280664,0.16975454836691672,247.42447052001953,261.8968884277344,0.03425875437778014,-0.0228943680129734,0.026587868694011318,0.03638015626361497,0.08230999794703342,0.6453978876657755,0.01529913622462672,1
2020-04-17,261.659114795478,263.4195080259015,258.92680340917883,262.8143920898437,146684800,0.027016187674198333,0.030338255571540573,0.19880930655219675,250.61614074707032,261.08501037597654,0.048673047579502304,0.006623826129951826,0.026783067624357004,0.03657629782765849,0.11294910480635934,0.7442883207970505,0.017094591285498683,0
2020-04-20,259.11928900096365,262.95186638326464,257.96403991624453,258.18408203125,100109300,-0.017618175404225278,0.021511855599866347,0.23072590224079104,253.67851715087892,260.16010803222656,0.0177609240663108,-0.007595422741490387,0.027164001087420352,0.03505158981421516,-0.31752097013460157,0.5419277214613865,0.019318876778841844,0
2020-04-21,253.7279824157428,254.92909188820968,249.4094613850949,250.34469604492188,126385700,-0.030363552720416243,-0.0378804387473356,0.22466914184354958,254.42852325439452,259.1108666992188,-0.016050980280184035,-0.033831736839014415,0.022711210441067588,0.03533023417286857,0.2624771125160199,0.7232530682433003,0.022048122410088345,1
2020-04-22,255.21326545898827,257.64298911962527,253.8929575111468,255.9009246826172,92951600,0.022194313382610353,0.004824025870497017,0.14785084632726142,255.7093994140625,258.1275387573242,0.0007489958092803395,-0.008626022955266044,0.023452282332281568,0.030121544808922585,-0.2645402130146053,0.5545408868277598,0.014654232348435166,0
2020-04-23,257.17549374033564,260.33873886010645,255.58013253954968,255.8826904296875,104709700,-7.125512716421589e-05,-7.125512716421589e-05,0.13084028518477275,256.17241821289065,257.1332730102539,-0.0011309874233312867,-0.0048635579749204405,0.021273491002748574,0.030108914945159774,0.126497015651156,0.6632107740042167,0.018596827759493777,1
2020-04-24,257.39554010912246,260.1186727932332,255.3508891640436,259.4493408203125,85063200,0.013938615326561266,-0.012803907893981892,0.0833459646279151,256.6097686767578,256.1709622192383,0.011065721146148455,0.012797619888972767,0.021189117417947972,0.027622077984896437,-0.18762827130628779,0.5699204667249251,0.01837654940311313,1
2020-04-27,261.4205849434391,264.3087487379452,260.96214535761493,263.1901550292969,77896600,0.014418283727978931,0.019389549342708756,0.13270413169931516,257.6540817260742,255.29003143310547,0.021486456826670386,0.0309456799070571,0.02113512768659325,0.0264905578660986,-0.08425029860151045,0.5488293431205361,0.01271553405923473,0
2020-04-28,266.8302216256885,267.1786402598977,261.67736409264813,261.9799499511719,105270000,-0.004598215605710165,0.04647693396373054,0.09203136154620761,257.83195343017576,254.37505035400392,0.016087984696278035,0.029896405274748794,0.019280622477984545,0.025873103010008225,0.3514068649979589,0.7593742084216382,0.020998844256115368,1
2020-04-29,267.2978754969445,270.36942737195216,266.27097494933463,268.8382263183594,118745600,0.026178630725235852,0.05055590030316526,0.1375753026342348,259.2485382080078,253.61309539794922,0.03699032664422308,0.06003290522723237,0.01907304093394699,0.025863293243753728,0.1280098793578417,0.8807679364559685,0.015245050820131962,0
2020-04-30,267.4628265283742,268.9390166066362,264.6021678699744,266.3350830078125,122901700,-0.009310964980042136,0.04084837688931975,0.18009323491456963,260.29195404052734,252.77172882080077,0.023216733646497012,0.05365850940010497,0.019651275247432737,0.023195694917327855,0.035000033685458565,0.9346998014303751,0.016283430210110895,0
2020-05-01,261.5949198596324,266.5002313799912,258.11993829550914,259.2843933105469,125180000,-0.026473003922877103,-0.000635759987842377,0.12294061284641633,259.93895416259767,251.81468841552734,-0.0025181329753344306,0.029663499544131167,0.020020508378635393,0.02418917298009809,0.01853757921981547,0.9714127385516491,0.0323208542461131,1
2020-05-04,257.4046063601868,260.3019474125354,255.92844457319435,259.9993896484375,80873200,0.0027575756826763165,-0.012123422247706017,0.14255153069459103,260.12048492431643,250.93520599365235,-0.00046553533034576766,0.03612161003432268,0.01917977741026973,0.023721525187154875,-0.3539447196037706,0.6411919689027461,0.01682120425457445,1
2020-05-05,262.8143097798944,265.20735144767355,260.1278320243504,262.4017028808594,79569900,0.009239687968768617,0.0016098672045936624,0.08053325069465633,261.32618560791013,250.30539886474608,0.004115612335010788,0.0483261810211677,0.015806764335387885,0.01906068045435417,-0.016115350944441387,0.6592101894786375,0.01935779900646994,0
2020-05-06,264.09793589455825,264.4830095523587,260.192020908388,260.6229553222656,73632600,-0.006778719570281755,-0.03055841837895923,0.07211582641654579,261.798388671875,249.81812591552733,-0.004489841803734684,0.04325078241276947,0.01489903400078798,0.019205203866552636,-0.07461741186051507,0.6441192363183295,0.016464354180409056,1
2020-05-07,263.8320410550969,265.6933050734505,263.2635803176103,263.7678527832031,75250400,0.012066847515594947,-0.00963909897117865,0.049811843544585344,262.58690490722654,249.41471893310546,0.004497360126902938,0.05754726068892224,0.015209086062269013,0.018007437648409935,0.02197124643160775,0.6816840795635687,0.009211603044883731,1
2020-05-08,266.89437904014466,268.5997890049133,265.7666074831052,268.1321716308594,76452400,0.01654606049071261,0.03412383679304387,0.05118609290737064,263.45518798828124,249.3536392211914,0.017752482607350295,0.07530883635113228,0.015435381349624301,0.01805887233721011,0.015973337018806655,0.7301233268034948,0.010566361748296985,1
2020-05-11,266.20670188943353,269.5624830979567,265.7849452947577,268.1871643066406,79514200,0.00020509540293800477,0.03149151491960955,0.061089303816118656,263.95488891601565,249.31644805908203,0.016034086006156967,0.07568981667461694,0.014955465824672453,0.017857792006031502,0.04004844844635347,0.7723921170624656,0.014085453392093987,0
2020-05-12,269.37000418111256,269.7825831185984,262.7042730991444,262.8418273925781,95870800,-0.01993136743841606,0.001677292894393334,0.01014827813415331,264.04107666015625,248.93845428466796,-0.0045419041716818764,0.055850644481030054,0.016419566071387507,0.017430912926784958,0.20570665365431573,0.9489175432475435,0.026929922416350678,0
2020-05-13,262.2825424788248,263.3186207708161,255.77269255804435,258.1932678222656,144721100,-0.01768576796329091,-0.0093226151050112,0.01382517139240158,262.97658081054686,248.6288278198242,-0.01818912153142349,0.03846874912418663,0.014533306788693058,0.01721218589995888,0.5095430516904,1.4163479981293623,0.029225890653222557,1
2020-05-14,255.76347804149395,261.41142959963264,250.2988575639048,261.2830810546875,121977900,0.01196705575820367,-0.00942029781983289,0.02103218805772422,262.47138061523435,248.1509310913086,-0.004527349068540243,0.05292001084028519,0.015201293677345226,0.0173728323798296,-0.15715192877887196,1.1995305052359404,0.04253077539835788,1
2020-05-15,258.899311054319,262.53014675651616,257.9549261021003,262.4843139648437,111146300,0.004597438553263222,-0.0210637076172685,-0.001255936261234769,262.79137268066404,247.8866537475586,-0.0011684505190872052,0.05888844758923972,0.012542747200037058,0.016309101872608936,-0.088799692403296,1.1124518584569825,0.017430453596662072,1
2020-05-18,268.6914444443786,272.0839087534759,268.37055910186746,270.4793701171875,119703800,0.030459176899289453,0.008547037724467632,0.04762217712728445,263.83937072753906,247.87343048095704,0.02516682544890325,0.09119952708270262,0.015589772035929235,0.01709015098596572,0.0769931162800741,1.1864685231319574,0.013728772179555131,0
2020-05-19,269.8834715117107,271.58885385664627,267.68296642946405,267.7012939453125,95189300,-0.010270935527065816,0.018488178236093056,0.06933079939219544,264.36932983398435,248.2281365966797,0.012603444255127938,0.07844863042368444,0.016083748503384374,0.01558268959324694,-0.20479299738187096,0.9583039094083555,0.014590468987348781,1
2020-05-20,271.2312094120459,273.1108005640989,271.0019896139452,272.2489318847656,85861700,0.01698773238048723,0.0544385381580732,0.06388412711843139,265.53192749023435,248.41510803222656,0.025296409580645607,0.09594353596821947,0.01637640548221762,0.015294276734212882,-0.09799000517915357,0.8674956444215254,0.0077458924652320064,0
2020-05-21,272.1205969507901,272.9274551573874,269.2782657160711,270.3693542480469,78293900,-0.006903893520193161,0.03477558958919946,0.05661447358566085,266.19207763671875,248.82080627441405,0.01569271575778819,0.08660267722896053,0.01650003378304517,0.015447026203285799,-0.08813941489628085,0.8017338050721653,0.013497052768666999,1
2020-05-22,270.08516244349306,271.0570523361643,268.8473696991475,270.8828430175781,63958200,0.001899212175726639,0.03199630837315226,0.04406834166976803,266.46714477539064,249.71532196044922,0.01657126714781132,0.08476660899679,0.015757606203470286,0.015226005816523183,-0.18310111004816465,0.6620898778142718,0.008157336996324246,1
2020-05-26,276.83335693039163,277.07175449936034,270.90114681308035,274.2202453613281,88951400,0.01232046410386145,0.013830538138712267,0.04190920564944167,267.07045288085936,250.28991973876953,0.02677118491897823,0.09561042509236861,0.016139512114982803,0.01514491140836057,0.3907739742519334,0.9155785057870445,0.02250237825492881,1
2020-05-27,277.0075509205538,278.3370370080894,272.1939349208289,278.30035400390625,104817400,0.014878947530668096,0.03959286076801316,0.06229638587142339,268.6163055419922,251.48336883544923,0.03605160320545098,0.10663522320636609,0.0144688091060708,0.015312513279170352,0.17836706336269015,1.0791389200868644,0.02207364093821554,0
2020-05-28,279.32730748503195,281.3352756373356,277.1176247426951,277.7869567871094,90405200,-0.0018447594816558555,0.02034176907143137,0.03328667426243492,270.57567443847654,252.4304669189453,0.02665162847176994,0.10044940366214172,0.012315730602584084,0.014344721825414419,-0.13749816347285848,0.9445390031946358,0.01518304150569896,1
2020-05-29,277.3193394971249,279.61153803025144,274.577879005406,279.0247497558594,119090800,0.004455907444562257,0.03201322698678233,0.04764549455797629,272.34984130859374,253.6356692504883,0.02450858210599227,0.10010059145228922,0.012235643697426642,0.014115180080485432,0.31730033228177135,1.2467234993866663,0.018040188296019638,1
2020-06-01,278.38289544316814,280.7576095309241,277.86944526100126,280.1524658203125,55758300,0.004041634533996863,0.03422004398459766,0.08048333431612198,274.1166564941406,254.85412811279298,0.022019126467423877,0.09926595223257673,0.012247300266301235,0.012368277958044589,-0.5318001054657455,0.6057265061442486,0.010309258786875403,1
2020-06-02,281.0693740975131,282.5180592457431,279.73991573138625,282.4721984863281,74267200,0.008280250752829232,0.03009242849347893,0.08643408305026257,275.31593933105466,256.3079330444336,0.0259928980961337,0.10208137193068745,0.009033541813966003,0.012401850051407719,0.33194878610000655,0.8097020506829141,0.009835104230589588,1
2020-06-03,284.45263612777273,287.18494662104723,284.1775835194625,286.2313842773437,92567600,0.013308162046246519,0.02849809624505939,0.09081374524198083,277.1689483642578,257.9441961669922,0.032696432867277636,0.10966398364721686,0.007772448077370301,0.012521200315403623,0.24641295215115155,1.0021226779573034,0.010506755257385668,0
2020-06-04,285.2502418961064,286.9831568169976,283.38897845196175,285.4794616699219,75794400,-0.002626974709011076,0.02769210250828258,0.09537343445791513,278.49200134277345,259.1950018310547,0.025090344761995897,0.10140805051479962,0.007363889926843476,0.012358957848859103,-0.1811994693607698,0.8195795365281311,0.012589971775943544,1
2020-06-05,290.8617231744548,294.565896581525,290.79753488755915,292.7963256835937,150524700,0.025630089011908552,0.04935610887487285,0.11005311145422159,280.7346984863281,260.5253964233398,0.04296450443176325,0.12386865043980322,0.008694509597249643,0.01313578492598546,0.9859607042208922,1.5640013702767765,0.012870249260020037,1
2020-06-08,293.60310815038525,296.5279555310417,293.0621526886974,296.3354187011719,73641200,0.01208721799809287,0.05776480615108692,0.10518412206477112,283.2799560546875,261.6623266601562,0.04608678576596503,0.13251082983011386,0.008490242146394265,0.012971966234888598,-0.5107699932303469,0.7662755194257148,0.011695540335795207,0
2020-06-09,293.67644251654445,296.40875303318035,292.814573695221,294.125732421875,77479200,-0.007456706623129472,0.041255507614534004,0.09671815644978699,285.2705047607422,262.8977291870117,0.03104151152450796,0.11878384545744525,0.009840630418622997,0.013234386122853919,0.052117564624150514,0.8070664249192352,0.01221987382186643,0
2020-06-10,294.70338803982554,295.5927621739855,291.7693627776029,292.4845275878906,95000800,-0.005579943041604807,0.02184646287595049,0.11277771308079676,286.6889221191406,263.94938995361326,0.020215658930628377,0.10810836743851593,0.010159543128330357,0.012174668539657109,0.22614585592004044,0.9900297548331803,0.01307214240669073,0
2020-06-11,285.5712867925123,286.2039358982989,275.0730331017828,275.6231384277344,209243600,-0.05764882436418606,-0.03452550731507131,0.0675070684548873,286.4725402832031,264.7353396606445,-0.0378723972801831,0.04112710747664661,0.0223578299055058,0.018036152330349296,1.2025456627733662,2.1096583010233187,0.04038450059023067,1
2020-06-12,282.61891221793167,283.3890875968667,273.78020888553783,278.92388916015625,194678900,0.01197559374459889,-0.047379134594839445,0.06751607503348622,286.4624542236328,265.8000201416016,-0.026316066738684696,0.04937497375494204,0.022669224513655648,0.018036365152802,-0.06960643001745337,1.8934192852768652,0.034449823355974823,1
2020-06-15,273.24841147874247,282.6556038603408,272.0748068682089,281.52783203125,135782700,0.009335675330407467,-0.04996900719739483,0.07255107087639878,286.59999084472656,266.8126229858398,-0.017697693564214134,0.05515184731792511,0.022830126939618806,0.018083571014811287,-0.30252996087403417,1.304969033550675,0.03758348478653236,1
2020-06-16,289.25708690915724,289.4037909524716,282.0962619316776,286.946533203125,137627500,0.019247479486410146,-0.024408606345440842,0.0608814013386787,287.04742431640625,268.0003472900391,-0.00035147890116593583,0.07069463194606129,0.023487076956481744,0.017368948909611073,0.013586414175001726,1.3114037887804,0.02546651788826843,0
2020-06-17,287.9641983810079,288.25760638064406,285.02099660247217,285.7545166015625,83398900,-0.004154141847459436,-0.023009801721240675,0.0674379357312258,286.99973754882814,268.858544921875,-0.004338752912809829,0.06284335015127418,0.023185855370893686,0.01717376530593122,-0.3940244500554032,0.7991678195980382,0.011326539355053535,1
2020-06-18,284.24169706401284,286.3413300443272,283.78325751672384,285.86456298828125,80828700,0.0003851081271697421,0.0371573468721389,0.05001169704966446,287.0382476806641,269.71399291992185,-0.004088948779009338,0.059880356571468285,0.02316632473668153,0.016881777580568337,-0.030818152277787836,0.7764112050531802,0.008948547175146846,0
2020-06-19,289.3235490329569,289.5169330939847,282.2877529407937,284.2308959960937,135549600,-0.005714828641612768,0.019026720342660175,0.051268908736342045,286.18170471191405,270.3735607910156,-0.006816678647519225,0.05125255281816954,0.021425768633902553,0.016848675563987513,0.6769983928975722,1.2671939349516723,0.025434181347021145,1
2020-06-22,283.6323430698322,286.4503381503588,282.49041850503755,286.0543518066406,74649400,0.006415403238119399,0.016078409522537696,0.05600764012978843,285.1535980224609,270.9931311035156,0.003158837168552031,0.055577868862557445,0.021061260314821615,0.016868462890676336,-0.4492835095050077,0.6943944522413935,0.013843242098263746,1
2020-06-23,288.69736494870455,289.6274972240298,286.9660418676936,287.3712463378906,68471200,0.004603651449218926,0.0014801124447283431,0.04795780471727751,284.4781494140625,271.6856155395508,0.010169838807609688,0.05773449126921637,0.0211431765884331,0.016728518046075325,-0.08276288891806227,0.6430496793894263,0.009261383629198832,0
2020-06-24,285.3360276763805,285.95305250280444,278.20816137818287,280.040771484375,132813500,-0.02550872763692047,-0.01999529241091358,0.006253737932522707,283.23377380371096,272.08240631103513,-0.011273381265430538,0.02924983383248292,0.022407614630790926,0.01756967523021418,0.9396987346504808,1.231137721664533,0.027656298343877773,1
2020-06-25,279.46981736237365,283.3100417218154,277.45301313177083,283.04296875,89468000,0.01072057204281962,-0.009870388301319144,0.018921017832088882,283.9757568359375,272.6498181152344,-0.003284745487891705,0.038119044812173764,0.012492290422762172,0.01770698646383321,-0.3263636603206752,0.8296995107473388,0.02069307220706076,0
2020-06-26,281.94711324330086,282.15893364058905,275.7401601235611,276.3203125,127961000,-0.023751362839674828,-0.02783153980629327,-0.009692463690857855,283.71539916992185,273.058205871582,-0.02606515787143726,0.011946561422703228,0.014501713499212573,0.018529041071833726,0.4302432154513345,1.1818113305968525,0.02322946676975817,1
2020-06-29,277.5727838921979,280.5196928041572,275.28890629956817,280.3815612792969,79773300,0.01469761213916132,-0.019831163174116928,0.0008177527844117627,283.60077209472655,273.4095492553711,-0.011351206104454503,0.025500250605416053,0.01501006306696241,0.018812118987794214,-0.3765811458178664,0.7286825330869111,0.01865595754842986,1
2020-06-30,279.94872310498295,285.66762102118946,279.7921834155964,283.9731140136719,113394800,0.012809518279261356,-0.0118248863361341,0.00531349823234506,283.3034301757813,273.92532989501956,0.002363839497019349,0.03668074114395736,0.014194100693204478,0.018941173858610705,0.4214630709773821,1.0176102203622015,0.02069011929527306,1
2020-07-01,285.0874590303027,287.2239870444669,284.6270018602195,285.9623107910156,72396500,0.007004877149207722,0.021145275651302864,-0.0009400558468016795,283.32420959472654,274.6376821899414,0.009311245234082444,0.041234795279265546,0.014351954441868039,0.018767411138472037,-0.36155361621520565,0.655623495258884,0.009081564549761067,1
2020-07-02,289.38803604130976,290.7325908541107,286.8739585501112,287.5370178222656,69344200,0.0055066943153947445,0.01587762130998227,0.007207370156536053,283.491455078125,275.27040405273436,0.014270492713883476,0.04456205094675303,0.014451672113785636,0.01879278065394177,-0.0421608779429945,0.6298213233194114,0.01341960187673866,1
2020-07-06,291.34955427526955,292.55594935283244,290.6036161923204,291.97576904296875,61713800,0.015437147030045395,0.05665691530718986,-0.0028024827111787776,284.2659423828125,275.992265625,0.027121879587578723,0.05791286716594457,0.014951278555436891,0.01820529463653538,-0.11003660003287952,0.5840744783024628,0.006686627342095477,0
2020-07-07,290.4378846405108,292.4086261412663,288.58683836174674,288.96441650390625,82910000,-0.01031370702073342,0.030611339723797704,-0.024873848119716713,284.55694885253905,276.5825671386719,0.015488877249844268,0.04476728050262979,0.01542927319701164,0.018112698216869956,0.3434596475990783,0.7812538280589513,0.013225807612432857,1
2020-07-08,289.7288403914752,291.28518783880827,287.96991877388723,291.1746826171875,54638600,0.0076489214140018635,0.02536003673632603,-0.010033293518347142,284.9372924804687,277.1422576904297,0.02189039589174291,0.05063257059279702,0.015535343365047338,0.01814856388618689,-0.34098902424315525,0.520455600827759,0.011385842461034577,0
2020-07-09,291.7824085004592,292.0218551502653,286.1095744969354,289.5169677734375,83354200,-0.005693197048760701,0.012430508665946638,-0.010146040335625606,285.884912109375,277.692998046875,0.012704607729256079,0.04257928651325438,0.012728329899574061,0.018150301117599597,0.5255551935810947,0.7984124892049725,0.020421188777980628,1
2020-07-10,289.4524563986217,292.74012588856067,288.02505104229334,292.4730529785156,57550400,0.010210403997431339,0.017166607602855155,0.061133889726747714,286.8279205322266,278.16569458007814,0.019681251517684073,0.05143466170419053,0.01269674097586341,0.012263198666448297,-0.30956808415172843,0.5944352161012634,0.016121399213532627,0
2020-07-13,294.8122255722936,297.18817150586733,289.2867411551697,289.9405822753906,102997500,-0.008658817204985514,-0.006970396119681532,0.03949713001781885,288.1899475097656,278.6378045654297,0.006074586503631352,0.04056440843549214,0.009647352179296962,0.012339906795046712,0.7896921654758264,1.1167317693721615,0.027251895159652817,1
2020-07-14,288.522406144319,294.4715320808562,287.32522893206374,293.6979675292969,93657000,0.012959156060248889,0.016381086234285913,0.043228889343686516,289.52158813476564,279.32607604980467,0.014425105296767216,0.05145202224846934,0.009464408911327984,0.012478917938525957,-0.09068666715211537,1.0391911092721817,0.024332150504513157,1
2020-07-15,296.91194993690715,297.4921303782736,294.0202658653574,296.396240234375,87196500,0.009187236560664891,0.017932732235695026,0.03293194354280882,290.76390075683594,280.05401306152345,0.019370834766208933,0.05835384036886282,0.009184345124560466,0.011946679407407037,-0.06898042858515652,0.9953557144015774,0.011713591610240581,0
2020-07-16,294.4990994168282,295.87125229977755,293.8544483675677,295.4200134277344,54622500,-0.00329365448721175,0.0203892908235912,0.03382447613119899,291.7096710205078,280.7143792724609,0.012719298589746408,0.052386465536203186,0.009425177154998432,0.011926058055951625,-0.373570040081884,0.6339325106321295,0.006826903529009471,1
2020-07-17,296.4238388882312,297.0592718738817,294.4530691984586,296.2764892578125,62774900,0.002899180120332856,0.013004399005525746,0.036422584739746355,292.5836181640625,281.42744995117187,0.012621592134660409,0.05276329408953173,0.009393329808980059,0.011924356982585692,0.14924985125177348,0.7362601642035778,0.008796522066100399,1
2020-07-20,296.00935218735395,299.41674490566004,295.2634141664596,298.6708068847656,56308800,0.008081362219968913,0.03011039207020305,0.0508034527283423,293.2531219482422,282.1255090332031,0.01847443226019463,0.05864516791927277,0.008566093558207716,0.01186208660196395,-0.10300454481010723,0.6926068272857481,0.013906048543950587,1
2020-07-21,300.632362197425,301.07438289503006,298.32085925130195,299.3062438964844,57292200,0.0021275497874952976,0.019095387054825608,0.04632648308319176,294.2873046875,282.7489904785156,0.017054555629961277,0.058558134513399196,0.007346808688403053,0.01182720888896047,0.01746441053618608,0.7123065344248483,0.009199686608209927,1
2020-07-22,298.94714058873586,301.32311478404205,298.83663538971115,301.0099792480469,57792900,0.005692281354984896,0.015566118551380903,0.04746032556827151,295.2708343505859,283.40544677734374,0.01943688380223385,0.06211783390505565,0.007250848859076665,0.011840702815242767,0.008739409553132793,0.7233332286165254,0.008260455020602223,0
2020-07-23,300.6509058773969,301.35080976950474,296.0555523114501,297.4184875488281,75738000,-0.011931470538587008,0.006764856916448014,0.06205423578981506,296.060986328125,284.09697998046875,0.004585208059796786,0.046890704608247624,0.008306891086228816,0.01046659149316677,0.31050699999480913,0.9830453938453945,0.0178040628936534,0
2020-07-24,295.5674614698649,296.5251921252175,294.00189588834417,295.50299072265625,73766600,-0.006440409410855441,-0.002610732080341238,0.04402166225037618,296.3639801025391,284.8431744384766,-0.00290517551959224,0.037423456978366465,0.008309070052266698,0.010509470509036856,-0.02602920594681668,0.9673142979432576,0.0085389871374992,1
2020-07-27,296.1937388013016,297.83296550744734,295.40173770736754,297.6579895019531,48293000,0.007292646257240243,-0.003391082621621133,0.0772208051188894,297.13572082519534,285.5706726074219,0.0017576771830305482,0.04232688456474598,0.0077476867540653095,0.008590842853849347,-0.3453270179186786,0.6681767621064233,0.008167856687293263,0
2020-07-28,296.9303216498821,298.0446479275418,295.4752897615271,295.7699890136719,57495000,-0.006342851711927167,-0.011814838330053368,0.05488387918293269,297.3429229736328,286.23638610839845,-0.005289966023843906,0.03330674703831349,0.007286677200665134,0.008468515450451922,0.19054521359203203,0.8079467276506365,0.008687014441806423,1
2020-07-29,296.64488066256155,299.9693955729184,296.60803622504216,299.4076232910156,48454200,0.012298861995682753,-0.005323265232050067,0.05435200910111737,297.64406127929686,286.814951171875,0.005925070381511466,0.04390521507923206,0.0077403989553912434,0.008437171564796226,-0.15724497782415858,0.7134552625022749,0.011226699276822068,0
2020-07-30,296.44230479428404,298.7538086591065,294.3610576063959,298.3393859863281,61861700,-0.0035678360255015917,0.003096305293896151,0.04328219044347348,297.9359985351563,287.42771301269534,0.0013539399507114247,0.03796319032448636,0.007757914617618437,0.008483263839882052,0.27670459939489245,0.9179914554646889,0.014724006480699462,1
2020-07-31,300.12590663768805,300.7981840639859,295.9173223565921,300.6968688964844,84986800,0.007902017034600695,0.017576397995588522,0.04576750212507674,298.37803649902344,287.9966717529297,0.007771458062626246,0.044098416367985394,0.008049057178424647,0.00854972186052703,0.37381934217779333,1.2466849532413196,0.0162318341567902,1
2020-08-03,302.3545227663099,303.5516998495723,301.8111868221174,302.787353515625,53077900,0.006952132979676229,0.017232408316183445,0.03702904699281806,298.78969116210936,288.64503173828126,0.01337951901207557,0.04899554893488278,0.007954000610966103,0.008058622137486812,-0.3754571298131004,0.7835713948809121,0.005748301595974892,1
2020-08-04,301.93091720834786,303.9569396972656,301.93091720834786,303.9569396972656,41917900,0.0038627312800905145,0.027680126408008654,0.0518836311223001,299.2547607421875,289.306513671875,0.015712962906308192,0.050639807031814144,0.007990520004207562,0.007539088563603412,-0.2102569996175433,0.6381282784302902,0.006665491799383275,1
2020-08-05,305.2554171505095,306.10267054186585,304.9883441754852,305.84478759765625,42697700,0.00621090573642058,0.021499667362790742,0.050382488094803834,299.7382415771484,289.9390045166016,0.020372929354548486,0.054859066332153095,0.008021857065714453,0.007494720563127797,0.018603031163297867,0.6559614243179842,0.0036434374936823773,1
2020-08-06,305.2646080403921,308.0089140003629,304.9422824929676,307.8891906738281,43679400,0.006684446356696849,0.0320098690822459,0.0634581905222491,300.7853118896484,290.53078125,0.02361777155789424,0.05974723004958049,0.006552064987663784,0.007291950623102946,0.02299187075650444,0.6921367949205208,0.009960179182269605,1
2020-08-07,306.9222424636981,308.39571060773704,306.0197365507583,308.1102294921875,57308300,0.0007179167864763691,0.024653933454342747,0.05346535810538611,302.04603576660156,291.1372467041016,0.020077051202459284,0.05829890534527338,0.005680190221173182,0.007111920785190641,0.31202122739781224,0.9082723864641687,0.007711441651563191,1
2020-08-10,308.5614223096807,309.21526333756503,306.62749741598617,309.0310974121094,44282100,0.002988761267159523,0.020620887312462255,0.06584285299732984,303.1833465576172,291.73737365722656,0.019287836620606846,0.059278396655485954,0.00558212213380325,0.00659696123733257,-0.2273004084923126,0.7360700609722346,0.008373804265167336,0
2020-08-11,310.21000563915504,310.84543879148185,305.7527835401026,306.48028564453125,69601100,-0.008254223568240016,0.008301655983833811,0.04352198356278825,304.25437622070314,292.26393005371096,0.007315948751427159,0.04864218307133439,0.0059850772274402855,0.00665278655250785,0.571766018323431,1.1805325457586944,0.01661658347997604,1
2020-08-12,308.91143712616207,311.526829875344,308.8838108265044,310.7532653808594,53774400,0.013942103086147961,0.016048917562918597,0.04843862099981955,305.3889404296875,292.82955139160157,0.0175655508140673,0.06120869257928274,0.006266988955752511,0.006993606979398557,-0.2273915211110169,0.938696130852995,0.00850520121035682,0
2020-08-13,309.9888955675153,311.4992082489788,309.2705836615696,310.1914978027344,41816100,-0.0018077608209088325,0.007477713406786268,0.05000163734205976,306.57415161132815,293.3087536621094,0.011799253695700562,0.0575596327413872,0.006060125032621082,0.0069377069271561,-0.2223790502543962,0.7382010540912457,0.007184673349191734,1
2020-08-14,309.80469729931406,310.73482947821054,309.0771673345119,310.20068359375,47260400,2.9613290759789024e-05,0.006784760457346328,0.046997297594616017,307.5245330810547,293.8031781005859,0.008702234211635851,0.055811191693611484,0.005996347839246499,0.006957907430862111,0.13019626411836582,0.8458960027456485,0.005343837816520026,1
2020-08-17,311.2136919707807,311.5820519648369,310.2098990427494,311.1860656738281,35481000,0.0031765954499591853,0.006973305533860108,0.04190318739082932,308.364404296875,294.1709729003906,0.009150412102158834,0.05784082843278693,0.005846117369969193,0.0068294782269051725,-0.24924461071002357,0.6471229965035733,0.004409429191877019,1
2020-08-18,311.58207682428633,312.281980541681,309.98888529540005,311.8583679199219,38733900,0.002160450997823471,0.017547889790302307,0.04193739448943368,309.1545471191406,294.48143188476564,0.00874585486766044,0.05900859665052183,0.005835055074983278,0.006829495082489037,0.09168005411346924,0.7186129661608744,0.007353002138681563,0
2020-08-19,312.2359484919656,312.7516581960092,309.99813372934017,310.5599060058594,68054200,-0.004163626978243906,-0.0006222279748629989,0.031726279579398664,309.6260589599609,294.8101153564453,0.0030160479677816543,0.053423508316095436,0.006037494129279046,0.006910110068155481,0.7569674109759152,1.250674803545449,0.008866323093931783,1
2020-08-20,308.83774337602864,312.0056901723592,308.70883001435334,311.5268249511719,42207800,0.0031134699831285584,0.004304847676020795,0.047435979917111126,309.9898223876953,295.19096130371094,0.004958235569276992,0.05533998593762357,0.005800865433213049,0.006136817194019006,-0.3797914015593453,0.8003379001364779,0.01058290938034827,1
2020-08-21,311.1953645031958,312.8529989583211,310.8546026136636,312.6319885253906,55106600,0.00354757114220261,0.007837845176462466,0.05796556495365812,310.44199829101564,295.93113830566404,0.007054426419205173,0.056434920351221995,0.005844114564960329,0.005780951634049124,0.3056022820426556,1.0637420801967397,0.0063921684856481685,1
2020-08-24,315.06311760311377,315.8735264825769,312.6042927708127,315.79986572265625,48588700,0.010132927254846047,0.014826499505489199,0.06094872928174522,311.11887512207034,296.66865783691406,0.015045665740303527,0.06448678476935399,0.0064547291186044155,0.005929151579321064,-0.1182780284031314,0.9376571568177546,0.010352232748050944,1
2020-08-25,316.3616932240013,316.9879082126617,315.2013321948384,316.905029296875,38463400,0.0034995694874340177,0.016182542769700436,0.07145769032782479,312.1613494873047,297.3762017822266,0.015196243280474642,0.06567044503766195,0.0053108226907116,0.005508214926209596,-0.2083879585171038,0.7561461423048977,0.005637575464760528,1
2020-08-26,317.4943261404444,320.34913711570266,316.9509902417963,320.08209228515625,50790200,0.010025284216316432,0.030661350983012037,0.06905124447698396,313.0942321777344,298.0389129638672,0.02231871235320315,0.0739607425825013,0.004531111169370464,0.0053372511395728345,0.32048128870562675,0.9961894286261231,0.010616485444862015,1
2020-08-27,320.94782937860447,322.22788555251475,319.1244090738759,320.78204345703125,58034100,0.0021867864174400786,0.02970921848322372,0.07522525863122742,314.1532867431641,298.73946350097657,0.021100389502805017,0.07378529671886702,0.004228977290400586,0.005093812022569769,0.14262397076601396,1.142558733371265,0.009674720084681355,1
2020-08-28,321.80429827876867,322.98306746973554,320.6163109514111,322.8541259765625,48588900,0.006459471662443095,0.03269702981894862,0.07368635783070232,315.4186309814453,299.4792547607422,0.02357341724545936,0.07805172092636181,0.004152636000911031,0.0050402987275022446,-0.16275258856430963,0.9921527496515696,0.007330730283113262,0
2020-08-31,322.64223722364346,323.517088692937,321.4542502514148,321.6844787597656,66099200,-0.003622834966903188,0.01863399474107874,0.06241054992795614,316.4684722900391,300.22832641601565,0.016481915029267658,0.07146611580553852,0.00480964549408263,0.005218706426569069,0.3603765469068039,1.331993397585496,0.0064126141537054005,1
2020-09-01,322.5132963995055,324.81558148751446,321.6200086611954,324.7142944335937,54908700,0.00941859453558136,0.024642288429581827,0.06829044520912042,317.7540649414062,301.00152526855464,0.02190445460853807,0.0787795648008176,0.005148598167368358,0.005408955286982813,-0.16929856942292798,1.092192933059977,0.009841183098801236,1
2020-09-02,326.6206721827685,330.3779899888356,325.4787193923163,329.4110412597656,69540000,0.014464244126870307,0.02914548860889843,0.07705298444749431,319.63917846679686,301.8423211669922,0.030571542699618925,0.09133483994618907,0.005212202017867208,0.005930616933922744,0.2664659698736265,1.3472586222178524,0.014872818402756217,0
2020-09-03,327.7256539431089,328.19532906675,315.495917398797,318.0744934082031,148011100,-0.03441459584417139,-0.008440466366661847,0.03308106631507268,320.2939453125,302.6029956054688,-0.006929421978712158,0.05112803913846897,0.013835779532003288,0.010337732015934065,1.1284311187805578,2.6043386083071116,0.0399259039348845,0
2020-09-04,318.7559908966991,320.3215279500711,308.386489496312,315.4775390625,139156300,-0.008164610490695057,-0.022848049074020493,0.023911278708451,320.57850036621096,303.25168701171873,-0.015911738615920656,0.04031585832631768,0.014197187218037779,0.01056944810225211,-0.05982524283651702,2.2840624631205855,0.03783165828295184,0
2020-09-08,310.08104920352173,315.5420924165605,306.553959764829,306.8578491210937,114465300,-0.027322673959678134,-0.04609059689741657,-0.0070324582516611,319.6842987060547,303.8624377441406,-0.04012223821087546,0.009857787619920622,0.01630405138992799,0.012331242442770353,-0.1774335764891708,1.7764716709653758,0.029290867668776897,1
2020-09-09,310.8545223596372,315.3762136597868,309.9888609153848,312.9173889160156,91462300,0.019747058164807374,-0.036330108405469685,0.021003319211697624,319.28553466796876,304.513154296875,-0.019944986729747982,0.027598921427700374,0.017741872143237126,0.012952148159311576,-0.20096046574813498,1.3957928570959846,0.017216533613118937,0
2020-09-10,314.7869130200324,315.4407542628672,306.5263111431715,307.48406982421875,90569500,-0.017363429723795676,-0.06656416661594466,-0.010520229136237402,318.025732421875,304.9833734130859,-0.033147200125530296,0.008199451606647923,0.017942674851456626,0.013210158833501257,-0.009761398958915257,1.3444216694893938,0.028991560846686713,1
2020-09-11,309.26141246287096,310.3204581688853,304.8225992871863,307.6405944824219,84680200,0.0005090496502553332,-0.03280331853705365,-0.008223640358881568,316.7115875244141,305.41693908691406,-0.028641178281148205,0.00728072058529472,0.017887598723973653,0.013207736682913198,-0.06502520164072889,1.2182432795008609,0.017871044915085666,1
2020-09-14,310.79936944297793,313.4608253569491,307.7879896896736,311.6926574707031,65605700,0.013171418404968493,-0.011997309231726483,0.00480970531614644,315.59544067382814,305.9000518798828,-0.012366411868283578,0.018936268742755447,0.018442212023548985,0.013549015550963946,-0.22525336501330895,0.9315371846635444,0.018200094007054638,1
2020-09-15,314.1422160421619,314.97103311859536,311.70179927663685,313.2673645019531,52920900,0.005052114618381731,0.020887571881304856,0.006688277714550717,314.75372924804685,306.3258837890625,-0.00472231019992897,0.022660444579572392,0.018631416784853798,0.013576231891256394,-0.19334905351211862,0.7422353780223803,0.01043592219430865,0
2020-09-16,314.50143147881846,315.92883731092843,311.74787878709503,312.024169921875,82096000,-0.003968477795491476,-0.002854488199696581,0.0005316580185390496,313.484716796875,306.7870788574219,-0.004659068837305824,0.01707076805176344,0.018155530367873814,0.013604064726661619,0.5512963687314463,1.1174471743985144,0.013399470063105145,0
2020-09-17,307.1801021515254,310.9926999807733,306.6551743743273,309.27978515625,91523300,-0.008795423656802415,0.005840027202247633,-0.004121977192977466,311.4715911865234,307.1491809082031,-0.0070369372112684125,0.006936708220243171,0.01700500373126844,0.013719675986579204,0.11483263496394458,1.2261814600063157,0.014024601071986114,0
2020-09-18,310.0832931282361,310.19424068358853,303.2412544546544,305.7191772460937,105877900,-0.011512578839763088,-0.0062456557125070145,-0.01864252847564074,310.2360595703125,307.47322509765627,-0.014559501337384262,-0.0057047173815069074,0.014064052110444935,0.013926707737392617,0.15684093558689427,1.3604715178392282,0.022743049001918612,0
2020-09-21,301.14238742219266,302.4645593357365,297.4717223903731,302.3166198730469,99450800,-0.01112968248736279,-0.03008103454775002,-0.03299524370810181,308.9199676513672,307.6700964355469,-0.02137559390713306,-0.017400054878656368,0.01419541906820525,0.014068900625133742,-0.06070294178482949,1.2424885176931377,0.01651525790232798,1
2020-09-22,303.79593678480853,305.9502431354761,301.2902495780084,305.3954772949219,63612100,0.010184214890891274,-0.025128334767799188,-0.032946145825381024,308.77373046875,307.9791943359375,-0.01094086977120623,-0.008389258393206145,0.012212263312958636,0.014071152702796491,-0.36036613079030033,0.7873486738514245,0.01525888201994405,0
2020-09-23,305.95029107636867,306.2276881483939,297.8138181951708,298.3131103515625,93112200,-0.02319080493952408,-0.04394229964218954,-0.05866716279815076,307.3133026123047,308.0714971923828,-0.02928669922270344,-0.031675721154841074,0.011881344775643185,0.014810412779110091,0.4637498211818192,1.1147792640152405,0.02820482795176957,1
2020-09-24,297.0001882528296,302.1594468796686,295.6872430633771,299.1082763671875,76681300,0.0026655416340497506,-0.032887725862599804,-0.06552636471547268,306.47572326660156,308.12573791503905,-0.0240392512036105,-0.029265525200423137,0.01117757982684737,0.014561350761972524,-0.17646344947278658,0.9040496327566951,0.021638330757341583,1
2020-09-25,298.2576833289289,304.7298882709884,297.38858462452924,303.9440002441406,71069400,0.01616713497762512,-0.00580656083777209,-0.05249060399836902,306.10606384277344,308.2962176513672,-0.007063119140767293,-0.01411699903548036,0.012673873594429641,0.015160884219093012,-0.07318472691516709,0.8314976836445762,0.02415347445767085,1
2020-09-28,308.09544576444915,309.7042419499173,307.1061162454565,308.9923095703125,64584600,0.016609340280172802,0.022081782007449702,-0.042935230777432554,305.8360290527344,308.5505340576172,0.010320172307213271,0.0014317768531646458,0.013143034571395425,0.015641729780631178,-0.09124602149448291,0.7486217323157378,0.008408383069707247,0
2020-09-29,308.78887594020625,309.5285451633514,306.6160587994306,307.3095092773437,51304000,-0.005446091183657353,0.00626738810730143,-0.04468654980757458,305.24024353027346,308.72330810546873,0.00677913804267094,-0.004579501420871157,0.013043273153488908,0.01565653286501197,-0.20563106375204,0.5998252341415884,0.00947737143171931,1
2020-09-30,307.9751979075436,312.78313211808506,307.781039690102,309.6394958496094,104081100,0.007581888948847704,0.03796811170886416,-0.046424807415021974,305.00177612304685,308.92997314453123,0.015205549900442206,0.002296710474079422,0.013342006009990056,0.015590252188344396,1.0287131607671918,1.1828715015990416,0.016154568441787486,1
2020-10-01,312.22833451482296,313.1991537202758,309.75041203082435,311.6273498535156,88698700,0.00641989807679999,0.04185465423551049,-0.053986324618142345,305.2365325927734,309.14232055664064,0.020937262019249836,0.008038463618958547,0.013181140620685542,0.015235870277942931,-0.1477924426240691,0.9971957253516333,0.011066877445360777,0
2020-10-02,306.69007030245626,311.59969787140113,306.2185149056574,308.668701171875,89431100,-0.009494188116130897,0.015544642841902823,-0.029571035814736413,305.53148498535154,309.36732482910156,0.010268061855143618,-0.002258233501590712,0.012985054254917527,0.013412102391915494,0.008257167241459085,1.0396651861239943,0.017433523208909174,1
2020-10-05,310.7212700191764,314.3272066536649,310.675051276602,314.1423034667969,45713100,0.01773293590876257,0.016667061726054033,-0.004232426814507972,306.71405334472655,309.7401110839844,0.024218812411968216,0.014212535688084671,0.013186447619957421,0.013964817388153989,-0.4888456029278405,0.5619520578362011,0.011625799316929386,0
2020-10-06,314.28097349200937,316.37057974539914,309.16793362544905,309.67645263671875,90128900,-0.014216012236474063,0.007702148120769303,0.009185372066245368,307.14215087890625,309.9804803466797,0.008251233998851859,-0.0009807963056930324,0.014123364487611072,0.012886971446300006,0.9716208264151851,1.1247813011219059,0.023258617368623464,1
2020-10-07,312.6259052380061,315.8712619049268,312.598168352672,315.0668640136719,56999600,0.01740659107612741,0.01752802286791777,0.006869145575777447,308.81752624511716,310.36641784667967,0.0202363442403668,0.015144828488867779,0.011903206673920221,0.012712790369411236,-0.36757688155519486,0.7269706207428875,0.010388568034602252,1
2020-10-08,316.99932011187576,317.9239207082548,316.08394633419226,317.85919189453125,45242500,0.008862651709188318,0.019997737823541417,0.0337419823935714,310.69261779785154,310.73544921875,0.023066444730729163,0.02292542641559492,0.011898088245444855,0.012120810290927127,-0.20626635976392815,0.5941962422973163,0.00578864610803219,1
2020-10-09,319.50501111946494,321.16005424971684,318.8855444605007,320.69775390625,59528600,0.00893024988454827,0.03897075631156044,0.04244290141811624,312.3679931640625,311.18261657714845,0.026666498887459644,0.03057734212072405,0.011432943490881578,0.012221994475621323,0.31576725424103436,0.794953840713571,0.0070923782954871095,1
2020-10-12,323.2311624863126,327.3271369060572,322.74112523312164,325.8570251464844,80388500,0.016087643824729048,0.03729113064495526,0.04544337935555176,314.05446472167966,311.6858197021484,0.03758125341495888,0.04546631430932013,0.01137736243095218,0.012376798975016822,0.35041811834983516,1.0630273664238676,0.014073692813202334,0
2020-10-13,325.7183547415233,325.89403114332345,322.76887605855313,323.73046875,73255500,-0.006526041276932459,0.04538290203733375,0.03339991787743868,315.6965606689453,312.10468200683596,0.025448196407433787,0.037249639026271986,0.011496117626439104,0.012511213209423755,-0.08873159718118884,0.9558519583251129,0.009653571061251283,0
2020-10-14,324.30360807019053,325.39462982999737,320.96581398724754,321.6962280273437,57727900,-0.006283748114630616,0.021041133711173554,0.030997784908426862,316.90223388671876,312.4594677734375,0.015127675440554267,0.0295614670271529,0.012012042981302576,0.01257714011940613,-0.2119649719133717,0.7654133544893696,0.013767074205089483,0
2020-10-15,317.79443172197927,321.7794576418191,317.2581758442864,321.2986755371094,60357700,-0.001235800906563722,0.01082077765968581,0.038860898635154406,317.86936645507814,312.76854553222654,0.010788422679024912,0.02727297909822557,0.012076817371974967,0.012359917598255886,0.04555509554305637,0.8171654609880348,0.014071896779451407,0
2020-10-16,322.6485284445764,324.30357096252817,320.9287853470718,321.1044616699219,89501900,-0.0006044651969474568,0.001268196483193318,0.05032489149819841,319.1129425048828,313.03285095214846,0.006240797221844341,0.025785187379606,0.011349902363488809,0.01196760933447159,0.48285802805607236,1.2253236856543313,0.010509930624774204,0
2020-10-19,322.36195837394564,322.99067994136914,315.3257621196153,316.2226257324219,68425600,-0.015203264109479364,-0.029566339438996225,0.045998152087088684,319.3209747314453,313.1950988769531,-0.009702929792285597,0.009666584395237265,0.01170037755944231,0.01224373038425297,-0.23548438636498215,0.95710560933103,0.024238992399739423,1
2020-10-20,317.5633355204922,320.72548220032826,316.8051844221268,317.4893798828125,60051900,0.0040058934665305745,-0.019278657616892958,0.039600791390278056,320.1022674560547,313.3642645263672,-0.008162664994557978,0.013163962274639562,0.010469710162380113,0.012112166510755603,-0.122376712809241,0.8420748713387466,0.012347807601150253,0
2020-10-21,317.4431044735385,319.6066946596672,316.58323270677243,316.88836669921875,63575000,-0.0018930182288793285,-0.014945345668511467,0.062267650006281317,320.2844177246094,313.57242614746093,-0.010603235241717801,0.010574719826284884,0.00911698893575332,0.010624481316903805,0.058667585871554406,0.9103295665091506,0.009541094816410682,1
2020-10-22,317.1010016263074,319.20908978421284,314.96517658013624,318.6265869140625,55399300,0.005485276196628641,-0.008316525483897497,0.0652549999081744,320.3611572265625,313.729892578125,-0.0054144214221117926,0.015607994175174555,0.008835684364984681,0.010637415990233694,-0.12859929217459698,0.8055356410767007,0.013319394483616104,1
2020-10-23,319.8471500537591,319.902623844794,317.2582790835402,319.7084655761719,49143900,0.0033954437782091063,-0.004347482705441275,0.05186634814100155,320.26222839355466,313.92023193359375,-0.0017290918762430385,0.018438549203807053,0.00839575528600563,0.010193309644726504,-0.11291478412182099,0.7261539634531511,0.008271112735436131,0
2020-10-26,316.3336287158571,317.11954492115404,310.31446938243005,313.8002319335937,91473000,-0.018480066306441056,-0.007660406314119794,0.015560006557985728,319.0565490722656,313.99222290039063,-0.016474562750571797,-0.0006114513443151726,0.008016936061917763,0.010660704107147714,0.8613296868990861,1.3252848138816098,0.021686011819660112,0
2020-10-27,314.142337779827,314.4751804824875,312.5057765086921,312.71844482421875,65994100,-0.003447375110939621,-0.01502706975696233,0.01760093776334637,317.9553466796875,314.02287048339844,-0.016470557611803605,-0.004153919289928476,0.007956688914315935,0.01060804892565221,-0.2785401156625452,0.9460720129818418,0.0062976904828954605,0
2020-10-28,307.059827691063,312.7461150486337,301.5399616493468,302.0299987792969,127094300,-0.03417913532708283,-0.04688833507739654,-0.024575343818568962,315.9887237548828,313.82630310058596,-0.0441747566486389,-0.037588641247538135,0.012603117594224842,0.013056501936863895,0.9258433708467879,1.7924196148014806,0.03710278265264506,1
2020-10-29,302.2612006889962,308.26184985459844,300.5784207406355,305.0997314453125,90597700,0.010163668107215917,-0.042453630752409155,-0.020946872638975766,314.36882934570315,313.717099609375,-0.029484786769993887,-0.02746859567040627,0.013581177988125788,0.01319700146152549,-0.2871615800236518,1.2759968961221315,0.02518333620801672,0
2020-10-30,303.52783260839107,304.8315226203362,298.2761088587803,301.9190368652344,120287300,-0.01042509793440527,-0.055642657690899044,-0.02186701884906117,312.4502868652344,313.52494384765623,-0.03370536191743789,-0.03701749162280765,0.01357700306824867,0.013230230998062061,0.3277080985499632,1.6581216598433661,0.02171248898254149,1
2020-11-02,305.3031311035156,307.3002435800331,302.566292996373,305.3031311035156,86068300,0.011208614976444098,-0.02707805783864503,-0.02813747867044436,311.35833740234375,313.37836669921876,-0.019447708866082047,-0.025768324982859303,0.014156836719866199,0.012817471362115968,-0.28447724739020663,1.1543173925886585,0.015505738727766283,1
2020-11-03,308.52995012960014,312.746126248305,305.38631400131226,310.6935119628906,93294200,0.01765583222121414,-0.006475258798585903,0.003284264326564701,310.6787506103516,313.27623962402345,4.751323516671846e-05,-0.008244250072180548,0.015542292069633746,0.01311125425450211,0.08395541680270213,1.2485783656766016,0.023688335815238458,1
2020-11-04,315.15934752702685,321.70553558783416,313.9851149209246,317.6372985839844,126959700,0.022349313241929236,0.051674667641515404,0.008158377994967214,310.75364379882814,313.29088500976565,0.022151485340627275,0.013873412161618637,0.017354715177606162,0.013492769828337667,0.3608530862583097,1.6231448006219003,0.02430577486122349,1
2020-11-05,322.90752215223176,325.63510535784354,322.5561693903892,323.8321228027344,82039700,0.019502823649383494,0.06139760028199026,0.018791122171432972,311.2741973876953,313.3658856201172,0.0403436119036813,0.033399414750924894,0.018351054335331584,0.014038849446541588,-0.3538130603648244,1.0247506798335035,0.009507815163012476,0
2020-11-06,323.54551039577217,325.0063952769409,321.4374219661164,323.7581787109375,74973000,-0.0002283408179426516,0.072334431351049,0.009543019143134268,311.6791687011719,313.4254083251953,0.038754627266561315,0.0329672391302156,0.01835126631649938,0.01391626586958423,-0.0861375651056745,0.9275344030419239,0.01102357730400691,1
2020-11-09,336.52684917649657,336.9059387720614,327.36405472488747,327.82635498046875,172304200,0.012565477992645402,0.07377331439590251,0.006043539595621983,313.0817810058594,313.52485290527346,0.04709496006838365,0.04561521022231774,0.01720220430445373,0.013730569694988056,1.2982166913422164,2.0169945500332975,0.02910651905257106,0
2020-11-10,326.83706430106344,328.39964160698554,324.08177251066513,327.3456115722656,85552000,-0.0014664574732917712,0.05359654762074317,0.01116713800904967,314.54449768066405,313.63807556152346,0.04069730669584848,0.04370494872537645,0.017111471970083666,0.013642742483232415,-0.503482793803053,0.9943162585154862,0.0131905513429105,1
2020-11-11,329.5275920192219,330.60013191836515,328.2886308124271,329.7772521972656,58649000,0.0074283587102959014,0.03821954684604334,0.025120046384986106,317.31922302246096,313.73933471679686,0.03926024101578873,0.05111860613507613,0.010310404269391414,0.013620783498279365,-0.314463717972695,0.6812752063056144,0.0070092800232181805,0
2020-11-12,328.76945432758134,329.8235125087104,324.7752013576145,326.5781555175781,67546200,-0.009700780324817138,0.008479803334755953,0.01643168921142646,319.4670654296875,313.68267700195315,0.022259227499166645,0.041109947922131074,0.011835426579404363,0.0138345470365018,0.1517025013214206,0.7813640607721434,0.015458202166323938,1
2020-11-13,328.48288202805907,331.8391870990069,327.9651078910253,331.0995178222656,62892200,0.013844656258535704,0.02267537808792386,0.03112711701470583,322.38511352539064,313.94317749023435,0.027031038131941187,0.05464791580815587,0.010276176397288998,0.014125693750928835,-0.06890098924884003,0.7388995938837842,0.011700648896931351,1
2020-11-16,333.76224964666625,335.4265190156994,332.4770415964014,335.2323608398437,74541100,0.012482177699203456,0.02259124608763119,0.060115037826253825,325.37803649902344,314.33827392578127,0.0302857698904635,0.06647006949906387,0.010310075080348669,0.013740654957779893,0.18522010678589718,0.8726237990405377,0.008798307573614834,0
2020-11-17,332.82848911220765,334.63147162301595,331.3213855742676,333.4294738769531,66111000,-0.005378021854375525,0.018585440249118568,0.05020669982732717,327.65163269042966,314.8697064208984,0.01763409856706688,0.05894427783168554,0.01083127758888731,0.013864634504447691,-0.11309331362161279,0.7712007592672175,0.009927394870826252,0
2020-11-18,333.69759212727365,334.2431030727179,329.3796950886092,329.41668701171875,70591300,-0.01203488947325404,-0.0010933597849592802,0.03953543780416369,328.82957153320314,315.1996923828125,0.0017854704361841556,0.04510472241083163,0.010923824892198102,0.014216467685792062,0.06776935759555891,0.8201083756919428,0.014763696484919308,1
2020-11-19,328.7879664083773,331.173423449706,327.44728430310664,330.8035888671875,59940900,0.004210174864090588,0.012938505770273334,0.03821715592242558,329.52671813964844,315.66608276367185,0.003874862514176902,0.04795417350824027,0.009434923165153394,0.014203042836215622,-0.15087411621545432,0.6945429430879039,0.011263901819684683,0
2020-11-20,330.5446951604477,330.7481084092092,328.46434393216515,328.5382995605469,70417300,-0.006847837758949149,-0.00773549378315197,0.027618392801898706,330.0047302246094,316.0840368652344,-0.004443665589473289,0.03940174524100515,0.009845343839849603,0.01433315298252613,0.1747788238081176,0.8060004813067277,0.006951288419337399,1
2020-11-23,330.34126910985094,331.7651617960009,328.1129784945893,330.5076904296875,63230600,0.0059944026975695675,-0.014093718155131829,0.053242339539218086,330.2728637695312,316.46033752441406,0.0007110080358285753,0.044388984146203514,0.009225262932997106,0.013565230848016384,-0.10205872704576857,0.7356312585288876,0.011050221847072425,1
2020-11-24,333.0503479254816,336.37891546594994,332.1997312419318,335.8334045410156,62415900,0.016113737336654,0.007209712555134251,0.07391620193618564,331.12164306640625,316.91165832519533,0.014229699487400937,0.059706690236065674,0.010341646717510795,0.013802921394821616,-0.01288458436263451,0.7276675644193354,0.012444218375863694,0
2020-11-25,335.7502678177485,335.7780047110036,334.22468225557213,335.3157043457031,45330900,-0.0015415387162573957,0.017907463606342766,0.11020662086857547,331.67548828125,317.3774890136719,0.010975233905034187,0.05652012493948022,0.010266131950900415,0.010666464519936046,-0.2737283288392861,0.5549332284616456,0.004632417853683346,1
2020-11-27,336.4066780190502,336.7210388362217,335.24167223686067,336.24951171875,28514100,0.002784860240497844,0.016462707887213934,0.10209704258301167,332.6426239013672,317.91688354492186,0.010843131812393159,0.0576648461365461,0.009450434446289433,0.010616689007501857,-0.37097873635864276,0.3628535428393527,0.004399609658313512,0
2020-11-30,335.47279650502,335.7409385582566,332.08878340971694,334.7608642578125,83872700,-0.004427210773714552,0.01894015006953209,0.10877693481526807,333.0087585449219,318.4977172851562,0.005261440331318701,0.051062051908195016,0.008860691806672195,0.010238206966188799,1.9414465124271851,1.0926300133470614,0.010909743457129344,1
2020-12-01,338.00621842500254,339.95711197569057,337.4144605490259,338.4222717285156,74231400,0.010937382058744172,0.023946738693246372,0.10847953149150857,333.32774963378904,319.21983032226564,0.015283822304994699,0.06015428736637163,0.008651898669554682,0.010230041298515763,-0.11495158734606137,0.9745443011501717,0.007513250867556437,1
2020-12-02,337.3127825968703,339.2914131198718,336.7395347651276,339.1342468261719,45927000,0.0021038068624141815,0.009828808690629076,0.09153951971381447,333.8982269287109,319.8946057128906,0.015681484581764105,0.06014368723225383,0.008359441311881315,0.009817133763020323,-0.3812995578690419,0.6223001243462069,0.007524684925295061,0
2020-12-03,339.0324624961436,340.42861810719086,337.94144081350913,339.0417175292969,62882000,-0.0002728397315839848,0.011111955495386905,0.06738635242376323,334.86072998046876,320.7091778564453,0.012485750565830678,0.0571625040336623,0.006909282537808434,0.008905295150771255,0.36917281773248845,0.8907035420558266,0.0073359034156816,1
2020-12-04,339.6242628374325,341.9635009765625,339.5317971440086,341.9635009765625,50749900,0.008617769720368207,0.016993301279770723,0.05599005440505067,335.9767211914062,321.5662823486328,0.01781903152077491,0.0634308375833248,0.00713854079211776,0.008165010216900203,-0.1929343850386438,0.7351474393605378,0.007111004027065993,0
2020-12-07,341.1961049259402,341.7508709319728,339.9941354266788,341.2608337402344,48944300,-0.00205480185552398,0.019416754395209068,0.05406088920744723,337.248974609375,322.3126190185547,0.011895837891000793,0.058788311730943565,0.006511387185747755,0.008210272842543456,-0.035578395228365034,0.7226149453288097,0.005147779444948733,1
2020-12-08,339.994207717416,342.82348391152453,339.9479889639907,342.2594909667969,42458900,0.0029263751588988196,0.011338554104853626,0.044026771389957364,338.4241546630859,322.9779626464844,0.011332927188749897,0.05969920722243538,0.006469989038667326,0.007874751718840188,-0.13250572589658038,0.6933204615582953,0.00840150535902236,0
2020-12-09,342.915836132159,343.0730024150456,338.35756246336115,339.189697265625,74098300,-0.008969199634173752,0.00016350586816882284,0.03618220399067318,338.75978393554686,323.61556640625,0.0012690801873929125,0.04812540704492574,0.005879784887998112,0.008228658350929924,0.7451771006785386,1.2213888053274213,0.013902073057342071,0
2020-12-10,337.82129446332254,340.1235407764272,336.952167699225,339.0787658691406,57735400,-0.0003270482487488513,0.00010927369090074635,0.02820544355288357,339.13609008789064,324.2043518066406,-0.00016903013399471867,0.04587974831186514,0.005833576797886271,0.008132171685903734,-0.22082692855301678,0.9523903785401797,0.00935290969658096,0
2020-12-11,337.38674768616795,339.08800937588853,335.8704174000004,338.6811828613281,57698600,-0.001172538795796929,-0.009598445757693086,0.037060125238837616,339.37925720214844,324.74542846679685,-0.0020569151649846296,0.04291285780472842,0.005843207818045063,0.007731932747870744,-0.00063739057839729,0.9595772036842671,0.009500356496645278,0
2020-12-14,340.8447456280566,341.91725738932104,336.9891490851876,337.1648254394531,69216200,-0.004477241425296041,-0.01200257367916735,0.01831868453654284,339.6196533203125,325.31535095214844,-0.007228167913310157,0.03642457834412993,0.005848139359942477,0.007309802766057456,0.1996166284797205,1.145103042597624,0.014616317991386732,1
2020-12-15,339.69817587761173,341.7230529785156,338.3297853661233,341.7230529785156,63865300,0.013519285510050993,-0.0015673429150669937,0.019361770809987133,339.9497314453125,325.8669659423828,0.005216422809524612,0.04865816021049629,0.0063814761045823875,0.0073991736065613005,-0.07730704661625454,1.0659922285500638,0.009929876204768833,1
2020-12-16,341.9358750430886,343.17483673060343,341.0574929953914,342.2594909667969,58420500,0.0015698033352025131,0.009050374247564053,0.026482413168736008,340.262255859375,326.51862670898436,0.005869693370419871,0.04820816630422087,0.006373343259015831,0.0072462140787589195,-0.08525443394143617,0.9814105598166885,0.006186369672996015,1
2020-12-17,343.8959404400441,344.3767225815223,343.07303238358134,344.1733093261719,64119500,0.005591717424603626,0.015024660845313287,0.0447962197917684,340.7754150390625,327.1007556152344,0.009971066389046435,0.05219356243560558,0.006517933876814015,0.0065757104811133005,0.09755137323371077,1.083035905741022,0.0037878887252859677,0
2020-12-18,344.4612007715748,344.6283315180656,340.79344881476123,342.7991027832031,136542300,-0.003992774877456973,0.012158691212440509,0.036261740560594724,340.8589752197266,327.5995538330078,0.0056918775931480425,0.046396732756062375,0.0062050316751886565,0.006699306903931276,1.1294972668221055,2.1661843441957225,0.011186968321004168,0
2020-12-21,338.8898932592316,351.4159127548199,336.15997816972384,341.5733642578125,96386700,-0.003575676002179673,0.013075322470585071,0.03967593645764089,340.8902282714844,328.0170660400391,0.0020039764407211447,0.04132802717075301,0.006286216751439396,0.0065143004042282505,-0.2940890844815123,1.4982693300887078,0.04466371263533646,0
2020-12-22,341.8983367429737,342.0097572148125,339.87412260631737,340.9976501464844,47949000,-0.0016854771816855463,-0.0021227799111254164,0.031738927778530934,340.7640441894531,328.31987854003904,0.0006855358158075475,0.03861408472377725,0.006225456783229515,0.006490738447078875,-0.5025351007971017,0.7542952662698157,0.0062629012474945825,1
2020-12-23,341.9633643931626,343.20760697353194,340.979112376798,341.3041076660156,46201400,0.0008987085963776398,-0.0027914004607514364,0.016289931409523728,340.97548522949216,328.67135131835937,0.000963771446214956,0.03843583049445609,0.005440340194236622,0.005516615402126399,-0.03644705833281192,0.7361925846938409,0.006529351820502042,1
2020-12-24,341.77762611632846,342.6597520909689,341.1926686317637,342.63189697265625,26457900,0.0038903408333426093,-0.0044785935217737105,0.021818818898533543,341.33079833984374,329.09006469726563,0.0038118407103628904,0.04114931967893942,0.005520364623820855,0.005527794558522949,-0.42733553528680945,0.42802737327742113,0.004281806428904269,1
2020-12-28,345.1760534669629,345.9653195129683,344.5539464489038,345.5753479003906,39000400,0.008590709019625553,0.008098752577375468,0.027734869067828072,342.02021484375,329.5755981445312,0.01039451150062809,0.04854652421458372,0.00593044106026486,0.00576845752320519,0.4740550081450152,0.6256291819974322,0.004084125423412173,0
2020-12-29,347.09815522580993,347.27458040793783,344.3310908811892,344.91607666015625,53680500,-0.0019077496246184822,0.009786220918035937,0.030335721664653148,342.7953399658203,330.05183044433596,0.006186597211465639,0.04503609689365806,0.005666838494349548,0.005661375174085168,0.3764089599081035,0.8824925579428317,0.008533929630797807,1
2020-12-30,345.733259466037,346.4389603203097,345.0182924625775,345.40826416015625,49455300,0.0014269775557169684,0.01293444107833941,0.020642827069149883,343.1638610839844,330.63554321289064,0.00654032469818433,0.044679772790651606,0.0040694034306014756,0.0052092590315137716,-0.07871014614245397,0.8299335436277584,0.004113010617121448,1
2020-12-31,345.2132645868987,347.8874694685123,344.7025779385661,347.1632080078125,78520700,0.005080781294921621,0.017166802889844845,0.02367487582507688,343.65423278808595,331.2290197753906,0.010210772587487149,0.04810625664148338,0.004263142108924316,0.005283410228327597,0.5877105183873115,1.2826165274577868,0.009174046835845903,0
2021-01-04,348.49100217915696,348.62101162593734,338.7506082823592,342.4369201660156,110210800,-0.013614022836459405,-0.0005690562039417646,0.010014114668426721,343.4805938720703,331.73999084472655,-0.003038523062654841,0.03224491956502118,0.006107859692749959,0.0062337365151990684,0.4035891172646193,1.73326678786288,0.028824004545984362,1
2021-01-05,341.7962383123607,345.88181651795514,341.74979422078724,344.79541015625,66426200,0.006887370640674462,-0.0022569252953930086,0.00828131999935744,343.680224609375,332.2633673095703,0.003244834782514916,0.0377171968976151,0.006377445027099736,0.00612646838670317,-0.3972804843082529,1.0319529105517669,0.011983982893784492,1
2021-01-06,343.2912442716804,350.04176253855144,342.74340790904097,346.8568420410156,107997700,0.0059787103425519295,0.0056267756483023845,0.016398038530963888,344.2085723876953,332.8063348388672,0.007693793431551965,0.04221826849825794,0.006398152769536778,0.006217637534054061,0.6258298683350847,1.604194344559764,0.021041403094615743,1
2021-01-07,349.224597819788,352.75304553896814,349.0481726001441,352.0102233886719,68766800,0.014857372619009324,0.01911349528526185,0.028489297387580548,345.30982971191406,333.57053466796873,0.019404005041929517,0.05527972888569943,0.0075094395967610075,0.00695750136833942,-0.36325681009873356,1.0018841747893552,0.010524901530298227,1
2021-01-08,353.39376410680273,354.2294461631156,350.15316189053533,354.0158996582031,71677200,0.005697778462862013,0.019739106830227282,0.04371065074234104,346.5810089111328,334.39648376464845,0.021452100824649323,0.058671119004238825,0.007498736053297589,0.00656581328550695,0.04232274876830089,1.0461317155800025,0.01151441016213073,0
2021-01-11,350.84948394564515,353.38438462890787,350.7287689918053,351.62945556640625,51034700,-0.0067410647208245855,0.026844463488148396,0.037014083335755954,347.4807647705078,335.38847290039064,0.011939339429733353,0.04842439135002463,0.008188872755501437,0.006844507943022135,-0.28799255551277114,0.7485136888903035,0.0075523127970747155,1
2021-01-12,351.81515363311456,352.7158118155588,349.46591609355505,351.7037048339844,52547700,0.00021115770138924184,0.02003592412846733,0.03845068055637535,348.0936004638672,336.32055236816404,0.010371073657506003,0.04573955518775641,0.007935472379115379,0.006819389203966282,0.029646495423701902,0.7736267560844616,0.009240436416607632,1
2021-01-13,351.62950774382404,353.64442764556827,350.8495360073249,352.6509094238281,45303600,0.0026931891157953025,0.0167044921147248,0.045930307125575,348.86708374023436,337.33518981933594,0.010846038104332045,0.0454020809767719,0.007830083788539048,0.006652337470779288,-0.13785760366295763,0.6789272483107219,0.007925377656929201,0
2021-01-14,353.3936919642144,353.8951124303812,351.0816321351394,351.4158935546875,49989100,-0.0035020918311494675,-0.001688387991300333,0.028364608391758805,349.4678466796875,338.2574450683594,0.005574323628077638,0.03890069140582808,0.008039832018210047,0.006211464876589995,0.10342445191993566,0.7570160401245412,0.00800612706153529,0
2021-01-15,349.80025180486865,350.5987841141442,346.99606590019863,348.8531494140625,107160000,-0.007292624459019237,-0.014583385235310553,0.019265085764722523,349.6368408203125,339.0206378173828,-0.002241444020633865,0.02900269334628547,0.008414515452989274,0.006509040949065312,1.1436673194756457,1.5650335632956107,0.010327320306543764,1
2021-01-19,351.304439515749,352.13085517430096,349.828061713451,351.59228515625,51233300,0.007851830338319044,-0.00010570903423423594,0.021555930192852957,350.55237731933596,339.6997375488281,0.002966483482058191,0.035008998515085654,0.00703362940927122,0.006612219488375115,-0.5218990294886152,0.7553518643332127,0.006549613168635307,1
2021-01-20,353.87657321374,357.2936287805517,353.4866015027723,356.4579467773437,61836100,0.01383893170161965,0.013517747689361093,0.03984504009270662,351.7186309814453,340.3522540283203,0.013474736276192445,0.04732065840140787,0.007799252379640351,0.007076992638569099,0.2069513382897452,0.9648058474916157,0.010680158240818843,1
2021-01-21,357.01500286554875,357.4421524664681,355.86362018115483,356.7828674316406,47840100,0.0009115259099550244,0.011716850566367176,0.04452777870100055,352.7112335205078,341.0127478027344,0.011543816936287365,0.046244956326467745,0.0077747303103746414,0.006961808166904461,-0.22634027695795822,0.7758136072784267,0.0044243500162341855,0
2021-01-22,354.935125179616,356.6807884063507,354.554419617458,355.5201110839844,52860500,-0.003539285271028869,0.011679089092361039,0.042588155464594823,353.0622222900391,341.5666229248047,0.00696163066669353,0.040851439287882485,0.0067240516053570145,0.007028336373193629,0.10494125221310147,0.8538281376191246,0.0059810084509970066,1
2021-01-25,356.25356805531067,357.2749411455946,351.41584591793816,356.922119140625,70402000,0.003943540781324195,0.023129989624904423,0.04575981104186555,353.35284423828125,342.15815307617186,0.010101163640094724,0.043149537521516734,0.006610167133896422,0.007033671570012316,0.33184513956546,1.115367023748246,0.016415612576109337,0
2021-01-26,357.8692537457805,358.2778143535909,356.1328853310083,356.3650207519531,42665300,-0.0015608401911689773,0.013574631177080798,0.040081276438757474,353.82640075683594,342.6899084472656,0.007174761379272532,0.03990520866707081,0.006136254670803393,0.007072808447663859,-0.39397602340842586,0.6673710785479209,0.006018910099696752,0
2021-01-27,353.05015999751345,353.14301984374345,345.4268398473695,347.65533447265625,123351100,-0.024440351246929004,-0.02469467263745939,0.006018909001764605,353.42156372070315,343.1114520263672,-0.016315442632707455,0.013243167546444612,0.010231926999425751,0.009034872830676234,1.8911340128863503,1.8100489765390544,0.022194913269713856,1
2021-01-28,349.465966970764,354.6379514307327,349.0295795422171,350.6452331542969,94198100,0.008600180653565603,-0.017202715818521508,0.016610291261620613,353.22099609375,343.5023663330078,-0.007292213565836425,0.020794228865266273,0.010638298518911259,0.009201335178410715,-0.23634162970577477,1.342353982037317,0.015994433570547643,0
2021-01-29,348.7881786860428,349.75387014169314,341.95409595375736,343.62548828125,126765100,-0.020019507494510647,-0.03345696187613001,-0.005161358496273971,352.44195556640625,343.67022888183595,-0.02501537386769792,-0.0001301846852767019,0.012304704199630702,0.010314661543354156,0.34572884166453455,1.7121324950308487,0.022698473931455968,1
2021-02-01,347.0146573120808,350.37597423640665,343.9133309692816,349.3453063964844,75817600,0.01664550014564936,-0.021228196118479814,0.006285511650827802,352.4911712646484,343.98854553222657,-0.008924662869930877,0.01557249778759262,0.013470798405995821,0.010932404152093064,-0.40190478294104603,1.0258909682338542,0.018499298970945235,1
2021-02-02,352.5208411824541,355.83574176244537,349.42880987347587,354.2850646972656,64450700,0.014140044850566635,-0.0058365887041850195,0.03459949507052551,352.76044921875,344.4859130859375,0.004321956959438378,0.028445725177980163,0.014002740564320574,0.010824821174439937,-0.14992429198497448,0.8999465134572658,0.018084115102182417,1
2021-02-03,355.11149587959494,356.281467508707,353.2915620518551,354.56365966796875,52427100,0.0007863582139460146,0.019871189969776992,0.02833056712469606,352.5710205078125,344.96111450195315,0.005651738356959202,0.027836601756924262,0.013245531561026947,0.010758427974875476,-0.18655499474792359,0.7392825249072179,0.008432633676140933,1
2021-02-04,355.59436662167684,358.6399826506837,354.6751192898168,358.59356689453125,47142600,0.011365821388284125,0.02266773647179976,0.033837374475455206,352.75209045410156,345.5622198486328,0.016559721681336903,0.037710566425943615,0.013767499008017495,0.01094354510838044,-0.10079710683978327,0.694566290920741,0.011056705214215505,1
2021-02-05,360.4599791681368,360.710675281438,358.54718510912704,360.0049743652344,48669800,0.003935953126337655,0.04766667969221805,0.022711701096632897,353.20057678222656,346.15216552734375,0.019264967359334806,0.04001941983169921,0.013721113740540091,0.010517830150257415,0.0323953282169418,0.7278425287450003,0.006009611884184803,1
2021-02-08,361.4534777465929,362.6513046740329,360.5992351085053,362.6048889160156,38365200,0.0072218850735756845,0.03795551930067287,0.024261591827104523,353.76885375976565,346.6875952148437,0.024976860066517448,0.04591249851702339,0.013828980107709304,0.010557759554687525,-0.21172472457252756,0.5883963747978715,0.005659244064971398,0
2021-02-09,361.7691230225991,362.957683618026,361.3605907389764,362.3634033203125,35551100,-0.0006659744616931418,0.0228018040499387,0.030526304278508,354.3686920166016,347.2285491943359,0.02256043348021386,0.04358758564378862,0.013808648874339156,0.010401916542239117,-0.07335032790132723,0.5517889087031802,0.0044074342618917,0
2021-02-10,364.09983025590975,364.2484003541954,359.8099713889872,362.2055969238281,59154400,-0.0004354920917465366,0.02155307530110573,0.02986005534061964,355.82371826171874,347.7476708984375,0.017935506641564958,0.041575910452648746,0.010418956907790171,0.010407321204790876,0.6639260107282194,0.91345252577474,0.012253893929037151,1
2021-02-11,363.2826838806573,363.7005390243798,360.3670773709089,362.7905578613281,42913300,0.0016149969588212798,0.011704033073274056,0.028752650756144194,357.0382507324219,348.30826477050783,0.016111178892194378,0.04157895334571604,0.010321710002956994,0.010403737585748182,-0.27455438648688857,0.6638853489635808,0.009188391432020377,1
2021-02-12,361.9920325190132,364.82407372216704,361.91773330512245,364.5826721191406,50593300,0.0049398040246062536,0.012715651393366834,0.037467794729677095,359.13396911621095,348.8314727783203,0.015171783990075793,0.0451541806574034,0.006213757923506186,0.010362563141512219,0.1789654955456701,0.7823322883072147,0.007971691030052127,0
2021-02-16,365.8083506928999,366.0033648900088,363.55200072791945,364.2669677734375,50972400,-0.0008659334901137683,0.004583718830682537,0.04418426029767608,360.6261352539062,349.3341271972656,0.010095864286064238,0.042746583896566825,0.005260613980635866,0.010160433730886933,0.007493087029310175,0.8239900595622842,0.006729581265831474,1
2021-02-17,362.5212357222634,364.6011599060725,361.5091004089487,364.3504638671875,52290600,0.00022921675896214744,0.005483612662503079,0.03628685625245631,361.63267517089844,349.8403021240234,0.007515329456899034,0.0414765298768236,0.004038457889057183,0.010080451344258019,0.025861054217576562,0.8445775480946588,0.008486498039016901,0
2021-02-18,361.7506089186291,363.5426878534969,360.03280086210617,362.79986572265625,59712800,-0.004255787485689777,0.0016406946879761186,0.01779149266455815,362.4562957763672,350.2570294189453,0.0009478934434099529,0.03581037709512569,0.004595856134722152,0.009752812893114852,0.14194138143375667,0.9661146836478721,0.0096744440199817,0
2021-02-19,364.0533823346543,364.34122801938736,361.7134389144418,362.1591491699219,83241000,-0.0017660330481604758,-0.0017404220637065038,0.015068777761060304,362.81285400390624,350.67499572753906,-0.0018017686715623427,0.03274870915320571,0.003454753428483362,0.009771404762689643,0.39402272209643496,1.309290122874238,0.007255895953391038,0
2021-02-22,359.4013597570989,361.7784243190191,359.1042196026477,359.3735046386719,67414200,-0.007691769040309437,-0.014288028145140297,0.01083874986126232,362.74970703125,351.01727600097655,-0.009307250501203845,0.02380574749167641,0.004225772496276981,0.009911431405073988,-0.19013226655133886,1.0483527029089625,0.007441296261003393,1
2021-02-23,357.17294188013483,361.1563946906501,353.0316528102948,359.8099975585937,107284100,0.0012145940484975526,-0.012235449846267454,0.008091060382926063,362.47021789550774,351.42968200683595,-0.007339141826214646,0.023846351007979827,0.0034060842958065114,0.00988151679869103,0.5914169418312463,1.6218554508542005,0.022580645161290092,1
2021-02-24,358.72360131962074,364.2020215283774,357.7393491134109,363.7748718261719,72433900,0.011019355477837944,-0.0015797757875929408,0.020792868667591113,362.6113647460937,351.92360412597657,0.0032086889524074458,0.033675682907455595,0.005051896185045955,0.010143722629360854,-0.3248403071843824,1.0709145913608178,0.017765582274892826,0
2021-02-25,362.5120024028312,363.8769599629682,353.5701404616122,355.0093688964844,146670500,-0.02409595496710404,-0.02147326270547012,0.02115323337403452,361.89174194335936,352.2501678466797,-0.019017767606181457,0.007833072349324288,0.009268110664581419,0.010098312656749975,1.0248875181372257,2.131733625334449,0.029032528165084392,0
2021-02-26,356.8850154751008,358.0271036542426,351.20234468696304,353.1801147460937,152701600,-0.005152692606611331,-0.02479306250969593,0.007229191650471867,360.9306976318359,352.5704736328125,-0.02147388109849313,0.001729132638361941,0.00922457801046273,0.010028420239408175,0.04112006163475268,2.1288812901805576,0.019323735064149788,1
2021-03-01,358.0363995657325,362.9855428178806,353.3751303176071,361.74127197265625,105348800,0.02424020172459973,0.006588597388015538,0.05271955751017776,360.6465576171875,352.9708380126953,0.0030354216125105804,0.024847474679042802,0.012444428075232886,0.010165836262728586,-0.3101002216086799,1.4909730355127357,0.026567088814239505,0
2021-03-02,361.964195274004,362.19633073939394,358.41715856200267,358.9185791015625,79595300,-0.007803071116826099,-0.002477469951028932,0.02740346737108612,360.11171875,353.3040197753906,-0.003313248601237051,0.015891580655496895,0.012645660889533544,0.00985590484157826,-0.2444593578664399,1.1234873752296068,0.01052933004151309,0
2021-03-03,358.22221361056233,359.18787685432164,354.0623353944959,354.1644897460937,119940200,-0.013245592823222352,-0.026418487983607797,-0.00034033314747539123,359.09312133789064,353.50384338378905,-0.013725218610242673,0.0018688519931802094,0.013159510292003837,0.009894861246301269,0.5068754059598997,1.6291550073070074,0.014472206017888255,0
2021-03-04,353.9787065028338,356.5600515760826,345.306129482108,349.7817077636719,183433000,-0.012374989896824284,-0.014725417385637485,-0.013486864132593146,357.7913055419922,353.64349548339845,-0.02238622810072799,-0.010920002118087524,0.013508333288249186,0.010272330318168451,0.5293704696173593,2.2880102949424423,0.03217412987639211,1
2021-03-05,353.2730017544948,357.2657484566025,346.01182648724296,356.21649169921875,152039600,0.018396570754621866,0.008597247767779814,-0.006628884103801136,357.19703979492186,353.93635803222656,-0.002745118202172381,0.006442213734890068,0.015204973109361187,0.010810603131272446,-0.17114368734088192,1.7799843835344924,0.031592927985103304,0
2021-03-08,357.1729391999028,359.97712560372787,354.1644724397162,354.4430236816406,123149200,-0.004978624120175801,-0.020175326556509998,-0.015449649531650622,356.70399169921876,354.2052655029297,-0.006338499344533899,0.000671244054978537,0.015107081771504851,0.010811533404177091,-0.1900189161244834,1.381522202799017,0.01639940068120115,1
2021-03-09,358.2778580660894,362.0477354952381,357.7764375613555,359.5035400390625,113633600,0.014277376106483164,0.0016297872875912223,-0.008552970386649816,356.6733459472656,354.56925415039063,0.007934975023940583,0.013916282449518258,0.01589097885871656,0.011192792794696914,-0.0772688738538293,1.223133925477305,0.011881101180306802,1
2021-03-10,361.8434262973439,363.4312247093334,360.4320530796693,361.74127197265625,109899400,0.006224505976632599,0.02139339895988579,-0.0017168713560908877,356.46998596191406,354.9514416503906,0.014787460987824685,0.019128899126864995,0.015592017499823557,0.011288838069479447,-0.03286175919798373,1.1374269750300814,0.008290930181422029,1
2021-03-11,364.2019341812967,367.3775310399198,363.7469294630154,365.4090270996094,86245000,0.010139166888400775,0.044677348726583466,0.008844231571758288,357.50995178222655,355.348115234375,0.022094700519538213,0.028312833061175935,0.01343245662685503,0.011514018692885757,-0.21523684387721864,0.8802702795665737,0.00993571944766075,1
2021-03-12,364.0533949443855,366.0404596864284,363.2455681020347,365.9011840820313,64653600,0.0013468659664168658,0.027187658652789493,0.008574165322935867,358.7820587158203,355.7678173828125,0.019842478722855494,0.028483089824606456,0.01314990628568351,0.01151281213931727,-0.2503495854832164,0.6526539454519695,0.007638378081244693,1
2021-03-15,366.151717386754,368.343089823472,364.016083503862,368.0830993652344,73427200,0.005963127145043323,0.03848312640466922,0.009601189287871126,359.41624145507814,356.22131408691405,0.024113706923952316,0.03329892066881257,0.011071758938403422,0.011535880672066408,0.13570164693071995,0.7327749407959538,0.011755514792914978,0
2021-03-16,368.69603871329787,369.4017110962296,366.8482215660226,367.6189270019531,73722500,-0.0012610531808761039,0.022573872184982857,0.009201930246391266,360.28627624511716,356.6304284667969,0.020352289943587065,0.030812004972198492,0.01062595046615873,0.011538754980718113,0.004021670443650205,0.7274638536386835,0.006946023021805502,1
2021-03-17,366.3375078130025,369.67096867922254,365.1953914702446,368.8724365234375,97959300,0.0034098068119265967,0.019713439143654865,0.012411052282613078,361.75707092285154,357.1591387939453,0.019668905385690216,0.03279573853001683,0.009086430052590634,0.01155642223310106,0.328757163688155,0.9453227804345736,0.012133129954516318,0
2021-03-18,366.2911796002453,368.3711041652208,362.8277084837041,363.5055541992188,115349100,-0.014549426286227019,-0.005209156750995314,0.0019451177997458213,363.12945556640625,357.53334167480466,0.001035715024070294,0.016703931712881204,0.00953958986117273,0.012008217926322897,0.1775206641942113,1.0840362041783789,0.01524982388158682,0
2021-03-19,363.205513182998,364.77989041785,360.6622818583176,362.8328857421875,113624500,-0.0018505039311246252,-0.008385592813921927,0.001860332877989812,363.7910949707031,357.8528625488281,-0.0026339546013153248,0.013916398929685547,0.008170604489732964,0.012008947919846677,-0.014951135292776474,1.0527978231056527,0.01134849877543404,1
2021-03-22,363.34534370663016,367.1089472702704,363.2894509967949,365.7301940917969,73778600,0.007985241866053094,-0.006392320857695255,0.017688252948742766,364.91981201171876,358.1272619628906,0.0022207127522364534,0.021229693844681652,0.007989300303719579,0.011980979980486537,-0.35068053104744135,0.6815924511603135,0.010443480836905652,0
2021-03-23,365.0967729617704,366.5407155405644,362.069127581356,362.8516540527344,90686600,-0.007870665549533529,-0.012967974712557284,0.008453507447761632,365.25462341308594,358.30397705078127,-0.0065788882777095825,0.01269223143819187,0.007629352837146741,0.012141391537475434,0.2291721447682662,0.8442671769636476,0.01232346031570949,0
2021-03-24,364.248968775631,365.87923909623805,360.9604817803928,361.0070495605469,97588600,-0.005083632585341391,-0.02132278311987912,-0.007608613128582409,365.181201171875,358.49152893066406,-0.0114303573073673,0.007016959751842133,0.007599297923392299,0.011938700352754359,0.07610826737357002,0.8980079654145569,0.013625100456716421,1
2021-03-25,359.5723827433269,363.82969504622673,357.6346743650336,363.0378723144531,116128600,0.005625437941941591,-0.0012865880021997178,0.022614905750022007,364.9440856933594,358.71821228027346,-0.005223302565061871,0.012041931204777034,0.007031284091206138,0.010597060604466961,0.1899812068212885,1.0838430815599185,0.01706439232275789,1
2021-03-26,364.18376357430776,369.2888490443927,363.5875651915516,368.8882751464844,114409100,0.016115130894563512,0.016689196713551402,0.04447634434821879,365.2427947998047,359.04295959472654,0.009980978129021878,0.027420995980177,0.008816568734589122,0.010988845381019395,-0.014806860669981381,1.0872228313078924,0.015455313266807167,0
2021-03-29,367.4162848468423,369.60551031662703,365.935071468474,368.7018737792969,108107600,-0.0005053057517576676,0.00812533319782216,0.019241934349052636,365.30467224121094,359.38867919921876,0.009299638893867535,0.025913989836378715,0.008635033853112104,0.009698121443227344,-0.055078660700940696,1.025995142952075,0.009955031718526422,0
2021-03-30,367.434905450126,368.3944346099059,366.1306667687813,367.72369384765625,76262200,-0.0026530375927141803,0.013427084431076652,0.02453234593799669,365.3151489257813,359.76609008789063,0.006593060618913293,0.022118826590414864,0.00867236899722593,0.009518852549784334,-0.29457133448527206,0.7249129352494905,0.006156165292037063,1
2021-03-31,368.2920058783888,370.7700199762208,368.26405952663214,369.2142639160156,112734200,0.004053505643769828,0.022734221853726533,0.04249374120118987,365.3493316650391,360.11852966308595,0.01057873086386274,0.025257612435103827,0.008702313460825561,0.00889750419159962,0.47824479230864037,1.0752814425002677,0.006787279621890994,1
2021-04-01,371.1427471412531,373.2574592341236,370.93779769678247,373.2015380859375,99682900,0.010799350294951937,0.027996158380635627,0.0669555605751948,366.3189300537109,360.4534014892578,0.018788567741277795,0.035366947694235096,0.007570662416569278,0.008405818518373456,-0.11577054700348255,0.9903514085421483,0.006215573358132753,1
2021-04-05,375.8564897892532,379.0984090413508,375.7819756542243,378.5580749511719,91684800,0.014352933518727573,0.026213356336271865,0.06271911540473507,367.8914489746094,360.88890563964844,0.028993949183359957,0.04896013436657509,0.008205072790075566,0.008064780396156275,-0.08023542653755056,0.939043898925738,0.008760699101595609,0
2021-04-06,377.9991164320186,379.3778410378448,377.663731778131,378.33447265625,62021000,-0.0005906684065600798,0.026125711752468916,0.06740561212475327,369.15187683105466,361.34519287109373,0.02487484529138073,0.04701675882323708,0.008223147969422195,0.007891930888904974,-0.3235410885992007,0.6557522992195384,0.0045306716241826535,1
2021-04-07,378.1668155866389,379.1170200378233,377.7103490017058,378.7723388671875,55836300,0.001157352138342782,0.030046051435860477,0.05359835629443688,370.7439453125,361.782197265625,0.02165482041229394,0.04696234842392788,0.007287688788043936,0.0074648510838550486,-0.0997194498637558,0.6089678973363033,0.003713763893964567,1
2021-04-08,380.0207123636846,380.6262357329122,379.0891292019,380.5703430175781,57863100,0.004746925701512472,0.030757422481775043,0.05205121036436555,372.7002746582031,362.2663037109375,0.021116347087730247,0.050526474914006636,0.006497383397219618,0.007434763736589897,0.036298966801167065,0.6495032340968909,0.004038955108336517,1
2021-04-09,380.4491519037927,383.50474266034735,380.3280415787718,383.3370361328125,61104600,0.007269860003533024,0.027158242966675683,0.0490628520469365,374.7301910400391,362.9799377441406,0.022968112254007966,0.05608326045562695,0.006526991161550102,0.007307542420172089,0.05602015792448034,0.6957047846995635,0.008286966252003264,1
2021-04-12,382.74093955092366,383.7470368351651,382.1354161945966,383.4768981933594,56704900,0.0003648540249536758,0.012993576329924927,0.048034045463454245,376.1890533447266,363.6365710449219,0.01937282540211105,0.05456086853812758,0.005492380105132705,0.007318445166616857,-0.07200276247614745,0.6485467831456685,0.004202653792604426,1
2021-04-13,383.3743494088719,385.2375154018544,382.9923969687516,384.61334228515625,56551000,0.0029635268699390593,0.016596081199851787,0.04490899731182596,377.7802001953125,364.456328125,0.018087613078480613,0.05530707688313985,0.005289046029104301,0.007271605742802381,-0.002714051166654019,0.6530894598364303,0.005837338922678962,0
2021-04-14,384.585426479011,385.6381198974038,382.7595316211662,383.29986572265625,61659900,-0.0034150571966538035,0.011953161281548219,0.04265541725119015,379.3378173828125,365.13541931152344,0.010444643687727684,0.049747149825625225,0.0054037413248361615,0.007341554603937792,0.09034146168944845,0.7170852704271218,0.007510016396197803,1
2021-04-15,385.4331430857711,387.6875864651336,385.3865753074208,387.41741943359375,60229800,0.010742382346454749,0.017991618479055616,0.05027478627825843,381.1581329345703,365.79806640625,0.016421757685799898,0.059101878912978245,0.005788003488458597,0.007588488969961071,-0.023193355811475524,0.7161656958227414,0.005939359053800192,1
2021-04-16,388.7029553471804,389.31780345743056,387.28695960911085,388.7122802734375,82037300,0.0033422886398264406,0.014022240571512912,0.0693434413395626,382.70920715332034,366.48103881835937,0.015685729551085048,0.06066136880303019,0.005402310496001199,0.006443072592322959,0.36207159910874687,0.9951782487925607,0.005224542550832506,0
2021-04-19,387.7807610260529,388.2279026853113,385.4797498055928,386.8025817871094,78498500,-0.004912884370374848,0.008672448351955575,0.06606263375463062,383.5336578369141,367.04521911621094,0.008523173607843493,0.05382814335103214,0.004730563939527926,0.006608129039022463,-0.043136475725066514,0.9729794116101345,0.00710479456218061,0
2021-04-20,385.59158768451925,386.6908489859736,382.4987247820928,383.97064208984375,81851800,-0.007321408466772539,-0.0016710293810764387,0.049874055499690595,384.09727478027344,367.52453247070315,-0.0003296891145664338,0.044748331515669815,0.005570727848158327,0.006907330567281122,0.042718013720007386,1.0094923493632506,0.01091782481354379,1
2021-04-21,383.3557434051097,387.808709170284,383.2159832062883,387.603759765625,66793000,0.009461967342105249,0.011228530004450565,0.0682154964334083,384.9804168701172,368.02450988769533,0.0068142242580429,0.05320094002408804,0.006108092767845438,0.006624635479626989,-0.18397640613889976,0.8360886677333339,0.011849023257082968,0
2021-04-22,387.4360443245921,388.2651383615414,383.0017004125384,384.0636901855469,97582800,-0.00913321785686172,-0.008656629980526076,0.06386756339818511,385.3297515869141,368.458515625,-0.0032856570149415454,0.04235259574358463,0.007007277358000884,0.0069491298892333745,0.46097345530220224,1.2215077840409168,0.01370459661641054,1
2021-04-23,384.6227137075241,389.6346353832558,384.5481995678462,388.2279357910156,73209200,0.010842591246928102,-0.0012460231050100967,0.06938687502758278,385.8188415527344,368.97896240234377,0.0062441072825416555,0.05216821377388525,0.007443581119376134,0.007143214018406372,-0.24977352566230937,0.9417040128014489,0.013101673904650741,1
2021-04-26,388.8800074072831,389.6066410056365,388.2931055721406,389.0383605957031,52182400,0.00208749739514813,0.005780154822814243,0.05462381649624737,386.37498779296874,369.50391845703126,0.0068932329650734925,0.05286667113096799,0.007439633972142913,0.006485800893836857,-0.28721526802642294,0.6992160578074207,0.0033763648178154406,0
2021-04-27,389.3364507074016,389.53210359386,387.8179659687333,388.9544982910156,51303100,-0.0002155630734179681,0.012979784532604288,0.05492954050958221,386.80910339355466,369.99135498046877,0.005546391950548735,0.05125293619778737,0.007436444175644416,0.006478624845393703,-0.01685050898387197,0.7146309690367579,0.004407038953549176,0
2021-04-28,389.2247259133634,390.34263698563,388.3769818956655,388.8427734375,51238900,-0.0002872440195614834,0.0031965986930162504,0.057431924956658165,387.36339416503904,370.48287109375,0.0038190993128035533,0.049556683388755296,0.007287487823293837,0.006396879265433889,-0.0012513863684651128,0.7263964807858406,0.005055141111630972,1
2021-04-29,391.5629298790943,391.93555735176267,387.948383691938,391.3207092285156,78544300,0.006372590569473147,0.018895353110476965,0.059874299215938454,387.75372314453125,371.02227600097655,0.009199102087421585,0.054709473097743766,0.0067826111523139,0.0064413662485479865,0.532903711828318,1.1411515905073706,0.010189017769300682,0
2021-04-30,389.0569805213984,389.9047243925387,387.8552305909189,388.7495422363281,85527000,-0.006570485362904832,0.0013435572178743804,0.041661147030991996,387.7574493408203,371.54126953125,0.002558539873816379,0.046315911895302264,0.007121977386788528,0.006495458093756602,0.08890142250933541,1.2555125105354523,0.005272015987028167,1
2021-05-03,390.7337803483799,391.1157327210051,389.09421389645087,389.58795166015625,68128300,0.002156682729463899,0.0014126911896594763,0.029136551136591304,388.035986328125,372.0898455810547,0.003999539699183874,0.047026561694465396,0.006924691250299583,0.005818099163877329,-0.20342932641154254,1.01770063528332,0.00518886381352374,0
2021-05-04,387.60376353614816,388.0975014117672,383.5048038327527,387.1845397949219,101591200,-0.006169112404510124,-0.0045505541236071645,0.023392177499809597,388.3573760986328,372.6460662841797,-0.003019992346979583,0.03901416069063002,0.006783807583310459,0.006050317325583935,0.4911747394254664,1.474005275828993,0.011861779350609116,1
2021-05-05,388.8241183887439,389.0570141395226,386.7466780571217,387.3056335449219,60162200,0.0003127546106673762,-0.00395311420857658,0.02252882220295005,388.3275634765625,373.19597900390625,-0.002631618323694629,0.037807627452673964,0.006073767689477297,0.006053387715290986,-0.40780106938396243,0.8701735141509758,0.005965149696519824,1
2021-05-06,387.3801805344539,390.5289359008101,385.3772825937991,390.3985290527344,74321400,0.007985671366315783,-0.0023565841368307083,0.025824886819155735,388.96104736328124,373.7284521484375,0.003695695749478478,0.04460478405769286,0.005628615366310493,0.00619680539079772,0.23535043598804561,1.062324938380025,0.013195882985294491,1
2021-05-07,391.16233454379056,393.8918654572951,390.4822688320736,393.23974609375,67733800,0.007277735005584152,0.0115503772212604,0.025832906887469642,389.4622283935547,374.4930596923828,0.009699317224616921,0.050058835313973926,0.0050666624299589005,0.0061972053316376495,-0.08863665108568997,0.9635986976711896,0.008670529007026322,0
2021-05-10,393.5938416617148,393.81741249794896,389.2247148491328,389.3458251953125,81852400,-0.009902154950301445,-0.0006214937187147829,0.015304512552393401,389.49297485351565,375.2163739013672,-0.00037779797763615175,0.03765680891543255,0.0061591298754544435,0.00668433928709121,0.2084424615184739,1.1439901780456343,0.011795933978519678,0
2021-05-11,384.836989107153,386.8585085388164,382.0049684874424,385.87103271484375,116888000,-0.00892469433498011,-0.003392457459106768,0.0032700124811453346,389.18462829589845,375.69896911621095,-0.008514199534456868,0.0270750372899915,0.006791386772015492,0.00700111389560478,0.42803387561024486,1.5675616341945369,0.012578140466327117,0
2021-05-12,383.0948850362776,384.3618242624742,376.3595297518344,377.6730651855469,134811000,-0.0212453561792888,-0.024870715850968228,-0.014679891751333773,388.0676574707031,376.0740588378906,-0.026785515579692443,0.00425183899308923,0.009368902729179633,0.008465888804010158,0.15333481623434397,1.723389861362809,0.02118841730666813,1
2021-05-13,379.21949593633536,384.1382530041698,379.1728997288725,382.2098693847656,106394000,0.012012517220389762,-0.02097512940901125,-0.013441703412411354,387.1565734863281,376.63496643066406,-0.012777011783676184,0.014801873036203839,0.010126297943362285,0.0085605158662203,-0.2107914042622635,1.3211307281666178,0.0129911697028911,1
2021-05-14,384.9393967974584,388.9265708311616,384.9114504451291,388.0788269042969,82201600,0.015355326980379669,-0.013124103656151687,-0.0016296201619743211,387.089501953125,377.4009088134766,0.0025558041387845343,0.028293302537057974,0.01139477439431541,0.00924855107476605,-0.22738500291369812,1.020621301677803,0.010346146472512016,0
2021-05-17,386.97028771615726,387.9018707443233,385.0791468765085,387.0913696289063,65129200,-0.0025444760366534203,-0.005790367895367243,0.0007466026738049969,386.83984375,378.01840637207033,0.0006502067534410738,0.024001379572786696,0.011387656492417346,0.009197909226497939,-0.2076893880411087,0.8154168129418616,0.007292138469841989,0
2021-05-18,387.352244805697,387.59446551118776,383.5979660188922,383.75634765625,59810200,-0.008615593718489523,-0.005480289732337829,-0.0005581010892588001,386.4970245361328,378.6046728515625,-0.0070910685099636606,0.013607002697262782,0.011546149422086678,0.009257064570122788,-0.08166843750575781,0.7592998367402901,0.010414158662661264,0
2021-05-19,379.07974196431326,382.9271556206344,377.5985000735296,382.7501525878906,106467100,-0.002621963322573251,0.013443075163036555,-0.012522084875206674,386.0414764404297,379.0696051025391,-0.00852582961521997,0.009709423904762815,0.01155120470213567,0.008998618390551704,0.7800826614858336,1.3184142612050773,0.013922020699602952,1
2021-05-20,383.6258484249689,388.12541000565056,383.50476652206805,386.8677673339844,78022200,0.010757970227453395,0.012186754770923347,0.0073010732857428096,385.6884002685547,379.57213500976565,0.00305782352958639,0.01922067415204487,0.011824128241935116,0.00910346121157524,-0.26717079736369265,0.9780174770881548,0.011943728254810883,0
2021-05-21,388.3490042918943,389.5880256140857,386.0945893314259,386.5510559082031,76578700,-0.0008186555007252405,-0.003936754314273649,-0.00431931792696949,385.01953125,379.9949755859375,0.003977784330137402,0.017253071075890913,0.011478267767180785,0.008766865644322283,-0.01850114454603946,0.9579000892495843,0.00903745114458943,1
2021-05-24,388.7868254622032,391.56295289159766,388.544604797389,390.49163818359375,51376700,0.010194209057668324,0.00878414974208086,0.00373556372606898,385.1341125488281,380.4867846679688,0.01391080524991506,0.02629487782172424,0.01163207130917232,0.009059727738373923,-0.3290993448569902,0.6429798033429213,0.007729610058358124,0
2021-05-25,391.5722490957163,391.9262551656702,389.0476672600288,389.625244140625,57451400,-0.0022187262370043648,0.015293288359185864,0.0017244841043271286,385.50953369140626,380.9176275634766,0.010676027671246313,0.02285957894058699,0.011223789443368366,0.00907591889252095,0.11823842325412093,0.7162490955160035,0.007388093941373286,1
2021-05-26,390.2122010644439,390.9015634477315,389.1781574895125,390.3985290527344,43088600,0.001984688938251322,0.019982686912417336,0.004000988886796009,386.782080078125,381.3732196044922,0.009350094435292666,0.02366529421652097,0.008060365176382903,0.009084696778532436,-0.24999912969918925,0.5399305661065839,0.004414478615994539,1
2021-05-27,391.4231298742378,391.935489006105,390.32384064152734,390.6033325195313,56707700,0.0005246010206387819,0.009655922516599746,-0.0018332193826353649,387.62142639160163,381.8078375244141,0.007692831007017453,0.023036444333217165,0.007486566146251163,0.008970280329659994,0.3160720004827262,0.7204441856392283,0.004126048680081536,1
2021-05-28,392.1684587891069,392.42930086674016,391.069197778342,391.3020935058594,58520200,0.0017889273545641515,0.012290841080471626,0.0065660560134614965,387.9437530517579,382.3637683105469,0.008656771574959254,0.023376496248078027,0.005898517533787562,0.008844508617180452,0.03196214976096723,0.7564483218105268,0.003475839028133852,0
2021-06-01,393.65901283958925,393.7987445957446,390.5195828561252,390.9574279785156,54216600,-0.0008808169776342023,0.0011928291143148417,0.003515191659607453,388.3303588867187,382.92625915527344,0.006765036602670582,0.020973147260672897,0.005815229336493455,0.008838191655331529,-0.07354041852215132,0.7071772557949584,0.008387516146130324,1
2021-06-02,391.6095369048989,392.4107130596126,390.6034397848831,391.572265625,49097100,0.001572646028656921,0.0049971646181947715,0.011332389026695422,389.11195068359376,383.4431005859375,0.006322897400308447,0.02120044675895949,0.004733420696455941,0.008712619625713066,-0.0944267991722092,0.6631024045229766,0.004615427172414369,0
2021-06-03,389.2619476298755,391.2555203916502,387.79935555163786,390.1189880371094,58138800,-0.003711390503030154,-0.0007160401354566748,0.0072639131696523584,389.8488342285156,383.988447265625,0.0006929706718974415,0.015965430249633483,0.0048631017803231116,0.008765899228122149,0.18415955321190047,0.7862934351054807,0.008859258190435886,1
2021-06-04,391.9636077344512,393.9851556654481,390.1842805183219,393.6870422363281,55938800,0.009146066478772141,0.007894734786070057,0.00842347739263527,390.53076171875,384.6420471191406,0.008082027914234402,0.023515357161111083,0.004554511993395489,0.008822418114585503,-0.037840478303645786,0.7660624061188801,0.009654559940645818,0
2021-06-07,393.6777117948672,393.8547148640748,392.3735010978064,393.3050842285156,51555000,-0.000970207212416252,0.005118783558530238,0.0001661534354415739,391.20616455078124,385.24739135742186,0.0053652520535931725,0.02091563253083284,0.00456428072324059,0.008678381170556112,-0.07836778765365005,0.713936891468506,0.0037660681889578763,1
2021-06-08,394.1620869131879,394.2552509032389,391.5629906976117,393.3888854980469,47134300,0.00021306937767051615,0.006219238580792208,0.010384239514334537,391.4958892822266,385.73740356445313,0.004835290146445459,0.019835986510225112,0.0034713007621406814,0.008357018610682604,-0.0857472602075453,0.668795891274748,0.00684376276218039,0
2021-06-09,394.2272616788116,394.3018042346096,392.5783701098852,392.8019409179688,48436300,-0.0014920212586457815,0.0031403533930220995,0.017961721962806543,391.8135589599609,386.2194049072266,0.002522582323673195,0.017043514456047015,0.0034094200820457524,0.008073982283111476,0.027623195846761206,0.7223500839438197,0.004387539737448296,1
2021-06-10,394.0222844350054,395.5780403436655,392.7087491710795,394.6278076171875,51020100,0.004648313842217089,0.011557549666485922,0.044892643914945074,392.2364868164062,386.7574871826172,0.006096630173777262,0.020349497282916573,0.0036089444828139557,0.006188223183422384,0.05334428930368329,0.8115919021039468,0.007270879337954346,1
2021-06-11,395.1774467617796,395.39169261710816,393.891857911201,395.2799072265625,45570800,0.0016524421158063962,0.004046018332699353,0.034195971608047104,392.7041442871094,387.27880004882815,0.006559041907054475,0.02065981194097266,0.0036071457216505457,0.005742601439199439,-0.10680692511382772,0.7617596355385974,0.0037943611058568584,1
2021-06-14,395.3917482511852,396.2674385065436,394.1527554254345,396.16497802734375,42358500,0.002239098888155544,0.007271438670664265,0.02083636251828036,393.1904327392578,387.7380688476562,0.0075651517443164895,0.02173350995617218,0.003618150178742738,0.0047669154509046,-0.07049031397298267,0.7324542591103738,0.005337884968123392,0
2021-06-15,396.3140141846101,396.3512570316688,394.5626337646086,395.4383239746094,51508500,-0.0018342208247499325,0.005209701016254842,0.02156326645490725,393.6385223388672,388.075673828125,0.004572219266164357,0.01897220218380724,0.003692100387440428,0.004741364488162398,0.2160133149190835,0.9012879817070482,0.004523140926459707,0
2021-06-16,395.5780145995695,395.8015853772953,391.1902675087935,393.23040771484375,80386100,-0.005583465551779465,0.0010907960278241369,0.024687696024979333,393.80433654785156,388.3735925292969,-0.0014573959190976593,0.012505523750769632,0.00425143855622917,0.00445492249756407,0.5606375646737918,1.3817107385137253,0.011726758099149163,0
2021-06-17,392.8206036194272,394.0782178856841,390.63137795315737,393.1000671386719,90949700,-0.0003314610813780483,-0.003871345224606193,0.027040915544519928,394.1024444580078,388.66014709472654,-0.0025434435473102868,0.011423656572803198,0.00401322381325357,0.004379502103666524,0.1314107787291583,1.5844121206272064,0.008768352439153446,0
2021-06-18,389.8251297923295,390.5167474088944,387.5913771677302,387.7969970703125,118676300,-0.013490381996013823,-0.018930661588020037,0.002401931137173019,393.51343994140626,388.80468017578124,-0.01452667759440418,-0.0025917463365233706,0.005020588078989644,0.004954850093295154,0.30485642063690155,1.99672384404542,0.0075435608405028725,1
2021-06-21,389.55403474074245,393.53557034735695,388.7409106571749,393.3486328125,72822000,0.014315829632844945,-0.007109021168068441,0.01758519812687087,393.5177947998047,389.004912109375,-0.0004298712524315462,0.011166236126868512,0.007096116389171597,0.0058727556459965274,-0.3863812741044337,1.2291115220977025,0.012189338643176558,1
2021-06-22,393.3394137510601,396.2834953349815,392.6197297149281,395.45166015625,57700300,0.005346471725891311,3.3725061108436094e-05,0.012701992789725836,393.724072265625,389.2444073486328,0.00438781373128605,0.0159469286916627,0.007293465795451828,0.005560181863829383,-0.20765290708851725,0.9687133245489231,0.009264762268555925,0
2021-06-23,395.52646544693147,396.33023435564223,394.8909232601361,394.97503662109375,49445400,-0.001205263710279847,0.004436658183146314,0.013730610531328624,393.9413818359375,389.4516412353516,0.002623879675547114,0.01418249353943346,0.007285116886783869,0.005537271058646139,-0.14306511404620081,0.8357408543147888,0.003644055856843639,1
2021-06-24,397.115319978314,397.7321512462469,396.8629513914893,397.31158447265625,45110300,0.0059156848785963945,0.010713601156671082,0.017707688183907333,394.2097595214844,389.73187561035155,0.007868463111966095,0.01944852175725753,0.007374316484536108,0.005653935369286104,-0.08767448539196776,0.7611671985183746,0.0021877032755318925,1
2021-06-25,398.0592289946144,399.1714418641056,397.73210252899935,398.7228088378906,58129500,0.0035519335966693877,0.028174049438544513,0.02078701240459413,394.5540496826172,389.9579833984375,0.010565749251913337,0.022476332868143212,0.007425788911028814,0.005683991849644173,0.28860814492477327,0.9796711020493049,0.0036098745875645017,1
2021-06-28,399.2462030135846,399.6948074887242,398.0498768754374,399.5265808105469,53159600,0.0020158665489915517,0.015706036535257928,0.021018255310112144,394.8902099609375,390.1742694091797,0.011740911100500462,0.023969574968459195,0.0074216251181890465,0.005685782272381214,-0.0854970367885497,0.8999774834638897,0.004117199436266879,1
2021-06-29,399.9098343658785,400.5453764693619,399.2088612604478,399.7416076660156,35970500,0.0005382041290782347,0.010848222278471598,0.02246837905835286,395.32053833007814,390.4330499267578,0.011183505300820018,0.023841623399976086,0.007363261969639065,0.005669171984091907,-0.32334893415300336,0.6185238703992983,0.003343447825503165,1
2021-06-30,399.28353069746186,400.7509075851133,399.2554929203643,400.0779724121094,64827900,0.000841455429315241,0.012919641288396067,0.02172193368581188,396.0052947998047,390.7551965332031,0.010284401915291452,0.02385835418599247,0.006985178537940494,0.0056685035081882156,0.8022518452620897,1.0998603965071727,0.0037378080470988596,1
2021-07-01,400.83506919032,402.4519905914438,400.7696381949914,402.2930908203125,53441000,0.005536716742608805,0.012538034485624516,0.031206127249681748,396.9245971679687,391.0489831542969,0.01352522290290814,0.028753706441883242,0.007037199683337408,0.005633287819746922,-0.1756481391499648,0.91029960714255,0.00418190725826771,1
2021-07-02,403.4520907750856,405.72323677808726,402.3772425348485,405.3680725097656,57697700,0.007643635348504096,0.016666374545371898,0.029670852784698498,398.68170471191405,391.4750708007812,0.01677119295625351,0.035488854195914854,0.004456007498767131,0.00553587408260388,0.07965232686514101,0.9813370152797033,0.008254212579009023,0
2021-07-06,405.4241415803903,405.6391169295271,401.9005937821132,404.6296997070313,68710400,-0.0018214873168546086,0.012772914598401464,0.028793463223922844,399.8098114013672,391.80310607910155,0.012055452788339416,0.032737345439370236,0.00324313649547719,0.005558909836844638,0.19086896011452792,1.151839411956798,0.009239369107410422,1
2021-07-07,405.31199914635374,406.34009873848606,403.3025486160357,406.0596923828125,63549500,0.0035340773967322825,0.015805421791557972,0.03220936674081143,400.87061462402346,392.14353271484373,0.012944520175558027,0.03548741342647155,0.003136150181159819,0.005570077529526714,-0.07511090024217582,1.0508649074834737,0.007480550715648705,0
2021-07-08,400.751035852626,403.5082084145723,399.5733917922776,402.7511596679688,97595200,-0.00814789740746924,0.00668166567567452,0.02532884314865891,401.6482269287109,392.4194659423828,0.002746016701459686,0.026328188640629024,0.004539958696151824,0.005950451759139176,0.5357351356029552,1.5508172263270845,0.009769845543185022,1
2021-07-09,404.2558173257462,407.3494426746745,402.5547825987508,407.0503540039063,76238600,0.010674567242666244,0.011825366361359446,0.03147914603820667,402.6221038818359,392.78361755371094,0.010998527103643685,0.03632212702517945,0.0052017601024456316,0.006274373525978796,-0.2188283850025411,1.1876579139676837,0.011779034285958785,1
2021-07-12,406.9662269112006,408.7607303525052,406.536304788165,408.5083618164063,52889600,0.00358188562706907,0.007746760338568581,0.033466043550403946,403.6006591796875,393.12737060546874,0.012159798367757046,0.03912470196936124,0.00520248217973216,0.00629052683851053,-0.3062621821492,0.8192529143799104,0.005445238757046349,0
2021-07-13,407.72328794262097,409.2187027689948,406.85408823599073,407.1157836914063,52911300,-0.003408934198575464,0.006144096654731479,0.02764203367645157,404.3595794677734,393.4946954345703,0.006816220917186255,0.03461568456924957,0.005524455268380149,0.006389448690158567,0.0004102886011616569,0.8129447867182436,0.005808211392748215,1
2021-07-14,408.8075027783235,409.29352904474496,406.48028123314407,407.7233276367188,64130400,0.0014923124321140069,0.004097021411171964,0.031066800856909937,405.1577514648437,393.8574029541016,0.006332289491190135,0.03520544384494673,0.005506586394281185,0.006344412330213513,0.21203599231166126,0.9758561189547951,0.006899894170655573,0
2021-07-15,406.3867335138074,407.059668694347,404.4333589603699,406.3306579589844,55126400,-0.0034157223375144152,0.00888761758989487,0.03331443852541649,405.78302001953125,394.2403253173828,0.0013495831822305515,0.030667417474019798,0.0057640185245907945,0.006233681664664029,-0.14040143208213263,0.8552817758006941,0.00646347914570161,0
2021-07-16,407.5083537824567,407.555073909898,402.751086788684,403.14361572265625,75874700,-0.00784346977985062,-0.009597678132009624,0.025549597732430263,405.8680725097656,394.5570849609375,-0.006712665941575935,0.021762454886772087,0.006270816640975022,0.006576757488506043,0.3763768357810413,1.1911194180626694,0.011916316999346727,0
2021-07-19,398.3302836206056,403.20905730096297,394.3861406949322,397.1900329589844,147987000,-0.014767895438452583,-0.027706480247052245,0.024221528169721118,405.0502685546875,394.6929150390625,-0.019405580506711484,0.006326736115024323,0.007254163755542212,0.006732158846708325,0.9504129835109727,2.2709281922368407,0.022213338386922417,1
2021-07-20,397.8535793714272,404.15300952398457,397.05913759218,402.88189697265625,99608200,0.014330329417555188,-0.010399711552228408,0.024236169557758425,404.87548828125,394.8857580566406,-0.004923961480248651,0.02024924614999346,0.00891042850571193,0.006733644110393544,-0.3269124990708643,1.4977511148568514,0.01760782002147406,1
2021-07-21,404.0782727663207,406.28401626491234,402.83522636423976,406.143798828125,64724400,0.008096422003518677,-0.003874021184289922,0.027037789315766947,404.88389892578124,395.2217175292969,0.003111756001378252,0.027635326740409916,0.009244611980645745,0.006849428201511006,-0.3502101232629442,0.968111046395273,0.008491548832269786,1
2021-07-22,406.3213579405747,407.23730633204167,405.3400070746696,406.9942932128906,47878500,0.0020940720681188463,0.0016332394342077894,0.030430420855501294,405.30821228027344,395.6441827392578,0.004159996964115953,0.0286876718243394,0.008790531162132418,0.006824150872608744,-0.2602712423753638,0.7169797673741074,0.00466173430195898,1
2021-07-23,408.9196992370157,411.51797198627247,408.2374369376335,411.1815185546875,63766600,0.01028816720927983,0.019938063058800637,0.03490946306144216,405.72132873535156,396.3143518066406,0.013457980718823759,0.03751357143710132,0.008744415547168365,0.007038974918556047,0.33184205854402293,0.9417486266971985,0.007978313471310975,1
2021-07-26,410.5926462837905,412.20021236866125,410.5459261537889,412.19085693359375,43719200,0.002454727008290858,0.03776737261722385,0.033777972559324576,406.08957824707034,396.9139715576172,0.015024465077041027,0.03848916004650871,0.008715293605079055,0.0070283833983167295,-0.31438715565829134,0.6526195159346494,0.0040133986163086045,0
2021-07-27,411.1534484123905,411.18148619614936,407.4896830394306,410.3122863769531,67397100,-0.004557526022328173,0.018443095756176753,0.02699621523184903,406.409228515625,397.3586407470703,0.009603762876113198,0.032599380764763985,0.008786140256401011,0.007164516623562617,0.5415904225145931,0.9954933524326606,0.008997544746508332,0
2021-07-28,410.9384543183447,411.5179208380546,408.7233839343774,410.1440124511719,52472400,-0.00041011183766170856,0.009849254462554802,0.026022822207308227,406.6512969970703,397.81969360351565,0.008588969173081829,0.030979659996267506,0.00879049182796197,0.007173354599860375,-0.22144424611741453,0.7657152138114872,0.006813550408735669,1
2021-07-29,411.0693312306445,412.9198819868287,411.0599757952557,411.8450622558594,47435300,0.0041474451730294515,0.01191851857350601,0.029411991299608475,407.20273742675784,398.3814678955078,0.01140052460952945,0.033795734604509686,0.008729172186349695,0.007200036318602459,-0.09599522796746485,0.7011074501156004,0.004516033727308747,0
2021-07-30,409.2841865056366,411.2936370675234,409.1533244997327,409.844970703125,68951200,-0.004856417463836915,-0.0032505056556542122,0.018772084470587203,407.8728729248047,398.9233642578125,0.004835079529017516,0.027377705654397788,0.00842413906434052,0.007266215057697657,0.4535841451408551,1.007569646217694,0.005222249193686005,0
2021-08-02,411.5552501136449,412.1066787652008,408.6298516644557,408.9850158691406,58783300,-0.002098244203189936,-0.007777564714322671,0.008922615283885937,409.0523712158203,399.36570922851564,-0.00016466191475550396,0.024086461151628047,0.0063799708051822815,0.007119310132579046,-0.14746516376799823,0.8583074289579853,0.008501111204175592,1
2021-08-03,409.7795060797524,412.43385397257424,407.5924735593852,412.3123474121094,58053900,0.008135583001489088,0.00487448487788833,0.01898686060524124,409.99541625976565,399.88093505859376,0.005651114769721577,0.031087784546902864,0.005373425708790674,0.007296695720914757,-0.012408286026813764,0.8543036943466995,0.01174202141550234,0
2021-08-04,411.0319033838049,412.2843051456388,410.0505525213927,410.2842102050781,46732200,-0.00491893395810461,0.0003418256750071791,0.01040368670299574,410.4094573974609,400.27678649902344,-0.00030517618472303276,0.025001259237597884,0.0053975662450155525,0.007384411764794846,-0.19502048957951146,0.6963130892279565,0.005444403095916316,1
2021-08-05,411.4430462750881,412.9664985775004,411.1252753228456,412.8823852539063,38969700,0.006332622567974289,0.002518721463758755,0.025155050066869578,410.9982666015625,400.74192932128904,0.004584249631812698,0.030294948055919146,0.005651062068891428,0.0071948445147030195,-0.1661060253957657,0.6071701787870526,0.0044594376520143844,1
2021-08-06,413.2002671340216,413.9853535543252,412.9198607907698,413.5647583007813,46930000,0.0016527056402644291,0.009076084528437,0.016003927358855696,411.23659057617186,401.20525390625,0.005661382712436991,0.03080593854191993,0.004736515261243063,0.006848497825085794,0.20426895767737507,0.748281129842322,0.002576362569995501,0
2021-08-09,413.5366870620658,413.8544580739084,412.46186747322616,413.228271484375,41222600,-0.0008136254592602254,0.010375088207613015,0.011554009927684072,411.34033203125,401.6577526855469,0.004589726088375823,0.028806910165348087,0.004706072578513912,0.006825571192933474,-0.12161517153206902,0.6634497338965057,0.003370027408047024,1
2021-08-10,413.6769090889189,414.4526685963435,412.9946468851688,413.7423400878906,43339300,0.0012440305733898427,0.0034682266605805534,0.016276834900381232,411.68333740234374,402.1065576171875,0.005001423420580631,0.028937062204741792,0.004393206423279059,0.0067608457797944934,0.051348046945122405,0.7029310785543844,0.0035239847845038685,1
2021-08-11,414.80780947459465,414.8638850355054,413.6862412110491,414.7704162597656,44034300,0.002484822248688845,0.010934386318316003,0.017283996635399257,412.14597778320314,402.5828173828125,0.006367740116447251,0.030273519759697276,0.004396946469454871,0.006769605233931192,0.01603625346971449,0.7260358004735837,0.0028392666841474228,1
2021-08-12,414.6208676326382,416.1536756754447,413.7236301446858,416.0134582519531,38909400,0.002996939857468073,0.007583450178242135,0.02382985409372229,412.5628173828125,403.07164123535154,0.008363916290446527,0.03210798203747833,0.004323690108453506,0.006707062721811627,-0.11638427316887068,0.6502297438655242,0.00584126662865595,1
2021-08-13,416.4621247183911,416.7892511950456,415.9761269822574,416.77056884765625,39470300,0.0018199185163010334,0.007751653114851154,0.033801733659041044,413.2553771972656,403.6046728515625,0.00850610020910314,0.03262077196250868,0.003799897774625414,0.006360437308888136,0.014415539689637935,0.6802966843156956,0.001951011596227675,1
2021-08-16,415.4713301600155,417.8826645039691,413.9198399760887,417.7518310546875,73740000,0.0023544421808487925,0.010946878232854784,0.051768162313948096,414.13205871582034,404.0859686279297,0.00874062334148129,0.033819195635919064,0.0035608708564692265,0.005046190602299237,0.8682401704572806,1.3578386317243878,0.009486073389254949,0
2021-08-17,415.2003062311289,415.8732414325838,412.0319231944984,415.0133972167969,92673900,-0.0065551689647342926,0.0030720982741003766,0.0301118028268319,414.40216369628905,404.5201348876953,0.0014749766629011951,0.025940024795094052,0.0038277894867072403,0.004620717157363064,0.2567656631407649,1.717449793532935,0.009255889722708814,0
2021-08-18,414.00400272308775,415.5648485263672,410.2281152693712,410.4710998535156,89351900,-0.010944941521751406,-0.01036553292546638,0.010654603216585956,414.4208526611328,404.86177917480467,-0.009530777185208006,0.013854902999596463,0.005074817240784165,0.005123212036802834,-0.03584612280264454,1.618941521035238,0.01300148356096331,1
2021-08-19,407.7513683082851,412.30304425730367,407.6111793930043,411.106689453125,92812200,0.0015484393416154152,-0.011794735726689876,0.010104309344905804,414.2432830810547,405.2278741455078,-0.007571863578813787,0.014507430714171932,0.004622862416746436,0.005115962685927005,0.03872665270688147,1.6158607923919674,0.011412767013207006,1
2021-08-20,411.4524984131377,414.7049951138694,410.966472176814,414.37786865234375,72008700,0.007957007957156481,-0.005741048850757768,0.007773574330119493,414.32459411621096,405.62287536621096,0.00012858164079410095,0.021584071850554443,0.005315147382217315,0.004903739260765621,-0.22414617905835654,1.2447410642062722,0.009022014011544503,1
2021-08-23,416.0602189821948,418.9295421673049,414.4526529864892,418.02294921875,54973000,0.008796513622363333,0.0006489933589950425,0.014149009341310581,414.80406188964844,406.0777362060547,0.007760018825365034,0.029416074676485104,0.00594154573282596,0.005237374848096984,-0.23657835789286574,0.9411084358140268,0.01070967321096265,1
2021-08-24,418.6865234375,419.2192697916325,418.1724879522138,418.6865234375,38744700,0.0015874109782492152,0.008850620836185596,0.020409423111579672,415.29848022460936,406.5281671142578,0.008158092009049156,0.029907783289773837,0.005943011900376717,0.005089906642673947,-0.29520491877830934,0.6799652126085779,0.0025001565152476574,1
2021-08-25,418.8735068326957,420.0791600532625,418.4996316868432,419.5651245117188,40529700,0.0020984699173149934,0.022155091214578926,0.02297025379998341,415.7779510498047,407.010703125,0.009108644295234614,0.03084543303241616,0.005935014500224912,0.005083636855718933,0.046070817427932065,0.7188248005437072,0.0037646798414370905,0
2021-08-26,419.2846772641112,419.5183349461485,416.9948490937456,417.08831787109375,57829600,-0.005903271020220036,0.014550063454150663,0.012731136283423483,415.88543701171875,407.487861328125,0.002892337053247429,0.023560104371398882,0.006286835694122326,0.005265107998800793,0.4268450050210093,1.016283940766211,0.006050243423942748,1
2021-08-27,417.8921363097158,421.19138203158167,417.8360607411706,420.8175354003906,77235100,0.008941074035186514,0.015540566316898596,0.026772476135162204,416.2901336669922,408.0422106933594,0.010875592206612605,0.03130883122440431,0.006858483348867082,0.00540818745575538,0.3355634484762129,1.3475032533869857,0.0079733400064201,1
2021-08-30,421.49038603704406,423.4531161096765,421.2473729404078,422.66802978515625,48357400,0.004397379455694406,0.01111202285684909,0.033456027446232106,416.78175354003906,408.73963134765626,0.014123162050931004,0.03407645691604855,0.006933721936062961,0.00538610505385273,-0.37389347589373223,0.8514242094433058,0.005218618428249475,0
2021-08-31,422.5745859478226,422.9110393113264,421.44369077915854,422.0418395996094,59300200,-0.0014815177430503867,0.008013910107642186,0.023597382539153777,417.48459777832034,409.3134954833984,0.010915951978925253,0.031096810285179632,0.006474225983254475,0.00520381911521792,0.2262900817661826,1.0429487667656088,0.0034767845139712862,1
2021-09-01,422.97644169749,423.49047714229727,422.0324556203988,422.26611328125,48721400,0.0005314015355761814,0.00643759123848664,0.0292039098218837,418.6640991210937,409.84978454589844,0.008603589769741404,0.03029482801633887,0.004778990295748475,0.005006608305372476,-0.17839400204383793,0.8553966480721561,0.003452849935242923,1
2021-09-02,423.6867531244278,424.3690152122508,422.36892054735074,423.5652465820313,42501000,0.003076574842073576,0.015528914221326406,0.025873860715940777,419.9099548339844,410.42158874511716,0.008704941871387817,0.03202477208156007,0.0047572257373802,0.0048911660295562764,-0.1276728501233544,0.7438797421545944,0.004722046204309446,0
2021-09-03,422.43433154401214,423.9764662662801,422.0324187252599,423.46240234375,47170500,-0.00024280612989668882,0.006285068279873185,0.023932513214218964,420.818408203125,410.9446051025391,0.006282981184009273,0.030461033155764428,0.004508050212712736,0.004902108722969419,0.10986800310580924,0.8254345953698458,0.00459083859691069,0
2021-09-07,423.1167444291313,423.2102132231523,421.2755204253354,421.9484558105469,51671500,-0.0035751616314076973,-0.0017024565945409353,0.0211025840387149,421.21095886230466,411.4091180419922,0.0017508968670572056,0.025617657233058644,0.004175902972101157,0.004999575683584043,0.09541980687081963,0.8960059012942981,0.004585140130683618,0
2021-09-08,421.4156438263088,422.1446546206983,419.51831615140816,421.434326171875,56181900,-0.001218465505897548,-0.0014394625620784973,0.01859124710889004,421.48573913574216,411.84727294921873,-0.00012198031651700081,0.023278175800470535,0.004221803378253946,0.0050249738043897955,0.08728989868689707,0.9634898900007177,0.006231904489476821,0
2021-09-09,421.2381203442714,422.98587540724486,419.3875410597101,419.6305541992188,57970400,-0.004280078438415047,-0.006241464799416119,0.011717658128272523,421.4922821044922,412.2450518798828,-0.004416991684824789,0.017915320719211314,0.004456074645111908,0.005141384432351336,0.03183409603448806,0.9824219372271116,0.008575005588907789,0
2021-09-10,421.5558988174952,421.9764655786585,416.2004538773262,416.3219604492188,89948200,-0.007884539666835777,-0.017100756474385803,0.000741567829468659,421.4156463623047,412.569931640625,-0.012087083042727542,0.009094285649158929,0.004781112830698045,0.0054408799592437496,0.5516228972027104,1.4611568175091514,0.013873905895091153,1
2021-09-13,419.31278639177305,419.57448188147487,415.0788813790927,417.3874206542969,83738600,0.002559221723323013,-0.014345976539663852,0.0014800752566241915,421.0726348876953,412.8718182373047,-0.008751968017065015,0.010937056533116829,0.003742390936268562,0.00545601983644602,-0.06903528919978386,1.3130730334995244,0.010770809755921377,0
2021-09-14,418.8266922544094,419.032312143196,414.2470076652523,415.1349182128906,78197100,-0.005396670646842239,-0.016147796025388184,-0.006264276173703509,420.31932373046874,413.06715515136716,-0.012334444849132487,0.005005876249748686,0.0035014690935689877,0.005560846677631811,-0.06617617204013437,1.2219089206565739,0.011527106653769156,1
2021-09-15,415.5555116773011,419.0977701394543,414.4526542585058,418.6024169921875,78792200,0.008352703246992776,-0.0067196927345983815,0.00864796124525058,419.9753814697266,413.3466094970703,-0.0032691546650528425,0.012715254883817861,0.0047548143321197115,0.0056761319002556435,0.007610256646346292,1.2447077897433034,0.01109672494087685,0
2021-09-16,418.0789706250188,419.0509659215077,414.9946725034793,417.9387817382813,77786700,-0.0015853593456881532,-0.004031575975600554,0.018192954114018445,419.5426483154297,413.58419128417967,-0.003822892818139745,0.010528909339065029,0.004735650606902385,0.005037464650425852,-0.012761415470059267,1.2401523161054218,0.009705472655965488,0
2021-09-17,417.168134146106,417.59004823431,413.51137369740354,413.86767578125,118425000,-0.009740914542792245,-0.0058951602392547375,0.006715984923032492,418.57289123535156,413.8065216064453,-0.011241089790155478,0.0001477844635393577,0.005214243226513497,0.005567269376116259,0.522432498100575,1.850270791055798,0.009855020760457411,0
2021-09-20,407.7543067769337,409.3295096862698,402.10978676408575,406.9667053222656,166445500,-0.01667434028511061,-0.02496652945528577,-0.017885036558976997,416.92332153320314,413.8048486328125,-0.023881168782602158,-0.01652504395040244,0.006831669745193363,0.006450191927877532,0.40549292801351067,2.4218714362551514,0.017740328208094864,0
2021-09-21,409.3014125020168,410.59533949300106,406.0572382327374,406.5823059082031,92526100,-0.0009445475736352682,-0.020602006551281082,-0.027368457478060715,415.38670654296874,413.7663275146484,-0.021195672601176163,-0.01736250905093517,0.006897793208876388,0.006035326270935598,-0.444105728301456,1.3105004217912843,0.01116158080250609,1
2021-09-22,408.8513933729336,412.5831513891095,406.6948671942367,410.5484924316406,102350100,0.009754941289385588,-0.01924003358226478,-0.01943705027581144,414.2981231689453,413.8349816894531,-0.009050561727443895,-0.007941545309668174,0.00810103835092232,0.006504035929682938,0.10617544671179258,1.3871601545648637,0.014342481590900659,1
2021-09-23,412.4143425807416,417.1399803704705,412.1799363417636,415.53662109375,76396000,0.012149913479319263,-0.005747637571560826,-0.009601616489590459,413.88872985839845,413.9912475585937,0.003981483709197153,0.003732865233914362,0.00929669652191461,0.007112728360024721,-0.2535815793047589,1.010833620842787,0.011936478704695995,1
2021-09-24,413.9051347076099,416.9336734105124,413.68947068134617,416.2210693359375,62094800,0.001647143013258301,0.005686342984493775,-0.002079292317710757,413.87864074707034,414.1890557861328,0.0056596991442683375,0.004906004930400387,0.008989232833996955,0.007008118496866576,-0.18719828263259852,0.8192954564151423,0.007794422166908188,0
2021-09-27,415.1897757538297,416.3524217423701,414.3365334637065,415.0303955078125,61371100,-0.0028606764910403815,0.019814127495175526,-0.013752135796983644,413.6429382324219,414.4267913818359,0.003354238999750514,0.0014564795001885678,0.008981990811550683,0.006698517163222159,-0.011654760140945797,0.8183109561899474,0.004857206364842445,0
2021-09-28,412.2643090052773,412.5924834545763,405.9353407086728,406.6666870117188,130436300,-0.020152038469038458,0.0002075375693666448,-0.03785794440514223,412.7961151123047,414.61632446289065,-0.014848560527073507,-0.019173479147185257,0.010881481323614514,0.007868095192573088,1.125370084616375,1.6489794153643376,0.01637002232669153,1
2021-09-29,408.0449990691309,409.7796109272895,406.78858508585967,407.3511657714844,82329200,0.0016831444070211088,-0.007787939108529596,-0.03480857215972244,411.6709899902344,414.70570983886716,-0.010493389924931207,-0.017734368958267743,0.010368368441204633,0.007908634694225963,-0.36881680943111694,1.025874774524664,0.007342622515306029,0
2021-09-30,408.8232109595568,409.52642965582174,402.0348156347722,402.3723754882813,140506000,-0.012222354326085538,-0.03168010937476118,-0.04711185000942397,410.1143493652344,414.6302813720703,-0.018877598135583207,-0.02956346035129387,0.01078185550616539,0.008223747438092397,0.7066362845746101,1.6560919008070423,0.0186186092222619,1
2021-10-01,404.0976586371233,408.8326537442385,400.58156466232106,407.154296875,129240100,0.011884318303203134,-0.021783549966375215,-0.03874479750040827,409.4430114746094,414.6334814453125,-0.005589824555477518,-0.01803806230081051,0.011582576853641535,0.008750181728444517,-0.08018091754088796,1.4492234230610583,0.02026526342776283,0
2021-10-04,405.9916262485337,406.89173823936943,399.7657824946463,401.9035949707031,128570000,-0.0128960984683133,-0.03162852812514616,-0.05091079456812386,408.93670043945315,414.4479229736328,-0.01719851864895494,-0.030267561513941388,0.011086241455148504,0.009072705948091165,-0.0051849232552435565,1.3787839076604063,0.017730510087232643,1
2021-10-05,403.4037658375677,408.3262970264828,402.6068074886927,406.08538818359375,90682500,0.010404965930189025,-0.0014294232763361059,-0.03759479957446643,408.88700866699224,414.3258135986328,-0.006851820732901359,-0.01988875697477477,0.011679860547930663,0.009518770564191984,-0.29468382982033137,0.9525533724533319,0.014084450473269098,1
2021-10-06,402.4942685427399,407.979380448688,400.8721956255004,407.7731018066406,113032200,0.004156056022099008,0.0010358041675346819,-0.03241602194421833,408.60946960449223,414.27502990722655,-0.0020468634725013812,-0.01569471397308686,0.011284561908627078,0.009613554173598852,0.24646100405260118,1.1528968148874708,0.01742926345975048,1
2021-10-07,411.0454660354257,414.1302318975777,410.867314983928,411.2986145019531,72437500,0.008645770600593128,0.022184025438723998,-0.01985541713749972,408.18566894531256,414.29812194824217,0.007626298014538069,-0.00723997355378736,0.010891505389100073,0.009855497018278495,-0.35914279293864937,0.7334309655034574,0.007933206674184397,0
2021-10-08,412.0674690550003,412.4518987608464,409.9202996692927,410.5484924316406,74557400,-0.0018237894412088673,0.008336386433084098,-0.013867795999395582,407.61841125488286,414.27219055175783,0.007188294482914248,-0.008988530258711602,0.01085404177957665,0.009723538946413637,0.029265228645384056,0.7608230236994024,0.0061663826276873186,0
2021-10-11,409.8921372238028,412.7987803671197,407.5105617770027,407.5762023925781,65233300,-0.007239802590573219,0.014114348547413558,-0.023506262470341488,406.8729919433594,414.22681518554685,0.0017283291423693115,-0.01605548590568595,0.011010407260764455,0.009799744625619645,-0.12505935024558257,0.672020132181311,0.012974797250364005,0
2021-10-12,408.4950547167105,408.8982265582589,405.7853050080784,406.5729064941406,71181200,-0.002461615502936332,0.0012005315254692839,-0.020624648380840882,406.8636138916016,414.1785729980469,-0.0007145082222526078,-0.018363254402207208,0.008955752709886819,0.009754563065501083,0.09117889176233618,0.7359537864380417,0.00765649038698389,1
2021-10-13,407.5948986632403,408.8513125536215,404.6226438533049,408.03558349609375,72974000,0.0035975761753672675,0.0006436954480082413,-0.025243125856798332,406.9320556640625,414.09303771972657,0.0027118233048277762,-0.014628244553420156,0.009015681589633092,0.009570924753775955,0.025186425629239118,0.7567660059888778,0.010363480224162993,1
2021-10-14,411.6923275928861,415.0490407513381,411.2235151439211,414.8990173339844,70236800,0.016820674753618148,0.008753744129167629,-0.0072732288486223595,408.1847198486328,414.1853338623047,0.016449164211343792,0.0017231017453576136,0.009242794652028395,0.010385602168666934,-0.03750924986981663,0.7312429181690546,0.009220377604166686,1
2021-10-15,417.0087329506892,418.42455590539737,416.3898969959303,418.0588684082031,66260200,0.007615952176804441,0.01829351736765439,0.010126890482668127,409.2751770019531,414.28886352539064,0.021461578663511505,0.009099942611856982,0.008884106462615858,0.010281034779234572,-0.05661704405667689,0.709097410865863,0.004866919621186849,1
2021-10-18,416.2773855665458,419.6340705825797,415.6210366001597,419.2965393066406,62213200,0.002960518223545927,0.028756185580171456,0.030296910836013824,411.01447143554685,414.4034991455078,0.02015030721951727,0.011807429645797285,0.007012721013948524,0.009453439607011836,-0.061077388839756,0.7051140523668444,0.009570873132070296,1
2021-10-19,420.91859501540216,422.59692303340495,420.30911592133424,422.53131103515625,46996800,0.0077147589480817125,0.039251028010263145,0.039227002491726726,412.6590637207031,414.5895599365234,0.023923495646602122,0.019155694851189065,0.0067994803060769105,0.009531823731891393,-0.24458475050310868,0.5467609276884451,0.005414526810961838,1
2021-10-20,422.99078957769177,424.49099536699856,422.8782791509517,424.1909484863281,49571600,0.003927844890609267,0.03959302973484191,0.033229828646756276,414.30084838867185,414.7985321044922,0.02387178335772555,0.022643321166502695,0.0067992761239247905,0.009368973640082339,0.054786708882306856,0.5949828850421426,0.0038018638111011966,1
2021-10-21,423.5907875561012,425.5222925463141,423.15948811730703,425.2972717285156,41305400,0.002608078381057588,0.025062133097704775,0.02348926698463849,415.7007141113281,415.0090692138672,0.02308525651129245,0.024790307677220014,0.0066037693916701605,0.009044975440036183,-0.16675273745451025,0.5064326934724578,0.005555653859250043,0
2021-10-22,424.8659527878036,426.3099030684936,422.9156770762671,424.8565673828125,58845100,-0.001036226599601675,0.016260147764577404,0.020747383261141783,417.1315216064453,415.18593139648436,0.018519448606081568,0.023292301725640785,0.006539300922912353,0.009057894434771575,0.42463455141458506,0.7229217019202756,0.007989110332306959,1
2021-10-25,425.9442973142117,427.4632452839596,424.1722008875209,427.1350708007813,45214500,0.005362994461883375,0.018694481731479806,0.029165756108436414,419.0874084472656,415.3932214355469,0.019202825451932748,0.028266829498700297,0.005357727248433001,0.00905690115413402,-0.2316352593503962,0.5610354435253542,0.007704926664693616,1
2021-10-26,428.68220582792407,429.8917216010357,427.1444869339798,427.51953125,56075100,0.0009000910379424187,0.011805563480309145,0.05127748326648729,421.18207092285155,415.5885754394531,0.01504684260007183,0.028708575056306085,0.004947426991596988,0.007500375563760291,0.24020170520518858,0.729450176365323,0.006425986338035686,0
2021-10-27,427.9789668380812,428.6446726137015,425.5504927707311,425.6255187988281,72438000,-0.004430236077481831,0.0033818975101167492,0.04486142317215136,422.941064453125,415.8008178710937,0.006347112095095753,0.023628382883027932,0.005788585840797277,0.00765959266468913,0.2918033137702831,0.9484076974757767,0.007269723515879824,1
2021-10-28,427.05070773419686,429.8073277379248,427.0413509410185,429.7323303222656,51437900,0.009648884622866394,0.010428137889821887,0.0679966033969972,424.4243957519531,416.18604248046876,0.012506195740488613,0.032548635607914767,0.0043137054200892274,0.0070233119812311276,-0.28990447002954256,0.7151588443206367,0.006436510827174822,1
2021-10-29,427.43510150597126,430.8949400235168,427.1444400469076,430.6042785644531,70162400,0.002029049668042404,0.013528592054131261,0.0575948279790659,425.67893676757814,416.5759942626953,0.01157055557946074,0.03367521051371836,0.004080828343144408,0.006730274436058054,0.3640214705499252,1.017270165665392,0.00870985302123009,1
2021-11-01,431.5887642564896,431.963837137472,429.6197747015492,431.3450012207031,48433600,0.0017201934423862753,0.009856204062169693,0.07325489649363837,426.8837829589844,416.9153369140625,0.010450662310934833,0.03461053846914486,0.004099905047897482,0.005638277008756426,-0.30969294094842825,0.7455402328982004,0.005434309959056275,1
2021-11-02,431.51381650455664,433.3984520764042,431.38253525829714,433.0890197753906,48908400,0.0040432103067196135,0.013027448147471254,0.06649742240808809,427.93955383300784,417.21665832519534,0.01203316191798498,0.03804345088691008,0.00376611747682063,0.005406232924033318,0.009803111889266969,0.7778581656228882,0.004654740078962484,1
2021-11-03,432.5264031559585,436.1362651463071,432.08571825925554,435.7330932617188,52509800,0.006105150132181825,0.02374757625298307,0.06856752279932476,429.09376831054686,417.5575897216797,0.015472899961499476,0.04352813596839167,0.003919120265898999,0.005441108207522648,0.07363561269638752,0.8773624422949456,0.009295935860025742,1
2021-11-04,436.33313266603705,437.87085131761023,435.9862160130472,437.7864685058594,52847100,0.004712461082011954,0.0187422207157506,0.0644005427443044,430.3426879882812,417.9220166015625,0.01729733239427289,0.04753147983403605,0.00397009352732196,0.005308536575873079,0.006423562839698471,0.89769015131453,0.004304919041913652,1
2021-11-05,440.0086386395661,441.29318025230174,437.795857475972,439.305419921875,66390600,0.0034696170971197926,0.020206815841286252,0.07004514209736779,431.7875732421875,418.3663586425781,0.01741098434871069,0.050049581776209884,0.0037208873609308724,0.005178456954078855,0.25627707102187247,1.1356245750426561,0.007961028063236005,1
2021-11-08,440.4024399467041,440.8993800137787,438.9960025552805,439.6804504394531,50405200,0.0008536897123756493,0.019324320892002422,0.07876870106354272,433.0421112060547,418.74361694335937,0.015329546622868007,0.04999917049225311,0.003723893551986381,0.004585210731988135,-0.24077806195455376,0.8732657436472356,0.004329001793452051,0
2021-11-09,440.0461676231419,440.2805738708811,436.8207353651275,438.2271728515625,51149100,-0.0033053040826311886,0.011863965239378826,0.07785631027501361,434.1128753662109,419.0547998046875,0.009477483204986425,0.045751469869360406,0.004184467392863865,0.004649361261056496,0.014758397943069435,0.9018024730450641,0.007895079812692246,0
2021-11-10,436.5393663380672,438.2271082413826,433.2201949615556,434.7016296386719,69429700,-0.008045012795417916,-0.002367191381599687,0.06535225657061705,435.02048645019534,419.30799560546876,-0.0007329696450053547,0.03671199737313646,0.0049367054960742325,0.0053479342587897626,0.35739827289238724,1.2279417649240978,0.011518045800722696,1
2021-11-11,436.19252851233256,436.2675545379645,434.8236039920207,434.8423461914063,34848500,0.00032370836256445656,-0.006725018990425102,0.0480679105618802,435.5314880371094,419.55952026367186,-0.0015823008545466921,0.03642588283571779,0.004179922737930438,0.004304321783950681,-0.4980750312906437,0.6362453445740908,0.003320630013591613,1
2021-11-12,436.10819616468393,438.6772798660223,435.1611856262864,438.12408447265625,53466700,0.007546961122791407,-0.00268909828025532,0.04799614977874578,436.28346862792966,419.8506970214844,0.0042188530555951065,0.04352353724980662,0.004641605793735503,0.004299912403203967,0.5342611590168873,0.9877017355675946,0.008025338857981273,1
2021-11-15,439.40859470618256,439.56797493267015,437.1489150175016,438.2740478515625,46980500,0.0003422851749561584,-0.0031986925652139897,0.04526035100672088,436.97637329101565,420.1469299316406,0.0029696675606820655,0.04314471112015794,0.00466274466405423,0.0043203315515230245,-0.12131289194956862,0.8802659881433293,0.005519514392939449,1
2021-11-16,438.01155150607127,441.1432158474996,437.9365540896623,440.0086975097656,48857500,0.00395791096166076,0.004065299389379939,0.04136352979804414,437.6683410644531,420.508134765625,0.005347328617876679,0.04637380619285625,0.004657863458063678,0.004147268794234216,0.03995274635221002,0.913842039202762,0.007287723574523525,0
2021-11-17,439.7461325975495,439.9242836397509,438.3209528739824,438.9397888183594,47858300,-0.0024292899150760716,0.009749581990779133,0.03476934240266227,437.9890106201172,420.8582440185547,0.0021707809447000237,0.04296350387996095,0.004519717159876873,0.004237338838077914,-0.02045131249040577,0.8965893735210481,0.003652735082606097,1
2021-11-18,439.97126926122286,440.6932590267387,437.2521617212863,440.43072509765625,50625600,0.0033966760755741454,0.012851505735805402,0.035583236421043773,438.25343627929686,421.2742474365234,0.004968104384632355,0.045472700450362336,0.0044091074030209116,0.0042496993773177135,0.05782278100141469,0.9402241802178063,0.007813027360181097,0
2021-11-19,440.3180067810075,441.5650638970232,439.277256897484,439.6429443359375,57315600,-0.0017886598659621056,0.003466734464300014,0.034803220871014284,438.2871887207031,421.7406671142578,0.0030933042309351233,0.04244854389825692,0.004343386886083477,0.004278970916434152,0.13214658196643603,1.0659856134830379,0.005203784182172767,0
2021-11-22,441.5182563851529,444.0029569483632,438.19905582510415,438.40533447265625,72762000,-0.0028150340616761582,0.0002995537192707065,0.02638571365902065,438.15967712402346,422.161025390625,0.0005606571335938781,0.038478940747787904,0.004425439368295442,0.00430327371200786,0.2694973096329796,1.3194649459208327,0.01323866446616204,1
2021-11-23,438.0771968516729,439.8399366037772,435.4799856465685,438.9866943359375,73206500,0.0013260784428650307,-0.0023226885732308133,0.026822547855086976,438.2356292724609,422.63806091308595,0.0017138384314472344,0.038682350064571214,0.004314797180730835,0.004302182674404248,0.006108957972568163,1.3072204122557103,0.009931852180176136,1
2021-11-24,436.98954456020806,440.2806177630515,436.17381531500166,440.1587219238281,61858800,0.0026698476355042633,0.002776993875971412,0.03414551638260477,438.7813385009766,423.0691870117187,0.003139111220083146,0.04039418477346124,0.0032419382752732393,0.004089246427788121,-0.15500945954252698,1.115121693215166,0.00933027620150295,0
2021-11-26,433.50155816840993,434.9642509437394,429.2166048622244,430.3417663574219,112669600,-0.02230321717470163,-0.022907027519475043,0.0014181759019602502,438.33128051757814,423.31724670410154,-0.018227113864021538,0.01659398408170798,0.008147444539497176,0.006402633134526592,0.8213997038416523,1.924848304689859,0.013356003369520133,1
2021-11-29,435.1236348523177,437.4583119148909,432.92959581507233,435.6205749511719,86268800,0.012266549534412752,-0.009149173065523097,0.011649434611848308,438.0809295654297,423.7523046875,-0.005616210266670252,0.028007565109113175,0.008808090007929184,0.006951478708167677,-0.2343205265661722,1.4538151128264356,0.010396010565676725,0
2021-11-30,433.18271599479897,435.0860934508205,426.9006175423312,427.1444091796875,148559600,-0.019457680052037185,-0.025686104633088402,-0.009738357994477642,436.9679656982422,424.1558587646484,-0.02248118235133645,0.007045877955672353,0.010626121047312665,0.008261737815510721,0.7220547868986238,2.308765772859325,0.019163251894620755,0
2021-12-01,432.84521097923056,435.6862135337651,422.2031616971008,422.4000549316406,131939200,-0.011107143500153072,-0.03778392288036825,-0.024680756970688167,435.2071014404297,424.4722137451172,-0.02942747594513251,-0.004881730173087018,0.010673851743787955,0.00851803658117119,-0.11187698405219182,1.926191834774543,0.03192009962888458,1
2021-12-02,422.6157469139375,430.4355363570328,422.22193180478286,428.8696899414063,127637800,0.015316368769915822,-0.025647638954148566,-0.01575139328742714,434.20009155273436,424.8386376953125,-0.012276371458757929,0.009488431344101933,0.012317118035132718,0.009159473601335786,-0.032601380029589344,1.7665193826735979,0.019151748759330848,0
2021-12-03,430.52931409963,431.5888063882985,420.9186571741517,425.1379699707031,137331600,-0.00870129099403838,-0.012092241082629962,-0.028891935783956213,432.6708160400391,425.0306646728516,-0.01741010900221862,0.00025246483788210483,0.01229502995520223,0.009229011694292641,0.07594772081624712,1.795699315594564,0.025098085722341183,1
2021-12-06,427.6788574056175,432.0481929467621,425.2691545047344,430.1729431152344,98977500,0.011843150930222146,-0.012505451186616057,-0.020788445560869118,431.72381591796875,425.3097021484375,-0.0035922799381284953,0.011434587412961328,0.013221633847635864,0.009643336787995815,-0.2792809520896866,1.2671973931280907,0.015758867568320588,1
2021-12-07,435.4424709240385,439.6336562155435,430.0417412560462,439.0710754394531,95484700,0.02068501161365499,0.027921859688320172,-0.0013859497264228082,431.79039001464844,425.7905157470703,0.016861619881252343,0.031190360520551907,0.015042708906174453,0.0107953240521981,-0.035288828269051,1.1881913924325342,0.021845927677875545,1
2021-12-08,439.46481188962696,440.68371284123066,437.7114292516764,440.233642578125,72238800,0.0026477880318311886,0.04221966223316542,0.004578606373279781,431.9150848388672,426.46185485839845,0.019259706435956536,0.03229312906379245,0.015058975223336732,0.01078185789429391,-0.24345156868063678,0.8872816127421849,0.006751604834532341,0
2021-12-09,438.9490964511675,440.3367916207848,437.0644898372222,437.2613830566406,61272600,-0.00675155016340423,0.019566999748526825,0.005888529610750259,431.62535095214844,427.06005920410155,0.013057694808841225,0.023887328333984215,0.015194318537748363,0.01073303861114161,-0.15180484725659893,0.7563770545653449,0.00748362858089105,1
2021-12-10,439.9618300872147,441.527647959397,437.4114887047773,441.3776245117188,77159800,0.009413686217392359,0.03819855126592153,0.015029075198292219,432.72893676757815,427.8401641845703,0.01998638641719941,0.031641396625185614,0.01334863956465195,0.010922721923923363,0.25928718546299656,0.9282541084162946,0.009325708930472501,0
2021-12-13,440.8618488874242,441.2087655181387,437.18634673203786,437.4676513671875,87724700,-0.00885856674056995,0.016957617555223736,-0.0014982812603394624,432.9136444091797,428.44643127441407,0.010519435034723523,0.021055654649613453,0.013323160859600116,0.011005301302699017,0.13692233520563812,1.0340446134755128,0.009194779942082242,0
2021-12-14,434.2047983047942,436.6894990636773,431.54194649017546,434.45794677734375,97264100,-0.006879833469829677,-0.010506564700241805,-0.008707111664323808,433.64499816894534,429.0975183105469,0.0018746869255521492,0.012492331551816171,0.011727542914442368,0.011110859584485683,0.10874246363908902,1.1134902193921727,0.011848218249164481,1
2021-12-15,434.5141670966672,441.49007040259744,432.00131048296834,441.2463073730469,116899300,0.01562489683076751,0.0023002894303838506,0.002812694090561285,435.5296234130859,429.8007366943359,0.013125821190212994,0.026629946627687584,0.011513221415178649,0.011643995967053284,0.20187510088511584,1.2881075938804936,0.02150445173381799,0
2021-12-16,443.0934545318682,443.3747305871484,435.8080899456226,437.3551940917969,116568600,-0.008818460837475728,0.00021454223672923156,-0.003610050323367364,436.378173828125,430.3923785400391,0.002238930180904708,0.016177831901616813,0.011508159125713728,0.011806579506487391,-0.002828930541072583,1.2376128404962572,0.01730090494806751,0
2021-12-17,434.28117656754216,437.2827106378424,430.9973782677285,432.700439453125,135511600,-0.01064296183411706,-0.019659322486483277,-0.017551649337854913,437.13442077636716,430.8204150390625,-0.010143290284410078,0.004363823877501449,0.011723523018264376,0.012002573652465527,0.16250516863031716,1.3766948660077518,0.01452582848785113,0
2021-12-20,427.6289361873408,428.4945657060667,424.4862697414786,428.0993957519531,107134800,-0.0106333233841569,-0.021414739092036617,-0.026256644699303444,436.92706604003905,431.17143310546874,-0.0202039904922644,-0.007124862914478336,0.011744291152356125,0.012201566619698583,-0.20940495131044135,1.061544424926915,0.009363003088447529,1
2021-12-21,431.5149548202637,435.8431890265247,429.3508520744213,435.7020568847656,69806300,0.0177591026949675,0.0028635915550636604,-0.0061661603436972134,436.5901641845703,431.7339501953125,-0.0020341898940015035,0.00919109254126993,0.011183071265521946,0.012910174863467103,-0.3484255349335603,0.6926895646060036,0.014900863673958983,1
2021-12-22,435.44797367017134,440.1713773813337,435.2503599777173,440.0584716796875,58890200,0.009998609660165192,-0.0026920014366378364,0.002441480248897454,436.57264709472656,432.4036614990234,0.007984523556750833,0.017702926367753058,0.011660014925858291,0.013109304575687162,-0.15637700322177228,0.5885493412347321,0.01118264439912499,1
2021-12-23,441.0558028110541,444.2925666264492,440.9523154989883,442.7965087890625,56439700,0.006221984771532796,0.012441408655417874,0.005992808352644374,437.12615966796875,433.0988800048828,0.012971882363207898,0.02239125805190345,0.011543891599374403,0.01316840620502617,-0.04161133770983971,0.5655905941102807,0.007543535373834866,1
2021-12-27,444.1701982443576,449.1100227430293,444.1231637825782,449.06298828125,56808600,0.014152052619666566,0.03781495773104604,0.04350314886303441,437.8946960449219,433.78215942382815,0.02550451589663094,0.03522696479200205,0.012001275829180084,0.012361525597649088,0.006536179320584701,0.5856803350945243,0.011105032235094308,0
2021-12-28,449.4958623974338,450.52146074512336,447.9339332846144,448.6960754394531,47274600,-0.0008170631990874755,0.04811191020562422,0.030015800997799102,439.0175384521484,434.3949035644531,0.022045900538343988,0.03292205262458392,0.011465775281054235,0.012145282287439545,-0.16782670229507501,0.4973854558422401,0.005766770877090334,1
2021-12-29,448.79952954031546,450.286168841712,447.8021577539653,449.2699890136719,54503000,0.0012790697437161658,0.0311403903527927,0.05179882812109282,440.4987426757813,434.99437255859374,0.01991208030381708,0.032817933646153596,0.010997241953014809,0.011097440971549532,0.15290240425090862,0.6032871807146899,0.005528994031406712,0
2021-12-30,449.6935233992936,450.7003138729297,447.56706545265257,448.0281066894531,55329000,-0.002764222749320866,0.018110400146021055,0.06067246312730723,441.1769226074219,435.5043084716797,0.015529334674940998,0.02875700188070085,0.010239592283637819,0.01070549194258596,0.01515512907546368,0.6395464998182641,0.006993419326812292,0
2021-12-31,447.53880315085513,448.6866969603346,446.6261104168571,446.8989562988281,65237400,-0.00252026686220308,0.009264859655250701,0.04203903138942988,442.131298828125,435.9584686279297,0.010783352102282429,0.025095252089794018,0.009709347565028137,0.010363268931639757,0.17908149433389364,0.7822901353227606,0.004610855573579883,1
2022-01-03,448.15975083339737,449.61819265083415,445.8545162929149,449.4864501953125,72668200,0.005789885744897916,0.0009429900150159654,0.05727194921283374,443.8098999023438,436.44225219726565,0.012790499477857153,0.02988756916264612,0.008623457919568615,0.010069894048211197,0.1139039875899408,0.906543096638054,0.00837328101054841,0
2022-01-04,450.9072545217483,451.6223622300133,447.4822951975026,449.3359069824219,71178700,-0.00033492269416623976,0.001425979806803701,0.04454711569819514,445.9335510253906,436.9318389892578,0.007629737545443271,0.028389022923708263,0.007199443155097325,0.009862673421377265,-0.02049727391073397,0.9036300553759639,0.009213746260150736,0
2022-01-05,448.969002462942,449.74056308734737,440.6136354927347,440.7077331542969,104538900,-0.019202057289542496,-0.01905815226646368,0.0037275461910253327,446.4341186523437,437.20329223632814,-0.012826944130823081,0.008015586753803428,0.009090195425642501,0.009966193234931421,0.4686823445778021,1.319561646954976,0.020709706020559458,0
2022-01-06,440.2466361867598,443.0035221624816,437.9319546066855,440.2936706542969,86858900,-0.0009395399010505567,-0.017263283083526093,0.00013635504051978664,446.4576385498047,437.4587750244141,-0.013806389147086318,0.006480372075573504,0.008553438897933951,0.00995272173009544,-0.16912364679559477,1.0863683806014626,0.011518602000931579,0
2022-01-07,440.3030723284207,441.479221117935,437.1980222953608,438.5529479980469,85111600,-0.003953549124753986,-0.018675381052357,0.0029537594479021045,446.0332824707031,437.71732360839843,-0.016770798876757698,0.001909050303880555,0.00834516070635678,0.009871359948189187,-0.020116533826700533,1.0488776936215731,0.009762102482989855,0
2022-01-10,435.36331312046167,438.2236867337772,429.6237004184561,438.0072937011719,119362000,-0.0012442153207858908,-0.02553838161117572,-0.007635934907836428,444.92771301269534,437.88282287597656,-0.01555403070908734,0.00028425601255110955,0.006460724039404192,0.009632214761684904,0.40241753180530027,1.4336828877752354,0.019634344996063854,1
2022-01-11,437.74385119355054,442.0908933175215,434.7517063046283,441.9967956542969,74303100,0.009108300273754866,-0.016333240264308824,0.01035309530420081,444.2577850341797,438.1106732177734,-0.005089363554335535,0.008870184348582999,0.007432330349035161,0.009633673911967011,-0.377497863641695,0.899722865436015,0.016604615881951813,1
2022-01-12,443.72804221308974,445.2429369205549,441.2346123000405,443.1917114257813,67605400,0.0027034489463109157,0.005636339198556328,0.020102669805493356,443.64995727539065,438.347607421875,-0.0010328995688934084,0.011050827977359567,0.007504342730527299,0.00948131930687476,-0.09014024986844427,0.8335900589748685,0.009044222888598906,0
2022-01-13,444.29252568167936,444.9417620607511,436.0594847879406,437.0850830078125,91173100,-0.013778751408331402,-0.007287380810440114,-0.009430615725734115,442.55565490722654,438.42752868652343,-0.012361319618796496,-0.0030619557187312463,0.008481961245615278,0.009379604518334838,0.3486067680984064,1.1423026833803618,0.02032162070525688,1
2022-01-14,433.94247281173614,437.6120514809011,432.7286791584299,437.263916015625,95890900,0.00040914919031753705,-0.002939284727890179,-0.00020870468078337812,441.59215087890624,438.45814514160156,-0.00980143069723205,-0.0027237015418903887,0.0085292272685765,0.009169965636885772,0.05174552581847047,1.2171784420922225,0.011168020373070731,0
2022-01-18,432.5780978764357,432.7851012078921,428.409833540068,429.5201110839844,109709100,-0.017709682066159638,-0.019376806594864182,-0.007349954100254963,439.59551696777345,438.2928179931641,-0.0229197193667644,-0.02001563007431373,0.009302567294302032,0.009722350413431982,0.14410335078719672,1.4157625045690687,0.010186409331991953,0
2022-01-19,431.0632487949444,432.455790611051,424.7873060995941,425.0601806640625,109357600,-0.010383519432108357,-0.038318411257173834,-0.007099321134411474,437.1679443359375,438.00791320800784,-0.027695909155157294,-0.029560499145129593,0.009345986978247359,0.00970855947895638,-0.0032039274773013604,1.4092053825971558,0.018040938343075495,0
2022-01-20,426.942024252304,431.6372011815895,418.2385229314581,420.3555908203125,122379700,-0.011068055907754282,-0.05152650651340762,-0.035222386082312984,435.1327301025391,437.621416015625,-0.03396007300748061,-0.03945379399507276,0.008318335417869631,0.008998491011138053,0.11907814363153535,1.5253421106571232,0.03187462839255749,0
2022-01-21,419.2359139440063,421.5882117054816,412.0755333410702,412.103759765625,202271200,-0.01963059665409539,-0.057154371570582674,-0.06352499432032377,432.31373901367186,437.09894775390626,-0.0467484084455797,-0.057184278563749746,0.009411194192519599,0.009392374640818659,0.6528166027535613,2.314314862688556,0.023083211785841436,1
2022-01-24,406.50524550753806,414.3619251147175,395.901098425589,413.8538208007813,251783900,0.004246651465037887,-0.05353767909357321,-0.06536340602014279,429.8438262939453,436.68199157714844,-0.03719956997179108,-0.05227641903417968,0.01000174894190934,0.009297612097975904,0.24478373589517433,2.591242552981717,0.04460711913546663,0
2022-01-25,407.4744480032651,413.7409730372485,401.9136123373261,408.8011474609375,167997300,-0.012208835791505335,-0.048237470349777545,-0.08965744644066798,426.9232116699219,436.1611676025391,-0.04244806492975506,-0.06272915191417028,0.010055633768442299,0.00852482558572245,-0.33277187302285804,1.6353813829085102,0.0289318187421492,0
2022-01-26,414.6818552495206,417.8057134652488,403.5225401054795,407.7755126953125,186391100,-0.002508884263156319,-0.04066404889243336,-0.09119884256634736,423.50108337402344,435.5541961669922,-0.03713230330705575,-0.06377778865670558,0.008571017270247887,0.008493115035640984,0.10948866440115412,1.699369466443167,0.03502705021535124,0
2022-01-27,412.3671716369527,415.5004192840026,404.0776775137982,405.7619018554688,149878300,-0.004938037663257733,-0.034717485109129864,-0.09684173931519624,419.7581024169922,434.9039532470704,-0.03334349112246415,-0.06700801676789048,0.007819079149719655,0.008374334345526398,-0.19589347345447283,1.309538111722133,0.02815134126188396,1
2022-01-28,407.11692430319016,415.88629839154174,402.544070642334,415.8392639160156,164457400,0.024835653654187384,0.009064474812156886,-0.07184558801742524,417.6335205078125,434.4205645751954,-0.004296246598250009,-0.04277260833024732,0.012928811484416365,0.010716687316521553,0.09727292076304583,1.3715333853900447,0.03208506003873258,1
2022-01-31,415.1711072435179,423.67702338927,413.82559991033423,423.3288879394531,152251400,0.018010863026513446,0.022894719493801396,-0.052741381529686104,416.2400177001953,434.10834655761727,0.01703072731551658,-0.024831263217219512,0.014794787758437778,0.011764383673450906,-0.074219828356766,1.2252806430213685,0.02327132345464876,1
2022-02-01,424.0534566187234,426.8291797344353,420.5344280122152,426.1893615722656,123155400,0.006757095285265802,0.04253465094050313,-0.05183045809929032,415.9069427490234,433.82351928710943,0.024722883333657242,-0.01759738090592422,0.014124695945730882,0.01180278529321897,-0.19110497506098467,0.9713892465654831,0.01476984713789658,1
2022-02-02,428.5886396673794,431.053843055328,426.2833764423959,430.329345703125,117361000,0.009713954650548917,0.05530943449432835,-0.04229922644495099,416.43385925292966,433.6372473144532,0.03336781133773181,-0.007628269093151618,0.014021415571481783,0.012113697406492386,-0.04704950006252262,0.9091277750151027,0.011085617703197886,0
2022-02-03,424.3074813838875,426.20812763649417,419.377045753608,420.2144775390625,118024400,-0.023504946304639285,0.03561836539484098,-0.04650078515427236,416.4197479248047,433.2734301757813,0.009112751336046276,-0.030140211070456613,0.015694201522802605,0.012466695958140199,0.005652644404870344,0.9095161495903322,0.01625617927990394,1
2022-02-04,419.9792336074007,426.0293363499769,417.6080991681987,422.1903991699219,118454400,0.004702174095550182,0.015273053328578756,-0.04111635640247269,417.42841186523435,432.937504272461,0.011407913714854834,-0.024823687013670326,0.014104971351872487,0.01256265749730742,0.003643314433286582,0.9018506590022233,0.01994653880887725,0
2022-02-07,422.9525783516498,424.3451203230606,419.5088108002381,420.8355102539063,84472900,-0.003209189310508842,-0.005889930398285115,-0.040399768887699916,418.1265808105469,432.55104003906257,0.006478730527267773,-0.027084733824933704,0.014199744306855203,0.012557735863025388,-0.2868741051408812,0.6432894654476241,0.011492161200713688,1
2022-02-08,420.3368340105605,425.2202068332441,418.9160368655322,424.298095703125,81012000,0.008227883258068225,-0.004437618672984978,-0.031299017608140356,419.6762756347656,432.43016662597665,0.011012821874119227,-0.01880551254391405,0.013414047752526082,0.012764060605298933,-0.04097053611276513,0.6260757634210761,0.014857879475666672,1
2022-02-09,428.325148187426,430.8279961723495,428.1275632375704,430.5080871582031,92589900,0.014635916394550863,0.0004153596701290674,-0.025992741596885915,421.9495330810547,432.32791687011724,0.020283359516135135,-0.004209373581722353,0.013611081700975582,0.0130624657274995,0.14291586431639747,0.7105311746177332,0.006272664824033217,0
2022-02-10,424.67441942143387,430.6680694415039,420.7790293131962,422.7737731933594,140103700,-0.01796554860536581,0.006090450927072055,-0.04607021680693413,423.6507202148438,432.2405041503907,-0.0020699764679726895,-0.02190153598779243,0.015248549912994798,0.013543257102438307,0.5131639628080384,1.04605167545465,0.023390855240646363,0
2022-02-11,422.8585251820239,424.92853031107984,413.0070994488103,414.4372863769531,153214600,-0.019718552438666714,-0.018364019665564002,-0.051815533202386965,423.5105224609375,432.08124877929697,-0.021423874030948697,-0.04083482551531925,0.01506371733944108,0.013870136004850729,0.09357996969387683,1.1180461801016814,0.028765343404517738,0
2022-02-14,413.9291866765784,415.5099240394694,409.619760664808,413.0823364257813,123006300,-0.003269372702965234,-0.018423288052491604,-0.05530202402747453,422.4858673095703,431.76550170898446,-0.022257622352367834,-0.04327155645657821,0.013635125343485715,0.01385299585807471,-0.19716332516613955,0.8888150736472025,0.014259054080177826,1
2022-02-15,417.5140448697904,419.9133771021189,416.9965221332092,419.7440185546875,88482700,0.016126765880494442,-0.010733201950602012,-0.022760500095385217,421.8413330078125,431.65762268066413,-0.004971808803491906,-0.027599661166623712,0.014617976441933283,0.013995203458856936,-0.2806652992570299,0.6442965403758738,0.006949128135174678,1
2022-02-16,417.70221089727113,421.588211390658,415.82979106919817,420.2144775390625,84863600,0.0011208235581174897,-0.023910374569474535,-0.011400040148267121,420.82984619140626,431.45845336914067,-0.0014622742609939898,-0.02606039061762966,0.014134941241278065,0.013827128188508413,-0.04090178080008855,0.6235039405599513,0.013703526720886311,0
2022-02-17,417.0341632264874,420.186247943638,410.635924854165,411.2380981445313,102259100,-0.02136142344999703,-0.027285692207667078,-0.02168995220924419,419.9322082519531,430.90179382324226,-0.020703603906956025,-0.045633821814111686,0.013789428926666614,0.014420715573397825,0.20498187679994717,0.7569055657622826,0.02322334222574026,0
2022-02-18,411.492143665792,412.7435821681036,406.3076988713617,408.5753173828125,132642900,-0.006475034228912713,-0.01414440540663331,-0.008562024245591049,418.57070007324216,430.268627319336,-0.023879795429256445,-0.050418061088203014,0.013631501966757087,0.013813275573624682,0.2971256347845814,1.0077707347391391,0.015752011986352663,0
2022-02-22,406.3735519322751,409.7702560003978,400.6997823601273,404.1906127929688,124391800,-0.010731692305669727,-0.021525305850036203,-0.023349326554759853,416.9062103271484,429.6072119140626,-0.030499899543836473,-0.05916241258579724,0.013838741995037894,0.013956858931553382,-0.062205364930953744,0.9931440598525307,0.022441079414470495,0
2022-02-23,407.098048185768,407.66260537056274,396.4562558034865,397.0208129882813,132578000,-0.017738659874221185,-0.054135865103330016,-0.028816784262529094,414.17848205566406,428.72007568359385,-0.04142578576807099,-0.07393930094075507,0.013737472529623289,0.014240650926037345,0.06580980418323401,1.0736839044879862,0.028226101001427896,1
2022-02-24,386.7365259239518,403.4284488931798,386.3790008159794,402.99560546875,213942900,0.015049066157257318,-0.040976389417025416,-0.011721908446557516,411.42723388671874,428.03063476562505,-0.020493607917774104,-0.058488872672824876,0.013808663616201354,0.01470017627129043,0.6137134366184436,1.7135015952432353,0.042306784108400115,1
2022-02-25,404.22817407311,411.9719473256861,402.5815659197891,411.8872680664063,121804500,0.022063919499355045,0.0015785743704292976,0.015095961900137622,410.3385833740234,427.5792211914063,0.0037741629842575897,-0.036699522210822066,0.01577629863707046,0.015488645277595523,-0.4306681829590979,0.986643183590381,0.02279842601102931,0
2022-02-28,406.5052928463394,412.3107765451423,405.25388303089113,410.8335266113281,145615000,-0.002558324902891318,0.005527032917653774,-0.012037673541328897,409.97820739746095,426.9709655761719,0.0020862553141465234,-0.03779516703920904,0.014582622591350847,0.014432395792348398,0.19548128353221772,1.1885839941735998,0.017177014671753848,0
2022-03-01,409.3374336179091,411.3415957988549,401.8759236906789,404.5763854980469,137785900,-0.015230356599403971,0.0009544326188388741,-0.04429771502881308,409.1276123046875,426.3153894042969,-0.011124223029100322,-0.05099277306556205,0.015283424607130044,0.014097883771198177,-0.0537657521546544,1.131358125858818,0.023396501742244325,1
2022-03-02,406.8251817399771,413.740942784039,406.0724579549326,412.0190734863281,117726500,0.018396249151118926,0.037777013212880295,-0.033248807604351116,408.35511779785156,425.90176208496104,0.008972474027594712,-0.032595987700711926,0.015595724384135142,0.014712544120862042,-0.14558383695283772,0.9688099828002931,0.01861196561658909,0
2022-03-03,414.4466183746847,415.0487916398629,408.1706756272168,409.96783447265625,105501700,-0.004978504990837407,0.017301005046435725,-0.04731611133142599,407.33045349121096,425.53913085937506,0.0064747945036773835,-0.03659192600048933,0.015590392962035467,0.014483634149332304,-0.10384068157976323,0.8724654666366312,0.016777208927850302,0
2022-03-04,406.2417947777143,407.76607902539786,402.600442693899,406.6369934082031,113978200,-0.008124639994592786,-0.012746872907362428,-0.03231084328739542,406.87034301757814,424.9578295898438,-0.0005735232694631387,-0.043112127618223695,0.014306585985913622,0.013686010215079638,0.08034467691041947,0.9441430110155347,0.012703311344605827,0
2022-03-07,406.0535921466829,406.7592814126414,394.5837869801388,394.649658203125,137896600,-0.02947920479297028,-0.039392764611233866,-0.06523298734633798,405.4777770996094,424.0496533203126,-0.026704592725002474,-0.0693314919302147,0.01689433359926739,0.014940639561668072,0.2098506556516948,1.1331473578197806,0.030851399917432368,0
2022-03-08,394.82845492231417,401.9700272063481,390.5943191141427,391.6575622558594,164772700,-0.007581650927784622,-0.031931728358994604,-0.0693333791638513,404.22447204589844,423.0268743896485,-0.031088938595019378,-0.07415441909937615,0.016769966654518777,0.014971799756671761,0.19490038188033632,1.3107529860964773,0.029045036247184613,1
2022-03-09,400.02235763522094,404.134169484024,397.8394184443937,402.1582336425781,116990800,0.026810848043472557,-0.02393296931695854,-0.05217997036696065,404.73821411132815,422.0887792968751,-0.0063744424884979445,-0.04721884738916238,0.018274758830610673,0.01625798808671775,-0.289986751446083,0.9175218655988278,0.01565242363090559,0
2022-03-10,397.5571135281268,401.2361105228519,395.6000145047704,400.3422546386719,93972700,-0.004515583300279347,-0.02347886596119375,-0.07007030394865943,404.47287902832034,421.12170288085946,-0.010212364298866183,-0.049343095119622316,0.01769355963742377,0.015748470595218868,-0.1967513684836757,0.7365987672809046,0.014078194227007965,0
2022-03-11,402.8263104395944,403.4379021571393,394.7438182155745,395.2519226074219,95636300,-0.012714950700980276,-0.027998118679163908,-0.06509829211508378,402.80934448242186,420.0413415527344,-0.018761783902284335,-0.0590166169207903,0.016108327838643514,0.015537122687432897,0.01770301374760974,0.7629350170247031,0.021996310313207753,0
2022-03-14,396.0234704863825,399.4672092688169,391.22477713105775,392.36328125,95729200,-0.007308354981212739,-0.0057934345199615045,-0.053262594492705984,400.9623199462891,418.92804504394536,-0.021446001952105997,-0.06341128054856948,0.01613118865192458,0.01508587083251781,0.000971388479060753,0.7815976747662678,0.021007144479728564,1
2022-03-15,394.9695806826798,401.6218852812804,393.6993629323293,400.9914855957031,106219100,0.021990346084922008,0.023831847612190815,-0.029269832582760502,400.6038299560547,418.00989562988286,0.0009676783162331226,-0.040712935775205406,0.01760037390195806,0.01605530582826589,0.10957889546763155,0.8732286080402659,0.019757333094446203,1
2022-03-16,404.4916402314944,409.9395399951115,399.7023377554305,409.8830871582031,144954800,0.022174040801117956,0.019208492750867112,-0.023492726425116683,400.3902313232422,417.2178283691407,0.02370900959193789,-0.01758012412750498,0.01809072256894202,0.016453993415028526,0.3646773508719241,1.1646406246541394,0.024975907912320655,1
2022-03-17,407.9731446506093,415.01123046875,407.5967827207491,415.01123046875,102676900,0.012511234230476065,0.03664108811925826,-0.012382360314629581,400.8945709228516,416.5313348388673,0.035212897778590824,-0.003649435811846735,0.018438075646003863,0.01672827978664491,-0.2916626424237072,0.8190969590226956,0.017865655682682054,1
2022-03-18,413.40286121868064,419.8776045343294,412.6666654946888,419.55670166015625,106345500,0.010952646236277008,0.06149186800256179,0.020228192750520346,402.18654174804686,416.10831420898444,0.04318931169753326,0.008287235158295658,0.01833245893796044,0.016157103830500247,0.03572955552806922,0.8469823930116814,0.017187042921987493,0
2022-03-21,419.3868421211315,421.3877829881189,415.9323761926658,419.4340515136719,88349800,-0.00029233270735296024,0.06899414791677039,0.0265770683369142,404.66498107910155,415.6911218261719,0.036497031186603524,0.00900411264752754,0.014448722923273503,0.016062899485447243,-0.1692191959227236,0.716291003547047,0.01300659013202523,1
2022-03-22,420.8214384644653,425.27637447242336,420.8214384644653,424.3419799804688,74650400,0.011701311443563123,0.05823189574730425,0.04985609895354437,407.9334228515625,415.4069024658204,0.04022361544735942,0.02150921773714054,0.01367047264419594,0.015951469281438077,-0.15505864189845364,0.6176786288683572,0.010498456947773824,0
2022-03-23,421.8125003060186,423.303758234989,418.7921938931012,418.8771362304688,79426100,-0.012878395275083387,0.021942962161779267,0.05505082486149826,409.6053131103516,415.0242993164063,0.022635993292448697,0.009283400804262598,0.013403417701881195,0.01566037717540005,0.06397420509468144,0.6719705567180981,0.01077061494090593,1
2022-03-24,420.896996758041,425.2009149244502,419.7832698649305,425.19146728515625,64736900,0.015074422804526755,0.024530027307713587,0.055077180781137436,412.090234375,414.68819274902353,0.03179214603332281,0.025328125371752552,0.013425797265700378,0.015661422072952305,-0.18494172570477463,0.5845926366336255,0.012741659878810197,1
2022-03-25,425.8238364518409,427.5416361124458,423.2471369609336,427.2679138183594,77101300,0.004883556451546811,0.018379427924021696,0.03734188197697175,415.2918334960938,414.3697167968751,0.02883774578817544,0.03112726750687478,0.0117285780380805,0.015006715876908371,0.19099462593976546,0.7105893165296693,0.010051068691617043,1
2022-03-28,426.6733001787727,430.3070983886719,424.7856157896072,430.3070983886719,68529800,0.007113065297022381,0.02592313818050984,0.04740015241201778,419.0862152099609,414.2341571044923,0.026774641521170928,0.038801583617656954,0.010472799509596332,0.015009902875292932,-0.11117192576519463,0.6548534693001542,0.012831493181823866,1
2022-03-29,434.1862632130821,436.1211569373377,431.5057549157547,435.6303405761719,86581500,0.012370797989234683,0.02660203592447452,0.07675671688029095,422.5501007080078,414.2014855957032,0.030955476868298915,0.05173534071141672,0.009584069015245361,0.014563386419916825,0.26341387250510007,0.8480995572091915,0.01059476714931872,0
2022-03-30,434.4882852945164,435.30000450918726,430.83562083793777,432.9403991699219,79666900,-0.006174825662262684,0.03357371821725641,0.05077756596695027,424.8558319091797,414.26989135742195,0.01902896618933636,0.045068464307949085,0.009230479026242147,0.014301766142003442,-0.07986232624752398,0.7951910578997875,0.010311774276110687,0
2022-03-31,432.1759304126346,432.997068540125,425.8238618663555,426.2769165039063,121699900,-0.015391224008643012,0.0025528480749641425,0.039781369804849476,425.98240051269534,414.29422607421884,0.0006913806552959478,0.02892314127385598,0.010942810915116874,0.014773043613568739,0.5276093333617851,1.2049999717809963,0.016827574743198032,1
2022-04-01,427.853038256275,427.99460880330986,423.9172330298384,427.4849548339844,89048800,0.0028339285645249124,0.0005079740570392843,0.05126921987850963,426.7752258300781,414.43681335449224,0.0016630042255283417,0.03148403100071917,0.010559931430683983,0.014577501685313294,-0.2682919213573717,0.8927260642430573,0.009538056783904587,1
2022-04-04,427.6831797963426,431.2509018190193,426.86204176947047,431.1470642089844,59601000,0.008566639208208437,0.0019520147900367046,0.09248052100699966,427.9465270996094,414.81767944335945,0.007478824822032104,0.039365209283117375,0.010723666520636983,0.012505610342682633,-0.33069283359236734,0.6219157773211573,0.010179496542788664,0
2022-04-05,429.6558116325977,432.119225743506,424.5590699380688,425.70111083984375,74214500,-0.01263131265692874,-0.022792787396753722,0.08692171903410006,428.0824401855469,415.05462524414065,-0.0055627821236278185,0.025650805817284184,0.011230616640951917,0.01280978146819333,0.24518883911343758,0.8128053379706026,0.017759304857161786,0
2022-04-06,421.7936427720497,423.71906006741074,418.5656898647818,421.44439697265625,106898000,-0.009999301760781565,-0.026553313618472574,0.047956654164188706,428.33916625976565,415.307490234375,-0.016096518437279883,0.01477677836924629,0.010884626748262235,0.01201818827251789,0.44039237615290805,1.1772652069112597,0.012227876891108106,1
2022-04-07,420.5665520087727,425.3801519544788,418.6222397991527,423.5679626464844,78097200,0.005038780178553193,-0.0063549156722801925,0.058014630578465454,428.17681579589845,415.62333923339844,-0.010763901685912347,0.019114959780024643,0.009818884482746607,0.011917744059653998,-0.26942318846002733,0.8676676607057835,0.01595472923188561,0
2022-04-08,422.8129864370016,425.3236101154736,420.8969879460332,422.4354553222656,79272700,-0.0026737322557229826,-0.01181211047223818,0.06877520679853433,427.6935699462891,415.95681030273437,-0.012294116614107065,0.015575282959824799,0.009661833311847046,0.011427112308541845,0.01505175601686104,0.8888068916683106,0.01047881306758081,0
2022-04-11,419.1697603481383,420.0097937614752,414.7148526591951,415.215087890625,89770500,-0.017092238212184085,-0.03695253346462979,0.05824145054507435,426.1843688964844,415.94432678222654,-0.02573834660868035,-0.0017532127370097905,0.010382262953293775,0.012099021378985877,0.13242642170633778,1.0098818702408583,0.01275228491618504,0
2022-04-12,418.1976194675728,420.7176909970117,412.1287205967205,413.6766357421875,84363600,-0.003705193268031648,-0.028246285460551857,0.03163446258126812,423.98899841308594,415.75128173828125,-0.02432224116544468,-0.004990113289415565,0.0087683034031186,0.011303732910228025,-0.06023025381389213,0.9608686538008473,0.020762522362138044,1
2022-04-13,413.4311873130841,419.169735071056,413.2518549952933,418.4146728515625,74070400,0.011453480085657608,-0.007188905921770572,0.020814680967957244,422.53642578125,415.59578796386717,-0.009754787228264505,0.00678275615233237,0.010190085487171142,0.010503573210258592,-0.12200996638360617,0.8791208269506819,0.01414357683833457,0
2022-04-14,418.64113099890267,419.7548865120772,413.1007827575576,413.2046203613281,97869500,-0.012451887632732972,-0.024466775580488487,-0.0043531595648178545,421.2291961669922,415.25329345703125,-0.01905037893546868,-0.004933550505157203,0.00984089416800186,0.010557137740873876,0.3213037866678188,1.1649090281387016,0.01610365283113449,1
2022-04-18,412.2797123367979,415.054610731036,411.1470901663332,413.3745727539063,66002500,0.00041130322412552545,-0.02144915265563352,-0.014734906823768212,419.8181579589844,415.11649536132813,-0.015348514786508116,-0.004196225943528531,0.009708438171758604,0.010230969874325818,-0.3256070583787595,0.8049324391523089,0.009452735659745215,1
2022-04-19,413.2706473332826,420.7647551726943,413.1007626849386,420.0474548339844,77821000,0.01614245897037936,0.011638225787768741,0.0014624547484851647,418.70819702148435,415.0736364746094,0.003198546916508782,0.011982978253255672,0.010953757275671928,0.01090273141355907,0.17906139918942454,0.9551973168407826,0.018245539639764632,0
2022-04-20,421.8219654514646,422.4354571159878,418.5751460041488,419.7360534667969,65224400,-0.0007413480634242964,0.014647715633584246,-0.010854279639935571,418.1116912841797,415.0516473388672,0.0038849958431637077,0.011286321010804512,0.01036759156112898,0.010557197827029095,-0.16186633427995012,0.8052412458915806,0.009196996731528961,0
2022-04-21,423.3509795921558,424.73842874926703,412.5534227458506,413.4595031738281,85417300,-0.01495356484421051,-0.01184272445314627,-0.012933704392163015,417.3132019042969,414.8348754882812,-0.009234547847715935,-0.003315469348699862,0.010929359409790887,0.0106946384957251,0.30959119593281037,1.050651244163778,0.029470857266264316,0
2022-04-22,412.3740611145033,413.4783402567791,401.5481909244776,402.114501953125,132471800,-0.027439207790885933,-0.026839289450600323,-0.05427429077864021,415.16785583496096,414.2670037841797,-0.03144114771502193,-0.029334949971988933,0.013234891015127087,0.011602471227547376,0.5508778666616716,1.5642679621798752,0.029668537877532833,1
2022-04-25,399.8776384964426,404.6157159823245,395.3188645295105,404.4458312988281,119647700,0.005797675374500377,-0.021599638786669484,-0.053413986357125354,413.3688934326172,413.90044494628904,-0.021586196435082305,-0.022842724048503515,0.013671713439855468,0.011635761608813334,-0.09680626367272127,1.3782161635092258,0.02298664180307731,0
2022-04-26,401.9162615672227,402.1144891433886,392.7043824228615,392.7326965332031,103996300,-0.02896094818930317,-0.06502779147079196,-0.08731996752126536,411.120654296875,413.4663531494141,-0.044726426589099866,-0.05014593438687487,0.015324912885583056,0.012778298641404623,-0.13081237666917123,1.1739483687040193,0.02396058897971468,1
2022-04-27,393.8087525335061,399.1697986951689,391.7040026362605,393.8370666503906,122030000,0.002812014703476917,-0.06170303123235277,-0.0959374727446779,409.13669738769534,413.0814477539063,-0.03739491185951205,-0.046587376915993794,0.01554411982847912,0.012284070221236587,0.17340713083061599,1.350498897732605,0.018956560189739003,1
2022-04-28,398.5751272035263,405.51237307337215,394.1485050200903,403.7851257324219,105449100,0.025259326570350904,-0.02339860945786243,-0.06734246444406555,407.6737426757812,412.76226989746095,-0.009538551386302885,-0.021748945627392713,0.017621675715805366,0.01400989388067157,-0.13587560435958368,1.1505842279033842,0.02814335479215351,0
2022-04-29,399.8020720492202,401.95403088704296,388.11730223189977,388.8629455566406,145491100,-0.036955745085245684,-0.03295468413131031,-0.08776916952040215,405.2395751953125,412.1352392578125,-0.04041221697258679,-0.05646761423041968,0.02048877737358608,0.015709211131452558,0.37972822906975967,1.5671524992979697,0.03558253316045967,1
2022-05-02,388.9290114551271,392.5628092111438,382.2749075321882,391.2036743164063,158312500,0.006019418374808128,-0.0327414846628441,-0.08487147935222206,403.0224853515625,411.73455078125,-0.029325438318525854,-0.04986435174285753,0.020754618416330996,0.015802972291624313,0.08812497809144348,1.6439331843249276,0.026298070172609742,1
2022-05-03,391.703889272382,395.4037338921699,390.1465268831045,392.9969482421875,100028200,0.004583990497826429,0.0006728538553499863,-0.088485157696226,400.3174346923828,411.4229833984375,-0.018286704039809254,-0.04478611040162905,0.019723916738873262,0.015656653816754244,-0.3681598105013818,1.0173488924168512,0.013377220949373853,1
2022-05-04,393.6576656204496,405.53121582781534,390.47692222902697,404.96490478515625,144247900,0.030453052107655143,0.028254928438830262,-0.048710716337521665,398.84031982421874,411.43846923828124,0.015355982473479024,-0.01573397953066924,0.022934017837582095,0.01735183974810053,0.4420723356013605,1.4166383130278066,0.03717431664053715,0
2022-05-05,400.7082064100307,401.1329469341785,386.4467641695495,390.57135009765625,172929100,-0.035542721152925894,-0.032724770658149605,-0.0732553264363438,396.55150451660154,411.3094799804687,-0.015080397756238817,-0.05041977122384156,0.024929985351512585,0.018822240286288573,0.19883270397697306,1.644975478865099,0.037601792248604375,0
2022-05-06,388.0135688560758,391.5057680258936,382.9451403977338,388.2400817871094,151770800,-0.005968866661530514,-0.0016017565485434426,-0.08340546022093775,395.1640625,411.0143695068359,-0.017521787454775506,-0.05540995500243151,0.023715727510295957,0.018716137757326074,-0.12235245542826512,1.3948327220499126,0.022049829550710866,0
2022-05-09,382.3504814055953,383.5869123846669,374.23343271582064,375.8096618652344,155586100,-0.03201735344958845,-0.039350377979122,-0.11037376922223907,392.3004455566406,410.2928173828125,-0.042036107473717665,-0.08404523320086432,0.02508785215954116,0.019715500361474368,0.025138564203391,1.3814527308726066,0.024888874922541045,1
2022-05-10,381.7747206128694,383.2754262479383,372.6477827083813,376.677978515625,132497200,0.0023105224226567245,-0.04152441844537125,-0.09281240132861301,390.6949737548828,409.6097064208984,-0.03587708105006726,-0.08039782111860916,0.023974993558997442,0.01959959556576637,-0.1483995035546235,1.1545457496242746,0.028214135536771563,0
2022-05-11,375.7152782695393,381.350017457712,369.9483873451604,370.6940307617188,142361000,-0.015886109874240995,-0.08462677535382723,-0.10390387386358557,388.38067016601565,408.9320593261719,-0.04553944303339452,-0.09350704522277065,0.024121643514084915,0.019756512992545917,0.07444534676959202,1.2099231186628692,0.030757522825827513,0
2022-05-12,367.5037946408941,373.572692443745,363.5207798183708,370.3070068359375,125090800,-0.0010440522200642066,-0.051883844671791635,-0.11497604920918192,385.03285827636716,408.0978179931641,-0.03824570065617572,-0.09260233574162258,0.02167122476689915,0.019393579606839736,-0.12131271907334173,1.040583105468941,0.027144808064157547,1
2022-05-13,374.4316499604562,380.5383104542552,373.3934177273955,379.1603088378906,104174400,0.023908005623764828,-0.02338700555445905,-0.08239092654304625,384.0625946044922,407.48166748046873,-0.012764288518255507,-0.06950339341078604,0.02130544408839192,0.020424728421425273,-0.16720973884570245,0.8643208775825857,0.01884398909991001,0
2022-05-16,377.5180173546355,381.2839385536254,375.2716682872456,377.621826171875,78622400,-0.004057604739090448,0.0048220269208791855,-0.08648995109652269,382.70440979003905,406.9013641357422,-0.013280703039069919,-0.07195733547381167,0.021104628976699284,0.020397312030118218,-0.2452809903392772,0.6489221078297838,0.015921405622468732,1
2022-05-17,383.7001932426954,385.6256395203469,379.9720047899369,385.3896789550781,83029700,0.020570455002427712,0.023127713687387086,-0.08250919147362545,381.9436828613281,406.71616455078123,0.00902226230823966,-0.052435795413389163,0.02233972003757587,0.020653463990042364,0.05605654368220758,0.6838285212457469,0.014669917330788283,0
2022-05-18,380.840309909265,381.12345103452697,368.6175424687332,369.8539733886719,117674500,-0.04031168039717303,-0.0022661745356965524,-0.1188415425983198,378.4325897216797,406.2800927734375,-0.02266880962687967,-0.08965765252268632,0.022221007971399368,0.02215619440083984,0.4172579209608127,0.9486712077044925,0.03381309777805628,0
2022-05-19,366.79595164216687,372.005979027499,365.3707407010665,367.5887756347656,98510700,-0.0061245732556340915,-0.007340480063819488,-0.110943701104815,376.13433227539065,405.58870361328127,-0.02271942736237198,-0.09369079473857245,0.0201373964869727,0.022057640292037505,-0.16285431423120555,0.7900064849680701,0.018050709831861786,1
2022-05-20,371.1659103782792,374.7336324078952,359.1696852051724,367.7492065429688,131432200,0.00043644125946484813,-0.030095719485766725,-0.08546146742591787,374.0852447509766,404.9368426513672,-0.016937418133734727,-0.09183564494874907,0.020235256337278174,0.02148015287115054,0.3341921232921905,1.054459985004503,0.04232217752155568,1
2022-05-23,370.7695426186861,375.39439273940906,368.4571463621045,374.6298828125,76414900,0.018710240966154812,-0.007923120836805686,-0.07372049896169741,373.96726684570314,404.52440185546874,0.0017718555219707888,-0.07390040973016421,0.019097939405543225,0.021985712328639963,-0.4185983343503342,0.623884508510587,0.01851760015838519,0
2022-05-24,370.5146932699092,372.9592411216309,365.22917116715337,371.77001953125,91448800,-0.007633836520941295,-0.035339969302643603,-0.05337644964882837,373.4764709472656,404.11253662109374,-0.004569100194417808,-0.08003344157612435,0.019214200121643082,0.021193342920381525,0.19674042627812116,0.7504718515200065,0.02079261249797406,1
2022-05-25,370.2786961363731,377.0177426324369,369.88229858000193,375.0545349121094,91472900,0.00883480433683359,0.014061121138672528,-0.04769112236699269,373.9125213623047,403.5937976074219,0.0030542265491508847,-0.07071283767118941,0.01868977060315861,0.021315589828951296,0.00026353544278334695,0.7602012562162267,0.01902508405639494,1
2022-05-26,376.2815783765453,384.181532894369,376.073931942696,382.5486755371094,82168300,0.019981469166227228,0.04069737950107544,-0.05259344349743422,375.1366882324219,403.047109375,0.019758097613996384,-0.0508586548844806,0.019555764339000994,0.02098759329467988,-0.10171974431771591,0.6895443999373129,0.021193645332295858,1
2022-05-27,385.0026651402334,392.0531673410909,384.80446634850006,391.9399108886719,84768700,0.02454912525413122,0.06578043926486776,0.007912724437209473,376.4146484375,402.58568298339844,0.041245106999999503,-0.026443494005636503,0.019631259495057063,0.020160907432149617,0.03164724108932515,0.7299651231145059,0.018494419147453933,0
2022-05-31,390.3259001664865,393.07248421298215,387.0035862482344,389.74072265625,95937000,-0.005611034169588636,0.04033538309946527,-0.003739616358953368,377.6265380859375,401.98936340332034,0.03207980199621363,-0.030470061803056114,0.019703680857383284,0.020163748613350508,0.1317502804690882,0.8489377946465516,0.015571629065050243,0
2022-06-01,391.8550043373775,392.8648936661983,384.0777245169053,386.5883483886719,86585800,-0.008088388213819075,0.039858859184249695,-0.01630699648478251,377.74640502929685,401.3324493408203,0.023407088040160895,-0.036737873990416836,0.01899037766079628,0.020211403453160574,-0.09747229952989978,0.7707740766641836,0.022730041362908647,1
2022-06-02,386.4279236844996,393.99752849345634,384.1815744219799,393.9503479003906,79609600,0.019043511120819145,0.05038150783247919,-0.027198793659932385,380.1560424804687,400.72461669921876,0.03628590336198756,-0.016905047797232897,0.013227625323162908,0.019434065665097408,-0.08056979319934676,0.7296654681034638,0.024916729033980612,0
2022-06-03,389.2405486758481,390.7884638335638,386.5128594774759,387.4850158691406,71874300,-0.016411540351995657,0.012903822827514677,-0.007902100929174538,382.1456665039062,400.0967742919922,0.013972026463316745,-0.03152176981473842,0.014635766861681212,0.018078093719277977,-0.09716541723611227,0.6907569477250713,0.01103424437328912,1
2022-06-06,391.4869354141376,393.21415427023896,387.4944718366282,388.6648559570313,57508900,0.003044866355010667,-0.008356012849558558,0.0010941017938350672,384.2372314453125,399.3662420654297,0.01152315327451281,-0.02679592058921476,0.014560903139608566,0.01804008617545532,-0.19986838132684426,0.5789190706797099,0.014716232625475978,1
2022-06-07,385.18203491181913,392.8460295110228,384.71953261443264,392.3929748535156,59272400,0.009592117319957794,0.0068051708304675,0.044126893667326916,386.01354064941404,398.66874328613284,0.016526451878783988,-0.015741812064039795,0.013923154826882136,0.01645774539781493,0.030664818836736663,0.62707036852778,0.02071009782890187,0
2022-06-08,390.6845434619145,392.4684188107093,387.333915614858,388.1267395019531,64350000,-0.010872354055663558,0.003979403724125197,0.030394027894713238,387.6492126464844,397.82513610839845,0.0012318530255965854,-0.024378541540428733,0.01427588903929045,0.01671882773101792,0.08566550367456016,0.7062475137974809,0.013228934451771998,0
2022-06-09,386.3522811032372,388.6174961441226,378.89593505859375,378.89593505859375,86289800,-0.023782964438895382,-0.038213985396970296,0.022125806234379652,388.0333526611328,396.69044799804686,-0.023548021168475985,-0.04485742731960296,0.01667612200022239,0.017239451444748595,0.340944832944833,0.9771037971650562,0.025657601958768594,0
2022-06-10,372.7044332589276,373.5538855253832,367.86251789521714,367.9096984863281,132893900,-0.028995393076905573,-0.05051890158618,-0.006473840098498274,386.5694549560547,395.389833984375,-0.048270126442990224,-0.06950137089041297,0.017690373928745323,0.018519528827531745,0.5400881680105876,1.4982070294726295,0.015469468876688333,0
2022-06-13,358.5184359528124,360.3683584476511,352.3362527688543,353.9407958984375,170004900,-0.03796829125560475,-0.0893419086556998,-0.0665141164610552,382.76954345703126,393.94311157226565,-0.07531620018202934,-0.1015433815156076,0.017623694301145888,0.019432930220849687,0.2792528475723868,1.8480102150712086,0.022693359375,0
2022-06-14,355.68689685396777,356.71568127410126,349.7784361620524,352.8742370605469,104011800,-0.0030133820408673184,-0.10071214401257189,-0.06553537797909015,379.08289489746096,392.4508972167969,-0.06913700984583682,-0.10084487113399854,0.017714564437016318,0.01943206233663043,-0.38818351706333165,1.1152531034428408,0.019659256424714704,1
2022-06-15,356.1682429235863,362.3409783554577,351.2225195105028,357.9049377441406,125666800,0.014256355820984945,-0.07786580691810441,-0.07131675473369692,376.2145538330078,390.9860546875,-0.04866801643456453,-0.08460945485587668,0.019286299760814987,0.019073487377515488,0.2081975314339335,1.317333720775795,0.031065396624684903,0
2022-06-16,349.70293778443306,350.1087829653544,343.63401132773026,346.0596923828125,134473300,-0.0330960657765389,-0.08666295844716132,-0.06433425816100258,371.42548828125,389.3932263183594,-0.06829309430490693,-0.1112847656474597,0.018334190022370092,0.018397150163662945,0.07007817498336877,1.3973465925770057,0.01870998495387243,1
2022-06-17,346.47403747740344,350.1424810150499,343.3079900767023,346.8057861328125,111113900,0.0021559683673724184,-0.05736166358305406,-0.0565386945400177,367.35756530761716,387.9004541015625,-0.0559448916142371,-0.10594127316486812,0.018852196102865794,0.018420022979584803,-0.1737103201899559,1.1471016697377823,0.019706969178796382,1
2022-06-21,352.521725834006,356.92005638665404,352.4458760894664,355.5361022949219,76811900,0.025173502032535433,0.004507269054517593,-0.0332104163129443,364.04468994140626,386.53981689453127,-0.023372371254347546,-0.08020833364255686,0.021743704718953722,0.019446680775240408,-0.3087102513726906,0.8159855703410551,0.012584320602908067,0
2022-06-22,351.3178056312109,358.99595685720385,350.9007188732816,354.8914794921875,90059400,-0.0018131008315989128,0.005716604443680273,-0.05268774389306108,360.29454040527344,385.1889373779297,-0.01499623310141851,-0.07865609560851872,0.020965430517491203,0.018856255189095037,0.17246676621721369,0.9498321593416815,0.02281046024408833,1
2022-06-23,357.0243625508475,359.1002793406204,353.46966494173824,358.3703918457031,79292100,0.009802749726461668,0.0013004964516449835,-0.03604278715761411,357.31890563964845,384.05204345703123,0.002942710809472393,-0.0668702381587547,0.02184829582991259,0.019010454097259412,-0.11955775854602624,0.8416680125320188,0.015711717616745523,1
2022-06-24,361.5363809433128,369.77380119326506,361.507944524138,369.7643127441406,98050300,0.03179370047775376,0.06849864599401534,-0.014105207844529732,356.40574340820314,383.1737969970703,0.03748135259604246,-0.034995827893294695,0.024247486790995892,0.02032530827803681,0.2365708563652622,1.0371615265976641,0.022354392742186133,0
2022-06-27,370.6838633295004,370.97771602411575,367.2618882407592,368.35198974609375,66009600,-0.003819522191218394,0.06212757824354731,-0.03711079582508836,356.44997253417966,382.17254333496095,0.033390428191919064,-0.03616312534716537,0.022388544256456703,0.0197508593616507,-0.3267781944573347,0.7042585012443291,0.010087709274810388,0
2022-06-28,369.9065529188097,372.68394948048416,360.7117242850401,360.8254699707031,86548900,-0.02043295539296175,0.014877160551739488,-0.0793857426956619,357.13843994140626,381.1249603271484,0.010323811768628843,-0.053262033373570494,0.019562468923308214,0.01915628192309289,0.31115625605972475,0.9225168711880409,0.03318010005340298,0
2022-06-29,361.3752782573753,362.36109348225904,358.7116273894593,360.5316162109375,65676000,-0.0008143930631878682,0.0158925672907686,-0.07494496917396753,357.9041778564453,380.06810119628904,0.0073411782176682205,-0.05140259054590268,0.019510885794968322,0.0191644441403622,-0.2411688652311006,0.711509364913215,0.010122457861405795,0
2022-06-30,356.64510092174794,360.8349164010324,353.1567653026987,357.6025085449219,112508300,-0.00812441276801057,-0.002142708544716654,-0.07497856561007354,357.8739349365234,378.8192022705078,-0.000758441353516548,-0.05600743995663515,0.019271796305427167,0.019164878777571552,0.71308088190511,1.2019949935527074,0.02147118914119459,1
2022-07-01,356.94854012954494,361.8208599109863,354.3322732319177,361.3847961425781,74839700,0.010576792688189673,-0.022661777550611606,-0.08266410204071362,359.4064453125,377.6521771240234,0.005504494579550379,-0.04307503561962245,0.015496222409241442,0.01872416931153316,-0.3348072986615209,0.8016007658724068,0.020721919568841233,1
2022-07-05,356.3039239194396,362.0862376429184,353.4791138897527,362.0672607421875,81438000,0.0018884707018502755,-0.017061748487467998,-0.065596743321649,360.9325927734375,376.6243322753906,0.003143711572377361,-0.038651436685611884,0.01550085225946723,0.018539017855567507,0.08816577297877992,0.867829672948374,0.023772168009673918,1
2022-07-06,362.2094276989218,365.7736135029027,359.8301699411462,363.2900695800781,70426200,0.0033772974540255962,0.006830447999070399,-0.065287061559686,361.70798950195314,375.8478436279297,0.004373915213494284,-0.03341185604960695,0.013684923240652451,0.018545080694978695,-0.13521697487659323,0.7453544334101059,0.016360049611668308,1
2022-07-07,365.06263643850446,369.5273277554807,363.3089801388069,368.7310791015625,64525900,0.01497703894789515,0.02274270139412038,-0.060301527469461824,363.0919494628906,375.13354858398435,0.015530858359745103,-0.01706717382806533,0.014153882445713698,0.018778290030126703,-0.08377990009399916,0.6810154793899517,0.016864180887125792,0
2022-07-08,367.1006852895569,370.29519752923926,365.5745491503481,368.42779541015625,72397800,-0.0008225064514366665,0.030271842636905077,-0.05075389579464351,364.0976898193359,374.64745056152344,0.011892702733073968,-0.016601354532227997,0.014061923137995359,0.018689008215351265,0.12199597370978155,0.7608653214320151,0.012812953956516344,0
2022-07-11,365.7546492181339,366.7215164411496,363.5270331899998,364.2190246582031,58366900,-0.011423597254022755,0.0078426888620593,-0.03873599329620925,363.5431610107422,374.0550897216797,0.0018591015316635762,-0.026295765874473687,0.010326468440599755,0.018142273670721982,-0.19380285036285638,0.6225418848843239,0.008770775371076825,0
2022-07-12,363.6691716276499,366.0484579218352,359.25186497173377,360.99603271484375,62219200,-0.00884904885565474,-0.002958643720362586,-0.018791746452808678,362.8075653076172,373.1993078613281,-0.004993094869004455,-0.032699083008532304,0.010573587354540673,0.01708208342266435,0.06600144945165831,0.6896230294935124,0.01882733419253443,0
2022-07-13,355.56459025701633,362.029407826538,355.1475033861952,359.1003112792969,84224600,-0.005251363626603389,-0.011532818129667333,0.014577340167195363,362.6350494384766,372.60405517578124,-0.009747370433864755,-0.03624153765614224,0.00851720694280652,0.014742599671718563,0.3536753928047933,0.9801190531743149,0.019164295390961848,0
2022-07-14,354.1521096552973,359.3087928722651,351.715979081912,358.2281799316406,89704800,-0.0024286566183951974,-0.02848389996176315,0.015172382420695518,362.4047058105469,371.9445452880859,-0.011524480261825287,-0.036877447270590946,0.008540219283274567,0.014735160667051614,0.06506650076106024,1.0526548012102652,0.021195467625696,1
2022-07-15,362.6265260152687,365.185919762693,360.72122784420594,365.0721740722656,79060400,0.019105124956755315,-0.009107948367888308,0.02002553072695723,363.15167236328125,371.3860498046875,0.005288428651550214,-0.017000842481138867,0.01007959486299919,0.015004660158766005,-0.11866031695070944,0.9538293896680989,0.012229614403872047,0
2022-07-18,368.1528836213448,368.825898190188,360.8349458407432,362.0577697753906,63203600,-0.00825700919149841,-0.005933942865397279,0.04622924236689485,363.2189697265625,370.5279071044922,-0.0031969694535668447,-0.02285964745622504,0.010082370948791107,0.012906653760615387,-0.20056564348270434,0.796779027751733,0.02207093181400895,1
2022-07-19,365.9726185323084,372.4089977632134,365.3185809223327,371.8402404785156,78506000,0.02701908789084606,0.03003968681350555,0.07218580354399262,364.19626770019534,370.15328491210937,0.02098860822102866,0.004557451291582693,0.013193258323458116,0.01403591687035159,0.2421127910435481,1.0104580204156128,0.01906844948184229,1
2022-07-20,372.0298498996471,375.62247177061846,370.66484393622255,374.2100524902344,71843800,0.006373199438202581,0.04207665862808341,0.05252335859783441,365.28826599121095,369.87268432617185,0.02442396137421521,0.011726651758467321,0.013243141837696135,0.01311312617869903,-0.08486230351820245,0.9276742258949326,0.013248248681201008,1
2022-07-21,373.6318507302927,378.068105826219,371.2336162126565,378.0207214355469,64903900,0.010183235110745592,0.055251213089051676,0.06517271695689875,366.21723022460935,369.91690551757813,0.03223084616662675,0.021907125078887812,0.012843946395810952,0.013172758819542692,-0.09659706195941753,0.8518992010479437,0.018079669250956058,0
2022-07-22,378.143943990978,379.3383025244326,372.29526973672574,374.5133972167969,72197300,-0.009278126885295612,0.025861251048573175,0.045045588972774775,366.82579040527344,369.87361389160156,0.020957105559644695,0.012544239845546423,0.01335970200406142,0.01336231834716059,0.1123722919578023,0.9520620166324334,0.018805823343162862,1
2022-07-25,375.1390328241593,375.8215358224329,372.7313098957775,374.9684143066406,53631500,0.0012149554414480068,0.03565907324474593,0.014074104458266179,367.9007293701172,369.9591015625,0.019210847851875767,0.013540179773883443,0.012551584425878629,0.01141649430199724,-0.25715366087097435,0.7285738311424201,0.008241296623262525,0
2022-07-26,373.328540675696,373.5370840827539,369.64114957187473,370.5321960449219,52946400,-0.011830911864728177,-0.0035177592180729578,0.0059188123303770546,368.854345703125,369.9636053466797,0.004548815437157128,0.001536882790698746,0.012894644589643213,0.011722114333332546,-0.012774209186765195,0.7257061072835145,0.010514429116995896,1
2022-07-27,373.8214415390077,381.8977324950311,373.5275888700464,380.153564453125,82342100,0.025966349242797504,0.01588282282461062,0.05356632524857852,370.9596710205078,369.98347045898436,0.024784078030166468,0.027487968534172902,0.014445416160822053,0.011979004384355034,0.5551973316410559,1.1318794217637513,0.02201779598469823,1
2022-07-28,380.9593347805678,385.6135934950256,377.4140966164,384.921630859375,73966600,0.012542474547382332,0.018255373402869868,0.06765014093567756,373.62901611328124,370.12946655273436,0.030224137470816537,0.03996483836969289,0.014271828406897244,0.01214510874721533,-0.10171589017039884,1.0109885303498438,0.021301730589469433,1
2022-07-29,386.3529063740456,391.5190777399874,385.5850941133151,390.5332336425781,87003700,0.014578559200933094,0.042775069049152625,0.09208751144294469,376.1751220703125,370.2323376464844,0.03816868987306887,0.05483285475586408,0.013923473339235947,0.01207718874174603,0.1762565806728984,1.2102771249823683,0.015194567620596263,0
2022-08-01,387.8412366937113,391.8793828026547,387.1302971071062,389.3768615722656,69997500,-0.0029610081055760906,0.03842576258661112,0.0774577838594066,378.90703125,370.62279541015624,0.027631660166680172,0.05060149131235936,0.013374872239399262,0.012097038486519874,-0.19546525032843431,0.9770004484592223,0.012196630473552432,0
2022-08-02,387.8127144423944,391.4906457183328,385.6325117639111,386.8079223632813,63435400,-0.00659756514193266,0.04392526882167669,0.06833167287862185,380.40379943847654,371.0071783447266,0.016835065617793576,0.04258878248407694,0.01204947219222236,0.012314706860347222,-0.09374763384406581,0.8966745154934936,0.01514481378413929,1
2022-08-03,388.9312548113464,394.0310649800449,388.6468906090099,392.8651428222656,67820600,0.015659504650205935,0.0334380091567128,0.08140897789023782,382.26930847167966,371.5094970703125,0.0277182450062452,0.05748344502727831,0.012596478395953608,0.012617001060771486,0.06912859381354886,0.9604290312667723,0.013704892046049548,0
2022-08-04,392.78929793981433,393.4718009620609,390.9598207163616,392.5997314453125,45656600,-0.0006755788386988426,0.019947178777132812,0.06473187018004434,383.7272094726562,371.86889404296875,0.023121951619874626,0.05574770499612791,0.012563003344245262,0.01238329816571057,-0.3268033606308408,0.65531304185137,0.00639832390218844,0
2022-08-05,388.3246175842232,392.5807659148732,388.2677447414056,391.9361877441406,56814900,-0.001690127751053483,0.0035924064348553664,0.06380732568728531,385.4694885253906,372.27221740722655,0.016776163642648667,0.052821482284840515,0.011892429606520028,0.012399689563997352,0.2443962099674526,0.8246917035273468,0.01100439640006707,0
2022-08-08,393.6235081493515,395.8700723692773,390.3816112599049,391.481201171875,53886100,-0.0011608690049377257,0.005404377628172918,0.0748510502416937,387.1207672119141,372.6007507324219,0.011263756246830292,0.05067206762825838,0.011991347629962375,0.01196884421989625,-0.05154985751977037,0.7847309346022361,0.014019730942234321,0
2022-08-09,390.7512903773344,391.25368644325886,388.8554517997777,389.9266052246094,44931800,-0.0039710615544553685,0.00806261371864836,0.08014097078074633,389.0602081298828,372.74830932617186,0.0022268972169914303,0.046085509896721444,0.011029516679930558,0.011747682848436398,-0.1661708678119218,0.6626729915751134,0.006150477067600174,1
2022-08-10,396.9696030117307,398.2587881715667,395.0168917661512,398.1165771484375,68665700,0.021003880766511163,0.013367015175860697,0.10865004747599616,390.85650939941405,372.87184265136716,0.018574764841908786,0.06770351528172114,0.01005873815767376,0.012128832638858536,0.5282205475854518,1.024464634473208,0.008143083185925121,0
2022-08-11,400.9603347598482,402.818277227606,397.37720132659865,398.1165771484375,59489700,0.0,0.014052087307383943,0.11134913290296877,392.17600402832034,373.03935974121094,0.015147722091860105,0.06722405224109163,0.009745519535762191,0.012059978469430287,-0.1336329492017121,0.9080292536783079,0.013667041799615053,1
2022-08-12,400.050395788599,404.9606110010774,399.10247645360926,404.8563537597656,61694500,0.016929153414315667,0.032964973430979594,0.10897620392077534,393.6083160400391,373.4047198486328,0.0285767278315896,0.08422934215690248,0.010067628646221662,0.01193866757953659,0.03706187793853388,0.954330591489443,0.01446966187652877,1
2022-08-15,402.6476717271077,407.04603117644456,402.5907988832112,406.524658203125,54048300,0.004120731780213882,0.03842702276946719,0.12281710859380324,395.323095703125,373.6562060546875,0.028335208900650777,0.08796442188257658,0.009796053182420933,0.011514795575164837,-0.12393649352859659,0.8420165286578162,0.010959316251382778,1
2022-08-16,405.45349035046,409.2451671553258,404.6477532437864,407.3208923339844,59289000,0.0019586367389836656,0.04460913124754695,0.09541907516467085,397.3743927001953,374.05292358398435,0.025030550071940327,0.08893920258995247,0.009079956283211777,0.010402171385849281,0.09696327174027686,0.9376976469544398,0.011286958263289295,0
2022-08-17,403.7283280008868,407.1313549468698,402.42968313864895,404.4297790527344,63563400,-0.007097876233855049,0.015857671512992555,0.08075605227972504,398.5308563232422,374.36822204589845,0.014801671278139805,0.08029943578691445,0.009023736140985889,0.010714017071925163,0.07209431766432228,1.011926433890399,0.01162543425766823,1
2022-08-18,404.6288399076743,406.2876987703884,403.3396834770453,405.605224609375,49023200,0.002906426819987873,0.01881018749476837,0.07297087595906127,399.83140563964844,374.6324670410156,0.014440633947925274,0.08267504899667011,0.008934849786208973,0.010614102900227837,-0.22875113666040525,0.7904390528152797,0.007268188658521872,0
2022-08-19,402.8467503989593,403.1121666431108,399.282564610468,400.1546630859375,68016900,-0.013438094957200719,-0.01161323178002538,0.06846555039070479,400.65325317382815,374.87302551269534,-0.0012444428790756579,0.06744053546841822,0.0103276449097556,0.010915827690006354,0.3874430881704989,1.1003977515723486,0.0095703046494809,0
2022-08-22,395.3297635768896,395.5004110497399,390.921944270961,391.8224792480469,77695600,-0.020822408449857832,-0.03616552811350504,0.04494795907695681,400.6873809814453,375.13155639648437,-0.022124234887768823,0.04449351851893124,0.012636256912490436,0.01218373293729812,0.1422984581773059,1.2329816676823075,0.011685053873288598,0
2022-08-23,391.39585573923233,393.7846307828097,390.3247023494631,390.87451171875,49105200,-0.0024193801517363722,-0.04037696304011118,0.05490026478390542,400.78217163085935,375.5908526611328,-0.024720809989609016,0.04069230906271959,0.012589347140856562,0.01178565210695424,-0.3679796539314968,0.7816518773417227,0.008851762725926086,1
2022-08-24,390.64698231789686,393.4907400248448,389.9645082393007,392.1257629394531,49177800,0.003201158385081504,-0.030423121022640887,0.031493058610540414,400.18309020996094,376.35455200195315,-0.020134102283733246,0.041905195124139594,0.010408327791286821,0.010447964447663069,0.001478458493194168,0.8040301402169981,0.008992604207157315,1
2022-08-25,393.6139873082117,397.70900548583626,392.5238859364247,397.66162109375,50942300,0.014117557879387954,-0.019584569018496256,0.03309762095191093,400.13759460449216,377.2502996826172,-0.006187805255313483,0.05410551410642994,0.011526644636176172,0.01054028921858995,0.03588001089922699,0.8488556878844902,0.013039024322111218,0
2022-08-26,397.547891912805,398.0881839321778,384.1442990308555,384.201171875,103087000,-0.03384900253066325,-0.039868312636685,-0.016213887121763637,398.07207641601565,377.7762243652344,-0.03484520860116669,0.01700728392995421,0.014108952351581787,0.012752159040531478,1.023603174572016,1.6950338371255111,0.03629318680438315,0
2022-08-29,381.25313774516417,384.7035488071072,380.3052184856568,381.6607360839844,65370800,-0.0066122541444046945,-0.02593455889402796,-0.01981659993129614,395.58568420410154,378.4882452392578,-0.035200839353257796,0.008382006270025943,0.013730001234094001,0.012811636765630848,-0.3658676651760163,1.0789799711945418,0.01152418864612413,0
2022-08-30,382.8172261577202,383.0542059895712,375.3760536519589,377.470947265625,85652400,-0.01097778320439391,-0.034291221482278145,-0.024138531187805512,392.60068969726564,379.10154846191404,-0.0385372283561376,-0.004301225365353156,0.013482508235665252,0.012950454892783373,0.3102547314703201,1.3882841823186662,0.020341041855624454,0
2022-08-31,379.10140259668094,380.343174709191,374.4660917256927,374.5987854003906,76029700,-0.007608961394353964,-0.04469733742480164,-0.04649523572046399,389.6175903320312,379.48280212402346,-0.038547553561022796,-0.012870192525975432,0.013481786709894998,0.01239499884427454,-0.11234594710714474,1.2241719115762149,0.015689007045809125,1
2022-09-01,372.428046300128,376.1154375189932,369.7264703742915,375.7742004394531,78740100,0.0031377972510138186,-0.05504031441127388,-0.04285670533680208,386.6344879150391,379.90045654296875,-0.02808928798398458,-0.010861413911064655,0.013501909650536204,0.0124505769732642,0.03564922655225522,1.2349214773493982,0.017002144205828983,0
2022-09-02,379.4330761607112,380.6464115154421,370.0012690480302,371.8117980957031,99632100,-0.010544636484133618,-0.03224710044176482,-0.051346087137977836,383.8002014160156,380.1692846679687,-0.03123605270680363,-0.0219835923345697,0.013391716957527684,0.012591356646536688,0.2653285936898735,1.5118202642465912,0.028630459070779227,0
2022-09-06,372.6554995418325,373.5939303427136,368.19080797230174,370.408935546875,76637400,-0.003773044739336151,-0.029481158194468837,-0.053827017905129226,381.6588470458984,380.18217712402344,-0.02947635456664921,-0.025706732627711282,0.012527468984556084,0.012589667424815966,-0.2307960988476605,1.1431653613320893,0.014586911523704522,1
2022-09-07,370.0961715004415,377.8311974242417,369.87816854830936,377.0633850097656,70964200,0.017965142911754883,-0.0010797182109291148,-0.032988824159444485,380.277734375,380.35640502929687,-0.00845263625680659,-0.0086577220101699,0.014580605882381789,0.013401286839365277,-0.07402651968882035,1.0383799597505254,0.021092021108669413,1
2022-09-08,374.7978759378246,379.9829674298196,373.5939997520912,379.5279846191406,80821700,0.006536300546156726,0.013158609720214098,-0.04669133011852988,379.01795654296876,380.73045532226564,0.0013456567620802051,-0.0031583254933130744,0.014787452498282892,0.012476037624939014,0.13890806913908693,1.17219428573832,0.016833983096502914,1
2022-09-09,381.7649670625823,386.2865601335256,381.49955084530114,385.4239501953125,76706900,0.015534995613270874,0.025679649493164813,-0.03188168411382819,377.794189453125,381.2283020019531,0.020195548145491404,0.011005605227436321,0.014977053644047134,0.013095859779819452,-0.050912069407102245,1.0987964820188534,0.012420113710626053,1
2022-09-12,387.490521323382,390.28689534223423,387.1871801490116,389.56646728515625,69256300,0.01074794933668377,0.04775176387728064,-0.03776620110470619,378.3307189941406,381.8675811767578,0.029698218323079395,0.02016114089777843,0.010847289206281644,0.012704211639830496,-0.09713076659335729,0.9867254402336353,0.007956832667924848,0
2022-09-13,380.9024232007864,382.1062993004574,371.5085678123265,372.6271057128906,122947100,-0.043482596667814066,0.005988435896506328,-0.08338375497335038,377.42735595703124,382.09242736816407,-0.01271834213492229,-0.02477233511396748,0.01787696353245945,0.015646184702466325,0.7752478835860419,1.6697292672825639,0.02844058128260935,1
2022-09-14,373.9257160615463,375.5656268148488,370.7501807174359,374.0489501953125,85023700,0.003815730151196739,-0.007994504198213348,-0.08168484053941039,377.08515625,382.3320611572266,-0.008051778237259888,-0.021664704071228336,0.01768521814576733,0.015690268665657238,-0.3084529850643082,1.1348645462895002,0.012873839359523652,0
2022-09-15,372.4943332407687,375.3380909362644,368.5320377944792,369.80224609375,87633800,-0.01135333784346959,-0.025625879828467646,-0.08562063120102048,376.6055023193359,382.4623046875,-0.01806467559206615,-0.033101454544897546,0.017884684802513248,0.01576128193569252,0.030698499359590237,1.1512099923269132,0.018404574914506484,0
2022-09-16,365.6294902775206,367.6378019325583,363.69728184111455,366.9810485839844,103084800,-0.007628935571825646,-0.04785094855154237,-0.09522603182093692,375.72618713378904,382.42730407714845,-0.023275296876474227,-0.04039004362002363,0.01792248193674033,0.015681994497174206,0.17631324899753298,1.3077464384027206,0.010737666445306852,1
2022-09-19,363.8401119198844,369.8269958496094,363.7639505998914,369.8269958496094,73278500,0.007755025161670481,-0.05067035562149114,-0.07578986335544702,375.5277069091797,382.4552880859375,-0.015180533831952392,-0.03301900282129344,0.01791209314261566,0.015788419634419078,-0.2891435012727386,0.9265278001329382,0.016394274397922817,0
2022-09-20,366.5051079074727,367.5140273539414,362.8311237056201,365.5818481445313,77274900,-0.011478739390902604,-0.01890699162875098,-0.06697071376270802,375.04499816894537,382.48254455566405,-0.025232039010292917,-0.04418684369182535,0.01823668968327986,0.015391878775535729,0.05453714254522124,0.9773179111460991,0.012809453401717985,0
2022-09-21,367.504555601014,370.5503692517333,359.1952455228189,359.20477294921875,106746600,-0.017443631919031755,-0.039685119389702206,-0.0810227779505841,373.25913696289064,382.44671936035155,-0.03765310108153941,-0.06077172383647411,0.017534983387898675,0.015707677291203332,0.38138774686217647,1.302575624855057,0.031611839775079205,0
2022-09-22,358.4337956869669,360.07091552367,355.44511739669144,356.1875305175781,89472600,-0.008399783797046534,-0.036816205742353336,-0.09164976091464849,370.9250915527344,382.3884637451172,-0.03973190644359803,-0.06851915188791735,0.01710235303280864,0.015638029997722548,-0.16182248427584578,1.065592157317182,0.012986973800730172,0
2022-09-23,352.7229097506912,352.7609904104437,345.78421269474035,350.2196655273437,122346900,-0.01675483973726566,-0.04567370201081322,-0.11930232401084973,367.4046630859375,382.22829345703127,-0.046774032246221564,-0.08374217314000554,0.015519078436368605,0.015202818995664898,0.3674230993622629,1.3976852215461464,0.01992114778933975,0
2022-09-26,348.7538794551558,352.3707580104209,345.53674617910787,346.75506591796875,92581200,-0.009892647245145714,-0.06238573763020494,-0.09746484055289228,363.12352294921874,381.8619512939453,-0.045076829224139914,-0.09193606552581712,0.013817679269219589,0.01378949753605624,-0.2432893681817847,1.0640283824570451,0.019708470049950893,0
2022-09-27,350.2862401271678,352.5515599107997,343.4807823974284,345.8698425292969,108294100,-0.0025528780274007845,-0.05391954145229161,-0.0937767241186993,360.4477966308594,381.53819274902344,-0.04044400947328319,-0.09348566119352897,0.008211640653371788,0.01379474678965879,0.1697202023737001,1.214655169996495,0.02622598561076616,1
2022-09-28,346.82173847556913,354.36008362291216,345.1275119459914,352.6753845214844,110802200,0.01967659840597702,-0.018177343174271887,-0.06568866537612517,358.31044006347656,381.1548956298828,-0.015726741149361678,-0.07471899596444698,0.011493297573380957,0.014744816709676941,0.02316007981967627,1.2255017876707677,0.02617866764205183,0
2022-09-29,349.1345668445761,349.4200991606359,342.367189530678,345.30828857421875,112952300,-0.020889169674434216,-0.030543578905052327,-0.0781916492197503,355.8610443115234,380.5768603515625,-0.029654147049786972,-0.09267135091913892,0.012366952944065954,0.015240382021753323,0.019404849362196774,1.224284187697208,0.020424964773013286,0
2022-09-30,344.36596930372804,348.2779362644351,339.83535868204586,339.9685974121094,153711200,-0.015463547614675055,-0.029270395481072575,-0.09528488913147981,353.15979919433596,379.81581787109377,-0.037351934768112605,-0.10491195622744764,0.01267244691989704,0.01535217128129224,0.3608505537293176,1.601017827341715,0.024833404163370834,1
2022-10-03,343.6806881754969,350.7907337489844,341.90080218718504,348.9442138671875,89756500,0.026401310366315656,0.006313239990952679,-0.06150311621534288,351.07152099609374,379.30443420410154,-0.006059469372139414,-0.0800418281442431,0.01608583643784184,0.01679030492784841,-0.4160705270663426,0.9397145327818577,0.02547665560427655,1
2022-10-04,354.45525951637643,359.78541969158493,348.9062008769613,359.7568664550781,103602800,0.03098676567253822,0.040151011213430454,-0.028757592135486898,350.48902282714846,379.0002032470703,0.026442607398007745,-0.050773948475820396,0.019605155023027086,0.018428848790809808,0.1542651507133188,1.0695816866547945,0.03024047580195971,0
2022-10-05,355.397528717206,361.17501250579096,353.07510228982494,358.9192199707031,88065700,-0.0023283683022616852,0.017704199735091963,-0.04811966836449155,350.46046752929686,378.76794372558595,0.024136110132590538,-0.05240338862800664,0.018799759675091045,0.017862499866851383,-0.14996795453404732,0.9012229989585336,0.022567502004008526,0
2022-10-06,357.5200156173895,360.4706419018,354.721682907655,355.2166442871094,82333500,-0.010315902513930553,0.028694230751895144,-0.06405677925549513,350.36337890625,378.26920532226563,0.013852090923458071,-0.06094220917485649,0.018905240993333208,0.01782063185680071,-0.06509004073095426,0.8419110947773872,0.016184373921111325,0
2022-10-07,351.19048666130027,355.3023262947486,343.5474284997668,345.30828857421875,107789500,-0.02789383851304572,0.015706424660265395,-0.10408191188109939,349.8722412109375,377.4769384765625,-0.013044626292507577,-0.08522017274001259,0.020273364284963395,0.01806779940496204,0.3091815603612138,1.0849721649346522,0.03404174815356409,0
2022-10-10,346.42189898919605,346.659852271921,340.43501530969775,342.6717529296875,76042800,-0.007635309466267226,-0.01797554075473906,-0.1203766707187931,349.4639099121094,376.5197088623047,-0.01943593255203413,-0.08989690349780755,0.020178503090729695,0.017670332318392806,-0.29452497692261304,0.7628153450446189,0.01816559698604785,0
2022-10-11,340.9774934330555,345.5366860181765,338.5694076088321,340.5015869140625,92482800,-0.0063330753033218334,-0.053523035517711204,-0.08621358539488766,348.9270843505859,375.5422033691406,-0.024146871407832227,-0.09330673394551825,0.020246092392161765,0.015350048302745074,0.21619403809433635,0.9421271503085352,0.020461808922796202,0
2022-10-12,340.91085189940634,342.4813374336254,339.13093731046405,339.37841796875,76991800,-0.003298571837775266,-0.05444345388789196,-0.09268982631406675,347.5973876953125,374.59361328125,-0.0236450848524985,-0.09400906492781003,0.018846391207729827,0.015231948820094397,-0.16750141647960481,0.7875414046683165,0.009872166130109869,1
2022-10-13,332.3826260098785,349.80082219820514,331.3356258487721,348.33502197265625,147254500,0.02639120088281799,-0.019373028896953803,-0.05805055093054112,347.9000610351562,373.7030108642578,0.0012502467984794041,-0.0678827522233052,0.019947068736353407,0.016642649382523807,0.912599783353552,1.4616809104648787,0.0530098760809716,0
2022-10-14,350.7907254903841,352.4183468938871,339.7592145462475,340.3969421386719,123737000,-0.022788635460856743,-0.014223077169175036,-0.07243999805409207,347.9428955078125,372.658955078125,-0.021687332796743952,-0.08657248806134199,0.020739664567088967,0.017207172382509732,-0.15970649453836727,1.215779339444605,0.03718932452243492,1
2022-10-17,346.4695113964719,350.24821073516875,340.0637984886666,349.14410400390625,93168200,0.025696946072068183,0.018887903712176746,-0.05592585743555034,347.9628845214844,371.8031134033203,0.0033946709116583484,-0.060943570891603294,0.020642206422214496,0.01826614735307208,-0.2470465584263397,0.906566879135525,0.0291696526726633,1
2022-10-18,357.05371300233446,357.3583002169347,349.8103989866183,353.2464599609375,97162900,0.011749750060179531,0.03742970234700138,-0.03374179611542705,347.3118438720703,371.0384185791016,0.017087283931074726,-0.047951796167897354,0.018212703430708237,0.018417491416893556,0.042876217421824236,0.9363767109554685,0.02136723813495848,0
2022-10-19,351.2095126771094,353.9317132956456,347.9352732315164,350.7431335449219,79746900,-0.0070866284584775174,0.0334868541264115,-0.023556589559830532,346.4942352294922,370.2547491455078,0.012262536814257707,-0.05269781318299305,0.01829363064932367,0.018089906914182344,-0.179245370403724,0.7786660068660018,0.017096386188729648,0
2022-10-20,350.2958396474553,354.71226720130164,347.0406254550052,347.8020935058594,88283100,-0.008385167827343443,-0.0015299307654419447,-0.023542196998120102,345.7527801513672,369.24845947265624,0.005927105932727494,-0.05808112509778807,0.018207874707598663,0.018089594089164652,0.10704115144287751,0.8625161990886744,0.022057491572192542,1
2022-10-21,347.5260408349085,356.7395859020458,346.02218871676973,356.2541809082031,131038400,0.024301427622664296,0.04658455117105986,0.01723065828348891,346.8473693847656,368.41121154785156,0.027120896260863114,-0.032998536034154924,0.01741082138533516,0.01853594082878753,0.48429767418679237,1.2748182286834295,0.030083568866347277,1
2022-10-24,357.77707959447656,361.74612439325887,355.13101099924324,360.6134643554688,85436900,0.012236441509689833,0.03284993279289128,0.03996595810594017,348.64154052734375,367.52635375976564,0.034338776182599284,-0.018809234585706602,0.017161206115224918,0.01851089438723746,-0.34800104396879084,0.8340787417840532,0.01834405547180258,1
2022-10-25,360.5373587338452,366.6860643599622,360.4231457883191,366.3719787597656,78846300,0.01596866166544597,0.03715683039054252,0.05927702768341847,351.22857971191405,366.7233001708984,0.04311550916577622,-0.0009580013349822503,0.016936551681317646,0.018726676491755412,-0.07713997113659321,0.7809636791266347,0.01709442570592916,0
2022-10-26,363.23094435236135,368.9037428227225,362.97396524839513,363.6116638183594,104087300,-0.007534186841336554,0.03668932914916012,0.031009477204408498,353.651904296875,365.84911560058595,0.02816260679066951,-0.006115777479886786,0.017285391553475856,0.01844139356326313,0.32012916268740566,1.0344128846527665,0.016307996041869464,0
2022-10-27,364.6111129190357,366.44810554176166,361.0513115703601,361.6700134277344,81971800,-0.00533990128434092,0.03987302026300599,0.047382948498205346,354.9854034423828,364.9939202880859,0.018830661544190885,-0.00910674582669213,0.016221111992658147,0.017754402709618092,-0.21247068566482175,0.8273670497432286,0.01492187289804136,1
2022-10-28,361.5652980348159,370.75029017440346,361.3844511918501,370.2743835449219,100302000,0.023790664964560948,0.03935449291002535,0.08914289838386424,357.9731475830078,364.28730346679686,0.03436357180690952,0.016435050085874536,0.014283639963056224,0.017837495562609357,0.22361592645275574,1.0404228368362711,0.02529432064105271,0
2022-10-31,367.81862838081696,369.684173780078,366.6954959805395,367.5997009277344,96631300,-0.007223515144581971,0.019373199458184942,0.05346266342633044,359.81870727539064,363.63620422363283,0.021624761289547045,0.010899620714509561,0.01367048788430702,0.017231898207141983,-0.036596478634523755,0.9987857727397582,0.008130250900628692,0
2022-11-01,371.3404256632253,371.5783789695517,364.8204992604764,365.9912109375,85407600,-0.004375656416952811,-0.0010392929709160947,0.01732932728665615,361.0931823730469,363.11957885742186,0.013564444867842917,0.007908227061492745,0.013769012604984344,0.01594829995237519,-0.11614973616209245,0.8911569051497451,0.018464595616284638,0
2022-11-02,365.4010229977816,369.9031091678092,356.70146685113565,356.80615234375,126990400,-0.025096391168034193,-0.018716427859170714,-0.005887306974325934,361.69948425292966,362.4382116699219,-0.013528722384790193,-0.015539364075941031,0.016276716317860894,0.016976334215852117,0.4868747043588626,1.2986662098833925,0.036999480614210295,0
2022-11-03,353.5700280593983,356.1684883869256,351.0191758170607,353.1322021484375,87100100,-0.010296768066299977,-0.023606633014386813,-0.005868086904697756,362.2324951171875,361.65834045410156,-0.025122795694533018,-0.023575118701696596,0.016420661364681583,0.016975732188277935,-0.3141205949426098,0.8885627315386767,0.01458182668852273,1
2022-11-04,358.8335469874606,360.6134328780432,352.170855133582,358.2148742675781,103505200,0.014393114216766145,-0.03256911580511934,0.03737699360374691,362.428564453125,360.8694055175781,-0.011626264038831935,-0.007355933225186351,0.015151414378688234,0.01594125987320692,0.18834765976158474,1.0582340453800103,0.02356847342457037,1
2022-11-07,359.50936758378657,362.2315685306912,357.43442171013305,361.6414489746094,68286900,0.009565696326924833,-0.016208533190010144,0.05535821345862213,362.53136291503904,360.4182110595703,-0.0024547226294411306,0.0033939403656739753,0.014946686530049075,0.015860323422879307,-0.3402563349474229,0.7009423067191383,0.013264925340167447,1
2022-11-08,362.7455236557189,366.5623039769019,359.5188919325988,363.5926513671875,84641100,0.005395405858787727,-0.006553598825962292,0.06781485120935082,362.25343017578126,360.05684936523437,0.0036969179029067156,0.009820121484111821,0.014070097763552171,0.01572041774308152,0.23949249416798835,0.8723235004287614,0.0193717117709016,0
2022-11-09,361.622403460563,362.77411841444257,355.6069367100275,356.1018981933594,78495500,-0.020602047774236576,-0.0019737724413231295,0.049276793511805694,361.50245361328126,359.62946838378906,-0.014939194370445885,-0.00980890194088635,0.015328786058608547,0.016562269440209776,-0.07260775202590708,0.8083596803325731,0.020126771973912206,1
2022-11-10,369.351119187772,376.0043135418382,367.0572748219786,375.6711730957031,141455800,0.05495414374825325,0.06382587260561268,0.0784766084335693,362.90256958007814,359.65091613769533,0.035184659977469446,0.04454390699195199,0.023526079849408695,0.0196677003255669,0.8020880177844589,1.4610978380512016,0.023816143906203686,1
2022-11-11,376.5277909851231,380.1066180137116,374.6431903387215,379.3070983886719,93839900,0.00967847828995505,0.05888148604722199,0.1143081838677289,363.80584106445315,359.72157409667966,0.04260859935306116,0.054446343234137995,0.022616050214278646,0.0186570934914898,-0.336613274252452,0.9844735431895214,0.014403705330586209,0
2022-11-14,377.5462448649226,380.8966170269964,375.80441036199727,376.0804443359375,71903500,-0.008506706218896154,0.03992627339113963,0.07714963541738595,364.65391540527344,359.80694702148435,0.03133527009565973,0.04522841331766014,0.022681772126429006,0.018280787099685322,-0.23376410247666501,0.7628480729395789,0.013540205936500321,1
2022-11-15,381.8198514474499,382.9239582221826,375.4807721813481,379.28802490234375,93194500,0.008528974624218977,0.04316746632842605,0.07372066784274622,365.9835968017578,359.9845288085937,0.0363525256783368,0.05362312696503091,0.022613427672960276,0.01822189753457533,0.2961051965481514,0.9908171241802618,0.019624099766268485,0
2022-11-16,377.6603993704188,378.6122124671784,375.7663006029168,376.3945007324219,68508500,-0.007628830809163767,0.056985381549535585,0.07313433887712772,367.942431640625,359.97115112304687,0.022971172566615294,0.045624071701682256,0.02072936892824963,0.018239214039849277,-0.2648868763714597,0.7327401868982951,0.007560981519984434,0
2022-11-17,371.6450058437324,375.9186672305997,371.3404476693323,375.2428588867188,74496300,-0.0030596670340882204,-0.0011401306239571252,0.0788976429217414,370.15349731445315,359.88544860839846,0.013749327263392397,0.04267305148820055,0.020235162480509387,0.01809191042190665,0.08740229314610604,0.8027016075786985,0.012200684044594887,1
2022-11-18,378.574156087368,378.6407899797016,374.1006516739386,376.9465637207031,92922500,0.004540272502557174,-0.006223281024785754,0.0580831999213276,372.02666625976565,359.71590087890627,0.013224582824668207,0.047900753899665194,0.020034669687361447,0.017450629597463675,0.24734382781426723,1.0222365674721239,0.012044514376119834,0
2022-11-21,375.623596860498,376.746729530004,373.7389961588423,375.5759887695313,51243200,-0.003635992692553991,-0.0013413501659117477,0.04149186287540685,373.4201202392578,359.43609130859375,0.005773305757847735,0.04490338575121178,0.02015596052024635,0.017367728285075306,-0.448538298044069,0.5745301807678166,0.008008321780675278,1
2022-11-22,377.5176474312929,380.79188693120494,376.1089535381112,380.6300659179688,60429000,0.01345686971362503,0.00353831633880497,0.0389169695959537,375.1238616943359,359.5961505126953,0.014678363031247477,0.05849316066171539,0.020379436501231293,0.017271555125806127,0.17925890654760046,0.684587918380997,0.012303109534450067,1
2022-11-23,380.2969278986437,383.5140609545508,380.068502040436,383.0286560058594,68261600,0.006301630645245693,0.017625537197084817,0.05340035570806023,377.81653747558596,359.77574462890624,0.01379536895102218,0.06463168160749011,0.018330242174365154,0.017144077497736814,0.12961657482334643,0.7893400197862298,0.008995564326816629,0
2022-11-25,382.4670865625852,383.4950610881152,382.1910816475926,382.9429931640625,30545400,-0.00022364603915059345,0.020520401907683672,0.058818754518001226,378.54371948242186,360.0385595703125,0.011621573559999154,0.06361661267916774,0.0076244330850493884,0.01705507751510094,-0.5525244061082659,0.3640343535715867,0.003405152891683641,0
2022-11-28,379.85918746901655,381.4963075976525,376.0709598680813,376.8324279785156,67881600,-0.015956853355791667,-0.00030279024448698344,0.017711310112270118,378.29625244140624,360.23558715820315,-0.003869518805548644,0.04607218556956094,0.008932758400075298,0.016818818124524116,1.2223182541397395,0.8249371604832574,0.01439724218713084,0
2022-11-29,376.96561491269216,378.15538144006086,374.34812855248094,376.1851501464844,52310000,-0.0017176808150601852,0.0016219390886749174,0.023355430369182528,378.3067230224609,360.3627502441406,-0.005608076058036593,0.04390686854183534,0.008514833075395535,0.01672173072963007,-0.2293935322679489,0.6532957716364728,0.010120688937607978,1
2022-11-30,376.4326114888511,388.03521728515625,374.519486615748,388.03521728515625,144566700,0.0315006244506395,0.019454982751634153,0.0602309719164833,379.1814422607422,360.81181762695314,0.023349705543674215,0.0754504102367004,0.012980831087861822,0.017960839536510592,1.7636532211814187,1.7411615246910759,0.03483119590012859,0
2022-12-01,389.0726695441886,390.24341023181614,385.2463909544575,387.7496643066406,76398200,-0.0007358944904883868,0.012325470240297287,0.0867235941971074,380.31695861816405,361.3827154541016,0.019543450587852895,0.07296128930628898,0.01256806548667669,0.016733588277859066,-0.47153666784951165,0.9490545101182588,0.012887230441047833,0
2022-12-02,382.8668843631218,388.2065428165103,382.76219884695456,387.3023376464844,85342700,-0.001153648091368753,0.011383794873494946,0.09676301195460968,381.5229064941406,362.0050115966797,0.015148320202977184,0.06988114871180051,0.012479304336502201,0.016436141262694458,0.11707736569709759,1.0613258156601044,0.014057090392584067,0
2022-12-05,384.4849116571129,385.41766990087285,378.9834331254148,380.3349914550781,77289800,-0.017989424576532742,0.009294750707500743,0.06175097344220504,381.86174926757815,362.60731811523436,-0.0039981951987293485,0.04888945273357681,0.014141062306937981,0.017021277045323083,-0.09435956443843474,0.9771072002140059,0.016917288495707575,0
2022-12-06,380.17323078475664,380.7157422182558,372.7681254520418,374.8525695800781,77972200,-0.01441471859853194,-0.00354235292352012,0.036530991242644584,381.78940734863284,363.16926818847656,-0.018169277709217058,0.03217040210995559,0.014921639018154874,0.017385213609583207,0.008829108109996486,0.9797361057185471,0.021201980221496684,0
2022-12-07,374.0054437050733,376.5753507067164,373.0821838315825,374.21484375,65927900,-0.0017012710644948026,-0.035616286665547836,0.029214540895891927,381.14788513183595,363.7361682128906,-0.01818989859916942,0.02880845088513806,0.014141743300121768,0.017383324609608005,-0.15446915695594066,0.8382522196018677,0.009334656103239915,1
2022-12-08,376.0995434385917,378.21254120378944,374.3196280633302,377.1465148925781,60737900,0.007834192554202035,-0.02734534775941755,0.05909717641491419,380.55967102050784,364.2255908203125,-0.00896878042483329,0.0354750583097827,0.014244926333543656,0.016619522102398407,-0.07872236185287262,0.781080732127113,0.010322018066554499,0
2022-12-09,375.9090843451082,378.45993659247966,374.205330689029,374.3290710449219,81447700,-0.007470422598121362,-0.03349648411728423,-0.003572544679757317,379.6982788085937,364.8060064697266,-0.014140721892443642,0.02610446211495021,0.014359150303573676,0.011387803843298624,0.34096997097364246,1.0894416744676416,0.011365951064324633,1
2022-12-12,375.119059475854,379.7258605957031,374.4528077117335,379.7258605957031,75405800,0.014417233306823762,-0.0016015640765647543,0.001104018903970383,379.9876220703125,365.6011517333984,-0.0006888684246691978,0.038634202314014265,0.014333742973941481,0.011648663132170734,-0.07418134582069225,1.0212156813618773,0.013886472929964293,1
2022-12-13,390.4528627513753,390.70984189180217,379.8401500031239,382.6004028320313,123782500,0.007570046011137199,0.020669014649232764,0.017336606022167356,380.6291473388672,366.27427551269534,0.005178939939166405,0.04457350245654945,0.014448826877613489,0.01157656384430991,0.6415514456447646,1.6194860348644307,0.028410037752757637,0
2022-12-14,382.257673780074,385.9602409589763,377.21307559103866,380.1541748046875,108111300,-0.006393689105491429,0.015871446987964388,0.00228362048226205,379.84104309082034,366.6822216796875,0.0008243756686197035,0.03674013172301649,0.010106340192312185,0.011541392896468064,-0.12660271039928905,1.4007857573766143,0.023009520735716545,0
2022-12-15,375.2998700641879,376.2041040710259,369.1987740389944,370.85491943359375,117705900,-0.024461799941751128,-0.016682098894050257,-0.014717487338546942,378.1515686035156,366.92093566894533,-0.019295567639367017,0.010721611612257043,0.01231849215499613,0.012696542858642433,0.08874742973213712,1.4779948645705974,0.018889678051812662,0
2022-12-16,368.302907769073,369.6415593936089,364.34432159505855,366.4765930175781,119858000,-0.011806035693695649,-0.02097747312391185,-0.02336157947188844,376.068994140625,367.14613464355466,-0.02550702470158961,-0.0018236379544798176,0.012468512884790589,0.012931826298748611,0.01828370540474178,1.463342660782513,0.014454505142968964,0
2022-12-19,366.66780330486046,367.0024734712642,361.70520704366805,363.3689575195313,79878100,-0.008479765303585851,-0.043075557325781166,-0.03601997606014018,374.3723907470703,367.5073480224609,-0.029391679246381752,-0.011260701385150784,0.011746930081763753,0.012960527805606619,-0.3335605466468654,0.983057303401554,0.014578203002691545,1
2022-12-20,362.61364283927566,365.482194633709,361.2941043449694,363.8662414550781,74427200,0.0013685371996039475,-0.04896534671234476,-0.031178104204203416,373.2737579345703,367.9312377929688,-0.025202726630306538,-0.011048250108565028,0.011317853481792659,0.012970566941689526,-0.06824023105206556,0.9030895548964845,0.011509972104011884,1
2022-12-21,366.4575070608886,370.4352358837999,365.92204637130624,369.3069458007813,78167400,0.014952484528232501,-0.02853376267531249,-0.02974835970952383,372.78296813964846,368.5073449707031,-0.0093245202596407,0.002169836886539489,0.012661373280168978,0.013065320336198857,0.05025313326310821,0.9383740714910687,0.012220700324786943,0
2022-12-22,366.2662563964438,369.2878012297657,358.3490543275083,364.0383605957031,100120900,-0.014266141660710274,-0.018380661764717976,-0.04957930721994275,371.47215270996094,369.0005438232422,-0.02001170763414395,-0.013447631204348665,0.012827853055301895,0.013233267757077788,0.28085237579860656,1.1793656219660644,0.030048335797242604,1
2022-12-23,363.0152163629817,366.2758070046261,361.4662030943732,366.1323852539063,59857300,0.005752208791338864,-0.0009392353297044131,-0.04389846063315772,370.65248413085936,369.3564910888672,-0.01219497796582214,-0.008728981113764078,0.013047781046679696,0.013353254256129593,-0.40214980089072316,0.6931180841750333,0.013136242801678103,0
2022-12-27,366.0176778685383,366.36189009849295,363.0152461319759,364.6885681152344,51638200,-0.003943429198896675,0.0036315996961082675,-0.032226154018713093,369.1487548828125,369.84232360839843,-0.01208235625498466,-0.01393500733739994,0.01167996961300292,0.012964389043734576,-0.13731157269038197,0.6036217280302935,0.009176717503959604,0
2022-12-28,364.6216127041186,366.59137848650926,359.9267751898031,360.15625,70911500,-0.01242791387363218,-0.010196030937748124,-0.04260907199617747,366.9043395996094,370.0625665283203,-0.018391959078416287,-0.026769301800111167,0.011185986680985676,0.01319060527585506,0.37323725459059376,0.820000749329073,0.018504755357448777,1
2022-12-29,362.9961320141737,367.5093216045126,362.4702133125497,366.6391906738281,66970900,0.018000355883947883,-0.007223679806965477,-0.055139393689631944,365.55284118652344,370.33042114257813,0.0029717987795652157,-0.009967397378161547,0.013503313327039034,0.011634709529938976,-0.05557067612446498,0.8108095674001063,0.013744052518504062,0
2022-12-30,363.9618527124626,365.8168226274327,361.8486652893112,365.6734008789063,84022200,-0.0026341695582156044,0.004491395578552826,-0.05693431989737574,365.0346893310547,370.6290264892578,0.001749728358754199,-0.013370851326171329,0.01133393702409789,0.01162500301379172,0.25460759822549783,1.0125746621696128,0.010851643375164621,0
2023-01-03,367.52835185196017,369.4980880882608,361.27490181125125,364.1339111328125,74850700,-0.004210012930646823,-0.005458337480056308,-0.05982000174452651,364.80042114257816,370.9556628417969,-0.0018270538385841695,-0.018389668610864884,0.010797014428316596,0.011621446956325835,-0.10915567552384964,0.9077855007211885,0.02258286313248708,1
2023-01-04,366.3905264117615,368.9722345195995,363.3498687241592,366.9451293945313,85934100,0.007720286893833084,0.0061876391984514445,-0.03520544352051369,365.15803833007817,371.16948181152344,0.0048940208810019925,-0.011381195448437298,0.010696357682199613,0.011295261448533907,0.1480734315109946,1.0367697903582114,0.015322088631391189,0
2023-01-05,364.9945470716449,365.10928447945327,362.1642506841692,362.757080078125,76970500,-0.011413284932591083,0.007221393709327506,-0.032267324499076766,365.04712219238286,371.21235412597656,-0.006273278092166379,-0.022777458653712057,0.011392605042754349,0.011136680479705768,-0.10430783588819803,0.9291880492006523,0.008118473648122373,1
2023-01-06,365.8454488909287,372.1945229681979,362.7856784133102,371.0757751464844,104189600,0.02293186136179015,0.012100682593430445,-0.008388412848777116,365.22400512695316,371.3064300537109,0.016022413470596186,-0.0006211982571731056,0.012771455467639158,0.012411680022592821,0.3536302869281087,1.2293847324083826,0.025355588225001897,0
2023-01-09,373.2654787600865,376.4495872696216,370.68379991549534,370.8654479980469,73978100,-0.000566803770347124,0.014198591165398788,-0.016654182516628202,365.90671386718753,371.4515057373047,0.013551908021723902,-0.0015777503394271974,0.011694851387163259,0.012261444572156303,-0.2899665609619386,0.8661385287056839,0.015546844240277167,1
2023-01-10,370.28225918611713,373.5332789955664,369.3451883480415,373.4663391113281,65358100,0.007013031619205856,0.02562910976756494,-0.002304742004636373,366.6401092529297,371.68743225097654,0.018618339036358122,0.004786029082496368,0.011747424425912322,0.01227245859081461,-0.11652097039529263,0.7724912319519037,0.01121410475035185,1
2023-01-11,375.0440257972263,378.2663609074049,374.2312636370513,378.1898498535156,68881100,0.012647754958123425,0.030644146926104066,-0.004045051711194625,367.9902374267578,371.84574157714843,0.027717073414992077,0.017061129299099198,0.01197674650128637,0.012168658860195882,0.05390303573696298,0.8172822051269638,0.010669501764567388,1
2023-01-12,379.2894696301709,381.0297021014003,375.2256881711222,379.5667419433594,90157700,0.0036407431092533304,0.046338618288619404,-0.007929058271284095,369.93128662109376,372.08508239746095,0.026046608304679086,0.02010738914253629,0.010566506125985956,0.012069069801771025,0.3088887953299235,1.091504978726248,0.01529115512218448,1
2023-01-13,376.3730639766159,381.6129617235171,376.1053336789152,381.0392456054688,63903900,0.003879432783205239,0.02685023147914012,0.0023281890860096244,371.3712921142578,372.3860430908203,0.02603312021284765,0.023237182690378333,0.009580100113994936,0.012015857371361292,-0.29119864415352215,0.7949326942083047,0.014454227768193094,0
2023-01-17,381.0201591163604,382.69348088927234,379.6623651812431,380.34124755859375,62677300,-0.001831827180336587,0.02555050520801494,0.025579620568303207,372.83807678222655,372.8567449951172,0.020124475593059632,0.020073399942314385,0.009522473657159143,0.010548731076422247,-0.019194446661314868,0.8073055801284016,0.007969463547500912,0
2023-01-18,381.526947386791,382.58829750949707,374.1356353327088,374.33642578125,99632300,-0.015787984647704256,0.00232975928163226,0.02144702530372755,373.8583282470703,373.28082946777346,0.0012788200718207854,0.0028278878263896523,0.01118737083626102,0.010842915235666415,0.5896074017227928,1.3002354085614538,0.02258038917571905,0
2023-01-19,372.2997830998825,373.944420724422,370.2918200719056,371.6113586425781,86958900,-0.007279727408265435,-0.017394679453945017,0.022683283622552564,374.324951171875,373.54875915527344,-0.007249296422270568,-0.005186472890651439,0.011460107939687438,0.010790204827013579,-0.12720172072711355,1.129623977637423,0.009829087748713147,1
2023-01-20,373.0074064874466,378.68714212069887,371.3627687421208,378.5341491699219,91806400,0.018629114439965733,-0.0027204511337075576,0.04031126288656983,375.9026580810547,373.88661315917966,0.00700045884831102,0.012430335420336558,0.011685801121055894,0.011474859924509912,0.055744725381760896,1.179282731372662,0.019349306778898272,1
2023-01-23,379.3373059432333,385.0074698849866,378.3811219727352,383.0759887695313,84178800,0.011998493688268663,0.005345231987393229,0.037283466030930246,377.10267944335936,374.2762799072266,0.01584000764722515,0.023511265166165307,0.010164157405285437,0.011317849429484326,-0.08308353230275889,1.077144987663136,0.017297737541670966,0
2023-01-24,381.40265563212273,383.57318267652687,380.2169968812223,382.6648254394531,59524900,-0.0010733205477034824,0.006109192457495416,0.051166214498027385,378.2826171875,374.80753845214844,0.011584482217381398,0.020963524425770874,0.010186441601858482,0.010693750855914959,-0.2928754033081964,0.781986366943039,0.008770562571175188,1
2023-01-25,378.6010846087599,383.1429588263349,376.3157907326831,382.8082885742188,84800300,0.0003749054661632556,0.02263168158238349,0.0455461029724209,379.21681213378906,374.9502807617188,0.00947077325032386,0.020957466138007197,0.010125269243157632,0.010676647071138627,0.4246189409810013,1.0960745353898014,0.017834431221643018,1
2023-01-26,385.4663982164665,387.1779754700334,382.5022224600164,387.0154113769531,72287400,0.010990155982264271,0.0414520503104181,0.06122167025170877,380.0993682861328,375.10444702148436,0.01819535539352435,0.03175372739525684,0.009953147201434559,0.010740257269247213,-0.1475572610002559,0.9220362798420173,0.012081568001080983,1
2023-01-27,385.97315181927854,390.2759788703347,385.7627902184548,387.9046325683594,68346200,0.002297637678671638,0.02475465798524601,0.07704540062364429,380.9331573486328,375.3409307861328,0.01830104595842852,0.033472773022416025,0.009942911069019246,0.010111106323841497,-0.05452125819990761,0.8731942813901412,0.011634789257342884,0
2023-01-30,385.1509087422322,387.3788338334304,382.7413355345612,383.0377502441406,74202000,-0.012546595001958538,-9.981968724670498e-05,0.04472669585642053,381.1330078125,375.4159252929687,0.004997579303279931,0.020302348509120716,0.01094460926485254,0.010154862202268862,0.08567850151142276,0.9436493127410525,0.012107157312597438,1
2023-01-31,383.554027333468,388.7174142189188,383.20978597821664,388.6696166992188,86811800,0.014703162942787174,0.015692038725717117,0.06288730808705378,381.9658447265625,375.6614276123047,0.017550710528726254,0.0346274281328105,0.011758981767107138,0.0104526054570838,0.16993881566534585,1.1020571200573093,0.014170462531843259,1
2023-02-01,387.4552591361378,395.5445957142965,384.7205872650518,392.8003234863281,101459200,0.010627809866357474,0.026101929373903987,0.0787249181608356,383.81223449707034,376.01257690429685,0.023417932471682112,0.04464676878694962,0.010113401572246,0.010432570960754664,0.16872591053289998,1.266610347461697,0.02755600696347561,1
2023-02-02,396.68245506156615,399.9813013244029,394.7892295371712,398.5183410644531,101654500,0.014557059239092007,0.029722148910230617,0.08604341396224124,386.5029327392578,376.4440124511719,0.03108749586979509,0.05863907482429265,0.009539230348501735,0.010675323227323076,0.0019249116886392859,1.2567167703376048,0.013028438724711046,0
2023-02-03,393.5557310779441,398.7000051703591,393.0776391240828,394.2824401855469,94736800,-0.010629124038788351,0.016441689739458143,0.08690487888101983,388.0777618408203,376.81814147949217,0.01598823471691624,0.04634675665424459,0.010067467957502185,0.010616278073335305,-0.06805109463919456,1.1584735684178238,0.014259742441561519,0
2023-02-06,391.834637420615,393.2689133762878,390.2186841761235,391.8728637695313,60295300,-0.006111295280818552,0.023065908046294048,0.05604539561990318,388.9574493408203,377.0429974365234,0.0074954585229101145,0.03933202959300308,0.010123462084533534,0.00988443492999659,-0.3635493282441459,0.7576447349324695,0.007783721411131515,1
2023-02-07,390.9549267928235,398.2410438196988,389.7118993305467,396.9980163574219,90990700,0.013078610594748241,0.02142796683963133,0.07046374500628216,390.39076843261716,377.3223846435547,0.01692470329493756,0.052145413351116554,0.010575616112547856,0.01010987370255453,0.5090844560023751,1.1312582692863815,0.021484098503588494,0
2023-02-08,395.0283601217792,396.3670120874372,391.9685591884826,392.6570129394531,76227500,-0.010934572061086834,-0.00036484325064456424,0.05138528380841412,391.3756408691406,377.5166650390625,0.0032740210082236043,0.040105111383159864,0.011535891970114105,0.010564129501926369,-0.16224954858023954,0.9413516118535405,0.011201768347463278,0
2023-02-09,396.2522033663381,396.4051963035193,388.0290153704697,389.2529296875,78694900,-0.008669355543836965,-0.023249648566249115,0.029252714842213257,391.5993927001953,377.7650750732422,-0.005991998599680581,0.03041004945211112,0.011622652270547864,0.010568312503094817,0.032368895739726566,0.965968693712106,0.021518607296736682,1
2023-02-10,388.0767519738261,390.54372257551336,387.2640190694922,390.1612548828125,70769700,0.0023335089501874684,-0.01045236836008967,0.027912121291791436,391.82505493164064,378.04459716796873,-0.004246282946654412,0.03205086861606499,0.011623227151372265,0.010558385384385565,-0.1007079238934162,0.8791492055573099,0.008406020497874036,1
2023-02-13,390.811401505177,394.8751822143088,390.3524228260213,394.7413024902344,64913500,0.011738858100601268,0.007319819732121147,0.0359596998020324,392.99541015625,378.1787188720703,0.004442526016500414,0.04379565213918557,0.011086377991219944,0.010797880046110752,-0.08275010350474854,0.805894144168191,0.011457527651035058,0
2023-02-14,393.22101173495633,396.8640696336887,390.61064866854656,394.5596923828125,88389300,-0.00046007374013357083,-0.006141904679982435,0.03738338903678429,393.58441772460935,378.31491943359373,0.0024779300558732675,0.04293981578506112,0.010329528184483386,0.010777778987998528,0.3616474231092146,1.0801045824218338,0.015849112531938266,1
2023-02-15,392.3701118499811,395.9175463340548,391.5286652576529,395.841064453125,61555700,0.003247600033784659,0.008108989292807678,0.05744735802024681,393.88849182128905,378.4856939697266,0.004957171058254328,0.04585475953230245,0.009862201822200156,0.009942448066903841,-0.30358425737051886,0.77011827445925,0.011087483009033863,0
2023-02-16,390.8784407346895,394.8179138959173,390.2569270102,390.3907775878906,76431500,-0.013768876841426803,0.0029231582182416282,0.050535104776963546,393.0757354736328,378.68680969238284,-0.006830637567864506,0.030906721850215035,0.009539296034199752,0.010386177371443154,0.24166405385691325,0.9625670402255206,0.011683131742758566,0
2023-02-17,388.2680035232992,389.654481748422,386.3460646880192,389.4154357910156,89257800,-0.002498373047901792,-0.001911566262572384,0.028745851979154358,392.5890350341797,378.9780670166016,-0.00808376943815503,0.027540825400739655,0.009058104553899162,0.009714093021978634,0.16781431739531483,1.1259064647116248,0.008495854956756895,0
2023-02-21,385.3994752719773,386.4512833840668,381.3452649276504,381.6034240722656,82655900,-0.020060868164821333,-0.03328224924802181,-0.0038440537659268914,391.5620910644531,379.1258386230469,-0.025433174506538814,0.006534994972163144,0.010803667699849454,0.010497584862842121,-0.07396440423133888,1.0436318726034244,0.013380431448774023,0
2023-02-22,382.0145867260471,383.5540580010402,379.624126941612,381.0775451660156,83742300,-0.001378077011569001,-0.03417010778616514,-0.004147964923649994,389.9700439453125,379.20445922851565,-0.022803030431086002,0.004939514533428113,0.009340868856445316,0.01049923174847882,0.013143647337939601,1.0414269221363242,0.010312680737239687,1
2023-02-23,383.9652350352112,384.5772067863999,378.88790045752,383.1046752929688,96242400,0.00531946883952461,-0.032175512608203394,0.0007742432115405151,389.0148101806641,379.3799713134766,-0.015192570393272486,0.009817871951955492,0.00942263771360659,0.010570350688587547,0.14926864917729743,1.1884239722747503,0.014850527012047508,0
2023-02-24,378.0942785897589,379.8440824170156,376.3922722888768,379.01220703125,108194400,-0.01068237619023893,-0.029146617209928616,-0.020679291083599782,387.99073791503906,379.3656982421875,-0.02314109592418967,-0.0009317953957761471,0.00959098904803638,0.010504984206674475,0.12418642926610302,1.3070339340242287,0.00910738510291354,1
2023-02-27,382.3492579579314,383.7070519585176,379.365968807818,380.3030395507813,80444700,0.0034057808576726245,-0.023400192706086287,-0.019596551263765694,387.004916381836,379.3197509765625,-0.017317291195449114,0.0025922419586308365,0.009658291892476934,0.010526148078973091,-0.2564800026618753,0.9647556749690092,0.011414800039009272,0
2023-02-28,379.8249605351709,381.78512595829335,378.79226552930106,378.8974609375,96438600,-0.003695943674133062,-0.007091034734146406,-0.01080908945398118,385.42053222656256,379.29461669921875,-0.016924555760895688,-0.0010470904258409464,0.008259557370469689,0.010193128709567418,0.19881856728908187,1.1413483527047206,0.007898866415169688,0
2023-03-01,378.0847173960627,379.30863174384257,376.1436650512144,377.4440612792969,99706800,-0.0038358653937848874,-0.009534762498629612,-0.02888199884327236,383.708969116211,379.4263995361328,-0.016327238457166993,-0.0052245659744799555,0.008164644937586202,0.009561800451523673,0.03388891999676469,1.171091286917471,0.008385260273803081,1
2023-03-02,375.4742885040699,381.2209631061389,375.1396183015111,380.3795166015625,85127800,0.007777193029124163,-0.007113352739228085,-0.03162117274885068,382.16281433105473,379.7044580078125,-0.0046663298013799315,0.0017778526944134398,0.008741038789788932,0.009392494974471803,-0.14621871326729974,1.009538206458567,0.01598757172562962,1
2023-03-03,382.1962660076362,386.7285976253681,381.5460679461616,386.47998046875,90120000,0.01603783484897159,0.019703253085155303,-0.0302077956149982,381.77173461914066,380.1666784667969,0.012332620313827869,0.016606668494499655,0.010007895901572984,0.00953107028019104,0.05864359233998773,1.076101075169696,0.01340956825996717,1
2023-03-06,387.3022850157021,389.59714976739536,386.3078747490803,386.7477111816406,72795900,0.0006927414780084629,0.016946148099346914,-0.019109978624359925,381.50496215820317,380.62430786132813,0.013742282652835724,0.01608778838829017,0.010004308125271954,0.009292895818584588,-0.19223368841544608,0.8807759637704827,0.0085049631147531,0
2023-03-07,386.699921017692,386.9389670021749,380.20742390861926,380.8193664550781,108310600,-0.01532871315113793,0.005072363147598846,-0.02820684547566421,381.42655639648444,380.85455627441405,-0.0015918921512511064,-9.239700236263193e-05,0.009050128963334349,0.009779556292167388,0.4878667617269654,1.2734857525822894,0.017676472591762676,1
2023-03-08,380.93405020632537,382.1961905528292,379.2129019840556,381.4408264160156,74746600,0.0016319021974182668,0.010589026419364655,-0.039187072228088704,381.4628845214844,381.2026055908203,-5.782503714990561e-05,0.00062491919441654,0.009055493495599034,0.00920677723355298,-0.3098865669657448,0.8873232773763999,0.007821104512603785,0
2023-03-09,382.2249278212765,383.8887075845493,373.4184826190144,374.4033508300781,111945300,-0.018449717750616768,-0.015711060955325484,-0.046487548949468716,380.59275207519534,381.36802490234373,-0.016262530516856333,-0.018262344028577182,0.01054039982788674,0.009730927700915338,0.49766410779888326,1.3013235754572974,0.02796509417536377,0
2023-03-10,373.8583785171061,375.9333106680976,367.4806474809918,369.0009765625,189253000,-0.014429289309512594,-0.045226156048368216,-0.05202774746296368,379.5916290283203,381.45427307128904,-0.027900121224828656,-0.032646892138659234,0.010932957490658009,0.01000959982679256,0.6905845980134941,2.0671619839590774,0.02290688568319843,0
2023-03-13,365.0805952370844,373.28466995051247,363.9714183424298,368.47503662109375,157790000,-0.001425307722233593,-0.04724701409277354,-0.055582705843593705,378.40882873535156,381.62064880371094,-0.026251480832137797,-0.03444680528641608,0.010742206846904145,0.009946784864344523,-0.1662483553761367,1.6453064788673943,0.025275122280969016,1
2023-03-14,373.38980130348455,376.21055539266825,370.0909552792131,374.56591796875,149752400,0.01652997012636037,-0.016421035895677782,-0.05111039659191352,377.9756744384766,381.77918334960935,-0.00902110029909231,-0.01889381531379597,0.012395020011205269,0.010364492348716562,-0.05093858926421191,1.4953549875905,0.016337845543025867,0
2023-03-15,368.98181836154816,372.4240570496017,366.8973152870415,372.2232666015625,172996900,-0.0062543100020726605,-0.024165110748790353,-0.056611017831944666,377.45359497070314,381.9101806640625,-0.013856877875402351,-0.02536437768078481,0.012478082358769115,0.010383417530652314,0.1552195490689965,1.6574485010504867,0.014847921283964585,1
2023-03-16,369.871070213234,379.0982391870772,369.3642939038433,378.7539978027344,143254200,0.017545198774913118,0.011620213769482968,-0.0431664831792965,377.2910430908203,382.20258239746096,0.0038775230387908532,-0.009022923322742793,0.01360127786389671,0.011279441960411689,-0.17192620214581877,1.3207978159392895,0.02569991429715176,0
2023-03-17,377.4256505147599,378.5582467760813,372.943216125859,374.3253784179688,140553400,-0.011692601029843375,0.014429235133926577,-0.04115209705819689,376.07558288574216,382.3501873779297,-0.004653863604607067,-0.02098811305675874,0.012686071173089895,0.011175891140891287,-0.018853199417538935,1.2586896064126691,0.01500040065130879,1
2023-03-20,375.1027709061093,378.3374331198012,374.4021114765073,377.9246826171875,93055800,0.009615442624891335,0.02564528138119404,-0.029507698251578174,375.1932800292969,382.6535394287109,0.0072799880309086795,-0.012358063690155463,0.013283595533663144,0.01147400230228041,-0.33793277145910383,0.8319223718635553,0.010412978628548874,1
2023-03-21,381.28415054635593,383.3670015855469,379.69082383763816,382.8870849609375,91524200,0.013130664844075879,0.022215494237470157,0.003363861033984783,375.4000518798828,382.889765625,0.019944145035574845,-7.001137933615453e-06,0.013212885045957756,0.011029813718694529,-0.016458941839197605,0.8149990340585308,0.009601205922847463,0
2023-03-22,382.7142575848104,386.32321007597335,376.3217657060295,376.3601379394531,111746600,-0.017046662783494648,0.01111395151533845,-0.012379126732611212,374.89198303222656,382.9996594238281,0.003916207797648008,-0.017335580648722426,0.0143272406622233,0.011686623490278894,0.22095139864647817,0.9828198738469435,0.026574133022431883,1
2023-03-23,379.22048781510506,383.2517988904117,374.6708879123496,377.3776245117188,119351300,0.002703491867752872,-0.003633950529896235,-0.014949049569469186,375.1894104003906,383.07788513183596,0.0058322917722890555,-0.014880161036065598,0.01300591087493307,0.011631893861591698,0.06805307723009024,1.0391437757511237,0.022738261149332206,1
2023-03-24,376.1010222149094,379.9403548581303,373.759026959202,379.8539733886719,107682400,0.006561991798419875,0.01476949009994688,0.0022209478792656334,376.2747100830078,383.11116760253907,0.009512367453221815,-0.008501955801106797,0.011910540795314837,0.011490368453243196,-0.09776935818880905,0.937756371221501,0.016272905726863348,1
2023-03-27,382.1288028794633,382.8966870426311,379.6716321408978,380.5642700195313,74010400,0.0018699202341438959,0.006984427119351544,0.0006869008174601454,377.48363342285154,383.1311181640625,0.008160980566881637,-0.00669965978443976,0.01182077079952992,0.011472749450642493,-0.3126973395838132,0.6463332597140936,0.008474402764000227,0
2023-03-28,379.8732077448908,380.5642888800985,377.8767674052834,379.7100524902344,62871700,-0.0022446078010768256,-0.00829757021192623,0.0021446212669882225,377.998046875,383.10453430175784,0.00452913878626604,-0.008860458458708198,0.010943791527602567,0.011452067854194064,-0.15050182136564594,0.5572261893836259,0.007077825454421561,1
2023-03-29,383.86611930354206,385.4690537806492,382.6663276952182,385.2290954589844,77497900,0.014534887692740028,0.023565082019812778,0.020625663451429466,379.2986297607422,383.2022912597656,0.015635347013995382,0.005289123383254601,0.011293228180559074,0.01184393208224155,0.23263566914844036,0.6936839572600334,0.00727547871764897,1
2023-03-30,387.8589998974814,388.10856590647154,385.6226013974357,387.4846801757813,69840000,0.005855177460335703,0.026782339512417597,0.018679143497785322,380.17169799804685,383.46525634765624,0.019235998408729582,0.010481846168824749,0.010232815083870523,0.011794494238127094,-0.09881429045174128,0.6294447664470609,0.006415645924138477,1
2023-03-31,388.4061147934353,393.24368242982905,388.3005179073783,392.9461364746094,112062600,0.01409463800310884,0.03446630548350593,0.01673089508547565,382.0337738037109,383.8919519042969,0.028563869006265508,0.02358524195518874,0.009532011272954074,0.011671387826485401,0.6045618556701031,1.0000940634201638,0.012579750921587536,1
2023-04-03,392.4278257842298,394.8465950024576,392.03429064106433,394.4434814453125,67391100,0.0038105603585694148,0.03647008539469265,0.019898683408257956,383.68565368652344,384.2101385498047,0.028038128753123504,0.026634754965429552,0.009389130666723686,0.011689355801186484,-0.39862987294601415,0.6028806831021359,0.007129803111686572,0
2023-04-04,395.0865256835199,395.3744932102715,390.8824517022873,392.2550354003906,66601500,-0.005548186617010398,0.03303832181392896,0.0300291160393531,384.62244873046876,384.3937194824219,0.019844360866389632,0.020451208018054556,0.009300699193171665,0.011160688221499264,-0.011716680689289882,0.6071440926962347,0.011451838988883823,0
2023-04-05,391.5255732993779,392.283849746842,389.5771130294023,391.22802734375,65200200,-0.002618215099756016,0.01557237486856522,0.025658503888254636,386.10923767089844,384.56498352050784,0.013257361320152095,0.0173261844129573,0.006691726063048301,0.011199235162097877,-0.021040066665165225,0.5969673146290557,0.0069185654612148725,1
2023-04-06,390.4313411526847,393.0325102209904,389.3851264771968,392.754150390625,63743300,0.0039008530580915135,0.01359917045611514,0.04901344905130234,387.6468902587891,384.76390075683594,0.01317503186579505,0.020766630180409695,0.006678598268103505,0.010191731536839414,-0.022345023481523008,0.5967973937014358,0.009286684151309305,1
2023-04-10,390.27775752337686,393.23406013832266,389.66347951634174,393.1572570800781,63681000,0.001026358827913576,0.0005372761960782402,0.06546400159319532,388.9772186279297,384.8867376708984,0.010746229475579572,0.021488190160118048,0.006674060546877234,0.009400149379871619,-0.0009773576203302436,0.6334505268036233,0.009081812831077079,1
2023-04-11,393.78116601430696,394.6641961280183,392.4949930804865,393.2628479003906,59297900,0.0002685714644992121,-0.0029931627735254596,0.06727134491009346,390.2470764160156,384.99390197753905,0.007727851575651812,0.021478121810183826,0.006735595773445836,0.009363677128885362,-0.06882900708217521,0.6202336805300602,0.0055159114549291465,0
2023-04-12,395.3264818376402,395.61444936283374,391.0744279375137,391.659912109375,86420400,-0.0040759909042351605,-0.0015171845796909667,0.045636811361067675,391.4420623779297,385.1663452148438,0.0005565312274360412,0.016859123272852772,0.006925562467033374,0.008956392280121225,0.4573939380652603,0.9348897014835923,0.011591743972133155,1
2023-04-13,392.7444905245143,397.2173161681857,391.6022868221369,396.8621826171875,85814800,0.013282621853726306,0.014401205638795211,0.06619391700196742,392.60537109375,385.33019653320315,0.010842468893327961,0.029927543150620073,0.006704105955005363,0.009042528293596882,-0.007007604685930646,0.9742820833347762,0.014148562377547186,0
2023-04-14,396.22873922494233,398.4171577397506,393.58919793642514,395.8927917480469,78161500,-0.0024426385571630904,0.007991363946886931,0.04525046347956674,393.44618225097656,385.3920458984375,0.006218409549872517,0.02724691897864595,0.0068238490059298156,0.00846542517748424,-0.08918391699333916,0.9214398045868336,0.012195119244298044,1
2023-04-17,395.8064397500749,397.3325711300684,394.5778543396015,397.3133850097656,66436400,0.003588328182097422,0.010571159135035257,0.06141183023430652,393.8829071044922,385.3679467773438,0.008709385056821839,0.030997487809549584,0.0054554523820533815,0.007804673612684039,-0.1500111947698035,0.8189936951080227,0.006933360149442683,1
2023-04-18,398.8875072085601,399.0218979297028,396.1999857035815,397.5725402832031,63560000,0.0006522691739447861,0.010958808862372216,0.05198881832737445,394.19581298828126,385.4337487792969,0.008566116593994089,0.031493846977206585,0.005373132084569386,0.007661647516347449,-0.04329554280484793,0.7980437131080563,0.007097854957767365,0
2023-04-19,395.6624479202901,398.4075568472331,395.60486027089866,397.5053405761719,55227300,-0.00016902502115312412,0.014924755600630668,0.03817902506877635,394.72084350585936,385.5463983154297,0.007054345155885322,0.031018166199955344,0.004916461987751605,0.007263169187084294,-0.13109974826935178,0.7095896224478724,0.007050714267818397,0
2023-04-20,394.6929889766768,397.0829934844094,393.7907434550367,395.3360900878906,75840400,-0.005457160613583145,-0.0038453967048025506,0.05041966519708918,395.13164978027345,385.5131597900391,0.0005173979551647001,0.02548014263171039,0.0052417109963435,0.006029531823741001,0.37324113255581937,0.9974458340383303,0.008327724465127369,1
2023-04-21,395.6336418065236,396.10395069254025,393.6947893230702,395.6432495117188,73457400,0.0007769577115004367,-0.0006303278097745668,0.04840145205650059,395.4205596923828,385.57288452148435,0.000563172080655594,0.026117928398238677,0.005145628943485579,0.006041146058372295,-0.03142124777822897,0.9961688317764423,0.0060892265252681455,1
2023-04-24,395.4416619438188,396.4782981802782,394.1075090570705,396.0559692382813,64332100,0.0010431613001657958,-0.0031647958989687863,0.04265322198704857,395.71043090820314,385.7089453125,0.0008732100624315731,0.026825989004217066,0.005145733757991863,0.005965805296989718,-0.1242257417224133,0.8988395595815957,0.005985995180851229,0
2023-04-25,394.0882614021865,394.6449810037149,389.7114248085009,389.7690124511719,97766700,-0.015873909940559372,-0.019627934631683996,0.024187090477958417,395.3610473632813,385.7011004638672,-0.014144122061096942,0.010546799017198571,0.007365577490104023,0.007195596650672224,0.5197187718106513,1.3436835874992665,0.012657640904257514,0
2023-04-26,390.3833244029181,391.4583328014488,387.5614127108839,388.11810302734375,80447000,-0.004235609735740442,-0.02361537466445507,0.022143344591398773,395.0068664550781,385.5686364746094,-0.017439604251835994,0.006612224936252797,0.00737347178146267,0.007259543641899498,-0.17715336612568489,1.0924513818938952,0.010040552244712852,1
2023-04-27,390.65211692803183,396.11357024267807,390.402550919768,395.8448181152344,92968400,0.019908154315971816,0.001286824148108101,0.027556907776142392,394.90513000488284,385.59433898925784,0.0023795287499555062,0.026583583028852775,0.008922735599892005,0.00785695501889757,0.15564781781794235,1.2493653620023517,0.014427419689620783,1
2023-04-28,394.9617574024191,399.23302689490464,394.9041697532796,399.2234191894531,89433100,0.008535165599250494,0.009048984614681954,0.030294717737864074,395.2381927490234,385.6619860839844,0.010083100554404867,0.035164038963683364,0.009286904030993517,0.007959314545940325,-0.03802689946261306,1.1862388069421812,0.01084319439579467,0
2023-05-01,398.781880454679,400.845515871164,398.5899021077479,398.8202819824219,62122300,-0.0010098035026345764,0.006979601265591384,0.014948984002014942,395.3888824462891,385.830576171875,0.008678543298695107,0.033666864714113176,0.00925149951145011,0.007400694504266189,-0.30537686829596644,0.8522145646472453,0.005655714780111291,0
2023-05-02,398.1100590933305,398.1580683348258,391.4392350357237,394.3379211425781,103998500,-0.011239049372221532,0.011722093202518602,-0.0002676183222690698,395.06542053222654,385.92902587890626,-0.0018414656202214719,0.02178870906255792,0.009955347265317037,0.00782784010068868,0.674092878080818,1.3917402504178291,0.017038263222655795,0
2023-05-03,394.83697342513307,397.2461641447407,391.3911757317852,391.6311340332031,91531800,-0.006864130899539633,0.009051448459779454,-0.0015905503075330785,394.4779998779297,386.129580078125,-0.007216792433564101,0.014247947422119323,0.010133810239028344,0.007882408911101448,-0.11987384433429327,1.2048092702544126,0.01495026289829934,0
2023-05-04,390.584896203044,390.9112359586152,387.5230261150929,388.8572082519531,94901900,-0.0070830062785938175,-0.017652396958363292,-0.006059941839784866,393.8301116943359,386.28517333984377,-0.012627026971067212,0.00665838372690164,0.01021808482155343,0.008020973771151154,0.03681889791307502,1.225218704906496,0.008713249418092242,1
2023-05-05,392.485388641624,397.1021838881152,392.22624422840113,396.0559692382813,87891800,0.018512607799374692,-0.007934028413470129,0.00840683375178175,393.8713836669922,386.54419921875,0.005546443996388817,0.024607198966523525,0.012051944442082825,0.009023941097416888,-0.07386680350972952,1.1172989200279388,0.012311238911742071,1
2023-05-08,396.3823017131118,396.641446121568,394.7601813275021,396.1615295410156,50046800,0.0002665287508161196,-0.006666542704875322,0.0076414015176771155,393.88193969726564,386.88718566894534,0.005787495221289074,0.023971700835825116,0.012048189709755098,0.009023018174467733,-0.430586243540353,0.6417669531720607,0.004748731650560513,0
2023-05-09,394.6162031980649,395.5376348099792,394.1938742734827,394.4242248535156,49220100,-0.004385344254685175,0.00021885724479009383,0.0029531824817052854,394.3474609375,387.169609375,0.00019466060674799834,0.0187375643719212,0.010844222784802168,0.009086891402208024,-0.016518538647825598,0.6352707352004774,0.003406891493532167,1
2023-05-10,397.2558085179079,397.8893020071386,392.4470343402583,396.2671813964844,96142900,0.004672523711374943,0.011837790615718102,0.011763443601608081,395.16236877441406,387.5170037841797,0.0027958447194678104,0.022580112683721065,0.010709440913301694,0.009081470309021187,0.9533259786144279,1.2331536716575349,0.01373383394431306,0
2023-05-11,395.4033173680311,395.8640185793233,393.5028369960926,395.5760803222656,70157100,-0.001744028036294254,0.017278507194237624,-0.0032406773717778004,395.1354949951172,387.87964416503905,0.001115023410270588,0.01984233066366281,0.008720039735706417,0.008587211275795814,-0.27028308902685483,0.9089806033582236,0.005968969562838823,0
2023-05-12,396.8142503993596,397.0254148728848,392.63897016343816,395.0577392578125,70481500,-0.0013103448116247307,-0.00252042655079443,-0.002109289453205876,394.71892700195315,388.17320861816404,0.0008583633382690525,0.01773571819692643,0.008184400936676758,0.00857486743152726,0.004623908342847649,0.9177496730879348,0.011103300286402173,1
2023-05-15,395.6624389099318,396.8238288685914,393.75238023444746,396.4207153320313,54289400,0.0034500680249409665,0.000654242705787178,-0.0022467646734639635,394.47897033691413,388.3720233154297,0.004922302939137202,0.020724180768460165,0.008305539632241789,0.008571817404259071,-0.22973546249725108,0.7125451128794051,0.007747951898960174,0
2023-05-16,395.31692397910456,396.2383850257728,393.7619987390595,393.7716064453125,57705500,-0.006682569261043714,-0.001654610358797104,-0.009560353024338886,394.42233886718753,388.51250122070314,-0.0016498366287872601,0.01353651480476259,0.007762578792040523,0.008694966742437749,0.06292388569407659,0.7603023000575772,0.006288889920399151,1
2023-05-17,395.7872199283248,399.1562144912637,394.14591338269895,398.5515441894531,87287000,0.012138858327776614,0.005764703463250198,0.002631923414575521,395.11437988281256,388.8671447753906,0.008699162778281977,0.024904133826107122,0.00823866786786929,0.009139664418642472,0.5126287788858948,1.126268103214297,0.012571275112619042,1
2023-05-18,398.23477512417634,402.8131980774416,398.0140322425111,402.390869140625,97177200,0.009633195523003346,0.017227504789489645,0.017845016505237288,396.46774597167973,389.2861456298828,0.014939735272609944,0.03366347263537506,0.007929827637630147,0.009272506794965833,0.11330667797037353,1.236855879800822,0.01192662707575826,0
2023-05-19,403.2930872519268,403.82098374117817,400.58635087495577,401.8053283691406,103793300,-0.001455154220409871,0.017080007403486697,0.0155748363330519,397.0426818847656,389.83418518066406,0.011995301013399073,0.030708295074042047,0.005994927305032901,0.009287808840682275,0.06808284247745355,1.2960437396796791,0.008050248809171401,1
2023-05-22,401.8245977682805,403.5043059220389,400.58640469895295,401.9685668945313,60745400,0.0004062627194447721,0.013994857856641785,0.014928692193735715,397.6233856201172,390.4935369873047,0.010927881587340593,0.029385966271702202,0.005992002736969887,0.009288073138301364,-0.4147464239021208,0.7602165986685377,0.007259028350471863,0
2023-05-23,400.3271669178512,401.9013072243869,397.0637403139911,397.457275390625,86383500,-0.011222995715209683,0.009359915456028212,0.019725177461141108,397.92669067382815,391.0731817626953,-0.0011796526702149146,0.016324549791817633,0.007034207687800216,0.008899191545429782,0.4220582957721901,1.088827959737182,0.012171287858906123,0
2023-05-24,395.8543225125212,396.2382498384188,393.4163385908165,394.5777282714844,89213700,-0.007244922404076259,-0.009970644891240887,0.016643452582487672,397.75774536132815,391.47341796875,-0.007994858998798371,0.007929811221517369,0.007307304783934993,0.00901728924432371,0.03276320130580501,1.1183226833216002,0.007151724604336346,1
2023-05-25,398.0811629564855,399.4441388209708,395.8447647643643,397.9947814941406,90961600,0.008660025586403997,-0.01092491898703607,0.0054313288453364805,397.99961547851564,391.98884826660156,-1.2145701118848606e-05,0.015321694109660777,0.007817994653872342,0.008067782092593645,0.01959228235125332,1.141669162245956,0.009043771988903573,1
2023-05-26,398.6474890724581,403.8689837488059,398.5707153088868,403.1491088867188,93830000,0.012950741145971723,0.003344357136906062,0.009833315152793398,398.8087524414062,392.47675048828125,0.010883302883254231,0.02719233275642452,0.008676793202312275,0.008360075926737867,0.03153418585425061,1.1744301657451026,0.013142205509395866,1
2023-05-30,405.0783704702366,405.60626696953454,401.9205113036728,403.30267333984375,72216000,0.00038091229706305185,0.003318932262836638,0.011239125891845836,399.4969482421875,393.05629638671877,0.009526293290603727,0.02606847173628224,0.008676573225948501,0.008352440499802164,-0.2303527656399872,0.8982229201324647,0.009138931897820387,0
2023-05-31,401.4790054006544,402.3812508973344,399.5017514717894,401.0662841796875,110811800,-0.005545188038641569,0.009080243368335683,0.0170624296481916,400.226416015625,393.5191284179688,0.002098482584991901,0.019178624917319587,0.008560333898430451,0.008018308743351781,0.5344494294893098,1.3724622602232133,0.007179609802989267,1
2023-06-01,401.2966730663804,405.9326839874396,400.0489015795839,404.8768615722656,88865000,0.009501116256561026,0.026101658970713704,0.033821947204890845,400.85894775390625,393.9589239501953,0.010023260902301212,0.027713390808861593,0.008243539417349762,0.008021816268258517,-0.19805471980420852,1.1024603294478734,0.014532276270387688,1
2023-06-02,407.4492601063623,411.51894416726753,406.92136347665047,410.7319030761719,91426200,0.014461289492240237,0.03200323766611701,0.05625379794951724,401.69305114746095,394.6463592529297,0.022501887704780676,0.040759387350468135,0.00888251199514466,0.008224992860649451,0.028821245709784504,1.136685279009214,0.011193629363055407,0
2023-06-05,411.0773899248413,412.3635629860605,409.2441048720611,409.9447937011719,65460200,-0.0019163580162752103,0.016856504614928047,0.0350678326843612,402.5069976806641,395.2977026367187,0.018478675062461036,0.03705331694759151,0.008904131122492344,0.007393858752750846,-0.2840104915221239,0.8253639388677771,0.007609459034314139,1
2023-06-06,409.5320128346257,411.36526832885664,408.8793040470703,410.8373718261719,64022200,0.002177312991199054,0.018682490805060903,0.03704509698899683,403.3938781738281,395.91737060546876,0.01845217306231972,0.03768463403837585,0.008885550790683277,0.0073860122403361095,-0.02196754669249401,0.8001826783526153,0.006050969196731576,0
2023-06-07,411.2309997126284,412.36359602704806,408.994571620611,409.4169006347656,85373300,-0.0034575023812761785,0.0208210382783931,0.03801154907972015,404.5898406982422,396.49442321777343,0.011930749245193217,0.03259182641742875,0.007860334481421684,0.00734762510889825,0.3334952563329594,1.0434647312286887,0.008228835695873037,1
2023-06-08,409.4840890067508,412.3444028643595,408.7162340623749,411.8932800292969,61952800,0.0060485519544792865,0.017329759052627125,0.039433239406161835,406.32139587402344,397.13808776855467,0.013712997178718433,0.037153807995724764,0.007014381363363183,0.007381389888843509,-0.2743304991138916,0.7733694797006553,0.008808516618009738,1
2023-06-09,412.689850828952,414.63831094166113,411.6436362158996,412.63226318359375,85742800,0.0017941131601959537,0.004626765277274902,0.04311732612202657,407.78514404296874,397.6861511230469,0.011886453470492997,0.037582681766362036,0.006877723692152174,0.007330128285939296,0.38400201443679705,1.060032944757941,0.007257490489610802,1
2023-06-12,413.6113457890231,416.4524439304632,412.89147087099775,416.3756408691406,76104300,0.009071946184395552,0.015687105353645592,0.053961483329949766,409.10779724121096,398.26397033691404,0.01776510659767383,0.04547654792098044,0.006386056815542802,0.007439850262009136,-0.11241177101750821,0.9376138840819899,0.008552308804694401,1
2023-06-13,417.8346155400201,419.76386044542505,417.1723282571571,419.1207885742188,95899700,0.00659295942324567,0.020162276647879285,0.05726258079922619,410.6896087646484,398.78746337890624,0.02052932343462821,0.05098787465139787,0.006377914461611339,0.007490492036852642,0.2601088243371268,1.1519680667206615,0.0061832585233576876,1
2023-06-14,419.456717805613,421.4243641568749,416.1740753599218,419.619873046875,100612100,0.001190789114407842,0.024920740683373133,0.0656427893186664,412.5449676513672,399.2909912109375,0.0171494163067496,0.05091244802264572,0.005578302769373352,0.007164909111180976,0.04913883985038536,1.178211723658732,0.012512011785406073,1
2023-06-15,418.8039711627685,426.069914890404,418.70801128446885,424.8221435546875,110303100,0.012397578956493627,0.031388867340761184,0.06591518650031003,414.53949584960935,399.94233337402346,0.024804989169979086,0.0622084938365266,0.005928367565248992,0.007182094544732589,0.09632042269269792,1.2745215738778257,0.01732937822952122,0
2023-06-16,426.804818584776,427.37322020593024,422.9030661850773,423.3751220703125,114165800,-0.0034061818724115955,0.026034946477122345,0.052148929160601876,415.80381774902344,400.5852752685547,0.01820883791369865,0.05689137421858392,0.0053714784011652805,0.00716120863653968,0.035018961389117864,1.3063324383076484,0.010558376692030915,0
2023-06-20,421.4387558395076,422.3250661429266,419.1073181445954,421.1786193847656,76160400,-0.005188076887479687,0.01153520533910024,0.04821561499509697,416.9272003173828,401.1537646484375,0.010197029755186104,0.049918152342101285,0.005790810373501865,0.0073185378890800665,-0.33289654169637495,0.8854573977885423,0.0076398654875488945,0
2023-06-21,420.19591625792975,420.9955241203809,418.43288044222425,419.02056884765625,76982300,-0.005123836865845055,-0.00023911895876960187,0.042421232298989864,417.7455200195312,401.67103088378906,0.0030522142477205083,0.043193401141459864,0.006304613240257365,0.007499370962935495,0.01079169752259701,0.8866442290261003,0.006115794470911369,1
2023-06-22,418.0668439684426,420.6391018260277,417.72964857046975,420.53314208984375,70637200,0.0036097827997971788,0.0021764199019875807,0.05805873518490645,418.8571441650391,402.2164367675781,0.004001359289563133,0.04553942516488951,0.006015335441806858,0.006813940927957483,-0.08242284265344113,0.8210093270891223,0.006918487425507957,0
2023-06-23,417.08416191308544,419.1362056994903,416.6410067753629,417.3539123535156,92074500,-0.007559998055156614,-0.017579665548225987,0.05772293378495097,419.40320739746096,402.7303167724609,-0.0048862169096461905,0.03631113668881536,0.006676327685952909,0.006838822035305974,0.30348456620590847,1.0683967342099359,0.005978616349986132,0
2023-06-26,416.7854848977608,418.7026386450145,415.4078319979814,415.648681640625,72823600,-0.004085814610613303,-0.01824963259982082,0.044357114634037575,419.70484924316406,403.1060467529297,-0.00966433342348405,0.03111497579539635,0.006887278500797551,0.00686097919746574,-0.20907960401631287,0.8540037185203575,0.007926902676625802,1
2023-06-27,416.5253768197751,420.82212620155866,416.0725783167209,420.20556640625,72813700,0.01096330859907546,-0.0023103095307568378,0.04230806206326965,420.087841796875,403.59230224609377,0.00028023807799693046,0.04116348123514535,0.00716171090368016,0.006709719124539654,-0.00013594494092572518,0.8645413004980269,0.011302915202807974,1
2023-06-28,419.1265614695,421.4290983033547,418.5100016357142,420.4175415039063,75636000,0.0005044557107349856,0.0033338999564911376,0.04243678332784251,420.21751708984374,404.05438537597655,0.0004760020844627455,0.04049741005212382,0.006880940933757714,0.006708114380824841,0.03876056291604457,0.8962317528573045,0.006943327476770737,1
2023-06-29,420.00325329466176,422.2383451446893,419.5986423394109,422.0745544433594,67882300,0.003941350623776652,0.0036653766356096185,0.05238104296560531,420.4629852294922,404.5444256591797,0.003832844436918892,0.04333301282205393,0.006973516295855981,0.00647013555849423,-0.10251335342958379,0.8253480755347847,0.006254115007619139,1
2023-06-30,425.2826176991366,428.0379231770427,424.9646797436319,427.0552673339844,104964000,0.01180055238628075,0.02324491203583423,0.05477815075821568,420.68629760742186,405.13542419433594,0.015139475097679433,0.054104977818809186,0.006863020902341611,0.00661840308653445,0.5462646374680882,1.2638373690162739,0.007196359976066872,1
2023-07-03,426.7085093216887,427.82602579498047,426.4291155030701,427.5466613769531,32793400,0.001150656789778992,0.028625087151401774,0.04093852504479756,421.10345153808595,405.7796356201172,0.015300776603310418,0.05364247942992839,0.006721300772000462,0.006014155216577526,-0.6875747875462064,0.4093025995883559,0.0032672697932232945,0
2023-07-05,425.7354192979581,427.6429588433256,425.7257759051176,426.9107666015625,58418400,-0.001487310819695442,0.01595695233801342,0.04138599431209733,421.6766662597656,406.40498596191406,0.012412591828290909,0.050456518369511594,0.006438587196212605,0.0060001042832249175,0.7814072343825282,0.732352953897169,0.004490828267157058,0
2023-07-06,423.3366343156822,423.991738320798,421.0629982853608,423.5678405761719,80658300,-0.007830502969044528,0.007493262676425028,0.03098663759193343,422.1313934326172,406.95522338867187,0.0034028436783013483,0.04082173230059216,0.006789309373497251,0.006393082915829915,0.38070025882256275,1.0007245666557898,0.006914453258427981,0
2023-07-07,422.5755014325792,426.43873894163033,422.25756345371417,422.4984130859375,86134200,-0.0025248080420355867,0.0010042269502295031,0.03195156924614029,422.3279205322266,407.6098114013672,0.0004036970927616679,0.036526602815037945,0.006814505362902113,0.0063579663419031495,0.06789009934501467,1.0681596610627913,0.00989631051481772,1
2023-07-10,422.1420000351028,423.7412452715391,421.5735983776706,423.5678405761719,62443500,0.002531198833205739,-0.008166218811873627,0.02834365383684978,422.9493133544922,408.31880615234377,0.0014624145308903547,0.03734590274575478,0.006210876499994374,0.006276357051355023,-0.2750440591542036,0.7741331533570502,0.00511759082304251,1
2023-07-11,424.3289087055748,426.7566624993896,423.3558667490492,426.2653198242188,64463800,0.006368470383345537,-0.002996963065055036,0.03303924064357333,424.01097717285154,408.9272161865234,0.005316708228636946,0.04239899657299162,0.006044497354952833,0.006373415663276421,0.03235404805944575,0.8098616896568316,0.007978119711316943,1
2023-07-12,430.0515505672172,431.10165159958825,428.6257099376319,429.695068359375,91924500,0.008046041691992523,0.0065219759622767715,0.03198896905311632,424.9599273681641,409.5366491699219,0.011142558830279148,0.04922250360330782,0.005650437472365558,0.006314357045228935,0.4259863675427138,1.1434883195002732,0.0057620900128311885,1
2023-07-13,431.50622355890425,433.8954626517325,431.0727118327768,433.10546875,72425200,0.007936792022413153,0.022517356749403472,0.03336670610721737,426.2287200927734,410.22235290527345,0.01613394014305225,0.05578222562145618,0.005879489334686968,0.006377182546993114,-0.21212299223819553,0.9142770291513128,0.0065174675053227046,0
2023-07-14,433.9917833635624,434.83954937929775,432.0746002832751,432.835693359375,69815800,-0.0006228861330327407,0.024467027456822388,0.03149474360339388,427.304833984375,410.9923083496094,0.012943591869597704,0.05314791680039077,0.005974109134921906,0.006397095864827636,-0.03602889601961745,0.8988078685823163,0.0063879877247714646,1
2023-07-17,432.6911892645716,435.3886934056767,432.6430016974079,434.3385925292969,52680200,0.0034722163467098,0.025428634852149523,0.022401019153523327,428.0331665039063,411.84645751953127,0.014731162252897612,0.05461291362133158,0.005047903161895069,0.0058935793382266745,-0.24544014392157654,0.7043291948356608,0.00632154672758809,1
2023-07-18,434.01109662916457,438.2115006773749,433.5775554716282,437.5660400390625,80668200,0.007430717797769493,0.02651100075301427,0.03351854473488225,429.0351043701172,412.8206341552734,0.01988400385434641,0.05994226992655993,0.005352852760194084,0.00595295058718338,0.5312812024251996,1.1032306835444077,0.010590276167988237,1
2023-07-19,438.35604491544507,439.7240545833296,437.4889625787752,438.5390930175781,65891700,0.0022237854163196236,0.02058209486082907,0.041218791348363704,430.19793701171875,413.67029663085935,0.01938911205339444,0.060117433108596074,0.005184642904203324,0.005730305580712981,-0.18317627020312832,0.9075174219843006,0.005096676761870282,0
2023-07-20,437.5467302165197,438.442683807428,434.9166416038705,435.6295471191406,70591600,-0.006634632909045757,0.0058278607666291116,0.03963762045658181,431.40410766601565,414.45965698242185,0.009794620352563399,0.051078288996452725,0.004921812518277158,0.005838609138017657,0.07132764824704774,0.9765461994171705,0.008094130039790794,0
2023-07-21,437.3443953535996,437.5467302165197,435.6199331260899,435.6295471191406,71275600,0.0,0.006454767484820101,0.035898252761423555,432.71722106933595,415.28376342773436,0.006730321577236298,0.04899248533935707,0.004675616732536827,0.0058407737174299805,0.009689538132015674,0.9855732783638584,0.004423017454100311,1
2023-07-24,436.7760157789645,438.38490436691495,435.7451722274282,437.5756530761719,54023400,0.004467341505875799,0.0074528503857429484,0.048452261076511904,434.1180023193359,416.1099328613281,0.007964771648176328,0.05158665660114714,0.004690651425465186,0.005433343133019718,-0.24204917250784275,0.7671994452426332,0.006032630291309243,1
2023-07-25,437.3058779585616,440.02263949533193,437.2576903912355,438.7702331542969,55191200,0.0027299966753795424,0.0027520259916122836,0.05562763106190505,435.3684936523438,416.97381591796875,0.007813471924474014,0.052272867993744976,0.004562872981721119,0.0052156717013345615,0.021616558750467307,0.7937211250489863,0.0063015876993736935,1
2023-07-26,437.8357951870991,440.2635492538146,436.7856941637762,438.8377380371094,71052900,0.0001538501878926013,0.0006809997655541355,0.04434061116850119,436.2827606201172,417.8494158935547,0.00585624197793333,0.050229392085356706,0.004246399062170497,0.004865151643761431,0.28739545434779457,1.0231283814596832,0.007925150433949833,0
2023-07-27,442.2192452897237,442.6238856658941,435.0226560753175,435.9282531738281,92194400,-0.006629978716723772,0.0006856882336445658,0.03689358825142586,436.5650390625,418.63956665039063,-0.0014586277683602544,0.04129730656317876,0.004517501459369335,0.005241677354958973,0.2975459129746991,1.3119158364832373,0.017436882182411666,1
2023-07-28,439.1941022739153,441.02455349957694,435.928167325532,440.196044921875,80011800,0.009790124216484397,0.010482525423110234,0.0429343353863505,437.30107421875,419.56805541992185,0.006620085963193523,0.04916482376454456,0.005318318861781765,0.005521579386449776,-0.1321403469191187,1.128817052160798,0.011577537401430839,1
2023-07-31,440.6681140687776,441.3906629481321,439.3578768125751,441.0342102050781,62040400,0.001904072725941619,0.007903906683547124,0.03273333439571258,437.97063598632815,420.4177087402344,0.0069949306346774875,0.049038137633688805,0.005283272343182946,0.005029792150689254,-0.2246093701179076,0.9026037345643426,0.004609134821110038,0
2023-08-01,439.5698514127993,440.51399258801536,438.8184017102693,439.7721862792969,55291500,-0.002861510278747814,0.002283548539282254,0.028594597986031145,438.1912506103516,421.1653350830078,0.003607866808712501,0.044179446042542425,0.00500409894356775,0.005128692759649156,-0.10878234182887281,0.7914634203948105,0.003855611906909415,0
2023-08-02,436.6604008783812,436.9205079074881,432.9031523438812,433.6546020507813,93933400,-0.013910802955215407,-0.011811053464799715,0.015796826823795795,437.7028015136719,421.8023205566406,-0.009248740124328747,0.02809913771574224,0.006704045000928136,0.006150346352377909,0.698875957425644,1.3112673897524108,0.009263952335818877,0
2023-08-03,431.6410971149184,434.29044314301314,430.995607146359,432.4118041992188,64276100,-0.0028658703163421118,-0.008066577353056159,0.020879686264700048,437.3810272216797,422.4111853027344,-0.011361313621732205,0.02367508069019797,0.006459767597054283,0.005877743419436044,-0.3157268873478444,0.9076433773103912,0.007619671721857373,0
2023-08-04,434.2230384704291,436.3232404604835,429.9359027397443,430.4561462402344,100128900,-0.004522674774353308,-0.02212627485866947,0.018834942115340647,436.8636871337891,423.07116271972654,-0.014667140076562113,0.017455653259449866,0.006561108060611944,0.005958126636129312,0.5577936433604405,1.4000868754151594,0.014838532976073411,1
2023-08-07,432.28658168791264,434.36752621178806,431.59293351328745,434.21337890625,58357500,0.008728491157189211,-0.015465537912935368,0.025133018398179496,436.5274597167969,423.8638757324219,-0.0053011116690074855,0.024417044637136343,0.007085640835691437,0.006200877383514525,-0.4171762598011164,0.8183416219213328,0.006389929083920899,0
2023-08-08,431.6796442603791,434.2037733620173,428.9724964679823,432.32513427734375,71361300,-0.004348656030964793,-0.016933885848850694,0.014216062558464415,435.88294982910156,424.55048278808596,-0.008162318698523907,0.018312666701496783,0.007053038702522436,0.0061992709132691745,0.22282997044081743,0.9958764543983137,0.012100330235898397,0
2023-08-09,432.5948520910791,432.7586427817327,428.67381291504086,429.4349060058594,78789600,-0.006685311684030526,-0.00973054598052625,-0.0006054580856814651,434.9426666259766,425.0761987304688,-0.012663187685961197,0.010253943383347064,0.00720941377146263,0.006158574073599526,0.10409423595141898,1.1097121290151477,0.009512104883798415,1
2023-08-10,431.7856284811605,435.16716703483127,428.423376716208,429.5890808105469,93005500,0.0003590178686718737,-0.006527859233397493,-0.008119010710259333,434.3087493896484,425.6019268798828,-0.010867081507647036,0.009368270392698053,0.007063083644469981,0.00587013917242917,0.1804286352513529,1.2912220833122192,0.015698234940932657,0
2023-08-11,427.720120293532,430.3502093181606,427.1228178060312,429.338623046875,68690900,-0.0005830170617915353,-0.002596137151531508,-0.00807944068881683,433.22300720214844,426.16737365722656,-0.008966246230456831,0.007441323727890747,0.005895531826816381,0.005870063098694154,-0.26143185080452236,0.9544007628992646,0.007517123638273297,1
2023-08-14,428.4233633029166,431.7085266113281,428.1150686990038,431.7085266113281,47867400,0.005519893709153623,-0.005768712841671131,-0.006055335545140039,432.2904388427734,426.7040069580078,-0.0013461140454622544,0.011728316518510695,0.006291762815531488,0.005958152931030627,-0.30314786965959106,0.6673073369526766,0.008323805741181342,0
2023-08-15,429.9358890851779,430.2923712690211,426.1111954097984,426.67962646484375,75707500,-0.011648832108919538,-0.013058476976909539,-0.02487947550327918,430.98118286132814,427.02296142578126,-0.009980845028838448,-0.0008040199051384533,0.0069829599368478506,0.006180733937694325,0.5816087775814021,1.0590812254412274,0.009799333269940345,0
2023-08-16,426.2653457520146,427.9223925566891,423.4425948477228,423.548583984375,80107200,-0.0073381579205229475,-0.013707134513662567,-0.03418283403208999,429.9705810546875,427.2950372314453,-0.014935898764421918,-0.008767837022738534,0.006094205528747013,0.006267846444199123,0.05811445365386514,1.1095963073848494,0.010576821357361873,0
2023-08-17,425.012913286652,425.273020314269,419.8009235363625,420.3211669921875,95711300,-0.007619945182738563,-0.021573904534241684,-0.035140821434608616,428.7615173339844,427.4847131347656,-0.01968541951777414,-0.016757432306871323,0.006321123131782312,0.0063122336378235435,0.19479023109033888,1.3030652181341846,0.01301884655741875,1
2023-08-18,417.50808644271694,421.5543727093042,417.1612770258868,420.5235290527344,98852000,0.0004814462759392679,-0.020531798261201883,-0.034676293576282324,427.76825561523435,427.706845703125,-0.0169361014226741,-0.01679495365238237,0.00636871558750918,0.006320244275298585,0.03281430719256773,1.321026100461969,0.010446729802047427,1
2023-08-21,421.5350602162778,424.00135836533855,419.3867000805202,423.2595520019531,68719000,0.006506230353820808,-0.019571016295866883,-0.03271685929867452,426.67287292480466,427.9341711425781,-0.007999854547708907,-0.010923687463760712,0.005966695000451855,0.006440995579573157,-0.30482944199409223,0.9094086388990384,0.01090266779093754,0
2023-08-22,425.0321640493009,425.0321640493009,421.5543094057689,422.1130676269531,64994200,-0.0027087028977309524,-0.010702547191497769,-0.0379632989403047,425.65166625976565,428.1237872314453,-0.008313367274951577,-0.014039676803201728,0.005933776459870592,0.006361006606655596,-0.054203349874125006,0.8545724494915761,0.008239154175168984,1
2023-08-23,423.1728683416858,427.4311034249485,423.0283644204359,426.81451416015625,68441000,0.011137884357937278,0.007710874972259862,-0.0273978804346503,425.38962707519534,428.33256469726564,0.0033496046783223488,-0.00354409321687299,0.0070633928696094235,0.0069918346841279025,0.05303242443171863,0.9014403803169339,0.010315345093584513,0
2023-08-24,428.4137593836846,428.9243595057039,420.87033128977225,420.8992614746094,88517300,-0.013859071070219664,0.0013753637166520338,-0.034475837686129274,424.52064514160156,428.3681341552734,-0.008530524271167628,-0.017435640247593143,0.008192085738772819,0.0074501882359041165,0.29333732704080884,1.168696566512442,0.01913528711766932,1
2023-08-25,422.6237540187648,425.1478540242897,419.0784536965099,423.8665466308594,102325100,0.007049870189494323,0.007949656433387853,-0.03709596776116819,423.9734375,428.4530676269531,-0.0002521169009335189,-0.01070483873880701,0.008680949915969245,0.007249750064020527,0.1559898460526925,1.331389781559258,0.014319130339544324,1
2023-08-28,426.0533657437924,427.1709115909124,423.8664616174519,426.5543518066406,61595400,0.006341159020794462,0.007784348372301686,-0.03283159914443934,423.45802001953126,428.4877117919922,0.007312015927733562,-0.004512054680088751,0.008755654830347967,0.007436588601112768,-0.3980421226072586,0.8016726535218541,0.00774684388862699,1
2023-08-29,426.44841900560834,432.9995476574254,426.2653709047112,432.72015380859375,83081900,0.014454903521294193,0.02512854255205088,-0.016035649117255524,424.06207275390625,428.6746124267578,0.02041701347743974,0.009437324405412895,0.009164702575447835,0.008250564662097391,0.34883286738944785,1.0621143044336314,0.015562429189958598,1
2023-08-30,433.0573129923487,435.1382574911251,432.3540214319249,434.5024108886719,69053900,0.004118729077884575,0.018012266390807108,0.0019550324933281793,425.15745544433594,428.94108825683594,0.021979987236891985,0.012965236448754469,0.00864622552033857,0.0077069090302964985,-0.1688454404629649,0.8970467977367897,0.006407872521364678,0
2023-08-31,435.11898360214246,436.2557869248091,433.6835290574293,433.8665771484375,66084600,-0.0014633606725770187,0.0308085968799221,0.003364322932656316,426.5119964599609,429.2380084228516,0.017243549418350268,0.010783221976526924,0.008036087064535513,0.00768460279925758,-0.0429997436784888,0.8574667759618501,0.005928684076763421,1
2023-09-01,436.5833209067049,437.06502016743536,433.2210400744053,434.67578125,58944100,0.0018650989594104495,0.025501504435909705,0.00980270591237109,427.9272216796875,429.5208612060547,0.015770344181011087,0.012001559201270773,0.00799577585176192,0.007610550733450869,-0.10805089234102949,0.7858130482952782,0.008843327047059953,0
2023-09-05,434.2326947093396,434.5506033353466,432.7297951306632,432.7972106933594,55166200,-0.004321774153688507,0.014635553148801606,-0.003261456882000857,428.8809875488281,429.82972717285156,0.009131258456835711,0.006903858279012187,0.008249159170711819,0.007426540783695767,-0.06409292872399441,0.7370157982342733,0.004207070100489701,0
2023-09-06,431.9879277285903,432.093916863234,427.5659316686508,429.8877258300781,70758500,-0.00672251297234594,-0.006545634525191302,-0.005637905950899413,429.6584533691406,430.1145080566406,0.0005336156175672624,-0.0005272601186766535,0.008607722222016919,0.0075158261472935625,0.28264227008566833,0.9457084229309484,0.010532948308398522,0
2023-09-07,426.8915375451562,429.24223247025344,426.5447281630559,428.56787109375,70355400,-0.0030702312651044172,-0.013658243651132329,-0.002019013592010066,429.8337890625,430.2817541503906,-0.002945133679488232,-0.003983164612742507,0.008061427747483868,0.0073955688615133085,-0.0056968420755103555,0.9456508239635737,0.006294228963812077,1
2023-09-08,428.6160154651993,430.7451180605752,428.2595627004295,429.21331787109375,61659700,0.0015060549819017055,-0.010725092741476039,-0.0008747031901837898,430.6651947021484,430.4576696777344,-0.003371242554343845,-0.002890764630985032,0.006306662957580666,0.007403555592917664,-0.12359676727017399,0.8466060693684873,0.0057909558176667715,1
2023-09-11,431.8337674259448,432.34436749416994,430.12856253408137,432.0361022949219,60180100,0.006576646870672942,-0.006072753691238941,0.006282871149359437,431.4821502685547,430.65690063476563,0.0012838353244100098,0.003202553257879659,0.006266003356393114,0.007546498318555352,-0.023996224438328384,0.83114693805452,0.005128749538102248,0
2023-09-12,430.5910521148245,432.1132090941245,429.08815252492514,429.6661682128906,67565400,-0.005485500099279839,-0.007234433131980467,-0.00473087343089762,431.7933319091797,430.70911865234376,-0.004926346793925229,-0.0024214728555468357,0.006453882172131651,0.00755017665651872,0.12271996889337178,0.9206225450835314,0.007040481175842804,1
2023-09-13,429.8877204342684,431.3231749266096,428.7894319282897,430.1671142578125,60199300,0.0011658959489537768,0.0006499102229422515,0.008173551247017574,431.53802795410155,430.76152770996094,-0.0031768085486891806,-0.0013799130468046261,0.004339107550710379,0.00705591805802399,-0.10902177741861963,0.8290135532898036,0.005890136447765276,1
2023-09-14,432.6334271290332,434.5698383708397,431.332833106535,433.8761901855469,83430800,0.008622406978120223,0.012386180695835858,0.024383521965812616,431.47540588378905,430.9008361816406,0.0055641278020013285,0.006904962242059831,0.005055871147826058,0.007033545496288871,0.385909802937908,1.1463146810409641,0.007460665824783751,0
2023-09-15,432.2935551441486,432.6222625307114,428.2136712808251,428.6487121582031,111848900,-0.012048317343959836,-0.0013154431360403729,0.019812338325969625,430.9536193847656,431.00245361328126,-0.0053483881394312816,-0.005461085976067426,0.0063163198021678624,0.007387561276274457,0.34061881223720736,1.5199207377660464,0.01028485826468362,1
2023-09-18,428.3392962837647,430.1955590603149,427.8655753087938,428.9000549316406,55752200,0.0005863607338791876,-0.007258762280797693,0.01991927989802411,430.3760467529297,431.1304864501953,-0.0034295398929030663,-0.0051734488482115815,0.006260264858790646,0.007387205436274142,-0.5015400240860661,0.7804753082055866,0.005432463168820266,0
2023-09-19,427.981617392204,428.57137880593234,425.3326034960519,428.0106201171875,66514600,-0.0020737577536447116,-0.003853103218689591,0.011224951906608105,429.8973876953125,431.21934204101564,-0.004388878909546312,-0.0074410435966087984,0.006180312200442621,0.007299999646810704,0.193039915913632,0.9325771348910169,0.0075670442686531685,0
2023-09-20,429.267438505262,429.6831540306982,423.872696066376,424.0757446289063,82562600,-0.009193406199135556,-0.01416047258613884,0.004649647576624449,429.3161895751953,431.17555053710936,-0.01220649272852814,-0.016466160707301114,0.006472802599722643,0.0075920934770739934,0.24127033764015726,1.143497015658186,0.013701462622925252,0
2023-09-21,421.233389771168,421.4944142931869,416.9118067697351,417.0664978027344,104095800,-0.016528289851393096,-0.03874306256728177,-0.022838999223358303,428.1660522460937,430.92297912597655,-0.025923480820426503,-0.03215535488812116,0.008073384286916362,0.008014360417172042,0.26081058493797427,1.406992996784871,0.010987714303581557,0
2023-09-22,418.091288955446,419.6864977783781,415.71294757869936,416.1286926269531,100829700,-0.002248574701449235,-0.02920811185507355,-0.011334229551609787,426.8575897216797,430.5834436035156,-0.025134605435320978,-0.033570150434935275,0.007942957438219496,0.0074435096638277125,-0.031375905656136016,1.3516007528665135,0.009548849358582738,1
2023-09-25,414.9202354602061,417.9172822244127,414.4851650567311,417.8786315917969,70874500,0.00420528311517443,-0.02569695017082796,-0.014126887546700662,425.4418426513672,430.28430236816405,-0.01777730890886553,-0.02883133478978861,0.007653318887838156,0.007316881602290957,-0.29708706859189304,0.9705155634137631,0.008213191362783683,0
2023-09-26,414.84285049792544,415.54862280920696,410.9079802974168,411.7394409179688,96168400,-0.014691324728528188,-0.03801583052954083,-0.03473159006800497,423.649169921875,429.8323193359375,-0.02811224439812421,-0.042092875765882276,0.008456914499300534,0.00775229199187086,0.35688294097312845,1.286424841882955,0.011270823366942621,1
2023-09-27,412.9092550416893,413.4700137261174,408.2686420542666,411.9037780761719,104705800,0.0003991290167313366,-0.02870234081269063,-0.048105861373005654,421.8228363037109,429.3190740966797,-0.023514749259324952,-0.04056492495040187,0.008405974985595331,0.006783733214199929,0.08877552293684832,1.3806595086007882,0.012627637687967283,1
2023-09-28,411.35270706101295,415.964317107926,410.762945679416,414.291748046875,92258300,0.005797397590904252,-0.0066530152157456834,-0.046514501036854394,419.86439208984376,428.8341271972656,-0.013272485469013828,-0.03391143154915244,0.007959139959914069,0.006878872413991898,-0.11888071147921131,1.1981948302511976,0.012554851630598853,0
2023-09-29,417.3371353274048,417.5111516485618,411.7683770160373,413.2862548828125,115111300,-0.002427017117291763,-0.006830669921357169,-0.047434680036632315,418.32814636230466,428.38726135253904,-0.012052479670171423,-0.03525082987306494,0.0075256978319099424,0.006875664053592025,0.24770671039895586,1.4488688855805505,0.013895392272730874,0
2023-10-02,412.454856073705,414.3691244055631,410.36657139466814,413.1219482421875,83798600,-0.00039756134805790655,-0.011382930329531527,-0.04958599935296604,416.7503356933594,427.937109375,-0.008706381592075374,-0.03461994953989844,0.007470862346099136,0.0068201077341153,-0.2720210787298901,1.0385019891425158,0.009688550869605551,0
2023-10-03,410.94667474306095,413.1799731499237,406.2287013020404,407.5918884277344,103760600,-0.013386022790566443,-0.010073245548173682,-0.05823818093754585,414.7084625244141,427.3374340820312,-0.017160426515918425,-0.04620598168918311,0.008030109684020136,0.0072348778610348856,0.2382140035752387,1.248300004120473,0.01705449015361288,1
2023-10-04,408.0559363281981,411.30435944495287,406.5960637049735,410.5599365234375,87453000,0.007281911588457257,-0.0032625132962141867,-0.044960086425636425,413.3568817138672,426.7732281494141,-0.006766417384495904,-0.03799041401045966,0.008701346440660186,0.007524551118189478,-0.15716562934292977,1.041649668726271,0.011467986330689057,0
2023-10-05,410.2698466979117,411.2463208378169,407.1857922692752,410.40521240234375,70142700,-0.0003768612261682014,-0.00938115630555958,-0.04237988873280041,412.6907531738281,426.20457763671874,-0.005538143885966074,-0.03706990976488711,0.007345783965609838,0.007533580314743211,-0.19793832115536347,0.8355731267201986,0.009893949798475968,1
2023-10-06,407.9592644123595,416.81512702154566,406.6347574601129,415.2779235839844,113273300,0.011872927132474231,0.004819102202507697,-0.03246729238558854,412.6056762695313,425.79157104492185,0.006476516122156939,-0.0246920046705863,0.008474541663681215,0.00813034948028424,0.6148979152499119,1.30911996174111,0.02451459368119752,1
2023-10-09,413.3829806224,418.5070215863633,412.8319288458573,417.9366149902344,80374400,0.006402197793960784,0.01165434750812211,-0.03263497478519217,412.611474609375,425.34638244628906,0.012905943505087336,-0.017420548902847055,0.008627723229837037,0.008121184390004569,-0.2904382586187566,0.9181866982513824,0.01357883596927394,1
2023-10-10,418.5650575162268,422.70294712015226,418.1686672417201,420.1119384765625,78607300,0.005204912439602749,0.030717122701150013,-0.022236402219115825,413.4487243652344,424.92793701171877,0.016116180117759615,-0.011333682998167838,0.006989828230498042,0.008205177436921313,-0.02198585619301663,0.8923713366293894,0.010793027912690819,1
2023-10-11,421.1754403750916,422.084202370424,418.79709861853365,421.8328552246094,62451700,0.0040963290743114555,0.027457425087867415,-0.019374468100804565,414.44163208007814,424.569150390625,0.01783417150307698,-0.0064448751481309685,0.00699134246500452,0.008273492723701316,-0.20552289672842095,0.7080633407491832,0.007792431791829262,0
2023-10-12,422.4418474172078,422.81888280363904,416.91176888328704,419.2610778808594,81154200,-0.006096673864771973,0.021578345525089748,-0.03368498349364912,414.9385650634766,424.2812799072266,0.010417235661673407,-0.011832249651610671,0.007352825264615802,0.008028670673876833,0.2994714315222804,0.9212970896522121,0.014089344878397267,0
2023-10-13,420.7596289275812,421.9584770278049,415.6066149426829,417.1728210449219,95143100,-0.004980803003447165,0.004562962183455088,-0.02677225146787754,415.3272216796875,423.97650024414065,0.004443723572392644,-0.016047302610642245,0.007535546790045788,0.007697034309546533,0.17237431950533666,1.090445270319096,0.01522597294141091,1
2023-10-16,419.4158131019472,422.6255856986061,419.1741138914331,421.5621032714844,75433200,0.010521496140540432,0.008674732366616755,-0.017108768291777876,416.1712371826172,423.79861938476563,0.012953480700305331,-0.00527730863429432,0.008087523928123421,0.008135195550010112,-0.20716058232283796,0.854906103434037,0.008187338900693971,0
2023-10-17,418.4393454760135,423.5923892481788,418.09131276942526,421.5427551269531,75324700,-4.589630894502594e-05,0.0034057985963911186,-0.015111459123288817,417.5663238525391,423.5452069091797,0.009522873486843553,-0.004727834832176314,0.006118217952642612,0.008131526671287668,-0.0014383587067763326,0.8494357446240343,0.01304986602627487,0
2023-10-18,419.77352121429993,420.7306406420036,414.8428514424272,415.9256591796875,93559800,-0.013325091889134666,-0.014003641422801305,-0.01921846640003111,418.10289611816404,423.21721740722654,-0.005207418936082231,-0.01722887899554182,0.007878179818256567,0.00840573153337755,0.24208659310956437,1.0485708092773833,0.014155869131009193,0
2023-10-19,416.64111990263626,418.4490253157197,411.59443909771255,412.2711791992188,121323000,-0.00878637780529401,-0.01667194750576606,-0.011497731485936025,418.28949279785155,422.87394287109373,-0.014387914834717686,-0.025073107129485628,0.008504253783163709,0.007806826160687384,0.296742831857272,1.3467258122058827,0.016626401659512752,0
2023-10-20,411.8361348739324,412.3775387523352,407.0988066814596,407.2051696777344,123919900,-0.012288051595856109,-0.023893338358478955,-0.021444142418745482,417.4822174072266,422.4262646484375,-0.024616731685765725,-0.036032548741662174,0.008340360895766896,0.008232991268787779,0.021404844918111232,1.3581470090108831,0.0129633228258208,0
2023-10-23,405.6775455247154,410.356867474967,403.92764587358863,406.4993286132813,92035100,-0.0017333794288801885,-0.03573085564691447,-0.027231119560167882,416.33848876953124,421.96947875976565,-0.023632598046193443,-0.03666177514059432,0.007817731111978804,0.008140006611896044,-0.25730169246424506,0.9971308750863489,0.01581606942208437,1
2023-10-24,408.61664598235126,410.7146079399578,406.7700606245001,409.5641174316406,78564200,0.007539468340118649,-0.028416186850856895,-0.005283252635400526,415.28370666503906,421.5265905761719,-0.013772727274397378,-0.028378928902634826,0.008110821006918035,0.007729519832469709,-0.14636698390070746,0.8593792301463219,0.009631086190347337,0
2023-10-25,407.8818980106432,407.9109007331841,403.17357302000806,403.68597412109375,94223200,-0.014352193125238721,-0.029427578675317978,-0.019950785577787178,413.4690185546875,421.06671752929685,-0.02366088871130212,-0.041277884678676324,0.008528590322087302,0.008344981950851859,0.19931470058881784,1.0366092608683501,0.011735180355201047,0
2023-10-26,402.6225823087564,403.4733388003184,397.9336114254036,398.85205078125,115156800,-0.011974464434559962,-0.03254927604697877,-0.03726769200307145,411.42811584472656,420.5727868652344,-0.030566858654411444,-0.05164560514217109,0.008858157446145805,0.008530143001062121,0.22217033596821167,1.2511535002985914,0.013889178616642073,0
2023-10-27,400.43756406837696,400.833954292058,395.6229054415524,397.0440979003906,107367700,-0.004532891023922403,-0.02495319935497209,-0.039300017337927984,409.4152435302734,420.10724548339846,-0.030216621939158528,-0.05489823808315919,0.008859074796206328,0.008550450230299775,-0.06763907993275253,1.171454499877664,0.013124609780279252,1
2023-10-30,399.82854108268697,402.84494282186495,398.5330367205683,401.7911376953125,86562700,0.011955951039254176,-0.01158228461048183,-0.02742727805938905,407.4381469726562,419.73259765625,-0.01385979520892211,-0.04274497635189889,0.00914352924321014,0.009098495481437603,-0.19377336014462454,0.9430358116919938,0.010731710325991463,1
2023-10-31,402.361534981924,404.63351364420447,400.4569438698378,404.3144836425781,79665200,0.0062802429185959685,-0.012817611615936308,-0.008040897962416915,405.71531982421874,419.3536962890625,-0.003452756435836646,-0.03586283554805669,0.009706968391670298,0.008786632643967457,-0.0796821263662062,0.8794353611940641,0.010330002864945195,1
2023-11-01,405.2812643437381,409.4384791305935,404.7495083565733,408.6263732910156,98068100,0.01066469251754354,0.01223822348715009,-0.0047095760214574955,404.9853912353516,419.08396240234373,0.008990403442844519,-0.024953446205341123,0.01013470441437485,0.008972216328183598,0.23100299754472475,1.0762815469671225,0.011474958741052251,1
2023-11-02,412.4161946501383,416.61211901779166,412.39686933434086,416.4574279785156,94938900,0.01916433984529653,0.04414011953249619,0.014746926679475303,405.4040161132813,418.87682067871094,0.027265176036504135,-0.005775904945695354,0.011703080051702296,0.009961180239309704,-0.03190843913566188,1.0279520330412342,0.010121682074231728,1
2023-11-03,418.7583433483626,421.80374710012615,418.6326550547102,420.2568664550781,100167800,0.009123233784074758,0.05846395571030771,0.011989423439906943,406.7091857910156,418.8639727783203,0.03331048606073006,0.0033254081689546577,0.010919553857896676,0.009817953353129568,0.05507647550161199,1.092318001615013,0.007545604363741928,1
2023-11-06,421.0109973746679,421.6684121077968,419.2804228673673,421.22369384765625,67831700,0.0023005629883776635,0.0483648202491711,0.007865017659433038,408.18162231445314,418.81111572265627,0.03195163824194869,0.005760539857776026,0.010790244959177669,0.00973377332982826,-0.3228193091991638,0.7447901543471108,0.005669171215456831,1
2023-11-07,421.2237277176419,423.0606358569916,420.0829145000172,422.4225463867188,64256100,0.0028461184794987826,0.044787074113695535,0.005499981549049071,409.46746520996095,418.7284796142578,0.03163885357806118,0.008822105379275857,0.010702384113126582,0.009687137715808269,-0.0527128171636565,0.7111330339406239,0.007049153465990395,1
2023-11-08,423.02196085453033,423.5440394282341,420.4309523105621,422.73193359375,61746000,0.0007324116803839598,0.034519456463689036,0.002131361647166763,411.37206115722654,418.5287152099609,0.027614593962864475,0.010042843492065856,0.008867583312538316,0.009647219024340827,-0.0390639954805847,0.6836202934675877,0.007364210910699105,0
2023-11-09,423.8727133946502,423.9113935278032,419.0097266771128,419.4351196289063,83174400,-0.0077988287679539026,0.007150050522197082,0.000415115442927938,413.4303680419922,418.2273693847656,0.014524215082101,0.002887783852877357,0.008058900931872007,0.00971252068192879,0.34704110387717413,0.919835953387122,0.011686352957346963,1
2023-11-10,421.5041322366741,426.289759293016,419.4254952530958,425.9803771972656,89462200,0.015604934498928413,0.013619077281154413,0.021112487937931412,416.32399597167966,418.0696453857422,0.023194390232175843,0.018922043010858536,0.007906289786340663,0.010226763676765487,0.07559778008618045,0.9924912109387459,0.016114038127961628,0
2023-11-13,424.6461631313729,426.6764127794683,423.86306009469695,425.57427978515625,52236100,-0.0009533242230106431,0.010328445434205413,0.009517403207109476,418.7023101806641,417.88761535644534,0.016412542843451172,0.0183940948385235,0.008075129178502102,0.009989194601976396,-0.4161098206840431,0.5870598043272595,0.006610720662422625,1
2023-11-14,431.5007656250588,435.1165763059157,431.2783917339626,433.8307495117188,97176900,0.019400772365121943,0.02700661511224367,0.02915005473422272,421.6539367675781,417.9082861328125,0.02887868861723142,0.03810037730107618,0.009156044806588475,0.010841220361981018,0.8603398798914927,1.0788827445307794,0.008847193464900796,1
2023-11-15,435.16489156652574,436.39274237986,433.8983901244557,434.7491760253906,77327600,0.002117015713398729,0.02842757188812084,0.04525692616038146,424.26621704101564,418.00551513671877,0.02470844616733081,0.04005607649266407,0.009186102984321947,0.010264879278163273,-0.2042594484903305,0.8663168727645407,0.0057374513695653715,1
2023-11-16,434.3045010394223,435.6000053342908,433.2410185572766,435.2809753417969,66665800,0.001223232488369863,0.03777903892957313,0.05581228400993621,426.14857177734376,418.1397772216797,0.021430093092567493,0.04099394282460156,0.008068415026269924,0.009936428604808338,-0.13787832546206014,0.770459549654375,0.005419457570278235,1
2023-11-17,435.29057073108856,436.4314133493685,434.3721314970017,435.82232666015625,83133200,0.0012436824695458704,0.023104232001590397,0.07027699821460942,427.7051177978516,418.27195739746094,0.018978517030841635,0.0419592299992948,0.007946194094085321,0.009297587281364105,0.2470142111847453,0.9839647613799761,0.004725049008268359,1
2023-11-20,435.57099160312566,440.0182630951851,435.5613141930735,439.1771545410156,69936200,0.007697696229948647,0.03196357346296064,0.08038838843648377,429.5004638671875,418.41477844238284,0.02253010529185473,0.049621517136474225,0.008025613062729415,0.009260344642854539,-0.15874524257456712,0.8387341118769477,0.010148407894234768,0
2023-11-21,438.13302355551457,439.0514924363308,436.9535301263982,438.2200317382813,49244600,-0.0021793547156035986,0.010117499120342766,0.06996685765916388,431.08021240234376,418.58585571289063,0.016562623684692968,0.04690597103896854,0.008274096854888897,0.009314929808124626,-0.29586394456661924,0.601151945638674,0.004787463278688196,1
2023-11-22,439.8732146058272,441.2267242124144,438.8194096441167,439.911865234375,59394900,0.0038606941115464366,0.011875098318030686,0.08973779976416663,432.79820556640624,418.7807507324219,0.016436435217329626,0.050458657579165456,0.008207933353562924,0.008322606961138004,0.20612006189511134,0.7408097558803549,0.0054722656026000354,1
2023-11-24,439.96030328520334,440.3760189003886,439.6315958566172,440.1826477050781,29737400,0.0006155380022743184,0.01126093866021205,0.10362387968890219,434.8729583740234,418.9068798828125,0.012209748223728223,0.05078877632235934,0.007235170421917739,0.007454647852066327,-0.4993273833275248,0.39177297050543985,0.0016911685357260335,0
2023-11-27,439.5541399517808,440.3662456876674,439.0030587189056,439.3898010253906,50506000,-0.001801176588448139,0.008185616355575576,0.10665239289269968,436.2139007568359,419.12170166015625,0.007280603078087422,0.04835850609727843,0.006410556653320849,0.007294711818540361,0.69839999461957,0.6912797818936051,0.0031024547351362437,1
2023-11-28,439.00316782280265,441.12045560853954,438.44243854591616,439.824951171875,62115000,0.0009903510401672033,0.0014750235165041925,0.0946606580093472,437.6389678955078,419.34019958496094,0.004994946603770201,0.0488499590718674,0.006301791150316206,0.007163593850538218,0.22985387874707963,0.8646393010613077,0.006088824782423191,0
2023-11-29,441.97114450802434,443.1023097287388,439.1191116939092,439.5154724121094,63146000,-0.0007036407528518973,0.002956142074768797,0.08706338801518076,438.2074401855469,419.5702966308594,0.0029849612457713004,0.04753714917716856,0.0028764560241337873,0.0072449092820785835,0.016598245190372785,0.8892143993701457,0.009062702646096614,1
2023-11-30,440.3566571355129,441.5941559718903,438.2876976332808,441.24609375,79752700,0.003937566357772981,0.0030329450534691826,0.07982774140658133,438.8571319580078,419.91370361328126,0.005443597968508795,0.050801843219588694,0.002988877113491715,0.007083708557729221,0.262988946251544,1.137739982788253,0.007493456339769586,1
2023-12-01,440.6369649429203,444.388141230824,440.0472330596215,443.8564147949219,89183400,0.005915794115564088,0.008346006161299657,0.0657906066159053,439.7146759033203,420.449501953125,0.009419150914381058,0.05567116320286769,0.003295272987011469,0.0061341184358188585,0.11824928811187574,1.2775216051637523,0.009779982955091818,0
2023-12-04,440.47259281771954,443.8757066605005,439.2544195055919,441.5263977050781,72430900,-0.005249483869508298,0.004862645138101529,0.05061078818155029,440.2850830078125,420.9574560546875,0.0028193430692349253,0.048862281341130354,0.004013133564522885,0.006245630677705834,-0.18784325334086838,1.058577576162234,0.010466615765056553,0
2023-12-05,440.1439792983506,442.3966031608258,439.76691433401015,441.4394836425781,69793500,-0.00019684907392114592,0.0036708523843436147,0.04799300250719818,440.5113159179688,421.4286730957031,0.002107023567998967,0.04748326780871581,0.003335956094728608,0.006274516996124517,-0.03641263604345657,1.0185717666328158,0.005957076619237897,0
2023-12-06,443.57606849081975,443.6050712166776,439.225482586349,439.6605529785156,69124700,-0.004029840397110629,0.0003300920570783461,0.04080749652035798,440.6553680419922,421.9870953369141,-0.0022575807209541665,0.04188151210522473,0.0035469176116185563,0.00643314787877419,-0.009582554249321196,1.0052399952737154,0.009961295369026586,1
2023-12-07,441.7391713636157,443.6630877368815,441.13976201140014,443.0153503417969,66995400,0.007630426110675437,0.004009682163439887,0.04798174714555503,440.96571655273436,422.60932678222656,0.004648057007890838,0.0482857861063859,0.004117787769247454,0.006544356958915415,-0.030803750323690426,0.9705702180072115,0.005695797501225524,1
2023-12-08,442.2708784448437,445.451648340426,442.0291792325049,444.919921875,83194400,0.004299109572013071,0.002396061078827616,0.060759819703798845,441.43944396972654,423.2218902587891,0.007884383583792731,0.05126868934625084,0.00427024721103312,0.006099320143840764,0.24179272009720076,1.2052295707623495,0.007692326056109197,1
2023-12-11,444.42689151598506,446.8245585692723,444.214195007191,446.6505126953125,65002200,0.003889668084583242,0.011605455567023748,0.04852367997334972,442.16551513671874,423.88917541503906,0.010143254969142035,0.05369643435218019,0.004222668975466185,0.00533706689372477,-0.21867096823824683,0.9586660068318127,0.005844308890029207,1
2023-12-12,446.3023795471641,448.78705422628,445.30658009464025,448.69036865234375,68327600,0.004567006863423817,0.016425547053322553,0.05431740113349259,443.05205688476565,424.60054382324216,0.012726070627507635,0.05673526607429413,0.0043112905175163975,0.005297914543605036,0.051158268489374104,0.9958924007811172,0.007756961982699751,1
2023-12-13,449.0674408996175,455.1292757819329,448.709730800554,454.8778991699219,93278000,0.013790201327839036,0.03461157952041671,0.048514656192286676,444.5882995605469,425.54626403808595,0.02314410797482913,0.0689270183070172,0.005555816169737485,0.004444747905554479,0.36515844256201,1.3634249184839904,0.014112677254915098,1
2023-12-14,456.8115506454331,458.0007214940584,453.6694606145386,456.33782958984375,119026000,0.0032094995658966674,0.030072274556103507,0.04965772163577897,446.09747314453125,426.4618218994141,0.022955423560524713,0.07005552702787132,0.005553564980474472,0.004448046294116961,0.2760350779390639,1.688326545213615,0.009491347415603752,0
2023-12-15,455.7417134699126,456.9163018501235,453.7420397034311,455.5863952636719,141553700,-0.0016466623572436445,0.02397391724722242,0.04664899472330597,447.2704711914063,427.3654455566406,0.018592606952375412,0.06603470168317815,0.0056836547433917655,0.004534661118520307,0.1892670508964427,1.9066065996900212,0.006967420844196382,1
2023-12-18,457.18810894495897,459.12954211953263,456.13003141968665,458.1491088867188,70375300,0.005625088127497291,0.025744056851111585,0.0512290923635319,448.9327423095703,428.2228692626953,0.02052950410730614,0.06988473006018991,0.005009705506146775,0.0045868831850840565,-0.5028367326322095,0.9561095616050861,0.006547018517911466,1
2023-12-19,458.6927056575324,461.012732509764,458.6150613654376,460.93505859375,55761800,0.006080879899124758,0.02728984350206476,0.04954243140327641,450.8822998046875,429.0828381347656,0.02229574945261148,0.07423326599928082,0.004856195223766183,0.004504163182418868,-0.20765097981820324,0.7649377359273525,0.005201754780036426,0
2023-12-20,460.0808267995912,461.9640193545055,454.1206423401612,454.5477600097656,102921000,-0.01385726354482808,-0.000725775336103851,0.03725920106097691,452.3710205078125,429.7715545654297,0.004811845594153263,0.05764970990085372,0.007177915659963348,0.0057247292837139295,0.8457259270683515,1.3617312129854866,0.017255341912092558,1
2023-12-21,457.5278509164755,459.1295570366737,455.1107760152546,458.8577575683594,86667500,0.009481946536269659,0.0055220668003364,0.043067472899123604,453.95526123046875,430.5120526123047,0.010799514305885882,0.06584183830407486,0.007322762056647469,0.005961909191269278,-0.15792209558787806,1.1263619778509546,0.008758228351016589,1
2023-12-22,459.98371888478914,461.4592269639175,457.8869972572484,459.7798767089844,67160400,0.0020095969293656424,0.009204580050915512,0.0445206759195933,455.4412567138672,431.3224285888672,0.00952619010939304,0.06597720460125345,0.007332313352742422,0.005951443087159804,-0.22507975884847264,0.8521187541453472,0.007769434652595951,1
2023-12-26,460.1876248035588,462.6241033206968,460.1099508863103,461.7213439941406,55387000,0.004222601691602712,0.00779710150719759,0.05082399026248563,456.94833984375,432.21339904785157,0.010445391161772788,0.06827170330973975,0.007335967613507346,0.005890562641677149,-0.17530270814348936,0.7005707386779568,0.005445172650321364,1
2023-12-27,461.5175394244562,462.7018149557165,460.9836571015111,462.5562133789063,68000300,0.0018081671892047346,0.0035171001965053073,0.05168252084486302,458.3349243164063,433.03328125,0.009210053257006301,0.06817705106564786,0.007336918612551504,0.0058823767522460805,0.2277303338328489,0.8569224346218324,0.003714484433480001,1
2023-12-28,462.91536504878167,463.5657286208665,462.3135254600746,462.7309265136719,77158100,0.00037771222115745573,0.018002874997624874,0.05282056163837301,459.12022705078124,433.8570446777344,0.007864387692270602,0.06655160309171593,0.006314657653950286,0.005855911705716449,0.13467293526646196,0.9638173001595971,0.0027061151287775657,0
2023-12-29,462.5367654374911,463.06096072132885,459.4401769650659,461.3913269042969,122283100,-0.002894986119617915,0.005521469985303895,0.0456553235023327,459.6255767822266,434.76635803222655,0.003841714237123428,0.06123971733364142,0.006449490383686465,0.005971519288919037,0.5848381440185801,1.487968996321118,0.00784753320041053,0
2024-01-02,458.3335014659671,459.7992928454969,456.7123918931697,458.8091430664063,123623700,-0.005596515771580934,-0.002111300845801245,0.0336882103605356,459.9478515625,435.69711730957033,-0.002475733916845857,0.05304608370960251,0.006751674349041359,0.006151860882344357,0.010963084841650206,1.4734081155159342,0.0067280720076679295,0
2024-01-03,456.6542463475319,457.3920005131712,454.4604467676884,455.0622863769531,103585900,-0.008166482176905743,-0.014422243424103032,0.030657031475876728,459.63916931152346,436.65425964355467,-0.009957556361930298,0.04215698422002134,0.007042038403682568,0.006355889216843252,-0.1620870431802316,1.212084158173707,0.006442093386430258,0
2024-01-04,454.5865863632777,457.1686961561285,453.3731905747532,453.5964660644531,84232200,-0.0032211421521444183,-0.019370072339972566,0.027539408848435087,458.9053100585937,437.5962023925781,-0.011568495455985817,0.03656399115072939,0.006657511364330072,0.006434627756889185,-0.18683720467747056,0.977365409373772,0.00836758190447619,1
2024-01-05,453.80034274035296,456.66396886840727,452.7713854034213,454.2177734375,86118900,0.0013697359206465975,-0.018397631514089796,0.03311013544509578,458.8723114013672,438.4892755126953,-0.010143427372317437,0.035869743693079936,0.005096801341630268,0.0063077710922012096,0.022398797609465282,0.9895013507865585,0.008569861622822661,1
2024-01-08,454.7127531652984,460.8476889622242,454.5865552720958,460.70208740234375,74879100,0.014275782111674573,-0.001493828474361636,0.03992353097223633,459.05674438476564,439.6295977783203,0.003584182212121201,0.047932372457436534,0.006200118761409402,0.006795596932144439,-0.13051490439380897,0.8564775496212204,0.013590417454871218,0
2024-01-09,458.0519936508328,461.0223837938476,457.54723173154656,460.0031433105469,65931400,-0.0015171281201217246,0.0026023898219651453,0.033900980140386894,459.0790710449219,440.85261962890627,0.002012882581472697,0.043439741149232214,0.006199858132608254,0.006815604181458761,-0.11949529307911022,0.7616521759823927,0.007554626773397901,1
2024-01-10,460.27499186871785,463.4686578138975,459.9934757568045,462.6047058105469,67310600,0.005655532006318742,0.016574477075751215,0.03571963461758676,459.1674072265625,442.16383178710936,0.007485937655606234,0.04622918600289161,0.006321963615393165,0.006856907299768397,0.02091871247994126,0.7765495434423162,0.007512206454977547,0
2024-01-11,463.6045886611641,464.1190673310503,458.4306816460421,462.4009094238281,77940700,-0.000440541101633829,0.01941029972249364,0.030556797581067885,459.15187683105466,443.3760272216797,0.007076160975748147,0.042909135889379835,0.006298714315544655,0.006841140103718906,0.15792609187854523,0.8942282809831856,0.01230184796153662,1
2024-01-12,463.847256832393,464.5850109920546,461.31370050606375,462.7212219238281,58026400,0.0006927159818934658,0.01872108266916639,0.017242699124796035,459.1509063720703,444.5441619873047,0.007775908752893912,0.040889210771015705,0.00630168796295087,0.006202671580041891,-0.25550578837500815,0.6794886785162808,0.007069722180430632,0
2024-01-16,461.3427834891872,462.6532272077025,459.2071951071508,461.0224304199219,85014900,-0.003671306660289475,0.0006953365880852935,0.010265642088644444,459.1140167236328,445.59208312988284,0.004156731501921973,0.03462886320074343,0.006346154506132882,0.006256868444838732,0.4651072615223415,1.0157509385088521,0.007474760170373652,0
2024-01-17,458.00353981867966,458.94513616011074,456.110630489601,458.4597778320313,68843900,-0.0055586288622798685,-0.0033551194181159483,0.006306998185704016,459.07908020019534,446.4321301269531,-0.0013490102138697946,0.026941716093906276,0.006342493451998472,0.006388242574195665,-0.19021371547811028,0.8598919000748303,0.00618267034005371,1
2024-01-18,460.1294153145847,463.0900892897804,458.5859793739224,462.5367736816406,91856200,0.008892810333086754,-0.00014684703387790599,0.009576936219702903,459.82652893066404,447.27772827148436,0.005894059129818663,0.03411537048608526,0.006212152755675446,0.0065699007644729355,0.334267814577617,1.1321380972280142,0.00973784177203204,1
2024-01-19,463.6628015298727,468.5843420506786,462.5853202688259,468.3028259277344,110834500,0.012466148799797905,0.012763635156471276,0.015984393455473755,461.2971649169922,448.21931091308596,0.015186872028582377,0.04480733990183383,0.006799011980033444,0.0069967974789195845,0.20660880811529325,1.3212075177148221,0.012810133635149991,1
2024-01-22,469.8365371424224,471.0110958989677,468.6425450951434,469.2929382324219,75844900,0.002114256523492175,0.014202323120757088,0.0324392275573846,462.8046813964844,449.15671875,0.01401942784234489,0.044831166142768275,0.006780593461704943,0.006086052541135007,-0.31569231602073367,0.9189424339266554,0.005047062529313501,1
2024-01-23,469.836566173897,470.9043307691421,468.7493682867175,470.6616516113281,49945300,0.002916543735052679,0.020908356199992983,0.02572451669014275,463.80063781738284,450.11531311035156,0.014793023628067337,0.04564683293931693,0.005581305736053669,0.005810203359339167,-0.34148110156384937,0.618909495330635,0.004578580972227071,1
2024-01-24,473.5252650573401,474.45714470411593,470.6810725123754,471.1761474609375,81765000,0.0010931331410748424,0.027737154367258654,0.024786362625361935,464.9179382324219,451.1501336669922,0.013460890006328441,0.04438880164164405,0.005449976994726174,0.005807815837684809,0.6370909775294171,1.004124999286189,0.008014141233780466,1
2024-01-25,473.3020267275593,474.0106605699602,471.17618444820096,473.7388610839844,72525000,0.0054389714692832936,0.024218803865428518,0.02602764036395988,466.03135375976564,452.10530334472656,0.016538602525425494,0.04785070553079174,0.005436086940066715,0.005846920029898873,-0.11300678774536788,0.8813770944403,0.005983203732270399,0
2024-01-26,473.3117152908374,474.79691054106985,472.29247468488353,473.1369934082031,76641600,-0.0012704629601297812,0.010322738221559824,0.022874581992977205,467.10496215820314,453.0565576171875,0.012913652687673638,0.044322139153281315,0.005490242259109546,0.005873351314673951,0.05676111685625651,0.9265399930148274,0.005293257325211083,1
2024-01-29,473.4475958586122,477.029542315143,472.9039969579279,476.8839111328125,61322800,0.007919308311993944,0.016175340138255168,0.03058577632961046,468.52123107910154,453.91762084960936,0.01784909519350908,0.050595723162754735,0.005724127417843802,0.006060420568359259,-0.19987578547420726,0.7485117264839419,0.008651047479071049,0
2024-01-30,476.1947226231299,477.2236798269538,475.7578883130134,476.51507568359375,58618400,-0.0007734281669150578,0.01243658592584751,0.032778571892041475,470.07049560546875,454.75293884277346,0.013709816162412292,0.04785485696079106,0.005411775901055131,0.005997223808223529,-0.044101052137214825,0.744426144421344,0.0030760653518414663,0
2024-01-31,474.31152767890586,474.7580490082776,468.7201907326481,468.7396240234375,126011100,-0.016317325635504476,-0.005171151915541294,0.021644034577562588,471.0984802246094,455.42211181640624,-0.005007140333051385,0.029242129140185202,0.007880274863873472,0.00706185098544201,1.1496850818173132,1.5978595133500815,0.012881049448739593,1
2024-02-01,470.43842101293257,474.9037235864103,469.6327095934461,474.8746032714844,91891600,0.013088245442933077,0.002397401355044515,0.04353759361662335,472.33226318359374,456.2031573486328,0.00538252473111811,0.0409279191125429,0.008369825924065237,0.007192843532056896,-0.270765829359477,1.173917611938773,0.011099801835371606,1
2024-02-02,475.311399216602,481.5239798187347,474.971642466127,479.873779296875,99228200,0.010527360256687768,0.014238552433078588,0.05793103606033845,473.48935852050784,457.01708984375,0.01348376824416131,0.05001276748959094,0.00813684364361421,0.007307790506559462,0.07983972419677099,1.2556156858006118,0.013654293348155806,0
2024-02-05,479.24287384642,479.90295413015167,475.87448552123806,478.1265258789063,75757100,-0.003641068742136322,0.002605696516668088,0.05263720144737172,474.37271728515634,457.8152197265625,0.007913205074763008,0.044365729397277454,0.008365420774455387,0.007445628806811394,-0.23653658939696576,0.964942621227627,0.008425528371404124,1
2024-02-06,479.068005956652,479.8445969464688,477.6410514882757,479.5145568847656,55918600,0.002903062120027222,0.006294619738670182,0.04083434826287746,475.2580078125,458.60727355957033,0.008956291114078141,0.045588643117060235,0.008365239495778007,0.006922455234189839,-0.26186984454262374,0.7209590439369269,0.004595367182403702,1
2024-02-07,481.756982255993,483.93137810724,480.854193242822,483.5139770507813,70556500,0.008340560486835846,0.03151931748489245,0.0511101588807239,476.4917907714844,459.47390014648437,0.014737266024934748,0.05232087589008372,0.008598572437551738,0.007007328252140381,0.2617715751109648,0.9069813972821217,0.006364210778739887,1
2024-02-08,483.51398020972,484.10610316011065,482.6985817601752,483.7275390625,52343600,0.0004416873593215964,0.01864268109944467,0.04566065365665284,477.49065856933595,460.36065490722655,0.013061785359008038,0.05075777850733676,0.008561771668665452,0.00698142790660117,-0.2581321352391346,0.679396007349796,0.0029097400628943196,1
2024-02-09,484.2323170511552,486.96002861938376,483.8925602799828,486.5232238769531,63979400,0.005779461760377247,0.013856653284580522,0.05216753246264694,478.82928161621095,461.2946203613281,0.016068236751880516,0.05469086870309403,0.008541639131112826,0.0069934151499757135,0.22229651762584157,0.8380162745386971,0.006304875469165238,0
2024-02-12,486.4941004077062,488.7558572787602,485.5913113646884,486.3096618652344,56502300,-0.00043895543159677697,0.01711500103719521,0.05097764879538924,479.7718566894531,462.23050415039063,0.013626904297583842,0.05209339820422021,0.008395644526070216,0.007013944026321293,-0.11686730416352764,0.7408190201015353,0.006507265148576714,0
2024-02-13,480.0484676099725,482.5334996770295,476.35003982173856,479.6116333007813,113099200,-0.013773176002226384,0.00020244727635865267,0.04032168860835572,480.0815124511719,462.99781494140626,-0.0009787486878873874,0.03588314636318013,0.009765861282062818,0.007802140638090331,1.0016742681271382,1.4560705180841118,0.012892639431481603,1
2024-02-14,482.2422795475269,484.4555120799487,479.92225279096976,483.97015380859375,68387800,0.009087603813560996,0.0009434613671250869,0.05564365122104298,481.6045654296875,463.8000897216797,0.004911889439411121,0.04348870242568914,0.007993246759437425,0.007741728084084658,-0.39532905626211323,0.8807021066121684,0.009366815811480347,1
2024-02-15,484.6690979139186,487.4938867654942,484.19342663721847,487.3094482421875,61683000,0.006899794144980209,0.007404807232247901,0.053558281135928976,482.8480499267578,464.7157507324219,0.009239756308649039,0.0486183166250691,0.00735979265333452,0.007670860373367924,-0.098040878636248,0.8100963459510516,0.006772821951597893,0
2024-02-16,487.0085009915144,488.1442227563082,484.1448753429264,484.8826293945313,75532900,-0.004980036517679198,-0.0033720784577320195,0.03540402181847058,483.34893493652345,465.5846136474609,0.0031730585238782805,0.04144899805834812,0.007137200803299689,0.007484356201133614,0.2245335019373247,1.0155313322007808,0.008248073185000914,0
2024-02-20,483.1450754577469,483.8148722929186,479.970842787005,482.2131958007813,71736700,-0.005505319085328586,-0.008423575317712428,0.02753132748390197,483.7576019287109,466.4356665039063,-0.003192520637964491,0.03382573510111886,0.00729626694021936,0.007657714189043167,-0.05025889380653992,0.9671628783816277,0.00797163897501827,1
2024-02-21,480.9124325062878,482.8053121078392,479.1068842202188,482.6499938964844,59293400,0.0009058194580877643,0.006335043574303034,0.02547125359398561,484.07114562988284,467.2283593750001,-0.002935832359000079,0.0330066320077691,0.007261852288153654,0.007649768531269235,-0.17345793715071922,0.7943948335276222,0.007662753412183075,1
2024-02-22,489.250850130992,493.5996412471157,488.2898206173805,492.6386413574219,76402500,0.02069542647312206,0.017911202747962207,0.04555089219210462,484.9836120605469,468.1827337646485,0.015784098898416588,0.05223581697711044,0.009436245081376882,0.008793915641885777,0.2885498217339535,1.0273076740263098,0.01077832752847904,1
2024-02-23,494.3567944319364,495.1916260485655,492.250356160334,492.9783935546875,61321800,0.0006896580348010328,0.011633152882524422,0.04061210521484404,485.9086975097656,469.109291381836,0.014549433013143043,0.05088175103618453,0.009432279236594798,0.008767820880037313,-0.19738490232649453,0.8307900843263764,0.005966326164972708,0
2024-02-26,493.4152350521733,493.8520693709636,491.0466841824756,491.1728820800781,50386700,-0.003662455592811087,0.012972732583556246,0.03811980234721224,486.3736633300781,469.95894165039067,0.0098673491429222,0.04513998681499465,0.009477265622895923,0.008831280169655885,-0.17832320642903499,0.695001619339828,0.005711604387863231,1
2024-02-27,491.8621118078968,492.308633148054,489.9692025931845,492.0853576660156,48854500,0.0018577482984671878,0.02047260828032771,0.031876618561303305,486.95123291015625,470.7030908203126,0.010543406421165358,0.04542622995833612,0.009466562374377025,0.008717448160849179,-0.030408818200040932,0.6797122765390847,0.004754115355038308,0
2024-02-28,490.53220860244136,492.0174038220213,490.17304819868775,491.43499755859375,56506600,-0.0013216408439921112,0.01820160317663544,0.03131049286026544,488.1335693359375,471.40503417968756,0.006763370581432282,0.04248992252227679,0.007976808439338828,0.008726181951492419,0.15663040252177374,0.7873325328559729,0.0037530001576936275,1
2024-02-29,493.1920341688056,494.8131144463538,490.5516835957709,493.2017211914063,83924800,0.003595030149642353,0.0011429875505357678,0.05218696247182564,489.0567260742188,472.15734069824225,0.008475489439559336,0.04457069429873295,0.007652775383061339,0.007645936855321489,0.48522119540018327,1.2046847960019154,0.008640340589827478,1
2024-03-01,494.0753617325155,498.2591184201671,493.6676477127876,497.8320007324219,76844800,0.009388206370874785,0.009845476477654103,0.04834412559185197,490.1089813232422,472.9509985351563,0.015757759403486782,0.052607991682707134,0.007870156035754161,0.00741956677835084,-0.08436123767944637,1.1150984240713875,0.009222932034550714,0
2024-03-04,497.0360730146448,499.1425115484434,497.0069230762816,497.2981262207031,49799300,-0.0010723989436863812,0.012470648042874677,0.03631027089948269,491.35053100585935,473.6782598876954,0.012104586928334493,0.049864788682950634,0.007567083149522948,0.007200074106474651,-0.35194964395769135,0.749520161134049,0.004294382704377992,0
2024-03-05,495.2984545471132,495.745005535815,490.1245478315941,492.32806396484375,72855600,-0.009994130268758838,0.0004932199161122863,0.02970246852510794,492.3620178222656,474.43386596679693,-6.896116311339018e-05,0.037716949150714996,0.008204752908817545,0.00758314808723196,0.46298441945971125,1.0989358412585883,0.011416082315027706,1
2024-03-06,495.5993764159242,497.0748846909984,493.53177482463775,494.8228149414063,68382400,0.0050672532385656055,0.006893724296484605,0.03192449079354942,493.5792999267578,475.1531671142579,0.0025193824271663168,0.04139643632517043,0.008242443474852689,0.007619699517518449,-0.0613981629414897,1.0218576924071225,0.0071603607581840695,1
2024-03-07,498.1135085613306,500.78297909459656,494.8810058352906,499.7345886230469,58652100,0.009926328239780569,0.013245832589268813,0.03354734783718971,494.2888946533203,475.95226135253915,0.011017229050929833,0.04996788375986316,0.006004100952421885,0.007701344467757566,-0.14229246121809125,0.884320673802595,0.011810215649807408,0
2024-03-08,500.3656691875528,503.0447976060077,496.1624491386697,496.7351684570313,86532500,-0.006002026344184119,-0.0022032176994988273,0.026890404916249055,494.66457214355466,476.65253784179697,0.0041858593278754075,0.04213264174814868,0.006453977525639771,0.007888360450074624,0.4753521186794676,1.2719024033821955,0.013855166503946402,0
2024-03-11,495.5314219659159,496.89041928478855,493.6093924281333,496.3079833984375,62557200,-0.0008599855329767259,-0.001991044747725823,0.02011159805181073,495.17808227539064,477.32757324218755,0.00228180762333996,0.039763908938525994,0.006298706454928173,0.007831960767132419,-0.27706699794874756,0.9204623028728729,0.006610868586454423,1
2024-03-12,498.41449998304,502.2294094929587,495.9003176684613,501.6470031738281,73114400,0.010757473089254121,0.018928312016049942,0.03153822042064225,496.1342468261719,478.1058947753907,0.011111420715102849,0.04923827264145486,0.00701249039496394,0.008116777212820133,0.1687607501614523,1.0628111035635535,0.012616624408108545,0
2024-03-13,501.9672879725168,502.14200986510485,499.4240150117718,500.8606567382813,55104100,-0.0015675294192365463,0.012202027906877966,0.04430464559681346,497.0768127441406,478.8952813720704,0.007612191711884098,0.04586676089870534,0.007025649401883361,0.0073211171341083705,-0.24633040823695473,0.8362580585338604,0.00542664874305209,0
2024-03-14,501.831351753217,501.9866995940405,496.8321966177629,499.87054443359375,110171800,-0.001976821879233648,0.0002720560346272105,0.03285407271475771,497.7436950683594,479.7165093994141,0.004272981026795852,0.04201238573050503,0.007098945765230729,0.007189746837227665,0.9993394320930749,1.6205821305974866,0.01031167576020741,0
2024-03-15,496.8081945985933,498.2590766512578,494.7730966492492,496.4381713867188,107646300,-0.006866523913234723,-0.0005978982145254941,0.01873290817048634,497.60431213378905,480.5440270996094,-0.0023435101317142992,0.03307531337563541,0.006916751098899565,0.007317722817582618,-0.0229232888997003,1.53165534592412,0.007021982198248551,1
2024-03-18,500.4986499574304,501.93975545659913,498.979629194759,499.3885803222656,88893300,0.005943154869226364,0.006207026739191157,0.02991641698084302,497.8133575439453,481.4598693847657,0.0031642838715537636,0.037238224985210344,0.007175994091863845,0.007258939392062173,-0.17420942475496137,1.2529175870455753,0.005927500905066525,1
2024-03-19,498.6972103635703,502.4460573676712,497.6942371868493,502.1636962890625,60755300,0.005557027285257643,0.0010299934255868504,0.041372780052504776,498.7969207763672,482.4187878417969,0.006749792094656426,0.04092897902173043,0.006293722541304,0.007117144032489136,-0.3165367918617039,0.8630017882109893,0.009462691580329955,1
2024-03-20,502.22219759800726,506.9447780211189,501.550319572243,506.8084411621094,69594600,0.009249463685589099,0.011875128029742665,0.05005376063633871,499.9954833984375,483.34091491699223,0.013626038614118263,0.048552740976102626,0.006649262223043616,0.007288829282680024,0.14549018768732935,0.9813801108171286,0.01064397908706188,1
2024-03-21,509.6419901809582,510.3430492224821,508.2008253201653,508.4832458496094,60256100,0.0033046108775529603,0.017229863835595216,0.03216273179166196,500.87034912109374,484.31051696777354,0.015199335999574348,0.04991163320833758,0.006127486521819386,0.005906408918540649,-0.13418426142258166,0.8594789360542514,0.004212968509389966,0
2024-03-22,508.3955192473561,508.8823855528386,507.2854498071945,507.5191955566406,79070800,-0.0018959332501859993,0.022321055890945685,0.02949582008473972,501.94875183105466,485.20880676269536,0.011097634380533128,0.04598100546195738,0.005670546104278135,0.005955490343799051,0.312245565179293,1.1137491626189728,0.0031465524055551176,0
2024-03-25,506.1462770254766,507.2660934728328,505.9612654237029,506.1170959472656,48512100,-0.002762653357056166,0.013473507184841749,0.030425567885384863,502.9296630859375,486.08313049316416,0.006337730890181081,0.041215101280671185,0.005813424374677949,0.005917946813730897,-0.38647262959271944,0.684218921959684,0.002578114945292862,0
2024-03-26,507.53866742888704,507.87950952715136,504.78304672651166,505.1822509765625,65463700,-0.0018470922602474849,0.006011096998462362,0.026615084368017072,503.28318786621094,486.93235107421884,0.0037733489934426157,0.03747933334493525,0.005008134314714704,0.005964498326176082,0.349430348304856,0.9126164109157029,0.006129397449443166,1
2024-03-27,508.0061834942003,509.46678276035976,505.8444656756774,509.42779541015625,82999800,0.008403985740565334,0.005168331928412151,0.03661277267787022,504.13990173339846,487.9004583740235,0.01048894098359665,0.04412239559658282,0.005474432067998657,0.006130978442175237,0.26787517356947443,1.1361034705307054,0.007110560352848313,0
2024-03-28,509.4666590943707,510.8298490860622,509.0479612048705,509.330322265625,96294900,-0.0001913384888093672,0.0016658885478129104,0.03270183452575459,505.08587951660155,488.9178692626954,0.00840340805624118,0.041750269904661685,0.00536889191904152,0.006131656665694447,0.16018231369232216,1.3070217592643807,0.003498491653246662,0
2024-04-01,510.0704514124196,510.6059925472889,507.2855305336226,508.44427490234375,62477500,-0.0017396320708727986,0.001822747501576849,0.021316978728384006,506.28648986816404,489.8360192871094,0.004261984227036386,0.03798874497289151,0.004634405789097721,0.00589056761481041,-0.35118578450156757,0.8563642347261095,0.006530631138100772,0
2024-04-02,504.62724203503336,505.3477947483364,502.9134629158643,505.2115173339844,74230300,-0.00635813544951469,-0.001789266990845917,0.015912770823047984,506.86878356933596,490.57419311523444,-0.0032696159027219007,0.02983712642077707,0.005189427214860538,0.00610644563408431,0.18811252050738259,1.0007018230683284,0.004818440888517701,1
2024-04-03,504.1208688391064,507.266065898289,504.0721940901131,505.7664794921875,59155800,0.0010984748747053796,0.001156470787514019,0.027295652047784502,507.22906188964845,491.3036639404298,-0.0028834751542275994,0.02943763015272638,0.004957157967004884,0.005552357591996925,-0.2030774495051212,0.8049147370676899,0.0063149139725169326,0
2024-04-04,509.76853565111946,510.1093183056524,499.2911628340767,499.593017578125,96858100,-0.012206150791687409,-0.019305538332695327,0.009640223717824137,506.50751953125,491.8822912597657,-0.013651331296175129,0.015675958365183762,0.005474435520246251,0.006245808212776027,0.6373390267733678,1.2928715077952564,0.021653936486179876,1
2024-04-05,500.94659570356,506.7694988063269,500.5084040589052,504.8122863769531,74546500,0.010447041121850686,-0.00887054175093005,0.010160789085856825,506.1404235839844,492.55501403808603,-0.0026240488709174947,0.0248850828628846,0.006524479711162309,0.006288119225434918,-0.23035347585798194,0.9846093251965959,0.012402817673788548,1
2024-04-08,505.5132702303462,506.5161838386092,504.2863577249252,505.0945129394531,48401800,0.0005590722930408631,-0.00658825780570349,0.016828573882513354,505.8979553222656,493.1821270751954,-0.0015881510774256036,0.02415413132447397,0.006520881630134753,0.006097986608833374,-0.3507166667784537,0.6558045623331249,0.004414671029996505,1
2024-04-09,506.8278915451877,507.0713247303679,500.8394114169826,505.6788940429688,68049200,0.0011569737713339467,0.0009251109544192726,0.018881240999519378,505.85413513183596,493.83296508789067,-0.00034642612701285547,0.023987724175055458,0.006484771213667374,0.0060848403747182835,0.4059229202219752,0.9185929447452761,0.012323854894477265,0
2024-04-10,499.9922448100833,502.6018412987628,498.6388015333815,500.6154479980469,82652800,-0.010013164687256437,-0.010184604363880578,-0.0020563367652050024,505.3974548339844,494.3075958251954,-0.009461873601061876,0.012760985722505724,0.007207620974199182,0.006095942679060928,0.2146035515479976,1.1085892435747593,0.007916335345282292,1
2024-04-11,502.13442685782303,505.8345989017068,498.62901322296943,504.39349365234375,70099000,0.007546801980252926,0.009608773352137723,0.007053532487596659,504.89402465820314,494.8651641845704,-0.000991358545386345,0.019254395252237932,0.007089005374736103,0.0063160092954755945,-0.15188596151612532,0.9308494480920202,0.014285643588622186,0
2024-04-12,500.85886371567153,502.2707879594682,495.70780962230026,497.4313354492188,92561100,-0.013803029362475572,-0.014621179252009786,-0.004879681372581879,503.7041259765625,495.438998413086,-0.012453323695100327,0.004021356902695228,0.008150244266703625,0.0070574058056862305,0.3204339576884121,1.2436670274279333,0.013193737244641101,0
2024-04-15,501.5989831208017,501.764501056224,490.3523514265075,491.1995239257813,92101400,-0.01252798342068595,-0.027509681173941924,-0.010552467080249261,501.9796508789062,495.76549682617195,-0.02147522700223048,-0.009209944882452303,0.008754836533358318,0.0074411037516683405,-0.004966449188698041,1.2505501624230868,0.023233226161352812,0
2024-04-16,491.6765860412786,493.19560665785394,489.0182851042901,490.3036193847656,73484000,-0.0018239116639515718,-0.03040521334650903,-0.01819216797395984,500.4888610839844,495.97409362792973,-0.020350586179198937,-0.011433004900893051,0.008702444164750172,0.007288027783499553,-0.20214024976819023,1.0083119460623637,0.008519866850678275,0
2024-04-17,492.75747748596,492.92302513897846,486.0095162325528,487.4019470214844,75910300,-0.005918113284422155,-0.026394513052689583,-0.02939628925122606,498.65240783691405,496.1596020507813,-0.022561729650986018,-0.017650882887479846,0.008621656594447082,0.00720479794253153,0.03301807196124318,1.0308858480751057,0.014184409702657393,0
2024-04-18,488.7942988433905,490.887817979909,485.4641202927352,486.3988952636719,74548100,-0.0020579559928763924,-0.035675714724969776,-0.040270730005282696,497.33299560546874,496.29728881835945,-0.021985471381172572,-0.019944484440474697,0.008084225628501628,0.006748913013118472,-0.017944863872228156,1.008992989181032,0.011150719584249284,0
2024-04-19,486.32104754330464,487.3142441699,480.8876025986124,482.1534729003906,102212600,-0.008728273038078882,-0.030713510509005393,-0.05178100392516394,495.0671142578125,496.27007873535166,-0.026084627690897144,-0.02844540994882161,0.006807578027072993,0.006784440912492583,0.3710959769598421,1.3452302659502993,0.013329037189399918,1
2024-04-22,484.75325915842177,489.183760061862,482.41630699671776,486.5936279296875,67961000,0.009209007668423919,-0.009376833184369548,-0.04123108605577419,493.21702575683594,496.32740051269536,-0.01342897240212848,-0.019611596242627538,0.007979161605575994,0.007283973589282842,-0.3351015432539628,0.9010288229522976,0.013907812755250765,1
2024-04-23,488.5995489497242,492.79633413093177,486.4086505723251,492.3678894042969,64633600,0.011866701788054934,0.004210187194052306,-0.027166058315487795,491.88592529296875,496.4442938232423,0.0009798290346305638,-0.008211202081812585,0.00931056109151432,0.007918494241266998,-0.04896043318962351,0.8478530854630416,0.012973395901863085,0
2024-04-24,493.2540334865075,494.0427545951939,489.914137461728,492.1342468261719,55928100,-0.00047452846368123414,0.009709234510872689,-0.025828310723838066,491.0378051757813,496.560785522461,0.0022329067921726953,-0.008914394421282612,0.008951224436652706,0.00791987362035231,-0.13469000643628082,0.7382731464513471,0.008389209164149479,0
2024-04-25,486.0678932982719,491.0241892900092,484.4222826199273,490.2646789550781,69122400,-0.0037988981322694126,0.007947764127446577,-0.0376169432208725,489.6249237060547,496.77384643554694,0.0013066231273135553,-0.013102878758963321,0.008352008694850931,0.0075982659220476334,0.23591539852060062,0.9208778010809148,0.013466005105962029,1
2024-04-26,493.0495906841402,496.4868661502573,492.4166703311319,494.909423828125,64306100,0.00947395370791626,0.026456204600168176,-0.028313449655524847,489.3727325439453,496.9926318359376,0.011313853257409523,-0.00419162755012481,0.008188550381821652,0.008008156479861505,-0.069677846834022,0.8753656738243596,0.008224122684192228,1
2024-04-29,496.6912896486231,497.33395677101214,493.9258924563797,496.6620788574219,46415400,0.0035413652375824167,0.020691703199182232,-0.023173033165109103,489.9189880371094,497.17968444824226,0.013763685394863057,-0.0010410835498936288,0.007060075689847838,0.008083239906890562,-0.27821155380282736,0.6388124892649047,0.006861937844082521,0
2024-04-30,495.20149000874,496.1752226900087,488.7943420410156,488.7943420410156,77483600,-0.015841227166982663,-0.0072578806217538094,-0.03249564732728705,489.7680603027344,497.2579187011719,-0.0019881211958102663,-0.01702049649055959,0.00887080479742634,0.008662766896024302,0.6693511205332714,1.0640202703746535,0.015100176115323624,0
2024-05-01,488.2101273744075,494.8412449760708,486.7397814235659,487.2071838378906,80242800,-0.0032470879194256286,-0.01001162390151955,-0.03669538493917435,489.748583984375,497.35779846191406,-0.005189193454749108,-0.020409079048150702,0.008720881526652855,0.008645614404524058,0.0356101162052358,1.0861837951337172,0.016628374583246168,1
2024-05-02,490.9073012018536,492.6016161908802,486.4281251448712,491.7641906738281,62550200,0.009353324390745765,0.0030585758736403346,-0.015670408970583027,490.2851135253906,497.54008239746094,0.003016769442176548,-0.011608897308938326,0.009158127481119016,0.008628084403200467,-0.22048831795500656,0.8668204904345175,0.012553762886943605,1
2024-05-03,497.7332732597334,499.0867464310989,495.2015619773038,497.85986328125,72756700,0.012395519484794892,0.0059615746055174945,-0.013772293748238185,491.8557525634766,497.6445068359375,0.012207056004694294,0.0004327515773896451,0.009065913242745383,0.008771033869224338,0.16317293949499767,1.0095140889519933,0.0078037711820932235,1
2024-05-06,500.2552260399176,503.0400875844757,499.81703439349593,503.0011596679688,47264700,0.010326794276674489,0.012763367851900576,-0.00414447834584819,493.4965057373047,497.84496215820315,0.019259820120638427,0.010357034622612282,0.00915404121772532,0.009107763617583716,-0.3503732302317175,0.6563251349682573,0.0064076456465971595,1
2024-05-07,503.9651034446084,504.9485829994704,502.8842743906612,503.55615234375,52561300,0.0011033626167931132,0.030200452487020968,-0.004197805611871996,494.61533203125,498.0926275634766,0.018076310485124925,0.010968893089221998,0.008662197159011363,0.009107360955383757,0.11206249061138651,0.7378084934592705,0.004099460604743062,1
2024-05-08,501.7255308629162,504.14036899052337,501.6086876910597,503.6048278808594,42047200,9.666357343229848e-05,0.03365640858125096,0.005971409581480014,495.76239013671875,498.3230169677734,0.015818944518921407,0.010599171086306702,0.008643855362766035,0.008807971172493522,-0.20003500674450592,0.6075352682898354,0.005027118802885303,1
2024-05-09,503.7898682306733,506.54554862676025,503.1374839119154,506.5065612792969,43643700,0.0057619252989449254,0.029978536227431185,0.004189323719567151,497.38657836914064,498.6244482421875,0.01833580419491687,0.01580771473379694,0.008415075617296474,0.008739828877607093,0.037969234574478206,0.6428901442646032,0.006728569727185769,1
2024-05-10,508.1034582569593,508.9116730396104,505.94180018838176,507.1589660644531,52233200,0.0012880480432642116,0.018678153169278344,0.019555725427811144,498.6115325927734,498.9035931396484,0.01714247046640338,0.016547030404918228,0.008141067723339598,0.008090442291830991,0.1968096197160185,0.7929701874835282,0.005855901305018403,1
2024-05-13,508.8337946620412,508.94089100323504,506.0878611147721,507.2271118164063,36716400,0.00013436763719676392,0.008401475955298165,0.03262948579943403,499.66803588867185,499.0914953613281,0.015128195891679352,0.016300851708940245,0.008162877098551798,0.0074458669668563725,-0.29706776532933077,0.5818665198545762,0.00562475826311032,1
2024-05-14,507.42181386177714,510.0703976103099,506.88627278339663,509.5542907714844,57535900,0.004588041334668169,0.011911558224076302,0.03926275602630569,501.74403076171876,499.33661865234376,0.015566224072279589,0.020462493110793734,0.005171950062975364,0.007427202743429688,0.5670354392042793,0.9234753685838546,0.006248843125415306,1
2024-05-15,512.0179402902028,516.1563047340521,511.38499019072265,515.8641967773438,59504900,0.012383186875545515,0.02434323147391404,0.058395847472075824,504.60973205566404,499.8073413085938,0.022303304924048195,0.03212608967829489,0.005038062909888855,0.007532970304158298,0.03422211175978829,0.9678206611720124,0.009249167849089683,0
2024-05-16,515.9614174721102,517.5583531460086,514.6565896819933,514.8026733398438,50244800,-0.0020577575341174104,0.016379081130939666,0.05839605795316305,506.9135803222656,500.2069384765625,0.015562994016776521,0.02917939304827355,0.00540819966936154,0.007532963472976807,-0.1556191170811143,0.8336863385568151,0.005636651894578854,1
2024-05-17,514.9195214966393,515.6108930215729,513.4686694664939,515.542724609375,59187600,0.0014375435634979006,0.016530829790863732,0.06925025657936579,508.68186645507814,500.5231011962891,0.013487522569084476,0.03000785253904925,0.004719993646231746,0.007035832988355656,0.17798458745979673,1.0184218106309033,0.004155278414028934,1
2024-05-20,515.6595382886503,517.5972564963745,515.2700215074756,516.1366577148438,37764200,0.001152054091964505,0.01756520046125276,0.0607139676506927,509.99541625976565,500.9111309814453,0.012041758139939907,0.03039566460335341,0.004097550670588085,0.006913939251641285,-0.3619575721941758,0.667127857015917,0.004508951174292805,1
2024-05-21,515.3772058901883,517.5583573493641,515.1727006539206,517.4025268554688,33437000,0.0024525852246759516,0.01540215876133999,0.050845390184686146,511.3800537109375,501.33302185058596,0.011776902718101612,0.032053553834465065,0.004065292607895238,0.006589513872936112,-0.11458471250549462,0.6074229603590076,0.004610833097283786,0
2024-05-22,516.7112486575287,517.4220544657823,513.741316563043,515.9127807617188,48390000,-0.002879278736429791,9.41797951448109e-05,0.048317169733456344,512.6108489990235,501.61833740234374,0.006441400468099712,0.02849665232216103,0.00437601619273794,0.006668182491515495,0.4471992104554834,0.8851223984896399,0.00713441891729219,0
2024-05-23,518.9605990872589,519.0676954201629,510.93699174891134,512.1444702148438,57211200,-0.007304162035511652,-0.00516353791979085,0.044628528627432384,513.1746398925782,501.844013671875,-0.0020074446351247,0.020525215529827,0.005151298885016485,0.00688186392098115,0.18229386236825795,1.0580002587154895,0.015875800958742574,1
2024-05-24,513.9848197975488,516.3412958961842,513.0403275362747,515.5330810546875,41291100,0.00661651357559756,-1.8705636268712134e-05,0.04167157914884401,514.0120513916015,502.1572644042969,0.002959132298490097,0.02663670845478694,0.005438267831682237,0.006751504345611927,-0.2782689403473446,0.7801947298295795,0.0064030194787040185,1
2024-05-28,516.3412489766735,516.5749353115505,513.2642204156563,515.893310546875,36269600,0.000698751458297453,-0.0004714781721688599,0.03872095839024969,514.8786712646485,502.5463671875,0.001970637625626104,0.026558630667397276,0.005423673270697298,0.006748710879871605,-0.12161216339598602,0.6919460276146171,0.006417441025518737,0
2024-05-29,511.8718716025252,513.4590608844294,511.57001679975457,512.2808227539062,45190300,-0.007002393167570453,-0.009898877248802451,0.04804982114731571,515.1513244628907,502.8042120361328,-0.0055721524388533394,0.01884751656991379,0.0059526456658369345,0.005737899095797536,0.245955290380925,0.8895353620930142,0.003687516691567228,0
2024-05-30,510.74230907986095,511.4044402025134,507.6360993028724,508.8824462890625,46377600,-0.00663381550489206,-0.013626982573054947,0.04448879895495117,514.4531494140625,502.9385870361328,-0.0108283973600799,0.011818260531484492,0.004646539022356412,0.0059579898211788085,0.026273337419755904,0.9443831746926421,0.0074051304522703655,1
2024-05-31,509.8367164200918,513.6439850215788,504.7440541264526,513.5173950195312,90785800,0.009108093164282405,0.002680737339820549,0.04423503125735184,514.3246215820312,503.07276611328126,-0.0015694884682304622,0.020761666323034556,0.005683901884437148,0.0059427165950761114,0.9575355343959153,1.7970034437396503,0.017331313372135528,1
2024-06-03,515.1240197883811,515.4063808363203,508.8726139393969,513.93603515625,46835700,0.0008152404198553675,-0.003097853381533233,0.03229055615981302,514.1639526367187,503.18182189941405,-0.0004432778285989869,0.0213724200453842,0.005666931672281729,0.00543806659325568,-0.4841076467905774,0.9514691939661889,0.012713190844726347,1
2024-06-04,512.631323194632,515.2506664560023,511.17072418863216,514.5106201171875,34632700,0.001118008704648954,-0.0026801867778083466,0.022881578358221022,514.0013488769531,503.321650390625,0.0009907974781526718,0.022230257168311285,0.005665974109760388,0.005035626058645142,-0.2605491110413638,0.7127095028688283,0.00792975326037161,1
2024-06-05,516.8281493311971,520.6451650598835,514.84169649016,520.6256713867188,47610400,0.011885179878577512,0.016289597935664313,0.033897945568772014,514.3236633300781,503.61182189941405,0.01225300040802546,0.03378365786397852,0.00683905118265047,0.0055788851861051795,0.3747238881172996,0.9847955749313819,0.011147104126205839,0
2024-06-06,520.927446289771,521.3558910101924,518.6878732006264,520.6158447265625,30808500,-1.8874713054506387e-05,0.02305718839992177,0.03377850231755031,514.7939697265625,503.92049377441407,0.011309135969662432,0.033130922751521075,0.006734418452741123,0.0055806737538376255,-0.35290398736410533,0.6447514446923448,0.005124734171253039,0
2024-06-07,519.6421291117942,522.787325920015,518.5515533208824,519.9829711914062,43224500,-0.0012156248058271535,0.012590763690934148,0.02660658507181357,515.5778198242188,504.13159729003905,0.00854410565739494,0.031442928764188416,0.006157994252229116,0.005529743011432019,0.4030056640212929,0.9049868966431245,0.008145983299082685,1
2024-06-10,519.1747616812378,521.9109480214009,518.5807990347079,521.589599609375,35686100,0.00308977121748355,0.014892056461458525,0.028453866559637886,516.1834716796875,504.37678283691406,0.010473268181361295,0.034126901471645654,0.0059315975840829645,0.005543711471436928,-0.17440109197330222,0.7603267610471157,0.006384615393380285,1
2024-06-11,520.0414093421914,522.9041857425336,518.0744503489441,522.8457641601562,36383400,0.002408338954078104,0.016200139933108204,0.030792226952969237,516.8787170410156,504.6648126220703,0.011544385408825297,0.03602579590129085,0.005940673709503053,0.0055393084449028625,0.019539820826596443,0.7754584992102806,0.009237399869438584,1
2024-06-12,527.4028804771598,529.8274655446977,526.1077992631506,527.1399536132812,63251300,0.008213109386135509,0.012512410710004529,0.0345118531239752,518.3646301269531,505.10338134765624,0.01692886238048108,0.04362784546567422,0.005493925812792205,0.005701500692370656,0.738465893786727,1.33994685022043,0.0070563163654180725,1
2024-06-13,528.8829186945259,529.0581834417079,525.4164327979901,528.2012939453125,44760900,0.002013393833566024,0.014570146674529383,0.023915397201511368,520.2965148925781,505.55207763671876,0.015192834905623842,0.04480095584706323,0.004402811729430187,0.005122204090451059,-0.29233233150939186,0.9632808220261482,0.006894626509746664,1
2024-06-14,526.6725890295746,528.551886156822,525.6696157422205,528.522705078125,40089900,0.0006085012219712027,0.01642310298576155,0.02665104990475453,521.7970458984375,506.13067138671875,0.012889415976104601,0.04424160588817028,0.004058688815244912,0.005067499687627389,-0.1043544700843817,0.8722896452716191,0.005453446724063578,1
2024-06-17,527.8410283318889,534.1216160104203,527.3833430672393,532.7291259765625,55839500,0.007958827233005561,0.02135687976817402,0.03333652197343984,523.6763549804688,506.68900817871094,0.01728695769819777,0.05139270317201583,0.004275479724090332,0.005280246740103185,0.39285705377164826,1.2194164546481223,0.012648591215711987,1
2024-06-18,532.7875604635906,534.2092316077063,532.3688625324717,534.0826416015625,41376400,0.002540720150261855,0.021491763368220118,0.034769830079834474,525.6335571289062,507.2687707519531,0.01607409640816404,0.052859297468404565,0.004206604225711883,0.005282425800492034,-0.2590119897205383,0.9000231550992499,0.0034458507576953195,0
2024-06-20,535.0075623992715,535.669693336776,530.859452632278,532.6316528320312,70328200,-0.0027167869848384596,0.010417914978948506,0.02943380672900453,526.8341552734375,507.80782592773437,0.01100440717550799,0.04888429369702063,0.0035516422454324225,0.005370613896148035,0.6997177134791814,1.4707734075772596,0.009031083073868627,0
2024-06-21,531.8102827682807,533.0313753907063,530.4621917432297,531.917724609375,64338600,-0.0013403788882246914,0.007036012040605222,0.03102257676971254,527.9643432617188,508.4338714599609,0.007487970348968087,0.04618860872109187,0.003669645038632456,0.005315839392469583,-0.08516640551016519,1.323442337315026,0.00483003955050258,0
2024-06-24,531.7417933525489,534.3011982327657,530.0713174980777,530.1885375976562,45528700,-0.0032508542801212847,0.0031518655746018975,0.035232377643837465,528.9848999023437,508.9497723388672,0.002275372502191786,0.041730572274719435,0.003924971386736377,0.005030429753459023,-0.2923579313196122,0.9479130535081279,0.007978068997594791,1
2024-06-25,531.4096852385123,532.5917242597523,529.8955424418219,532.2302856445312,37936200,0.0038509848895005305,-0.000936386444268078,0.03238823114063649,530.0489685058594,509.64575134277345,0.004115312486732581,0.04431418145300703,0.0039567322717833295,0.004926401395952481,-0.16676294293489602,0.7926044312362974,0.005065818106658936,1
2024-06-26,531.1166742934914,533.6076912884868,530.4719636310322,532.8945922851562,38550600,0.0012481564062454265,-0.002224467196394242,0.03295503428850233,531.0538513183594,510.47965270996093,0.0034662039682551438,0.043909565163277486,0.003961366586374316,0.004922603522930734,0.01619561263384317,0.803526457025604,0.005884330039845181,1
2024-06-27,532.7578061070262,534.3110621107577,532.0153722749866,533.7346801757812,35041500,0.001576461654494432,0.0020709008521839767,0.04187909534958556,531.7133239746094,511.34827392578126,0.0038015902743644414,0.043779176329534764,0.0032870698562031783,0.004484740298049275,-0.09102582060979592,0.7381925064238853,0.0043011816938989846,0
2024-06-28,534.5064116818106,537.5543137581463,530.3938098387125,531.6343994140625,76144500,-0.003935065191992049,-0.0005326485322905139,0.04470964422316914,532.0566345214844,512.2329229736329,-0.0007935905315824554,0.037876277705461536,0.003651394132402384,0.004243406380679214,1.172980608706819,1.5553129877300125,0.013468849885044572,1
2024-07-01,533.0117876323043,533.2560061424955,529.9737236752046,532.728515625,40297800,0.002058023732368186,0.00479070716777974,0.037410846821923194,532.4772155761718,513.1595153808594,0.0004719451677499542,0.03813434157918083,0.0036780587995391065,0.003919630191698058,-0.4707720189902094,0.8678647874681236,0.006161266707189668,1
2024-07-02,531.1264605772033,536.3136596679688,531.0776287968915,536.3136596679688,40434800,0.006729776870987747,0.007672194036257407,0.0435416530092414,532.8356689453125,514.242719116211,0.006527323385727035,0.04291930586725545,0.0034239840733657776,0.004058479430300747,0.0033996893130643357,0.8768590789301768,0.00976300114063632,1
2024-07-03,536.0010708200014,539.068469909586,535.9620173191718,538.70703125,32789900,0.00446263401814706,0.010907295831092734,0.04702801105893872,533.2981079101562,515.2849871826172,0.010142401144155322,0.04545454389316794,0.0035901817338992053,0.004082939082835433,-0.18906733803555353,0.7124973259539622,0.005766497205737517,1
2024-07-05,539.0098526062544,542.213968717536,538.3748605783948,541.8134765625,41488400,0.005766483695770486,0.015136352736266012,0.040696812201646226,534.2162902832031,516.2738989257813,0.01422118047966947,0.04946904674022701,0.0036506847406633544,0.003517685422420729,0.26527985751710137,0.9075448673996065,0.007085663803525499,1
2024-07-08,542.5948111785453,543.386076608526,541.3737188715598,542.4385375976562,36110500,0.0011536461572014822,0.020322496428939685,0.04191707396565203,535.2683715820312,517.2799847412109,0.013395459915617636,0.048636238784749874,0.00350074851531852,0.0034919022288419053,-0.12962418410929322,0.7853508752756764,0.003709835488235079,1
2024-07-09,543.3959524424528,544.2946598471173,542.6730752067231,542.9661254882812,27289700,0.000972622433799808,0.01921731156303963,0.04419982109070819,536.5461303710938,518.334013671875,0.011965411273672233,0.0475216967567158,0.003023691763333213,0.003417317280759079,-0.24427244153362593,0.6039769742589886,0.0029865300324876123,1
2024-07-10,544.1872742397521,548.6808713510104,543.8942239279161,548.3389892578125,38701200,0.009895394053725859,0.02242219524538802,0.051284361629277964,538.1570007324219,519.4026049804687,0.018920107908162676,0.05571089555554298,0.003841976584920599,0.0038278570733261477,0.4181614308695223,0.8536885037973623,0.008729358146815636,0
2024-07-11,548.4560949063842,549.3255270030801,542.9758465360856,543.6107788085938,53054200,-0.00862278725723753,0.00910280964259047,0.039715373197662274,539.2286193847656,520.3415789794922,0.008126718920868914,0.04471908601795338,0.005322717080791677,0.004566797031427391,0.3708670532179881,1.1491642197868464,0.011680563952228513,1
2024-07-12,544.7343252522627,550.6346235261244,544.2654447499774,547.0397338867188,53084400,0.006307739308701876,0.009645860707224285,0.03775046861281228,540.5591247558593,521.5064868164062,0.011988714710507109,0.04896055507608943,0.005488032150707373,0.004447789164213819,0.0005692292033430135,1.1626197907786355,0.011642991142332528,1
2024-07-15,549.0325043663784,551.7775178290722,546.6879829958002,548.5440673828125,40584300,0.0027499528880754465,0.011255707996331354,0.03851329724233166,542.2500915527344,522.7332244873047,0.011607145721368672,0.04937670246773207,0.005005916022516213,0.00445213959933952,-0.2354759590388137,0.8929347587532933,0.0092782606465054,1
2024-07-16,549.8530274778409,552.090047326324,549.1008154677004,551.7969970703125,36475300,0.005930115520199175,0.016264129873829303,0.04403650357603306,544.1569396972657,523.9338806152343,0.014040172633463577,0.05318059680041998,0.0050617367537698936,0.004529202313361063,-0.10124604834874573,0.8057325716618399,0.00541726735465128,0
2024-07-17,545.8772743812609,547.5477506768178,543.7379175635831,544.060302734375,57119000,-0.014020906922318166,-0.007802995240642652,0.021270053025617797,544.9316040039063,524.8578894042969,-0.0015989185856157828,0.03658592872038646,0.0073448125178932335,0.005591807472346475,0.5659638166101444,1.2599674723290901,0.007002593451657867,0
2024-07-18,545.593898977862,546.580551242634,537.7007404833427,539.879150390625,56270400,-0.0076850899114235816,-0.0068645224918960634,0.010853205735502636,545.0488159179688,525.59544921875,-0.00948477526483027,0.027176226873932174,0.0077843444851616594,0.0059085712251670496,-0.01485670267336614,1.2211879706786757,0.016447774937903083,0
2024-07-19,539.6447995873152,541.2664440605769,535.2390876445896,536.2941284179688,65509100,-0.006640415674623368,-0.019643190070312566,0.006876188387347826,544.4968811035156,526.2502087402344,-0.01506482951550181,0.019085825546327095,0.00779519938306619,0.006085463944240409,0.16418401148738937,1.4291609340003715,0.011238900626727975,1
2024-07-22,540.211436930268,542.4289604616175,538.277245078338,541.8233032226562,43346700,0.010309967071610915,-0.012252004095536062,0.0186223886796697,544.4353576660156,527.0145782470703,-0.0047977310925528815,0.0280992700901026,0.008574547586492804,0.006460165469910326,-0.3383102500263322,0.9678225304803578,0.007662489521188911,0
2024-07-23,541.7157018138391,543.8648365993427,540.484890622907,540.9733276367188,34439600,-0.0015687320587394193,-0.0196153105056035,0.020341424369394234,544.2360778808594,527.7039135742187,-0.0059951009805250255,0.025145566900620864,0.008577532183754871,0.006413474545494327,-0.20548507729538812,0.7785880377058921,0.006247897638874789,0
2024-07-24,536.1671163330532,536.4699449259502,527.7952979520205,528.7135620117188,74515300,-0.022662421599522586,-0.02820779359480108,-0.006607522584991088,542.27353515625,528.135005493164,-0.025005780782984544,0.0010954708787280776,0.010274306049669718,0.008270376670354879,1.1636517265008886,1.6177047810837308,0.016407082392445715,0
2024-07-25,528.8306910081631,534.7994361794972,525.0209183627663,525.9586791992188,61158300,-0.005210539336304998,-0.02578442079367982,-0.013015544136402157,540.5083251953125,528.5096368408203,-0.02691844938898258,-0.004826700335778145,0.010144439635066643,0.00833265880113062,-0.17925177782280954,1.2959258886085139,0.018591798564135936,1
2024-07-26,529.7392825093052,534.5357078065754,528.9675138593225,531.8493041992188,53763800,0.0111997866618887,-0.008288034463218796,-0.0035324217192361784,538.9892822265625,528.955537109375,-0.013246975891336055,0.005470718967529153,0.010756032830284125,0.0087344304703123,-0.12090754648183488,1.1170802715875672,0.010469495594502411,1
2024-07-29,533.3927359573876,534.3988851266782,530.169004207153,532.161865234375,39515800,0.0005876872126906463,-0.01783134451917623,0.0009921589364680905,537.3510620117188,529.2814904785156,-0.009656995480601838,0.005442047015956186,0.010654215713047348,0.00868944889810138,-0.2650110297263214,0.8535204711709129,0.007948485594063274,0
2024-07-30,533.6271909452782,534.6822315404584,526.0661958644091,529.4656982421875,46853600,-0.005066441562850521,-0.021272082756469968,-0.006124728237955401,535.1179321289062,529.5747509765625,-0.010562594798929514,-0.00020592510155359456,0.010190236231802433,0.008750157186455802,0.18569281148300165,1.0048983152142033,0.016273076243946052,1
2024-07-31,536.2842643515584,540.6997538692295,534.9166765387299,538.0719604492188,65663400,0.016254617127424487,0.017700318489830114,0.0032784933770633184,534.5190979003906,530.0253356933594,0.006646839304309093,0.015181585131837316,0.011339815748209083,0.009387227356698002,0.4014590127546229,1.3712257352754615,0.01074777679489472,0
2024-08-01,539.7912440920945,542.0380422456446,526.955106117804,530.4523315429688,76428700,-0.014160984898541451,0.008543736459661888,-0.01532317053274257,533.576416015625,530.3116491699219,-0.0058549897988083854,0.00026528244904122644,0.011930476523196903,0.00985478141634073,0.163946734406077,1.5264801272095068,0.028434102804238238,0
2024-08-02,523.3601775288013,524.5714915916972,516.3755054864699,520.5761108398438,82789100,-0.018618488629123853,-0.021196217181008725,-0.03919682075350972,532.0046142578125,530.3751208496094,-0.0214819629598747,-0.018475621545121834,0.013032474082942636,0.010496863480621954,0.08322004691954721,1.5880174827683173,0.015744068801014855,0
2024-08-05,499.80785259777787,511.4717311244644,498.4695101090915,505.41510009765625,146267400,-0.02912352377777827,-0.0502605821349843,-0.06825370052793234,528.3637939453125,530.1651672363281,-0.0434335094694841,-0.046683691551616335,0.01447905258312281,0.012089029833626528,0.7667470717763569,2.5375378644522653,0.0257258261829941,1
2024-08-06,507.2124445147762,517.4989554385519,505.8936885816187,510.0747375488281,84826300,0.009219426665866504,-0.03662363918519529,-0.06057723750238453,525.2739349365235,530.1237725830078,-0.02893575404523374,-0.037819535872710586,0.0152941541380401,0.012385145418050475,-0.42006010908787605,1.4016637448229499,0.022752091022391147,0
2024-08-07,516.2486605015515,519.2965627450678,506.0696484137689,506.66552734375,70698300,-0.006683746427947224,-0.05836846261092765,-0.07599945057795054,523.0691314697266,529.9464215087891,-0.031360298551523225,-0.043930656421373615,0.014121570998013661,0.012022884929304516,-0.16655211885936316,1.1381262964206114,0.026105810672856486,1
2024-08-08,511.79405372836936,519.0033889369354,509.77197692780607,518.3782348632812,63276600,0.023117237876704166,-0.022761888225783844,-0.046416562969213926,522.3110870361328,529.9961199951172,-0.0075297122164659225,-0.02192069846085465,0.01652432277264299,0.013381307917205702,-0.10497706451215938,1.010335902047078,0.017808255417135786,1
2024-08-09,517.5576103421191,522.1489300560904,516.3365178449808,520.6640625,45619600,0.004409574868284416,0.0001689506266708829,-0.048215275331683016,521.1925628662109,530.163784790039,-0.0010140213116328622,-0.017918467014492845,0.016086054628455,0.013323738904978285,-0.2790447021489777,0.7327739979565032,0.01116345956969064,1
2024-08-12,521.8559471668351,523.3407552909962,518.6713279832952,520.9376831054688,42542100,0.0005255223572662171,0.03071254302614479,-0.050326648156196474,520.0701446533203,530.4048895263672,0.0016681181588047433,-0.017849018000856587,0.016084952697473662,0.013287870590008981,-0.06746003910599829,0.682268251939894,0.008963504578638058,1
2024-08-13,524.1221746789957,529.7391995235392,523.8779562074939,529.5046997070312,52333100,0.016445377018018625,0.038092382797811464,-0.040399453932585816,520.0740447998047,530.7246356201172,0.018133292752297914,-0.0022986231111364885,0.017041224305228087,0.013835492248235869,0.23014848820345013,0.8287528697015732,0.011069294227772353,1
2024-08-14,530.2960824274743,532.3573320967027,527.6292352085552,531.17529296875,42446900,0.0031550112069695935,0.04837464619607168,-0.02368305443508123,519.3843780517578,531.0694207763672,0.022701712672261287,0.00019935659678549378,0.01614462451086274,0.013578696379739193,-0.18890912252475012,0.6800948613358343,0.008901198814655165,1
2024-08-15,536.7922766972661,540.5629961238054,536.1866195717042,540.2797241210938,60846800,0.017140163092787875,0.04225001704322873,0.0007419692540060474,520.3671173095703,531.5848028564453,0.03826645871567891,0.01635660240459602,0.01637902338300241,0.014071717444044495,0.433480419064761,0.9713415235219487,0.008100205054373479,1
2024-08-16,538.6679083622046,542.1846909540823,538.5116347380534,541.4910888671875,44430700,0.0022421066199815876,0.04000089091454728,0.009690504098095243,522.4586151123046,532.0021112060547,0.0364286724428724,0.0178363533926984,0.014710528000816125,0.013986653568095222,-0.26979397437498764,0.721416903475111,0.006783225599728636,1
2024-08-19,541.9013070349608,546.66845703125,541.0514314058853,546.66845703125,39121800,0.00956131738916266,0.04939318993471975,0.00894231344384,526.583950805664,532.5231634521484,0.038141128674463065,0.026562776138042477,0.0089953435801327,0.013960207062926213,-0.11948720141703817,0.6374030864400688,0.010275013224411465,0
2024-08-20,546.2191462607274,547.8700657821756,544.4412283435015,545.779541015625,33732300,-0.0016260605567995912,0.0307359714042168,0.008884381416552456,530.1544311523437,533.0390948486328,0.02947275160808993,0.023901522965421806,0.009462056620676076,0.01396066831130052,-0.1377620661625999,0.5499099752948636,0.006282458723706463,1
2024-08-21,546.8248322343893,549.1106842316043,541.9013486274712,547.6551513671875,41514600,0.003436571382049669,0.031025272855465857,0.0358258057224734,534.2533935546875,533.560405883789,0.025085021404039454,0.026416400707342413,0.008329691799894045,0.012854102640388314,0.2307076600172535,0.6954864230159558,0.013164005827637068,0
2024-08-22,549.5502804647684,550.1559376249218,542.1455582382872,543.3568725585938,56121500,-0.00784851342649362,0.005695472734065232,0.03307901180728501,536.7512573242187,533.9706280517578,0.012306660011016879,0.01757820376952668,0.007755598804873062,0.01294348362458548,0.351849710704186,0.9441766283162645,0.014742390850629651,1
2024-08-23,546.5904001832064,550.0680696349215,544.4021520897437,549.1302490234375,50639400,0.010625385922989672,0.0141076378047722,0.03249218281903721,539.5978759765625,534.410433959961,0.01766569786736727,0.02754402632898323,0.00797187915094916,0.012921934107975139,-0.09768270627121511,0.8541918985753179,0.010317984768192828,0
2024-08-26,550.1559715338451,550.8690705771505,546.1214765619129,547.8212280273438,35788600,-0.0023838078459922363,0.0021087205256984376,0.029425939391715117,542.28623046875,534.8028326416015,0.010206782410479676,0.02434242040461765,0.008217452819430865,0.01295219719731668,-0.29326571799823853,0.6055903984361992,0.008666319909385914,1
2024-08-27,546.5512279111676,549.0618012606642,545.4083020191189,548.5733642578125,32693900,0.0013729592647899747,0.005118959272435442,0.036088581524850394,544.1930969238281,535.2038458251953,0.008049104920192507,0.02498023610425215,0.00722213610191752,0.012859266167003383,-0.08647166974958509,0.559931994104032,0.006660001158620394,0
2024-08-28,548.2315309438809,548.661357929549,542.204174863817,545.3887939453125,41066000,-0.005805185814678704,-0.004138292895113249,0.01359824342079663,545.6144470214844,535.4570391845704,-0.0004135760653034559,0.018548182270359037,0.007810833407027709,0.012500028652370524,0.25607529233282045,0.7184497119754244,0.011839596151254052,1
2024-08-29,547.3522554939839,550.6443160255352,544.294635177053,545.4375610351562,38715200,8.941711011511977e-05,0.003829322093166443,0.028249907863725943,546.1302307128906,535.6841375732422,-0.0012683232657348942,0.018207415112381442,0.0059379569527777615,0.012001553240173338,-0.057244435786295234,0.7004295547722589,0.01164144404802537,1
2024-08-30,547.8016709409602,551.1523417216108,544.2556134288437,550.6443481445312,62700100,0.00954607361380333,0.0027572677407343704,0.05775954116714743,547.045556640625,536.0443914794922,0.00657859562191887,0.02723646939900415,0.0065318220692167014,0.011142951883330105,0.6195215315948257,1.1553562932543884,0.01252483261837975,0
2024-09-03,547.508549729637,547.8407131286382,536.8020487007664,539.3126220703125,60600100,-0.020579029118164005,-0.015531720060703025,0.06706867674928296,546.3099731445312,536.192289428711,-0.012808389775391338,0.0058194284086519055,0.008990742911559628,0.009951857963430642,-0.033492769549011925,1.2123488530068454,0.02046802536439183,0
2024-09-04,537.4760847370844,541.608242662233,536.7532075195429,538.208740234375,47224900,-0.002046831078605038,-0.018893779207563632,0.05515662826342904,545.5528930664062,536.3526934814453,-0.013461852966724641,0.003460496750528508,0.008993333140940281,0.009917839681228207,-0.22071250707507084,0.9816918499655706,0.009020728910080251,0
2024-09-05,538.1501466111926,540.9928237930679,534.4477558926965,536.8997192382812,44264300,-0.0024321808589056193,-0.015565179925355221,0.05967288134449822,544.4773498535156,536.4460821533203,-0.013917255910228521,0.000845634072188739,0.008835703339636809,0.009749475730078474,-0.0626915038464878,0.9461433601391931,0.012190484863089861,0
2024-09-06,537.2220554393132,538.8436399407501,526.964879098129,527.8635864257812,68493800,-0.016830205881500304,-0.03221995671882649,0.018298128518072776,542.9280212402343,536.3454620361329,-0.027746651904318242,-0.015814202245977405,0.0098953223845368,0.009488284010444001,0.5473824278255841,1.455927580495904,0.02250346708522443,1
2024-09-09,532.0544335310877,535.043665505135,530.1299607989381,533.773681640625,40445800,0.011196254802991135,-0.03063804533861858,0.02517865181183887,541.3923645019531,536.3462420654297,-0.014072386980072848,-0.004796454646345483,0.009982923437516113,0.009736634153912866,-0.4094969179692176,0.8644833470286417,0.009205595695714991,1
2024-09-10,535.6786451567546,536.4504138231891,530.8138314182086,536.0986938476562,36394600,0.004355801507269996,-0.005959304661401488,0.02910330973142128,540.2201110839844,536.4355279541015,-0.0076291444020073484,-0.0006279116294365394,0.010237442591552988,0.00975846732308486,-0.10016367583284291,0.7830379149856106,0.010514075989489962,1
2024-09-11,536.0108800293665,542.5168359009789,527.4730091477311,541.5985717773438,75248600,0.010259077279622053,0.006298358405500082,0.022839971159847927,539.5226318359375,536.6129290771485,0.003847734680456405,0.009290947776397163,0.010935530029216387,0.009348603120667097,1.0675759590708513,1.5800398513412057,0.027776710532819604,1
2024-09-12,542.1748597619055,546.4633510224045,539.9573366553728,546.1605224609375,51819600,0.008423121701785385,0.01724866467763264,0.02821145804511116,539.5998046875,536.8098663330078,0.012158488043258364,0.017418934923467022,0.011195867034417661,0.009480717715582858,-0.31135462985357865,1.0774844556800525,0.011912275053708158,1
2024-09-13,546.7662020730168,550.0094311099382,546.5122052774053,549.0130004882812,39310500,0.005222783247845975,0.04006605988055534,0.01616436075108041,539.9573486328125,537.0159857177734,0.01677105030313597,0.02234014459452749,0.011307455359977854,0.008791101566424368,-0.2413970775536669,0.8361033824109779,0.006370023714233567,1
2024-09-16,548.7491334077678,550.0874458768798,546.9517188263792,549.82373046875,36656100,0.0014767045220198671,0.03006901497802028,0.0153883263693122,539.8752868652343,537.1761907958985,0.0184272994996324,0.023544490410329688,0.010887051831346138,0.008786336470290196,-0.06752394398443162,0.7861462265309258,0.005703149712776539,1
2024-09-17,552.0314851715059,553.477299266029,547.8211605278194,550.0484619140625,49321000,0.0004087336229028349,0.026020895455437065,0.006182915511840692,540.9488708496094,537.3283892822266,0.016821536294477024,0.02367280956218898,0.008187929216040108,0.00854095667170298,0.3455059321640872,1.04632093164801,0.010282982554895887,0
2024-09-18,550.702966140304,555.5385046014119,547.8602888957543,548.4171142578125,59044900,-0.0029658253212330177,0.01258966111762927,0.004832671516560083,541.9697082519531,537.4374090576172,0.011896247904065849,0.020429737519477742,0.008243407472800137,0.008562440616200321,0.19715536992356197,1.2198559288724344,0.014000685802901628,1
2024-09-19,557.8048475354702,559.6315971955383,554.9426137920285,557.7755126953125,75315500,0.017064380731744544,0.021266623559753395,0.018479441493173487,544.0572875976562,537.6261395263672,0.025214670238552506,0.03747841053021772,0.009335222475534892,0.009334613784568669,0.2755631731106327,1.5035068618068472,0.00840657808882911,0
2024-09-20,556.4096807844697,557.8500616857909,553.793383536953,556.8114013671875,77503100,-0.001728493464093095,0.014204401119773946,0.024761863681300733,546.9520690917968,537.8901519775391,0.018025952972007042,0.03517679087465164,0.006365053697274649,0.009128791278965114,0.02904581394268102,1.5148478469498048,0.007285551515068149,1
2024-09-23,557.8794446150124,558.8495067502496,556.6643550711399,558.2027587890625,44116900,0.0024987947776549113,0.015239481048169745,0.016521598986323216,549.3949768066407,538.113412475586,0.016031784698173013,0.03733292248014353,0.006067957566696348,0.008867266953434655,-0.43077244652149393,0.8678249297867119,0.003914619991936386,1
2024-09-24,558.9963649353333,559.8586555458002,556.174333811357,559.7998657226562,46805700,0.00286115915488927,0.01772826302369923,0.021865961161174008,551.7650939941407,538.3385284423828,0.014561942783210657,0.03986587648179163,0.006090311971937039,0.008843900788672015,0.0609471653720004,0.9108465696499681,0.006581498067504942,0
2024-09-25,559.6431398003925,560.3780425284191,557.4579883539482,558.5652465820312,38428600,-0.0022054652318131973,0.01850440487794125,0.018214304549287075,553.4617614746094,538.4738934326172,0.009221025665484994,0.03731165687780602,0.006022167319863702,0.008874644683883298,-0.17897606488098672,0.7436771831895741,0.005227776329335375,1
2024-09-26,562.8179934718497,563.1413674659622,558.428192996937,560.7798461914062,48336000,0.003964800214346642,0.0053862771450401414,0.02822033092164533,554.9236938476563,538.8082843017578,0.01055307677195283,0.04077806991798849,0.005743333557941752,0.00875183416572059,0.2578131912169581,0.9288727991373106,0.008404678771955082,0
2024-09-27,561.847824630314,562.6610738881527,558.9375788488986,559.9664306640625,42100900,-0.0014505077756773455,0.005666244062402681,0.026637090414772135,556.0190368652344,539.2100299072266,0.0070993860589432245,0.03849409247896807,0.005799854575755943,0.00877099224805098,-0.1289949520026481,0.8064294614373101,0.0066494968900875145,1
2024-09-30,558.9376557740085,562.8179640810873,556.6447925339722,562.21044921875,63557400,0.004007416216051274,0.007179632072011888,0.02100466682931046,557.2577087402344,539.7283563232422,0.008887702046710189,0.04165445938149537,0.00582998545751549,0.008584103665747722,0.5096446869306832,1.2164231886615382,0.010980179318426675,0
2024-10-01,561.8576982708267,562.5043864049716,554.6066335561335,557.1738891601562,72668800,-0.008958495996637117,-0.004690920315084557,0.033118577906220636,557.9702514648437,540.0353680419922,-0.0014272486796504946,0.031735923482758555,0.006825441598677622,0.007345143530550665,0.14335702844987375,1.3749268014875262,0.014174664323812059,1
2024-10-02,556.282242548741,558.4281611024765,553.8913563966638,557.4090576171875,38097800,0.0004220737216988901,-0.002069926426534252,0.03567448082402236,558.8694458007812,540.3640826416016,-0.002613111513908639,0.03154350098966696,0.006672048772432138,0.007300245581150934,-0.47573373992690127,0.7271058875216748,0.008139093981010242,0
2024-10-03,555.9391917508498,558.3300776437013,554.1068390984451,556.3899536132812,40846500,-0.0018282874847113106,-0.007828192485766716,0.03630144266540403,558.7308898925781,540.9176104736329,-0.004189738426216172,0.02860388133065328,0.003934974403539142,0.007283137591235676,0.0721485230118275,0.7821163584414197,0.007590429190588099,1
2024-10-04,560.8287828388663,561.8184614824812,556.6643337627131,561.4461059570312,42939100,0.00908742566416687,0.0026424357103229656,0.0636196934110207,559.1943603515625,541.6273590087891,0.004026767373070506,0.03659111124761427,0.004858896135461309,0.005981424114144736,0.051230827610688756,0.8428046157768715,0.009180093449900168,0
2024-10-07,559.7999074826037,560.446655391967,555.2239297880301,556.370361328125,49964700,-0.00904048416232972,-0.010387725626125222,0.04233382136422703,559.0111206054687,542.1177801513672,-0.004723983441480506,0.026290562122456507,0.005715808567081811,0.006246525477068481,0.1636177749417198,0.9716256952153395,0.009387138436831307,1
2024-10-08,558.9376197622599,562.230029540932,558.0655806170524,561.6322631835938,37398700,0.009457552416897164,0.008001764099458741,0.047628486375669965,559.1943603515625,542.7071881103516,0.0043596699195938005,0.03487161306843434,0.006455704206222556,0.006444785703563479,-0.25149755727543643,0.7265548717586076,0.0074149033039404896,1
2024-10-09,561.6224751598685,566.0809331902332,561.0247685875196,565.5223999023438,37912200,0.006926483704299491,0.014555454695765357,0.04417262040867298,559.8900756835938,543.4283221435547,0.010059696471442559,0.04065683892153227,0.006696150205603709,0.006270220090021418,0.013730423784783952,0.7642479317518425,0.008940697315591203,0
2024-10-10,564.1800368650188,565.953600014702,562.9257739624676,564.5327758789062,44138100,-0.0017499289570287457,0.014635099380828631,0.03363892603439278,560.2653686523438,543.9575384521485,0.007616760673298861,0.03782508003346252,0.006683395853174968,0.006148749954451803,0.16421890578758291,0.8966943890701778,0.005363419417978881,1
2024-10-11,564.4542980317323,568.6481717987969,564.3171018304082,567.9132690429688,42268000,0.005988125594301508,0.011518760246655768,0.03442590346290153,561.0600524902344,544.7067572021484,0.012214764751681706,0.04260367901440976,0.00683134000554275,0.006174329822220694,-0.042369290930058146,0.8561301168702274,0.00762628768242595,1
2024-10-14,569.5202272995722,573.4887501402064,569.0401003876937,572.557861328125,36217200,0.008178347889252757,0.02909482805906194,0.04134803501477302,562.0947937011719,545.7463922119141,0.018614418322678183,0.04912807395307528,0.007127040865540841,0.006340512549078685,-0.1431532128324028,0.7338985518567681,0.007769781978355056,0
2024-10-15,572.8224268603595,573.1261842726946,566.8941634738084,568.1092529296875,54203600,-0.007769709751462295,0.01153243887624833,0.03283490867836791,563.188330078125,547.0002752685547,0.008737615090284034,0.03859043334259593,0.0069340576439779495,0.006704977021135886,0.49662591254983823,1.0929646885958222,0.01096975760691845,1
2024-10-16,568.1092586044506,571.0978512020905,567.305757742965,570.5784912109375,30725400,0.0043464144766458546,0.008940567711317682,0.040409710742008054,564.5052734375,548.2103503417969,0.010758478368953384,0.04080211337709061,0.006947932666008655,0.0066397722917343445,-0.4331483517699931,0.6377579772676749,0.0066460504865465606,1
2024-10-17,574.1159000748407,574.3216944108202,570.441385688738,570.6275634765625,34393700,8.60044084747269e-05,0.0107961625224815,0.02304161887485101,565.9290344238282,549.4895910644532,0.008302329032328082,0.038468376391191494,0.006845341661560925,0.005619894468600499,0.11938982079972926,0.7455639490218317,0.006800072359703962,1
2024-10-18,572.3128969974695,573.6063330690159,570.8528997080355,572.8224487304688,37416800,0.003846440996529976,0.008644241920553908,0.028754884192327745,567.0666687011719,550.5784753417969,0.010150094066505577,0.04040109518422952,0.006480184149351393,0.0056076083891771255,0.0878969113529513,0.8479381183387286,0.004806783266058842,0
2024-10-21,572.0972566282711,573.0771269383695,568.9126781204517,571.8817138671875,36439000,-0.0016422800212634314,-0.001180924246449222,0.02450535197604453,568.6178039550781,551.6028283691406,0.00574007688364131,0.03676356330152086,0.0054102501684161865,0.00564254304287441,-0.02613264629791967,0.8330264264540242,0.0072820108021235475,0
2024-10-22,569.3535564115765,572.7341204955679,568.6970601364774,571.577880859375,34183800,-0.0005312864539031015,0.00610556492752079,0.021039689106595816,569.6123657226562,552.6156323242187,0.0034506187979699288,0.03431363035353141,0.004939294606154452,0.005641802750594282,-0.06188973352726479,0.7929102497772362,0.007063010123871109,0
2024-10-23,569.5594810059998,570.0004346494243,562.8571411229607,566.3552856445312,49314600,-0.009137154165223316,-0.007401620691034672,0.01394651584603368,569.695654296875,553.3526440429688,-0.005863426598306187,0.02349792983107668,0.005637903553472387,0.006050836374043792,0.4426307198146491,1.129614946268123,0.012612742756226399,1
2024-10-24,568.3051725972728,568.3835789691921,564.9638411001258,567.580078125,34979900,0.002162586827586299,-0.0053405856054264955,0.012126384319583128,570.0003845214844,554.0807397460937,-0.004246148708331621,0.024363486059977957,0.005626264188744142,0.006013118171896459,-0.29067862255802546,0.813707261346166,0.00602511962781241,0
2024-10-25,569.8044050522926,572.6950344865168,566.443456997856,567.3840942382812,47268200,-0.00034529733208077396,-0.009493961879881607,0.013246621883069354,569.9474670410157,554.6228271484375,-0.004497559776943327,0.02300891067800981,0.005293030870220828,0.005998148193832111,0.35129603000580323,1.0929903859660888,0.01101824593277261,1
2024-10-28,570.8528957024953,570.9802836348513,568.8343651367928,569.1381225585938,30174700,0.0030914301936280086,-0.004797480391602327,0.012322206656725232,569.6054931640625,555.1757678222656,-0.0008205163241538083,0.02514943112718515,0.004611694462303395,0.005974818137127978,-0.36162790205677386,0.7257451980083478,0.0037704704938958354,1
2024-10-29,568.1777490973657,571.176149715264,566.7863500672389,570.0591430664062,42899700,0.0016182723864499593,-0.002657096860860464,0.023126090717697334,569.8004821777344,555.6435815429687,0.0004539499294267113,0.025943900014838484,0.0038860280064936096,0.005533273640537447,0.4217109035052544,1.0701092329745117,0.0077006038784185665,0
2024-10-30,569.5888588084969,571.5780244818477,567.6291179550885,568.3346557617188,41435800,-0.0030251024400930193,0.0034949265370320948,0.019600682829296057,569.5760986328125,556.0946838378907,-0.0021795908818394993,0.02201058970633163,0.0037400208961957185,0.0056105640664729246,-0.03412378175138753,1.0293078159682343,0.006948206460270481,0
2024-10-31,563.9742291931302,564.0428273008541,556.9975564307639,557.1935424804688,60182500,-0.01960308625965801,-0.01829968324265918,0.0014442907568132934,568.2326965332031,556.2854516601562,-0.019427171509285635,0.0016324187835623505,0.007119089128994832,0.007248529600413843,0.45242761090651085,1.4599328987597515,0.012644207681816757,1
2024-11-01,559.8195584319851,563.9643910438907,559.1336371976272,559.545166015625,45667500,0.004220478802908323,-0.013815911130149128,-0.0033857923694491365,566.9049682617188,556.6092175292969,-0.012982426787792822,0.005274703317635243,0.007156186822968207,0.0070085501371038575,-0.24118306816765667,1.104167742102393,0.008633358198163082,0
2024-11-04,559.6823223393656,560.9757583388703,556.4585705161212,558.3399047851562,38217000,-0.002154001685066964,-0.01897293002425049,0.003539986300366005,565.5507873535156,556.7934106445313,-0.012750194552999417,0.0027775007948367403,0.007152637664190785,0.006711444565972996,-0.16314665790770244,0.9373385833646867,0.008090390430695142,1
2024-11-05,559.2512590975022,565.1304818819561,559.0357163025479,565.09130859375,39478300,0.012091924203754711,-0.008714594850516288,0.0061589150711334195,564.9021301269531,557.1388122558594,0.00033488715426566174,0.014273815004362866,0.008500208151846439,0.006925180107999816,0.03300363712483967,0.9658110666947192,0.01078545269891913,1
2024-11-06,577.3396500855225,580.0146771322202,573.6063462638446,579.142578125,68182000,0.02486548513056608,0.01901682794408477,0.024084241800162554,566.180859375,557.7501965332032,0.02289324786484004,0.03835477194766579,0.011278387243295811,0.008746706794552354,0.7270753806521557,1.6084723287415288,0.011065204166343436,1
2024-11-07,581.1415644099445,584.639708979933,581.063158030651,583.62060546875,47233200,0.00773216736757254,0.047428875199514,0.03381172963806467,567.784912109375,558.5148327636718,0.02789030321454633,0.04495095068621269,0.011408046982156334,0.008833412999998482,-0.30724824733800715,1.1102188332115577,0.006128212259416903,1
2024-11-08,584.1693242787533,587.5695056932594,584.1693242787533,586.148681640625,46444900,0.0043317116431220715,0.04754489403319617,0.03210950261540124,569.6613708496094,559.3290551757813,0.028942300873281868,0.047949639334246896,0.011358291914294695,0.008798799236694344,-0.016689531939398594,1.0863569690844292,0.00580088554492537,1
2024-11-11,587.7360663213191,588.0888053142032,584.9826328704219,586.7072143554688,37586800,0.0009528857307679051,0.05080652363765403,0.02471252948046576,571.4182800292969,560.0503125,0.026756116947095343,0.04759733413320566,0.011383114521860577,0.008662547204505093,-0.19072277042258678,0.877757997934209,0.005294246206250707,0
2024-11-12,586.6288429184635,587.2265495486535,582.4056036057904,584.8847045898438,43006100,-0.0031063360412690866,0.03502689865351205,0.029528566158087965,572.9008361816407,560.9617541503907,0.020917875575247935,0.04264631280555986,0.011548437151945569,0.008467354038433643,0.14418093586046155,1.0176189933650004,0.008242557729807325,1
2024-11-13,585.3451927424278,587.1677373847895,582.9837313260188,585.1688232421875,47388600,0.0004857686482722112,0.01040546032152867,0.025571121687894216,574.5842529296875,561.9009558105469,0.01842126765314478,0.04140919710320934,0.011409928556289816,0.00844278027618373,0.10190414848126195,1.0996398509281486,0.007150083689675731,0
2024-11-14,585.296183408181,585.7763103260314,580.7202054727688,581.4060668945312,38904100,-0.006430206460433574,-0.0037944831855963868,0.01888885870198842,577.0055053710937,562.7910827636719,0.007626550323133197,0.03307618883982255,0.009023655147692369,0.00861593015095081,-0.17904095077719118,0.8980596223353207,0.008696340030073635,0
2024-11-15,577.8491019104924,578.3194803370213,572.1070761341368,573.9590454101562,75988800,-0.01280864082508093,-0.020796150554071136,0.001984204149482194,578.4468933105469,563.7129919433594,-0.007758444123895147,0.01817601086587395,0.010522477896567262,0.009113895919495072,0.9532337208674664,1.6793559604652282,0.010823776108354666,1
2024-11-18,574.4195885423085,577.6237838402152,573.5573576252949,576.310791015625,37001700,0.004097410127560819,-0.017719951426308667,0.007744743433894863,580.2439819335938,564.5637341308594,-0.006778512212848642,0.02080731753492815,0.010393831631188283,0.00914518526844425,-0.513063767292022,0.8172311228836067,0.007055960565572742,1
2024-11-19,572.9399780116551,579.142513878155,572.2736733921519,578.4174194335938,49412000,0.0036553686844147393,-0.011057367555517228,0.01196606587353477,581.5765930175781,565.4101086425782,-0.005432085166276468,0.023005090627479685,0.009925652049573925,0.009170015440374341,0.33539810333038744,1.0732798242855082,0.011875231027325114,1
2024-11-20,578.495884693383,578.8976052377521,572.8616299600318,578.6134643554688,50032600,0.0003389332950363144,-0.011202508791220533,0.021643973353205892,581.523681640625,566.1504064941406,-0.005004469081888119,0.02201368703151707,0.0060088937219419545,0.008878719192442057,0.012559702096656578,1.085913120178703,0.010431791946708274,1
2024-11-21,581.455141177832,583.1404896221547,575.6249001169805,581.7196655273438,46750300,0.005368352731534021,0.000539379704941112,0.024912057253760223,581.3335876464844,566.8615893554687,0.00066412450452491,0.026211118288626656,0.005706528962263036,0.008927551303688249,-0.06560322669619412,1.0018764436036118,0.012919607072869347,1
2024-11-22,581.7098478799927,584.1497754660484,581.2101642027249,583.5226440429688,38226400,0.00309939412825333,0.01666251052107426,0.02844378256030189,581.0709838867188,567.5517822265625,0.004219209398223844,0.02813992012103439,0.005607566712616318,0.008927999186920698,-0.18232824174390327,0.8272205649563467,0.005037698696585715,1
2024-11-25,587.451946771504,588.7649396726674,583.2188992835091,585.5020141601562,42441400,0.003392105066349016,0.01594837939496796,0.0287520567555688,580.9504638671875,568.2653479003907,0.007834661603797644,0.03033207342916655,0.005726423528275201,0.008931176985583307,0.1102641106669735,0.9064029898352308,0.009472282340673977,1
2024-11-26,586.7462862080961,589.2253866159143,586.0310000728672,588.55908203125,45621300,0.005221276438269529,0.017533466761058714,0.03245266599063856,581.3179016113281,569.0355603027343,0.012456489641640811,0.034309844745254336,0.005859298375497258,0.008970869164710536,0.0749244841122112,0.9714914150991912,0.0054274696297652615,0
2024-11-27,588.3729502321648,588.7550542016285,585.256969810655,586.7757568359375,34000200,-0.003029985008740077,0.014106641105493312,0.03244760967374538,581.4785949707032,569.8027331542969,0.009109814034515162,0.029787543467336253,0.00597406657425743,0.008971002759371884,-0.25472969862761474,0.7298014940880524,0.0059615353058144185,1
2024-11-29,587.5890586237147,591.2047827973582,587.3147260107087,590.4208984375,30177400,0.006212154403273384,0.014957776788014243,0.059633418953695116,582.380078125,570.4556408691407,0.013806825841961912,0.034998790682375436,0.005726380643061424,0.007489000336746827,-0.11243463273745447,0.669299590157299,0.0065886163530868656,1
2024-12-02,590.8323780737772,592.1552388895445,590.3424429138348,591.4791259765625,31746000,0.0017923273750353186,0.013635258228312797,0.05707128199914746,584.1320861816406,571.1489953613282,0.012577702832501592,0.03559514378970907,0.0027397655986465654,0.007486605871333455,0.051979295764379874,0.7151295769695207,0.003064851989014319,1
2024-12-03,591.2440480710218,591.9985076527607,590.2151960547985,591.7535400390625,26906600,0.00046394547237316175,0.010677206444581477,0.05984461251567441,585.6763610839844,571.8200109863282,0.010376343248394537,0.03485979621166302,0.002819987505689847,0.007417901955432953,-0.1524412524412524,0.613935402229271,0.0030136052888580806,1
2024-12-04,593.4389336760423,595.6730071584342,592.7726289600115,595.4280395507812,42787600,0.0062095099785566266,0.011670803712390043,0.05368465325103888,587.3774230957031,572.5325744628906,0.013706036593385429,0.03998980339130842,0.003028950324272071,0.007147463491582633,0.5902269331688137,0.9726245058749452,0.004871080980013751,0
2024-12-05,595.4280516027892,596.2315525489399,594.0954421437544,594.4481811523438,28762200,-0.0016456369760092793,0.013075564603722167,0.026428039666667846,588.9608947753907,573.2502331542969,0.00931689425500104,0.03697852486061026,0.0032712171910861502,0.004920454785142807,-0.3277912292346381,0.6844735156854052,0.003593434167877542,1
2024-12-06,595.212464951605,596.8096584526629,594.800936138575,595.5750122070312,31241500,0.0018955917276137768,0.0087295584949163,0.02048318141317118,590.3464294433594,573.9461364746094,0.008856804247299177,0.03768450444718474,0.0031391200574060526,0.004687493841536738,0.08619994298071765,0.7578965499046914,0.003372744445144094,0
2024-12-09,595.457476264727,595.6240374954255,591.9201582931329,592.508056640625,34742700,-0.005149570589002672,0.001739589139960973,0.010849423020452997,591.244970703125,574.5969689941406,0.002136315740661532,0.031171566529211825,0.003912184691778164,0.004813204192929431,0.11206888273610427,0.8549688990473153,0.006251187913448222,0
2024-12-10,593.184106485161,593.6054435570935,590.0093361336401,590.6658325195312,37234500,-0.003109196745000764,-0.0018381090199468542,0.006747178264053355,591.7613525390625,575.1660766601562,-0.0018512868656100911,0.026948313692939152,0.004104942407537141,0.004880574199172555,0.0717215415036827,0.916685951756092,0.006088226583403244,1
2024-12-11,593.5860024095599,596.1826234477978,593.3116099521484,595.232177734375,28677700,0.007730843674105259,-0.0003289428837681685,0.017691475026325953,592.428662109375,575.9272424316406,0.004732241709943574,0.03351974673263669,0.004460720308600551,0.005074652504338943,-0.22980837663994413,0.7187000810482034,0.004823350623579087,0
2024-12-12,594.3698085144841,594.9380902901107,592.1651000976562,592.1651000976562,31543800,-0.005152741655185644,-0.003840672958678626,0.011955997273923824,592.9675964355469,576.62236328125,-0.0013533561407310657,0.026954793650320497,0.004723801440073178,0.005251795504245156,0.09994176659913445,0.8065417640630489,0.004682799090991967,0
2024-12-13,594.1934038090473,594.9086900260288,590.6756429397628,592.0474853515625,35904700,-0.000198618165903941,-0.005922892638488553,0.018302902331016835,593.1302551269531,577.3355139160157,-0.0018255176936790019,0.025482533260004825,0.00434643992467713,0.00499064321604392,0.138249037845789,0.9215792517294032,0.007149843874013505,1
2024-12-16,593.8014854078001,595.5456834945226,593.0274092921627,594.5755615234375,43695200,0.004270056430311087,0.003489412269825909,0.03591983831973322,593.4398986816407,577.9981030273437,0.0019136947891771339,0.028680818170971678,0.004509561417394021,0.0038485569032650144,0.216977164549488,1.170032419081496,0.004235414916663362,0
2024-12-17,592.0278303510687,592.9880840930309,590.7540109408761,592.1257934570312,55773500,-0.004120196363485595,0.002471720653406395,0.027441794753722437,593.4771240234375,578.7132116699219,-0.002276971616437251,0.023176560542667257,0.004744082026792555,0.004022097462964513,0.2764216664530659,1.45684032026012,0.0037729705019460737,0
2024-12-18,591.8220501813851,594.2031278558312,574.0962297805506,574.4783935546875,108248700,-0.029803464225586662,-0.0348667040459445,-0.006810005623211435,591.3821594238282,578.9701342773437,-0.028583489710967358,-0.007758156175469599,0.010153324878951561,0.008004712865021758,0.9408625960357517,2.6257567637092527,0.03500026859298496,0
2024-12-19,579.456129686489,581.0631314525076,574.057034359764,574.302001953125,85919500,-0.0003070465374180875,-0.030165739489857457,-0.007451368949988768,589.3675415039063,579.1457263183594,-0.025562214560269303,-0.008363567484173662,0.010189662017526708,0.008003256570868832,-0.2062768421237391,1.9971961917300907,0.012199325562015842,1
2024-12-20,571.9778279294948,585.7225012446567,571.132257605004,581.199951171875,125716700,0.012011013709321894,-0.018322067820702115,-0.000893410325053412,587.9300354003906,579.4790698242188,-0.011447083535938596,0.0029697040622680415,0.011222864478760038,0.008381642388910813,0.46319170851785674,2.6766241458615347,0.025103655996932324,1
2024-12-23,580.9443313472664,585.2800771480029,577.7686569320756,584.6803588867188,57635800,0.005988313845908255,-0.01664246443524353,0.0019840101417978317,587.147265625,579.8144116210938,-0.0042015127766206195,0.008392249602800161,0.011467788292773543,0.008462567939992395,-0.5415422135643078,1.2022774847540147,0.012847054124119473,1
2024-12-24,586.0272849416975,591.2184422848073,585.4471892507113,591.1790771484375,33160100,0.011114993282984376,-0.0015988432171929468,0.009696060561677822,587.1985900878906,580.1868359375,0.006778774894454553,0.018946036914428754,0.01208000491939837,0.008788982569933764,-0.4246614083607758,0.6984781500326963,0.009762275522222112,1
2024-12-26,589.409327922106,592.3391499159457,588.0132458991934,591.2183837890625,41219100,6.648855168323031e-05,0.029139460112317384,0.0045183259234309325,586.7972106933594,580.6490185546875,0.007534413959601194,0.018202674759846493,0.011785363049511303,0.008719155692353583,0.2430330427230316,0.8722756002448435,0.007316930825168086,0
2024-12-27,587.4823797773107,587.7183905820746,580.8165297326684,584.9949951171875,64969300,-0.010526378817907966,0.018619111769934804,-0.0030348249701936947,586.0802001953125,580.9373486328125,-0.0018516323836965665,0.006984654186762862,0.01213273797371943,0.00902391876320674,0.5761940459641284,1.331252729077008,0.011798153671423381,0
2024-12-30,577.9948725430215,581.7800467977985,574.5734057798932,578.3192749023438,56578800,-0.011411585176906436,-0.004956428959986936,-0.020496604315975553,584.7073791503906,581.0911828613281,-0.010925301229016582,-0.004770177281533172,0.012546097517920926,0.009231855419373996,-0.1291456118505202,1.1287946499824433,0.012461353668563538,0
2024-12-31,579.9808236627084,580.698577374324,574.5832389413312,576.21533203125,57052700,-0.0036380299989984266,-0.014478042107634481,-0.025806141374999814,582.8713562011719,581.1590405273438,-0.011419370842482568,-0.00850663613803182,0.012335397530232545,0.009225445465730502,0.008375928793116882,1.1102223482339009,0.010612939456913335,0
2025-01-02,579.4695486945864,581.180251846637,570.7291685588775,574.7994995117188,50204000,-0.002457123996579935,-0.02770662607974206,-0.028650509680473668,581.1387268066406,581.2173962402344,-0.010908285754342995,-0.011042162141105205,0.012330764436070157,0.009219743949691848,-0.12004164570651343,0.955294904297828,0.018182137069773893,1
2025-01-03,577.6408633877121,582.6254735449975,576.5593423217554,581.9864501953125,37888500,0.012503404560544995,-0.01561509900044622,-0.022574666395639875,581.8895324707031,581.4255676269531,0.00016655691364286795,0.0009646678776933371,0.00883551252998951,0.009593407166873229,-0.2453091387140467,0.7243284784771867,0.01042314854788516,1
2025-01-06,586.2337670283534,589.6060270134918,583.608664526265,585.3390502929688,47679400,0.005760615382937484,0.0005881335373003616,-0.015323675213736676,582.9932373046875,581.8052429199219,0.004023739621966449,0.006073866497509961,0.008918220168692282,0.009713306637624534,0.25841350277788777,0.8953153275293586,0.010245963402279568,0
2025-01-07,587.3644406233403,587.6889029930588,576.9035745975999,578.722412109375,60393100,-0.01130394116073763,0.0006970841618574308,-0.028296351848619894,582.7454833984375,582.0280895996094,-0.0069036507423462234,-0.0056795841116680235,0.009039938648750218,0.00997077368853972,0.26664974810924624,1.1038386719961601,0.018636444986029947,1
2025-01-08,578.7911897402016,580.6395509433228,575.350100693004,579.56787109375,47304700,0.0014609058966514876,0.005818205237062557,-0.021839678637017523,582.2342346191406,582.2717651367187,-0.004579537524334598,-0.004643697676692038,0.008795040918683893,0.009949011486551909,-0.21672012200069213,0.8548013832311859,0.009126541539192954,0
2025-01-10,576.0186519228087,576.0874809051687,568.8120114375996,570.7193603515625,73105000,-0.015267427998534089,-0.007098369368140123,-0.03376947009595177,580.1882629394531,582.3033898925781,-0.016320396658694114,-0.01989346059474706,0.008766340740511505,0.010440381242891835,0.5454066932038466,1.2795466898894634,0.01274789322564321,1
2025-01-13,566.0789072948215,571.9582353156698,565.6659333477378,571.6043090820312,47910100,0.001550584739097749,-0.017839145756395225,-0.03969521396218567,578.22685546875,582.3342932128907,-0.011453197519423641,-0.018425815302168247,0.008845283725588553,0.010237162402394777,-0.34463990151152457,0.8246835126555778,0.01100814298974949,1
2025-01-14,574.5242054496483,575.1534475548353,568.6153544470202,572.3907470703125,48420600,0.001375843351398398,-0.022121030907087946,-0.033393310453592506,576.9664306640625,582.4154150390625,-0.007930588939955463,-0.017212229810362523,0.008566155491179407,0.01023452201518724,0.010655373292896453,0.8215378703141681,0.011422429767216353,1
2025-01-15,580.3937160773642,583.9429389739179,579.2827311805529,582.802490234375,56900200,0.018189922211973686,0.007050147081963942,-0.015615293276176612,577.4147521972657,582.9275939941406,0.009330793881879629,-0.00021461286282298264,0.010001600398019485,0.0111559440586129,0.17512381093997176,0.94851451313788,0.007996204325569826,0
2025-01-16,584.1690862304802,584.34604932179,580.9836305712422,581.6817016601562,43319700,-0.0019231018964384061,0.0036472528444633223,-0.021685822118629017,577.9613891601563,583.3703247070313,0.006436956810222272,-0.0028945988086093166,0.009931169970013672,0.011095724887657529,-0.23867227180220807,0.722356479221477,0.005780513192956324,1
2025-01-17,586.9122299431212,589.27179809953,585.5849165977943,587.5217895507812,58070600,0.010040006199192764,0.02944079063459215,-0.007775381442801654,579.2336181640625,583.9539624023438,0.014308857647090445,0.006109774705114868,0.010231113473430493,0.011337757456599845,0.34051251509128644,0.9664768960817565,0.00627531023922478,1
2025-01-21,590.5596519481012,592.9094384516549,588.5933154613438,592.8995971679688,42532900,0.00915337560722529,0.03725529662317739,0.032065964220685084,580.3249328613281,584.5101281738281,0.02166831648028711,0.014352991658761693,0.009907389662690946,0.009141070491161486,-0.267565687284099,0.7488313182758018,0.007279686157533922,1
2025-01-22,595.7214602115413,597.5895044258064,595.1708882338387,596.2327270507812,48196000,0.005621744218976543,0.041653328783702426,0.03818674673442324,581.4143005371094,584.8519311523437,0.02548686281018986,0.01945927728410468,0.009901478292171695,0.009171404385541608,0.1331463408326261,0.877681395789493,0.00405649687150042,1
2025-01-23,595.6032899728609,599.48681640625,595.3280340779654,599.48681640625,41152100,0.005457750317673593,0.028627753744094875,0.031463982743809904,583.4907409667969,585.1692553710938,0.027414446050932906,0.024467384271712245,0.008774418516070455,0.00890493399451136,-0.14615113287409742,0.8119245605694901,0.006937237341123337,0
2025-01-24,599.5459337435196,600.4996383180872,596.5865871884719,597.7368774414062,34604700,-0.002919061632304376,0.027601307958334376,0.022331036704479335,585.3076416015625,585.4010192871094,0.021235389659075565,0.021072491758417522,0.008997651707302707,0.008896006413691862,-0.15910245163673298,0.6986179740892349,0.006546444225367312,0
2025-01-27,584.798310310645,589.5961762199101,584.6311885086425,589.2815551757812,70361100,-0.014145558998831964,0.002995234655629675,-0.0032097245081963433,587.1638610839843,585.4525061035156,0.0036066492373820758,0.006540323992717978,0.008746287582707913,0.00919383791160762,1.0332816062557977,1.3690759835020752,0.008425493157997494,1
2025-01-28,590.5104687195756,595.1805175844501,587.1971967465958,594.3448486328125,44433300,0.00859231620701384,0.002437598999471602,0.005288172576286998,589.4379150390625,585.641708984375,0.008324767492136509,0.014860860343315574,0.008877627101911778,0.009398352339994748,-0.3684962287400282,0.8618814815734386,0.013432136000200146,0
2025-01-29,593.5583059073574,593.9614384934404,589.1340487911447,591.6804809570312,37177400,-0.004482864925825725,-0.007635015468317796,0.01142827869579377,591.3668884277344,585.7719421386719,0.0005302842202252744,0.01008675628400213,0.009251416321327569,0.009124927023252394,-0.1632986971483099,0.7411135162105998,0.008158778018986698,1
2025-01-30,593.7943615542468,596.3898803192325,590.6088457833347,594.8561401367188,39281300,0.0053671859760371365,-0.007724400508573037,0.028594698382078843,592.5722534179688,586.0409436035156,0.0038541911228149317,0.01504194652168711,0.007731024090408648,0.008724220286260851,0.05659083206464133,0.7967911151805794,0.009718374151049538,0
2025-01-31,597.2747575383468,599.6933732210748,590.9333098394596,591.6903686523438,66566900,-0.005321911081975883,-0.010115669648733006,0.02685634303853357,593.5731201171875,586.3955700683593,-0.0031718947523635688,0.009029397311727916,0.007996533282838857,0.008783796819897789,0.6946205955505547,1.3373539530222753,0.014805147836980039,0
2025-02-03,582.6943625959686,590.1861005375324,580.5510628181718,587.7085571289062,65857200,-0.00672955270931086,-0.002669348858892695,0.022458366140112318,593.591796875,586.623525390625,-0.009911255137059594,0.0018496219318151486,0.007818057125781215,0.008932279987861832,-0.01066145486720882,1.3026136057505735,0.016394244396287255,1
2025-02-04,587.767535135661,592.1622687341741,587.2268045597665,591.6510620117188,33457800,0.006708265236212485,-0.0045323630334986875,0.016606248845076887,593.466943359375,586.8881982421875,-0.00305978516238381,0.008115453307455667,0.0075351548899033165,0.008633565984793524,-0.491964432134983,0.6646865809609604,0.008341849599029056,1
2025-02-05,590.5302880913656,594.1974870575806,588.5049635673978,594.0499877929688,30653100,0.004054629384240727,0.004004706783811596,0.014881866322843385,593.2486694335937,587.1969287109375,0.0013507292989634045,0.011670801986440216,0.007416326569479946,0.008590914215916174,-0.08382798629915889,0.6194436321875223,0.009582566462684086,1
2025-02-06,595.7901006731433,596.2423796576439,592.4866698522919,596.1145629882812,35771500,0.0034754233443936577,0.002115507879389522,0.030052665172433768,592.9114440917969,587.4848266601563,0.005402356335676428,0.0146892922787214,0.00726911448192627,0.008120063507048416,0.16697821753754116,0.7413197009728351,0.006300315473799025,0
2025-02-07,596.6750050236558,597.8941240756534,589.9501076619601,590.6580200195312,50788500,-0.009153513951071335,-0.0017447446967301383,0.019135203103740173,592.2035583496094,587.6275341796875,-0.002609809259480511,0.0051571542577122376,0.007747434478131758,0.008463264537808183,0.41980347483331704,1.0487424630379119,0.013449434604190364,1
2025-02-10,593.863227291288,595.30845601079,592.5949016719809,594.6693725585938,26048700,0.006791328320455037,0.011843991967196654,0.04196460444635708,592.7423400878906,587.8108813476563,0.003251045758629889,0.011667853434787157,0.00659222788738762,0.007630534550855558,-0.4871142089252488,0.5653520436217456,0.0045631311515740335,1
2025-02-11,592.4080280097315,595.662312577201,592.2900526181724,595.12158203125,30056700,0.0007604384781254581,0.005865822344222504,0.0411425746369658,592.8200134277344,587.9421313476563,0.003882407056752024,0.0122111519158139,0.00602128716973852,0.007635491788274358,0.15386564396687752,0.6652285734868898,0.005666505905429477,0
2025-02-12,589.1143924293652,594.3743182514838,588.436003976824,593.204345703125,45076100,-0.003221587631860312,-0.0014235200862229291,0.036362570043878994,592.9723999023438,588.070703125,0.0003911578360467072,0.008729634975598755,0.005925986915060035,0.0077253926496623415,0.49970222945300047,1.0013508743362534,0.01001057109185721,1
2025-02-13,594.3055297285264,599.6736500230521,593.0471055616473,599.4671630859375,40921300,0.010557605365127953,0.005624086888349034,0.028594031650174934,593.4335021972656,588.2516284179687,0.010167374889236136,0.019065879508283867,0.006609618306708415,0.007031306775290547,-0.0921730140806325,0.9254790281738574,0.011054057452109118,0
2025-02-14,599.6736949390985,600.7060096863363,598.8183432907158,599.437744140625,26910400,-4.907515727980982e-05,0.01486431035136615,0.030525358507568434,594.2082397460938,588.41080078125,0.008800794140393808,0.01874021235628942,0.0062692328092338705,0.0069966136844191226,-0.34238648332286614,0.6201141675200503,0.003149061623282872,1
2025-02-18,600.5978525430173,601.1975708007812,598.1399318067746,601.1975708007812,26749000,0.0029357955473410247,0.010977861890044238,0.023277062218333144,595.5571411132812,588.5996813964844,0.009470845529542915,0.021403153624561577,0.0055997499479296465,0.006716442644672667,-0.005997681193887883,0.6394723379026436,0.005085913753666615,1
2025-02-19,599.8112758662747,602.9082197102092,599.3000091966954,602.61328125,31011100,0.0023548173146026308,0.012588518791705638,0.016383354160517838,596.6533630371093,588.7433862304688,0.009988912460919153,0.02355847274707501,0.005382763114633187,0.00645835147013366,0.1593367976372948,0.7517166334858125,0.005987605361151785,0
2025-02-20,601.2467110134413,601.3843689751305,596.8028311734677,600.1062622070312,36554000,-0.004160245253420958,0.011634972929480902,0.006496683225374333,597.2589904785157,588.8565478515625,0.004767231257974736,0.019104337714360486,0.005630187671893135,0.006446974534130512,0.1787392256321123,0.8987596015992482,0.007634544230238821,0
2025-02-21,599.8899309928074,600.0275889538111,589.3798596850504,589.8419799804688,76519800,-0.017104107843856187,-0.016056230763200174,-0.0160884879564146,596.6317321777344,588.7418872070313,-0.01138013925689596,0.001868548505451706,0.007928626624268815,0.0074074025956034585,1.093335886633474,1.8030115225037138,0.01805183359297907,0
2025-02-24,591.8869960824046,592.8800056614799,586.4500466079941,587.157958984375,50737200,-0.004550406866907997,-0.020485505419507333,-0.017698286413771136,596.2817260742188,588.6348852539063,-0.015301101293028974,-0.002509070234419153,0.0075280251323859935,0.007441050226660376,-0.33694024291751934,1.1732061372657563,0.010950986791710941,0
2025-02-25,587.098968367302,587.8265033006376,579.6366946428752,584.2379150390625,58266500,-0.004973182941032439,-0.02820978757304171,-0.008558964882608988,595.2385803222656,588.5063269042969,-0.018481102614765543,-0.00725295832873607,0.007160332223797469,0.006837712437996145,0.14839801959903198,1.366414574963727,0.014017934213007668,1
2025-02-26,585.8995163780398,589.4881049123491,581.8980139327481,584.5328979492188,43321600,0.0005049020314549235,-0.030003293759601757,-0.01650885122696777,594.1797119140625,588.2923413085938,-0.01623551557115266,-0.0063904339652163245,0.007150847097444804,0.006508692511289068,-0.256492152437507,1.0172659966625421,0.012984882469797895,0
2025-02-27,586.8039490929929,587.9542991571739,574.809344386224,575.2025756835938,74196700,-0.015962013940292508,-0.041498794616554036,-0.027849330514984727,592.3795349121094,587.9530908203125,-0.028996543965794097,-0.02168627962977321,0.008454268200918432,0.007306673740010653,0.7126952836460334,1.6696952805606644,0.02285273975925419,1
2025-02-28,575.7039886670112,584.70978328648,572.636508577737,584.1788940429688,88744100,0.01560549055036331,-0.009601022188497899,-0.017949291220724417,590.8507080078125,587.7957189941407,-0.011291877752570123,-0.006153200566620609,0.009448865543156689,0.008118274771770715,0.19606532365994722,1.8917783920456035,0.020667084743830208,0
2025-03-03,586.1452445030724,587.2857532860544,570.1392964764723,573.9441528320312,74249200,-0.01751987501654706,-0.022504687112136046,-0.029992402716866873,588.3013488769532,587.3830908203125,-0.02440449282043855,-0.0228793409246989,0.01049447209068431,0.008891411660943146,-0.16333367514009378,1.5699322490288252,0.02987478263342485,0
2025-03-04,569.9525173224438,575.5369060706639,562.6180601948478,567.1504516601562,109648200,-0.011836867992038314,-0.029247440022381554,-0.03498010233027937,584.8966369628906,586.883583984375,-0.030340720361947127,-0.03362358883894789,0.010404152696125414,0.00912039722806479,0.47675934555523836,2.2158280214392208,0.022778516420114362,1
2025-03-05,566.9833769883293,575.0355284425119,563.4341535288585,573.2461547851562,71230500,0.010747947228388455,-0.019308995616262203,-0.031107705889992898,581.9599243164063,586.8589392089843,-0.014973143625801377,-0.023196007616713588,0.01142076464024354,0.009358935378622514,-0.3503723727338889,1.3865435559074069,0.02023803355122628,0
2025-03-06,565.7936477589768,570.4047092717689,560.5238803180225,563.0703125,80094900,-0.017751261304090216,-0.021092157261596522,-0.0521499468555926,578.2563293457031,586.6343054199219,-0.026261739085305047,-0.04016811274453935,0.012107691769807288,0.00992619982056354,0.12444669067323688,1.4875141146405966,0.017548126289727527,1
2025-03-07,561.2907933786839,567.6715458955733,556.1094773560538,566.2262573242188,81158800,0.005604885844907148,-0.030731402489576287,-0.05013852624944182,575.8947570800781,586.3348315429688,-0.016788657366635706,-0.03429537720935549,0.011981763920066703,0.010006205560337105,0.013282993049495095,1.4463157386374723,0.020419520271203345,0
2025-03-10,558.0365509948175,559.9536812738498,546.2385307775894,551.14453125,99326600,-0.026635511651277977,-0.03972446007077579,-0.06689740497932228,572.2934143066407,585.6641149902343,-0.03695461546113277,-0.05894092340079593,0.013963350252911878,0.011296480911573994,0.22385496089148682,1.6966994282817174,0.024884852735732255,0
2025-03-11,549.9843938775969,554.5266268117218,542.728606721458,546.5629272460938,88102100,-0.008312890256780947,-0.03629993479472504,-0.08089612065528062,568.5259155273437,584.7717919921874,-0.038631463722947346,-0.06533978770748261,0.013970112066622398,0.011082502165442295,-0.11300598228470515,1.4292140613142552,0.021585840352746126,1
2025-03-12,552.7077615834074,553.6319422779778,544.3705127696392,549.4633178710938,69588200,0.005306599625433561,-0.04148800077512238,-0.07672090130611109,565.0189575195312,583.9366906738281,-0.02753118181508052,-0.05903614784499012,0.014317941223347681,0.011234109386335338,-0.2101414154713679,1.0938047068770407,0.016855410010302878,0
2025-03-13,549.0896792735167,549.6992388466521,540.4279685563406,542.138671875,74079400,-0.01333054593066052,-0.03717411513326763,-0.0860844567272967,561.7125671386718,583.0795642089844,-0.03484681740944484,-0.0702149326559326,0.014139111428890912,0.011426655076139368,0.06453967770397862,1.1384486482964318,0.017101289340320524,1
2025-03-14,546.7497954782853,554.3398871601003,542.2075620137377,553.3370361328125,62660300,0.020655903809781107,-0.022763375990926482,-0.07695188292825961,558.6283813476563,582.5799194335938,-0.009472030765924844,-0.050195487906985026,0.015050000592640054,0.012312474584871858,-0.15414676684746365,0.9471392706760223,0.021925742095908623,1
2025-03-17,553.3172227764923,560.1207900872192,552.8846263579363,557.6038818359375,49008700,0.007711115332068363,0.011719885111238781,-0.06978850216491117,556.9943542480469,582.2076904296875,0.0010943155585723119,-0.04225950463758332,0.014889174056012951,0.012560768871544418,-0.2178668151923946,0.7286201514383717,0.012977247764950078,0
2025-03-18,555.2933708486255,555.5096990502625,549.6499951496645,551.5770263671875,66041400,-0.010808489081722827,0.009173873439162428,-0.08253616921222806,555.43701171875,581.7432409667969,-0.0069494565002395925,-0.051854860487035914,0.01482310476948151,0.01256406648876547,0.3475444155833556,0.9539837547406563,0.010623545979047284,1
2025-03-19,553.3566169353411,561.3399385264869,552.1768030039566,557.584228515625,66556000,0.010890957855881567,0.014779713914289783,-0.07472296767334985,553.8708190917969,581.2551965332032,0.006704468435288158,-0.04072388196915844,0.014837562507551983,0.012938671081764132,0.007792081936482287,0.9373528696397017,0.01643363469394386,0
2025-03-20,553.848245552193,560.966374832501,553.1304918485869,555.9718627929688,62958200,-0.0028916989401738258,0.025515964153832282,-0.07354430738940787,553.1609741210938,580.6678527832031,0.005081502136590865,-0.0425303206848181,0.01387168166679326,0.012939900142399962,-0.05405673417873669,0.8704971294619438,0.014094027968519657,1
2025-03-21,551.5204692681951,557.0526205906217,550.2878120115934,556.1552124023438,83763000,0.0003297821736047979,0.005093055561989912,-0.05711151244141777,552.1538696289062,580.2165087890625,0.007246789334514281,-0.04146951357336537,0.013683988450265286,0.012573746364564752,0.33045417435695423,1.1523860387983587,0.012163526346911986,1
2025-03-24,562.880651498493,567.1703352751009,562.2890000340255,566.1151733398438,58766800,0.017908599461789354,0.015264046361876948,-0.035838372489967796,553.6509338378906,579.9474548339844,0.0225128122074163,-0.023850921973785022,0.011786615624935898,0.013391226117745287,-0.29841576829865213,0.8040547252177715,0.008622512645752837,1
2025-03-25,567.3181383211917,568.4127234708074,565.7304902910278,567.4759521484375,38355700,0.002403713718828193,0.028824488731816755,-0.028690303143890095,555.742236328125,579.8825866699219,0.0211135937729674,-0.021395080326056526,0.011138789802935166,0.013399012959832021,-0.3473236589366785,0.5320343913626545,0.004726602369007492,0
2025-03-26,567.2097001365158,568.3338979913931,559.3206937528307,560.7012939453125,51848300,-0.011938229589247729,0.005590304155455694,-0.04077033831203902,556.8660339355469,579.6645263671875,0.0068872220175841825,-0.032714150270190534,0.01216983594983025,0.013594878818855186,0.35177561614049546,0.7149630258227326,0.016074876829946214,0
2025-03-27,559.3108077400744,562.9792269072261,557.1018956425098,559.2122192382812,42164200,-0.002655736170240508,0.005828274166671532,-0.027799521631677204,558.573388671875,579.4009558105469,0.0011436824226895848,-0.03484415475984637,0.011086585317108778,0.013194889046050031,-0.1867775799785143,0.5945550890806085,0.010510019385345303,0
2025-03-28,557.6838014665011,558.4135249923543,547.3689030262066,547.95068359375,71662700,-0.020138214540216803,-0.01475222856071745,-0.0620156099760667,558.0347534179688,578.7039196777343,-0.018070684240459434,-0.05314157212052417,0.011433594729572276,0.013201583170409157,0.6996100957684481,1.022829972270734,0.02015623357509336,1
2025-03-31,542.201606334121,552.93066066187,539.2826520783074,551.6289672851562,95328200,0.006712800625198856,-0.025588796656385138,-0.03888041273138587,557.4372619628906,578.1028649902344,-0.010419638359448258,-0.04579444128083554,0.011353951746275877,0.012918735681099396,0.330234557168513,1.340439733841828,0.024741283349805455,1
2025-04-01,549.715889513425,555.1297110203275,545.9981756472096,553.18701171875,54609600,0.002824442743211364,-0.025179816652300846,-0.02462034527263912,557.5982604980469,577.4161694335937,-0.007911159506410192,-0.041961342611189556,0.010855376299233076,0.012740015704688808,-0.4271411817279672,0.7987926017308812,0.016507139863508845,1
2025-04-02,547.3491617248258,559.5475341360295,547.1125011420022,556.6878051757812,76014500,0.0063284086265045225,-0.007157980216686788,-0.0288852345038072,557.5086181640625,576.69193359375,-0.0014722875333913477,-0.034687720172033254,0.010451218686590472,0.012559498721690305,0.3919622190970087,1.1080123455674404,0.022337534392550245,0
2025-04-03,537.5470765410741,540.3673821784607,529.2537841796875,529.2537841796875,125986000,-0.04928080108999533,-0.05357256874572769,-0.060057381058093884,554.8368103027344,575.3523547363282,-0.04610910027596782,-0.08012232882537984,0.01879047344486741,0.016178702136195284,0.6573943129271389,1.7769801478682297,0.020998617923910848,0
2025-04-04,516.404523136506,518.5740121118964,498.0527349403516,498.2696838378906,217965100,-0.05854299254528794,-0.09066691810661709,-0.12001664106406229,549.0482574462891,573.328012084961,-0.0924847186376252,-0.13091690387517207,0.02516381198330075,0.020239207419307702,0.7300739764735764,2.8037973095958604,0.04118508076486003,0
2025-04-07,482.4029468413161,515.9114867336431,475.1154617622772,497.3822021484375,256611400,-0.001781127205286448,-0.09833922501150438,-0.09754669792264681,542.1749603271485,571.3209185791015,-0.08261679615687711,-0.129417134969524,0.023389769996546426,0.019671752241171354,0.17730499056959115,2.99767451070044,0.08202148125756778,0
2025-04-08,514.6196468974629,517.6963548854247,482.3733480760591,489.591796875,165816600,-0.01566281471228148,-0.11496151120063336,-0.10423526282352868,534.3865447998047,569.3271234130859,-0.08382461789262674,-0.14005186694791016,0.02279160854171808,0.019806459617824027,-0.35382216066784256,1.8529227237047503,0.07214787305430313,1
2025-04-09,486.5939443539347,541.0083618164062,486.2093408252381,541.0083618164062,241867300,0.10501925332407813,-0.028165595174882707,-0.015387662432947091,532.4172515869141,568.2603936767578,0.016136047815666466,-0.04795694397074801,0.04417798582227785,0.03163435216248633,0.4586434651295468,2.4654381708562525,0.10129052498779025,0
2025-04-10,524.7866027854379,526.0981670837639,502.25365007002944,517.3019409179688,162331200,-0.043818954699414436,-0.022582442712702377,-0.04581250562910921,528.2262237548828,566.7728228759765,-0.02068106872706743,-0.08728520486740632,0.046049634969731586,0.032999833030068024,-0.32884188974698114,1.5834755553682673,0.0460940026078804,1
2025-04-11,515.7537548286505,528.9875485351057,512.8545420601603,526.5321044921875,97866300,0.017842893761116585,0.05672113229247144,-0.048442323376653995,526.0843658447266,565.4063421630859,0.0008510776531860387,-0.06875451294404744,0.046395414555506574,0.0329047781929832,-0.3971195925367397,0.9385308574182799,0.03064011925826416,1
2025-04-14,536.5017912856171,536.7286411738348,526.453165817952,531.6401977539062,68034000,0.009701389940211191,0.06887660124847983,-0.046562954326186845,524.0854888916016,564.2053387451172,0.014415031559607216,-0.05771859774251864,0.04647474653027447,0.032938613315018926,-0.30482709574184375,0.6465430913500843,0.0193278751292604,0
2025-04-15,532.1826012332219,535.6932073834843,529.3622953201973,530.1511840820312,56892900,-0.0028007921112169765,0.08284327365351407,-0.03884469668048318,521.7819061279297,563.0541912841796,0.01603980102761482,-0.058436661535375856,0.04643397743416219,0.03287294672021996,-0.16375782696886854,0.5430271480644727,0.011941710691921004,0
2025-04-16,524.3033791384568,530.4272422697393,513.0713913810127,518.3668823242188,83484800,-0.022228190960692285,-0.04185051672061035,-0.07033438929183644,517.9498138427734,561.5885076904297,0.0008052295228200279,-0.07696315856598046,0.046653660159903354,0.03305080087937721,0.46740278663945767,0.79045344688142,0.033481789598339175,1
2025-04-17,520.3194821276195,523.800475242003,516.6411916080497,519.1065063476562,79868100,0.0014268350248789474,0.0034884180532654963,-0.0663079535358434,516.9350860595703,560.0896380615235,0.0042005666603868175,-0.07317245120925697,0.04413315809233674,0.03306656626748263,-0.0433216585534133,0.7502040519966615,0.01379155057085459,0
2025-04-21,513.9293002870572,514.4618467446136,501.40552056556845,506.7503356933594,69368100,-0.02380276591259234,-0.03756991953587829,-0.08883289342120382,517.7831512451172,558.302353515625,-0.021307791737191772,-0.09233709565729575,0.040309318225074595,0.03338065105161714,-0.13146675581364775,0.6560121896588199,0.025764810123274723,1
2025-04-22,512.9235348557764,521.9564215250564,511.9867032226325,519.9348754882812,75948100,0.026017821531153285,-0.022017376253861354,-0.08157403303486455,520.0384185791015,556.887890625,-0.00019910661812871933,-0.06635629138074095,0.04094330968959038,0.03370998389575321,0.0948562812013014,0.7124510048695063,0.01917493665540537,1
2025-04-23,532.9320165359907,537.8626460694973,526.4729038847668,527.9915161132812,90590700,0.015495480308824972,-0.004073683193765776,-0.06957904715727603,523.8783905029297,555.5543334960937,0.00785129847864674,-0.04961318042352425,0.040363281026996475,0.0339612992576224,0.19279744983745473,0.8294871379897825,0.021571828025901102,1
2025-04-24,529.2735171048926,539.8349482182391,528.0211780146883,539.105224609375,64150400,0.02104902854861268,0.040007074125127495,-0.03851617531320317,523.6880767822265,554.4340063476562,0.02943956242402601,-0.027647621831964897,0.023005083430736244,0.03430690401627917,-0.2918655005425502,0.5840987194432459,0.021913662981305416,1
2025-04-25,539.0657336001437,543.4046513367819,536.1467793425768,543.0003662109375,61119600,0.007225197278295514,0.04602881984931062,-0.028990520002274534,526.2579193115234,553.4299267578125,0.03181414717961362,-0.018845313638846783,0.01714663159324301,0.034359198299164735,-0.047245223724248,0.5517415449478216,0.01336623775201216,1
2025-04-28,543.7400050325934,545.8700106135369,537.4583875113086,543.2074584960938,47613800,0.0003813851666460977,0.07194296724609384,-0.008656299261363576,527.9254547119141,552.3047326660156,0.028947275884848134,-0.01647147603825283,0.01657209412511163,0.03406021267897993,-0.22097330479911514,0.43453820220038025,0.01548510236865386,1
2025-04-29,541.294298062473,547.7435994540236,540.9393072120234,546.6292724609375,47775100,0.006299276475910887,0.05134180881324224,-0.009063510295379773,529.4243621826172,551.2485632324219,0.03249739057604173,-0.008379687639270661,0.016459395831531144,0.034056115779346856,0.00338767332160006,0.4456812065560851,0.012447727527227222,1
2025-04-30,539.9729835885655,548.7988227140515,534.0069337400583,546.8462524414062,93101500,0.00039694175083582195,0.03571030168613487,-0.011462234548210049,531.0938690185546,550.1615368652343,0.029660262228147216,-0.0060260199989956575,0.016367001532295998,0.03405016255848291,0.9487452668858882,0.853200745690936,0.027049447459783268,1
2025-05-01,552.595342895286,556.2440206119321,550.1201573586014,550.7216796875,63186100,0.0070868680708551235,0.02154765813397952,-0.01071718372993169,534.3293487548829,549.1237048339843,0.030678327834350316,0.002910045294800767,0.013711130643051107,0.03405804621380224,-0.3213202794799225,0.5824738839656816,0.011119706158663648,1
2025-05-02,556.8948640346016,560.4942476694231,554.5774922291787,558.896728515625,60717300,0.014844247338807959,0.02927504895735611,0.056008941687365255,538.3083709716797,548.2995141601563,0.03824640049119443,0.019327418831841747,0.013852519858559639,0.03213872847647042,-0.03907188448092225,0.5770760597638636,0.01058649145425976,0
2025-05-05,554.7648117792631,558.7882219920989,553.9068871278389,555.6917724609375,38659200,-0.005734433377700299,0.022982589376455476,0.11524299086542222,543.2025146484375,547.6165100097656,0.022991899845278052,0.014746199764919199,0.009942584763244652,0.02879369679285649,-0.3632918459812936,0.40165350434609826,0.00878424894189545,0
2025-05-06,550.1892553966732,555.5340413030556,549.2327420958744,551.0471801757812,48264700,-0.008358216758522774,0.008082091350421594,0.10789484986704068,546.3137451171875,546.8942944335937,0.008664316248492732,0.0075935803032807225,0.009453252028964186,0.028922683698403815,0.24846608310570306,0.5623107439476219,0.011435135563475848,1
2025-05-07,552.3783761794856,555.997440916007,548.3253535066884,553.364501953125,55588000,0.004205305572209772,0.011919711404472233,0.1302568905058823,548.8510437011719,546.276826171875,0.008223466646827715,0.012974512997225407,0.008829358704025191,0.028494902155668595,0.15173201118001356,0.6920699549908019,0.01386443724207028,1
2025-05-08,557.3977713110521,562.3974366423718,553.9069074354913,557.2202758789062,65130800,0.00696787363875373,0.011800145937769901,0.029966106268800363,550.662548828125,545.7305737304688,0.011908794350981244,0.021053799624779934,0.006837453239976335,0.016611883462836482,0.17167014463553287,0.9111173486684917,0.01523729407277626,0
2025-05-09,558.6205173502777,559.6263849147109,554.9521583078488,556.51025390625,37603400,-0.0012742213508586397,-0.004269974196687842,0.07579386406071631,552.0135375976563,545.3567272949218,0.00814602541844045,0.02045179980936851,0.006827914412932837,0.01276750978271237,-0.4226479637897892,0.5763137020983509,0.008399174272266972,1
2025-05-12,573.402558732667,574.9113601462691,569.0340285188223,574.9014892578125,78993600,0.033047433039141705,0.034569014242918916,0.09186407505440664,555.1829406738282,545.1711791992187,0.03551720908436384,0.05453389906315942,0.011750849972312571,0.01404080563578395,1.100703659775446,1.2284301676507605,0.010223197777821567,1
2025-05-13,575.3156554869938,580.9070323903663,574.7536167184122,578.6981201171875,67947200,0.006603967688927792,0.0501788974450168,0.08851460548335766,558.3898254394531,545.2662585449219,0.03636938524399458,0.061312910983123414,0.011752832762228662,0.013997398581668496,-0.13983917684470637,1.0567188236049765,0.010633204874949382,1
2025-05-14,579.6546018902411,580.8083522191259,577.4160770724685,579.4376831054688,66283500,0.001277977174232836,0.04711755282515817,0.09296687530516068,561.6489685058593,545.5120031738281,0.031672299954422334,0.06219052877710962,0.011711236203370758,0.013917330024519505,-0.024485188499305366,1.0233720397037505,0.005854426188639799,1
2025-05-15,577.4358426248243,582.770756919371,576.9822030720642,582.2678833007812,71268100,0.004884390984280174,0.044950997847964747,0.12327369505175079,564.8035888671875,545.6924377441406,0.030921004713552636,0.06702575118658638,0.011706448476549728,0.012411011349202852,0.07520121900623833,1.1108067451006185,0.00994139297962388,1
2025-05-16,583.0469103495059,586.2518193704545,581.1042713102905,585.9559936523438,76052100,0.006334043929497213,0.05291140556604046,0.1287779800238471,567.5095153808594,546.1501513671875,0.03250426252166849,0.07288442964908004,0.011264492280716203,0.012366308610759694,0.06712680708479679,1.1889073086703499,0.008784871416842487,1
2025-05-19,579.9406348417033,587.27741416191,579.9406348417033,586.5969848632812,68168500,0.001093923806363195,0.0203434776635687,0.15756605086540687,570.6000366210938,546.5575659179688,0.028035308824927885,0.07325745985798293,0.010750502837487626,0.010267783297668778,-0.10366051693510103,1.0666647263800817,0.012507359412896877,0
2025-05-20,584.8614155899625,585.8080578995526,581.419785763877,584.6246948242188,60614500,-0.0033622573759429786,0.010241219905520182,0.12441908089967235,573.9577880859375,547.2271691894531,0.018584827943277427,0.06834003817858392,0.010134487987267354,0.009538581163746396,-0.1108136455987736,0.959980222169589,0.007506135431030747,0
2025-05-21,580.2759146876367,584.3584902721909,573.7477661832594,574.7733154296875,95197700,-0.016850775346555102,-0.008049817627985068,0.08860331631989538,576.0986694335937,547.791376953125,-0.002300567722555713,0.04925586566666862,0.01246345200584512,0.010521702276737144,0.5705433518382566,1.5022102512388997,0.01846071103874959,1
2025-05-22,574.5760959985981,578.4811762683786,573.3434386116112,575.0001831054688,70860400,0.00039470808698149895,-0.012481712290420499,0.06658247195081901,577.87666015625,548.3021142578125,-0.0049776660818996454,0.048692259528845705,0.012455379451665338,0.009779282848933086,-0.2556500839831214,1.1122814819128528,0.008935193079451622,0
2025-05-23,567.9886780015129,573.7378078530255,567.61394540951,571.0752563476562,76029000,-0.006825957405117156,-0.02539565678291611,0.051703261882907414,579.3331604003906,548.8808459472656,-0.014254153943176973,0.04043575315893433,0.0127967571275889,0.009983026453894648,0.07294059869828562,1.1796087752690052,0.010723389562841452,1
2025-05-27,577.9387671986972,583.1060568711622,570.4047514802384,582.9483032226562,72588500,0.020790686941918546,-0.0062200825008935645,0.0731596080005743,580.137841796875,549.4730712890625,0.004844471819104745,0.06092242492441158,0.009798580605384388,0.010760323002223625,-0.045252469452445765,1.1048232413708918,0.021788047620532467,0
2025-05-28,583.3526850377893,584.5459191469531,578.8460820656009,579.5758056640625,68445500,-0.005785242945128943,-0.008636120240651635,0.06027217140201624,580.2256103515625,549.912509765625,-0.0011199172802908164,0.05394184596942542,0.009855348470177234,0.010938069721644008,-0.05707515653305961,1.0256315353657108,0.009834497964975498,1
2025-05-29,584.8317737253767,584.9698457847473,577.9387639052553,581.863525390625,69973300,0.003947231240857718,0.012335663070295766,0.06403495094440781,580.4681945800781,550.5182397460937,0.0024038023505426054,0.05693777859020277,0.00992384417891597,0.010922623555947713,0.022321409004244286,1.0670147275245556,0.012083730243740279,0
2025-05-30,580.7591899526665,582.928679235147,575.1481304892388,581.2128295898438,90601200,-0.001118296253996065,0.01080459914085874,0.05536580640813993,580.3626892089844,550.9908117675782,0.0014648432724337912,0.0548503117961503,0.009807489321464916,0.010921633601786454,0.2947967296097225,1.3532802608540115,0.013386746385827066,1
2025-06-02,579.6052986473595,584.5654800276525,576.9427470010985,584.4866333007812,61630500,0.0056327106771676405,0.023484430123795308,0.04578646372312911,580.2157531738281,551.5611071777344,0.007360848276853904,0.059695155612988104,0.009758448828897943,0.010573631563721377,-0.31976066542165005,0.9199270661826404,0.013041757659205991,1
2025-06-03,584.1218520308094,588.7960792462304,583.6385997733717,587.81982421875,63606200,0.005702766715374175,0.008356694700307088,0.057816317156415886,580.338037109375,552.1943994140624,0.012892119128777635,0.06451609223579591,0.009934043257932668,0.010424833554070331,0.03205717948093878,0.9320636522768454,0.008773912107699644,0
2025-06-04,588.6777258495218,589.6539808386906,587.2280895107962,587.6619873046875,57314200,-0.00026851240390246556,0.013951896476009917,0.0664458660640026,580.6417663574218,552.6253356933594,0.012090451211090203,0.06340037155077027,0.009856833168065194,0.010118886884494133,-0.09892117435092806,0.834330861385307,0.004128038532866101,0
2025-06-05,589.3383724752952,590.6893600195378,582.8496477946317,584.8218994140625,92278700,-0.004832859623354335,0.005084309110888974,0.05684751614877204,581.6466247558594,552.9722546386719,0.0054591130130530185,0.05759718414118642,0.008068269897716043,0.010275521889960062,0.6100495165247006,1.3083731317794034,0.013405298660602222,1
2025-06-06,590.3541332655441,592.4940699072976,588.5791185976601,590.8275146484375,66588700,0.010269135339138424,0.016542451523960278,0.06031230417185096,583.2293579101563,553.5747790527344,0.013027733661260088,0.06729485700098059,0.008476046039786017,0.010371757799664576,-0.278395772805642,0.9431527951521085,0.00662621697970003,1
2025-06-09,591.3993476813894,592.9081490758875,590.1864321834666,591.3599243164062,53016400,0.0009011253788435702,0.011759534990234632,0.06262179387628497,585.2578247070312,554.2177331542969,0.01042634434222145,0.06701732719867493,0.007833835313257044,0.01033610766946829,-0.2038228708474561,0.7428086490542838,0.00460247098341523,1
2025-06-10,591.8924637491524,595.0973729509094,590.7781968461302,594.7128295898438,66247000,0.005669821601985259,0.011726391467410835,0.034460408786916474,586.43427734375,555.1529760742187,0.01411676050655064,0.07125937393936677,0.005119885001277491,0.007614727503632269,0.2495567409329944,0.9365445046310512,0.007262624732272932,0
2025-06-11,595.8073544523882,596.6652790904382,590.9556323288738,593.0166015625,73658200,-0.0028521799815779403,0.009111724721844627,0.024742574664685213,587.7783569335937,555.9807287597656,0.008911938602560898,0.06661359087994079,0.0046895061233521015,0.007589236071998941,0.11187223572388194,1.037131072719083,0.00962813983035284,1
2025-06-12,591.6853731206485,595.3734741210938,591.2021810906274,595.3734741210938,64129000,0.003974378714497684,0.01804237275930154,0.027502165427381042,589.1293518066407,556.8244580078125,0.010598898688895186,0.06923010575218025,0.004690570116446575,0.0076136679330509995,-0.12937052493816026,0.9043285692820897,0.007006178830227754,0
2025-06-13,590.1963519379123,593.499849631983,587.218232455665,588.7171630859375,89506000,-0.011180059785133145,-0.003571857285210811,0.011076138612688524,589.87978515625,557.4650451660157,-0.001970947470262163,0.05606112560943588,0.006307610316152948,0.00805938697415638,0.39571800589436923,1.2461629108859722,0.010670008571503261,1
2025-06-16,592.0700235861916,596.0638215052488,591.8924679557008,594.318359375,79984100,0.009514239842613348,0.0050027655526601045,0.014271320394783293,590.8629577636718,558.7663366699219,0.005848059293488861,0.06362592084010887,0.0067103202784732415,0.008208838786378648,-0.10638281232543068,1.1105527931234231,0.007018718980740776,0
2025-06-17,591.8826171802143,593.4012293190596,588.4804709653109,589.2398071289062,82209400,-0.00854517139843114,-0.009202798709945559,0.004505345806100625,591.0049560546875,560.5857391357422,-0.0029866905644322372,0.05111451468126926,0.007254160008504458,0.008465948042719823,0.027821779578691253,1.1304312851650953,0.008351028383036797,0
2025-06-18,590.1371267775953,592.8785252065284,588.1944276516227,589.1510009765625,76605000,-0.0001507130904417897,-0.006518536876964798,0.00774224248892641,591.153857421875,562.4211151123047,-0.0033880459717329225,0.04752646219358314,0.007253292991775284,0.008424005034908264,-0.06817225280807304,1.0419124782637377,0.007950589148013644,0
2025-06-20,591.8224395288368,592.8906208578056,586.3629131433069,587.7673950195312,94051400,-0.002348474253184407,-0.012775307319142448,0.02260731185846665,591.4484069824218,564.3846270751953,-0.00622372453697384,0.041430554311006285,0.00709975508191897,0.007424004763510874,0.2277449252659749,1.2802007346650264,0.011105937093162273,1
2025-06-23,588.5190130228361,593.9587392448562,585.4035696790836,593.5730590820312,87426000,0.009877485739587577,0.008248266401203797,0.032300643586326894,591.7229614257812,565.4359210205079,0.003126628129812792,0.04976185101707187,0.007040867542413517,0.007672261776543079,-0.0704444590936445,1.1767506346203815,0.014413001794595141,1
2025-06-24,597.7072691809916,601.1886530620405,596.7973078378046,600.1304321289062,67735300,0.011047288866202987,0.009779392916648755,0.05087801556501326,592.6000122070312,567.0924908447265,0.012707424513592747,0.058258470738992374,0.007797702318697192,0.00767780528641893,-0.22522704916157665,0.9168319916707871,0.007317318018114889,1
2025-06-25,601.247995602986,601.940336500435,598.903972841808,600.4666748046875,62114800,0.000560282661534961,0.019053138535369163,0.030051329569339424,593.1753967285156,568.5711822509766,0.012291942849256499,0.05609762427183962,0.007660353429097892,0.0063630155622428596,-0.08297741354950816,0.8467577552742926,0.0050566730611896855,1
2025-06-26,602.3161684365299,605.5997923429508,601.7029677445283,605.1646118164062,78548400,0.007823809728070064,0.02718082599079019,0.04415092193682035,594.3901977539062,570.0416705322266,0.01812683671974158,0.061614690819684625,0.007807946843500558,0.006269838022408757,0.26456818664794857,1.063459714093423,0.006439280358324453,1
2025-06-27,606.1636033457827,609.6351477759472,604.1360808658505,608.1713256835938,86258400,0.004968423150459644,0.03471429486724853,0.04521300811097828,595.6699829101562,571.6020733642578,0.02098702827421639,0.0639767663964228,0.007841321647660621,0.006289105499221376,0.0981560413706708,1.1551106257217483,0.00904197004670618,1
2025-06-30,610.6142811588834,612.4340832221852,608.2998981128763,611.0791015625,92502500,0.00478117884896645,0.029492649999213416,0.051386119597071955,597.9061767578125,573.4563177490235,0.02203175902299348,0.06560706133844074,0.006297434968262775,0.006261976652910646,0.07238831232668352,1.2371521874065057,0.006765384544714359,0
2025-07-01,609.6053849111585,612.0483479268365,608.7746241554748,610.8812866210938,70030100,-0.0003237141327537829,0.017914196508998614,0.045158694513257824,599.5624694824219,575.2918133544922,0.018878461736344,0.06186334037865304,0.006061399893609798,0.006248135083952634,-0.24293829896489283,0.9313691133014295,0.005359017935332914,1
2025-07-02,610.4757300098587,613.6901136433279,609.8526292762224,613.6505737304688,66510400,0.00453326557880418,0.021956087621464615,0.04394331127918227,602.0035461425781,577.4298181152344,0.019347107940676844,0.0627275462383654,0.004578472442115285,0.00621932392501612,-0.05025981685018299,0.8828536802604874,0.006253533413611743,1
2025-07-03,615.628656191773,619.4167005776212,615.6088560521965,618.4869995117188,51065800,0.007881400243543668,0.022014485703857112,0.05245364320467649,604.9371459960937,579.4008605957031,0.022398779121612256,0.06745958036001154,0.004457353256073981,0.006317299664903962,-0.2322133079939378,0.6806660545899886,0.00615670907946471,0
2025-07-07,616.5286747873084,617.1913758193931,611.0988485499288,613.8780517578125,74814500,-0.007451971921066947,0.009383418509256947,0.0496837624802724,607.5482116699219,581.1185913085938,0.01041866302345329,0.056373106865242884,0.005538101069011146,0.006503424215612497,0.4650607647388272,1.0089606119050192,0.009924654012337844,0
2025-07-08,614.5406899285775,615.2923708557059,612.7307881009865,613.5418090820312,59024600,-0.0005477352950125081,0.004030096125418492,0.03844488259337342,609.5450866699218,582.6073229980469,0.006556893820511833,0.0530966310632659,0.005364626418722159,0.006264094587741352,-0.21105400691042508,0.8000963510953668,0.004175074488488448,1
2025-07-09,615.945166968477,617.8737488887257,614.1055045789822,617.2210083007812,66113300,0.005996656078344209,0.010377992939927472,0.043731546425418655,611.2541442871094,584.0917358398438,0.009761674533316889,0.05671929669284248,0.004760818254171587,0.006324379520988094,0.12009738312500207,0.8883007189220107,0.006105178305770175,1
2025-07-10,617.3594891460615,620.0002120765442,616.1825277796053,618.9617309570312,57529000,0.002820258275139098,0.008655018758110478,0.04077413528124363,613.1036499023437,585.6068212890625,0.009554797228202183,0.05695785714132651,0.004694697740535012,0.006273070606707693,-0.12984225564296448,0.7775154779357057,0.006167884226115434,0
2025-07-11,615.9154666088177,618.0122289852302,614.7187654701638,616.7858276367188,63670200,-0.0035154084840562927,-0.0027505378065231234,0.04008188980138305,614.265771484375,587.0099523925782,0.004102550181583453,0.050724651469328474,0.004781648124171282,0.006301863055662271,0.10674963931234682,0.8663624769207721,0.005339719830602525,1
2025-07-14,616.3308265898004,618.3089087938923,614.9857451789246,617.9627685546875,51898500,0.0019081841138897104,0.006653954780071691,0.03794138539164971,615.2449157714843,588.4322827148437,0.00441751360073428,0.050185019937382336,0.004660864196725724,0.006284459037221598,-0.18488555085424574,0.7121100698773056,0.00537761137736508,0
2025-07-15,620.6431287961128,620.9793689858044,615.242942324076,615.3220825195312,74317300,-0.004273212189356279,0.0029016334521092535,0.045191343316943744,615.6692138671875,589.7242907714843,-0.0005638276851230861,0.04340637166998773,0.0048515531944077405,0.005690581854875933,0.43197394915074616,1.0304608470967667,0.009322640653882766,1
2025-07-16,616.9044910111767,617.8836320494379,611.276844692317,617.3792114257812,88987500,0.0033431741923299896,0.00025631519807722825,0.03880218688689441,616.3190063476562,590.8939404296875,0.0017202212932030392,0.04482237705269765,0.0049036444143135665,0.0054363276652500585,0.1973995287772834,1.2262193708693683,0.01070134406026258,1
2025-07-17,617.5573456006476,621.5135103761386,617.3397251475282,621.1574096679688,68885700,0.006119736739210957,0.003547357778553639,0.0541674241164769,617.0696899414063,592.2032531738281,0.006624405303314429,0.048892261801948944,0.0050515917238241744,0.0049145674889179035,-0.22589464812473659,0.958017401847327,0.006719368011469858,0
2025-07-18,622.4035141905442,622.5716342647312,619.5946714429975,620.702392578125,65621600,-0.0007325310505222893,0.006349959363387114,0.053553998124867164,617.2912292480469,593.596357421875,0.005526019435321272,0.0456640860701667,0.004494750519493831,0.004933718569197938,-0.047384290208272506,0.9196462237229446,0.004796119456489696,1
2025-07-21,621.87939453125,624.6189973413707,621.4541141003111,621.87939453125,63375000,0.0018962420109840394,0.006337964317369549,0.05803656310433003,618.0913635253906,594.9666552734375,0.0061285939739614825,0.04523402953640132,0.0035636079808431306,0.004798016600622637,-0.03423567849610498,0.9076724207011184,0.005089223519690871,1
2025-07-22,622.2057439990875,622.8288447335428,619.3276609031153,621.9683837890625,60046300,0.00014309729281114514,0.01080133715064635,0.047837960757425524,618.9340209960938,596.2616174316406,0.00490256261577815,0.043113233530194695,0.0035303158013097165,0.004532471118671971,-0.05252386587771207,0.8771971087671648,0.005629199042398481,1
2025-07-23,624.6289433239532,627.2598266601562,622.8288811376781,627.2598266601562,70511000,0.008507575318954297,0.016004126882660286,0.04520583039758708,619.9379028320312,597.6766088867188,0.011810737486249279,0.04949703122653837,0.00395914719090594,0.004305855913602271,0.17427718277395954,1.0279883387449813,0.007063971474262475,1
2025-07-24,627.6454273719465,629.1784892953694,627.0421268182102,627.4674072265625,71307100,0.0003309323466664793,0.010158451723157658,0.04496624634607316,620.7884704589844,598.7279272460937,0.010758796410377913,0.04800090103138954,0.0039536697582131354,0.00431081675338464,0.011290436953099503,1.0326750456113074,0.003404738561006739,1
2025-07-25,628.1301201477661,630.5928227551882,627.8828598800927,630.1180419921875,56865400,0.004224338563401986,0.015169346093470093,0.04123411992132753,622.1216918945313,599.7563256835938,0.012853353615279284,0.050623419893050414,0.0036351705934483764,0.004135710595755578,-0.20252821949006483,0.8366654793206851,0.004300722554344937,0
2025-07-28,630.4939604147171,631.0478210681617,628.5752180855901,629.9598999023438,54917100,-0.00025097216601477346,0.01299368566019865,0.035826375395550336,623.3214050292969,600.7667700195312,0.010650195580456323,0.04859311689603518,0.003714179521096587,0.00410512838031113,-0.03426160723392435,0.8270691808668555,0.0039250164700244125,0
2025-07-29,631.3543820995848,631.6708825055948,627.3883778702398,628.2982788085938,60556300,-0.0026376616892719307,0.010177197401850524,0.028178311452748295,624.6190246582031,601.6873779296875,0.005890397194360242,0.04422712168314091,0.0034362384699803835,0.0041535702653724025,0.10268568442252057,0.9344771295663961,0.006816037509247555,0
2025-07-30,628.9510415464463,630.6917636576716,624.6190364089183,627.507080078125,80418900,-0.0012592724779846298,0.0003941802223892399,0.02721607916489277,625.6318115234375,602.5183996582032,0.0029973996209067266,0.041473721688993104,0.0035565117269342303,0.00417917706151401,0.32800220621140985,1.2311193319532423,0.009677543794401824,0
2025-07-31,632.4522656090571,632.8379457731452,623.8574957354674,625.1531372070312,103385200,-0.0037512610547767444,-0.003688271283699751,0.01874448418851271,626.0313842773437,603.2895227050781,-0.0014028802586730782,0.036240666676787825,0.0035430284476824204,0.00425708583448985,0.28558336410968077,1.5392601396713774,0.01436520030563923,0
2025-08-01,619.4364414435403,619.476041722763,612.5032535330552,614.9066162109375,140103600,-0.01639041762130744,-0.02414059710646821,-0.005788938657737108,625.451806640625,603.8951611328125,-0.016860116667224867,0.018234050853246142,0.006470724952517572,0.005462405222565743,0.355161086886711,1.9562786448350091,0.01133958881866355,1
2025-08-04,618.813325728958,624.3024917393647,618.7243458354196,624.2530517578125,73218000,0.015199764160073403,-0.00905906573643167,0.016900750841786216,625.6891723632813,604.884755859375,-0.0022952620388880796,0.032019811560502154,0.00823958071874502,0.00619537074849451,-0.4774010089676497,1.02349003139329,0.008935712670106651,0
2025-08-05,624.866279158634,625.6773001361546,620.1683337507773,621.088134765625,68051400,-0.005069926343612585,-0.011475670531265747,0.01229961116241518,625.6011474609375,605.8065148925781,-0.007213881741791828,0.0252252484867328,0.00842136052279476,0.006330371943183107,-0.07056461525854296,0.9453038050855603,0.008869862547698176,1
2025-08-06,622.1562946160922,626.4981995520814,621.2463937026511,625.845458984375,64357500,0.007659660445043404,-0.002647971865979759,0.013973034889620761,625.4597106933594,606.9019189453124,0.0006167436277997318,0.03121351152091112,0.008328715161201313,0.006414924511364581,-0.05428102875179641,0.895083290067903,0.008391537837396717,0
2025-08-07,629.2674923107387,629.9993730574174,622.2156245224251,625.3212280273438,74205800,-0.000837636431655131,0.0002688794317875498,0.010274459231073063,625.2450927734375,607.7493774414063,0.00012176865486224209,0.028912988212203672,0.008328722052091097,0.006403836427504446,0.1530248999728081,1.0202217722781766,0.012447600027184735,1
2025-08-08,627.1114619051468,630.6621463802445,626.794961476664,630.197265625,64051600,0.007797652437033564,0.024866620411866158,0.021744076123909384,625.2530151367188,608.761806640625,0.007907599593422354,0.035211570027140704,0.008616618370619094,0.006526106183141778,-0.1368383603438006,0.8803854741262478,0.006136467284962366,0
2025-08-11,630.4742118551501,631.947873553624,627.70484826023,628.9510498046875,58742300,-0.00197750115446238,0.00752579107726592,0.01778146161733951,625.1521301269531,609.7035571289063,0.0060767923432698545,0.031568608138712095,0.008640494193017717,0.006558425342359432,-0.08289098164604791,0.8036296810382697,0.006746193196929418,1
2025-08-12,631.2950454377703,635.8050706066525,629.8114837326607,635.6468505859375,64730800,0.010645980769615315,0.023440660037413963,0.033031104593521654,625.8869873046875,610.7922375488281,0.015593651057165703,0.040692417992824303,0.009213651721171275,0.006783402666432196,0.1019452762319486,0.8914012515405332,0.009429114402859007,1
2025-08-13,637.842432642892,639.1084341540673,635.6368904336466,637.8226928710938,60092800,0.003423036365476362,0.019137686013022126,0.03311332980924342,626.9185485839844,611.8589587402344,0.017393239220212076,0.04243418153804024,0.009193644607003186,0.006784476455934463,-0.07165058982740824,0.8443300239405375,0.005442803712100366,1
2025-08-14,635.7457782923831,638.5447818220973,635.300758040457,637.8821411132812,59327500,9.320496566211922e-05,0.0200871368553448,0.026925109778940692,628.1914489746093,612.860205078125,0.01542633564097362,0.040828129853800244,0.009020511369276838,0.006709015988181509,-0.012735302731774811,0.8392124056465122,0.00508561624876121,0
2025-08-15,638.9107148606824,639.0096552004113,635.4787708739423,636.388671875,68592500,-0.0023412933863844465,0.009824552703921352,0.025271820254665123,630.3396545410156,613.8347387695312,0.009596441046357818,0.03674267955358723,0.006597138899142066,0.006744856214858392,0.1561670388942733,0.9682352357448297,0.005548314233919281,0
2025-08-18,635.814941575414,636.942462907598,635.1424008771667,636.2501220703125,43804900,-0.00021771255650937515,0.011605151574024086,0.02310854430205822,631.5393615722656,614.8633032226562,0.007459171644217166,0.034783046468316536,0.005202692244624241,0.006751091384866791,-0.36137478587309113,0.6269997695532625,0.0028291735718244007,0
2025-08-19,636.0721245937336,637.0512656505922,631.4829592777961,632.7984008789062,69750700,-0.00542510102815319,-0.004481182758013458,0.017412488113731417,632.7103881835938,615.7027209472657,0.00013910423624485801,0.02776612697981684,0.0052566269330046045,0.006908414714761245,0.5923036007387301,0.9914879305502013,0.008799495013043895,0
2025-08-20,632.3929672116759,632.6500672159099,626.0136394005863,631.1170654296875,88890300,-0.0026569843521784264,-0.010513309602111498,0.006149347695466378,633.237548828125,616.4978637695312,-0.003348638125394987,0.023713304650835543,0.005002970699746401,0.006708335058485015,0.2744001135472476,1.2472595706222744,0.010515367399874187,0
2025-08-21,629.3071240874224,630.9785456585483,626.864161086776,628.5850830078125,54805800,-0.004011906127353915,-0.014574883832368823,0.0017812491427884325,633.5639343261719,617.1753088378906,-0.00785848285959434,0.018487087876872366,0.005218047447720014,0.00677815640970116,-0.38344453781796217,0.7780116297590322,0.006545469631708094,1
2025-08-22,630.7708500494616,639.4150594466402,630.2664294390896,638.2380981445312,84083200,0.015356735941821187,0.0029061269492467456,0.012886563486852909,634.368017578125,618.0797387695312,0.006100686760945662,0.032614496335264365,0.00671902038059718,0.0075472042272190665,0.5342025843980016,1.1710049160001677,0.01433419602206009,0
2025-08-25,636.9820621561176,638.218363635622,635.3105801411765,635.4292602539062,51274300,-0.004400924825375907,-0.001290155848984731,0.008682076989996235,635.0158386230469,618.8808544921875,0.0006510414476523785,0.0267392433318967,0.006891414011364377,0.007630372503677888,-0.3901956633429746,0.7158998393933051,0.004576093164617003,1
2025-08-26,635.1621986940528,638.4359222802034,634.5390979794016,638.0897216796875,51581600,0.004186872705103539,0.00836177966542273,0.015584067633705345,635.2601257324219,619.8683056640625,0.004454231947901954,0.029395624601429526,0.006155072270269784,0.007637151344163352,0.00599325588062638,0.7247310741711427,0.006107016252422761,1
2025-08-27,637.5062179210042,640.2755208793137,637.3578376120881,639.5436401367188,48341100,0.002278548623544596,0.013351840995289965,0.0191815525923551,635.4322204589844,620.7728112792969,0.00647027258826216,0.03023783986083206,0.006103048414536259,0.007627882026102184,-0.06282278952184495,0.6948600856883569,0.004562133190163309,1
2025-08-28,640.146950913372,642.3623933153343,638.267809046051,641.8085327148438,61519500,0.0035414199062957508,0.02103684936931116,0.02664210497642716,635.8248596191406,621.8241857910157,0.00941088258060141,0.032138259302999295,0.00618776011086478,0.007563946945009813,0.27261274567603966,0.9117206555312936,0.006379759789050028,0
2025-08-29,640.374419619015,640.7404203673219,636.0919150690585,637.98095703125,74522200,-0.005963734491660877,-0.00040289214014144203,0.037524951288533615,635.9840881347657,622.8007849121094,0.003139809523129422,0.02437404140600563,0.006480217021150026,0.006571621055810306,0.21135899999187258,1.1608327404984549,0.007286275941361284,0
2025-09-02,630.5136938017484,633.4709169972102,627.9619508913343,633.2533569335938,81983500,-0.0074102526816088865,-0.00342430457080789,0.014417719145205066,635.6844116210938,623.7105041503906,-0.003824310684763299,0.015300131583004584,0.006924157991999657,0.006083397287417987,0.10012184288708603,1.2683980845500222,0.008699466091347809,1
2025-09-03,635.6270215222661,637.1501834379544,633.4412793439511,636.685302734375,70820900,0.005419546163007771,-0.002200974091254082,0.025112648424101325,636.0731018066406,624.5727490234375,0.0009624694488661323,0.019393343257252837,0.006907697253915948,0.006008434434166605,-0.1361566656705313,1.0933548275741756,0.00582533329743068,1
2025-09-04,637.3578424589464,642.0360478647699,636.4578416280056,642.00634765625,65219200,0.008357417548391144,0.003850726306972252,0.025822490903906203,637.1620300292968,625.4102673339844,0.007602960312513396,0.026536309346202103,0.007196734783715581,0.00604944781991066,-0.07909670732792151,1.006204774131488,0.008688708853313533,0
2025-09-05,644.3404973975818,645.0625384730564,636.2798483910566,640.14697265625,85178900,-0.0028961941058495144,-0.002588871873618448,0.023709005810782946,638.3182189941406,626.2038732910156,0.002864956079416281,0.022266070140953387,0.007105808584031957,0.006104863766428299,0.3060402458171827,1.3031134993164608,0.01371980257214463,1
2025-09-08,641.5118230975241,642.718484610511,640.1370415028089,641.7195434570312,63133100,0.0024565777359784047,0.005860028241561066,0.018283604929012265,638.6663635253906,626.9349719238281,0.0047805553979505255,0.023582304697143952,0.00532966951284129,0.005914451657662086,-0.2588176179781613,0.9665238334099692,0.004022696727912606,1
2025-09-09,641.8579832056892,643.7272854003053,640.1271612550325,643.203125,66133900,0.0023118846201510834,0.01571214421126177,0.02266007060444264,639.44375,627.6356079101563,0.005879133231030842,0.024803431949437904,0.0050513121031932375,0.005881421028346478,0.04753132667332993,1.0067676891538024,0.005597180743288102,1
2025-09-10,646.4570825189741,647.3768835600082,643.4998590892842,645.0625610351562,78034500,0.002890900188266654,0.013157612190517698,0.014812801228448524,640.1410339355468,628.3152770996094,0.00768819188070502,0.02665426824070649,0.004983134680937695,0.005462239095533348,0.17994704682469953,1.1760238790062831,0.006010307689385023,1
2025-09-11,647.0109525903231,651.1154976382888,646.4274520986086,650.4231567382812,69934400,0.008310195052279257,0.013110164895967502,0.019755433615050277,641.2289855957031,629.1061145019531,0.01433835860373156,0.03388465275560737,0.005481902476824882,0.005692590577612716,-0.1038015236850367,1.046192326909671,0.007207685475390694,0
2025-09-12,650.393364548417,651.8868261792371,649.7010841125947,650.2054443359375,72780100,-0.00033472424849623206,0.015712753647729505,0.019319091142995015,642.0686767578125,629.8372119140626,0.012672737158293534,0.03233888382043393,0.005474403945716168,0.0056969569357471885,0.040690990413873473,1.0779166172363044,0.0033616176020715384,1
2025-09-15,652.4110731340584,653.7956944276398,652.114372883025,653.6671142578125,63772400,0.0053239632981088025,0.018618056630187674,0.027150769877635872,643.6372924804688,630.5408142089843,0.015583033945548053,0.03667692800796751,0.004945159401332721,0.005720076703767903,-0.1237659744902796,0.9478906436666544,0.0025721372667244905,0
2025-09-16,654.2210123755038,654.5276730798186,651.9858301119879,652.7671508789062,61169000,-0.0013767915798059693,0.014869370976557716,0.02595996171261783,645.588671875,631.3185961914063,0.01111927658683598,0.033974216531706736,0.0038579815659601766,0.005742685394830806,-0.040823302870834355,0.8976112174915105,0.0038939504912406694,0
2025-09-17,652.7770367516476,654.4682584259048,647.1295902463727,651.9561157226562,101952200,-0.001242457061691904,0.010686645147158558,0.030274594273850042,647.1157531738281,632.0868823242188,0.007479902204649225,0.031434339098095565,0.003976022673893767,0.005558163515916282,0.666729879514133,1.4615439807369937,0.011256383677600113,1
2025-09-18,654.6365009878455,657.6036246179045,653.0342590569163,655.00244140625,90459200,0.004672593154858351,0.007040469916435255,0.03784618937581796,648.4153625488282,632.8425109863281,0.010158733487635185,0.03501650100178022,0.0035031421610417883,0.005510594881825217,-0.11272929863210401,1.2953284852355447,0.006976104625164557,1
2025-09-19,656.8877828567474,659.0895125014193,654.9438659954435,658.2465209960938,97945600,0.00495277480627232,0.012366978360768277,0.04718762628974549,650.2253173828125,633.6282067871093,0.012336037061071448,0.03885293291126457,0.0031420369026075455,0.0053694673455144965,0.082759962502432,1.360507856851753,0.006298015065392856,1
2025-09-22,656.7588899327194,661.8070328507519,656.7291073786307,661.3607788085938,69452200,0.004731142076964234,0.011770004001986134,0.036228925743048146,652.1894409179688,634.5197058105468,0.014062383281943536,0.042301401756718704,0.0031965524802436618,0.004460592782634233,-0.2909104645844224,0.9746255949483297,0.007677996087504236,0
2025-09-23,661.2417286303936,661.8566899635472,656.540685502851,657.7606201171875,81708900,-0.0054435624348510014,0.0076496944301776,0.035143738666296276,653.6451904296875,635.3156628417969,0.006296121730498205,0.035328827208498614,0.00417849698006487,0.004542108860715513,0.17647677107420634,1.1226507279535138,0.008081974350712944,0
2025-09-24,659.0498612769777,659.1490153831234,654.2496039734066,655.6678466796875,68082200,-0.0031816642308674092,0.005693222085840777,0.027548045992227932,654.7057189941406,636.122578125,0.0014695574784728827,0.030725632490986365,0.004503378493402198,0.004631017655296157,-0.1667713064305112,0.9249400363959208,0.007472398462922156,0
2025-09-25,652.5338627083877,653.9917550046746,649.0328388399253,652.6429443359375,89622100,-0.004613467564511753,-0.003602272176645327,0.020482267944089694,654.9276977539063,636.8278527832031,-0.003488558242084383,0.02483417062180293,0.004222501280314115,0.0048127021014643615,0.3163807867548345,1.184362082271723,0.0075982069641387295,1
2025-09-26,654.0910020825955,656.9274877414105,652.4743904900326,656.3820190429688,69179200,0.005729127602591033,-0.0028325283820771485,0.02270690647642115,655.5453552246094,637.5323449707031,0.0012762867003652811,0.029566616064212292,0.004537125599632129,0.004897023022787993,-0.22810110452667365,0.9096041197469935,0.006784307190301475,1
2025-09-29,658.9010899003678,659.8135740530697,656.4216318338509,658.2266845703125,73499000,0.0028103535347194786,-0.00473885712413602,0.03173406246053645,656.0013122558594,638.2828308105469,0.0033923290592217104,0.0312461072067991,0.004333244677843894,0.004612382098692571,0.062443624673312215,0.9670536139844433,0.005153152095972866,1
2025-09-30,657.4828203674869,661.1722852976668,656.173659297658,660.7061157226562,86288000,0.003766834755358328,0.004478066207344478,0.04335193566441897,656.7952087402343,639.059365234375,0.005954530316874873,0.033872831955670035,0.0043640025798742585,0.004117145111060919,0.17400236737914798,1.132117307862618,0.007565581551400501,1
2025-10-01,657.7208144097488,663.8698820443607,657.6117327913598,662.9574584960938,72545400,0.0034074798459751143,0.011117842446172865,0.04126395826774654,657.8953430175782,639.8791467285156,0.007694408437817879,0.03606667272338804,0.004320196638790167,0.004056730321955256,-0.15926432412386426,0.9507358513376837,0.009439744847576408,1
2025-10-02,664.9410037342527,665.0600128657511,661.3011766397112,663.7210693359375,56896000,0.001151824796685963,0.016974250769342225,0.03382321959737733,658.7672058105469,640.6083715820313,0.007519900021883075,0.03607929396368581,0.004191034407432724,0.0037755894734867734,-0.21571870856043251,0.7497333416877157,0.0056632769392128005,0
2025-10-03,664.4848020775174,667.1527012490268,662.6698219114437,663.7112426757812,70494400,-1.4805406382656372e-05,0.011166094469648558,0.036810718516332,659.3136779785157,641.3332482910156,0.006669912735238093,0.034892927264253304,0.00400430346956437,0.003644838043235324,0.2390044994375704,0.9379981847960637,0.006754261566385645,1
2025-10-06,666.1014192164715,666.9841207809839,663.9591941673339,666.0914916992188,54623300,0.003586271966467658,0.011948478105290317,0.0379791273161052,659.7867492675781,642.0527172851563,0.009555727572036599,0.037440499458841314,0.0038953957932741402,0.0036640004800027816,-0.2251398692662112,0.730955751880806,0.004541307990488393,0
2025-10-07,667.0138297258598,667.4601442579947,662.1838505424819,663.6219482421875,72020100,-0.0037075138893177817,0.004413206492484223,0.03174552866512825,660.3728820800782,642.7259582519531,0.00492004782491251,0.0325115077770719,0.0036190779118088325,0.0038675276302931106,0.31848679958918624,0.9599747597100672,0.007950752276184844,1
2025-10-08,664.7426772273783,667.6783772359653,663.919480237528,667.5791625976562,60702200,0.005963055269571305,0.006971343398182395,0.034906074112202035,661.564013671875,643.5115759277344,0.009092315787243788,0.03740039429007047,0.003630295115990651,0.003982026753192221,-0.15714918474148187,0.8185711004035463,0.005630638595445137,0
2025-10-09,667.9957845708525,668.4023890582872,663.7112737749407,665.6452026367188,66501900,-0.002896974724933221,0.002899008920579149,0.02340329636289784,662.8642395019531,644.2743383789062,0.004195373605996755,0.033170441510343096,0.0033202840981863112,0.0037904417639717343,0.09554348936282375,0.8988605342160748,0.007047471032262177,0
2025-10-10,666.6071968358344,668.4122493878771,647.4757221413303,647.6542358398438,159422600,-0.027027862178845674,-0.024192760049088435,-0.003923695992271048,661.9914611816406,644.7243603515625,-0.021657719445814627,0.0045443846525103915,0.009541070152403406,0.007362420584511743,1.3972638375745654,2.0356119016361687,0.032326704726013906,1
2025-10-13,655.2216030747315,659.664772492732,654.3488290056752,657.5919189453125,79560500,0.015344118135168339,-0.01276036829748961,0.006004286588527918,661.9279846191406,645.57806640625,-0.006550660758546045,0.018609449676536105,0.010871028739375331,0.008063541247374458,-0.5009459135655798,1.0057429126920518,0.008083955009031918,0
2025-10-14,651.7701536094826,660.3590300864076,647.8030207789583,656.78857421875,88779600,-0.0012216462876413203,-0.010297088638399954,0.006160578599013755,661.53623046875,646.2287768554687,-0.007176713884039065,0.016340648608477393,0.010790951392215128,0.008061886791604474,0.11587534014994882,1.103034003245007,0.019117277310106574,1
2025-10-15,661.3408732132422,664.7228272522149,653.5156893256119,659.7044067382812,81702600,0.004439529909605389,-0.01179598810234439,0.011884681850152568,661.2109252929688,647.0011022949219,-0.0022784235666100106,0.019634131067629568,0.01083775094127747,0.00810325994810133,-0.07971425868104831,1.028038641446758,0.01698812045536188,0
2025-10-16,661.340821247798,663.2153058553965,651.7105854492366,655.2116088867188,110563300,-0.006810319600221937,-0.015674406889242154,0.00031933847455545283,660.3599792480469,647.5884252929687,-0.0077963088665528035,0.011771648930107625,0.010999214999753749,0.008207318803539346,0.35324090053437707,1.3738077624904392,0.017558785971005242,1
2025-10-17,654.0810128478913,660.2895852935891,652.7322022395391,658.9308471679688,96500900,0.005676392528467966,0.01741146850294606,0.001039619884111831,659.8819396972656,648.2606176757813,-0.0014413071067427285,0.01645978361363909,0.011214473228243104,0.008231636732116446,-0.1271886783408238,1.200152175389225,0.011469159603820335,1
2025-10-20,661.8367798071084,666.6866142382812,661.7872027532737,665.7840576171875,60493400,0.010400500262923273,0.012457784890383294,0.0066881480582534625,659.8511962890625,648.972353515625,0.00899121099043354,0.025905116004541373,0.011698124468094961,0.008493525323559728,-0.3731312350454763,0.7565525852659003,0.0073588597217876615,0
2025-10-21,665.9229005771253,667.4601523988813,664.4748753427003,665.7741088867188,56249000,-1.494287878323064e-05,0.013681015505875749,0.012182986521910522,660.0664123535156,649.7088146972657,0.00864715493226198,0.024726914313050852,0.011625587060471568,0.008384068951360872,-0.07016302604912272,0.714851387379643,0.004483918819211556,0
2025-10-22,666.4783066993808,666.4783066993808,657.8497808005621,662.3128051757812,80564000,-0.005198916065879078,0.00395388966764143,0.010134641388538368,659.5397766113281,650.2421337890624,0.004204490256373594,0.018563348573524596,0.011566229862250147,0.008444372851491152,0.4322743515440275,1.0158065700735874,0.013027871168108586,1
2025-10-23,662.6301900162397,667.1825015615415,662.3128121266341,666.2402954101562,65604500,0.005929962705964353,0.01683225140375111,0.020834288016480462,659.5992858886718,650.8104858398438,0.010068248501113874,0.023708606277910604,0.01171838426335852,0.00843491846475212,-0.1856846730549625,0.8399042907651624,0.007309208807175919,1
2025-10-24,670.9016937183009,672.8951271271609,670.0983517375236,671.6851806640625,74356500,0.008172554694480416,0.01935610322526382,0.023314413218397334,662.0023803710938,651.4865466308594,0.014626533952250886,0.031003915794822978,0.006972841237599832,0.008523252481038515,0.13340548285559684,0.9488076565593564,0.004163818809985203,1
2025-10-27,677.1201116013259,679.9070199177999,676.5151383891614,679.6094970703125,63339800,0.011797664492784632,0.02076565110706574,0.03248548410637375,664.2041381835937,652.3509631347656,0.023193711091364033,0.041785075022439555,0.00637802669192648,0.008844174035869335,-0.1481605508597097,0.8135046827398781,0.004990927206374133,1
2025-10-28,681.4046232640447,683.2493254549719,679.2028936555786,681.41455078125,61738100,0.002656016019079832,0.023492114946741527,0.03134288387196715,666.6667358398438,653.2542517089844,0.02212172011676472,0.04310771648036771,0.006186422218752263,0.008833577481150797,-0.02528741802152834,0.8056343420623295,0.005938282055694321,1
2025-10-29,683.0609104229828,684.0328991417463,677.2590027977353,681.7418823242188,85657100,0.0004803706386860007,0.029335197804730484,0.02833428236969704,668.8704833984375,654.2331213378907,0.019243484718272308,0.04204733769833191,0.006260425538559991,0.00882597934244445,0.38742688874455156,1.1082775714728028,0.009936159886373917,0
2025-10-30,678.2805836148408,680.3037996369978,674.2440185546875,674.2440185546875,76335800,-0.010998097614260183,0.012013267884981138,0.01585447517777072,670.7737243652343,655.0956604003907,0.005173569064198524,0.029229865669684774,0.0070967474171135,0.009254266238655672,-0.10882110181175875,0.9754067442469047,0.008987519229759147,1
2025-10-31,679.4110606194914,679.4507706842933,673.65873085131,676.45556640625,87164100,0.003280040742968948,0.007102115514103335,0.01920160893928724,672.5261962890625,656.0530700683594,0.0058427019480720155,0.0310988504874532,0.007032377775446616,0.009267794663219682,0.14185087468789215,1.1020322473402364,0.008562335976853842,1
2025-11-03,680.0359699637585,680.1649066224819,674.3530715971103,677.7251586914062,57315000,0.0018768302726830388,-0.0027726781144603585,0.017465569125511005,673.7203063964844,656.8428112792968,0.0059443841263187025,0.03179200115083547,0.006483826555117274,0.009250481218886848,-0.3424471772208971,0.7234134664839884,0.008575504318879691,0
2025-11-04,670.5545580097922,674.3729598389511,669.0371611161902,669.6917114257812,78427000,-0.01185354736001909,-0.017203682166793133,0.009146417172716248,674.1120666503906,657.5280603027344,-0.006557300252128306,0.018499060127481926,0.0077990476651873175,0.009635671695227471,0.36835034458693183,0.9858967871269614,0.007967544814614742,1
2025-11-05,669.4337786331213,675.2654684624238,668.6304366940664,672.012451171875,74402400,0.0034653852011290454,-0.014271429414273062,0.006640843247665451,675.08203125,658.2065148925781,-0.004546973458086745,0.02097508299739337,0.007559061559937685,0.009577145255183134,-0.05131651089548239,0.927318694010967,0.00987337623995961,0
2025-11-06,670.9115428502156,671.8140994484131,663.2252231578799,664.8021850585938,85035300,-0.010729363869237507,-0.014003585106076688,-0.0012664668426748404,674.9382202148438,658.7116857910156,-0.015017722885842133,0.009246077455365542,0.008271716931275281,0.009873526465154235,0.14291071255765941,1.0477414680711663,0.012919446541494479,1
2025-11-07,662.4218719882706,665.5658682287408,655.7769731606511,665.4567260742188,100592400,0.000984565078659072,-0.016259516335217494,0.02748764579805396,674.3153747558594,659.1846496582032,-0.01313724855353915,0.009514900596164777,0.007761307630674287,0.007554756410865304,0.18294872835163756,1.2860342935574594,0.014710040013928609,1
2025-11-10,671.6751969912248,676.5746080726943,669.4833950163819,675.8406982421875,75842900,0.015604278627143309,-0.002780567351014951,0.027750917812590536,673.9384948730469,659.9418444824219,0.002822517757349541,0.0240912951537946,0.008510667295364992,0.00758023975929234,-0.24603747400400033,0.9719313648417657,0.010492432720841103,1
2025-11-11,674.3629519753922,677.9532020666294,673.1529450781785,677.3878784179688,58953400,0.002289267544563822,0.011492104293485017,0.03136367623892,673.5358276367188,660.8245349121094,0.00571914755413383,0.025064661844104164,0.008496222150023266,0.007557025770492442,-0.22269058804449726,0.7702110772697951,0.007086422921623318,1
2025-11-12,679.1632192686196,679.3318660026857,675.3548055474994,677.7648315429688,62312500,0.0005564804700675108,0.008559931234997986,0.027376541099644935,673.1381225585938,661.6461254882812,0.006873342675629335,0.024361521111896822,0.008497291724279843,0.007529317970355591,0.05697890198020805,0.824540768008202,0.005867906197098411,0
2025-11-13,674.9085136071693,675.265541055433,665.0105359672095,666.5180053710938,103457800,-0.016593994920437227,0.002580948665728,0.017256099145718684,672.3655212402343,662.1363586425781,-0.008696929994795655,0.006617438645867946,0.009398133869263104,0.008361204182897652,0.6603057171514544,1.3754559385735383,0.015385938572677935,0
2025-11-14,659.9127066954921,670.1082064558575,657.8200586834998,666.4088745117188,96846700,-0.0001637328001578009,0.0014308194660788143,0.011348728589486878,671.3608520507812,662.6615966796875,-0.007376029632850667,0.005654889087895354,0.009281687305297917,0.008286862091425446,-0.06390141680955908,1.2872664540289656,0.018439351938944765,0
2025-11-17,664.1972328051172,668.1742931923078,656.7290761218832,660.2003173828125,90456100,-0.00931643825039885,-0.023142111595313097,-0.00838671363558774,669.6083679199219,663.0312121582032,-0.014050079102706947,-0.004269625205389538,0.009507241105628169,0.00823184428248853,-0.06598676051946017,1.1788495933666716,0.0173359763227563,0
2025-11-18,656.6596108350068,659.6548153709225,650.4708935566339,654.65625,114467500,-0.008397553343794883,-0.03355777264727289,-0.01669914575877629,668.1048217773438,663.2602746582031,-0.020129433793887097,-0.012972320199090781,0.009190030259497077,0.008422992403074429,0.26544810134418806,1.4372494811092111,0.01402861702502439,1
2025-11-19,655.3505280387882,661.856623370592,653.3371790986623,657.185302734375,94703000,0.0038631766432766224,-0.03036381920517084,-0.0077418138398296366,666.6221069335937,663.5027294921875,-0.014156152490392593,-0.009521327459568352,0.00921824012343874,0.008418092309525898,-0.17266473016358352,1.1786251953086229,0.012963534388980649,0
2025-11-20,667.3808213360044,670.0090710879778,646.5335791707308,647.1683349609375,165293500,-0.015242227316648038,-0.02903097928972387,-0.02862624878832576,664.8587219238282,663.4376330566406,-0.02660773842554398,-0.024522724194504852,0.009776297162461709,0.008903414977416053,0.745388213678553,1.9369988894923287,0.036274166471176136,1
2025-11-21,649.667590792559,659.0895314498267,645.5020891320908,653.6149291992188,123956200,0.009961232480063087,-0.019198341741583524,-0.026902858638296223,663.6745422363281,663.5058227539063,-0.015157449015917202,-0.01490701846991338,0.01052936873441842,0.009013081117328028,-0.2500842440870331,1.411563399940534,0.020788145604909485,1
2025-11-24,657.2447591605586,664.5541959227929,656.1538219404428,663.235107421875,80437900,0.014718418739979588,0.004596771554265633,-0.024093821112013414,662.4139831542968,663.6971826171875,0.0012395938015501429,-0.0006962138870175716,0.010369712975993435,0.009257234638795592,-0.3510780420826066,0.9071629682890109,0.01266575591120934,1
2025-11-25,663.1360016067486,670.6537351639657,659.0200771396823,669.4735107421875,81077100,0.009406020957730021,0.02263365047257615,-0.017523899402165588,661.6225463867188,664.0313098144532,0.011866228559387348,0.008195699279985869,0.010913954473588915,0.009523584064526157,0.00794650283013354,0.9045080147709612,0.0173773238785598,1
2025-11-26,672.0620713400136,676.0986363282427,671.1595147067713,674.09521484375,71879600,0.006903490619724062,0.02573081296708457,-0.011216367482659972,661.2555847167969,664.474091796875,0.01941704603138006,0.014479305010760557,0.011203064661599106,0.009677525697818158,-0.11344140330623564,0.8081098342949646,0.0073270385439781266,1
2025-11-28,675.2654787466182,678.0523870500939,674.9084513312986,677.7747192382812,49212000,0.0054584342293309,0.04729277163906831,0.005236532451800224,662.3812561035156,664.9295373535156,0.023239581423723177,0.019318109909646664,0.009757178802233764,0.00943627497433693,-0.3153551216200424,0.5618345681927107,0.004638614615677373,0
2025-12-01,673.232272756968,677.3779187836101,673.1628406770591,674.6802978515625,61201200,-0.004565560353440801,0.032229020041130596,-0.0026243683145646957,663.2083984375,665.258212890625,0.017297578620973253,0.014163049442106779,0.009948964070537705,0.009469044587892652,0.2436235064618386,0.7092216416131115,0.00624751918793747,1
2025-12-02,676.316803165018,678.2012155152329,673.7481184984898,675.9300537109375,62953800,0.001852367504067809,0.019140944360455103,-0.0026487211776745623,664.7813720703125,665.5495983886718,0.016770448314315622,0.015596817047741185,0.00922816002683252,0.009468778903586961,0.028636693398168767,0.7271556249542668,0.006588103298995262,1
2025-12-03,674.9779023816353,679.2822075879724,674.105128319461,678.2706298828125,57238500,0.003462749080359595,0.013140354322417336,0.012810250314680749,667.1428100585938,665.9597985839844,0.016679816759535226,0.018485847531644284,0.008412993508299339,0.00907862778096232,-0.09078562374312593,0.6693309637180135,0.00763276344341474,1
2025-12-04,679.6689755171525,679.7384076011712,675.7415530139849,678.7664794921875,61970300,0.0007310498015529188,0.006929680771462277,0.010050451161335738,669.300927734375,666.4217712402344,0.014142445297145922,0.01852386699338937,0.008459529696810564,0.009054966288379648,0.08266813421036545,0.7299693613423314,0.005888408912261631,1
2025-12-05,679.8375623637357,682.7336127271673,678.9549213715281,680.0557861328125,79241000,0.0018994848443159018,0.0033655237201748456,0.02294457120786131,672.5896728515625,666.9700280761718,0.011100547008990214,0.019619709290964016,0.005516770252452176,0.008659503506133667,0.2786931804428896,0.936603144956419,0.005556443210529732,0
2025-12-08,680.9484564225444,680.9980334759979,675.9696853695019,678.0127563476562,55231500,-0.0030042091058060105,0.0049393149714103135,0.01886828967453713,675.0294555664062,667.4026428222656,0.004419512002993731,0.015897619884337466,0.005735941594869439,0.008709800073209035,-0.3029933998813745,0.6708011167569717,0.007416303099639094,0
2025-12-09,677.5366934232544,679.7582780276033,676.9812972721672,677.4275512695312,58310100,-0.0008631180942337835,0.002215462310592997,0.0023479690280137078,676.4486999511719,667.78666015625,0.0014470444224816692,0.014437082512288368,0.0043565788974067625,0.008003382908534064,0.055739931017625866,0.7158128006038793,0.004099302944251181,1
2025-12-10,676.9515664343469,683.3088703732143,675.711837383319,681.92041015625,85671300,0.006632235252757246,0.005381008866723436,0.006691191092564219,677.6933898925781,668.2109460449219,0.006237363867960921,0.02051667095918308,0.0039067970432223155,0.008122573670742428,0.4692360328656613,1.034729022748475,0.011140644680446756,1
2025-12-11,679.51034738166,683.5865617528303,676.5647198382891,683.5072021484375,86173700,0.0023269460314641055,0.006984320527726684,0.008472511907110736,678.6345886230469,668.6219409179688,0.007180025314178495,0.022262597619863156,0.0034955390565874498,0.008134410332137578,0.005864274266878189,1.0260124725946058,0.01027325226781783,0
2025-12-12,682.5154459360199,683.2196338188487,673.5893968987631,676.1581420898438,113160300,-0.010751986278262682,-0.005731359283233206,0.014463430306556724,678.4729309082031,668.8706823730469,-0.003411762964899423,0.010895169886863787,0.004883822864599793,0.007575737245346999,0.31316515363736275,1.3395862978773425,0.014242580722788983,0
2025-12-15,680.1053789946951,680.1252340287925,673.6687159286942,675.1365356445312,90811000,-0.001510898681416406,-0.004242133612085364,0.013096555983302727,678.5185546875,669.0991882324219,-0.004984416446100592,0.009023097798187996,0.004673374472133526,0.0075902225697020076,-0.19750124381077105,1.078870621064322,0.00956327758789494,0
2025-12-16,673.6488975485244,675.4837328267965,669.4338188610296,673.2918701171875,122030600,-0.002732285145230273,-0.006104979262495758,0.019829667435291354,678.254736328125,669.2431958007812,-0.00731711250230993,0.00604963089921573,0.004704682613178743,0.007269943204389934,0.34378654568279177,1.4230806974215637,0.008985574064207708,0
2025-12-17,674.3034691132465,674.8489377460819,665.6848710067972,665.8832397460938,110625200,-0.011003593983400228,-0.023517657150754046,0.01714944254499029,677.0159973144531,669.2884216308594,-0.01644386190654301,-0.005087764519320692,0.005541197631876481,0.0074680392899569995,-0.09346344277582841,1.2929714258798823,0.013762272711322597,1
2025-12-18,672.0322187932205,675.1464323222394,669.3544527925658,670.9114990234375,108650100,0.00755126270975226,-0.018428047408145076,0.02088634093299313,676.2304992675781,669.355068359375,-0.007865661560520598,0.0023252691099768796,0.006263733349602905,0.007590188964109342,-0.0178539790210549,1.2596201005504006,0.008633000832605073,1
2025-12-19,673.0134542661981,677.4896664833268,672.8940327515619,676.9923095703125,103599500,0.009063506223587092,0.0012336869565610087,0.04608379767402426,675.9241516113282,669.5820104980469,0.001580292635553704,0.011067052214789541,0.007015304063867368,0.006740650447112535,-0.0464850009341915,1.2456123064685163,0.006788310098650541,1
2025-12-22,680.3245900087294,681.7370666700199,676.9923229108747,681.2098999023438,69556700,0.00622989400678442,0.00899575706122091,0.04221900307101789,676.2438659667969,670.2531237792969,0.007343554870471447,0.016347221272563273,0.0072427486769402775,0.006566145776500062,-0.32860004150599187,0.8645785284239947,0.006965171468919325,1
2025-12-23,680.3046207584179,684.562024812114,680.2548972126992,684.3233032226562,64840000,0.0045704023396588855,0.016384325424200874,0.03179595827301007,676.9334411621094,670.7877514648437,0.010916674537249094,0.02017859110911613,0.007332859950626843,0.005896929314697524,-0.06781086509279477,0.8138400504319759,0.006293995219995308,1
2025-12-24,684.313382495532,687.1781631452748,684.164151137988,686.7305297851562,39445600,0.003517674396244841,0.03130772603168652,0.025777000532608563,677.414453125,671.3865905761719,0.013752403151689352,0.02285410436305635,0.007132227091745046,0.005626577748577196,-0.3916471314003701,0.5083844459538008,0.0043889296842965055,0
2025-12-26,686.989161229118,688.0037280321676,685.6264081645946,686.660888671875,41613300,-0.00010140966545213459,0.023474615759845996,0.018640799625076143,677.7298217773438,671.9257202148438,0.013177916342989704,0.021929758027895874,0.007112979564911088,0.005474620653023953,0.05495416472306158,0.5469907804332163,0.0034621454444145297,0
2025-12-29,683.9055083361335,685.5567672531378,682.4433081832867,684.2138671875,62559500,-0.0035636535074947684,0.010667119131339886,0.00950042509177007,678.5353942871094,672.5057653808594,0.00836872025866331,0.017409667558775377,0.006149344055458292,0.005454217426743002,0.5033534951565966,0.8151695190878367,0.004550417960175372,0
2025-12-30,683.8160334465714,684.9201512250444,682.9506372729019,683.3783569335938,47160700,-0.0012211244085722495,0.003183243566426297,0.012892119585719675,679.3595764160157,672.9947155761719,0.005915542603784685,0.015429008753110596,0.006135807059646275,0.005341254734128928,-0.246146468561929,0.6201916871481844,0.002882025648251384,0
2025-12-31,683.5076844111845,683.726492314561,678.1063955310838,678.3152465820312,74144800,-0.0074089416209803804,-0.008779558744136717,0.00352875694459609,679.8619140625,673.2453393554688,-0.0022749729738891222,0.007530549311215662,0.00662979498926559,0.005625797222771816,0.5721734410218677,0.9679264888233202,0.008285375880604809,1
2026-01-02,682.0852055985325,683.2390468658663,676.2263268834449,679.55859375,89377200,0.0018329931020035772,-0.010443595739656364,0.001898893760754472,681.2294494628907,673.5210290527343,-0.0024527062272602373,0.0089641814239374,0.005183217332680428,0.005587589334477667,0.20544124469956082,1.1428049746946052,0.01031952218236714,1
2026-01-05,682.910778712987,685.7855161168121,682.7516512212146,684.0845336914062,71927200,0.006660117292359935,-0.0037520048439804166,0.007834880418958523,682.5467529296875,673.9564636230468,0.0022530042888904145,0.015027780895390475,0.005084795571051998,0.005776385687460505,-0.19523994933831001,0.9138664784398588,0.004434926893064496,1
2026-01-06,684.2934596862484,688.6602678554459,684.1442890432024,688.1529541015625,69273800,0.0059472480516442605,0.005757098917410719,0.01190662315336688,683.6628173828125,674.394716796875,0.006567764992601255,0.02040086756615489,0.004680346035585371,0.005901027476151492,-0.03689007774527575,0.8857624155450384,0.0065624637449089186,0
2026-01-07,688.5309418430683,690.2916046822218,685.6761181181482,685.9347534179688,75588300,-0.003223412281198157,0.003740821549933049,0.01168414162734499,684.135302734375,674.6797082519531,0.0026302555596846577,0.01668205672759404,0.004605786130591142,0.005908289829906623,0.09115278792270676,0.9540851800505503,0.006728754507735412,0
2026-01-08,685.1787573638412,686.9692300361542,683.8557710289468,685.8651123046875,64019200,-0.00010152731427326422,0.0111303199518209,0.01245529653959876,684.2894836425781,674.8048205566406,0.002302576175395865,0.016390356753710478,0.004402125453241446,0.005900829456329468,-0.15305411022605353,0.805157499427755,0.004539462572670131,1
2026-01-09,686.9791831428475,691.6344363504869,685.5368360184962,690.4010009765625,80125500,0.006613382996888628,0.015955073375985007,0.012436335229164541,684.6565307617187,674.9845495605468,0.00839029492416099,0.022839710073441877,0.00475354026906075,0.005899822554606125,0.2515854618614415,1.0112500790379295,0.008831969135858403,1
2026-01-12,687.0289310253164,692.410366767912,686.979207477028,691.4852294921875,63976000,0.00157043300066384,0.010818393687175076,0.011672192068602927,685.13896484375,675.1794165039063,0.009262740807457481,0.024150340768255507,0.004757741373023817,0.005890820451824466,-0.2015525644145746,0.818900923497161,0.00785433883363285,0
2026-01-13,691.813478661017,692.4103433578374,687.6953490317495,690.1026000976562,78309700,-0.0019995067653818532,0.0028331579258265016,0.020623071941001214,685.7278381347656,675.4965881347656,0.006379735107138629,0.02162262877333232,0.004625483260140082,0.005298695413773592,0.22404808053019876,1.025241715308884,0.006832309174636746,0
2026-01-14,687.3472637531122,688.0634285762314,682.4134612479594,686.7106323242188,94676700,-0.0049151644595419874,0.0011311263970572583,0.017143342225788505,686.0610656738281,675.701689453125,0.0009468058790840228,0.016292608177439494,0.004947099912882595,0.005437624679868772,0.20900348232722132,1.2363920956949646,0.00822758096689046,1
2026-01-15,690.8983886882239,691.7737417111902,687.5959315038539,688.5806884765625,77862000,0.002723208385480236,0.003959344371300633,0.02270756419012443,687.0876098632813,675.9188000488281,0.0021730541954880778,0.018732854341112715,0.004115537359600182,0.0053842817793000215,-0.17760124719175885,1.0470029872301458,0.006067277629553331,0
2026-01-16,689.9931507530615,690.5800586110835,686.4519720383781,688.0037231445312,79289200,-0.000837905189162047,-0.003472297735142793,0.03321976298257967,687.9321228027344,676.2850402832031,0.00010408053269150841,0.017328023190370745,0.004178489173247011,0.004600667365607143,0.018329865659757028,1.0891411028197213,0.006000093362631617,0
2026-01-20,677.8874730475171,681.1501633341576,672.9934983300664,673.9981689453125,111623300,-0.02035680001149731,-0.025289130990863162,0.004600711012358483,686.923486328125,676.3247546386718,-0.01881624029468465,-0.0034400421948215243,0.0076113212897847326,0.006539072032801532,0.407799548992801,1.5301676897412844,0.01210190973790768,1
2026-01-21,676.0572511802958,685.0991655259935,674.5452667925615,681.77685546875,127844500,0.0115411092816613,-0.01206450262283909,0.007067356350730636,686.2858764648438,676.664248046875,-0.0065701789162854185,0.007555604476861433,0.008382521298076305,0.006735351645610745,0.14532091418189563,1.723885682786534,0.015479989748516393,1
2026-01-22,686.2033478813381,687.476610793547,683.2888434897402,685.3379516601562,77112200,0.005223257672714476,-0.0019989215245096448,0.006059882216045809,686.2261962890625,677.0618725585938,-0.0012943904410960272,0.012223519647159398,0.0085462015198843,0.006692915002238569,-0.3968281779818451,1.0345293672988976,0.006110514226831323,1
2026-01-23,684.5123006998919,687.3074439470811,683.5274830754288,685.5865478515625,63059600,0.00036273518897367296,-0.004348278531633443,0.0018459763432829845,686.19833984375,677.2567895507813,-0.0008915672869841407,0.012299261416494955,0.00854717532220465,0.006618106783379594,-0.18223575517233326,0.8470126998311538,0.005513470011186244,1
2026-01-26,686.8399050563427,690.4606777697717,686.272910918868,689.0680541992188,60473800,0.005078142735685631,0.0015469844404663036,0.0034038451949904847,686.0650451660156,677.4903930664062,0.0043771491556992,0.017089041042206654,0.00842799403625307,0.006669356745450774,-0.041005651796078624,0.8009687311363817,0.006077435785018935,1
2026-01-27,690.5104039402848,692.8480177488461,689.9036431059924,691.8134765625,55506100,0.0039842543077575066,0.026432278955691002,0.007503831914165149,686.0978698730469,677.7713659667969,0.008330599671604766,0.02071806408592214,0.00851718920522178,0.006722285837082038,-0.08214631790957405,0.7284698636592086,0.0042560238309953535,0
2026-01-28,693.3652237572153,694.1510864943795,690.271678492269,691.7438354492188,61172200,-0.0001006645803248718,0.014619123398690315,0.011005284491925282,686.2619934082031,678.2758825683594,0.007987972660107534,0.01985615768890625,0.008486781052466148,0.006659245564520083,0.1020806722144052,0.8035640864302782,0.005608156955372368,0
2026-01-29,692.7087686795362,693.375209936545,681.2098793986574,690.3711547851562,97486200,-0.001984377154833794,0.007344118493376239,0.010232688496223608,686.6280456542969,678.7551281738281,0.00545143641386292,0.017113722061416592,0.008337100043640694,0.006672216221708871,0.5936356711055022,1.2396141393237425,0.017621435156388383,0
2026-01-30,688.1330315570439,690.5402826440542,683.487735152998,688.3120727539062,101835100,-0.002982572514766746,0.003975464382848237,0.014737728839574471,686.6011840820313,679.31736328125,0.0024918230721702184,0.013240806078045564,0.00836804439790815,0.0064652058717567075,0.044610416653844354,1.272511027230972,0.01024614817932696,1
2026-02-02,685.9348095869553,693.2459322689688,685.7756213682558,691.7339477539062,79286500,0.004971400525214165,0.0038688392800121374,0.017916562480240428,686.9742065429688,680.0589172363282,0.00692855883904242,0.017167675067071952,0.008504508903653786,0.006530586945958664,-0.22142267253628656,0.9970341044351616,0.010799398995769205,0
2026-02-03,692.529690413304,693.2757257351432,680.4140840721383,685.885009765625,107904600,-0.008455473390127866,-0.008569458383974382,0.0026319496868363323,688.162890625,680.6329113769531,-0.0033100896465170226,0.0077164919604706395,0.005579896990665331,0.006702343152667071,0.3609454320722947,1.3268934401812074,0.018751892051701004,0
2026-02-04,686.7006659106327,687.7948875474046,678.1561081391175,682.5626831054688,105204600,-0.004843853725993386,-0.01327247439478485,-0.008123587877919225,688.2414733886719,681.3407983398438,-0.008251159662382324,0.0017933532948595232,0.0047309295268977685,0.006645446029671501,-0.025022102857524153,1.2657294141631454,0.014121456749486267,0
2026-02-05,677.3404209861714,680.0758839506523,672.2176206040476,674.0379638671875,113610800,-0.012489284060324235,-0.02365856511350284,-0.017343908427879362,687.111474609375,681.7492590332031,-0.019026768181421905,-0.0113110429734109,0.005804211671258978,0.007156927115058154,0.07990335023373496,1.336300673885533,0.011658487752706222,1
2026-02-06,677.8576866055596,688.6503070282812,677.2508650473027,686.96923828125,89127600,0.01918478647681998,-0.0019509093706342462,0.0016098296250297572,687.2497436523438,682.2239416503907,-0.00040815638519275943,0.006955628996806906,0.008804407910670381,0.008446249054051497,-0.21550063902375483,1.033072301592444,0.016593817227535737,1
2026-02-09,685.7755944360715,692.1915108078678,684.7013472083629,690.2816772460938,73885200,0.004821815563577747,-0.002099463981098615,-0.00017283249922861454,687.3711059570312,682.6401049804688,0.0042343521044723165,0.011194144923324822,0.00878910497643653,0.008382957883017229,-0.17101773188103353,0.8595070664411647,0.010850879932648886,0
2026-02-10,691.276360737094,692.8579216647231,688.0037135108784,688.4613037109375,65185700,-0.0026371459581814305,0.003756160156048294,-0.0043730880317873755,687.035888671875,682.9274267578126,0.0020747315570632807,0.008103169877649918,0.008722386487180427,0.008394914721267988,-0.11774347230568505,0.7577725342054744,0.007050807543836735,0
2026-02-11,692.7087599208829,693.4547952732178,685.5368515439336,688.3021850585938,76353900,-0.00023112214366449724,0.00840875438283839,-0.0026089092242338463,686.6917236328125,683.1379760742187,0.0023452465937137124,0.00755954018842897,0.008721900937378313,0.008384110072145968,0.17132898779947126,0.8886111013804017,0.011503586507734424,0
2026-02-12,690.5701102294341,691.6742279947084,676.7734344520502,677.668701171875,118829000,-0.01544885969788623,0.005386547196624791,-0.013167017848173868,685.4214782714844,683.197744140625,-0.011310963174309241,-0.008092888210140092,0.009937211537480077,0.009010186734962245,0.5562924749095985,1.3637719198226657,0.021988315997021352,1
2026-02-13,678.0864377658819,682.6522007204912,673.9384983110481,678.1461181640625,96267500,0.0007044991031190939,-0.012843544696793607,-0.015153736500490234,684.4048828125,683.2420654296875,-0.00914482758030255,-0.007458479978717625,0.009957294868813539,0.008981981134222687,-0.18986526857921893,1.0932918945978825,0.012849299252841952,1
2026-02-17,676.5446598627462,681.31927396984,672.2077222570326,679.2402954101562,81354700,0.0016134830190519533,-0.015995472862596505,-0.012737471382162857,683.155517578125,683.2614587402344,-0.005731084748972992,-0.005885248287664568,0.009771864515612114,0.008997069816609773,-0.1549100163606617,0.9228476446142643,0.013414327410162512,1
2026-02-18,680.4041503420104,685.507036973797,679.2204384959671,682.662109375,73570300,0.005037707550576753,-0.008423413639486732,0.01285454594519897,682.8332275390625,683.3393713378906,-0.0002506002302775645,-0.0009911063101261108,0.009678531607947632,0.007770795614205293,-0.09568469922450695,0.8529543234214076,0.009208945965355379,0
2026-02-19,680.225062656192,682.5526587813481,677.9471293624403,680.8616333007812,58649400,-0.002637433731113581,-0.01081000746376981,-0.0013424072123121578,682.6631225585937,683.35548828125,-0.0026389139800910844,-0.0036494255526376973,0.00959145620898752,0.007362620563665474,-0.20281146060298794,0.708379557635691,0.006764266326155706,1
2026-02-20,678.7131823752115,686.4122580979458,678.126274472082,685.7855834960938,100034000,0.007231939581382241,0.011977655615764027,0.0006531548922004138,683.8378845214844,683.5109448242188,0.0028481881725115343,0.0033278745411458033,0.00877876551285454,0.007451381713640208,0.7056269970366278,1.1917344612522491,0.01208246983499191,0
2026-02-23,684.1940214696967,686.3525334522094,676.7734345413753,678.7827758789062,90558100,-0.010211366038766267,0.0009388208496530215,-0.009924016149350345,683.01923828125,683.5380493164063,-0.006202552087704483,-0.00695685257354095,0.0070483314483425,0.007795870222015055,-0.0947267928904173,1.0614587053014797,0.014112171450477386,1
2026-02-24,678.295350173768,684.7112054782021,676.4053697086953,683.7164916992188,73798700,0.00726847527019836,0.006590004037318797,-0.0077663773082894405,682.3627197265625,683.5739709472656,0.001983947735595404,0.00020849353253704628,0.007316995599528708,0.00789269217195166,-0.18506792876617328,0.858313946300468,0.012148069953475369,1
2026-02-25,686.53156929616,690.0130676270821,686.4519751919497,689.4859008789062,56369500,0.008438306300538434,0.009995855065331849,-0.003364455539604516,682.4651794433594,683.693544921875,0.01028729618304225,0.008472152472484229,0.007848933626863461,0.008082289321362669,-0.23617218189480305,0.6552750633600924,0.005164851711388155,0
2026-02-26,689.615191050754,689.6350440416309,680.7323436648176,685.6561889648438,71671000,-0.005554445579207146,0.007041894313854602,-0.008800434745358743,682.2005798339844,683.883505859375,0.005065385801489963,0.0025920834327495257,0.008057407260068124,0.00817248113785804,0.27144998625143035,0.8280962302100818,0.012984204795487926,0
2026-02-27,679.4790749097389,683.2291046432514,678.0367277603054,682.3637084960938,83308900,-0.004801940858611298,-0.004989715564674757,-0.011598755587571508,682.6700805664062,684.0280493164063,-0.0004487849680745448,-0.0024331470353822215,0.0063676934956121214,0.008225160586786788,0.16237948403119806,0.9705108634637677,0.0076093977717393135,1
2026-03-02,675.1123137702438,684.9798583327654,674.4359156260907,682.751708984375,87477200,0.0005686124327104469,0.005847132906885655,-0.008078259832468793,683.1306396484375,684.21724609375,-0.0005546972161247776,-0.0021419178159303165,0.006367848973170412,0.00820822082563835,0.05003427004797811,1.0276641766041261,0.015443304744501155,0
2026-03-03,671.4915420947397,679.0016196644848,666.1200629162043,676.7337036132812,105003100,-0.008814339520359149,-0.010212987650163874,-0.021684990579588503,682.87998046875,684.4342553710937,-0.009000522831625113,-0.011250973628778027,0.007021098720405289,0.008313908798921734,0.20034820501799322,1.2151984667194162,0.01903489759635438,1
2026-03-04,678.026741603972,683.4579005621853,676.0273572426378,681.5082397460938,79182200,0.00705526576749449,-0.01157044853657363,-0.006381200867805581,682.7645935058594,684.6461901855469,-0.0018400979952907237,-0.004583316878755572,0.007219230981913355,0.008311444779094805,-0.24590607324926594,0.9318614928411183,0.010903086545682644,0
2026-03-05,678.474445192334,681.9062201445739,672.0386149612469,677.70849609375,106606500,-0.005575491873376914,-0.011591367508973605,-0.007111708758576696,682.4492797851562,684.6605139160156,-0.006946719458622241,-0.010153963432917301,0.00738968042634173,0.008334134878153248,0.3463442541379249,1.2535722720605713,0.014560250078319755,0
2026-03-06,669.8502072585248,672.5359467168151,666.2195382406165,668.82568359375,100687000,-0.01310712873041986,-0.019839895841150645,-0.007732917955441065,680.7532897949219,684.4128295898438,-0.017521187748890776,-0.02277447955707501,0.007829548849148132,0.008382606209223716,-0.05552663299142169,1.193030828780638,0.00944402798986296,1
2026-03-09,662.8673651303956,676.3258117079225,658.888509802078,674.6845703125,102667700,0.00875996072290297,-0.011815625747572667,-0.017882413482567916,680.3434692382813,684.2200549316407,-0.008317708895063003,-0.01393628343748754,0.008041820329343655,0.007366156284319861,0.019671854360542973,1.2068191334075755,0.02584511736761357,0
2026-03-10,674.1374043547928,679.7476047325034,671.1930903760745,673.6002807617188,81505300,-0.0016071058958396778,-0.004630215452300135,-0.0241660716693598,679.3318481445312,683.9574499511718,-0.008437065623328577,-0.015143002229440539,0.007554857317554072,0.007243684292346917,-0.20612519809053875,0.9537916809848014,0.01269968941633364,0
2026-03-11,673.9982140650914,676.4849986405864,669.7806371390539,672.7548217773438,68441700,-0.0012551345486657706,-0.012844185085731596,-0.022813892151865023,677.658740234375,683.6793286132812,-0.00723656047782284,-0.015978992458490437,0.0067187778212333266,0.007235814672420328,-0.160279147491022,0.7993958194062064,0.009965534671041557,0
2026-03-12,667.6120785283837,668.0995392824933,662.3500644519811,662.5390625,108882200,-0.015184966271003186,-0.022383419539795057,-0.03742995898872614,675.3470275878906,683.2458325195313,-0.01896501289660857,-0.030306471015232095,0.007816428142079238,0.007881981962818165,0.5908751535978796,1.2480307920846554,0.00867794090331423,0
2026-03-13,665.7321452917186,668.7859240392634,657.863924887251,658.7890014648438,97200200,-0.00566013575260893,-0.015006424506572302,-0.02785977819896812,672.9895568847656,682.7540454101562,-0.021100706949533587,-0.03510055210425844,0.007838257614299115,0.007275385048781037,-0.10729026415704312,1.128112981907519,0.016578903302463917,1
2026-03-16,664.8468199428278,668.5173163233716,663.5934708305671,665.493408203125,82023100,0.01017686501045656,-0.013622902484812793,-0.018657793095081088,671.2637268066406,682.4976086425781,-0.008596202018789856,-0.024914666694983545,0.008906119702499346,0.007713785832587679,-0.1561426828339859,0.959901012925289,0.00739878927741629,1
2026-03-17,668.8355969918504,670.8747480492216,666.1598145596139,667.2440185546875,87128000,0.002630544991105488,-0.009436252312489346,-0.017661315055263138,670.3147583007812,682.2513171386719,-0.0045810415302177665,-0.021996730833623412,0.008741405492528108,0.007734642184923233,0.06223734533320502,1.0162097515337531,0.007066280638709466,0
2026-03-18,664.8268919718373,666.1796881508768,657.6948111200146,657.9335327148438,82062600,-0.013953644515257158,-0.022030743716327184,-0.03622374278659779,667.9572875976562,681.7282971191406,-0.015006580613654785,-0.03490358916425973,0.009010193074477112,0.008127978642521844,-0.05813745294279682,0.9524131173979682,0.012896252598421146,0
2026-03-19,653.4971375917409,659.4753776238247,651.7066647804095,656.3121948242188,111272500,-0.002464288275344284,-0.009398491392016983,-0.03605642802568876,665.8176574707031,681.0914819335937,-0.014276375130382601,-0.03638173104004694,0.00898338003757755,0.008127144967910942,0.3559465578716736,1.2531537190445636,0.01183691679764673,0
2026-03-20,654.8230422006715,655.0025723674255,643.063298812559,646.9034423828125,163617500,-0.014335787930812693,-0.018041526278676834,-0.05669722730982829,663.6254333496094,680.3108557128907,-0.025197935652335746,-0.04910610061494736,0.009141456101519119,0.008294390874128402,0.47042171246264797,1.7789702755641184,0.018456036515881347,1
2026-03-23,656.3790129905765,660.9173090129275,652.2596206790361,653.6959228515625,134802700,0.010499991225476402,-0.0177274263067706,-0.036958588106276835,661.5265686035157,679.6674719238281,-0.011837235454478678,-0.038212140708679176,0.009408939695863702,0.008617687334681282,-0.17611074609989763,1.4312486715029444,0.013244213450383362,0
2026-03-24,649.6463809650626,655.3417305137531,648.2100787416998,651.5015869140625,96457500,-0.0033568144771775055,-0.023593215080031094,-0.04711734348412977,659.31669921875,678.8894836425782,-0.011853351073843554,-0.04034220206441563,0.009394032478891456,0.008349579455570844,-0.2844542431271777,1.0119513226838242,0.010946484115001816,1
2026-03-25,656.9774239230809,659.1917509309695,652.5588148295345,655.1322021484375,90653800,0.0055726882440485515,-0.0042577713813233276,-0.049825092415489824,657.5544372558594,678.1624230957032,-0.0036837027783288567,-0.03395974203662944,0.009797844818137296,0.008177020716896846,-0.06016846797812503,0.9342618947345857,0.01012457650483824,0
2026-03-26,650.3844333840033,653.1672421520028,643.1630473705688,643.432373046875,96494400,-0.017858729983344035,-0.019624535211925087,-0.0615816156807617,655.6437683105469,677.2290185546875,-0.01862504587687608,-0.04990430796946632,0.010207143641037624,0.008852295920084848,0.064427525376763,0.9818943938258967,0.01554816823104601,0
2026-03-27,640.8489947137006,641.0085567819559,631.4831091918358,632.4606323242188,103649400,-0.01705189415742525,-0.022326067713281827,-0.07313266451678635,653.0109313964844,676.1440185546875,-0.03147006900530458,-0.06460662969975761,0.01114512215845703,0.00938162738579407,0.07414938068944932,1.0438980557399467,0.01506093360327466,0
2026-03-30,638.4651675144013,638.7245091624994,627.6630399662237,630.3460693359375,99275900,-0.0033433906874337227,-0.035719747820619596,-0.07675651186050247,649.4961975097656,674.979326171875,-0.02948458858920444,-0.06612536874140074,0.00999283173110333,0.009327515868238004,-0.04219513089318416,0.9939451244142197,0.01754824807256893,1
2026-03-31,637.2981538716512,649.865752001465,636.3405988140365,648.6688842773438,152534100,0.029067865784757174,-0.004347959688227765,-0.04147099396127474,647.6386840820312,674.1926293945312,0.0015907020698937568,-0.037858238141982414,0.014721754012919286,0.011803955648791872,0.5364665543198299,1.4916707833281007,0.020850627362057488,1
2026-04-01,652.219751792706,656.8278752918841,651.3220400966815,653.5562744140625,97841500,0.00753449141030349,-0.002405511023892415,-0.041014860425524935,647.2009582519531,673.7837915039063,0.009819695229244862,-0.03002078314275758,0.014466280182811155,0.011823880213647662,-0.35855982367221495,0.9481667732336546,0.008424424048470512,1
2026-04-02,644.7589215344626,656.5086804928782,643.4522901873171,654.144775390625,68358700,0.0009004595313388819,0.016648839555621242,-0.03476969941935826,646.9842163085938,673.2311499023438,0.01106759469788332,-0.028350403148290626,0.014456545112301654,0.011810214103016275,-0.3013322567622123,0.6749623979749163,0.019959481137435377,1
2026-04-06,654.1746977251443,658.0247645183308,653.8356054757206,657.23681640625,39105800,0.004726845083763864,0.03917427080161762,-0.017327186248635718,648.0175537109375,672.6691271972657,0.014226871853266099,-0.022941904373277366,0.013623733712429522,0.011574667630270603,-0.4279323626692725,0.39823121948725815,0.006373895889637428,1
2026-04-07,654.9626585699763,657.9150134208243,649.386996170508,657.5260009765625,69980400,0.0004400005646272298,0.043119062627389404,-0.025431987169930448,648.4005615234375,672.1079162597656,0.014073768584784041,-0.021695794574702276,0.013265920485180771,0.011360136063945439,0.7895145988574586,0.7247021196690933,0.012969855545864878,1
2026-04-08,674.6519776493207,675.3402070755335,669.734652974974,674.27294921875,93606100,0.02546963651219092,0.03947170206866124,0.0009986166518081152,650.6776977539063,671.8120141601562,0.03626257907147101,0.003663130469124365,0.015275132023475538,0.01283059911783998,0.33760452926819506,0.9633289408327652,0.008313479143801367,1
2026-04-09,673.1059235004034,679.4096297331154,672.0386657215836,678.162841796875,57134400,0.005769017699185586,0.037650265701868246,0.008038619485838616,652.98076171875,671.5390014648438,0.03856481163678027,0.009863671830798282,0.015278152493594096,0.012886766113263223,-0.3896295220076469,0.5914286814505895,0.010869017818790419,0
2026-04-10,679.5692561407437,680.2774536083281,676.7066358948267,677.7140502929688,42253500,-0.0006617754265585418,0.03603067056259723,0.022904291462767512,656.4089294433594,671.2584057617188,0.03245708565798511,0.00961722710038071,0.0134581598405119,0.012355913268979175,-0.2604542972359909,0.4530108277773522,0.005268914982591446,1
2026-04-13,675.669302461078,684.536473353906,674.8414790590384,684.3369750976562,54185800,0.009772447246481741,0.04123347629791807,0.038780206676197526,661.5965637207031,671.1377221679687,0.034372021597369073,0.01966698114814669,0.010951091623346445,0.012386459271934575,0.2823979078656207,0.5946518775374324,0.014166988848562618,1
2026-04-14,685.9229138241225,692.7952238870419,685.8929616905456,692.675537109375,63480500,0.012184877209840739,0.05345725656568434,0.04084507610622845,667.8295104980468,671.2249914550781,0.0372041459994763,0.03195731077860575,0.010247347219740608,0.01246431866678627,0.1715338704974365,0.7038158704461251,0.009964639758032048,1
2026-04-15,693.4734516118131,698.480571570673,692.4161778504387,698.1414184570312,58240400,0.007890969227043909,0.035398823675095725,0.046305997570829316,672.7767639160156,671.3531408691406,0.03770144259052022,0.03990191742189553,0.007606854273656527,0.012531930677277175,-0.08254660880112785,0.6562270863644238,0.008686483225185636,1
2026-04-16,699.2585607342904,700.9741726960574,696.7350934539525,699.8569946289062,49972400,0.002457347646937613,0.03198959231465692,0.06371990456402621,677.4068359375,671.6325805664062,0.033141322910236415,0.042023592778506424,0.0077648743145538645,0.011931816080299714,-0.14196331069154744,0.5734339776190184,0.006057064907028149,1
2026-04-17,704.3255249385737,710.5594650064761,703.9464965121796,708.3152465820312,70661900,0.012085686101644066,0.04515355152491507,0.0792352361694888,682.8238830566406,672.1476318359375,0.03733226701339043,0.05380903395776859,0.007609479660581101,0.012014084550126768,0.41401853823310475,0.8301900004270676,0.00933619391394911,0
2026-04-20,706.9587079747221,708.0857482546458,704.3254772575062,706.8988037109375,43546800,-0.0019997351150194964,0.03296888730886072,0.09274237451440559,687.7900817871093,672.8048486328125,0.027782782028751063,0.05067435995356795,0.008206202159419685,0.011326195866155063,-0.38373012896624625,0.5504463303830781,0.0053193908058686585,0
2026-04-21,708.4548936431559,709.4523240430285,700.8345107773317,702.2708129882812,58941400,-0.006546892848539487,0.013852482677457534,0.07430808184457471,692.2645629882812,673.1108801269531,0.014454372699371332,0.043321143250319105,0.009107028762197012,0.011491521172253195,0.35351851341545193,0.782559611496396,0.012271353310308493,1
2026-04-22,707.3278031045794,709.6218808832724,706.4001392457644,709.3825073242188,42518500,0.01012671209511895,0.01610144960605764,0.08884233219495008,695.7755187988281,673.4928967285156,0.019556578462089913,0.0532887737495622,0.006502729236141896,0.011454111183916496,-0.2786309792437913,0.5854785860744128,0.004541614156317944,0
2026-04-23,707.6768673789517,710.5295037064266,700.4754491270062,706.6295776367188,56174000,-0.0038807408683984024,0.009677095549218029,0.07860608182501339,698.6221923828125,673.8562622070312,0.011461681780527533,0.04863546911673344,0.007083749192460994,0.011594191632617957,0.3211660806472476,0.792323654071329,0.014228182484301856,1
2026-04-24,708.9236633096505,712.6340752101273,707.1881441382454,712.10546875,45182000,0.007749309237231605,0.005351038518877527,0.10672931387945894,702.0613342285156,674.3323278808593,0.014306633953174108,0.05601561619898243,0.006947920127522675,0.010425208145829146,-0.1956777156691708,0.6612112083363364,0.007647646747386234,1
2026-04-27,711.3374146094498,713.7911152864904,710.4696550399041,713.332275390625,33135900,0.001722787837563633,0.009100979724274927,0.1278682639411286,704.9608642578125,675.0455993652344,0.011875001233757843,0.05671717001250398,0.0067961499775360925,0.009080897450863311,-0.26661281041122575,0.5113051931519215,0.004656259587816136,0
2026-04-28,709.9908768700561,711.0481506026886,707.4274735730012,709.8612060546875,43117400,-0.004865992267119479,0.010808356158371168,0.12614520909524884,706.6794311523438,675.6799011230469,0.004502430327079754,0.05058801493847587,0.0067026908685679275,0.009169943451942048,0.3012291804357208,0.6954579197989631,0.0051005421888183165,0
2026-04-29,709.1729992133655,710.3699278433978,706.5497524472755,709.7515258789062,41859200,-0.00015450932498595193,0.0005201968625916376,0.09416613480637692,707.8404418945313,676.2901257324219,0.0026998796215429444,0.04947787772333023,0.006458639637890329,0.007471200657275221,-0.029180794760351958,0.7413322593904914,0.005382412375079658,1
2026-04-30,712.7936806635566,717.9403946619685,708.6244289610544,716.8132934570312,67240900,0.009949633527564838,0.014411675002865554,0.09678894001848737,709.5360717773438,676.9731494140625,0.010256309677756814,0.058850405038148645,0.006974192473924109,0.007541403437119505,0.6063589366256403,1.2240128297545454,0.012996362910605795,1
2026-05-01,719.3966516418469,723.0073446973263,718.6186267345964,718.7982177734375,43049800,0.0027690952923506984,0.009398536196029594,0.09883659522344179,710.5843688964844,677.7318811035157,0.011559287308428923,0.06059378024692541,0.006107783142366418,0.007503898214851273,-0.35976764142062345,0.8021300051025394,0.006105632782903148,0
2026-05-04,718.2196821209096,720.2644021704073,713.152718877996,716.1649780273438,51950600,-0.0036633921467564834,0.003971084352194065,0.08966046963606056,711.510986328125,678.3394689941406,0.0065409976636292555,0.055761916801467803,0.006234647505382986,0.007736210370031775,0.206755896659218,0.9565287117787648,0.009930230478457914,1
2026-05-05,719.9153564929043,723.1769124909786,719.6360467603954,721.9102172851562,36933200,0.008022228723942426,0.016973756457879352,0.09791889022330658,713.4749267578125,679.2020178222656,0.011822826859067881,0.06287996552163744,0.005884309536059689,0.007721279667302546,-0.2890707710786786,0.7013622586807423,0.004904856096785944,1
2026-05-06,726.288861980811,732.7023927493656,725.9497697512824,731.9443359375,53288900,0.013899399692774095,0.03126842176367539,0.08553121815960618,715.7311096191406,680.1665747070313,0.022652677940723898,0.07612511869283045,0.006496907007289297,0.006405303179947975,0.44284546153596227,1.0522383233739852,0.00922559635554009,0
2026-05-07,733.161188473549,734.238430329629,727.8748196364371,729.7001342773438,51724600,-0.0030660824190705815,0.01797796014379438,0.07599545316271583,718.0381652832032,680.970859375,0.01624143333598571,0.07155853181010974,0.0064033186816618674,0.006588458532323256,-0.029355081452234866,1.026834178745172,0.008720857231983419,1
2026-05-08,733.0415191543954,736.1834492768152,732.6824588199246,735.724609375,47227100,0.00825609701116825,0.02354818248436108,0.08559739768852936,720.4000793457031,681.9722277832032,0.021272249224646433,0.0788190184320594,0.006444876435472508,0.0065802355340756225,-0.08695088990538347,0.9329442896520485,0.004758561032591634,1
2026-05-11,734.5576163199453,738.8864300819614,734.5576163199453,737.4002685546875,44024000,0.002277563042387465,0.029651394830609856,0.07753971418753025,722.8068786621094,683.072958984375,0.02018988795401344,0.07953368502698299,0.006432291777474743,0.006454529294233119,-0.0678233471883728,0.8784862753979843,0.005870371827366766,0
2026-05-12,734.9964788307154,736.9414802248905,729.9494836014034,736.2831420898438,54185300,-0.0015149526145865622,0.019909573878506448,0.06295531261642195,725.449072265625,684.1435876464843,0.014934294133678083,0.07621142021183624,0.0060319758524807554,0.006236733276324958,0.23081273850626927,1.0913736639508194,0.009496342132241754,1
2026-05-13,736.5723674930287,741.9983910774667,733.5800764180441,740.4025268554688,44200200,0.00559483781461112,0.01155578437141025,0.06053373611873525,728.5141723632812,685.4169641113281,0.01631863173453718,0.0802220628073187,0.0058986711389340295,0.006164139697445026,-0.18427691643305477,0.903027078125075,0.011369916165974905,1
2026-05-14,741.7391534739264,747.6040491923611,741.649357949993,746.2474975585938,45307600,0.0078943149045545,0.02267693605077592,0.06628568877029761,731.4575927734375,686.7117492675782,0.02021977067607983,0.08669685403593896,0.005710922357806323,0.006259908000318253,0.025054185275179774,0.930083704782651,0.007979512510057745,0
2026-05-15,739.8838927249178,741.5496453663399,736.0637780312098,737.2706298828125,60410800,-0.012029343756796207,0.0021013576114108368,0.04087923200934207,733.304833984375,687.9029919433593,0.005408113672031201,0.07176540663093678,0.007662647350172005,0.006766884134468522,0.3333480475681785,1.2533124374622804,0.007440778342142817,0
2026-05-18,737.9289136337939,739.5147938000424,731.5054597381557,736.751953125,47843900,-0.0007035093177317764,-0.0008791906612106715,0.04223114999961153,735.3635314941406,689.2615173339843,0.0018880751783247884,0.06890046027044328,0.007449440226569751,0.0067324068132784565,-0.2080240619227025,0.9881884547316354,0.010871140589331928,0
2026-05-19,732.8919551385734,735.7545755811656,729.650306265128,731.8446044921875,54255900,-0.0066607880874933745,-0.006028302624256798,0.042111662562288155,736.3569702148437,690.4047180175781,-0.00612795954296419,0.06002260035765605,0.007760117851513623,0.0067401423942519125,0.1340191748582369,1.1260735191045357,0.008340936420885616,1
2026-05-20,733.8195334397973,739.9636778498481,732.0042028263388,739.3452758789062,45768000,0.010248994582563453,-0.0014279408000573701,0.04223781703852092,737.0970642089844,691.7196179199219,0.0030500890304514527,0.0688511019858018,0.007169950608433028,0.006747871086028415,-0.15644197220947398,0.9467158930799325,0.010765572301855002,1
2026-05-21,736.7419902854853,742.9559620700644,735.1361419849363,740.8114624023438,43332200,0.0019830877010671433,-0.007284493648601065,0.048373130487892047,738.2081970214844,693.0807507324218,0.0035264650153750132,0.06886746114284925,0.007025807155613738,0.006600468965440347,-0.053220590805803214,0.9083961584319274,0.010555749312746233,1
2026-05-22,744.3224328967863,747.015507083493,742.566945697205,743.7239990234375,41762000,0.003931549076803931,0.008753053328125482,0.04440147093511215,739.0081359863282,694.7044494628906,0.006381341161846965,0.07056173254460418,0.006691243262591486,0.006491485144768753,-0.03623633233484569,0.8786288912207065,0.005981468114689451,1
2026-05-26,748.0827892360243,750.1973368284331,746.4469887578754,748.6613159179688,41123600,0.006638641352187502,0.016164684385910455,0.0495267657810623,740.1342407226563,696.5018957519532,0.011520984608125673,0.07488769303305842,0.0069147479016550585,0.006565328814693707,-0.015286624203821653,0.8579882520979439,0.005009405442512069,0
2026-05-27,748.9505199197505,749.4492351039673,746.2973210478585,748.5316162109375,42106300,-0.0001732421647460125,0.022801304561545166,0.0544760156301185,741.3590881347657,698.1626599121093,0.009674836649291807,0.07214501604134638,0.006861735271498108,0.006371459791654536,0.023896254218988666,0.8794185344291491,0.0042107961612413616,1
2026-05-28,748.3221518516883,753.2095851254732,747.3047533704411,752.6609497070312,41562600,0.005516578600909927,0.018010088469552876,0.060456965943100904,742.5849304199219,699.8709985351562,0.013568844282110026,0.07542811644198055,0.0068568075270394446,0.006365098484089658,-0.0129125570282832,0.8683319448760703,0.007845274498870325,1
2026-05-29,753.9576670103595,756.1320579864754,752.7507543048832,754.5361328125,55075700,0.0024914048034492264,0.018526536246684433,0.05262575303750272,743.4137939453125,701.8030505371094,0.014961168272330516,0.07513943154711655,0.0065157732165702816,0.006148755102119614,0.3251264357860191,1.1654601160070395,0.004481301205534714,1
2026-06-01,753.4189990020213,758.3264003155792,752.7507376917755,756.5908203125,43634900,0.0027231134609038143,0.017300532598057305,0.05257748503624504,745.3458129882813,703.808623046875,0.015086966517105171,0.07499509886242128,0.0045931224743533975,0.006148691485703607,-0.2077286353146669,0.9227894083369937,0.00736945581959451,1
2026-06-02,755.0847737682097,758.4461093852723,754.805464031348,757.6182250976562,31581900,0.0013579397972762752,0.01196390008305026,0.057882259454370866,747.4324401855469,706.0229187011719,0.01362769979528955,0.07307879819454177,0.004473095725364462,0.005980411610852442,-0.27622384834157976,0.6825945721866795,0.004805382491234245,0
2026-06-03,756.2018667594974,756.8501599793441,751.6336185743088,752.3018798828125,51402500,-0.00701718232049986,0.0050368796590851694,0.04209895063121327,749.4781677246094,707.9950378417968,0.0037675709310862615,0.06258072397806291,0.004557523778164666,0.006233913185296912,0.6275936533267472,1.0938820069417696,0.006934106566167131,1
2026-06-04,750.1673635570705,756.3614281257201,749.5389775481502,755.1445922851562,49923000,0.0037786857621391334,0.0032998159119213,0.03169674961408164,751.0580993652344,710.0678979492187,0.005440981095038655,0.06348223101780226,0.0037688186975731743,0.00560303811292446,-0.028782646758426123,1.0662157733428117,0.009034628132506784,0
2026-06-05,750.3768677170906,750.8855669656407,733.6400171295905,735.65478515625,93989400,-0.025809371248925683,-0.02502378194384225,0.008160408089829208,750.542431640625,711.678349609375,-0.019835849189541177,0.03368998868665196,0.009607837438153431,0.008268682146931442,0.8826873385012919,1.9206657205980606,0.023442449072613947,1
2026-06-08,741.4498108327123,743.4247643242134,736.2931129658897,737.3204345703125,49319100,0.002264172608771542,-0.025470023194608782,0.002169052353255152,749.9020751953125,713.5561108398438,-0.016777711438821008,0.0333040714941093,0.00953355490040914,0.008076876426700743,-0.47526955167284823,1.0056821466444688,0.009672390759764811,0
2026-06-09,741.7191759970133,744.9807928982774,720.7332622187009,735.1560668945312,87683500,-0.0029354505508077944,-0.02964838682468296,-0.0030433968576589754,748.5515502929687,715.61001953125,-0.01789520493704777,0.02731382572883012,0.009174962740761827,0.00808835828549502,0.777881185990823,1.7117853513100063,0.03298283421913884,0
2026-06-10,731.5054857614351,736.4826536495077,723.4661992814284,723.56591796875,60341300,-0.015765562508027298,-0.03819738150666163,-0.01727219244080147,746.05498046875,717.4744165039062,-0.03014397475889785,0.008490200242297519,0.010145120685158446,0.008812860677020183,-0.3118283371443886,1.1709658727272516,0.0179893138203912,1
2026-06-11,726.8873842592473,738.0984921563339,722.5485255148498,735.8642578125,86330500,0.016996847886747934,-0.025531977146670326,-0.006129461851302698,744.3753112792969,719.2183239746093,-0.011433820195043243,0.023144479614896962,0.011776955201501366,0.009585522328253942,0.4307033491157797,1.6095105432770418,0.021131569411605163,1
2026-06-12,738.8066884479139,742.5270843334097,733.1412911200548,739.843994140625,57079500,0.005408247901529384,0.005694531006802617,-0.008580937877739392,742.9060974121094,720.9440783691406,-0.004121790468743058,0.02621550871773337,0.011940808052224902,0.009489807553111277,-0.33882579158003256,1.052615952434915,0.012686178826466055,1
2026-06-15,749.9179969688896,754.7356026867302,749.8282623277308,752.890380859375,60176400,0.01763396989375332,0.021116933098614288,0.021185912395622175,742.5360534667968,722.9189904785156,0.01394454497426123,0.04145885054288123,0.013421422401694538,0.009884419231631428,0.054255906236039264,1.1099664832044351,0.006518001137692788,0
2026-06-16,752.6111046530555,753.4988323298886,747.9531216783239,748.4019775390625,67093100,-0.005961562844234103,0.018017821304916914,0.015812682090149632,741.6144287109375,724.7422937011719,0.009152395861449225,0.03264565079686932,0.013513638964093815,0.010003987330826766,0.11494040853224852,1.215959818091102,0.007410069478705062,0
2026-06-17,749.3594421826946,750.217278570044,737.3204502885575,739.0560302734375,85945200,-0.012487870885051433,0.02140801815012594,0.009853766410225617,740.28984375,726.3728942871094,-0.0016666627091795894,0.017460915854763392,0.013883635919087423,0.010313763671082152,0.2809841846628043,1.5141450984368199,0.017450406671757866,1
2026-06-18,747.760009765625,748.22998046875,743.8599853515625,746.739990234375,80875700,0.010396992441959574,0.014779536179954311,0.010001706370109886,739.4493835449218,727.8222351074219,0.00985950742767816,0.02599227423185413,0.014323940799008828,0.01032114586907446,-0.05898526037521579,1.382090855089434,0.005852097348925849,0
2026-06-22,747.7000122070312,750.1799926757812,743.1300048828125,744.3900146484375,46628100,-0.003146979693962715,0.0061445663461701105,0.004830584335843158,740.3229064941406,729.1467785644531,0.005493694871008481,0.020905579688626386,0.011477031724701728,0.010347331578032743,-0.423459704212761,0.7945933413841092,0.00947082531231741,0
2026-06-23,733.8099975585938,739.6300048828125,732.2999877929688,733.5800170898438,66846800,-0.014521954010491611,-0.0256483071911342,-0.013639444131039902,739.9488647460937,730.2640979003907,-0.00860714565517362,0.004540712324468288,0.012493209664089892,0.010817773319653933,0.43361620996780914,1.1153038272269125,0.009992116632241935,0
2026-06-24,735.1699829101562,739.9500122070312,730.8400268554688,733.239990234375,57439500,-0.0004635170636431152,-0.020259149173474933,-0.020598534151166747,739.7572570800781,731.242158203125,-0.008810007314328572,0.002732107290092989,0.01246272922795237,0.010682311432632555,-0.1407292495676682,0.94547893682075,0.012424288736148389,1
2026-06-25,738.9099731445312,739.3699951171875,729.5999755859375,734.2999877929688,53934400,0.0014456352254532678,-0.0064352935172034,-0.01901272853377811,740.8306640625,732.0746472167968,-0.008815342812241167,0.003039772767206461,0.011197075034472781,0.010694918021373222,-0.06102246711757586,0.8792244220239406,0.013305215434655019,0
2026-06-26,728.9500122070312,736.530029296875,716.5800170898438,728.989990234375,71034000,-0.007231373616869652,-0.02376998718714518,-0.03144969787773633,740.1432373046875,732.6916186523438,-0.015069038678146018,-0.0050520960302197215,0.010039959551121172,0.010671926402026105,0.3170444095048801,1.1308134895603041,0.027366647655363816,1
2026-06-29,736.530029296875,741.5599975585938,732.0900268554688,741.0,58035200,0.016474862380159383,-0.004554083990552349,-0.01793967475360614,740.258837890625,733.5144787597657,0.0010012202103346635,0.010205008158654216,0.01133771238789895,0.011384379199809341,-0.18299405918292644,0.9217101010566238,0.012779987453609986,1
2026-06-30,741.2899780273438,748.02001953125,740.8900146484375,746.77001953125,55626000,0.007786800986842035,0.017980318621180214,-0.012980332985263576,739.6468017578125,734.28357421875,0.009630566584630351,0.017004936173038,0.010006027341740177,0.011523322208717284,-0.04151273709748571,0.8751144806149305,0.009547792086361511,0
2026-07-01,745.0,749.4400024414062,742.3800048828125,745.760009765625,47100900,-0.001352504438058455,0.017074927306198973,-0.015651966833958753,739.3826049804687,735.0607983398437,0.00862531082310869,0.014555546221408866,0.009845225346709278,0.011515144857226932,-0.15325746952863772,0.7320601480831465,0.00946684920905392,0
2026-07-02,747.4000244140625,751.3099975585938,740.030029296875,744.780029296875,57447800,-0.001314069480687241,0.014272152632611723,-0.009998447148781842,739.9550048828125,735.9109826660156,0.0065206997482591955,0.012051792730051636,0.008898053391997587,0.01142136937019605,0.21967520790473216,0.8887005710023147,0.015145368857926866,1
2026-07-06,748.739990234375,752.4099731445312,747.4099731445312,751.280029296875,50673300,0.008727409093039817,0.03057660511268967,-0.005117646378935969,740.4090087890625,736.7489331054687,0.014682453047933697,0.019723267368920716,0.008711841632434665,0.011570214605700613,-0.11792444619289166,0.7834463783502733,0.006655308014349208,0
2026-07-07,750.219970703125,750.9600219726562,745.2100219726562,747.7100219726562,43721500,-0.004751899671231685,0.009055360286985392,0.01638708407754841,740.7410095214843,737.5705419921875,0.009408163395292268,0.013747132515734561,0.008803666123641508,0.00996290949288098,-0.13718861806908178,0.7032957735014901,0.007690147023614828,0
2026-07-08,743.1599731445312,746.1500244140625,739.510009765625,745.4000244140625,43767400,-0.0030894297130047432,-0.0018345609509704541,0.010958044107998388,741.9230102539062,738.2364331054688,0.004686489180280695,0.009703654530377692,0.007243036305003892,0.009995067629772848,0.0010498267442791143,0.7071918509596333,0.008907988235789265,1
2026-07-09,747.3499755859375,751.969970703125,745.5900268554688,751.7100219726562,41441700,0.00846525000257925,0.00797845436751321,0.022517606564892656,743.7700134277344,739.0039880371094,0.010675354479981802,0.017193457871987672,0.007502897961226557,0.010107742541418137,-0.05313772351110646,0.6955999651878584,0.008487240639567158,1
2026-07-10,752.0499877929688,755.4199829101562,748.0999755859375,754.9500122070312,42191300,0.0043101596888019955,0.013655015588639463,0.04337420193364694,745.8350158691406,739.9057641601562,0.012221196570220805,0.020332654204892275,0.007512165603812796,0.009302973147082113,0.0180880610592713,0.7191361972843943,0.009696015902853409,0
2026-07-13,752.469970703125,753.9099731445312,748.0,749.1699829101562,44013600,-0.007656174850540931,-0.0028086017256355733,0.018081765701204233,747.8530151367188,740.6941333007812,0.0017609981464026259,0.011443116974079182,0.0075761388599683965,0.008857068936028152,0.04319136883670338,0.7782638655702903,0.00788869452774111,1
2026-07-14,750.9099731445312,753.3400268554688,748.6599731445312,751.8300170898438,35143100,0.00355064169730146,0.005510150989173512,0.01620074372995517,748.9360168457031,741.3944677734376,0.0038641488445558814,0.01407556944381616,0.00589167096333827,0.008817326332339214,-0.20153997855208394,0.6337028405018325,0.0062248827588088085,1
2026-07-15,754.239990234375,755.5800170898438,750.2000122070312,754.8099975585938,43844800,0.003963635929681075,0.01262405800419475,0.002549662936359498,749.7400146484375,742.1147033691407,0.006762321352867362,0.017106916399604266,0.0055501997559211595,0.00793246185132701,0.24760763848379908,0.8024279573068678,0.007127628012630908,0
2026-07-16,752.760009765625,754.5700073242188,747.8800048828125,750.719970703125,46409800,-0.005418617756386079,-0.0013170654116505531,0.0030972568668039546,750.2360107421875,742.8058032226562,0.0006450769544621426,0.01065442333128419,0.005887342343019908,0.00791132037716824,0.05850180637156521,0.8657574836998205,0.008911448612643657,0
2026-07-17,742.0800170898438,747.2899780273438,740.7999877929688,743.2899780273438,62651000,-0.009897156017872222,-0.015444776463544141,0.005728858950436733,750.0870056152344,743.2333984375,-0.009061652231017625,7.612627468400746e-05,0.006769684864238941,0.007711600299186529,0.34995194980370514,1.1946882699979091,0.00873143783210844,0
2026-07-20,747.0599975585938,748.72998046875,741.510009765625,742.0900268554688,50422300,-0.0016143782471810253,-0.009450400064328957,-0.006227018024636433,749.1680053710937,743.4363122558593,-0.00944778536306945,-0.0018108954031387237,0.006004496869820782,0.007343963901194588,-0.19518762669390755,0.9902525843932353,0.009729238288943046,1
2026-07-21,746.2899780273438,749.0399780273438,744.1799926757812,748.280029296875,34324300,0.008341309298597777,-0.0047217957680246725,0.005225774892043233,749.2250061035156,743.80791015625,-0.0012612723800492498,0.006012465153382829,0.006550017089955395,0.007554727429257985,-0.3192635004749883,0.6823450525794114,0.0064948751286723625,0
2026-07-22,746.6199951171875,750.02001953125,746.3699951171875,747.4099731445312,32836200,-0.0011627413779321527,-0.009803824059031574,0.018852689185225868,749.4260009765625,744.0416174316406,-0.002690095925954261,0.004527106594544916,0.006473815667829543,0.006720972217312865,-0.04335412521158477,0.675601592127055,0.004883563967852851,0
2026-07-23,739.3699951171875,742.5599975585938,735.2100219726562,738.1799926757812,55437300,-0.012349287272575782,-0.016703935577468076,0.0067372245202108605,748.072998046875,744.0572119140625,-0.01322465240280446,-0.007898880817460596,0.006885651321810237,0.0073491948296378114,0.6882982805562154,1.1429712452653502,0.009956888101633648,1
2026-07-24,738.510009765625,743.719970703125,737.2899780273438,738.9299926757812,44782000,0.0010160123647910968,-0.005865793271064512,0.00630533155356372,746.47099609375,744.1101489257812,-0.010102205520951979,-0.006961544950674581,0.006635467662692117,0.007346486284564908,-0.19220452655522546,0.9320811090811929,0.008701761654709993,1
2026-07-27,744.9099731445312,745.530029296875,735.8699951171875,739.0900268554688,41461200,0.0002165755636849287,-0.004042636191611715,0.013854835808988941,745.4630004882813,744.0838989257812,-0.008549014006916766,-0.006711436811792315,0.006367620717625224,0.007128015324387929,-0.07415479433701044,0.890364722219508,0.013070172548244314,1
2026-07-28,739.1900024414062,742.7899780273438,735.97998046875,740.8599853515625,47322200,0.002394780651586048,-0.009916132537019284,-0.0001889536416160853,744.3659973144531,743.9761486816407,-0.004710064639625866,-0.004188525849383895,0.0062789470440409315,0.006112213574176323,0.14136107975649526,1.0280532299129161,0.009192016971144934,0
2026-07-29,739.969970703125,742.6799926757812,729.0999755859375,729.4600219726562,70697200,-0.015387473482586067,-0.024016205050563233,-0.023179823916149256,741.8309997558594,743.8199365234375,-0.016676275037406763,-0.019305632782442572,0.0073203488565587935,0.006725822539285988,0.49395421176530263,1.511126187347098,0.01861653371094927,1
2026-07-30,736.0499877929688,742.4500122070312,734.5900268554688,741.6900024414062,66811300,0.01676579949601198,0.0047549510965501085,-0.005457529595208288,740.9280029296875,743.9186975097656,0.0010284393472856923,-0.002995885270554166,0.009632356058611371,0.007827188521966753,-0.054965401741511655,1.3986047509140942,0.010597399622065745,1
2026-07-31,744.6799926757812,748.9000244140625,737.6799926757812,747.030029296875,62445900,0.007199809675054292,0.010961845778870494,0.003021026224513834,741.3020080566406,744.2224060058594,0.007726973862178799,0.0037725594773256876,0.009425852354563977,0.007995662933744789,-0.06533924650470802,1.30041793116058,0.015019519026352728,1
2026-08-03,749.4400024414062,758.5800170898438,748.7999877929688,757.6699829101562,59927500,0.01424300656734756,0.02513896193909937,0.008505421898758136,742.8600036621094,744.5889001464843,0.01993643374934373,0.017568194692532346,0.010314719214390988,0.008391278016993858,-0.04032930904991361,1.236062519775144,0.012908033203731533,1
2026-08-04,760.6300048828125,773.4099731445312,760.52001953125,771.3300170898438,69154800,0.018029002715958642,0.04112792206454796,0.03158978002578028,745.1650024414063,745.1992712402343,0.035113048201018904,0.035065447401900984,0.01136464647682436,0.009158119666386088,0.15397438571607358,1.3899276333104844,0.01671133409524738,0
2026-08-05,775.8499755859375,776.8499755859375,769.510009765625,769.7899780273438,44689100,-0.0019966020100066206,0.055287411016198496,0.03272062357719063,747.4030029296875,745.7205908203125,0.0299530173278717,0.03227668312142784,0.011402367226785587,0.009131915419697751,-0.35378166085362117,0.8973655395456215,0.009535023876410842,0
2026-08-06,770.2100219726562,771.8200073242188,767.4600219726562,768.5599975585938,38416900,-0.001597813044932006,0.03622806702091186,0.022415526058465085,750.4410034179688,746.118564453125,0.024144461800594597,0.030077569671406623,0.01024056541188489,0.00901313876808796,-0.1403518978900895,0.7737684618187363,0.005672927768049887,1
2026-08-07,771.02001953125,773.9199829101562,769.6099853515625,773.260009765625,43586300,0.006115348472417681,0.035112350829374694,0.024253258179393944,753.8740051269531,746.6131323242188,0.025715178540222094,0.03569034120583181,0.010197451590494384,0.009055416573387024,0.134560570998701,0.8766556098251689,0.00557380118480472,0
2026-08-10,772.5999755859375,775.0499877929688,771.6199951171875,773.030029296875,39249500,-0.00029741673673222557,0.020272739758967262,0.03184864173819979,757.2680053710938,747.0205139160156,0.020814327046680292,0.03481767220087817,0.010223253596387967,0.008821497633471861,-0.09949915455085656,0.7932295129195492,0.004437075593170771,0
2026-08-11,774.530029296875,774.6099853515625,769.2000122070312,770.5599975585938,36740600,-0.0031952597501651026,-0.0009983010050033103,0.02491252017477219,760.2380065917969,747.3409912109375,0.013577315100400167,0.0310688248346096,0.010503005750175477,0.008872040472888346,-0.06392183339915158,0.741328125961577,0.007020833110558498,1
2026-08-12,774.7100219726562,774.9000244140625,771.280029296875,772.489990234375,33179100,0.0025046624297864195,0.0035074660415173042,0.023423103473677598,764.5410034179688,747.658974609375,0.010397070635674632,0.033211686702447896,0.008080170183109522,0.00885469437451277,-0.09693635923202126,0.6767484800536845,0.004686138542829774,1
2026-08-13,774.8699951171875,779.3699951171875,774.1099853515625,777.8800048828125,35634500,0.006977455651952402,0.012126583941168834,0.03617864881661448,768.1600036621094,748.0642102050781,0.012653615359253578,0.03985726662362388,0.007139169080525857,0.008801042121436616,0.07400441844414107,0.7349068211281612,0.006761980938714859,0
2026-08-14,778.5399780273438,778.7999877929688,775.4299926757812,776.3400268554688,31367900,-0.0019797115463531245,0.00398315838262131,0.04446454251386278,771.0910034179688,748.5449731445312,0.006807268421279655,0.03713210923610166,0.007382080160527396,0.008416134208798425,-0.11973228191780438,0.6684787339951013,0.004340875132817146,0
2026-08-17,776.1799926757812,776.780029296875,772.510009765625,772.6699829101562,34356600,-0.004727366641364417,-0.00046575989686481467,0.04120787902819134,772.5910034179688,748.8954809570313,0.00010222678213711589,0.031746088149367635,0.006840836997964784,0.008518768202553782,0.09527893164668333,0.7449228139360318,0.005526317348536762,0
2026-08-18,768.7000122070312,769.5,766.9199829101562,767.4500122070312,43244035,-0.006755757074274671,-0.004036006750176568,0.025618728496829446,772.2030029296875,749.5313854980469,-0.00615510520500917,0.023906439484288944,0.004455310145873128,0.008600947749324558,0.25868202907156124,0.9286410705364909,0.0033618047414243203,0
