date,side,price,position_size,notional,transaction_cost,realized_pnl,entry_date
2015-10-28,BUY,175.11480712890625,0.05707685525069883,9.995002498750626,0.0049975012493753135,0.0,2015-10-28
2015-10-29,SELL,175.01426696777344,0.05707685525069883,9.989263982526767,0.004994631991263383,-0.01573064946449776,2015-10-28
2015-11-03,BUY,176.83287048339844,0.05643339772407893,9.979279710680162,0.0049896398553400815,0.0,2015-11-03
2015-11-04,SELL,176.29649353027344,0.05643339772407893,9.94901013675443,0.004974505068377215,-0.04023371884944993,2015-11-03
2015-11-06,BUY,176.02833557128906,0.056462876084012896,9.939066098636733,0.004969533049318366,0.0,2015-11-06
2015-11-09,SELL,174.3856658935547,0.056462876084012896,9.846316244175853,0.004923158122087926,-0.10264254563228548,2015-11-06
2015-11-11,BUY,174.10072326660156,0.05649875924735129,9.836474848629452,0.004918237424314726,0.0,2015-11-11
2015-11-18,SELL,174.93045043945312,0.05649875924735129,9.883353404409378,0.004941676702204689,0.037018641653407514,2015-11-11
2015-11-19,BUY,174.77963256835938,0.05649099294421723,9.873474990212069,0.004936737495106034,0.0,2015-11-19
2015-12-01,SELL,176.56471252441406,0.05649099294421723,9.974315929414418,0.004987157964707209,0.09091704374253595,2015-11-19
2015-12-08,BUY,173.43869018554688,0.05745169424129445,9.964346598150636,0.004982173299075318,0.0,2015-12-08
2015-12-09,SELL,172.08934020996094,0.05745169424129445,9.886824155928775,0.004943412077964387,-0.08744802759889936,2015-12-08
2015-12-14,BUY,170.0444793701172,0.05808446301403526,9.876942272714453,0.0049384711363572266,0.0,2015-12-14
2015-12-16,SELL,174.34378051757812,0.05808446301403526,10.126664871200347,0.005063332435600173,0.23972079491393572,2015-12-14
2015-12-21,BUY,170.01956176757812,0.05950223116655719,10.116543267131181,0.005058271633565591,0.0,2015-12-21
2015-12-24,SELL,173.40017700195312,0.05950223116655719,10.317697416292148,0.0051588487081460745,0.19093702881925623,2015-12-21
2015-12-28,BUY,173.0039825439453,0.05957888785900184,10.307384875146429,0.005153692437573214,0.0,2015-12-28
2015-12-29,SELL,174.85025024414062,0.05957888785900184,10.417383451414063,0.0052086917257070315,0.09963619210435226,2015-12-28
2015-12-31,BUY,171.87425231933594,0.06054991444975462,10.40697127405133,0.005203485637025665,0.0,2015-12-31
2016-01-04,SELL,169.4715576171875,0.06054991444975462,10.261488315387364,0.005130744157693682,-0.15581718845868409,2015-12-31
2016-01-15,BUY,158.33474731445312,0.06474404468460153,10.251231955252045,0.005125615977626023,0.0,2016-01-15
2016-01-19,SELL,158.5455322265625,0.06474404468460153,10.264879023020494,0.005132439511510247,0.0033890122793138744,2016-01-15
2016-01-25,BUY,158.1914520263672,0.06482410485847756,10.254619273872049,0.005127309636936025,0.0,2016-01-25
2016-01-26,SELL,160.34962463378906,0.06482410485847756,10.39452088127826,0.00519726044063913,0.12957703732863557,2016-01-25
2016-01-27,BUY,158.6045379638672,0.06547184392306463,10.38413155506009,0.005192065777530046,0.0,2016-01-27
2016-02-02,SELL,160.31594848632812,0.06547184392306463,10.496180757674944,0.005248090378837472,0.10160904645848667,2016-01-27
2016-02-03,BUY,161.2770233154297,0.06501663787455166,10.485689822384916,0.005242844911192458,0.0,2016-02-03
2016-02-04,SELL,161.5299530029297,0.06501663787455166,10.502134460284827,0.005251067230142414,0.005950725758575359,2016-02-03
2016-02-08,BUY,156.31980895996094,0.06711649434624649,10.49163757426755,0.005245818787133775,0.0,2016-02-08
2016-02-09,SELL,156.3282470703125,0.06711649434624649,10.492203910653252,0.005246101955326626,-0.009925584356759387,2016-02-08
2016-02-11,BUY,154.16160583496094,0.06799174731900566,10.481716950222813,0.005240858475111407,0.0,2016-02-11
2016-02-12,SELL,157.33998107910156,0.06799174731900566,10.697820236707406,0.005348910118353703,0.20551351789112715,2016-02-11
2016-02-17,BUY,162.60910034179688,0.0657228146533241,10.687127762707696,0.005343563881353848,0.0,2016-02-17
2016-02-23,SELL,162.136962890625,0.0657228146533241,10.656097560513434,0.005328048780256717,-0.04170181485587321,2016-02-17
2016-02-24,BUY,162.87881469726562,0.06535808114839947,10.645446788339008,0.005322723394169504,0.0,2016-02-24
2016-03-11,SELL,170.93844604492188,0.06535808114839947,11.172208827985308,0.005586104413992654,0.515853211838138,2016-02-24
2016-03-14,BUY,170.71929931640625,0.06537656988495791,11.16104220247008,0.00558052110123504,0.0,2016-03-14
2016-03-22,SELL,173.34544372558594,0.06537656988495791,11.332730515964807,0.005666365257982403,0.16044142713550968,2016-03-14
2016-03-24,BUY,172.12513732910156,0.06577425949898255,11.321403448982334,0.005660701724491167,0.0,2016-03-24
2016-04-06,SELL,174.92160034179688,0.06577425949898255,11.505338732858663,0.0057526693664293315,0.17252191278540785,2016-03-24
2016-04-07,BUY,172.82852172851562,0.06650429587065004,11.493839143920273,0.005746919571960136,0.0,2016-04-07
2016-05-02,SELL,176.23509216308594,0.06650429587065004,11.720390712005146,0.005860195356002573,0.21494445315691202,2016-04-07
2016-05-04,BUY,173.72677612304688,0.0673970728050975,11.708676178559864,0.005854338089279932,0.0,2016-05-04
2016-05-10,SELL,176.64181518554688,0.0673970728050975,11.90514127848488,0.00595257063924244,0.18465819119649218,2016-05-04
2016-05-11,BUY,174.98944091796875,0.06796548422814569,11.893242086802237,0.005946621043401119,0.0,2016-05-11
2016-05-16,SELL,175.22666931152344,0.06796548422814569,11.909365429442847,0.005954682714721424,0.004222038882486956,2016-05-11
2016-05-18,BUY,173.6420135498047,0.06851718528539055,11.897462015720265,0.005948731007860132,0.0,2016-05-18
2016-06-01,SELL,178.18414306640625,0.06851718528539055,12.208675945399495,0.006104337972699748,0.2991608606986702,2016-05-18
2016-06-03,BUY,178.19261169433594,0.06844544930775659,12.196473370741424,0.006098236685370712,0.0,2016-06-03
2016-06-06,SELL,179.099365234375,0.06844544930775659,12.258536524200798,0.006129268262100399,0.04983564851190181,2016-06-03
2016-06-07,BUY,179.37896728515625,0.06827045722932505,12.246284113881757,0.006123142056940878,0.0,2016-06-07
2016-06-08,SELL,179.96371459960938,0.06827045722932505,12.286205080403093,0.006143102540201547,0.02765472192419338,2016-06-07
2016-06-14,BUY,176.29441833496094,0.0696217448701901,12.273925015355214,0.0061369625076776076,0.0,2016-06-14
2016-06-20,SELL,177.0493927001953,0.0696217448701901,12.326487647995096,0.006163243823997548,0.040262426308206756,2016-06-14
2016-06-21,BUY,177.5519256591797,0.06935530141277396,12.314167320510842,0.006157083660255421,0.0,2016-06-21
2016-06-22,SELL,177.26231384277344,0.06935530141277396,12.294081205691286,0.0061470406028456435,-0.032390239082657146,2016-06-21
2016-06-27,BUY,170.02191162109375,0.07223653205255735,12.281793268454212,0.0061408966342271065,0.0,2016-06-27
2016-06-29,SELL,176.0357208251953,0.07223653205255735,12.716209989784259,0.0063581049948921295,0.42191771970092873,2016-06-27
2016-06-30,BUY,178.4377899169922,0.07119287983017258,12.703500134722006,0.006351750067361003,0.0,2016-06-30
2016-07-01,SELL,178.81263732910156,0.07119287983017258,12.73018660148696,0.00636509330074348,0.013969623396848263,2016-06-30
2016-07-06,BUY,178.5911407470703,0.07120993081515126,12.717462776797818,0.00635873138839891,0.0,2016-07-06
2016-07-12,SELL,183.0972900390625,0.07120993081515126,13.038345356123324,0.0065191726780616625,0.3080046752590455,2016-07-06
2016-07-13,BUY,183.0717010498047,0.07114869994646732,13.02531352668192,0.00651265676334096,0.0,2016-07-13
2016-07-20,SELL,184.92015075683597,0.07114869994646732,13.156828320253624,0.006578414160126812,0.11842372264823631,2016-07-13
2016-07-21,BUY,184.2216796875,0.07134707537872811,13.143678067059968,0.006571839033529984,0.0,2016-07-21
2016-07-22,SELL,185.04791259765625,0.07134707537872811,13.202627368781272,0.006601313684390636,0.04577614900338389,2016-07-21
2016-07-26,BUY,184.63047790527344,0.07143691274088637,13.189431339427168,0.006594715669713584,0.0,2016-07-26
2016-07-27,SELL,184.43458557128903,0.07143691274088637,13.175437395857715,0.006587718697928857,-0.027176377937095708,2016-07-26
2016-07-28,BUY,184.6475372314453,0.07128320659045768,13.162268542888343,0.006581134271444172,0.0,2016-07-28
2016-07-29,SELL,184.9457244873047,0.07128320659045768,13.183524286650409,0.006591762143325204,0.008082847347296251,2016-07-28
2016-08-02,BUY,183.6083068847656,0.07173067261655817,13.170347350831666,0.006585173675415833,0.0,2016-08-02
2016-08-03,SELL,184.14501953125,0.07173067261655817,13.208846109965805,0.006604423054982903,0.02530916240374026,2016-08-02
2016-08-04,BUY,184.3409423828125,0.07158281657026325,13.195643864978333,0.006597821932489167,0.0,2016-08-04
2016-08-05,SELL,185.8486175537109,0.07158281657026325,13.303567500184295,0.006651783750092148,0.09467402952338055,2016-08-04
2016-08-08,BUY,185.7379150390625,0.07155389129003929,13.290270581143632,0.0066451352905718165,0.0,2016-08-08
2016-08-11,SELL,186.2489776611328,0.07155389129003929,13.326839100445653,0.006663419550222827,0.023259964461225024,2016-08-08
2016-08-12,BUY,186.08714294433597,0.07154453935281907,13.313518921434712,0.006656759460717356,0.0,2016-08-12
2016-08-15,SELL,186.623779296875,0.07154453935281907,13.351912322077094,0.006675956161038547,0.02506068502062675,2016-08-12
2016-08-16,BUY,185.6612091064453,0.07184358621044774,13.338567082374869,0.006669283541187435,0.0,2016-08-16
2016-08-18,SELL,186.4278564453125,0.07184358621044774,13.393645776557785,0.006696822888278892,0.04171258775344988,2016-08-16
2016-08-22,BUY,186.146728515625,0.07188017179219053,13.380258824257377,0.006690129412128688,0.0,2016-08-22
2016-08-29,SELL,186.0019073486328,0.07188017179219053,13.369849053894832,0.006684924526947416,-0.023784824301619878,2016-08-22
2016-08-31,BUY,185.16714477539065,0.07213205076217061,13.356485886424673,0.006678242943212337,0.0,2016-08-31
2016-09-02,SELL,186.0104522705078,0.07213205076217061,13.417315385470582,0.006708657692735291,0.04744259840996001,2016-08-31
2016-09-09,BUY,181.6747131347656,0.07377969418037383,13.403904775390151,0.006701952387695075,0.0,2016-09-09
2016-09-12,SELL,184.28131103515625,0.07377969418037383,13.596218771332177,0.006798109385666089,0.1788139341686641,2016-09-09
2016-09-14,BUY,181.56402587890625,0.07480903379137328,13.58262934727287,0.006791314673636435,0.0,2016-09-14
2016-09-16,SELL,182.6695098876953,0.07480903379137328,13.665329537842196,0.006832664768921098,0.06907621112676665,2016-09-14
2016-09-19,BUY,182.70372009277344,0.0747202685890711,13.651671037554499,0.006825835518777249,0.0,2016-09-19
2016-09-22,SELL,185.9312896728516,0.0747202685890711,13.892835903467853,0.006946417951733927,0.22739261244284315,2016-09-19
2016-09-23,BUY,184.91249084472656,0.07505685498642274,13.878950010510865,0.006939475005255433,0.0,2016-09-23
2016-09-30,SELL,185.1779327392578,0.07505685498642274,13.898873244296018,0.006949436622148009,0.006034322157749017,2016-09-23
2016-10-04,BUY,183.7909698486328,0.07554767967354871,13.884981317015361,0.006942490658507681,0.0,2016-10-04
2016-10-06,SELL,184.73277282714844,0.07554767967354871,13.956132346751854,0.006978066173375927,0.057230472904608476,2016-10-04
2016-10-07,BUY,184.09915161132807,0.075731925253077,13.942183188983986,0.006971091594491993,0.0,2016-10-07
2016-10-10,SELL,185.05804443359372,0.075731925253077,14.014801988525521,0.007007400994262761,0.05864030695278011,2016-10-07
2016-10-14,BUY,182.45541381835935,0.07673542756245266,14.000794190436038,0.007000397095218019,0.0,2016-10-14
2016-10-17,SELL,181.82192993164065,0.07673542756245266,13.952183533534756,0.006976091766767378,-0.06258714576326696,2016-10-14
2016-10-21,BUY,183.19168090820312,0.07608554194986127,13.938238322606688,0.006969119161303344,0.0,2016-10-21
2016-10-24,SELL,183.97076416015625,0.07608554194986127,13.997515294055601,0.006998757647027801,0.04530909464058297,2016-10-21
2016-10-26,BUY,182.9862823486328,0.07641843199688372,13.98352477402156,0.0069917623870107805,0.0,2016-10-26
2016-10-27,SELL,182.49827575683597,0.07641843199688372,13.946232075472302,0.006973116037736152,-0.051257576974006014,2016-10-26
2016-10-28,BUY,181.95887756347656,0.07656835983816045,13.932292813028052,0.006966146406514026,0.0,2016-10-28
2016-10-31,SELL,181.96743774414065,0.07656835983816045,13.93294825202142,0.00696647412601071,-0.013277181539157468,2016-10-28
2016-11-04,BUY,178.54306030273438,0.07795890942588968,13.919022266762028,0.0069595111333810135,0.0,2016-11-04
2016-11-10,SELL,185.70870971679688,0.07795890942588968,14.477648480410606,0.007238824240205303,0.5444278782749912,2016-11-04
2016-11-14,BUY,185.42616271972656,0.0779996622644781,14.463178067136832,0.007231589033568416,0.0,2016-11-14
2016-11-22,SELL,188.8420562744141,0.0779996622644781,14.729616610733867,0.007364808305366934,0.25184214625810064,2016-11-14
2016-11-23,BUY,188.94483947753903,0.077879313327317,14.714894355250877,0.007357447177625438,0.0,2016-11-23
2016-11-25,SELL,189.64683532714844,0.077879313327317,14.769565309977084,0.007384782654988542,0.03992872489359378,2016-11-23
2016-11-28,BUY,188.7564392089844,0.0781684756694484,14.754803125759214,0.007377401562879607,0.0,2016-11-28
2016-11-30,SELL,188.67086791992188,0.0781684756694484,14.748114148532126,0.007374057074266064,-0.021440435864231944,2016-11-28
2016-12-01,BUY,187.97740173339844,0.07837842883716041,14.733373404755483,0.007366686702377742,0.0,2016-12-01
2016-12-07,SELL,192.2836761474609,0.07837842883716041,15.070892427471364,0.007535446213735682,0.3226168897997681,2016-12-01
2016-12-09,BUY,193.91883850097656,0.07763984759349953,15.055829066724268,0.007527914533362134,0.0,2016-12-09
2016-12-13,SELL,194.98898315429688,0.07763984759349953,15.138914934511055,0.007569457467255528,0.06798849578616917,2016-12-09
2016-12-14,BUY,193.3795166015625,0.07820778462494603,15.123783585251175,0.007561891792625588,0.0,2016-12-14
2016-12-15,SELL,194.17567443847656,0.07820778462494603,15.186049325888012,0.007593024662944006,0.04711082418126722,2016-12-14
2016-12-19,BUY,194.2178955078125,0.07811263131095927,15.170870865792171,0.007585435432896086,0.0,2016-12-19
2016-12-20,SELL,194.96707153320312,0.07811263131095927,15.229390976450519,0.00761469548822526,0.04331997973722679,2016-12-19
2016-12-21,BUY,194.42459106445312,0.07825228852517173,15.21416919636411,0.007607084598182055,0.0,2016-12-21
2016-12-27,SELL,194.8551177978516,0.07825228852517173,15.247858898523807,0.0076239294492619035,0.018458688112252375,2016-12-21
2016-12-28,BUY,193.2447662353516,0.07882551727788044,15.232618659744674,0.007616309329872337,0.0,2016-12-28
2016-12-29,SELL,193.20167541503903,0.07882551727788044,15.229222003543608,0.007614611001771804,-0.018627576532709966,2016-12-28
2017-01-03,BUY,193.9681701660156,0.0784355514583869,15.214000392345664,0.007607000196172832,0.0,2017-01-03
2017-01-20,SELL,195.2598876953125,0.0784355514583869,15.315316969084531,0.007657658484542266,0.08605191805815338,2017-01-03
2017-01-23,BUY,194.75180053710935,0.07856158075946337,15.300009305947018,0.00765000465297351,0.0,2017-01-23
2017-01-25,SELL,197.69699096679688,0.07856158075946337,15.531388121740914,0.007765694060870457,0.21596311708005267,2017-01-23
2017-01-26,BUY,197.49034118652344,0.07856518147780239,15.515864495432327,0.007757932247716164,0.0,2017-01-26
2017-02-13,SELL,200.45265197753903,0.07856518147780239,15.748598980322118,0.007874299490161059,0.21710225315191245,2017-01-26
2017-02-14,BUY,201.25357055664065,0.07817430621574119,15.732858251706102,0.007866429125853051,0.0,2017-02-14
2017-02-15,SELL,202.30416870117188,0.07817430621574119,15.814988032766374,0.007907494016383187,0.06635585791803678,2017-02-14
2017-02-17,BUY,202.45057678222656,0.07803969343723247,15.799180948275854,0.007899590474137927,0.0,2017-02-17
2017-02-21,SELL,203.6562347412109,0.07803969343723247,15.893270125785152,0.007946635062892577,0.0782429519722676,2017-02-17
2017-02-24,BUY,203.87147521972656,0.07787938347535342,15.877384798323098,0.007938692399161548,0.0,2017-02-24
2017-02-27,SELL,204.19017028808597,0.07787938347535342,15.902204573763562,0.007951102286881782,0.008929980754421862,2017-02-24
2017-02-28,BUY,203.63905334472656,0.0780121006034421,15.886310316318522,0.00794315515815926,0.0,2017-02-28
2017-03-06,SELL,204.70687866210935,0.0780121006034421,15.96961361240509,0.007984806806202545,0.06737533412220564,2017-02-28
2017-03-08,BUY,203.7165069580078,0.07831300574428962,15.953651979609083,0.007976825989804542,0.0,2017-03-08
2017-03-13,SELL,204.79298400878903,0.07831300574428962,16.037954133070507,0.008018977066535253,0.06830635040508604,2017-03-08
2017-03-14,BUY,204.00927734375,0.07853527252542794,16.02192419390702,0.00801096209695351,0.0,2017-03-14
2017-03-16,SELL,205.36993408203125,0.07853527252542794,16.128783741661497,0.008064391870830748,0.09078419378669267,2017-03-14
2017-03-21,BUY,202.1550445556641,0.07970448154631554,16.112663018281523,0.008056331509140762,0.0,2017-03-21
2017-03-22,SELL,202.6307830810547,0.07970448154631554,16.15058151079939,0.008075290755399697,0.02178687025332593,2017-03-21
2017-03-24,BUY,202.2675018310547,0.07976782653903601,16.13443900054372,0.00806721950027186,0.0,2017-03-24
2017-03-28,SELL,203.5302581787109,0.07976782653903601,16.235166329844628,0.008117583164922315,0.08454252663571538,2017-03-24
2017-04-03,BUY,203.53890991210935,0.07968471131168349,16.218939277041187,0.008109469638520593,0.0,2017-04-03
2017-04-04,SELL,203.66868591308597,0.07968471131168349,16.229280440214193,0.008114640220107097,-0.005882946685620283,2017-04-03
2017-04-13,BUY,201.099853515625,0.0806219347598838,16.213059270358908,0.008106529635179454,0.0,2017-04-13
2017-04-17,SELL,202.8816375732422,0.0806219347598838,16.35671014840832,0.00817835507420416,0.12736599334003174,2017-04-13
2017-04-19,BUY,201.9042816162109,0.08093122880666978,16.340361612527857,0.00817018080626393,0.0,2017-04-19
2017-04-25,SELL,206.32391357421875,0.08093122880666978,16.69804785776266,0.00834902392888133,0.3411670404996556,2017-04-19
2017-04-26,BUY,206.1941680908203,0.08090121223704505,16.681358154756396,0.008340679077378198,0.0,2017-04-26
2017-05-03,SELL,206.2633514404297,0.08090121223704505,16.686955171606414,0.008343477585803206,-0.01108713981316356,2017-04-26
2017-05-04,BUY,206.5055694580078,0.08072555427679437,16.67027655574274,0.008335138277871369,0.0,2017-05-04
2017-05-09,SELL,207.0937042236328,0.08072555427679437,16.71775406068727,0.008358877030343635,0.03078348963631683,2017-05-04
2017-05-12,BUY,206.69586181640625,0.08080009205099933,16.701044661326264,0.008350522330663133,0.0,2017-05-12
2017-05-15,SELL,207.8374938964844,0.08080009205099933,16.793288638484952,0.008396644319242476,0.07549681050878476,2017-05-12
2017-05-19,BUY,206.1163787841797,0.08139335574035533,16.776503742294565,0.008388251871147282,0.0,2017-05-19
2017-06-02,SELL,211.1846923828125,0.08139335574035533,17.189030794031765,0.008594515397015882,0.39554428446903955,2017-05-19
2017-06-07,BUY,210.7436370849609,0.08148217707059513,17.171850353458023,0.008585925176729011,0.0,2017-06-07
2017-06-08,SELL,210.847412109375,0.08148217707059513,17.180306168372837,0.00859015308418642,-0.008720263346098989,2017-06-07
2017-06-09,BUY,210.5273895263672,0.08152447283309447,17.163134448064618,0.008581567224032308,0.0,2017-06-09
2017-06-19,SELL,212.6404266357422,0.08152447283309447,17.33539868448318,0.00866769934224159,0.15501496985229224,2017-06-09
2017-06-20,BUY,211.20643615722656,0.08199594796568803,17.31807194916636,0.00865903597458318,0.0,2017-06-20
2017-06-26,SELL,211.4496917724609,0.08199594796568803,17.338017923935478,0.008669008961967739,0.002617929832567256,2017-06-20
2017-06-27,BUY,209.7462310791016,0.08257926009719821,17.32068857068817,0.008660344285344086,0.0,2017-06-27
2017-06-28,SELL,211.62359619140625,0.08257926009719821,17.47571999259458,0.00873785999629729,0.13763321762477077,2017-06-27
2017-06-29,BUY,209.76361083984372,0.08322822503005423,17.458253006095234,0.008729126503047618,0.0,2017-06-29
2017-07-05,SELL,210.99786376953125,0.08322822503005423,17.560977686671272,0.008780488843335637,0.08521506522965439,2017-06-29
2017-07-06,BUY,209.0683135986328,0.08391240730417467,17.543425485085397,0.008771712742542698,0.0,2017-07-06
2017-07-07,SELL,210.42420959472656,0.08391240730417467,17.657201982171713,0.008828600991085856,0.09617618335268574,2017-07-06
2017-07-10,BUY,210.650146484375,0.0837386249132604,17.639553604378435,0.008819776802189217,0.0,2017-07-10
2017-07-21,SELL,214.5699005126953,0.0837386249132604,17.967788416708192,0.008983894208354095,0.3104311413192171,2017-07-10
2017-07-25,BUY,215.0392303466797,0.08347234864428145,17.949829607695996,0.008974914803847997,0.0,2017-07-25
2017-07-27,SELL,214.84803771972656,0.08347234864428145,17.933870310080746,0.008966935155040373,-0.03390114757413798,2017-07-25
2017-08-03,BUY,214.6394500732422,0.0834699557612129,17.91594540222459,0.008957972701112295,0.0,2017-08-03
2017-08-04,SELL,215.03054809570312,0.0834699557612129,17.948590336857702,0.008974295168428851,0.014712666763571747,2017-08-03
2017-08-11,BUY,212.17112731933597,0.08451032401474647,17.930650716331108,0.008965325358165554,0.0,2017-08-11
2017-08-16,SELL,214.62203979492188,0.08451032401474647,18.13777812377466,0.00906888906188733,0.18909319302349914,2017-08-11
2017-08-24,BUY,212.0581512451172,0.08544660652569462,18.119649410007767,0.009059824705003884,0.0,2017-08-24
2017-08-25,SELL,212.5535125732422,0.08544660652569462,18.16197635450011,0.009080988177250055,0.024186131610086647,2017-08-24
2017-08-29,BUY,212.8055877685547,0.08526008947814195,18.143823454595562,0.009071911727297781,0.0,2017-08-29
2017-09-07,SELL,214.5612335205078,0.08526008947814195,18.293509968499006,0.009146754984249503,0.13146784719189597,2017-08-29
2017-09-08,BUY,214.3091735839844,0.08527505050339165,18.2752256007144,0.0091376128003572,0.0,2017-09-08
2017-09-22,SELL,217.8707733154297,0.08527505050339165,18.578941197686262,0.00928947059884313,0.2852885135726595,2017-09-08
2017-09-25,BUY,217.42530822753903,0.08536435658121747,18.56037154131676,0.009280185770658379,0.0,2017-09-25
2017-09-27,SELL,218.40354919433597,0.08536435658121747,18.643878452028765,0.009321939226014382,0.06490478571533131,2017-09-25
2017-09-28,BUY,218.6656036376953,0.08517683431234702,18.62524389085732,0.00931262194542866,0.0,2017-09-28
2017-09-29,SELL,219.4342193603516,0.08517683431234702,18.690712144915878,0.00934535607245794,0.04681027604067012,2017-09-28
2017-10-04,BUY,221.1199951171875,0.08444297750441351,18.67203077345669,0.009336015386728345,0.0,2017-10-04
2017-10-05,SELL,222.4301605224609,0.08444297750441351,18.782665041301254,0.009391332520650627,0.09190691993718403,2017-10-04
2017-10-12,BUY,222.4126434326172,0.08436522075951099,18.76389176289915,0.009381945881449576,0.0,2017-10-12
2017-10-13,SELL,222.68341064453125,0.08436522075951099,18.786735098506718,0.00939336754925336,0.004068022176863195,2017-10-12
2017-10-18,BUY,223.35598754882807,0.08402710828595335,18.767957752081422,0.009383978876040712,0.0,2017-10-18
2017-10-20,SELL,224.57005310058597,0.08402710828595335,18.869972169665232,0.009434986084832616,0.0831954526229346,2017-10-18
2017-10-30,BUY,224.25558471679688,0.08406083465690634,18.851111627766514,0.009425555813883256,0.0,2017-10-30
2017-10-31,SELL,224.60499572753903,0.08406083465690634,18.880483408967812,0.009440241704483907,0.010505983682929099,2017-10-30
2017-11-01,BUY,224.9019317626953,0.08386594198303539,18.861612361082788,0.009430806180541394,0.0,2017-11-01
2017-11-03,SELL,225.7404327392578,0.08386594198303539,18.9319340353359,0.00946596701766795,0.05142490105490083,2017-11-01
2017-11-07,BUY,225.93264770507807,0.08371083929058859,18.91301156253696,0.00945650578126848,0.0,2017-11-07
2017-11-09,SELL,225.49591064453125,0.08371083929058859,18.876451936649282,0.00943822596832464,-0.055454357637270135,2017-11-07
2017-11-17,BUY,225.22512817382807,0.08372771311586344,18.85758491822185,0.009428792459110925,0.0,2017-11-17
2017-11-30,SELL,231.4702606201172,0.08372771311586344,19.380475576055314,0.009690237788027658,0.5037716275863247,2017-11-17
2017-12-07,BUY,230.64920043945312,0.08394178149755503,19.36110478587435,0.009680552392937174,0.0,2017-12-07
2017-12-08,SELL,231.9069061279297,0.08394178149755503,19.46667884196468,0.00973333942098234,0.08616016427641071,2017-12-07
2017-12-11,BUY,232.6057281494141,0.08360594576203209,19.447221891597895,0.009723610945798948,0.0,2017-12-11
2017-12-12,SELL,233.0161590576172,0.08360594576203209,19.481536355848185,0.009740768177924092,0.014850085126568047,2017-12-11
2017-12-13,BUY,232.9900665283203,0.08353173525973873,19.462064555392566,0.009731032277696283,0.0,2017-12-13
2017-12-15,SELL,233.97027587890625,0.08353173525973873,19.54394314336483,0.009771971571682416,0.06237558412288635,2017-12-13
2017-12-19,BUY,234.54965209960935,0.08324211437763208,19.524408967309494,0.009762204483654746,0.0,2017-12-19
2017-12-20,SELL,234.4267120361328,0.08324211437763208,19.514175176483988,0.009757087588241994,-0.029753082897400418,2017-12-19
2017-12-29,BUY,234.27749633789065,0.08321187932366526,19.49467075351899,0.009747335376759494,0.0,2017-12-29
2018-01-03,SELL,237.4467620849609,0.08321187932366526,19.758391312408826,0.009879195656204412,0.24409402785687462,2017-12-29
2018-01-04,BUY,238.44757080078125,0.08277980240715571,19.738642795354945,0.009869321397677473,0.0,2018-01-04
2018-01-10,SELL,240.65103149414065,0.08277980240715571,19.92104483616317,0.009960522418081584,0.1625721969924676,2018-01-04
2018-01-11,BUY,242.40695190429688,0.08209803221620761,19.901133746871654,0.009950566873435826,0.0,2018-01-11
2018-01-12,SELL,243.98719787597656,0.08209803221620761,20.030868831564145,0.010015434415782072,0.1097690834032754,2018-01-11
2018-01-16,BUY,243.1531524658203,0.08229730015930878,20.010847973161784,0.010005423986580893,0.0,2018-01-16
2018-01-17,SELL,245.47071838378903,0.08229730015930878,20.20157739115184,0.010100788695575921,0.17062320530790132,2018-01-16
2018-01-18,BUY,245.0581970214844,0.08235344156935996,20.18138590950152,0.01009069295475076,0.0,2018-01-18
2018-01-19,SELL,246.1731109619141,0.08235344156935996,20.273202909549557,0.010136601454774779,0.07158970563851241,2018-01-18
2018-01-24,BUY,248.6049346923828,0.0814663629394008,20.25293983817569,0.010126469919087845,0.0,2018-01-24
2018-01-26,SELL,251.5897674560547,0.0814663629394008,20.496103307414398,0.010248051653707199,0.22278894766591506,2018-01-24
2018-01-31,BUY,247.48117065429688,0.08273606187049798,20.475617447037177,0.010237808723518588,0.0,2018-01-31
2018-02-01,SELL,247.2002410888672,0.08273606187049798,20.452374441130534,0.010226187220565267,-0.04370700185072707,2018-01-31
2018-02-05,BUY,231.7052459716797,0.08818070649234842,20.431932287766084,0.010215966143883043,0.0,2018-02-05
2018-02-07,SELL,234.98863220214844,0.08818070649234842,20.721463605256066,0.010360731802628033,0.26895461954347155,2018-02-05
2018-02-09,BUY,229.57196044921875,0.09017108385840454,20.700752497204835,0.010350376248602418,0.0,2018-02-09
2018-02-12,SELL,232.94309997558597,0.09017108385840454,21.004731802135275,0.010502365901067639,0.28312656278076886,2018-02-09
2018-02-13,BUY,233.52252197265625,0.08985744668305493,20.983737567450483,0.010491868783725242,0.0,2018-02-13
2018-02-16,SELL,239.76438903808597,0.08985744668305493,21.544615804485048,0.010772307902242524,0.5396140603485975,2018-02-13
2018-02-21,BUY,237.0780334472656,0.09078480044163385,21.523081955605004,0.010761540977802502,0.0,2018-02-21
2018-02-26,SELL,243.9696350097656,0.09078480044163385,22.148734628179817,0.011074367314089908,0.603816764282918,2018-02-21
2018-03-01,BUY,235.01492309570312,0.094149753006851,22.126596962384532,0.011063298481192266,0.0,2018-03-01
2018-03-06,SELL,239.56256103515625,0.094149753006851,22.55475595114863,0.011277377975574314,0.40581831230732845,2018-03-01
2018-03-08,BUY,240.63352966308597,0.09363704425766109,22.532212466939583,0.011266106233469792,0.0,2018-03-08
2018-03-12,SELL,244.5138092041016,0.09363704425766109,22.89555037405376,0.01144777518702688,0.34062402569367833,2018-03-08
2018-03-13,BUY,242.9336395263672,0.0941519104160597,22.872666265733866,0.011436333132866933,0.0,2018-03-13
2018-03-15,SELL,241.4237060546875,0.0941519104160597,22.73050314477407,0.011365251572387035,-0.1649647056650494,2018-03-13
2018-03-27,BUY,229.69813537597656,0.09885924395525598,22.70778400120108,0.01135389200060054,0.0,2018-03-27
2018-03-29,SELL,231.94573974609372,0.09885924395525598,22.929980469941395,0.011464990234970697,0.19937758650474535,2018-03-27
2018-04-04,BUY,232.30712890625,0.0986067972024072,22.90706194873206,0.01145353097436603,0.0,2018-04-04
2018-04-05,SELL,234.1404266357422,0.0986067972024072,23.08783756615573,0.011543918783077865,0.1577781676662262,2018-04-04
2018-04-09,BUY,230.0507049560547,0.10025946789054707,23.064761266739282,0.011532380633369642,0.0,2018-04-09
2018-04-10,SELL,233.7085723876953,0.10025946789054707,23.431497109049733,0.011715748554524867,0.3434877131225562,2018-04-09
2018-04-11,BUY,232.48345947265625,0.10068706554406488,23.40807732183429,0.011704038660917146,0.0,2018-04-11
2018-04-12,SELL,234.39605712890625,0.10068706554406488,23.60065116740856,0.011800325583704281,0.16906948132965027,2018-04-11
2018-04-13,BUY,233.7085723876953,0.10088231710883896,23.577062310669525,0.011788531155334764,0.0,2018-04-13
2018-04-16,SELL,235.6300201416016,0.10088231710883896,23.770902412287164,0.011885451206143581,0.17016611925615877,2018-04-13
2018-04-17,BUY,238.15090942382807,0.09971468698918316,23.747143389386327,0.011873571694693164,0.0,2018-04-17
2018-04-19,SELL,237.00509643554688,0.09971468698918316,23.63288900591173,0.011816444502955865,-0.13794439967224648,2018-04-17
2018-04-25,BUY,232.36880493164065,0.10160257068237077,23.609267927445046,0.011804633963722524,0.0,2018-04-25
2018-04-26,SELL,234.7310485839844,0.10160257068237077,23.849277955101282,0.01192463897755064,0.2162807547149619,2018-04-25
2018-05-02,BUY,231.9898376464844,0.10270036324665222,23.82544059582582,0.011912720297912911,0.0,2018-05-02
2018-05-14,SELL,240.61009216308597,0.10270036324665222,24.710743865959397,0.012355371932979699,0.8610351779026821,2018-05-02
2018-05-15,BUY,238.95306396484372,0.10330918156765187,24.68604547129077,0.012343022735645387,0.0,2018-05-15
2018-05-21,SELL,240.9538726806641,0.10330918156765187,24.892747382195598,0.012446373691097799,0.181912514478082,2018-05-15
2018-05-22,BUY,240.2840118408203,0.10349364023204798,24.867867074967013,0.012433933537483507,0.0,2018-05-22
2018-05-23,SELL,240.94500732421875,0.10349364023204798,24.93627590372086,0.01246813795186043,0.04350675726450248,2018-05-22
2018-05-29,BUY,237.11968994140625,0.10505813370403735,24.91135208972414,0.01245567604486207,0.0,2018-05-29
2018-05-30,SELL,240.2840118408203,0.10505813370403735,25.243789842915394,0.012621894921457696,0.307360182224933,2018-05-29
2018-06-05,BUY,242.47869873046875,0.10400319203581554,25.218558668659604,0.012609279334329803,0.0,2018-06-05
2018-06-12,SELL,245.8456878662109,0.10400319203581554,25.5687362863267,0.01278436814316335,0.32478397018960337,2018-06-05
2018-06-13,BUY,245.06124877929688,0.10423182145384322,25.543180328019524,0.012771590164009762,0.0,2018-06-13
2018-06-14,SELL,245.6783447265625,0.10423182145384322,25.607501362614805,0.012803750681307402,0.03874569374996284,2018-06-13
2018-06-19,BUY,243.9216766357422,0.10487754516711797,25.581906658604197,0.012790953329302098,0.0,2018-06-19
2018-06-20,SELL,244.3377685546875,0.10487754516711797,25.625545357627058,0.01281277267881353,0.018034973014746214,2018-06-19
2018-06-21,BUY,242.8061370849609,0.10543363082161794,25.599932618638924,0.012799966309319462,0.0,2018-06-21
2018-06-22,SELL,243.24884033203125,0.10543363082161794,25.64660842935407,0.012823304214677035,0.02105254019114966,2018-06-21
2018-06-25,BUY,239.93746948242188,0.10678188235079936,25.620974637820485,0.012810487318910243,0.0,2018-06-25
2018-06-26,SELL,240.4687347412109,0.10678188235079936,25.67770414218156,0.01283885207109078,0.03108016497107613,2018-06-25
2018-06-28,BUY,239.840087890625,0.10695476096628773,25.652039270475235,0.012826019635237619,0.0,2018-06-28
2018-06-29,SELL,240.18540954589844,0.10695476096628773,25.68897306557149,0.012844486532785745,0.011263288928230253,2018-06-28
2018-07-02,BUY,240.6988983154297,0.1066199185379832,25.663296930573413,0.012831648465286706,0.0,2018-07-02
2018-07-24,SELL,249.33135986328125,0.1066199185379832,26.58368927758762,0.01329184463879381,0.8942688539101269,2018-07-02
2018-07-30,BUY,247.8615875244141,0.10714495593592624,26.557118873512074,0.013278559436756038,0.0,2018-07-30
2018-07-31,SELL,249.0834197998047,0.10714495593592624,26.68803203881989,0.013344016019409946,0.10429058985165085,2018-07-30
2018-08-01,BUY,248.66726684570312,0.10721699595737971,26.661357344128415,0.013330678672064208,0.0,2018-08-01
2018-08-10,SELL,250.7036590576172,0.10721699595737971,26.879693199680844,0.013439846599840422,0.1915653302805218,2018-08-01
2018-08-13,BUY,249.76513671875,0.10751231053455243,26.852826939611194,0.013426413469805597,0.0,2018-08-13
2018-08-14,SELL,251.35882568359372,0.10751231053455243,27.02416812249496,0.01351208406124748,0.14440268535271272,2018-08-13
2018-08-22,BUY,253.36871337890625,0.10655284584932284,26.99715745970386,0.013498578729851931,0.0,2018-08-22
2018-08-27,SELL,256.5649108886719,0.10655284584932284,27.337721400265906,0.013668860700132953,0.3133965011320612,2018-08-22
2018-08-28,BUY,256.6888427734375,0.10639495291581658,27.310397340895328,0.013655198670447665,0.0,2018-08-28
2018-08-29,SELL,258.070068359375,0.10639495291581658,27.457352772077268,0.013728676386038634,0.11957155612545378,2018-08-28
2018-08-30,BUY,257.0252380371094,0.10672068373752593,27.429909141120667,0.013714954570560335,0.0,2018-08-30
2018-08-31,SELL,257.0340576171875,0.10672068373752593,27.430850372736884,0.013715425186368443,-0.026489148140711904,2018-08-30
2018-09-04,BUY,256.59136962890625,0.10679795376815325,27.40343323093505,0.013701716615467525,0.0,2018-09-04
2018-09-05,SELL,255.9008331298828,0.10679795376815325,27.329685345837124,0.013664842672918563,-0.10111444438631523,2018-09-04
2018-09-07,BUY,254.63473510742188,0.10722170055466704,27.30236931850495,0.013651184659252476,0.0,2018-09-07
2018-09-10,SELL,255.0774078369141,0.10722170055466704,27.34983344135028,0.013674916720675142,0.020138021465403,2018-09-07
2018-09-11,BUY,255.9185333251953,0.1067624799227532,27.322497275991612,0.013661248637995806,0.0,2018-09-11
2018-09-14,SELL,257.53875732421875,0.1067624799227532,27.495476408157714,0.013747738204078857,0.14557014532402945,2018-09-11
2018-09-17,BUY,256.17529296875,0.10722343421294754,27.46799467261733,0.013733997336308664,0.0,2018-09-17
2018-09-18,SELL,257.5652770996094,0.10722343421294754,27.61703354462957,0.013808516772314787,0.12149635790361657,2018-09-17
2018-09-19,BUY,257.8398132324219,0.10700221182611254,27.5894303127009,0.01379471515635045,0.0,2018-09-19
2018-09-20,SELL,259.9291687011719,0.10700221182611254,27.812995969148133,0.013906497984574067,0.1958644433063057,2018-09-19
2018-09-24,BUY,258.8291931152344,0.1073495479327822,27.785196872727195,0.013892598436363597,0.0,2018-09-24
2018-09-25,SELL,258.5889587402344,0.1073495479327822,27.759407821173028,0.013879703910586514,-0.053561353901116604,2018-09-24
2018-09-27,BUY,258.5356140136719,0.10726437977188269,27.731662286119377,0.01386583114305969,0.0,2018-09-27
2018-10-01,SELL,259.4607238769531,0.10726437977188269,27.83089362182509,0.013915446810912545,0.07145005775173985,2018-09-27
2018-10-11,BUY,242.064208984375,0.11485827150303948,27.803076636695835,0.013901538318347917,0.0,2018-10-11
2018-10-12,SELL,245.42601013183597,0.11485827150303948,28.189207305630134,0.014094603652815067,0.35813452696313774,2018-10-11
2018-10-15,BUY,244.0475311279297,0.11539158808831533,28.161032185884377,0.014080516092942188,0.0,2018-10-15
2018-10-17,SELL,249.42832946777344,0.11539158808831533,28.781931051501918,0.014390965525750959,0.5924273839988459,2018-10-15
2018-10-24,BUY,235.971923828125,0.12184993467768228,28.753163504224048,0.014376581752112025,0.0,2018-10-24
2018-10-25,SELL,240.2053985595703,0.12184993467768228,29.26901212371028,0.01463450606185514,0.4868375316722613,2018-10-24
2018-10-29,BUY,234.67340087890625,0.12459766479400464,29.239757738779034,0.014619878869389516,0.0,2018-10-29
2018-10-30,SELL,238.1508331298828,0.12459766479400464,29.673037676730072,0.014836518838365037,0.40382354024328393,2018-10-29
2018-11-05,BUY,243.14926147460935,0.12191433068059356,29.64337946815763,0.014821689734078816,0.0,2018-11-05
2018-11-09,SELL,247.03594970703125,0.12191433068059356,30.117222462577487,0.015058611231288745,0.44396269345449113,2018-11-05
2018-11-14,BUY,240.31204223632807,0.12520021889544874,30.0871202912006,0.0150435601456003,0.0,2018-11-14
2018-11-16,SELL,243.4517059326172,0.12520021889544874,30.48020687323409,0.015240103436617044,0.36280291845127266,2018-11-14
2018-11-21,BUY,235.70510864257807,0.12918575280021558,30.449741898848046,0.015224870949424023,0.0,2018-11-21
2018-11-28,SELL,244.2076568603516,0.12918575280021558,31.54814999108125,0.015774074995540625,1.067409146288238,2018-11-21
2018-11-29,BUY,243.6740264892578,0.12933925729122162,31.51661760728207,0.015758308803641034,0.0,2018-11-29
2018-12-03,SELL,248.40550231933597,0.12933925729122162,32.12858317703574,0.01606429158851787,0.5801429693615141,2018-11-29
2018-12-12,BUY,236.09642028808597,0.1359464519239974,32.096470650122164,0.016048235325061083,0.0,2018-12-12
2018-12-13,SELL,236.0163726806641,0.1359464519239974,32.08558846190815,0.016042794230954078,-0.04297321777002594,2018-12-12
2018-12-24,BUY,209.6357879638672,0.1529009870859828,32.05351890822308,0.01602675945411154,0.0,2018-12-24
2018-12-26,SELL,220.2276611328125,0.1529009870859828,33.67302677084436,0.01683651338542218,1.5866445897817414,2018-12-24
2019-01-03,BUY,218.46533203125,0.15398036045078753,33.63937057217285,0.016819685286086426,0.0,2019-01-03
2019-01-18,SELL,238.3697052001953,0.15398036045078753,36.704253127274036,0.01835212656363702,3.0297107432514636,2019-01-03
2019-01-24,BUY,235.76646423339844,0.1555249485389176,36.66756721710185,0.018333783608550924,0.0,2019-01-24
2019-02-05,SELL,244.30972290039065,0.1555249485389176,37.99625708164047,0.018998128540820235,1.291357952389248,2019-01-24
2019-02-07,BUY,241.6617584228516,0.15707193418155527,37.95827981319305,0.018979139906596526,0.0,2019-02-07
2019-02-22,SELL,249.7130126953125,0.15707193418155527,39.222905894356,0.019611452947178,1.2260354883091722,2019-02-07
2019-02-26,BUY,249.8740234375,0.15681382982939254,39.18370259011377,0.019591851295056886,0.0,2019-02-26
2019-03-01,SELL,250.8581085205078,0.15681382982939254,39.3380207408582,0.019669010370429098,0.11505728907894763,2019-02-26
2019-03-04,BUY,249.9455108642578,0.15722907862362345,39.29870237929812,0.01964935118964906,0.0,2019-03-04
2019-03-06,SELL,248.09371948242188,0.15722907862362345,39.00754692652889,0.019503773463264446,-0.33030857742214437,2019-03-04
2019-03-08,BUY,245.5263671875,0.15871435447040957,38.968558873628815,0.019484279436814408,0.0,2019-03-08
2019-03-15,SELL,252.7627410888672,0.15871435447040957,40.117075286090824,0.020058537643045413,1.108973595382146,2019-03-08
2019-03-20,BUY,252.978271484375,0.15842063440532853,40.07697825931812,0.02003848912965906,0.0,2019-03-20
2019-03-21,SELL,255.8355712890625,0.15842063440532853,40.52963350706293,0.020264816753531468,0.4123519418616226,2019-03-20
2019-03-25,BUY,250.72311401367188,0.16148939553310354,40.48912412824527,0.020244562064122635,0.0,2019-03-25
2019-03-26,SELL,252.5919647216797,0.16148939553310354,40.79092369942307,0.020395461849711534,0.26115954726396495,2019-03-25
2019-03-27,BUY,251.27114868164065,0.162176013341759,40.75015316099286,0.02037507658049643,0.0,2019-03-27
2019-04-01,SELL,256.823974609375,0.162176013341759,41.65068833273357,0.020825344166366788,0.8593347509938454,2019-03-27
2019-04-02,BUY,256.9497985839844,0.16193458289766888,41.60905845933754,0.02080452922966877,0.0,2019-04-02
2019-04-12,SELL,260.7145080566406,0.16193458289766888,42.21869511752303,0.021109347558761517,0.5677227813970589,2019-04-02
2019-04-22,BUY,260.8134460449219,0.16171136174451406,42.17649752120366,0.02108824876060183,0.0,2019-04-22
2019-04-30,SELL,264.1829528808594,0.16171136174451406,42.721385060050565,0.021360692530025285,0.5024385975562851,2019-04-22
2019-05-01,BUY,262.1971130371094,0.1627732835447644,42.67868502500804,0.021339342512504023,0.0,2019-05-01
2019-05-07,SELL,258.7108459472656,0.1627732835447644,42.111213883480126,0.021055606941740062,-0.609866090982166,2019-05-01
2019-05-09,BUY,257.5697326660156,0.16333100663357464,42.06912371468104,0.02103456185734052,0.0,2019-05-09
2019-05-10,SELL,258.8636474609375,0.16333100663357464,42.28046012063371,0.021140230060316855,0.16916161403501206,2019-05-09
2019-05-20,BUY,255.13482666015625,0.16555247020995797,42.23820079017831,0.021119100395089158,0.0,2019-05-20
2019-05-21,SELL,257.43505859375,0.16555247020995797,42.619009868840585,0.021309504934420295,0.3383804733327622,2019-05-20
2019-06-03,BUY,246.7067413330078,0.17257903828561003,42.57641215782724,0.021288206078913623,0.0,2019-06-03
2019-06-07,SELL,258.4593200683594,0.17257903828561003,44.60466089335013,0.022302330446675064,1.9846581989972947,2019-06-03
2019-06-12,BUY,259.1242370605469,0.1719641475036152,44.560078523641636,0.02228003926182082,0.0,2019-06-12
2019-06-18,SELL,262.7272644042969,0.1719641475036152,45.179670049241814,0.02258983502462091,0.5747216513137374,2019-06-12
2019-06-19,BUY,263.3203125,0.17140535999378445,45.134512957738316,0.022567256478869157,0.0,2019-06-19
2019-06-21,SELL,265.4497375488281,0.17140535999378445,45.49950782481249,0.022749753912406245,0.31967785668289395,2019-06-19
2019-06-27,BUY,263.1925354003906,0.17270258438836006,45.454031055372404,0.022727015527686203,0.0,2019-06-27
2019-07-02,SELL,267.6437683105469,0.17270258438836006,46.22277048267091,0.023111385241335457,0.7229010265294846,2019-06-27
2019-07-03,BUY,269.7835998535156,0.17116151922168749,46.17657081202356,0.023088285406011783,0.0,2019-07-03
2019-07-05,SELL,269.4765930175781,0.17116151922168749,46.124023055573055,0.023062011527786527,-0.09869805338430382,2019-07-03
2019-07-09,BUY,268.3299865722656,0.17172110605906593,46.07792208300376,0.023038961041501882,0.0,2019-07-09
2019-07-11,SELL,270.244140625,0.17172110605906593,46.406622734106755,0.023203311367053378,0.2824583786944359,2019-07-09
2019-07-17,BUY,268.82647705078125,0.17245414146587473,46.36023930308816,0.023180119651544078,0.0,2019-07-17
2019-07-18,SELL,269.8106994628906,0.17245414146587473,46.529972534179954,0.023264986267089977,0.12328812517316834,2019-07-17
2019-07-22,BUY,268.9709777832031,0.17281963354601076,46.48346581500537,0.023241732907502685,0.0,2019-07-22
2019-07-23,SELL,270.8941650390625,0.17281963354601076,46.81583033180334,0.023407915165901672,0.2857148687245683,2019-07-22
2019-07-24,BUY,272.1672668457031,0.1718393193998706,46.76903789768859,0.023384518948844295,0.0,2019-07-24
2019-07-29,SELL,272.185302734375,0.1718393193998706,46.77213717252274,0.02338606858626137,-0.043671312700958254,2019-07-24
2019-08-05,BUY,256.25836181640625,0.1823370292330502,46.72538840973162,0.02336269420486581,0.0,2019-08-05
2019-08-06,SELL,259.8518371582031,0.1823370292330502,47.38061202817708,0.02369030601408854,0.6081706182265094,2019-08-05
2019-08-07,BUY,260.0053405761719,0.18204724175943915,47.33325509461567,0.023666627547307837,0.0,2019-08-07
2019-08-09,SELL,263.30084228515625,0.18204724175943915,47.933192090949795,0.023966596045474898,0.5523037727413396,2019-08-07
2019-08-12,BUY,260.0956115722656,0.1841064620968164,47.8852828534776,0.0239426414267388,0.0,2019-08-12
2019-08-13,SELL,264.1405029296875,0.1841064620968164,48.62997349085853,0.024314986745429267,0.6964330092087678,2019-08-12
2019-08-15,BUY,257.0076904296875,0.18902690319881285,48.581367820203,0.0242906839101015,0.0,2019-08-15
2019-08-19,SELL,263.9419250488281,0.18902690319881285,49.89212471631315,0.024946062358156575,1.2615201498418926,2019-08-15
2019-08-20,BUY,261.91949462890625,0.1902960968820213,49.842257525192394,0.0249211287625962,0.0,2019-08-20
2019-08-21,SELL,264.05029296875,0.1902960968820213,50.24774013250735,0.025123870066253676,0.35543760848610617,2019-08-20
2019-08-23,BUY,257.1882629394531,0.19517810389157098,50.197517503689255,0.025098758751844627,0.0,2019-08-23
2019-08-26,SELL,260.03240966796875,0.19517810389157098,50.75263266935035,0.025376316334675176,0.5046400905745756,2019-08-23
2019-08-27,BUY,259.0121765136719,0.19575104955592396,50.7019054003155,0.02535095270015775,0.0,2019-08-27
2019-08-30,SELL,264.05029296875,0.19575104955592396,51.68812198418202,0.02584406099209101,0.9350215701742641,2019-08-27
2019-09-04,BUY,265.48590087890625,0.19449793575627863,51.63645969334326,0.02581822984667163,0.0,2019-09-04
2019-09-19,SELL,271.8422241210937,0.19449793575627863,52.87275144294838,0.02643637572147419,1.1840371440369708,2019-09-04
2019-09-23,BUY,270.4944152832031,0.19527170296424792,52.81990511466957,0.026409952557334783,0.0,2019-09-23
2019-09-25,SELL,269.9590759277344,0.19527170296424792,52.7153684870634,0.0263576842435317,-0.15730426440703127,2019-09-23
2019-09-26,BUY,269.3966979980469,0.19548376002541107,52.66267946308833,0.026331339731544168,0.0,2019-09-26
2019-09-27,SELL,267.9455261230469,0.19548376002541107,52.37899892852021,0.026189499464260108,-0.33620137376392023,2019-09-26
2019-10-03,BUY,263.42828369140625,0.19863715988561478,52.326646106002954,0.026163323053001477,0.0,2019-10-03
2019-10-04,SELL,266.99298095703125,0.19863715988561478,53.03472744669872,0.026517363723349358,0.6554006539194148,2019-10-03
2019-10-10,BUY,265.9862670898437,0.19918967923809297,52.98171922336369,0.026490859611681846,0.0,2019-10-10
2019-10-11,SELL,268.74365234375,0.19918967923809297,53.530961907625134,0.02676548095381257,0.49598634369594663,2019-10-10
2019-10-14,BUY,268.4443054199219,0.19921248697814145,53.477457697822416,0.02673872884891121,0.0,2019-10-14
2019-10-16,SELL,270.66668701171875,0.19921248697814145,53.92018386173871,0.026960091930869352,0.38902734313651166,2019-10-14
2019-10-18,BUY,270.2765808105469,0.1993006218406089,53.866290624495576,0.02693314531224779,0.0,2019-10-18
2019-10-21,SELL,272.10888671875,0.1993006218406089,54.231470331402676,0.02711573516570134,0.31113082642914947,2019-10-18
2019-10-22,BUY,271.2199401855469,0.19975399274180072,54.17726596325536,0.02708863298162768,0.0,2019-10-22
2019-10-23,SELL,272.009033203125,0.19975399274180072,54.33489044416126,0.02716744522208063,0.10336840270218772,2019-10-22
2019-10-24,BUY,272.4535217285156,0.19922877987854704,54.280582707585374,0.027140291353792687,0.0,2019-10-24
2019-10-28,SELL,275.111328125,0.19922877987854704,54.81009423311035,0.027405047116555174,0.47496618705462623,2019-10-24
2019-10-29,BUY,275.029541015625,0.19908883725009713,54.75531153022868,0.02737765576511434,0.0,2019-10-29
2019-10-31,SELL,275.1384582519531,0.19908883725009713,54.77699573616574,0.02738849786808287,-0.03308194769613948,2019-10-29
2019-11-04,BUY,278.8030090332031,0.19627566540619032,54.72224611524003,0.027361123057620017,0.0,2019-11-04
2019-11-15,SELL,282.8121643066406,0.19627566540619032,55.509145734250716,0.02775457286712536,0.731783923085942,2019-11-04
2019-11-21,BUY,281.4335327148437,0.19704000370633226,55.45366432921898,0.027726832164609493,0.0,2019-11-21
2019-12-02,SELL,282.6762390136719,0.19704000370633226,55.69852718294597,0.027849263591472988,0.18928675797091188,2019-11-21
2019-12-05,BUY,283.02081298828125,0.1966034084334741,55.64285649110895,0.027821428245554475,0.0,2019-12-05
2019-12-09,SELL,284.7079772949219,0.1966034084334741,55.974558744381795,0.0279872793721909,0.2758935456551015,2019-12-05
2019-12-10,BUY,284.39044189453125,0.196626200889227,55.91861215893014,0.02795930607946507,0.0,2019-12-10
2019-12-19,SELL,291.07550048828125,0.196626200889227,57.233069832941084,0.02861653491647054,1.2578818330150057,2019-12-10
2019-12-24,BUY,292.80743408203125,0.19526780644962682,57.17586536534194,0.028587932682670972,0.0,2019-12-24
2020-01-02,SELL,296.12530517578125,0.19526780644962682,57.82373877590113,0.028911869387950564,0.5903736084885693,2019-12-24
2020-01-03,BUY,293.8829650878906,0.1965610491144665,57.765943934545916,0.02888297196727296,0.0,2020-01-03
2020-01-09,SELL,297.7477722167969,0.1965610491144665,58.5256144784288,0.0292628072392144,0.7015247646763996,2020-01-03
2020-01-10,BUY,296.8908996582031,0.19693132453518794,58.46711811213352,0.02923355905606676,0.0,2020-01-10
2020-01-13,SELL,298.932861328125,0.19693132453518794,58.86924432844132,0.02943462216422066,0.34345803508751516,2020-01-10
2020-01-14,BUY,298.47705078125,0.19703492898395888,58.81040450402509,0.029405202252012545,0.0,2020-01-14
2020-01-17,SELL,302.578857421875,0.19703492898395888,59.61860368416656,0.02980930184208328,0.7489846760473711,2020-01-14
2020-01-21,BUY,301.9863586425781,0.19722418967069721,59.55901487488702,0.02977950743744351,0.0,2020-01-21
2020-01-22,SELL,302.0228271484375,0.19722418967069721,59.56620734640364,0.02978310367320182,-0.05237013959403214,2020-01-21
2020-02-03,BUY,295.441650390625,0.20141598460676985,59.506670907276806,0.029753335453638403,0.0,2020-02-03
2020-02-06,SELL,304.4292297363281,0.20141598460676985,61.31691305042307,0.030658456525211535,1.749830351167411,2020-02-03
2020-02-12,BUY,307.5649108886719,0.19916324851075115,61.25562678050759,0.030627813390253795,0.0,2020-02-12
2020-02-13,SELL,307.2366943359375,0.19916324851075115,61.19025810565001,0.030595129052825007,-0.1265916173006616,2020-02-12
2020-02-20,BUY,307.136474609375,0.1990291075168758,61.12909842738349,0.030564549213691745,0.0,2020-02-20
2020-02-21,SELL,303.9735412597656,0.1990291075168758,60.49958262567537,0.030249791312837688,-0.6903301422346502,2020-02-20
2020-03-03,BUY,273.6745300292969,0.2208430330409398,60.439113277723685,0.030219556638861843,0.0,2020-03-03
2020-03-04,SELL,285.17791748046875,0.2208430330409398,62.97955625268556,0.03148977812634278,2.4787336401966726,2020-03-03
2020-03-09,BUY,249.96592712402344,0.2517007373539242,62.91660817047397,0.031458304085236984,0.0,2020-03-09
2020-03-10,SELL,262.90045166015625,0.2517007373539242,66.17223753354102,0.03308611876677051,3.191084940215042,2020-03-09
2020-03-13,BUY,245.49038696289065,0.2692818206994978,66.10609836559145,0.033053049182795724,0.0,2020-03-13
2020-03-17,SELL,230.43206787109372,0.2692818206994978,62.051166783878365,0.031025583391939185,-4.119010214287819,2020-03-13
2020-03-19,BUY,219.2295379638672,0.28275909899235263,61.98914662717285,0.030994573313586425,0.0,2020-03-19
2020-03-20,SELL,209.781982421875,0.28275909899235263,59.317764334438934,0.02965888216721947,-2.73203574821472,2020-03-19
2020-03-23,BUY,204.4182281494141,0.2898884152877561,59.25847621416463,0.029629238107082317,0.0,2020-03-23
2020-03-26,SELL,239.4888916015625,0.2898884152877561,69.42505526539816,0.03471252763269908,10.10223728549375,2020-03-23
2020-04-01,BUY,225.6898193359375,0.3073052435833512,69.3556649053128,0.034677832452656404,0.0,2020-04-01
2020-04-08,SELL,251.2524871826172,0.3073052435833512,77.21120677457701,0.0386056033872885,7.782258433424261,2020-04-01
2020-04-09,BUY,255.0757751464844,0.30239654906396457,77.13403415411267,0.038567017077056336,0.0,2020-04-09
2020-04-13,SELL,252.74696350097656,0.30239654906396457,76.42980954909112,0.03821490477454556,-0.7810065268731563,2020-04-09
2020-04-16,BUY,255.9009552001953,0.29837097667578616,76.35341793534887,0.03817670896767444,0.0,2020-04-16
2020-04-17,SELL,262.8143920898437,0.29837097667578616,78.41618685229967,0.03920809342614984,1.9853841145569788,2020-04-16
2020-04-21,BUY,250.34474182128903,0.3129197333406297,78.33780985394655,0.03916890492697328,0.0,2020-04-21
2020-04-29,SELL,268.838134765625,0.3129197333406297,84.12475744265166,0.04206237872132583,5.705716305056811,2020-04-21
2020-05-04,BUY,259.9994812011719,0.3232340093076627,84.04067472656706,0.04202033736328353,0.0,2020-05-04
2020-05-12,SELL,262.84185791015625,0.3232340093076627,84.95942754617481,0.0424797137730874,0.834252768471373,2020-05-04
2020-05-13,BUY,258.1932373046875,0.32872476236453413,84.87451057711317,0.04243725528855659,0.0,2020-05-13
2020-05-14,SELL,261.2831115722656,0.32872476236453413,85.89022876145907,0.04294511438072954,0.9303358146766101,2020-05-13
2020-05-15,BUY,262.4842224121094,0.32689348208378893,85.80438145635014,0.042902190728175076,0.0,2020-05-15
2020-05-18,SELL,270.4793701171875,0.32689348208378893,88.41794312943735,0.044208971564718674,2.5264505107943194,2020-05-15
2020-05-19,BUY,267.7013244628906,0.32995566813279065,88.32956937318605,0.044164784686593024,0.0,2020-05-19
2020-05-28,SELL,277.78692626953125,0.32995566813279065,91.65737085581743,0.045828685427908716,3.2378080125168935,2020-05-19
2020-05-29,BUY,279.024658203125,0.32816368230827087,91.56575929074418,0.045782879645372095,0.0,2020-05-29
2020-06-01,SELL,280.1524353027344,0.32816368230827087,91.93585477657493,0.04596792738828746,0.27834467879708313,2020-05-29
2020-06-02,BUY,282.4721374511719,0.32514344846712323,91.84396486675325,0.045921982433376626,0.0,2020-06-02
2020-06-08,SELL,296.3353881835937,0.32514344846712323,96.35151001685725,0.048175755008428627,4.413447412662194,2020-06-02
2020-06-09,BUY,294.12579345703125,0.32725863830973895,96.25520665851957,0.048127603329259784,0.0,2020-06-09
2020-06-10,SELL,292.4844970703125,0.32725863830973895,95.7180782379393,0.047859039118969646,-0.6331150630285123,2020-06-09
2020-06-12,BUY,278.923828125,0.3428262426972342,95.6224079948229,0.04781120399741145,0.0,2020-06-12
2020-06-16,SELL,286.94659423828125,0.3428262426972342,98.37282275747779,0.049186411378738894,2.653417147278745,2020-06-12
2020-06-17,BUY,285.754638671875,0.3439121742810865,98.27449909655077,0.049137249548275384,0.0,2020-06-17
2020-06-19,SELL,284.2309875488281,0.3439121742810865,97.7504969259779,0.04887524846298895,-0.6220146685841428,2020-06-17
2020-06-22,BUY,286.05438232421875,0.34137842771866256,97.65279527987498,0.04882639763993749,0.0,2020-06-22
2020-06-23,SELL,287.37127685546875,0.34137842771866256,98.10235466442441,0.049051177332212204,0.351681809577272,2020-06-22
2020-06-24,BUY,280.040771484375,0.34996440274373464,98.00430133642396,0.04900215066821198,0.0,2020-06-24
2020-07-01,SELL,285.9622497558594,0.34996440274373464,100.076607943064,0.05003830397153201,1.973266152000292,2020-06-24
2020-07-07,BUY,288.96441650390625,0.34598232736751783,99.97658134841826,0.04998829067420913,0.0,2020-07-07
2020-07-08,SELL,291.17462158203125,0.34598232736751783,100.74127324530745,0.05037063662265373,0.6643329695923228,2020-07-07
2020-07-09,BUY,289.5170288085937,0.34761541568617654,100.64058231752604,0.05032029115876302,0.0,2020-07-09
2020-08-19,SELL,310.5599365234375,0.34761541568617654,107.95542143006733,0.05397771071503367,7.210541110667492,2020-07-09
2020-08-20,BUY,311.5267944335937,0.34619018937185453,107.8475199593726,0.053923759979686306,0.0,2020-08-20
2020-08-26,SELL,320.08209228515625,0.34619018937185453,110.80928014273766,0.05540464007136883,2.852431783314003,2020-08-20
2020-08-27,BUY,320.781982421875,0.34508960074310485,110.69852623954652,0.05534926311977326,0.0,2020-08-27
2020-09-01,SELL,324.7142944335937,0.34508960074310485,112.05552622166785,0.05602776311083393,1.2456229558907097,2020-08-27
2020-09-08,BUY,306.8578186035156,0.36480584788308495,111.9435266952094,0.0559717633476047,0.0,2020-09-08
2020-09-15,SELL,313.2674865722656,0.36480584788308495,114.2818110531983,0.05714090552659915,2.2251716891147026,2020-09-08
2020-09-18,BUY,305.7191772460937,0.3734394007693975,114.16758635449446,0.05708379317724723,0.0,2020-09-18
2020-09-21,SELL,302.31658935546875,0.3734394007693975,112.89692597155427,0.05644846298577714,-1.3841926391032047,2020-09-18
2020-09-23,BUY,298.3131103515625,0.37807284209842257,112.7840854658356,0.0563920427329178,0.0,2020-09-23
2020-09-28,SELL,308.9922180175781,0.37807284209842257,116.82156605220118,0.05841078302610059,3.922677760606547,2020-09-23
2020-10-02,BUY,308.668701171875,0.378090821727846,116.70480286774117,0.058352401433870583,0.0,2020-10-02
2020-10-05,SELL,314.1422424316406,0.378090821727846,118.77429858040722,0.05938714929020361,1.9517561619419865,2020-10-02
2020-10-06,BUY,309.67645263671875,0.3831598516096804,118.65558363929738,0.05932779181964869,0.0,2020-10-06
2020-10-12,SELL,325.8569641113281,0.3831598516096804,124.85530601487744,0.06242765300743872,6.077966930752979,2020-10-06
2020-10-19,BUY,316.22271728515625,0.39443881254375746,124.73051310531736,0.06236525655265868,0.0,2020-10-19
2020-10-20,SELL,317.4893798828125,0.39443881254375746,125.23013399623048,0.06261506699811524,0.3746405673623485,2020-10-19
2020-10-21,BUY,316.8883972167969,0.39479188113163927,125.10496644600936,0.06255248322300468,0.0,2020-10-21
2020-10-23,SELL,319.7083435058594,0.39479188113163927,126.21825834615854,0.06310912917307927,0.9876302877530918,2020-10-21
2020-10-30,BUY,301.9190368652344,0.4176354842496588,126.09210316540275,0.06304605158270138,0.0,2020-10-30
2020-11-04,SELL,317.63726806640625,0.4176354842496588,132.65659426465226,0.06632829713232613,6.43511675053449,2020-10-30
2020-11-05,BUY,323.8320617675781,0.40923682245105414,132.52400396553716,0.06626200198276858,0.0,2020-11-05
2020-11-09,SELL,327.82635498046875,0.40923682245105414,134.15861582791834,0.06707930791395918,1.501270552484442,2020-11-05
2020-11-13,BUY,331.0994873046875,0.4047862633340236,134.02452425787544,0.06701226212893772,0.0,2020-11-13
2020-11-16,SELL,335.2323608398437,0.4047862633340236,135.6974546930034,0.0678487273465017,1.5380694456525248,2020-11-13
2020-11-20,BUY,328.538330078125,0.4126210327449291,135.56182505313035,0.06778091252656518,0.0,2020-11-20
2020-11-23,SELL,330.5076599121094,0.4126210327449291,136.37441196304437,0.06818720598152218,0.6766187914059287,2020-11-20
2020-11-25,BUY,335.3156433105469,0.4062980908350766,136.23810570421074,0.06811905285210537,0.0,2020-11-25
2020-12-04,SELL,341.9635314941406,0.4062980908350766,138.93912998128994,0.06946956499064497,2.563435659236461,2020-11-25
2020-12-07,BUY,341.2607727050781,0.4067278497494031,138.80026028615623,0.06940013014307812,0.0,2020-12-07
2020-12-15,SELL,341.7231140136719,0.4067278497494031,138.9883073724509,0.06949415368622544,0.04915280246535758,2020-12-07
2020-12-16,BUY,342.25933837890625,0.40568473363548063,138.84938852450242,0.06942469426225122,0.0,2020-12-16
2020-12-31,SELL,347.1631774902344,0.40568473363548063,140.83880118817282,0.07041940059408641,1.8495685688140782,2020-12-16
2021-01-04,BUY,342.4369812011719,0.4108727751239493,140.69803277119314,0.07034901638559657,0.0,2021-01-04
2021-01-07,SELL,352.0101623535156,0.4108727751239493,144.6313922780209,0.07231569613901045,3.790694794303164,2021-01-04
2021-01-08,BUY,354.0158386230469,0.4081366351496709,144.48683316529926,0.07224341658264963,0.0,2021-01-08
2021-01-21,SELL,356.7828674316406,0.4081366351496709,145.6161589926009,0.07280807949630046,0.9842743312227071,2021-01-08
2021-01-22,BUY,355.52001953125,0.40917700161330905,145.47061560530196,0.07273530780265099,0.0,2021-01-22
2021-01-26,SELL,356.36505126953125,0.40917700161330905,145.81638315823994,0.07290819157911997,0.200124053556209,2021-01-22
2021-01-29,BUY,343.6253967285156,0.423922798005311,145.6706396468374,0.0728353198234187,0.0,2021-01-29
2021-02-02,SELL,354.2851257324219,0.423922798005311,150.1895417921517,0.07509477089607584,4.370972054594802,2021-01-29
2021-02-03,BUY,354.5637512207031,0.42316629038090164,150.03942730760184,0.07501971365380092,0.0,2021-02-03
2021-02-09,SELL,362.3634643554688,0.42316629038090164,153.34000298087582,0.07667000149043791,3.148885958129739,2021-02-03
2021-02-10,BUY,362.20556640625,0.4229276240270869,153.18673960958054,0.07659336980479027,0.0,2021-02-10
2021-02-17,SELL,364.3505554199219,0.4229276240270869,154.09391471669701,0.0770469573583485,0.753534779953327,2021-02-10
2021-02-26,BUY,353.1801452636719,0.4358679271041903,153.93989781043348,0.07696994890521675,0.0,2021-02-26
2021-03-01,SELL,361.7413024902344,0.4358679271041903,157.67143166438834,0.07883571583219418,3.5757281892174433,2021-02-26
2021-03-04,BUY,349.7816772460937,0.4503204406508137,157.5138390290416,0.07875691951452081,0.0,2021-03-04
2021-03-16,SELL,367.6190185546875,0.4503204406508137,165.54635842716655,0.08277317921358328,7.870989299396854,2021-03-04
2021-03-25,BUY,363.0379638671875,0.45554710873448784,165.38089480055274,0.08269044740027637,0.0,2021-03-25
2021-04-06,SELL,378.3345336914063,0.45554710873448784,172.34920295753082,0.0861746014787654,6.799443108099041,2021-03-25
2021-04-07,BUY,378.7722778320313,0.454565843286086,172.17693988610898,0.0860884699430545,0.0,2021-04-07
2021-04-12,SELL,383.4768676757813,0.454565843286086,174.31548573574835,0.08715774286787417,1.9652996368284334,2021-04-07
2021-04-13,BUY,384.6133117675781,0.4527697093059326,174.14125736419837,0.08707062868209918,0.0,2021-04-13
2021-04-14,SELL,383.2999267578125,0.4527697093059326,173.54659641512,0.08677329820756001,-0.7685048759680342,2021-04-13
2021-04-15,BUY,387.41741943359375,0.4475099152797789,173.37313654863812,0.08668656827431906,0.0,2021-04-15
2021-04-16,SELL,388.7123718261719,0.4475099152797789,173.9526405841321,0.08697632029206605,0.40584114692759954,2021-04-15
2021-04-20,BUY,383.9705810546875,0.4525835661655838,173.77877487640183,0.08688938743820092,0.0,2021-04-20
2021-05-03,SELL,389.5880737304688,0.4525835661655838,176.32115974451597,0.08816057987225799,2.3673349008036837,2021-04-20
2021-05-05,BUY,387.30560302734375,0.45479570996254665,176.14492670129306,0.08807246335064653,0.0,2021-05-05
2021-05-07,SELL,393.2397766113281,0.45479570996254665,178.84376338946223,0.08942188169473111,2.5213423431237914,2021-05-05
2021-05-12,BUY,377.673095703125,0.47306787546155493,178.66500900326585,0.08933250450163292,0.0,2021-05-12
2021-05-17,SELL,387.09130859375,0.47306787546155493,183.12046296607846,0.09156023148303924,4.274561226827927,2021-05-12
2021-05-18,BUY,383.75628662109375,0.4767021164091366,182.93743401758664,0.09146871700879332,0.0,2021-05-18
2021-05-27,SELL,390.6034240722656,0.4767021164091366,186.20147893190452,0.09310073946595226,3.0794754578431593,2021-05-18
2021-06-01,BUY,390.95745849609375,0.475794402855838,186.015370507185,0.0930076852535925,0.0,2021-06-01
2021-06-08,SELL,393.3888854980469,0.475794402855838,187.17222986566685,0.09358611493283343,0.9702655582954378,2021-06-01
2021-06-09,BUY,392.8019714355469,0.47602905477226715,186.98515117514646,0.09349257558757323,0.0,2021-06-09
2021-06-15,SELL,395.4383544921875,0.47602905477226715,188.24014610961672,0.09412007305480836,1.0673822858279038,2021-06-09
2021-06-16,BUY,393.23046875,0.4782233702142229,188.05200003654366,0.09402600001827183,0.0,2021-06-16
2021-06-17,SELL,393.1000061035156,0.4782233702142229,187.98960975005483,0.09399480487502741,-0.25041109138211937,2021-06-16
2021-06-21,BUY,393.34869384765625,0.47744333977850006,187.80171408813575,0.09390085704406788,0.0,2021-06-21
2021-06-28,SELL,399.5265808105469,0.47744333977850006,190.7513050724723,0.09537565253623614,2.7603144747562283,2021-06-21
2021-06-30,BUY,400.0780029296875,0.4763087390457676,190.56064909538836,0.09528032454769418,0.0,2021-06-30
2021-07-02,SELL,405.3680725097656,0.4763087390457676,193.08035546653974,0.09654017773326988,2.3278858688704247,2021-06-30
2021-07-06,BUY,404.6297302246094,0.47670093716527817,192.88737160300496,0.09644368580150249,0.0,2021-07-06
2021-07-07,SELL,406.0596618652344,0.47670093716527817,193.56902135617318,0.09678451067808659,0.4884215566886496,2021-07-06
2021-07-08,BUY,402.7510681152344,0.4801366510979218,193.37554907095964,0.09668777453547982,0.0,2021-07-08
2021-07-12,SELL,408.5083923339844,0.4801366510979218,196.1398514406352,0.0980699257203176,2.56954466941977,2021-07-08
2021-07-14,BUY,407.7232971191406,0.4805803617173565,195.94380961010984,0.09797190480505492,0.0,2021-07-14
2021-07-15,SELL,406.3306884765625,0.4805803617173565,195.27454924492892,0.09763727462246446,-0.8648695446084389,2021-07-14
2021-07-19,BUY,397.1900329589844,0.4911487099282502,195.07937228416435,0.09753968614208218,0.0,2021-07-19
2021-07-23,SELL,411.1814270019531,0.4911487099282502,201.95122741846626,0.10097561370923314,6.673339834450587,2021-07-19
2021-07-26,BUY,412.1908874511719,0.4894561797902389,201.74937711619893,0.10087468855809946,0.0,2021-07-26
2021-07-27,SELL,410.3122863769531,0.4894561797902389,200.82988421106197,0.10041494210553098,-1.1207825358006005,2021-07-26
2021-07-28,BUY,410.14398193359375,0.4891676180295495,200.62915469161064,0.10031457734580532,0.0,2021-07-28
2021-07-29,SELL,411.8449401855469,0.4891676180295495,201.46120838808625,0.10073060419404313,0.6310085149357576,2021-07-28
2021-07-30,BUY,409.8449096679688,0.4910634318308616,201.25984785996224,0.10062992392998112,0.0,2021-07-30
2021-08-03,SELL,412.3123779296875,0.4910634318308616,202.47153129249554,0.10123576564624777,1.0098177429570967,2021-07-30
2021-08-04,BUY,410.2842102050781,0.4929976731136522,202.26916094637608,0.10113458047318805,0.0,2021-08-04
2021-08-10,SELL,413.7423095703125,0.4929976731136522,203.97399588683243,0.10198699794341622,1.5017133620397374,2021-08-04
2021-08-19,BUY,411.1066284179688,0.49566246258575064,203.77012382697555,0.10188506191348777,0.0,2021-08-19
2021-08-24,SELL,418.68658447265625,0.49566246258575064,207.52722351133372,0.10376361175566685,3.5514510106890214,2021-08-19
2021-09-03,BUY,423.4624328613281,0.48958250817840454,207.31979999957827,0.10365989999978914,0.0,2021-09-03
2021-09-08,SELL,421.4343872070313,0.48958250817840454,206.3269043214473,0.10316345216072366,-1.199719030291476,2021-09-03
2021-09-09,BUY,419.6304931640625,0.4911956683005762,206.12068052902205,0.10306034026451102,0.0,2021-09-09
2021-09-13,SELL,417.3873901367188,0.4911956683005762,205.0188780384389,0.10250943901921945,-1.3073722698668746,2021-09-09
2021-09-14,BUY,415.1349792480469,0.49336715010043086,204.8139616186104,0.1024069808093052,0.0,2021-09-14
2021-09-15,SELL,418.6023864746094,0.49336715010043086,206.52466644021717,0.1032623332201086,1.5050355075773894,2021-09-14
2021-09-21,BUY,406.5823669433594,0.5074451372192608,206.31824498450484,0.10315912249225243,0.0,2021-09-21
2021-09-22,SELL,410.5484924316406,0.5074451372192608,208.3308360771345,0.10416541803856726,1.8052665520988285,2021-09-21
2021-09-23,BUY,415.5366516113281,0.5008525927794355,208.1226093544187,0.10406130467720935,0.0,2021-09-23
2021-09-24,SELL,416.22113037109375,0.5008525927794355,208.46543231594976,0.10423271615797489,0.13452894069587273,2021-09-23
2021-09-28,BUY,406.6666870117188,0.5121075261772262,208.25707106425966,0.10412853553212983,0.0,2021-09-28
2021-09-29,SELL,407.3512268066406,0.5121075261772262,208.60762904520692,0.10430381452260347,0.14212563089250807,2021-09-28
2021-10-06,BUY,407.7730712890625,0.5110664247863494,208.39912566785037,0.10419956283392519,0.0,2021-10-06
2021-10-07,SELL,411.2985229492188,0.5110664247863494,210.20086564356356,0.10510043282178179,1.5924399800574918,2021-10-06
2021-10-13,BUY,408.0356750488281,0.5146382600018982,209.99076982582883,0.10499538491291442,0.0,2021-10-13
2021-10-20,SELL,424.19091796875,0.5146382600018982,218.3048759320454,0.10915243796602271,8.099958283337628,2021-10-13
2021-10-27,BUY,425.62548828125,0.5123910248765282,218.08668015400244,0.10904334007700123,0.0,2021-10-27
2021-10-28,SELL,429.7322082519531,0.5123910248765282,220.19092660867193,0.11009546330433596,1.8851076512881662,2021-10-27
2021-10-29,BUY,430.6042785644531,0.5108422202766872,219.97084572250637,0.1099854228612532,0.0,2021-10-29
2021-11-04,SELL,437.78656005859375,0.5108422202766872,223.6398583476253,0.11181992917381266,3.447207273083876,2021-10-29
2021-11-05,BUY,439.3054504394531,0.5085671712696334,223.4163302533248,0.1117081651266624,0.0,2021-11-05
2021-11-09,SELL,438.2271728515625,0.5085671712696334,222.86795367060782,0.11143397683530391,-0.7715187246789412,2021-11-05
2021-11-10,BUY,434.7017211914063,0.5121792397900136,222.64519709522492,0.11132259854761246,0.0,2021-11-10
2021-11-24,SELL,440.1585998535156,0.5121792397900136,225.4400970600104,0.11272004853000521,2.570857317707862,2021-11-10
2021-11-26,BUY,430.34173583984375,0.5233393623491892,225.21476962666705,0.11260738481333353,0.0,2021-11-26
2021-11-29,SELL,435.62060546875,0.5233393623491892,227.97740989218335,0.11398870494609167,2.536044175756871,2021-11-26
2021-12-07,BUY,439.071044921875,0.5187077331746034,227.74954641403025,0.11387477320701513,0.0,2021-12-07
2021-12-08,SELL,440.2336730957031,0.5187077331746034,228.35261063860156,0.11417630531930079,0.37501314604500635,2021-12-07
2021-12-09,BUY,437.2613830566406,0.5217116831871215,228.12437214720865,0.11406218607360433,0.0,2021-12-09
2021-12-15,SELL,441.2463073730469,0.5217116831871215,230.20335371969426,0.11510167685984714,1.849817709552184,2021-12-09
2021-12-21,BUY,435.7019653320313,0.5278224192421895,229.97326541012936,0.11498663270506468,0.0,2021-12-21
2022-01-03,SELL,449.4864196777344,0.5278224192421895,237.24900945081185,0.11862450472540594,7.042132903252025,2021-12-21
2022-01-10,BUY,438.0072021484375,0.5411141137498044,237.0118790065832,0.11850593950329161,0.0,2022-01-10
2022-01-11,SELL,441.9967346191406,0.5411141137498044,239.1706713337438,0.1195853356668719,1.9207010519904486,2022-01-10
2022-01-21,BUY,412.103759765625,0.5797851015090715,238.9316201879829,0.11946581009399146,0.0,2022-01-21
2022-01-24,SELL,413.8538208007813,0.5797851015090715,239.94627950289808,0.11997313975144905,0.7752203650697425,2022-01-21
2022-01-25,BUY,408.8011169433594,0.5863644770075088,239.70645313657838,0.11985322656828919,0.0,2022-01-25
2022-02-02,SELL,430.3293762207031,0.5863644770075088,252.32985962862008,0.12616492981431005,12.377388335659106,2022-01-25
2022-02-03,BUY,420.2144775390625,0.5998785604606818,252.0776558708703,0.12603882793543517,0.0,2022-02-03
2022-02-09,SELL,430.5080871582031,0.5998785604606818,258.2525715911446,0.1291262857955723,5.919750606543289,2022-02-03
2022-02-11,BUY,414.4371337890625,0.6225176921830097,257.9944480813084,0.1289972240406542,0.0,2022-02-11
2022-02-15,SELL,419.7439575195313,0.6225176921830097,261.29803974282186,0.13064901987141092,3.043945417601435,2022-02-11
2022-02-23,BUY,397.0208129882813,0.6574891384712166,261.03687228680707,0.13051843614340353,0.0,2022-02-23
2022-03-02,SELL,412.0190124511719,0.6574891384712166,270.89802553028244,0.13544901276514124,9.595185794566817,2022-02-23
2022-03-03,BUY,409.96783447265625,0.6601182827774368,270.6272628860743,0.13531363144303715,0.0,2022-03-03
2022-03-07,SELL,394.6497192382813,0.6601182827774368,260.51549496217183,0.13025774748108593,-10.377339302826556,2022-03-03
2022-03-08,BUY,391.6575317382813,0.664496629248463,260.2551096598608,0.1301275548299304,0.0,2022-03-08
2022-03-09,SELL,402.1582336425781,0.664496629248463,267.232790680009,0.1336163953400045,6.713937069978215,2022-03-08
2022-03-10,BUY,400.34228515625,0.6668436019311704,266.9656914389495,0.13348284571947475,0.0,2022-03-10
2022-03-11,SELL,395.2518615722656,0.6668436019311704,263.57117504085,0.131785587520425,-3.6597848313393797,2022-03-10
2022-03-14,BUY,392.3632507324219,0.6710815426623722,263.3077355855368,0.13165386779276841,0.0,2022-03-14
2022-03-18,SELL,419.55670166015625,0.6710815426623722,281.5567585844343,0.14077837929221715,17.976590751812523,2022-03-14
2022-03-21,BUY,419.4339904785156,0.6706069343902702,281.2753425338751,0.14063767126693758,0.0,2022-03-21
2022-03-22,SELL,424.3420104980469,0.6706069343902702,284.5666947930991,0.14228334739654955,3.008431240560526,2022-03-21
2022-03-23,BUY,418.8771667480469,0.6786769317544161,284.2822703105474,0.1421411351552737,0.0,2022-03-23
2022-03-30,SELL,432.9403991699219,0.6786769317544161,293.82666174117475,0.1469133308705874,9.255336964601497,2022-03-23
2022-03-31,BUY,426.2768859863281,0.6885969931026448,293.5329819193445,0.14676649095967223,0.0,2022-03-31
2022-04-04,SELL,431.1470947265625,0.6885969931026448,296.8865930136521,0.14844329650682606,3.0584013068411195,2022-03-31
2022-04-06,BUY,421.44439697265625,0.7037461096178566,296.5898547897504,0.1482949273948752,0.0,2022-04-06
2022-04-07,SELL,423.5680541992188,0.7037461096178566,298.08437030110565,0.14904218515055284,1.1971783988097968,2022-04-06
2022-04-12,BUY,413.6766052246094,0.719853216588886,297.78643489850583,0.1488932174492529,0.0,2022-04-12
2022-04-13,SELL,418.4146423339844,0.719853216588886,301.19712615200694,0.15059856307600347,3.1111994729758408,2022-04-12
2022-04-14,BUY,413.2046203613281,0.7282011495564517,300.89607954915635,0.15044803977457819,0.0,2022-04-14
2022-04-20,SELL,419.7360229492188,0.7282011495564517,305.6522544218743,0.15282612721093716,4.452900705732475,2022-04-14
2022-04-27,BUY,393.83697509765625,0.7753125638888797,305.34675491720475,0.15267337745860238,0.0,2022-04-27
2022-04-28,SELL,403.7851257324219,0.7753125638888797,313.05968109179764,0.15652984054589883,7.40372295658841,2022-04-27
2022-05-03,BUY,392.99700927734375,0.7957993839123865,312.7467778623206,0.1563733889311603,0.0,2022-05-03
2022-05-04,SELL,404.9649353027344,0.7957993839123865,322.27084602003544,0.1611354230100177,9.206559345773655,2022-05-03
2022-05-11,BUY,370.6940307617188,0.8685026180954578,321.94873622891095,0.16097436811445548,0.0,2022-05-11
2022-05-13,SELL,379.1602478027344,0.8685026180954578,329.3016678943974,0.1646508339471987,7.027306463424793,2022-05-11
2022-05-16,BUY,377.6218566894531,0.8711692000010253,328.9725307950527,0.16448626539752637,0.0,2022-05-16
2022-05-17,SELL,385.3896789550781,0.8711692000010253,335.7396183039474,0.1678698091519737,6.434731434345224,2022-05-16
2022-05-18,BUY,369.8539733886719,0.9068553283300556,335.40404647155964,0.16770202323577982,0.0,2022-05-18
2022-05-23,SELL,374.6298522949219,0.9068553283300556,339.7350777051516,0.1698675388525758,3.993461671503553,2022-05-18
2022-05-24,BUY,371.7699279785156,0.9129181433677106,339.395512410094,0.169697756205047,0.0,2022-05-24
2022-05-25,SELL,375.0545959472656,0.9129181433677106,342.3941453937046,0.1711970726968523,2.6577381547087384,2022-05-24
2022-05-26,BUY,382.5486450195313,0.8941396782162543,342.0519223598278,0.17102596117991392,0.0,2022-05-26
2022-05-27,SELL,391.9399108886719,0.8941396782162543,350.4490258021045,0.17522451290105223,8.050852968195727,2022-05-26
2022-06-07,BUY,392.39300537109375,0.8922145581625534,350.0987519132468,0.1750493759566234,0.0,2022-06-07
2022-06-08,SELL,388.1267700195313,0.8922145581625534,346.29235462403506,0.17314617731201754,-4.154592842480383,2022-06-07
2022-06-14,BUY,352.87420654296875,0.9803670229065989,345.9462353290586,0.1729731176645293,0.0,2022-06-14
2022-06-15,SELL,357.90496826171875,0.9803670229065989,350.878228218222,0.175439114109111,4.583580657389746,2022-06-14
2022-06-17,BUY,346.80572509765625,1.0107316574509773,350.5275253414421,0.17526376267072105,0.0,2022-06-17
2022-06-21,SELL,355.5361328125,1.0107316574509773,359.3516248012889,0.17967581240064445,8.469159884775422,2022-06-17
2022-06-22,BUY,354.8915405273437,1.0115553958515597,358.992452762507,0.1794962263812535,0.0,2022-06-22
2022-06-23,SELL,358.37042236328125,1.0115553958515597,362.5115344551796,0.18125576722758982,3.1583296990637564,2022-06-22
2022-06-28,BUY,360.825439453125,1.003668712036464,362.1492040859091,0.18107460204295456,0.0,2022-06-28
2022-06-29,SELL,360.5316467285156,1.003668712036464,361.85433352039473,0.18092716676019738,-0.6568723343174838,2022-06-28
2022-06-30,BUY,357.6025695800781,1.0108782508137808,361.4926600236227,0.18074633001181137,0.0,2022-06-30
2022-07-01,SELL,361.3847961425781,1.0108782508137808,365.31603059530414,0.18265801529765208,3.4599662263719893,2022-06-30
2022-07-05,BUY,362.0672302246094,1.007964451533055,364.95089713144074,0.18247544856572037,0.0,2022-07-05
2022-07-11,SELL,364.2190551757813,1.007964451533055,367.1198601881439,0.18355993009407195,1.8029276780433747,2022-07-05
2022-07-13,BUY,359.1003112792969,1.0213105148519435,366.75292379615183,0.1833764618980759,0.0,2022-07-13
2022-07-15,SELL,365.0721435546875,1.0213105148519435,372.85201889194053,0.18642600944597026,5.729292624444611,2022-07-13
2022-07-18,BUY,362.0578002929688,1.0287842242440015,372.4793532058915,0.18623967660294577,0.0,2022-07-18
2022-07-20,SELL,374.21002197265625,1.0287842242440015,384.9813671594699,0.19249068357973498,12.123283593395684,2022-07-18
2022-07-26,BUY,370.5322265625,1.037957161661145,384.5965781867968,0.1922982890933984,0.0,2022-07-26
2022-07-29,SELL,390.5332336425781,1.037957161661145,405.35676672599914,0.20267838336299956,20.365211866745938,2022-07-26
2022-08-08,BUY,391.4811706542969,1.0344089138682133,404.9516125363679,0.20247580626818396,0.0,2022-08-08
2022-08-22,SELL,391.8224487304688,1.0344089138682133,405.30463362046794,0.20265231681023396,-0.05210703897841995,2022-08-08
2022-08-23,BUY,390.87451171875,1.0358811316641447,404.8995315378888,0.20244976576894438,0.0,2022-08-23
2022-08-25,SELL,397.6615905761719,1.0358811316641447,411.93013846540873,0.20596506923270436,6.622192092518276,2022-08-23
2022-08-31,BUY,374.5987243652344,1.0985579699621462,411.5184141890814,0.2057592070945407,0.0,2022-08-31
2022-09-12,SELL,389.56640625,1.0985579699621462,427.96128041544875,0.2139806402077244,16.023126379065047,2022-08-31
2022-09-16,BUY,366.9810485839844,1.1650016660489615,427.5335330087367,0.21376676650436835,0.0,2022-09-16
2022-09-19,SELL,369.8269348144531,1.1650016660489615,430.8489952086186,0.2154244976043093,2.8862709357732115,2022-09-16
2022-09-21,BUY,359.2048034667969,1.1982533567929718,430.41836153024906,0.21520918076512455,0.0,2022-09-21
2022-09-28,SELL,352.6753234863281,1.1982533567929718,422.5943902255399,0.21129719511276995,-8.25047768058704,2022-09-21
2022-09-29,BUY,345.3083190917969,1.2225943705534745,422.1720070269137,0.21108600351345685,0.0,2022-09-29
2022-10-04,SELL,359.7568359375,1.2225943705534745,439.83668238531743,0.2199183411926587,17.233671013697574,2022-09-29
2022-10-07,BUY,345.3083190917969,1.2724774968267116,439.3970655113691,0.21969853275568454,0.0,2022-10-07
2022-10-13,SELL,348.3351135253906,1.2724774968267116,443.2485933156375,0.22162429665781874,3.410204974854935,2022-10-07
2022-10-14,BUY,340.39697265625,1.3008504828361946,442.80556623586176,0.22140278311793088,0.0,2022-10-14
2022-10-17,SELL,349.1441650390625,1.3008504828361946,454.1843556705045,0.22709217783525223,10.930294473689571,2022-10-14
2022-10-20,BUY,347.80206298828125,1.3045649999747426,453.73039829352257,0.2268651991467613,0.0,2022-10-20
2022-10-25,SELL,366.3719482421875,1.3045649999747426,477.95602064931575,0.23897801032465787,23.759779146321762,2022-10-20
2022-10-27,BUY,361.6700134277344,1.3202042905408105,477.47830348724744,0.23873915174362373,0.0,2022-10-27
2022-10-28,SELL,370.2743225097656,1.3202042905408105,488.8377492544844,0.24441887462724218,10.876287740866076,2022-10-27
2022-11-03,BUY,353.1321716308594,1.382907576918377,488.34915580195616,0.24417457790097807,0.0,2022-11-03
2022-11-07,SELL,361.6414184570313,1.382907576918377,500.11665771173796,0.250058328855869,11.27326900302495,2022-11-03
2022-11-09,BUY,356.10186767578125,1.4030164858395875,499.6167909873884,0.2498083954936942,0.0,2022-11-09
2022-11-10,SELL,375.6711730957031,1.4030164858395875,527.0728491079688,0.2635364245539844,26.94271330053266,2022-11-09
2022-11-17,BUY,375.2427978515625,1.4032142460249764,526.5460396635829,0.2632730198317914,0.0,2022-11-17
2022-11-18,SELL,376.9465942382813,1.4032142460249764,528.9368310257526,0.2644684155128763,1.863049926825056,2022-11-17
2022-11-21,BUY,375.5759887695313,1.4069274243599927,528.4081585309742,0.2642040792654871,0.0,2022-11-21
2022-11-23,SELL,383.0287170410156,1.4069274243599927,538.8936063224286,0.2694468031612143,9.951796909027621,2022-11-21
2022-11-25,BUY,382.9429626464844,1.4058359456659821,538.3549820282533,0.26917749101412664,0.0,2022-11-25
2022-11-30,SELL,388.03521728515625,1.4058359456659821,545.5138566437824,0.27275692832189125,6.616940196193127,2022-11-25
2022-12-06,BUY,374.8525695800781,1.4538212076770554,544.9686154077566,0.2724843077038783,0.0,2022-12-06
2022-12-08,SELL,377.14642333984375,1.4538212076770554,548.3034686510136,0.2741517343255068,2.788217201227667,2022-12-06
2022-12-09,BUY,374.32904052734375,1.4632993433408956,547.7554391970896,0.2738777195985448,0.0,2022-12-09
2022-12-14,SELL,380.1542053222656,1.4632993433408956,556.2793990163512,0.27813969950817563,7.971942400154944,2022-12-09
2022-12-19,BUY,363.3690185546875,1.529363730095765,555.7233976180341,0.27786169880901707,0.0,2022-12-19
2022-12-21,SELL,369.3069152832031,1.529363730095765,564.8046015076802,0.2824023007538401,8.520939890083241,2022-12-19
2022-12-22,BUY,364.0383911132813,1.5499466345893247,564.2400791673427,0.2821200395836714,0.0,2022-12-22
2022-12-23,SELL,366.1324157714844,1.5499466345893247,567.4857056390716,0.2837428528195358,2.6797635793257086,2022-12-22
2022-12-28,BUY,360.1561889648437,1.574090688720121,566.9185035344848,0.2834592517672424,0.0,2022-12-28
2022-12-29,SELL,366.63916015625,1.574090688720121,577.1232881221183,0.28856164406105916,9.63276369180528,2022-12-28
2023-01-03,BUY,364.1339721679688,1.5833360722121268,576.5464532514317,0.28827322662571586,0.0,2023-01-03
2023-01-04,SELL,366.9451293945313,1.5833360722121268,580.9974598929078,0.2904987299464539,3.872234684904015,2023-01-03
2023-01-10,BUY,373.4663391113281,1.5541340463713096,580.416752786568,0.290208376393284,0.0,2023-01-10
2023-01-26,SELL,387.0154113769531,1.5541340463713096,601.4738272913211,0.3007369136456605,20.4661292147141,2023-01-10
2023-01-30,BUY,383.0377807617188,1.568703360947161,600.8726540506501,0.3004363270253251,0.0,2023-01-30
2023-02-02,SELL,398.518310546875,1.568703360947161,625.1570131538673,0.31257850657693365,23.671344269614906,2023-01-30
2023-02-06,BUY,391.872802734375,1.5937114395416168,624.5321685630088,0.3122660842815044,0.0,2023-02-06
2023-02-07,SELL,396.998046875,1.5937114395416168,632.7003287803665,0.31635016439018326,7.539543968685962,2023-02-06
2023-02-09,BUY,389.2528991699219,1.6237976544080557,632.0679446436545,0.3160339723218273,0.0,2023-02-09
2023-02-13,SELL,394.7413940429688,1.6237976544080557,640.9801497447388,0.3204900748723694,8.275681053890025,2023-02-09
2023-02-14,BUY,394.5597839355469,1.6229213315605076,640.3394899249039,0.32016974496245193,0.0,2023-02-14
2023-02-15,SELL,395.8410034179688,1.6229213315605076,642.4188083533373,0.32120940417666866,1.437939279294369,2023-02-14
2023-03-02,BUY,380.3794860839844,1.6872011611377098,641.7767105938638,0.3208883552969319,0.0,2023-03-02
2023-03-06,SELL,386.7476806640625,1.6872011611377098,652.5211358837224,0.3262605679418612,10.097276366619894,2023-03-02
2023-03-10,BUY,369.0009460449219,1.7665779663502539,651.8689408453579,0.3259344704226789,0.0,2023-03-10
2023-03-14,SELL,374.5659484863281,1.7665779663502539,661.6999515410315,0.3308499757705158,9.174226249480398,2023-03-10
2023-03-15,BUY,372.2232971191406,1.7759194209236713,661.0385822741239,0.33051929113706197,0.0,2023-03-15
2023-03-16,SELL,378.75396728515625,1.7759194209236713,672.6365262535978,0.3363182631267989,10.931106425210032,2023-03-15
2023-03-17,BUY,374.3253784179688,1.7951340321019384,671.9642258775323,0.3359821129387661,0.0,2023-03-17
2023-03-21,SELL,382.8870849609375,1.7951340321019384,687.3336366656852,0.34366681833284257,14.689761856881319,2023-03-17
2023-03-22,BUY,376.3602294921875,1.8244399719135143,686.6466465240903,0.3433233232620452,0.0,2023-03-22
2023-04-03,SELL,394.4434509277344,1.8244399719135143,719.6383985320654,0.3598191992660327,32.288609485446955,2023-03-22
2023-04-04,BUY,392.2550659179688,1.832784792952192,718.919119772913,0.3594595598864565,0.0,2023-04-04
2023-04-06,SELL,392.754150390625,1.832784792952192,719.8338342047957,0.35991691710239787,0.1953379548939438,2023-04-04
2023-04-12,BUY,391.6599426269531,1.8360681852843423,719.1143601076394,0.3595571800538197,0.0,2023-04-12
2023-04-14,SELL,395.8928527832031,1.8360681852843423,726.8862717766971,0.36344313588834853,7.0489113531155,2023-04-12
2023-04-26,BUY,388.11810302734375,1.8709762391971343,726.1597487664255,0.36307987438321276,0.0,2023-04-26
2023-04-27,SELL,395.8448486328125,1.8709762391971343,740.6163062005784,0.3703081531002892,13.723169406669399,2023-04-26
2023-04-28,BUY,399.2234802246094,1.853287936874864,739.8760600174694,0.3699380300087347,0.0,2023-04-28
2023-05-01,SELL,398.8204040527344,1.853287936874864,739.1290438104918,0.3695645219052459,-1.4865187588915205,2023-04-28
2023-05-04,BUY,388.8572387695313,1.8988724151902545,738.3902841465134,0.3691951420732567,0.0,2023-05-04
2023-05-05,SELL,396.0559997558594,1.8988724151902545,752.0598128069995,0.37602990640349976,12.92430361200934,2023-05-04
2023-05-10,BUY,396.2671508789063,1.8959636880569166,751.3081288361778,0.3756540644180889,0.0,2023-05-10
2023-05-11,SELL,395.5760803222656,1.8959636880569166,749.9978841549018,0.37499894207745094,-2.0608976877715577,2023-05-10
2023-05-16,BUY,393.77154541015625,1.902748611004533,749.2482610822832,0.37462413054114163,0.0,2023-05-16
2023-05-18,SELL,402.3908996582031,1.902748611004533,765.6487254055104,0.3828243627027552,15.643015829983256,2023-05-16
2023-05-23,BUY,397.4573059082031,1.9244418153677338,764.8834593131511,0.3824417296565756,0.0,2023-05-23
2023-06-02,SELL,410.7318420410156,1.9244418153677338,790.4295317267454,0.3952147658633727,24.768415918074425,2023-05-23
2023-06-07,BUY,409.4168090820313,1.9286933992347703,789.639497212276,0.394819748606138,0.0,2023-06-07
2023-06-15,SELL,424.8222351074219,1.9286933992347703,819.3518406998463,0.4096759203499232,28.9078478186143,2023-06-07
2023-06-16,BUY,423.3751220703125,1.9333514315335525,818.5328983303312,0.40926644916516564,0.0,2023-06-16
2023-06-20,SELL,421.1785888671875,1.9333514315335525,814.2862277176586,0.4071431138588293,-5.0630801756967685,2023-06-16
2023-06-21,BUY,419.02056884765625,1.9413661497971473,813.4723484295849,0.40673617421479247,0.0,2023-06-21
2023-06-22,SELL,420.5331726074219,1.9413661497971473,816.4088661668497,0.40820443308342486,2.1215771299666812,2023-06-21
2023-06-23,BUY,417.3539123535156,1.9541996400653736,815.5928653011157,0.40779643265055787,0.0,2023-06-23
2023-07-07,SELL,422.4984130859375,1.9541996400653736,825.6462467807306,0.4128231233903653,9.232761923574003,2023-06-23
2023-07-10,BUY,423.5678405761719,1.947317369583053,824.821013150765,0.41241050657538253,0.0,2023-07-10
2023-07-19,SELL,438.5390319824219,1.947317369583053,853.9746742195081,0.42698733710975406,28.31426322505797,2023-07-10
2023-07-27,BUY,435.92822265625,1.9570220095429907,853.1211263192387,0.4265605631596193,0.0,2023-07-27
2023-08-02,SELL,433.6546325683594,1.9570220095429907,848.6716604765579,0.424335830238279,-5.300362236078627,2023-07-27
2023-08-22,BUY,422.1130676269531,2.0085220713638807,847.8234129398497,0.4239117064699249,0.0,2023-08-22
2023-08-24,SELL,420.8992309570313,2.0085220713638807,845.3853951972809,0.4226926975986405,-3.284622146637389,2023-08-22
2023-08-25,BUY,423.866455078125,1.9924681988053972,844.5404322835406,0.4222702161417703,0.0,2023-08-25
2023-08-30,SELL,434.50244140625,1.9924681988053972,865.7322968052586,0.43286614840262927,20.33672815717364,2023-08-25
2023-09-06,BUY,429.8877258300781,2.01184389595746,864.8669971582768,0.43243349857913843,0.0,2023-09-06
2023-09-12,SELL,429.6661376953125,2.01184389595746,864.421196421932,0.432210598210966,-1.3104448331349658,2023-09-06
2023-09-13,BUY,430.16705322265625,2.007492672324977,863.5572072201109,0.43177860361005543,0.0,2023-09-13
2023-09-14,SELL,433.8761596679688,2.007492672324977,871.0032112299491,0.4355016056149746,6.578723800613261,2023-09-13
2023-09-19,BUY,428.0105895996094,2.032969894779157,870.1326433026828,0.4350663216513414,0.0,2023-09-19
2023-09-20,SELL,424.0757751464844,2.032969894779157,862.1332839779378,0.43106664198896893,-8.865492288385326,2023-09-19
2023-09-27,BUY,411.9038391113281,2.090953032638267,861.2715815451763,0.4306357907725882,0.0,2023-09-27
2023-09-29,SELL,413.2863159179688,2.090953032638267,864.1622756165738,0.4320811378082869,2.027977142816553,2023-09-27
2023-10-13,BUY,417.1728820800781,2.0694023564083164,863.2985452061623,0.43164927260308117,0.0,2023-10-13
2023-10-17,SELL,421.542724609375,2.0694023564083164,872.3415076334226,0.4361707538167113,8.175142400840514,2023-10-13
2023-10-26,BUY,398.8520812988281,2.1849443514014006,871.4696020785667,0.43573480103928336,0.0,2023-10-26
2023-10-27,SELL,397.0441284179688,2.1849443514014006,867.5193256439333,0.43375966282196665,-4.819770898494767,2023-10-26
2023-10-30,BUY,401.79107666015625,2.1569723426043486,866.6522398611806,0.43332611993059034,0.0,2023-10-30
2023-11-07,SELL,422.4225158691406,2.1569723426043486,911.1536836230829,0.45557684181154146,43.612540800160104,2023-10-30
2023-11-08,BUY,422.7319030761719,2.1532393904148055,910.242985288627,0.4551214926443135,0.0,2023-11-08
2023-11-21,SELL,438.219970703125,2.1532393904148055,943.5925025843908,0.4717962512921954,32.42259955182726,2023-11-08
2023-11-22,BUY,439.911865234375,2.1428141774263247,942.6493816422775,0.47132469082113876,0.0,2023-11-22
2023-11-24,SELL,440.1825866699219,2.1428141774263247,943.2294873725006,0.4716147436862503,-0.3628337042842986,2023-11-22
2023-11-28,BUY,439.8248901367188,2.1424133794958125,942.2867292641822,0.4711433646320911,0.0,2023-11-28
2023-11-29,SELL,439.5154724121094,2.1424133794958125,941.6238285911257,0.4708119142955629,-1.6048559519841774,2023-11-28
2023-11-30,BUY,441.24603271484375,2.1318779220550605,940.6826753391604,0.4703413376695802,0.0,2023-11-30
2023-12-04,SELL,441.5264587402344,2.1318779220550605,941.2805093914603,0.4706402546957302,-0.34314754006527437,2023-11-30
2023-12-05,BUY,441.4394226074219,2.130167019820924,940.3396992871213,0.4701698496435607,0.0,2023-12-05
2023-12-06,SELL,439.66058349609375,2.130167019820924,936.5504748786026,0.46827523743930133,-4.727669495601617,2023-12-05
2023-12-07,BUY,443.0153198242188,2.1119233366832035,935.6143924449408,0.4678071962224704,0.0,2023-12-07
2023-12-14,SELL,456.337890625,2.1119233366832035,963.7506406237247,0.48187532031186237,27.186565662249677,2023-12-07
2023-12-18,BUY,458.1491394042969,2.101471527087134,962.787371617604,0.481393685808802,0.0,2023-12-18
2023-12-21,SELL,458.8577575683594,2.101471527087134,964.2765125129581,0.48213825625647905,0.5256089532888382,2023-12-18
2023-12-22,BUY,459.7798767089844,2.0951606773070615,963.3127178977529,0.4816563589488765,0.0,2023-12-22
2023-12-29,SELL,461.3913269042969,2.0951606773070615,966.6889649804104,0.48334448249020523,2.411246241218464,2023-12-22
2024-01-08,BUY,460.7021484375,2.096197646122706,965.7227591183611,0.48286137955918057,0.0,2024-01-08
2024-01-09,SELL,460.0032348632813,2.096197646122706,964.2576981292406,0.4821288490646203,-2.4300512177442215,2024-01-08
2024-01-10,BUY,462.6047058105469,2.082326250078225,963.2939223190165,0.4816469611595082,0.0,2024-01-10
2024-01-11,SELL,462.40087890625,2.082326250078225,962.869488205727,0.48143474410286347,-1.3875158185519467,2024-01-10
2024-01-18,BUY,462.5368041992188,2.0796336446718,961.9070999116681,0.48095354995583406,0.0,2024-01-18
2024-01-19,SELL,468.30279541015625,2.0796336446718,973.8982492288154,0.4869491246144077,11.023246642577078,2024-01-18
2024-01-22,BUY,469.29290771484375,2.073171832966494,972.9248376853583,0.48646241884267916,0.0,2024-01-22
2024-01-23,SELL,470.6616516113281,2.073171832966494,975.7624789780945,0.48788123948904727,1.8632976344043755,2024-01-22
2024-01-29,BUY,476.8840026855469,2.0440761246908576,974.7872041365372,0.4873936020682686,0.0,2024-01-29
2024-01-30,SELL,476.5151062011719,2.0440761246908576,974.0331516403438,0.48701657582017194,-1.7284626740818112,2024-01-29
2024-02-01,BUY,474.8745727539063,2.0490876140596397,973.0596052618927,0.48652980263094636,0.0,2024-02-01
2024-02-05,SELL,478.1265258789063,2.0490876140596397,979.7231421318327,0.4898615710659163,5.687145496243147,2024-02-01
2024-02-09,BUY,486.523193359375,2.0117106891623666,978.7439086064636,0.4893719543032318,0.0,2024-02-09
2024-02-12,SELL,486.3096008300781,2.0117106891623666,978.3142222321519,0.48915711111607596,-1.408215439731066,2024-02-09
2024-02-13,BUY,479.6116638183594,2.0377661150724546,977.3363969225743,0.4886681984612872,0.0,2024-02-13
2024-02-15,SELL,487.3094482421875,2.0377661150724546,993.0226811825838,0.4965113405912919,14.701104720957005,2024-02-13
2024-02-16,BUY,484.8827209472656,2.0459177279540564,992.0301547646104,0.4960150773823052,0.0,2024-02-16
2024-02-23,SELL,492.97845458984375,2.0459177279540564,1008.593359744755,0.5042966798723776,15.562893222890011,2024-02-16
2024-02-29,BUY,493.2017211914063,2.0429475955511416,1007.5852704296681,0.5037926352148341,0.0,2024-02-29
2024-03-01,SELL,497.83203125,2.0429475955511416,1017.0447512305283,0.5085223756152641,8.447165790030112,2024-02-29
2024-03-05,BUY,492.3280944824219,2.063721786618081,1016.0282147475391,0.5080141073737695,0.0,2024-03-05
2024-03-12,SELL,501.6470031738281,2.063721786618081,1035.2598496414987,0.5176299248207493,18.20599086176503,2024-03-05
2024-03-14,BUY,499.87054443359375,2.068985897808768,1034.2251071630965,0.5171125535815483,0.0,2024-03-14
2024-03-15,SELL,496.4381713867188,2.068985897808768,1027.1235757330933,0.5135617878665466,-8.132205771451254,2024-03-14
2024-04-01,BUY,508.4441223144531,2.0181115690583087,1026.0969654624955,0.5130484827312478,0.0,2024-04-01
2024-04-05,SELL,504.8122253417969,2.0181115690583087,1018.7673921643502,0.5093836960821752,-8.352005476958652,2024-04-01
2024-04-09,BUY,505.6789245605469,2.0126390175065687,1017.7491339013174,0.5088745669506587,0.0,2024-04-09
2024-04-11,SELL,504.3935546875,2.0126390175065687,1015.1621483428958,0.5075810741714479,-3.6034411995436813,2024-04-09
2024-04-12,BUY,497.4313354492188,2.0387688134003663,1014.1474935219634,0.5070737467609817,0.0,2024-04-12
2024-04-15,SELL,491.1995239257813,2.0387688134003663,1001.44227053699,0.500721135268495,-13.713017867002804,2024-04-12
2024-04-23,BUY,492.367919921875,2.0318978720142753,1000.4413287373529,0.5002206643686765,0.0,2024-04-23
2024-04-24,SELL,492.1342468261719,2.0318978720142753,999.9665288714467,0.4999832644357234,-1.4750037947106875,2024-04-23
2024-04-25,BUY,490.2646484375,2.0376077803279005,998.9670620759729,0.49948353103798643,0.0,2024-04-25
2024-04-26,SELL,494.9093627929688,2.0376077803279005,1008.4311681840768,0.5042155840920384,8.460406992973844,2024-04-25
2024-05-01,BUY,487.2071533203125,2.0677513335219206,1007.4232409794951,0.5037116204897475,0.0,2024-05-01
2024-05-10,SELL,507.158935546875,2.0677513335219206,1048.6785652846086,0.5243392826423043,40.22727340198139,2024-05-01
2024-05-13,BUY,507.22705078125,2.0654072159262173,1047.6304107965677,0.5238152053982839,0.0,2024-05-13
2024-05-16,SELL,514.8027954101562,2.0654072159262173,1063.2774084191249,0.5316387042095625,14.59154371294926,2024-05-13
2024-05-22,BUY,515.912841796875,2.0589033191810686,1062.2146623837234,0.5311073311918617,0.0,2024-05-22
2024-05-30,SELL,508.8824768066406,2.0589033191810686,1047.7398205702755,0.5238699102851377,-15.529819054924928,2024-05-22
2024-05-31,BUY,513.5174560546875,2.0382804752139583,1046.6926043578114,0.5233463021789058,0.0,2024-05-31
2024-06-05,SELL,520.6256713867188,2.0382804752139583,1061.1811408827073,0.5305905704413536,13.434599652275665,2024-05-31
2024-06-11,BUY,522.845703125,2.027597212200447,1060.1204900672326,0.5300602450336163,0.0,2024-06-11
2024-06-12,SELL,527.139892578125,2.027597212200447,1068.8273766310494,0.5344136883155247,7.642412630467788,2024-06-11
2024-06-14,BUY,528.5225219726562,2.0202716800331078,1067.7590834010334,0.5338795417005168,0.0,2024-06-14
2024-06-17,SELL,532.7291870117188,2.0202716800331078,1076.2576896468368,0.5381288448234184,7.4265978592793545,2024-06-14
2024-06-20,BUY,532.6317138671875,2.0186217640153563,1075.1819698171046,0.5375909849085523,0.0,2024-06-20
2024-06-21,SELL,531.9176635742188,2.0186217640153563,1073.7405723551162,0.5368702861775582,-2.5158587330745377,2024-06-20
2024-07-08,BUY,542.438720703125,1.977490410334873,1072.6673683847462,0.5363336841923732,0.0,2024-07-08
2024-07-22,SELL,541.8232421875,1.977490410334873,1071.4502655223307,0.5357251327611654,-2.2891616793690446,2024-07-08
2024-07-23,BUY,540.9733276367188,1.9786176065098113,1070.3793507142125,0.5351896753571063,0.0,2024-07-23
2024-07-25,SELL,525.958740234375,1.9786176065098113,1040.6712237254546,0.5203356118627274,-30.76365227597762,2024-07-23
2024-08-05,BUY,505.4150695800781,2.056984714446833,1039.6310725773033,0.5198155362886516,0.0,2024-08-05
2024-08-07,SELL,506.6654968261719,2.056984714446833,1042.203182309046,0.521101591154523,1.5311926042995765,2024-08-05
2024-08-15,BUY,540.27978515625,1.9270783926642778,1041.1614999679075,0.5205807499839538,0.0,2024-08-15
2024-08-16,SELL,541.4910278320312,1.9270783926642778,1043.4956595566784,0.5217478297783392,1.291831009008547,2024-08-15
2024-08-28,BUY,545.3887329101562,1.9113938783108941,1042.4526853842078,0.5212263426921039,0.0,2024-08-28
2024-08-29,SELL,545.4375610351562,1.9113938783108941,1042.5460151634222,0.5212730075817111,-0.9491695710594286,2024-08-28
2024-09-18,BUY,548.4171752929688,1.8991089941783474,1041.5039901607604,0.5207519950803802,0.0,2024-09-18
2024-09-19,SELL,557.7755126953125,1.8991089941783474,1059.276492892107,0.5296382464460535,16.72211248982012,2024-09-18
2024-09-27,BUY,559.9664306640625,1.8897878298130073,1058.2177457727746,0.5291088728863873,0.0,2024-09-27
2024-09-30,SELL,562.2103881835938,1.8897878298130073,1062.458349383802,0.531229174691901,3.180265563449211,2024-09-27
2024-10-21,BUY,571.8817749023438,1.8559717560143583,1061.3964219981108,0.5306982109990555,0.0,2024-10-21
2024-10-22,SELL,571.5780029296875,1.8559717560143583,1060.832629796592,0.530416314898296,-1.6249067274161462,2024-10-21
2024-10-25,BUY,567.3840942382812,1.8678217068118375,1059.772327318035,0.5298861636590175,0.0,2024-10-25
2024-10-31,SELL,557.1934814453125,1.8678217068118375,1040.7380795376134,0.5203690397688068,-20.08450298384946,2024-10-25
2024-11-05,BUY,565.09130859375,1.83987586741404,1039.6978615670607,0.5198489307835303,0.0,2024-11-05
2024-11-12,SELL,584.8845825195312,1.83987586741404,1076.1150286002212,0.5380575143001106,35.35926058807672,2024-11-05
2024-11-15,BUY,573.958984375,1.8730248687210316,1075.039451360241,0.5375197256801205,0.0,2024-11-15
2024-12-03,SELL,591.7534790039062,1.8730248687210316,1108.3689823265051,0.5541844911632526,32.23782674942095,2024-11-15
2024-12-04,BUY,595.4280395507812,1.8596053489303017,1107.261167251716,0.553630583625858,0.0,2024-12-04
2024-12-05,SELL,594.4481201171875,1.8596053489303017,1105.4389038314844,0.5527194519157422,-2.9286134557730747,2024-12-04
2024-12-06,BUY,595.5750732421875,1.854231426038564,1104.3340173708834,0.5521670086854418,0.0,2024-12-06
2024-12-18,SELL,574.4784545898438,1.854231426038564,1065.2160040825563,0.5326080020412781,-40.202788299053964,2024-12-06
2024-12-19,BUY,574.302001953125,1.852947259109784,1064.1513204203047,0.5320756602101524,0.0,2024-12-19
2024-12-20,SELL,581.199951171875,1.852947259109784,1076.932856518666,0.5384664282593331,11.710994009891692,2024-12-19
2024-12-24,BUY,591.1790771484375,1.819848677745649,1075.8564618594771,0.5379282309297386,0.0,2024-12-24
2024-12-27,SELL,584.9949951171875,1.819848677745649,1064.602368351836,0.532301184175918,-12.32432292274666,2024-12-24
2024-12-30,BUY,578.3192749023438,1.8390158242577028,1063.5382980186507,0.5317691490093254,0.0,2024-12-30
2025-01-16,SELL,581.6817626953125,1.8390158242577028,1069.7219662787936,0.5348609831393968,5.117038127994192,2024-12-30
2025-01-17,BUY,587.521728515625,1.8189161813745252,1068.652778906201,0.5343263894531005,0.0,2025-01-17
2025-01-23,SELL,599.4868774414062,1.8189161813745252,1090.4163818998607,0.5452081909499303,20.684068413256455,2025-01-17
2025-01-27,BUY,589.2815551757812,1.8485671253170999,1089.326510453684,0.544663255226842,0.0,2025-01-27
2025-01-28,SELL,594.3449096679688,1.8485671253170999,1098.6864611117685,0.5493432305558843,8.265944172301715,2025-01-27
2025-01-29,BUY,591.680419921875,1.8550357367990602,1097.5883237193527,0.5487941618596763,0.0,2025-01-29
2025-01-30,SELL,594.8561401367188,1.8550357367990602,1103.479398207963,0.5517396991039815,4.790540627646578,2025-01-29
2025-01-31,BUY,591.6903686523438,1.8630968639637253,1102.3764702737221,0.5511882351368611,0.0,2025-01-31
2025-02-03,SELL,587.7085571289062,1.8630968639637253,1094.9579697115112,0.5474789848557556,-8.517167782203614,2025-01-31
2025-02-21,BUY,589.842041015625,1.8545025326843483,1093.863558947182,0.546931779473591,0.0,2025-02-21
2025-02-24,SELL,587.157958984375,1.8545025326843483,1088.8859220222962,0.5444429610111481,-6.069011665370454,2025-02-21
2025-02-25,BUY,584.2379150390625,1.8619085688720125,1087.7975802711494,0.5438987901355747,0.0,2025-02-25
2025-02-26,SELL,584.5328979492188,1.8619085688720125,1088.34681147924,0.54417340573962,-0.5388409877846243,2025-02-25
2025-03-14,BUY,553.3368530273438,1.964913420497383,1087.2590085692157,0.5436295042846079,0.0,2025-03-14
2025-03-25,SELL,567.47607421875,1.964913420497383,1115.041354043591,0.5575206770217954,26.681195293068868,2025-03-14
2025-03-28,BUY,547.9506225585938,2.0328964400665286,1113.9268699316033,0.5569634349658017,0.0,2025-03-28
2025-04-02,SELL,556.687744140625,2.0328964400665286,1131.6885332921431,0.5658442666460716,16.638855658927923,2025-03-28
2025-04-04,BUY,498.2696838378906,2.268966880770851,1130.5574103203369,0.5652787051601684,0.0,2025-04-04
2025-04-07,SELL,497.3821716308594,2.268966880770851,1128.543674516303,0.5642718372581516,-3.143286346451987,2025-04-04
2025-04-08,BUY,489.591796875,2.302766717146356,1127.4156948316295,0.5637078474158147,0.0,2025-04-08
2025-04-09,SELL,541.0084838867188,2.302766717146356,1245.8163303881468,0.6229081651940734,117.2140195439074,2025-04-08
2025-04-16,BUY,518.366943359375,2.400946188020684,1244.5711366546252,0.6222855683273126,0.0,2025-04-16
2025-04-24,SELL,539.105224609375,2.400946188020684,1294.3626339679136,0.6471813169839568,48.52203042797714,2025-04-16
2025-04-30,BUY,546.84619140625,2.364593442383907,1293.0689181918335,0.6465344590959168,0.0,2025-04-30
2025-05-01,SELL,550.7216796875,2.364593442383907,1302.232872367713,0.6511164361838565,7.866303280599823,2025-04-30
2025-05-08,BUY,557.2203369140625,2.3346802047661495,1300.9312902863862,0.6504656451431932,0.0,2025-05-08
2025-05-14,SELL,579.4376831054688,2.3346802047661495,1352.801688641899,0.6764008443209496,50.543531866048625,2025-05-08
2025-05-21,BUY,574.7732543945312,2.351274268041044,1351.4495630160702,0.6757247815080352,0.0,2025-05-21
2025-05-27,SELL,582.9483642578125,2.351274268041044,1370.671488476012,0.685335744238006,17.86086493419566,2025-05-21
2025-05-28,BUY,579.5757446289062,2.3625928356569283,1369.3015019807833,0.6846507509903916,0.0,2025-05-28
2025-06-11,SELL,593.0166625976562,2.3625928356569283,1401.0569184784047,0.7005284592392024,30.370237287391774,2025-05-28
2025-06-12,BUY,595.3734741210938,2.3508883458479684,1399.6565617382962,0.6998282808691482,0.0,2025-06-12
2025-06-13,SELL,588.7171630859375,2.3508883458479684,1384.0083176994083,0.6920041588497041,-17.04007647860658,2025-06-12
2025-06-17,BUY,589.2398681640625,2.346455282036472,1382.625001040039,0.6913125005200196,0.0,2025-06-17
2025-06-25,SELL,600.4666137695312,2.346455282036472,1408.968057566071,0.7044840287830355,24.94725999672869,2025-06-17
2025-06-26,BUY,605.1646118164062,2.3259122661116387,1407.5597936404677,0.7037798968202339,0.0,2025-06-26
2025-07-01,SELL,610.88134765625,2.3259122661116387,1420.8564196524803,0.7104282098262402,11.88241790536631,2025-06-26
2025-07-02,BUY,613.6505737304688,2.3131018434107324,1419.4362733060009,0.7097181366530004,0.0,2025-07-02
2025-08-08,SELL,630.1972045898438,2.3131018434107324,1457.710315649058,0.728855157824529,36.835469048579625,2025-07-02
2025-08-11,BUY,628.9509887695312,2.315368541948412,1456.2533338243215,0.7281266669121608,0.0,2025-08-11
2025-08-20,SELL,631.1170043945312,2.315368541948412,1461.2684582638153,0.7306342291319077,3.5563635434496064,2025-08-11
2025-08-21,BUY,628.5850830078125,2.3223712422340483,1459.8079200746458,0.7299039600373229,0.0,2025-08-21
2025-09-02,SELL,633.2533569335938,2.3223712422340483,1470.6493851907512,0.7353246925953756,9.376236463472651,2025-08-21
2025-09-04,BUY,642.0064086914062,2.288418699366857,1469.1794707627746,0.7345897353813873,0.0,2025-09-04
2025-09-08,SELL,641.7195434570312,2.288418699366857,1468.5230029962327,0.7342615014981163,-2.1253190034215095,2025-09-04
2025-09-10,BUY,645.0625610351562,2.274283616047336,1467.0552138877904,0.7335276069438952,0.0,2025-09-10
2025-09-26,SELL,656.3819580078125,2.274283616047336,1492.7987329662383,0.7463993664831191,24.26359210502096,2025-09-10
2025-09-29,BUY,658.2266845703125,2.265642999923566,1491.3066802596256,0.7456533401298129,0.0,2025-09-29
2025-10-02,SELL,663.7210693359375,2.265642999923566,1503.7549946427505,0.7518774973213752,10.95078354567363,2025-09-29
2025-10-03,BUY,663.7112426757812,2.2634119999134845,1502.2519911498541,0.7511259955749271,0.0,2025-10-03
2025-10-08,SELL,667.5791625976562,2.2634119999134845,1511.0066875157304,0.7555033437578652,7.248067026543367,2025-10-03
2025-10-09,BUY,665.6452026367188,2.267719244388238,1509.4964359539954,0.7547482179769978,0.0,2025-10-09
2025-10-21,SELL,665.7741088867188,2.267719244388238,1509.7887591378424,0.7548943795689212,-1.2173194136989878,2025-10-09
2025-10-22,BUY,662.3128051757812,2.277292108968843,1508.2797248958252,0.7541398624479126,0.0,2025-10-22
2025-10-23,SELL,666.2402954101562,2.277292108968843,1517.2237674146197,0.7586118837073099,7.431290772639386,2025-10-22
2025-10-31,BUY,676.4556274414062,2.2406603484295227,1515.7073018799726,0.7578536509399864,0.0,2025-10-31
2025-11-03,SELL,677.7251586914062,2.2406603484295227,1518.55189021294,0.75927594510647,1.3274587369207893,2025-10-31
2025-11-04,BUY,669.6917114257812,2.2652723205867984,1517.0340972192241,0.7585170486096121,0.0,2025-11-04
2025-11-10,SELL,675.8407592773438,2.2652723205867984,1530.9633651153322,0.7654816825576661,12.405269164940819,2025-11-04
2025-11-24,BUY,663.2351684570312,2.3060194024503637,1529.4331668493496,0.7647165834246749,0.0,2025-11-24
2025-11-25,SELL,669.4734497070312,2.3060194024503637,1543.8187644497918,0.7719093822248959,12.848971634792633,2025-11-24
2025-11-28,BUY,677.7747192382812,2.2754990315104298,1542.2757172089625,0.7711378586044813,0.0,2025-11-28
2025-12-01,SELL,674.6802978515625,2.2754990315104298,1535.2343643403988,0.7676171821701994,-8.580107909338494,2025-11-28
2025-12-09,BUY,677.4276123046875,2.2640055842893654,1533.6998972096237,0.7668499486048119,0.0,2025-12-09
2025-12-15,SELL,675.1365356445312,2.2640055842893654,1528.512886856995,0.7642564434284975,-6.718116744661984,2025-12-09
2026-01-06,BUY,688.1529541015625,2.2189618292611164,1526.9851378446442,0.7634925689223221,0.0,2026-01-06
2026-01-09,SELL,690.4010009765625,2.2189618292611164,1531.973468050659,0.7659867340253295,3.4588509030670593,2026-01-06
2026-01-12,BUY,691.4852294921875,2.213268186958188,1530.4422601865404,0.7652211300932702,0.0,2026-01-12
2026-01-16,SELL,688.0037231445312,2.213268186958188,1522.7367529445796,0.7613683764722898,-9.232096748526374,2026-01-12
2026-01-21,BUY,681.77685546875,2.231250247023447,1521.2147771795176,0.7606073885897588,0.0,2026-01-21
2026-01-22,SELL,685.3379516601562,2.231250247023447,1529.160473936267,0.7645802369681335,6.420509131191466,2026-01-21
2026-01-23,BUY,685.5865478515625,2.2282118609935426,1527.6320776604684,0.7638160388302342,0.0,2026-01-23
2026-02-04,SELL,682.5626831054688,2.2282118609935426,1520.8942663671821,0.760447133183591,-8.262074465300202,2026-01-23
2026-02-06,BUY,686.96923828125,2.2117062125944456,1519.3741321679147,0.7596870660839574,0.0,2026-02-06
2026-02-10,SELL,688.4613037109375,2.2117062125944456,1522.674142548352,0.7613370712741759,1.778986243079089,2026-02-06
2026-02-12,BUY,677.668701171875,2.2446842044378132,1521.1522293623964,0.7605761146811982,0.0,2026-02-12
2026-02-20,SELL,685.7855834960938,2.2446842044378132,1539.3720669048507,0.7696860334524254,16.689575394320627,2026-02-12
2026-02-23,BUY,678.7827758789062,2.2655752602857375,1537.8334641393285,0.7689167320696643,0.0,2026-02-23
2026-02-24,SELL,683.7164916992188,2.2655752602857375,1549.011168643109,0.7745055843215545,9.634282187389317,2026-02-23
2026-02-26,BUY,685.6561889648438,2.2569079904744145,1547.462931592991,0.7737314657964955,0.0,2026-02-26
2026-03-04,SELL,681.50830078125,2.2569079904744145,1538.1015296078438,0.7690507648039219,-10.904184215747819,2026-02-26
2026-03-05,BUY,677.7084350585938,2.267293894035446,1536.5641967446672,0.7682820983723336,0.0,2026-03-05
2026-03-09,SELL,674.6845092773438,2.267293894035446,1529.7080682848227,0.7648540341424114,-8.389264592359268,2026-03-05
2026-03-18,BUY,657.9335327148438,2.3226953008194937,1528.1791246883363,0.7640895623441681,0.0,2026-03-18
2026-03-19,SELL,656.3121337890625,2.3226953008194937,1524.4131090226704,0.7622065545113352,-5.292311782521438,2026-03-18
2026-03-25,BUY,655.1322021484375,2.3245528959576904,1522.8894577392894,0.7614447288696446,0.0,2026-03-25
2026-03-26,SELL,643.432373046875,2.3245528959576904,1495.6925861190423,0.7478462930595211,-28.706162642176196,2026-03-25
2026-04-01,BUY,653.5562744140625,2.2862570516136254,1494.19764100548,0.74709882050274,0.0,2026-04-01
2026-04-06,SELL,657.23681640625,2.2862570516136254,1502.6123060888788,0.7513061530444394,6.916260109851692,2026-04-01
2026-04-08,BUY,674.27294921875,2.2262652631293416,1501.1104447134776,0.7505552223567388,0.0,2026-04-08
2026-04-13,SELL,684.3369750976562,2.2262652631293416,1523.5156359349214,0.7617578179674607,20.892878181119613,2026-04-08
2026-04-14,BUY,692.675537109375,2.197266685680268,1521.992881676116,0.7609964408380581,0.0,2026-04-14
2026-04-20,SELL,706.8988037109375,2.197266685680268,1553.245191541278,0.7766225957706391,29.71469082855333,2026-04-14
2026-04-21,BUY,702.2708129882812,2.209536113257363,1551.6927225842153,0.7758463612921077,0.0,2026-04-21
2026-04-22,SELL,709.3825073242188,2.209536113257363,1567.4062680459172,0.7837031340229585,14.153995966386901,2026-04-21
2026-04-23,BUY,706.6295776367188,2.215927120297184,1565.8396450893495,0.7829198225446747,0.0,2026-04-23
2026-04-24,SELL,712.10546875,2.215927120297184,1577.9738207150638,0.7889869103575319,10.562268892811971,2026-04-23
2026-04-27,BUY,713.332275390625,2.2099051029532046,1576.3966354869629,0.7881983177434815,0.0,2026-04-27
2026-04-28,SELL,709.8612060546875,2.2099051029532046,1568.72590164877,0.7843629508243851,-9.24329510676057,2026-04-27
2026-04-30,BUY,716.8132934570312,2.1862847327510235,1567.1579597180867,0.7835789798590433,0.0,2026-04-30
2026-05-07,SELL,729.7001342773438,2.1862847327510235,1595.3322630569285,0.7976661315284642,26.59305822745432,2026-04-30
2026-05-11,BUY,737.4002685546875,2.1612925788393222,1593.7377280613694,0.7968688640306847,0.0,2026-05-11
2026-05-12,SELL,736.2831420898438,2.1612925788393222,1591.3232909232775,0.7956616454616388,-4.006967647584361,2026-05-11
2026-05-14,BUY,746.2474975585938,2.1303023033206823,1589.7327628963674,0.7948663814481837,0.0,2026-05-14
2026-05-18,SELL,736.751953125,2.1303023033206823,1569.504382718199,0.7847521913590995,-21.807998750975685,2026-05-14
2026-05-19,BUY,731.8446044921875,2.1424434272948583,1567.9356626954923,0.7839678313477462,0.0,2026-05-19
2026-05-20,SELL,739.3452758789062,2.1424434272948583,1584.0054268082663,0.7920027134041332,14.493793568022056,2026-05-19
2026-05-26,BUY,748.6613159179688,2.113668997373112,1582.4222129883678,0.7912111064941839,0.0,2026-05-26
2026-06-01,SELL,756.5908203125,2.113668997373112,1599.1825605916224,0.7995912802958112,15.169545216464712,2026-05-26
2026-06-02,BUY,757.6182250976562,2.108692906663892,1597.5841772227157,0.7987920886113579,0.0,2026-06-02
2026-06-03,SELL,752.3018798828125,2.108692906663892,1586.373637778798,0.793186818889399,-12.802518351418485,2026-06-02
2026-06-08,BUY,737.3204345703125,2.149388491931609,1584.7880569314425,0.7923940284657213,0.0,2026-06-08
2026-06-09,SELL,735.1560668945312,2.149388491931609,1580.1359899568095,0.7900679949784047,-6.234528998077167,2026-06-08
2026-06-11,BUY,735.8642578125,2.145173687783911,1578.5566436400113,0.7892783218200057,0.0,2026-06-11
2026-06-12,SELL,739.843994140625,2.145173687783911,1587.0938692954228,0.7935469346477114,6.95440039894379,2026-06-11
2026-06-15,BUY,752.890380859375,2.105894309297369,1585.5075685764868,0.7927537842882434,0.0,2026-06-15
2026-06-16,SELL,748.4019775390625,2.105894309297369,1576.0554655664093,0.7880277327832047,-11.03288452714878,2026-06-15
2026-06-17,BUY,739.0560302734375,2.1303935469577717,1574.4801977347588,0.7872400988673794,0.0,2026-06-17
2026-06-18,SELL,746.739990234375,2.1303935469577717,1590.8500564506219,0.7954250282253109,14.787193588770378,2026-06-17
2026-06-23,BUY,733.5800170898438,2.1664439657535604,1589.2600014216857,0.7946300007108429,0.0,2026-06-23
2026-06-29,SELL,741.0,2.1664439657535604,1605.3349786233882,0.8026674893116942,14.477679711679912,2026-06-23
2026-07-22,BUY,747.4099731445312,2.145717214829026,1603.7304459111208,0.8018652229555604,0.0,2026-07-22
2026-07-24,SELL,738.9299926757812,2.145717214829026,1585.53480583791,0.792767402918955,-19.790272699085335,2026-07-22
2026-07-30,BUY,741.6900024414062,2.135595812521987,1583.9500634032895,0.7919750317016447,0.0,2026-07-30
2026-07-31,SELL,747.030029296875,2.135595812521987,1595.3542023945836,0.7976771011972918,9.814486858395185,2026-07-30
2026-08-18,BUY,767.4500122070312,2.07669505520929,1593.759645470651,0.7968798227353255,0.0,2026-08-18
2026-08-19,SELL,769.0599975585938,2.07669505520929,1597.1030940892003,0.7985515470446002,1.748017248769429,2026-08-18
2026-08-20,BUY,762.5999755859375,2.0921936011362803,1595.506789147582,0.797753394573791,0.0,2026-08-20
