date,timestamp,model_action,market_price,position,position_size,cash,entry_date,entry_price,current_equity,realized_pnl,unrealized_pnl,cumulative_return,maximum_drawdown,trade_count,winning_trades,losing_trades,win_rate,time_in_market,transaction_cost,transaction_costs
2015-10-16,2015-10-16,0,170.35462951660156,0,0.0,10.0,,,10.0,0.0,0.0,0.0,0.0,0,0,0,0.0,0.0,0.0,0.0
2015-10-19,2015-10-19,0,170.43841552734375,0,0.0,10.0,,,10.0,0.0,0.0,0.0,0.0,0,0,0,0.0,0.0,0.0,0.0
2015-10-20,2015-10-20,0,170.22044372558594,0,0.0,10.0,,,10.0,0.0,0.0,0.0,0.0,0,0,0,0.0,0.0,0.0,0.0
2015-10-21,2015-10-21,0,169.16453552246094,0,0.0,10.0,,,10.0,0.0,0.0,0.0,0.0,0,0,0,0.0,0.0,0.0,0.0
2015-10-22,2015-10-22,0,172.0223388671875,0,0.0,10.0,,,10.0,0.0,0.0,0.0,0.0,0,0,0,0.0,0.0,0.0,0.0
2015-10-23,2015-10-23,0,173.9080047607422,0,0.0,10.0,,,10.0,0.0,0.0,0.0,0.0,0,0,0,0.0,0.0,0.0,0.0
2015-10-26,2015-10-26,0,173.4805908203125,0,0.0,10.0,,,10.0,0.0,0.0,0.0,0.0,0,0,0,0.0,0.0,0.0,0.0
2015-10-27,2015-10-27,0,173.14532470703125,0,0.0,10.0,,,10.0,0.0,0.0,0.0,0.0,0,0,0,0.0,0.0,0.0,0.0
2015-10-28,2015-10-28,1,175.11480712890625,1,0.05707685525069883,-1.7763568394002505e-15,2015-10-28,175.11480712890625,9.995002498750624,0.0,-0.0049975012493753135,-0.0004997501249375258,-0.0004997501249375258,1,0,0,0.0,0.1111111111111111,0.0049975012493753135,0.0049975012493753135
2015-10-29,2015-10-29,0,175.01426696777344,0,0.0,9.984269350535502,,,9.984269350535502,-0.01573064946449776,0.0,-0.0015730649464498203,-0.0015730649464498203,2,0,1,0.0,0.1,0.004994631991263383,0.009992133240638697
2015-10-30,2015-10-30,0,174.25999450683594,0,0.0,9.984269350535502,,,9.984269350535502,-0.01573064946449776,0.0,-0.0015730649464498203,-0.0015730649464498203,2,0,1,0.0,0.09090909090909091,0.0,0.009992133240638697
2015-11-02,2015-11-02,0,176.3216094970703,0,0.0,9.984269350535502,,,9.984269350535502,-0.01573064946449776,0.0,-0.0015730649464498203,-0.0015730649464498203,2,0,1,0.0,0.08333333333333333,0.0,0.009992133240638697
2015-11-03,2015-11-03,1,176.83287048339844,1,0.05643339772407893,0.0,2015-11-03,176.83287048339844,9.979279710680162,-0.01573064946449776,-0.0049896398553400815,-0.0020720289319837715,-0.0020720289319837715,3,0,1,0.0,0.15384615384615385,0.0049896398553400815,0.014981773095978777
2015-11-04,2015-11-04,0,176.29649353027344,0,0.0,9.944035631686052,,,9.944035631686052,-0.05596436831394769,0.0,-0.005596436831394769,-0.005596436831394769,4,0,2,0.0,0.14285714285714285,0.004974505068377215,0.01995627816435599
2015-11-05,2015-11-05,0,176.1205291748047,0,0.0,9.944035631686052,,,9.944035631686052,-0.05596436831394769,0.0,-0.005596436831394769,-0.005596436831394769,4,0,2,0.0,0.13333333333333333,0.0,0.01995627816435599
2015-11-06,2015-11-06,1,176.02833557128906,1,0.056462876084012896,1.7763568394002505e-15,2015-11-06,176.02833557128906,9.939066098636735,-0.05596436831394769,-0.004969533049318366,-0.006093390136326482,-0.006093390136326482,5,0,2,0.0,0.1875,0.004969533049318366,0.02492581121367436
2015-11-09,2015-11-09,0,174.3856658935547,0,0.0,9.841393086053767,,,9.841393086053767,-0.15860691394623316,0.0,-0.015860691394623316,-0.015860691394623316,6,0,3,0.0,0.17647058823529413,0.004923158122087926,0.029848969335762286
2015-11-10,2015-11-10,0,174.7879638671875,0,0.0,9.841393086053767,,,9.841393086053767,-0.15860691394623316,0.0,-0.015860691394623316,-0.015860691394623316,6,0,3,0.0,0.16666666666666666,0.0,0.029848969335762286
2015-11-11,2015-11-11,1,174.10072326660156,1,0.05649875924735129,0.0,2015-11-11,174.10072326660156,9.836474848629452,-0.15860691394623316,-0.004918237424314726,-0.016352515137054824,-0.016352515137054824,7,0,3,0.0,0.21052631578947367,0.004918237424314726,0.03476720676007701
2015-11-12,2015-11-12,1,171.67031860351562,1,0.05649875924735129,0.0,2015-11-11,174.10072326660156,9.69916000069612,-0.15860691394623316,-0.1422330853576471,-0.030083999930388017,-0.030083999930388017,7,0,3,0.0,0.25,0.0,0.03476720676007701
2015-11-13,2015-11-13,1,169.74278259277344,1,0.05649875924735129,0.0,2015-11-11,174.10072326660156,9.590256607684598,-0.15860691394623316,-0.25113647836916886,-0.04097433923154026,-0.04097433923154026,7,0,3,0.0,0.2857142857142857,0.0,0.03476720676007701
2015-11-16,2015-11-16,1,172.32406616210938,1,0.05649875924735129,0.0,2015-11-11,174.10072326660156,9.736095926617653,-0.15860691394623316,-0.10529715943611416,-0.026390407338234723,-0.04097433923154026,7,0,3,0.0,0.3181818181818182,0.0,0.03476720676007701
2015-11-17,2015-11-17,1,172.19837951660156,1,0.05649875924735129,0.0,2015-11-11,174.10072326660156,9.7289947870925,-0.15860691394623316,-0.11239829896126695,-0.027100521290750024,-0.04097433923154026,7,0,3,0.0,0.34782608695652173,0.0,0.03476720676007701
2015-11-18,2015-11-18,0,174.93045043945312,0,0.0,9.878411727707174,,,9.878411727707174,-0.12158827229282565,0.0,-0.01215882722928252,-0.04097433923154026,8,1,3,0.25,0.3333333333333333,0.004941676702204689,0.0397088834622817
2015-11-19,2015-11-19,1,174.77963256835938,1,0.05649099294421723,0.0,2015-11-19,174.77963256835938,9.873474990212069,-0.12158827229282565,-0.004936737495106034,-0.012652500978793113,-0.04097433923154026,9,1,3,0.25,0.36,0.004936737495106034,0.044645620957387736
2015-11-20,2015-11-20,1,175.4165496826172,1,0.05649099294421723,0.0,2015-11-19,174.77963256835938,9.909455070419659,-0.12158827229282565,0.031043342712484212,-0.009054492958034066,-0.04097433923154026,9,1,3,0.25,0.38461538461538464,0.0,0.044645620957387736
2015-11-23,2015-11-23,1,175.21536254882812,1,0.05649099294421723,0.0,2015-11-19,174.77963256835938,9.898089809464313,-0.12158827229282565,0.019678081757138366,-0.010191019053568673,-0.04097433923154026,9,1,3,0.25,0.4074074074074074,0.0,0.044645620957387736
2015-11-24,2015-11-24,1,175.45004272460938,1,0.05649099294421723,0.0,2015-11-19,174.77963256835938,9.91134712561852,-0.12158827229282565,0.03293539791134459,-0.008865287438148073,-0.04097433923154026,9,1,3,0.25,0.42857142857142855,0.0,0.044645620957387736
2015-11-25,2015-11-25,1,175.42486572265625,1,0.05649099294421723,0.0,2015-11-19,174.77963256835938,9.909924851778829,-0.12158827229282565,0.0315131240716543,-0.009007514822117146,-0.04097433923154026,9,1,3,0.25,0.4482758620689655,0.0,0.044645620957387736
2015-11-27,2015-11-27,1,175.6260223388672,1,0.05649099294421723,0.0,2015-11-19,174.77963256835938,9.921288388765884,-0.12158827229282565,0.04287666105870935,-0.007871161123411574,-0.04097433923154026,9,1,3,0.25,0.4666666666666667,0.0,0.044645620957387736
2015-11-30,2015-11-30,1,174.8969268798828,1,0.05649099294421723,0.0,2015-11-19,174.77963256835938,9.880101062336736,-0.12158827229282565,0.0016893346295617801,-0.01198989376632631,-0.04097433923154026,9,1,3,0.25,0.4838709677419355,0.0,0.044645620957387736
2015-12-01,2015-12-01,0,176.56471252441406,0,0.0,9.96932877144971,,,9.96932877144971,-0.030671228550289698,0.0,-0.0030671228550289698,-0.04097433923154026,10,2,3,0.4,0.46875,0.004987157964707209,0.049632778922094944
2015-12-02,2015-12-02,0,174.7628631591797,0,0.0,9.96932877144971,,,9.96932877144971,-0.030671228550289698,0.0,-0.0030671228550289698,-0.04097433923154026,10,2,3,0.4,0.45454545454545453,0.0,0.049632778922094944
2015-12-03,2015-12-03,0,172.3156280517578,0,0.0,9.96932877144971,,,9.96932877144971,-0.030671228550289698,0.0,-0.0030671228550289698,-0.04097433923154026,10,2,3,0.4,0.4411764705882353,0.0,0.049632778922094944
2015-12-04,2015-12-04,0,175.67630004882812,0,0.0,9.96932877144971,,,9.96932877144971,-0.030671228550289698,0.0,-0.0030671228550289698,-0.04097433923154026,10,2,3,0.4,0.42857142857142855,0.0,0.049632778922094944
2015-12-07,2015-12-07,0,174.6119842529297,0,0.0,9.96932877144971,,,9.96932877144971,-0.030671228550289698,0.0,-0.0030671228550289698,-0.04097433923154026,10,2,3,0.4,0.4166666666666667,0.0,0.049632778922094944
2015-12-08,2015-12-08,1,173.43869018554688,1,0.05745169424129445,0.0,2015-12-08,173.43869018554688,9.964346598150636,-0.030671228550289698,-0.004982173299075318,-0.003565340184936483,-0.04097433923154026,11,2,3,0.4,0.43243243243243246,0.004982173299075318,0.054614952221170264
2015-12-09,2015-12-09,0,172.08934020996094,0,0.0,9.881880743850811,,,9.881880743850811,-0.11811925614918906,0.0,-0.01181192561491895,-0.04097433923154026,12,2,4,0.3333333333333333,0.42105263157894735,0.004943412077964387,0.05955836429913465
2015-12-10,2015-12-10,0,172.53355407714844,0,0.0,9.881880743850811,,,9.881880743850811,-0.11811925614918906,0.0,-0.01181192561491895,-0.04097433923154026,12,2,4,0.3333333333333333,0.41025641025641024,0.0,0.05955836429913465
2015-12-11,2015-12-11,0,169.18966674804688,0,0.0,9.881880743850811,,,9.881880743850811,-0.11811925614918906,0.0,-0.01181192561491895,-0.04097433923154026,12,2,4,0.3333333333333333,0.4,0.0,0.05955836429913465
2015-12-14,2015-12-14,1,170.0444793701172,1,0.05808446301403526,0.0,2015-12-14,170.0444793701172,9.876942272714453,-0.11811925614918906,-0.0049384711363572266,-0.01230577272855471,-0.04097433923154026,13,2,4,0.3333333333333333,0.4146341463414634,0.0049384711363572266,0.06449683543549188
2015-12-15,2015-12-15,1,171.82957458496094,1,0.05808446301403526,0.0,2015-12-14,170.0444793701172,9.980628569697577,-0.11811925614918906,0.0987478258467668,-0.0019371430302422832,-0.04097433923154026,13,2,4,0.3333333333333333,0.42857142857142855,0.0,0.06449683543549188
2015-12-16,2015-12-16,0,174.34378051757812,0,0.0,10.121601538764747,,,10.121601538764747,0.12160153876474666,0.0,0.012160153876474622,-0.04097433923154026,14,3,4,0.42857142857142855,0.4186046511627907,0.005063332435600173,0.06956016787109205
2015-12-17,2015-12-17,0,171.6870880126953,0,0.0,10.121601538764747,,,10.121601538764747,0.12160153876474666,0.0,0.012160153876474622,-0.04097433923154026,14,3,4,0.42857142857142855,0.4090909090909091,0.0,0.06956016787109205
2015-12-18,2015-12-18,0,168.62847900390625,0,0.0,10.121601538764747,,,10.121601538764747,0.12160153876474666,0.0,0.012160153876474622,-0.04097433923154026,14,3,4,0.42857142857142855,0.4,0.0,0.06956016787109205
2015-12-21,2015-12-21,1,170.01956176757812,1,0.05950223116655719,0.0,2015-12-21,170.01956176757812,10.116543267131181,0.12160153876474666,-0.005058271633565591,0.011654326713118168,-0.04097433923154026,15,3,4,0.42857142857142855,0.41304347826086957,0.005058271633565591,0.07461843950465764
2015-12-22,2015-12-22,1,171.56234741210938,1,0.05950223116655719,0.0,2015-12-21,170.01956176757812,10.208342455192525,0.12160153876474666,0.08674091642777865,0.020834245519252503,-0.04097433923154026,15,3,4,0.42857142857142855,0.425531914893617,0.0,0.07461843950465764
2015-12-23,2015-12-23,1,173.6868896484375,1,0.05950223116655719,0.0,2015-12-21,170.01956176757812,10.334757458461636,0.12160153876474666,0.21315591969688957,0.03347574584616364,-0.04097433923154026,15,3,4,0.42857142857142855,0.4375,0.0,0.07461843950465764
2015-12-24,2015-12-24,0,173.40017700195312,0,0.0,10.312538567584003,,,10.312538567584003,0.3125385675840029,0.0,0.0312538567584002,-0.04097433923154026,16,4,4,0.5,0.42857142857142855,0.0051588487081460745,0.07977728821280372
2015-12-28,2015-12-28,1,173.0039825439453,1,0.05957888785900184,0.0,2015-12-28,173.0039825439453,10.307384875146429,0.3125385675840029,-0.005153692437573214,0.03073848751464281,-0.04097433923154026,17,4,4,0.5,0.44,0.005153692437573214,0.08493098065037694
2015-12-29,2015-12-29,0,174.85025024414062,0,0.0,10.412174759688355,,,10.412174759688355,0.41217475968835515,0.0,0.041217475968835515,-0.04097433923154026,18,5,4,0.5555555555555556,0.43137254901960786,0.0052086917257070315,0.09013967237608397
2015-12-30,2015-12-30,0,173.61097717285156,0,0.0,10.412174759688355,,,10.412174759688355,0.41217475968835515,0.0,0.041217475968835515,-0.04097433923154026,18,5,4,0.5555555555555556,0.4230769230769231,0.0,0.09013967237608397
2015-12-31,2015-12-31,1,171.87425231933594,1,0.06054991444975462,0.0,2015-12-31,171.87425231933594,10.40697127405133,0.41217475968835515,-0.005203485637025665,0.04069712740513287,-0.04097433923154026,19,5,4,0.5555555555555556,0.4339622641509434,0.005203485637025665,0.09534315801310964
2016-01-04,2016-01-04,0,169.4715576171875,0,0.0,10.256357571229671,,,10.256357571229671,0.25635757122967107,0.0,0.025635757122967062,-0.04097433923154026,20,5,5,0.5,0.42592592592592593,0.005130744157693682,0.10047390217080332
2016-01-05,2016-01-05,0,169.75819396972656,0,0.0,10.256357571229671,,,10.256357571229671,0.25635757122967107,0.0,0.025635757122967062,-0.04097433923154026,20,5,5,0.5,0.41818181818181815,0.0,0.10047390217080332
2016-01-06,2016-01-06,0,167.6168212890625,0,0.0,10.256357571229671,,,10.256357571229671,0.25635757122967107,0.0,0.025635757122967062,-0.04097433923154026,20,5,5,0.5,0.4107142857142857,0.0,0.10047390217080332
2016-01-07,2016-01-07,0,163.595458984375,0,0.0,10.256357571229671,,,10.256357571229671,0.25635757122967107,0.0,0.025635757122967062,-0.04097433923154026,20,5,5,0.5,0.40350877192982454,0.0,0.10047390217080332
2016-01-08,2016-01-08,0,161.79969787597656,0,0.0,10.256357571229671,,,10.256357571229671,0.25635757122967107,0.0,0.025635757122967062,-0.04097433923154026,20,5,5,0.5,0.39655172413793105,0.0,0.10047390217080332
2016-01-11,2016-01-11,0,161.95993041992188,0,0.0,10.256357571229671,,,10.256357571229671,0.25635757122967107,0.0,0.025635757122967062,-0.04097433923154026,20,5,5,0.5,0.3898305084745763,0.0,0.10047390217080332
2016-01-12,2016-01-12,0,163.2666473388672,0,0.0,10.256357571229671,,,10.256357571229671,0.25635757122967107,0.0,0.025635757122967062,-0.04097433923154026,20,5,5,0.5,0.38333333333333336,0.0,0.10047390217080332
2016-01-13,2016-01-13,0,159.19471740722656,0,0.0,10.256357571229671,,,10.256357571229671,0.25635757122967107,0.0,0.025635757122967062,-0.04097433923154026,20,5,5,0.5,0.3770491803278688,0.0,0.10047390217080332
2016-01-14,2016-01-14,0,161.80813598632812,0,0.0,10.256357571229671,,,10.256357571229671,0.25635757122967107,0.0,0.025635757122967062,-0.04097433923154026,20,5,5,0.5,0.3709677419354839,0.0,0.10047390217080332
2016-01-15,2016-01-15,1,158.33474731445312,1,0.06474404468460153,0.0,2016-01-15,158.33474731445312,10.251231955252045,0.25635757122967107,-0.005125615977626023,0.025123195525204478,-0.04097433923154026,21,5,5,0.5,0.38095238095238093,0.005125615977626023,0.10559951814842934
2016-01-19,2016-01-19,0,158.5455322265625,0,0.0,10.259746583508985,,,10.259746583508985,0.25974658350898494,0.0,0.025974658350898405,-0.04097433923154026,22,6,5,0.5454545454545454,0.375,0.005132439511510247,0.1107319576599396
2016-01-20,2016-01-20,0,156.5137481689453,0,0.0,10.259746583508985,,,10.259746583508985,0.25974658350898494,0.0,0.025974658350898405,-0.04097433923154026,22,6,5,0.5454545454545454,0.36923076923076925,0.0,0.1107319576599396
2016-01-21,2016-01-21,0,157.3905487060547,0,0.0,10.259746583508985,,,10.259746583508985,0.25974658350898494,0.0,0.025974658350898405,-0.04097433923154026,22,6,5,0.5454545454545454,0.36363636363636365,0.0,0.1107319576599396
2016-01-22,2016-01-22,0,160.6194305419922,0,0.0,10.259746583508985,,,10.259746583508985,0.25974658350898494,0.0,0.025974658350898405,-0.04097433923154026,22,6,5,0.5454545454545454,0.3582089552238806,0.0,0.1107319576599396
2016-01-25,2016-01-25,1,158.1914520263672,1,0.06482410485847756,0.0,2016-01-25,158.1914520263672,10.254619273872049,0.25974658350898494,-0.005127309636936025,0.025461927387204764,-0.04097433923154026,23,6,5,0.5454545454545454,0.36764705882352944,0.005127309636936025,0.11585926729687562
2016-01-26,2016-01-26,0,160.34962463378906,0,0.0,10.38932362083762,,,10.38932362083762,0.3893236208376205,0.0,0.03893236208376205,-0.04097433923154026,24,7,5,0.5833333333333334,0.36231884057971014,0.00519726044063913,0.12105652773751475
2016-01-27,2016-01-27,1,158.6045379638672,1,0.06547184392306463,0.0,2016-01-27,158.6045379638672,10.38413155506009,0.3893236208376205,-0.005192065777530046,0.03841315550600899,-0.04097433923154026,25,7,5,0.5833333333333334,0.37142857142857144,0.005192065777530046,0.1262485935150448
2016-01-28,2016-01-28,1,159.4307098388672,1,0.06547184392306463,0.0,2016-01-27,158.6045379638672,10.438222551113716,0.3893236208376205,0.04889893027609573,0.04382225511137161,-0.04097433923154026,25,7,5,0.5833333333333334,0.38028169014084506,0.0,0.1262485935150448
2016-01-29,2016-01-29,1,163.3172149658203,1,0.06547184392306463,0.0,2016-01-27,158.6045379638672,10.692679208191782,0.3893236208376205,0.3033555873541617,0.06926792081917821,-0.04097433923154026,25,7,5,0.5833333333333334,0.3888888888888889,0.0,0.1262485935150448
2016-02-01,2016-02-01,1,163.25823974609375,1,0.06547184392306463,0.0,2016-01-27,158.6045379638672,10.688817991810517,0.3893236208376205,0.2994943709728962,0.06888179918105175,-0.04097433923154026,25,7,5,0.5833333333333334,0.3972602739726027,0.0,0.1262485935150448
2016-02-02,2016-02-02,0,160.31594848632812,0,0.0,10.490932667296107,,,10.490932667296107,0.4909326672961072,0.0,0.049093266729610674,-0.04097433923154026,26,8,5,0.6153846153846154,0.3918918918918919,0.005248090378837472,0.13149668389388228
2016-02-03,2016-02-03,1,161.2770233154297,1,0.06501663787455166,-1.7763568394002505e-15,2016-02-03,161.2770233154297,10.485689822384915,0.4909326672961072,-0.005242844911192458,0.048568982238491376,-0.04097433923154026,27,8,5,0.6153846153846154,0.4,0.005242844911192458,0.13673952880507473
2016-02-04,2016-02-04,0,161.5299530029297,0,0.0,10.496883393054683,,,10.496883393054683,0.49688339305468254,0.0,0.04968833930546834,-0.04097433923154026,28,9,5,0.6428571428571429,0.39473684210526316,0.005251067230142414,0.14199059603521713
2016-02-05,2016-02-05,0,158.45281982421875,0,0.0,10.496883393054683,,,10.496883393054683,0.49688339305468254,0.0,0.04968833930546834,-0.04097433923154026,28,9,5,0.6428571428571429,0.38961038961038963,0.0,0.14199059603521713
2016-02-08,2016-02-08,1,156.31980895996094,1,0.06711649434624649,-1.7763568394002505e-15,2016-02-08,156.31980895996094,10.491637574267548,0.49688339305468254,-0.005245818787133775,0.04916375742675472,-0.04097433923154026,29,9,5,0.6428571428571429,0.3974358974358974,0.005245818787133775,0.14723641482235092
2016-02-09,2016-02-09,0,156.3282470703125,0,0.0,10.486957808697923,,,10.486957808697923,0.48695780869792316,0.0,0.048695780869792316,-0.04097433923154026,30,9,6,0.6,0.3924050632911392,0.005246101955326626,0.15248251677767755
2016-02-10,2016-02-10,0,156.19337463378906,0,0.0,10.486957808697923,,,10.486957808697923,0.48695780869792316,0.0,0.048695780869792316,-0.04097433923154026,30,9,6,0.6,0.3875,0.0,0.15248251677767755
2016-02-11,2016-02-11,1,154.16160583496094,1,0.06799174731900566,-1.7763568394002505e-15,2016-02-11,154.16160583496094,10.481716950222811,0.48695780869792316,-0.005240858475111407,0.048171695022281025,-0.04097433923154026,31,9,6,0.6,0.3950617283950617,0.005240858475111407,0.15772337525278896
2016-02-12,2016-02-12,0,157.33998107910156,0,0.0,10.69247132658905,,,10.69247132658905,0.6924713265890503,0.0,0.06924713265890503,-0.04097433923154026,32,10,6,0.625,0.3902439024390244,0.005348910118353703,0.16307228537114266
2016-02-16,2016-02-16,0,159.9955596923828,0,0.0,10.69247132658905,,,10.69247132658905,0.6924713265890503,0.0,0.06924713265890503,-0.04097433923154026,32,10,6,0.625,0.3855421686746988,0.0,0.16307228537114266
2016-02-17,2016-02-17,1,162.60910034179688,1,0.0657228146533241,0.0,2016-02-17,162.60910034179688,10.687127762707696,0.6924713265890503,-0.005343563881353848,0.06871277627076955,-0.04097433923154026,33,10,6,0.625,0.39285714285714285,0.005343563881353848,0.1684158492524965
2016-02-18,2016-02-18,1,161.94300842285156,1,0.0657228146533241,0.0,2016-02-17,162.60910034179688,10.643350326976776,0.6924713265890503,-0.049120999612274036,0.06433503269767771,-0.04097433923154026,33,10,6,0.625,0.4,0.0,0.1684158492524965
2016-02-19,2016-02-19,1,161.86712646484375,1,0.0657228146533241,0.0,2016-02-17,162.60910034179688,10.638363151115097,0.6924713265890503,-0.054108175473952885,0.06383631511150978,-0.04097433923154026,33,10,6,0.625,0.4069767441860465,0.0,0.1684158492524965
2016-02-22,2016-02-22,1,164.21087646484375,1,0.0657228146533241,0.0,2016-02-17,162.60910034179688,10.792400997958826,0.6924713265890503,0.09992967136977535,0.07924009979588265,-0.04097433923154026,33,10,6,0.625,0.41379310344827586,0.0,0.1684158492524965
2016-02-23,2016-02-23,0,162.136962890625,0,0.0,10.650769511733177,,,10.650769511733177,0.6507695117331771,0.0,0.0650769511733178,-0.04097433923154026,34,10,7,0.5882352941176471,0.4090909090909091,0.005328048780256717,0.17374389803275322
2016-02-24,2016-02-24,1,162.87881469726562,1,0.06535808114839947,0.0,2016-02-24,162.87881469726562,10.645446788339008,0.6507695117331771,-0.005322723394169504,0.0645446788339008,-0.04097433923154026,35,10,7,0.5882352941176471,0.4157303370786517,0.005322723394169504,0.17906662142692273
2016-02-25,2016-02-25,1,164.8515625,1,0.06535808114839947,0.0,2016-02-24,162.87881469726562,10.774381799315448,0.6507695117331771,0.12361228758227005,0.07743817993154467,-0.04097433923154026,35,10,7,0.5882352941176471,0.4222222222222222,0.0,0.17906662142692273
2016-02-26,2016-02-26,1,164.4722442626953,1,0.06535808114839947,0.0,2016-02-24,162.87881469726562,10.74959028718062,0.6507695117331771,0.09882077544744261,0.07495902871806193,-0.04097433923154026,35,10,7,0.5882352941176471,0.42857142857142855,0.0,0.17906662142692273
2016-02-29,2016-02-29,1,163.1823272705078,1,0.06535808114839947,0.0,2016-02-24,162.87881469726562,10.66528378773053,0.6507695117331771,0.014514275997352666,0.06652837877305307,-0.04097433923154026,35,10,7,0.5882352941176471,0.43478260869565216,0.0,0.17906662142692273
2016-03-01,2016-03-01,1,167.018310546875,1,0.06535808114839947,0.0,2016-02-24,162.87881469726562,10.91599629399124,0.6507695117331771,0.2652267822580625,0.09159962939912392,-0.04097433923154026,35,10,7,0.5882352941176471,0.44086021505376344,0.0,0.17906662142692273
2016-03-02,2016-03-02,1,167.7686004638672,1,0.06535808114839947,0.0,2016-02-24,162.87881469726562,10.96503380327084,0.6507695117331771,0.31426429153766255,0.09650338032708405,-0.04097433923154026,35,10,7,0.5882352941176471,0.44680851063829785,0.0,0.17906662142692273
2016-03-03,2016-03-03,1,168.4261474609375,1,0.06535808114839947,0.0,2016-02-24,162.87881469726562,11.008009813264248,0.6507695117331771,0.3572403015310708,0.10080098132642479,-0.04097433923154026,35,10,7,0.5882352941176471,0.45263157894736844,0.0,0.17906662142692273
2016-03-04,2016-03-04,1,168.97413635253906,1,0.06535808114839947,0.0,2016-02-24,162.87881469726562,11.043825315709965,0.6507695117331771,0.3930558039767873,0.10438253157099653,-0.04097433923154026,35,10,7,0.5882352941176471,0.4583333333333333,0.0,0.17906662142692273
2016-03-07,2016-03-07,1,169.1090087890625,1,0.06535808114839947,0.0,2016-02-24,162.87881469726562,11.052640319360947,0.6507695117331771,0.4018708076277693,0.10526403193609468,-0.04097433923154026,35,10,7,0.5882352941176471,0.4639175257731959,0.0,0.17906662142692273
2016-03-08,2016-03-08,1,167.26275634765625,1,0.06535808114839947,0.0,2016-02-24,162.87881469726562,10.931972802475086,0.6507695117331771,0.281203290741908,0.09319728024750851,-0.04097433923154026,35,10,7,0.5882352941176471,0.46938775510204084,0.0,0.17906662142692273
2016-03-09,2016-03-09,1,168.08888244628906,1,0.06535808114839947,0.0,2016-02-24,162.87881469726562,10.98596681906834,0.6507695117331771,0.3351973073351622,0.09859668190683402,-0.04097433923154026,35,10,7,0.5882352941176471,0.47474747474747475,0.0,0.17906662142692273
2016-03-10,2016-03-10,1,168.2238311767578,1,0.06535808114839947,0.0,2016-02-24,162.87881469726562,10.99478680914519,0.6507695117331771,0.3440172974120119,0.09947868091451895,-0.04097433923154026,35,10,7,0.5882352941176471,0.48,0.0,0.17906662142692273
2016-03-11,2016-03-11,0,170.93844604492188,0,0.0,11.166622723571315,,,11.166622723571315,1.1666227235713151,0.0,0.11666227235713156,-0.04097433923154026,36,11,7,0.6111111111111112,0.4752475247524752,0.005586104413992654,0.18465272584091538
2016-03-14,2016-03-14,1,170.71929931640625,1,0.06537656988495791,0.0,2016-03-14,170.71929931640625,11.16104220247008,1.1666227235713151,-0.00558052110123504,0.11610422024700795,-0.04097433923154026,37,11,7,0.6111111111111112,0.4803921568627451,0.00558052110123504,0.19023324694215044
2016-03-15,2016-03-15,1,170.44107055664062,1,0.06537656988495791,0.0,2016-03-14,170.71929931640625,11.142852560513257,1.1666227235713151,-0.023770163058058305,0.11428525605132567,-0.04097433923154026,37,11,7,0.6111111111111112,0.4854368932038835,0.0,0.19023324694215044
2016-03-16,2016-03-16,1,171.427490234375,1,0.06537656988495791,0.0,2016-03-14,170.71929931640625,11.207341295510556,1.1666227235713151,0.04071857193924104,0.12073412955105556,-0.04097433923154026,37,11,7,0.6111111111111112,0.49038461538461536,0.0,0.19023324694215044
2016-03-17,2016-03-17,1,172.51498413085938,1,0.06537656988495791,0.0,2016-03-14,170.71929931640625,11.278437916233532,1.1666227235713151,0.111815192662217,0.12784379162335324,-0.04097433923154026,37,11,7,0.6111111111111112,0.49523809523809526,0.0,0.19023324694215044
2016-03-18,2016-03-18,1,173.19293212890625,1,0.06537656988495791,0.0,2016-03-14,170.71929931640625,11.322759830906211,1.1666227235713151,0.15613710733489597,0.13227598309062105,-0.04097433923154026,37,11,7,0.6111111111111112,0.5,0.0,0.19023324694215044
2016-03-21,2016-03-21,1,173.43862915039062,1,0.06537656988495791,0.0,2016-03-14,170.71929931640625,11.33882265940181,1.1666227235713151,0.172199935830495,0.13388226594018104,-0.04097433923154026,37,11,7,0.6111111111111112,0.5046728971962616,0.0,0.19023324694215044
2016-03-22,2016-03-22,0,173.34544372558594,0,0.0,11.327064150706825,,,11.327064150706825,1.3270641507068248,0.0,0.13270641507068248,-0.04097433923154026,38,12,7,0.631578947368421,0.5,0.005666365257982403,0.19589961220013283
2016-03-23,2016-03-23,0,172.20143127441406,0,0.0,11.327064150706825,,,11.327064150706825,1.3270641507068248,0.0,0.13270641507068248,-0.04097433923154026,38,12,7,0.631578947368421,0.4954128440366973,0.0,0.19589961220013283
2016-03-24,2016-03-24,1,172.12513732910156,1,0.06577425949898255,0.0,2016-03-24,172.12513732910156,11.321403448982334,1.3270641507068248,-0.005660701724491167,0.13214034489823345,-0.04097433923154026,39,12,7,0.631578947368421,0.5,0.005660701724491167,0.201560313924624
2016-03-28,2016-03-28,1,172.2268829345703,1,0.06577425949898255,0.0,2016-03-24,172.12513732910156,11.328095690839318,1.3270641507068248,0.0010315401324923045,0.1328095690839317,-0.04097433923154026,39,12,7,0.631578947368421,0.5045045045045045,0.0,0.201560313924624
2016-03-29,2016-03-29,1,173.81996154785156,1,0.06577425949898255,0.0,2016-03-24,172.12513732910156,11.432879256951557,1.3270641507068248,0.10581510624473146,0.14328792569515558,-0.04097433923154026,39,12,7,0.631578947368421,0.5089285714285714,0.0,0.201560313924624
2016-03-30,2016-03-30,1,174.5826416015625,1,0.06577425949898255,0.0,2016-03-24,172.12513732910156,11.483043972719038,1.3270641507068248,0.15597982201221283,0.1483043972719038,-0.04097433923154026,39,12,7,0.631578947368421,0.5132743362831859,0.0,0.201560313924624
2016-03-31,2016-03-31,1,174.15896606445312,1,0.06577425949898255,0.0,2016-03-24,172.12513732910156,11.455177027997836,1.3270641507068248,0.12811287729101073,0.1455177027997836,-0.04097433923154026,39,12,7,0.631578947368421,0.5175438596491229,0.0,0.201560313924624
2016-04-01,2016-04-01,1,175.34535217285156,1,0.06577425949898255,0.0,2016-03-24,172.12513732910156,11.533210695757623,1.3270641507068248,0.20614654505079733,0.1533210695757623,-0.04097433923154026,39,12,7,0.631578947368421,0.5217391304347826,0.0,0.201560313924624
2016-04-04,2016-04-04,1,174.77752685546875,1,0.06577425949898255,0.0,2016-03-24,172.12513732910156,11.495862405981994,1.3270641507068248,0.16879825527516834,0.14958624059819936,-0.04097433923154026,39,12,7,0.631578947368421,0.5258620689655172,0.0,0.201560313924624
2016-04-05,2016-04-05,1,173.0319061279297,1,0.06577425949898255,0.0,2016-03-24,172.12513732910156,11.381045495262036,1.3270641507068248,0.05398134455521088,0.13810454952620366,-0.04097433923154026,39,12,7,0.631578947368421,0.5299145299145299,0.0,0.201560313924624
2016-04-06,2016-04-06,0,174.92160034179688,0,0.0,11.499586063492233,,,11.499586063492233,1.4995860634922327,0.0,0.1499586063492233,-0.04097433923154026,40,13,7,0.65,0.5254237288135594,0.0057526693664293315,0.20731298329105333
2016-04-07,2016-04-07,1,172.82852172851562,1,0.06650429587065004,0.0,2016-04-07,172.82852172851562,11.493839143920273,1.4995860634922327,-0.005746919571960136,0.14938391439202725,-0.04097433923154026,41,13,7,0.65,0.5294117647058824,0.005746919571960136,0.21305990286301346
2016-04-08,2016-04-08,1,173.29458618164062,1,0.06650429587065004,0.0,2016-04-07,172.82852172851562,11.52483443220569,1.4995860634922327,0.02524836871345751,0.15248344322056906,-0.04097433923154026,41,13,7,0.65,0.5333333333333333,0.0,0.21305990286301346
2016-04-11,2016-04-11,1,172.88780212402344,1,0.06650429587065004,0.0,2016-04-07,172.82852172851562,11.497781544882454,1.4995860634922327,-0.0018045186097790109,0.14977815448824527,-0.04097433923154026,41,13,7,0.65,0.5371900826446281,0.0,0.21305990286301346
2016-04-12,2016-04-12,1,174.49786376953125,1,0.06650429587065004,0.0,2016-04-07,172.82852172851562,11.604857560925291,1.4995860634922327,0.10527149743305844,0.16048575609252902,-0.04097433923154026,41,13,7,0.65,0.5409836065573771,0.0,0.21305990286301346
2016-04-13,2016-04-13,1,176.26055908203125,1,0.06650429587065004,0.0,2016-04-07,172.82852172851562,11.7220843715176,1.4995860634922327,0.22249830802536688,0.17220843715176004,-0.04097433923154026,41,13,7,0.65,0.5447154471544715,0.0,0.21305990286301346
2016-04-14,2016-04-14,1,176.2689971923828,1,0.06650429587065004,0.0,2016-04-07,172.82852172851562,11.722645542105008,1.4995860634922327,0.22305947861277534,0.1722645542105008,-0.04097433923154026,41,13,7,0.65,0.5483870967741935,0.0,0.21305990286301346
2016-04-15,2016-04-15,1,176.0741424560547,1,0.06650429587065004,0.0,2016-04-07,172.82852172851562,11.709686865068445,1.4995860634922327,0.21010080157621228,0.1709686865068445,-0.04097433923154026,41,13,7,0.65,0.552,0.0,0.21305990286301346
2016-04-18,2016-04-18,1,177.31134033203125,1,0.06650429587065004,0.0,2016-04-07,172.82852172851562,11.79196583866293,1.4995860634922327,0.2923797751706978,0.179196583866293,-0.04097433923154026,41,13,7,0.65,0.5555555555555556,0.0,0.21305990286301346
2016-04-19,2016-04-19,1,177.87054443359375,1,0.06650429587065004,0.0,2016-04-07,172.82852172851562,11.829155313685323,1.4995860634922327,0.32956925019309047,0.18291553136853222,-0.04097433923154026,41,13,7,0.65,0.5590551181102362,0.0,0.21305990286301346
2016-04-20,2016-04-20,1,178.0400848388672,1,0.06650429587065004,0.0,2016-04-07,172.82852172851562,11.840430478959659,1.4995860634922327,0.3408444154674264,0.18404304789596582,-0.04097433923154026,41,13,7,0.65,0.5625,0.0,0.21305990286301346
2016-04-21,2016-04-21,1,177.08253479003906,1,0.06650429587065004,0.0,2016-04-07,172.82852172851562,11.776749287201437,1.4995860634922327,0.2771632237092039,0.17767492872014357,-0.04097433923154026,41,13,7,0.65,0.5658914728682171,0.0,0.21305990286301346
2016-04-22,2016-04-22,1,177.08253479003906,1,0.06650429587065004,0.0,2016-04-07,172.82852172851562,11.776749287201437,1.4995860634922327,0.2771632237092039,0.17767492872014357,-0.04097433923154026,41,13,7,0.65,0.5692307692307692,0.0,0.21305990286301346
2016-04-25,2016-04-25,1,176.77745056152344,1,0.06650429587065004,0.0,2016-04-07,172.82852172851562,11.756459875402765,1.4995860634922327,0.25687381191053227,0.1756459875402765,-0.04097433923154026,41,13,7,0.65,0.5725190839694656,0.0,0.21305990286301346
2016-04-26,2016-04-26,1,177.0401611328125,1,0.06650429587065004,0.0,2016-04-07,172.82852172851562,11.77393125696412,1.4995860634922327,0.2743451934718877,0.17739312569641208,-0.04097433923154026,41,13,7,0.65,0.5757575757575758,0.0,0.21305990286301346
2016-04-27,2016-04-27,1,177.404541015625,1,0.06650429587065004,0.0,2016-04-07,172.82852172851562,11.798164084499996,1.4995860634922327,0.29857802100776354,0.17981640844999958,-0.04097433923154026,41,13,7,0.65,0.5789473684210527,0.0,0.21305990286301346
2016-04-28,2016-04-28,1,175.79444885253906,1,0.06650429587065004,0.0,2016-04-07,172.82852172851562,11.691086038907114,1.4995860634922327,0.19149997541488165,0.16910860389071147,-0.04097433923154026,41,13,7,0.65,0.582089552238806,0.0,0.21305990286301346
2016-04-29,2016-04-29,1,174.84536743164062,1,0.06650429587065004,0.0,2016-04-07,172.82852172851562,11.627968047286346,1.4995860634922327,0.12838198379411384,0.16279680472863456,-0.04097433923154026,41,13,7,0.65,0.5851851851851851,0.0,0.21305990286301346
2016-05-02,2016-05-02,0,176.23509216308594,0,0.0,11.714530516649145,,,11.714530516649145,1.7145305166491447,0.0,0.17145305166491442,-0.04097433923154026,42,14,7,0.6666666666666666,0.5808823529411765,0.005860195356002573,0.21892009821901603
2016-05-03,2016-05-03,0,174.70132446289062,0,0.0,11.714530516649145,,,11.714530516649145,1.7145305166491447,0.0,0.17145305166491442,-0.04097433923154026,42,14,7,0.6666666666666666,0.5766423357664233,0.0,0.21892009821901603
2016-05-04,2016-05-04,1,173.72677612304688,1,0.0673970728050975,0.0,2016-05-04,173.72677612304688,11.708676178559864,1.7145305166491447,-0.005854338089279932,0.17086761785598648,-0.04097433923154026,43,14,7,0.6666666666666666,0.5797101449275363,0.005854338089279932,0.22477443630829597
2016-05-05,2016-05-05,1,173.69288635253906,1,0.0673970728050975,0.0,2016-05-04,173.72677612304688,11.706392107229602,1.7145305166491447,-0.008138409419542025,0.17063921072296018,-0.04097433923154026,43,14,7,0.6666666666666666,0.5827338129496403,0.0,0.22477443630829597
2016-05-06,2016-05-06,1,174.32843017578125,1,0.0673970728050975,0.0,2016-05-04,173.72677612304688,11.749225900555485,1.7145305166491447,0.03469538390634108,0.17492259005554844,-0.04097433923154026,43,14,7,0.6666666666666666,0.5857142857142857,0.0,0.22477443630829597
2016-05-09,2016-05-09,1,174.47244262695312,1,0.0673970728050975,0.0,2016-05-04,173.72677612304688,11.758931918211957,1.7145305166491447,0.04440140156281247,0.17589319182119567,-0.04097433923154026,43,14,7,0.6666666666666666,0.5886524822695035,0.0,0.22477443630829597
2016-05-10,2016-05-10,0,176.64181518554688,0,0.0,11.899188707845637,,,11.899188707845637,1.8991887078456369,0.0,0.1899188707845636,-0.04097433923154026,44,15,7,0.6818181818181818,0.5845070422535211,0.00595257063924244,0.2307270069475384
2016-05-11,2016-05-11,1,174.98944091796875,1,0.06796548422814569,-1.7763568394002505e-15,2016-05-11,174.98944091796875,11.893242086802235,1.8991887078456369,-0.005946621043401119,0.1893242086802236,-0.04097433923154026,45,15,7,0.6818181818181818,0.5874125874125874,0.005946621043401119,0.23667362799093952
2016-05-12,2016-05-12,1,175.04025268554688,1,0.06796548422814569,-1.7763568394002505e-15,2016-05-11,174.98944091796875,11.89669553319017,1.8991887078456369,-0.00249317465546613,0.18966955331901714,-0.04097433923154026,45,15,7,0.6818181818181818,0.5902777777777778,0.0,0.23667362799093952
2016-05-13,2016-05-13,1,173.5149383544922,1,0.06796548422814569,-1.7763568394002505e-15,2016-05-11,174.98944091796875,11.793026806079908,1.8991887078456369,-0.10616190176572866,0.1793026806079907,-0.04097433923154026,45,15,7,0.6818181818181818,0.593103448275862,0.0,0.23667362799093952
2016-05-16,2016-05-16,0,175.22666931152344,0,0.0,11.903410746728124,,,11.903410746728124,1.9034107467281238,0.0,0.19034107467281247,-0.04097433923154026,46,16,7,0.6956521739130435,0.589041095890411,0.005954682714721424,0.24262831070566093
2016-05-17,2016-05-17,0,173.5912322998047,0,0.0,11.903410746728124,,,11.903410746728124,1.9034107467281238,0.0,0.19034107467281247,-0.04097433923154026,46,16,7,0.6956521739130435,0.5850340136054422,0.0,0.24262831070566093
2016-05-18,2016-05-18,1,173.6420135498047,1,0.06851718528539055,-1.7763568394002505e-15,2016-05-18,173.6420135498047,11.897462015720263,1.9034107467281238,-0.005948731007860132,0.18974620157202637,-0.04097433923154026,47,16,7,0.6956521739130435,0.5878378378378378,0.005948731007860132,0.24857704171352107
2016-05-19,2016-05-19,1,173.04039001464844,1,0.06851718528539055,-1.7763568394002505e-15,2016-05-18,173.6420135498047,11.856240464489911,1.9034107467281238,-0.04717028223821234,0.1856240464489911,-0.04097433923154026,47,16,7,0.6956521739130435,0.5906040268456376,0.0,0.24857704171352107
2016-05-20,2016-05-20,1,174.13352966308594,1,0.06851718528539055,-1.7763568394002505e-15,2016-05-18,173.6420135498047,11.931139316324709,1.9034107467281238,0.02772856959658516,0.19311393163247081,-0.04097433923154026,47,16,7,0.6956521739130435,0.5933333333333334,0.0,0.24857704171352107
2016-05-23,2016-05-23,1,173.89627075195312,1,0.06851718528539055,-1.7763568394002505e-15,2016-05-18,173.6420135498047,11.914883003550013,1.9034107467281238,0.011472256821889858,0.19148830035500142,-0.04097433923154026,47,16,7,0.6956521739130435,0.5960264900662252,0.0,0.24857704171352107
2016-05-24,2016-05-24,1,176.1503143310547,1,0.06851718528539055,-1.7763568394002505e-15,2016-05-18,173.6420135498047,12.06932372510066,1.9034107467281238,0.16591297837253588,0.20693237251006602,-0.04097433923154026,47,16,7,0.6956521739130435,0.5986842105263158,0.0,0.24857704171352107
2016-05-25,2016-05-25,1,177.34521484375,1,0.06851718528539055,-1.7763568394002505e-15,2016-05-18,173.6420135498047,12.151194944926612,1.9034107467281238,0.24778419819848846,0.2151194944926611,-0.04097433923154026,47,16,7,0.6956521739130435,0.6013071895424836,0.0,0.24857704171352107
2016-05-26,2016-05-26,1,177.3960418701172,1,0.06851718528539055,-1.7763568394002505e-15,2016-05-18,173.6420135498047,12.154677469709718,1.9034107467281238,0.2512667229815943,0.21546774697097182,-0.04097433923154026,47,16,7,0.6956521739130435,0.6038961038961039,0.0,0.24857704171352107
2016-05-27,2016-05-27,1,178.1587371826172,1,0.06851718528539055,-1.7763568394002505e-15,2016-05-18,173.6420135498047,12.206935205752579,1.9034107467281238,0.30352445902445563,0.22069352057525782,-0.04097433923154026,47,16,7,0.6956521739130435,0.6064516129032258,0.0,0.24857704171352107
2016-05-31,2016-05-31,1,177.81976318359375,1,0.06851718528539055,-1.7763568394002505e-15,2016-05-18,173.6420135498047,12.18370966145456,1.9034107467281238,0.28029891472643736,0.21837096614545604,-0.04097433923154026,47,16,7,0.6956521739130435,0.6089743589743589,0.0,0.24857704171352107
2016-06-01,2016-06-01,0,178.18414306640625,0,0.0,12.202571607426794,,,12.202571607426794,2.202571607426794,0.0,0.22025716074267931,-0.04097433923154026,48,17,7,0.7083333333333334,0.6050955414012739,0.006104337972699748,0.25468137968622084
2016-06-02,2016-06-02,0,178.7264862060547,0,0.0,12.202571607426794,,,12.202571607426794,2.202571607426794,0.0,0.22025716074267931,-0.04097433923154026,48,17,7,0.7083333333333334,0.6012658227848101,0.0,0.25468137968622084
2016-06-03,2016-06-03,1,178.19261169433594,1,0.06844544930775659,-1.7763568394002505e-15,2016-06-03,178.19261169433594,12.196473370741423,2.202571607426794,-0.006098236685370712,0.2196473370741423,-0.04097433923154026,49,17,7,0.7083333333333334,0.6037735849056604,0.006098236685370712,0.2607796163715916
2016-06-06,2016-06-06,0,179.099365234375,0,0.0,12.252407255938696,,,12.252407255938696,2.252407255938696,0.0,0.22524072559386954,-0.04097433923154026,50,18,7,0.72,0.6,0.006129268262100399,0.266908884633692
2016-06-07,2016-06-07,1,179.37896728515625,1,0.06827045722932505,-1.7763568394002505e-15,2016-06-07,179.37896728515625,12.246284113881755,2.252407255938696,-0.006123142056940878,0.22462841138817558,-0.04097433923154026,51,18,7,0.72,0.6024844720496895,0.006123142056940878,0.27303202669063287
2016-06-08,2016-06-08,0,179.96371459960938,0,0.0,12.28006197786289,,,12.28006197786289,2.280061977862889,0.0,0.22800619778628883,-0.04097433923154026,52,19,7,0.7307692307692307,0.5987654320987654,0.006143102540201547,0.27917512923083443
2016-06-09,2016-06-09,0,179.7179412841797,0,0.0,12.28006197786289,,,12.28006197786289,2.280061977862889,0.0,0.22800619778628883,-0.04097433923154026,52,19,7,0.7307692307692307,0.5950920245398773,0.0,0.27917512923083443
2016-06-10,2016-06-10,0,178.01463317871094,0,0.0,12.28006197786289,,,12.28006197786289,2.280061977862889,0.0,0.22800619778628883,-0.04097433923154026,52,19,7,0.7307692307692307,0.5914634146341463,0.0,0.27917512923083443
2016-06-13,2016-06-13,0,176.64181518554688,0,0.0,12.28006197786289,,,12.28006197786289,2.280061977862889,0.0,0.22800619778628883,-0.04097433923154026,52,19,7,0.7307692307692307,0.5878787878787879,0.0,0.27917512923083443
2016-06-14,2016-06-14,1,176.29441833496094,1,0.0696217448701901,-1.7763568394002505e-15,2016-06-14,176.29441833496094,12.273925015355212,2.280061977862889,-0.0061369625076776076,0.22739250153552115,-0.04097433923154026,53,19,7,0.7307692307692307,0.5903614457831325,0.0061369625076776076,0.285312091738512
2016-06-15,2016-06-15,1,176.04869079589844,1,0.0696217448701901,-1.7763568394002505e-15,2016-06-14,176.29441833496094,12.256817035323023,2.280061977862889,-0.023244942539867437,0.2256817035323022,-0.04097433923154026,53,19,7,0.7307692307692307,0.592814371257485,0.0,0.285312091738512
2016-06-16,2016-06-16,1,176.5740509033203,1,0.0696217448701901,-1.7763568394002505e-15,2016-06-14,176.29441833496094,12.293393522686925,2.280061977862889,0.013331544824034851,0.2293393522686924,-0.04097433923154026,53,19,7,0.7307692307692307,0.5952380952380952,0.0,0.285312091738512
2016-06-17,2016-06-17,1,175.9164581298828,1,0.0696217448701901,-1.7763568394002505e-15,2016-06-14,176.29441833496094,12.24761076638618,2.280061977862889,-0.03245121147671072,0.22476107663861788,-0.04097433923154026,53,19,7,0.7307692307692307,0.5976331360946746,0.0,0.285312091738512
2016-06-20,2016-06-20,0,177.0493927001953,0,0.0,12.320324404171096,,,12.320324404171096,2.320324404171096,0.0,0.2320324404171097,-0.04097433923154026,54,20,7,0.7407407407407407,0.5941176470588235,0.006163243823997548,0.29147533556250954
2016-06-21,2016-06-21,1,177.5519256591797,1,0.06935530141277396,-1.7763568394002505e-15,2016-06-21,177.5519256591797,12.31416732051084,2.320324404171096,-0.006157083660255421,0.23141673205108404,-0.04097433923154026,55,20,7,0.7407407407407407,0.5964912280701754,0.006157083660255421,0.29763241922276495
2016-06-22,2016-06-22,0,177.26231384277344,0,0.0,12.287934165088439,,,12.287934165088439,2.287934165088439,0.0,0.22879341650884388,-0.04097433923154026,56,20,8,0.7142857142857143,0.5930232558139535,0.0061470406028456435,0.3037794598256106
2016-06-23,2016-06-23,0,179.5707550048828,0,0.0,12.287934165088439,,,12.287934165088439,2.287934165088439,0.0,0.22879341650884388,-0.04097433923154026,56,20,8,0.7142857142857143,0.5895953757225434,0.0,0.3037794598256106
2016-06-24,2016-06-24,0,173.1225128173828,0,0.0,12.287934165088439,,,12.287934165088439,2.287934165088439,0.0,0.22879341650884388,-0.04097433923154026,56,20,8,0.7142857142857143,0.5862068965517241,0.0,0.3037794598256106
2016-06-27,2016-06-27,1,170.02191162109375,1,0.07223653205255735,0.0,2016-06-27,170.02191162109375,12.281793268454212,2.287934165088439,-0.0061408966342271065,0.2281793268454213,-0.04097433923154026,57,20,8,0.7142857142857143,0.5885714285714285,0.0061408966342271065,0.30992035645983773
2016-06-28,2016-06-28,1,173.08840942382812,1,0.07223653205255735,0.0,2016-06-27,170.02191162109375,12.503306435270531,2.287934165088439,0.21537227018209174,0.25033064352705314,-0.04097433923154026,57,20,8,0.7142857142857143,0.5909090909090909,0.0,0.30992035645983773
2016-06-29,2016-06-29,0,176.0357208251953,0,0.0,12.709851884789368,,,12.709851884789368,2.7098518847893676,0.0,0.2709851884789367,-0.04097433923154026,58,21,8,0.7241379310344828,0.5875706214689266,0.0063581049948921295,0.3162784614547299
2016-06-30,2016-06-30,1,178.4377899169922,1,0.07119287983017258,0.0,2016-06-30,178.4377899169922,12.703500134722006,2.7098518847893676,-0.006351750067361003,0.27035001347220056,-0.04097433923154026,59,21,8,0.7241379310344828,0.5898876404494382,0.006351750067361003,0.32263021152209087
2016-07-01,2016-07-01,0,178.81263732910156,0,0.0,12.723821508186216,,,12.723821508186216,2.723821508186216,0.0,0.2723821508186215,-0.04097433923154026,60,22,8,0.7333333333333333,0.5865921787709497,0.00636509330074348,0.32899530482283434
2016-07-05,2016-07-05,0,177.52639770507812,0,0.0,12.723821508186216,,,12.723821508186216,2.723821508186216,0.0,0.2723821508186215,-0.04097433923154026,60,22,8,0.7333333333333333,0.5833333333333334,0.0,0.32899530482283434
2016-07-06,2016-07-06,1,178.5911407470703,1,0.07120993081515126,-1.7763568394002505e-15,2016-07-06,178.5911407470703,12.717462776797817,2.723821508186216,-0.00635873138839891,0.27174627767978166,-0.04097433923154026,61,22,8,0.7333333333333333,0.585635359116022,0.00635873138839891,0.3353540362112333
2016-07-07,2016-07-07,1,178.48040771484375,1,0.07120993081515126,-1.7763568394002505e-15,2016-07-06,178.5911407470703,12.70957748523401,2.723821508186216,-0.014244022952204817,0.27095774852340115,-0.04097433923154026,61,22,8,0.7333333333333333,0.5879120879120879,0.0,0.3353540362112333
2016-07-08,2016-07-08,1,181.1380615234375,1,0.07120993081515126,-1.7763568394002505e-15,2016-07-06,178.5911407470703,12.898828829074594,2.723821508186216,0.17500732088837836,0.28988288290745934,-0.04097433923154026,61,22,8,0.7333333333333333,0.5901639344262295,0.0,0.3353540362112333
2016-07-11,2016-07-11,1,181.77691650390625,1,0.07120993081515126,-1.7763568394002505e-15,2016-07-06,178.5911407470703,12.94432164803469,2.723821508186216,0.22050013984847397,0.2944321648034689,-0.04097433923154026,61,22,8,0.7333333333333333,0.592391304347826,0.0,0.3353540362112333
2016-07-12,2016-07-12,0,183.0972900390625,0,0.0,13.031826183445261,,,13.031826183445261,3.0318261834452613,0.0,0.3031826183445261,-0.04097433923154026,62,23,8,0.7419354838709677,0.5891891891891892,0.0065191726780616625,0.34187320888929495
2016-07-13,2016-07-13,1,183.0717010498047,1,0.07114869994646732,0.0,2016-07-13,183.0717010498047,13.02531352668192,3.0318261834452613,-0.00651265676334096,0.3025313526681921,-0.04097433923154026,63,23,8,0.7419354838709677,0.5913978494623656,0.00651265676334096,0.3483858656526359
2016-07-14,2016-07-14,1,184.09381103515625,1,0.07114869994646732,0.0,2016-07-13,183.0717010498047,13.098035323341986,3.0318261834452613,0.06620913989672454,0.30980353233419855,-0.04097433923154026,63,23,8,0.7419354838709677,0.5935828877005348,0.0,0.3483858656526359
2016-07-15,2016-07-15,1,183.8468170166016,1,0.07114869994646732,0.0,2016-07-13,183.0717010498047,13.080462020027268,3.0318261834452613,0.0486358365820067,0.3080462020027268,-0.04097433923154026,63,23,8,0.7419354838709677,0.5957446808510638,0.0,0.3483858656526359
2016-07-18,2016-07-18,1,184.3409423828125,1,0.07114869994646732,0.0,2016-07-13,183.0717010498047,13.115618397443747,3.0318261834452613,0.08379221399848584,0.3115618397443747,-0.04097433923154026,63,23,8,0.7419354838709677,0.5978835978835979,0.0,0.3483858656526359
2016-07-19,2016-07-19,1,184.1534881591797,1,0.07114869994646732,0.0,2016-07-13,183.0717010498047,13.102281273132798,3.0318261834452613,0.07045508968753682,0.31022812731327987,-0.04097433923154026,63,23,8,0.7419354838709677,0.6,0.0,0.3483858656526359
2016-07-20,2016-07-20,0,184.92015075683597,0,0.0,13.150249906093498,,,13.150249906093498,3.1502499060934976,0.0,0.31502499060934985,-0.04097433923154026,64,24,8,0.75,0.5968586387434555,0.006578414160126812,0.35496427981276274
2016-07-21,2016-07-21,1,184.2216796875,1,0.07134707537872811,0.0,2016-07-21,184.2216796875,13.143678067059968,3.1502499060934976,-0.006571839033529984,0.31436780670599673,-0.04097433923154026,65,24,8,0.75,0.5989583333333334,0.006571839033529984,0.3615361188462927
2016-07-22,2016-07-22,0,185.04791259765625,0,0.0,13.196026055096882,,,13.196026055096882,3.1960260550968815,0.0,0.3196026055096881,-0.04097433923154026,66,25,8,0.7575757575757576,0.5958549222797928,0.006601313684390636,0.3681374325306834
2016-07-25,2016-07-25,0,184.5453186035156,0,0.0,13.196026055096882,,,13.196026055096882,3.1960260550968815,0.0,0.3196026055096881,-0.04097433923154026,66,25,8,0.7575757575757576,0.5927835051546392,0.0,0.3681374325306834
2016-07-26,2016-07-26,1,184.63047790527344,1,0.07143691274088637,0.0,2016-07-26,184.63047790527344,13.189431339427168,3.1960260550968815,-0.006594715669713584,0.3189431339427169,-0.04097433923154026,67,25,8,0.7575757575757576,0.5948717948717949,0.006594715669713584,0.37473214820039696
2016-07-27,2016-07-27,0,184.43458557128903,0,0.0,13.168849677159786,,,13.168849677159786,3.168849677159786,0.0,0.3168849677159786,-0.04097433923154026,68,25,9,0.7352941176470589,0.5918367346938775,0.006587718697928857,0.3813198668983258
2016-07-28,2016-07-28,1,184.6475372314453,1,0.07128320659045768,-1.7763568394002505e-15,2016-07-28,184.6475372314453,13.162268542888341,3.168849677159786,-0.006581134271444172,0.31622685428883424,-0.04097433923154026,69,25,9,0.7352941176470589,0.5939086294416244,0.006581134271444172,0.38790100116977
2016-07-29,2016-07-29,0,184.9457244873047,0,0.0,13.176932524507082,,,13.176932524507082,3.176932524507082,0.0,0.3176932524507081,-0.04097433923154026,70,26,9,0.7428571428571429,0.5909090909090909,0.006591762143325204,0.3944927633130952
2016-08-01,2016-08-01,0,184.7923583984375,0,0.0,13.176932524507082,,,13.176932524507082,3.176932524507082,0.0,0.3176932524507081,-0.04097433923154026,70,26,9,0.7428571428571429,0.5879396984924623,0.0,0.3944927633130952
2016-08-02,2016-08-02,1,183.6083068847656,1,0.07173067261655817,0.0,2016-08-02,183.6083068847656,13.170347350831666,3.176932524507082,-0.006585173675415833,0.3170347350831666,-0.04097433923154026,71,26,9,0.7428571428571429,0.59,0.006585173675415833,0.401077936988511
2016-08-03,2016-08-03,0,184.14501953125,0,0.0,13.202241686910822,,,13.202241686910822,3.2022416869108223,0.0,0.3202241686910823,-0.04097433923154026,72,27,9,0.75,0.5870646766169154,0.006604423054982903,0.4076823600434939
2016-08-04,2016-08-04,1,184.3409423828125,1,0.07158281657026325,0.0,2016-08-04,184.3409423828125,13.195643864978333,3.2022416869108223,-0.006597821932489167,0.31956438649783325,-0.04097433923154026,73,27,9,0.75,0.5891089108910891,0.006597821932489167,0.41428018197598304
2016-08-05,2016-08-05,0,185.8486175537109,0,0.0,13.296915716434203,,,13.296915716434203,3.296915716434203,0.0,0.32969157164342033,-0.04097433923154026,74,28,9,0.7567567567567568,0.5862068965517241,0.006651783750092148,0.42093196572607516
2016-08-08,2016-08-08,1,185.7379150390625,1,0.07155389129003929,-1.7763568394002505e-15,2016-08-08,185.7379150390625,13.29027058114363,3.296915716434203,-0.0066451352905718165,0.32902705811436306,-0.04097433923154026,75,28,9,0.7567567567567568,0.5882352941176471,0.0066451352905718165,0.427577101016647
2016-08-09,2016-08-09,1,185.8486175537109,1,0.07155389129003929,-1.7763568394002505e-15,2016-08-08,185.7379150390625,13.298191776842318,3.296915716434203,0.0012760604081152836,0.32981917768423186,-0.04097433923154026,75,28,9,0.7567567567567568,0.5902439024390244,0.0,0.427577101016647
2016-08-10,2016-08-10,1,185.38864135742188,1,0.07155389129003929,-1.7763568394002505e-15,2016-08-08,185.7379150390625,13.265278690097045,3.296915716434203,-0.03163702633715765,0.32652786900970443,-0.04097433923154026,75,28,9,0.7567567567567568,0.5922330097087378,0.0,0.427577101016647
2016-08-11,2016-08-11,0,186.2489776611328,0,0.0,13.320175680895428,,,13.320175680895428,3.320175680895428,0.0,0.33201756808954275,-0.04097433923154026,76,29,9,0.7631578947368421,0.5893719806763285,0.006663419550222827,0.4342405205668698
2016-08-12,2016-08-12,1,186.08714294433597,1,0.07154453935281907,-1.7763568394002505e-15,2016-08-12,186.08714294433597,13.31351892143471,3.320175680895428,-0.006656759460717356,0.33135189214347105,-0.04097433923154026,77,29,9,0.7631578947368421,0.5913461538461539,0.006656759460717356,0.44089728002758716
2016-08-15,2016-08-15,0,186.623779296875,0,0.0,13.345236365916055,,,13.345236365916055,3.3452363659160547,0.0,0.33452363659160556,-0.04097433923154026,78,30,9,0.7692307692307693,0.5885167464114832,0.006675956161038547,0.4475732361886257
2016-08-16,2016-08-16,1,185.6612091064453,1,0.07184358621044774,-1.7763568394002505e-15,2016-08-16,185.6612091064453,13.338567082374867,3.3452363659160547,-0.006669283541187435,0.3338567082374868,-0.04097433923154026,79,30,9,0.7692307692307693,0.5904761904761905,0.006669283541187435,0.45424251972981317
2016-08-17,2016-08-17,1,186.0104522705078,1,0.07184358621044774,-1.7763568394002505e-15,2016-08-16,185.6612091064453,13.363657963740602,3.3452363659160547,0.01842159782454724,0.3363657963740603,-0.04097433923154026,79,30,9,0.7692307692307693,0.5924170616113744,0.0,0.45424251972981317
2016-08-18,2016-08-18,0,186.4278564453125,0,0.0,13.386948953669505,,,13.386948953669505,3.3869489536695045,0.0,0.3386948953669504,-0.04097433923154026,80,31,9,0.775,0.589622641509434,0.006696822888278892,0.46093934261809205
2016-08-19,2016-08-19,0,186.15528869628903,0,0.0,13.386948953669505,,,13.386948953669505,3.3869489536695045,0.0,0.3386948953669504,-0.04097433923154026,80,31,9,0.775,0.5868544600938967,0.0,0.46093934261809205
2016-08-22,2016-08-22,1,186.146728515625,1,0.07188017179219053,0.0,2016-08-22,186.146728515625,13.380258824257377,3.3869489536695045,-0.006690129412128688,0.3380258824257376,-0.04097433923154026,81,31,9,0.775,0.5887850467289719,0.006690129412128688,0.46762947203022076
2016-08-23,2016-08-23,1,186.5215606689453,1,0.07188017179219053,0.0,2016-08-22,186.146728515625,13.407201823831278,3.3869489536695045,0.020252870161772317,0.34072018238312785,-0.04097433923154026,81,31,9,0.775,0.5906976744186047,0.0,0.46762947203022076
2016-08-24,2016-08-24,1,185.5675201416016,1,0.07188017179219053,0.0,2016-08-22,186.146728515625,13.338625226829098,3.3869489536695045,-0.04832372684040712,0.3338625226829097,-0.04097433923154026,81,31,9,0.775,0.5925925925925926,0.0,0.46762947203022076
2016-08-25,2016-08-25,1,185.4397430419922,1,0.07188017179219053,0.0,2016-08-22,186.146728515625,13.329440586958066,3.3869489536695045,-0.05750836671143914,0.33294405869580657,-0.04097433923154026,81,31,9,0.775,0.5944700460829493,0.0,0.46762947203022076
2016-08-26,2016-08-26,1,185.0904693603516,1,0.07188017179219053,0.0,2016-08-22,186.146728515625,13.30433473471925,3.3869489536695045,-0.08261421895025547,0.330433473471925,-0.04097433923154026,81,31,9,0.775,0.5963302752293578,0.0,0.46762947203022076
2016-08-29,2016-08-29,0,186.0019073486328,0,0.0,13.363164129367885,,,13.363164129367885,3.3631641293678847,0.0,0.3363164129367884,-0.04097433923154026,82,31,10,0.7560975609756098,0.593607305936073,0.006684924526947416,0.47431439655716817
2016-08-30,2016-08-30,0,185.69528198242188,0,0.0,13.363164129367885,,,13.363164129367885,3.3631641293678847,0.0,0.3363164129367884,-0.04097433923154026,82,31,10,0.7560975609756098,0.5909090909090909,0.0,0.47431439655716817
2016-08-31,2016-08-31,1,185.16714477539065,1,0.07213205076217061,-1.7763568394002505e-15,2016-08-31,185.16714477539065,13.356485886424672,3.3631641293678847,-0.006678242943212337,0.33564858864246716,-0.04097433923154026,83,31,10,0.7560975609756098,0.5927601809954751,0.006678242943212337,0.4809926395003805
2016-09-01,2016-09-01,1,185.1756896972656,1,0.07213205076217061,-1.7763568394002505e-15,2016-08-31,185.16714477539065,13.357102249163113,3.3631641293678847,-0.006061880204771325,0.3357102249163113,-0.04097433923154026,83,31,10,0.7560975609756098,0.5945945945945946,0.0,0.4809926395003805
2016-09-02,2016-09-02,0,186.0104522705078,0,0.0,13.410606727777845,,,13.410606727777845,3.4106067277778447,0.0,0.3410606727777845,-0.04097433923154026,84,32,10,0.7619047619047619,0.5919282511210763,0.006708657692735291,0.4877012971931158
2016-09-06,2016-09-06,0,186.5726776123047,0,0.0,13.410606727777845,,,13.410606727777845,3.4106067277778447,0.0,0.3410606727777845,-0.04097433923154026,84,32,10,0.7619047619047619,0.5892857142857143,0.0,0.4877012971931158
2016-09-07,2016-09-07,0,186.55560302734372,0,0.0,13.410606727777845,,,13.410606727777845,3.4106067277778447,0.0,0.3410606727777845,-0.04097433923154026,84,32,10,0.7619047619047619,0.5866666666666667,0.0,0.4877012971931158
2016-09-08,2016-09-08,0,186.12969970703125,0,0.0,13.410606727777845,,,13.410606727777845,3.4106067277778447,0.0,0.3410606727777845,-0.04097433923154026,84,32,10,0.7619047619047619,0.584070796460177,0.0,0.4877012971931158
2016-09-09,2016-09-09,1,181.6747131347656,1,0.07377969418037383,-1.7763568394002505e-15,2016-09-09,181.6747131347656,13.40390477539015,3.4106067277778447,-0.006701952387695075,0.34039047753901497,-0.04097433923154026,85,32,10,0.7619047619047619,0.5859030837004405,0.006701952387695075,0.49440324958081083
2016-09-12,2016-09-12,0,184.28131103515625,0,0.0,13.589420661946509,,,13.589420661946509,3.5894206619465088,0.0,0.35894206619465097,-0.04097433923154026,86,33,10,0.7674418604651163,0.5833333333333334,0.006798109385666089,0.5012013589664769
2016-09-13,2016-09-13,0,181.6320953369141,0,0.0,13.589420661946509,,,13.589420661946509,3.5894206619465088,0.0,0.35894206619465097,-0.04097433923154026,86,33,10,0.7674418604651163,0.5807860262008734,0.0,0.5012013589664769
2016-09-14,2016-09-14,1,181.56402587890625,1,0.07480903379137328,1.7763568394002505e-15,2016-09-14,181.56402587890625,13.582629347272873,3.5894206619465088,-0.006791314673636435,0.3582629347272872,-0.04097433923154026,87,33,10,0.7674418604651163,0.5826086956521739,0.006791314673636435,0.5079926736401134
2016-09-15,2016-09-15,1,183.3783416748047,1,0.07480903379137328,1.7763568394002505e-15,2016-09-14,181.56402587890625,13.718356558956462,3.5894206619465088,0.1289358970099526,0.37183565589564616,-0.04097433923154026,87,33,10,0.7674418604651163,0.5844155844155844,0.0,0.5079926736401134
2016-09-16,2016-09-16,0,182.6695098876953,0,0.0,13.658496873073275,,,13.658496873073275,3.6584968730732754,0.0,0.3658496873073276,-0.04097433923154026,88,34,10,0.7727272727272727,0.5818965517241379,0.006832664768921098,0.5148253384090344
2016-09-19,2016-09-19,1,182.70372009277344,1,0.0747202685890711,0.0,2016-09-19,182.70372009277344,13.651671037554499,3.6584968730732754,-0.006825835518777249,0.3651671037554498,-0.04097433923154026,89,34,10,0.7727272727272727,0.5836909871244635,0.006825835518777249,0.5216511739278117
2016-09-20,2016-09-20,1,182.71226501464844,1,0.0747202685890711,0.0,2016-09-19,182.70372009277344,13.652309516412071,3.6584968730732754,-0.006187356661204627,0.3652309516412071,-0.04097433923154026,89,34,10,0.7727272727272727,0.5854700854700855,0.0,0.5216511739278117
2016-09-21,2016-09-21,1,184.76693725585935,1,0.0747202685890711,0.0,2016-09-19,182.70372009277344,13.805835178137858,3.6584968730732754,0.14733830506458256,0.38058351781378574,-0.04097433923154026,89,34,10,0.7727272727272727,0.5872340425531914,0.0,0.5216511739278117
2016-09-22,2016-09-22,0,185.9312896728516,0,0.0,13.885889485516119,,,13.885889485516119,3.8858894855161186,0.0,0.38858894855161186,-0.04097433923154026,90,35,10,0.7777777777777778,0.5847457627118644,0.006946417951733927,0.5285975918795456
2016-09-23,2016-09-23,1,184.91249084472656,1,0.07505685498642274,-1.7763568394002505e-15,2016-09-23,184.91249084472656,13.878950010510863,3.8858894855161186,-0.006939475005255433,0.3878950010510862,-0.04097433923154026,91,35,10,0.7777777777777778,0.5864978902953587,0.006939475005255433,0.535537066884801
2016-09-26,2016-09-26,1,183.41427612304688,1,0.07505685498642274,-1.7763568394002505e-15,2016-09-23,184.91249084472656,13.766498725407226,3.8858894855161186,-0.11939076010889221,0.3766498725407226,-0.04097433923154026,91,35,10,0.7777777777777778,0.5882352941176471,0.0,0.535537066884801
2016-09-27,2016-09-27,1,184.55296325683597,1,0.07505685498642274,-1.7763568394002505e-15,2016-09-23,184.91249084472656,13.85196500048294,3.8858894855161186,-0.03392448503317863,0.385196500048294,-0.04097433923154026,91,35,10,0.7777777777777778,0.5899581589958159,0.0,0.535537066884801
2016-09-28,2016-09-28,1,185.468994140625,1,0.07505685498642274,-1.7763568394002505e-15,2016-09-23,184.91249084472656,13.920719397690577,3.8858894855161186,0.03482991217445902,0.39207193976905774,-0.04097433923154026,91,35,10,0.7777777777777778,0.5916666666666667,0.0,0.535537066884801
2016-09-29,2016-09-29,1,183.7909698486328,1,0.07505685498642274,-1.7763568394002505e-15,2016-09-23,184.91249084472656,13.794772171742826,3.8858894855161186,-0.09111731377329219,0.3794772171742826,-0.04097433923154026,91,35,10,0.7777777777777778,0.5933609958506224,0.0,0.535537066884801
2016-09-30,2016-09-30,0,185.1779327392578,0,0.0,13.891923807673868,,,13.891923807673868,3.8919238076738676,0.0,0.3891923807673867,-0.04097433923154026,92,36,10,0.782608695652174,0.5909090909090909,0.006949436622148009,0.5424865035069489
2016-10-03,2016-10-03,0,184.73277282714844,0,0.0,13.891923807673868,,,13.891923807673868,3.8919238076738676,0.0,0.3891923807673867,-0.04097433923154026,92,36,10,0.782608695652174,0.588477366255144,0.0,0.5424865035069489
2016-10-04,2016-10-04,1,183.7909698486328,1,0.07554767967354871,-1.7763568394002505e-15,2016-10-04,183.7909698486328,13.88498131701536,3.8919238076738676,-0.006942490658507681,0.3884981317015359,-0.04097433923154026,93,36,10,0.782608695652174,0.5901639344262295,0.006942490658507681,0.5494289941654567
2016-10-05,2016-10-05,1,184.6043243408203,1,0.07554767967354871,-1.7763568394002505e-15,2016-10-04,183.7909698486328,13.946428361652183,3.8919238076738676,0.0545045539783157,0.39464283616521834,-0.04097433923154026,93,36,10,0.782608695652174,0.5918367346938775,0.0,0.5494289941654567
2016-10-06,2016-10-06,0,184.73277282714844,0,0.0,13.949154280578476,,,13.949154280578476,3.949154280578476,0.0,0.3949154280578475,-0.04097433923154026,94,37,10,0.7872340425531915,0.5894308943089431,0.006978066173375927,0.5564070603388326
2016-10-07,2016-10-07,1,184.09915161132807,1,0.075731925253077,-1.7763568394002505e-15,2016-10-07,184.09915161132807,13.942183188983984,3.949154280578476,-0.006971091594491993,0.3942183188983983,-0.04097433923154026,95,37,10,0.7872340425531915,0.5910931174089069,0.006971091594491993,0.5633781519333245
2016-10-10,2016-10-10,0,185.05804443359372,0,0.0,14.007794587531256,,,14.007794587531256,4.007794587531256,0.0,0.4007794587531257,-0.04097433923154026,96,38,10,0.7916666666666666,0.5887096774193549,0.007007400994262761,0.5703855529275873
2016-10-11,2016-10-11,0,182.7208251953125,0,0.0,14.007794587531256,,,14.007794587531256,4.007794587531256,0.0,0.4007794587531257,-0.04097433923154026,96,38,10,0.7916666666666666,0.5863453815261044,0.0,0.5703855529275873
2016-10-12,2016-10-12,0,182.96060180664065,0,0.0,14.007794587531256,,,14.007794587531256,4.007794587531256,0.0,0.4007794587531257,-0.04097433923154026,96,38,10,0.7916666666666666,0.584,0.0,0.5703855529275873
2016-10-13,2016-10-13,0,182.3613128662109,0,0.0,14.007794587531256,,,14.007794587531256,4.007794587531256,0.0,0.4007794587531257,-0.04097433923154026,96,38,10,0.7916666666666666,0.5816733067729084,0.0,0.5703855529275873
2016-10-14,2016-10-14,1,182.45541381835935,1,0.07673542756245266,0.0,2016-10-14,182.45541381835935,14.000794190436038,4.007794587531256,-0.007000397095218019,0.40007941904360367,-0.04097433923154026,97,38,10,0.7916666666666666,0.5833333333333334,0.007000397095218019,0.5773859500228053
2016-10-17,2016-10-17,0,181.82192993164065,0,0.0,13.94520744176799,,,13.94520744176799,3.945207441767989,0.0,0.39452074417679883,-0.04097433923154026,98,38,11,0.7755102040816326,0.5810276679841897,0.006976091766767378,0.5843620417895727
2016-10-18,2016-10-18,0,182.96060180664065,0,0.0,13.94520744176799,,,13.94520744176799,3.945207441767989,0.0,0.39452074417679883,-0.04097433923154026,98,38,11,0.7755102040816326,0.5787401574803149,0.0,0.5843620417895727
2016-10-19,2016-10-19,0,183.4485626220703,0,0.0,13.94520744176799,,,13.94520744176799,3.945207441767989,0.0,0.39452074417679883,-0.04097433923154026,98,38,11,0.7755102040816326,0.5764705882352941,0.0,0.5843620417895727
2016-10-20,2016-10-20,0,183.1060943603516,0,0.0,13.94520744176799,,,13.94520744176799,3.945207441767989,0.0,0.39452074417679883,-0.04097433923154026,98,38,11,0.7755102040816326,0.57421875,0.0,0.5843620417895727
2016-10-21,2016-10-21,1,183.19168090820312,1,0.07608554194986127,-1.7763568394002505e-15,2016-10-21,183.19168090820312,13.938238322606686,3.945207441767989,-0.006969119161303344,0.39382383226066864,-0.04097433923154026,99,38,11,0.7755102040816326,0.5758754863813229,0.006969119161303344,0.5913311609508761
2016-10-24,2016-10-24,0,183.97076416015625,0,0.0,13.990516536408572,,,13.990516536408572,3.990516536408572,0.0,0.39905165364085726,-0.04097433923154026,100,39,11,0.78,0.5736434108527132,0.006998757647027801,0.598329918597904
2016-10-25,2016-10-25,0,183.35435485839844,0,0.0,13.990516536408572,,,13.990516536408572,3.990516536408572,0.0,0.39905165364085726,-0.04097433923154026,100,39,11,0.78,0.5714285714285714,0.0,0.598329918597904
2016-10-26,2016-10-26,1,182.9862823486328,1,0.07641843199688372,0.0,2016-10-26,182.9862823486328,13.98352477402156,3.990516536408572,-0.0069917623870107805,0.39835247740215607,-0.04097433923154026,101,39,11,0.78,0.573076923076923,0.0069917623870107805,0.6053216809849148
2016-10-27,2016-10-27,0,182.49827575683597,0,0.0,13.939258959434566,,,13.939258959434566,3.939258959434566,0.0,0.3939258959434566,-0.04097433923154026,102,39,12,0.7647058823529411,0.5708812260536399,0.006973116037736152,0.612294797022651
2016-10-28,2016-10-28,1,181.95887756347656,1,0.07656835983816045,0.0,2016-10-28,181.95887756347656,13.932292813028052,3.939258959434566,-0.006966146406514026,0.3932292813028053,-0.04097433923154026,103,39,12,0.7647058823529411,0.5725190839694656,0.006966146406514026,0.619260943429165
2016-10-31,2016-10-31,0,181.96743774414065,0,0.0,13.925981777895409,,,13.925981777895409,3.9259817778954087,0.0,0.39259817778954087,-0.04097433923154026,104,39,13,0.75,0.5703422053231939,0.00696647412601071,0.6262274175551757
2016-11-01,2016-11-01,0,180.64903259277344,0,0.0,13.925981777895409,,,13.925981777895409,3.9259817778954087,0.0,0.39259817778954087,-0.04097433923154026,104,39,13,0.75,0.5681818181818182,0.0,0.6262274175551757
2016-11-02,2016-11-02,0,179.56179809570312,0,0.0,13.925981777895409,,,13.925981777895409,3.9259817778954087,0.0,0.39259817778954087,-0.04097433923154026,104,39,13,0.75,0.5660377358490566,0.0,0.6262274175551757
2016-11-03,2016-11-03,0,178.73989868164062,0,0.0,13.925981777895409,,,13.925981777895409,3.9259817778954087,0.0,0.39259817778954087,-0.04097433923154026,104,39,13,0.75,0.5639097744360902,0.0,0.6262274175551757
2016-11-04,2016-11-04,1,178.54306030273438,1,0.07795890942588968,0.0,2016-11-04,178.54306030273438,13.919022266762028,3.9259817778954087,-0.0069595111333810135,0.39190222667620267,-0.04097433923154026,105,39,13,0.75,0.5655430711610487,0.0069595111333810135,0.6331869286885567
2016-11-07,2016-11-07,1,182.48117065429688,1,0.07795890942588968,0.0,2016-11-04,178.54306030273438,14.226033054968648,3.9259817778954087,0.300051277073239,0.42260330549686476,-0.04097433923154026,105,39,13,0.75,0.5671641791044776,0.0,0.6331869286885567
2016-11-08,2016-11-08,1,183.30303955078125,1,0.07795890942588968,0.0,2016-11-04,178.54306030273438,14.29010505782963,3.9259817778954087,0.364123279934221,0.42901050578296296,-0.04097433923154026,105,39,13,0.75,0.5687732342007435,0.0,0.6331869286885567
2016-11-09,2016-11-09,1,185.24639892578125,1,0.07795890942588968,0.0,2016-11-04,178.54306030273438,14.441607235327208,3.9259817778954087,0.5156254574317992,0.44416072353272074,-0.04097433923154026,105,39,13,0.75,0.5703703703703704,0.0,0.6331869286885567
2016-11-10,2016-11-10,0,185.70870971679688,0,0.0,14.4704096561704,,,14.4704096561704,4.4704096561704,0.0,0.44704096561704,-0.04097433923154026,106,40,13,0.7547169811320755,0.5682656826568265,0.007238824240205303,0.640425752928762
2016-11-11,2016-11-11,0,185.2806854248047,0,0.0,14.4704096561704,,,14.4704096561704,4.4704096561704,0.0,0.44704096561704,-0.04097433923154026,106,40,13,0.7547169811320755,0.5661764705882353,0.0,0.640425752928762
2016-11-14,2016-11-14,1,185.42616271972656,1,0.0779996622644781,0.0,2016-11-14,185.42616271972656,14.463178067136832,4.4704096561704,-0.007231589033568416,0.44631780671368326,-0.04097433923154026,107,40,13,0.7547169811320755,0.5677655677655677,0.007231589033568416,0.6476573419623305
2016-11-15,2016-11-15,1,186.87306213378903,1,0.0779996622644781,0.0,2016-11-14,185.42616271972656,14.576035732764376,4.4704096561704,0.10562607659397576,0.45760357327643764,-0.04097433923154026,107,40,13,0.7547169811320755,0.5693430656934306,0.0,0.6476573419623305
2016-11-16,2016-11-16,1,186.52198791503903,1,0.0779996622644781,0.0,2016-11-14,185.42616271972656,14.548652062272112,4.4704096561704,0.078242406101711,0.45486520622721116,-0.04097433923154026,107,40,13,0.7547169811320755,0.5709090909090909,0.0,0.6476573419623305
2016-11-17,2016-11-17,1,187.48085021972656,1,0.0779996622644781,0.0,2016-11-14,185.42616271972656,14.623442998195877,4.4704096561704,0.1530333420254763,0.4623442998195877,-0.04097433923154026,107,40,13,0.7547169811320755,0.572463768115942,0.0,0.6476573419623305
2016-11-18,2016-11-18,1,187.0614318847656,1,0.0779996622644781,0.0,2016-11-14,185.42616271972656,14.590728509721393,4.4704096561704,0.12031885355099196,0.45907285097213935,-0.04097433923154026,107,40,13,0.7547169811320755,0.5740072202166066,0.0,0.6476573419623305
2016-11-21,2016-11-21,1,188.4739532470703,1,0.0779996622644781,0.0,2016-11-14,185.42616271972656,14.700904698922521,4.4704096561704,0.23049504275212057,0.4700904698922521,-0.04097433923154026,107,40,13,0.7547169811320755,0.5755395683453237,0.0,0.6476573419623305
2016-11-22,2016-11-22,0,188.8420562744141,0,0.0,14.7222518024285,,,14.7222518024285,4.7222518024285005,0.0,0.4722251802428501,-0.04097433923154026,108,41,13,0.7592592592592593,0.5734767025089605,0.007364808305366934,0.6550221502676974
2016-11-23,2016-11-23,1,188.94483947753903,1,0.077879313327317,-1.7763568394002505e-15,2016-11-23,188.94483947753903,14.714894355250875,4.7222518024285005,-0.007357447177625438,0.4714894355250876,-0.04097433923154026,109,41,13,0.7592592592592593,0.575,0.007357447177625438,0.6623795974453228
2016-11-25,2016-11-25,0,189.64683532714844,0,0.0,14.762180527322094,,,14.762180527322094,4.762180527322094,0.0,0.4762180527322095,-0.04097433923154026,110,42,13,0.7636363636363637,0.5729537366548043,0.007384782654988542,0.6697643801003114
2016-11-28,2016-11-28,1,188.7564392089844,1,0.0781684756694484,1.7763568394002505e-15,2016-11-28,188.7564392089844,14.754803125759215,4.762180527322094,-0.007377401562879607,0.4754803125759215,-0.04097433923154026,111,42,13,0.7636363636363637,0.574468085106383,0.007377401562879607,0.677141781663191
2016-11-29,2016-11-29,1,189.1246032714844,1,0.0781684756694484,1.7763568394002505e-15,2016-11-28,188.7564392089844,14.783581949321112,4.762180527322094,0.021401421999017265,0.4783581949321112,-0.04097433923154026,111,42,13,0.7636363636363637,0.5759717314487632,0.0,0.677141781663191
2016-11-30,2016-11-30,0,188.67086791992188,0,0.0,14.740740091457862,,,14.740740091457862,4.740740091457862,0.0,0.47407400914578623,-0.04097433923154026,112,42,14,0.75,0.573943661971831,0.007374057074266064,0.684515838737457
2016-12-01,2016-12-01,1,187.97740173339844,1,0.07837842883716041,1.7763568394002505e-15,2016-12-01,187.97740173339844,14.733373404755485,4.740740091457862,-0.007366686702377742,0.47333734047554854,-0.04097433923154026,113,42,14,0.75,0.5754385964912281,0.007366686702377742,0.6918825254398348
2016-12-02,2016-12-02,1,188.07156372070312,1,0.07837842883716041,1.7763568394002505e-15,2016-12-01,187.97740173339844,14.740753673376611,4.740740091457862,1.3581918748875946e-05,0.4740753673376612,-0.04097433923154026,113,42,14,0.75,0.5769230769230769,0.0,0.6918825254398348
2016-12-05,2016-12-05,1,189.2016143798828,1,0.07837842883716041,1.7763568394002505e-15,2016-12-01,187.97740173339844,14.829325268549512,4.740740091457862,0.08858517709165002,0.48293252685495114,-0.04097433923154026,113,42,14,0.75,0.578397212543554,0.0,0.6918825254398348
2016-12-06,2016-12-06,1,189.80093383789065,1,0.07837842883716041,1.7763568394002505e-15,2016-12-01,187.97740173339844,14.876298986039705,4.740740091457862,0.13555889458184298,0.48762989860397044,-0.04097433923154026,113,42,14,0.75,0.5798611111111112,0.0,0.6918825254398348
2016-12-07,2016-12-07,0,192.2836761474609,0,0.0,15.06335698125763,,,15.06335698125763,5.0633569812576305,0.0,0.506335698125763,-0.04097433923154026,114,43,14,0.7543859649122807,0.5778546712802768,0.007535446213735682,0.6994179716535704
2016-12-08,2016-12-08,0,192.7545623779297,0,0.0,15.06335698125763,,,15.06335698125763,5.0633569812576305,0.0,0.506335698125763,-0.04097433923154026,114,43,14,0.7543859649122807,0.5758620689655173,0.0,0.6994179716535704
2016-12-09,2016-12-09,1,193.91883850097656,1,0.07763984759349953,0.0,2016-12-09,193.91883850097656,15.055829066724268,5.0633569812576305,-0.007527914533362134,0.5055829066724269,-0.04097433923154026,115,43,14,0.7543859649122807,0.5773195876288659,0.007527914533362134,0.7069458861869325
2016-12-12,2016-12-12,1,193.6962432861328,1,0.07763984759349953,0.0,2016-12-09,193.91883850097656,15.038546808168757,5.0633569812576305,-0.024810173088873157,0.5038546808168758,-0.04097433923154026,115,43,14,0.7543859649122807,0.5787671232876712,0.0,0.7069458861869325
2016-12-13,2016-12-13,0,194.98898315429688,0,0.0,15.1313454770438,,,15.1313454770438,5.1313454770438,0.0,0.51313454770438,-0.04097433923154026,116,44,14,0.7586206896551724,0.5767918088737202,0.007569457467255528,0.7145153436541881
2016-12-14,2016-12-14,1,193.3795166015625,1,0.07820778462494603,-1.7763568394002505e-15,2016-12-14,193.3795166015625,15.123783585251173,5.1313454770438,-0.007561891792625588,0.5123783585251174,-0.04097433923154026,117,44,14,0.7586206896551724,0.5782312925170068,0.007561891792625588,0.7220772354468137
2016-12-15,2016-12-15,0,194.17567443847656,0,0.0,15.178456301225067,,,15.178456301225067,5.178456301225067,0.0,0.5178456301225067,-0.04097433923154026,118,45,14,0.7627118644067796,0.576271186440678,0.007593024662944006,0.7296702601097577
2016-12-16,2016-12-16,0,193.79591369628903,0,0.0,15.178456301225067,,,15.178456301225067,5.178456301225067,0.0,0.5178456301225067,-0.04097433923154026,118,45,14,0.7627118644067796,0.5743243243243243,0.0,0.7296702601097577
2016-12-19,2016-12-19,1,194.2178955078125,1,0.07811263131095927,0.0,2016-12-19,194.2178955078125,15.170870865792171,5.178456301225067,-0.007585435432896086,0.5170870865792172,-0.04097433923154026,119,45,14,0.7627118644067796,0.5757575757575758,0.007585435432896086,0.7372556955426538
2016-12-20,2016-12-20,0,194.96707153320312,0,0.0,15.221776280962294,,,15.221776280962294,5.221776280962294,0.0,0.5221776280962294,-0.04097433923154026,120,46,14,0.7666666666666667,0.5738255033557047,0.00761469548822526,0.744870391030879
2016-12-21,2016-12-21,1,194.42459106445312,1,0.07825228852517173,0.0,2016-12-21,194.42459106445312,15.21416919636411,5.221776280962294,-0.007607084598182055,0.5214169196364111,-0.04097433923154026,121,46,14,0.7666666666666667,0.5752508361204013,0.007607084598182055,0.7524774756290611
2016-12-22,2016-12-22,1,194.0886993408203,1,0.07825228852517173,0.0,2016-12-21,194.42459106445312,15.187884900293179,5.221776280962294,-0.0338913806691138,0.5187884900293178,-0.04097433923154026,121,46,14,0.7666666666666667,0.5766666666666667,0.0,0.7524774756290611
2016-12-23,2016-12-23,1,194.37286376953125,1,0.07825228852517173,0.0,2016-12-21,194.42459106445312,15.210121417157257,5.221776280962294,-0.011654863805035675,0.5210121417157256,-0.04097433923154026,121,46,14,0.7666666666666667,0.5780730897009967,0.0,0.7524774756290611
2016-12-27,2016-12-27,0,194.8551177978516,0,0.0,15.240234969074546,,,15.240234969074546,5.240234969074546,0.0,0.5240234969074546,-0.04097433923154026,122,47,14,0.7704918032786885,0.5761589403973509,0.0076239294492619035,0.760101405078323
2016-12-28,2016-12-28,1,193.2447662353516,1,0.07882551727788044,0.0,2016-12-28,193.2447662353516,15.232618659744674,5.240234969074546,-0.007616309329872337,0.5232618659744674,-0.04097433923154026,123,47,14,0.7704918032786885,0.5775577557755776,0.007616309329872337,0.7677177144081954
2016-12-29,2016-12-29,0,193.20167541503903,0,0.0,15.221607392541836,,,15.221607392541836,5.221607392541836,0.0,0.5221607392541836,-0.04097433923154026,124,47,15,0.7580645161290323,0.5756578947368421,0.007614611001771804,0.7753323254099672
2016-12-30,2016-12-30,0,192.4955596923828,0,0.0,15.221607392541836,,,15.221607392541836,5.221607392541836,0.0,0.5221607392541836,-0.04097433923154026,124,47,15,0.7580645161290323,0.5737704918032787,0.0,0.7753323254099672
2017-01-03,2017-01-03,1,193.9681701660156,1,0.0784355514583869,0.0,2017-01-03,193.9681701660156,15.214000392345664,5.221607392541836,-0.007607000196172832,0.5214000392345663,-0.04097433923154026,125,47,15,0.7580645161290323,0.5751633986928104,0.007607000196172832,0.7829393256061401
2017-01-04,2017-01-04,1,195.1220550537109,1,0.0784355514583869,0.0,2017-01-03,193.9681701660156,15.304505989831544,5.221607392541836,0.08289859728970689,0.5304505989831543,-0.04097433923154026,125,47,15,0.7580645161290323,0.5765472312703583,0.0,0.7829393256061401
2017-01-05,2017-01-05,1,194.96707153320312,1,0.0784355514583869,0.0,2017-01-03,193.9681701660156,15.292349771933555,5.221607392541836,0.07074237939171829,0.5292349771933555,-0.04097433923154026,125,47,15,0.7580645161290323,0.577922077922078,0.0,0.7829393256061401
2017-01-06,2017-01-06,1,195.6646423339844,1,0.0784355514583869,0.0,2017-01-03,193.9681701660156,15.347064122374102,5.221607392541836,0.1254567298322648,0.5347064122374101,-0.04097433923154026,125,47,15,0.7580645161290323,0.5792880258899676,0.0,0.7829393256061401
2017-01-09,2017-01-09,1,195.01873779296875,1,0.0784355514583869,0.0,2017-01-03,193.9681701660156,15.296402243510062,5.221607392541836,0.07479485096822563,0.5296402243510063,-0.04097433923154026,125,47,15,0.7580645161290323,0.5806451612903226,0.0,0.7829393256061401
2017-01-10,2017-01-10,1,195.01873779296875,1,0.0784355514583869,0.0,2017-01-03,193.9681701660156,15.296402243510062,5.221607392541836,0.07479485096822563,0.5296402243510063,-0.04097433923154026,125,47,15,0.7580645161290323,0.5819935691318328,0.0,0.7829393256061401
2017-01-11,2017-01-11,1,195.56993103027344,1,0.0784355514583869,0.0,2017-01-03,193.9681701660156,15.33963538903819,5.221607392541836,0.11802799649635282,0.5339635389038189,-0.04097433923154026,125,47,15,0.7580645161290323,0.5833333333333334,0.0,0.7829393256061401
2017-01-12,2017-01-12,1,195.0790252685547,1,0.0784355514583869,0.0,2017-01-03,193.9681701660156,15.30113092490368,5.221607392541836,0.07952353236184279,0.5301130924903679,-0.04097433923154026,125,47,15,0.7580645161290323,0.5846645367412141,0.0,0.7829393256061401
2017-01-13,2017-01-13,1,195.5269012451172,1,0.0784355514583869,0.0,2017-01-03,193.9681701660156,15.336260324110324,5.221607392541836,0.11465293156848694,0.5336260324110325,-0.04097433923154026,125,47,15,0.7580645161290323,0.5859872611464968,0.0,0.7829393256061401
2017-01-17,2017-01-17,1,194.83790588378903,1,0.0784355514583869,0.0,2017-01-03,193.9681701660156,15.28221859299228,5.221607392541836,0.060611200450442826,0.528221859299228,-0.04097433923154026,125,47,15,0.7580645161290323,0.5873015873015873,0.0,0.7829393256061401
2017-01-18,2017-01-18,1,195.2684631347656,1,0.0784355514583869,0.0,2017-01-03,193.9681701660156,15.315989588407033,5.221607392541836,0.09438219586519664,0.5315989588407033,-0.04097433923154026,125,47,15,0.7580645161290323,0.5886075949367089,0.0,0.7829393256061401
2017-01-19,2017-01-19,1,194.54513549804688,1,0.0784355514583869,0.0,2017-01-03,193.9681701660156,15.25925498633591,5.221607392541836,0.03764759379407251,0.5259254986335908,-0.04097433923154026,125,47,15,0.7580645161290323,0.5899053627760252,0.0,0.7829393256061401
2017-01-20,2017-01-20,0,195.2598876953125,0,0.0,15.30765931059999,,,15.30765931059999,5.307659310599989,0.0,0.530765931059999,-0.04097433923154026,126,48,15,0.7619047619047619,0.5880503144654088,0.007657658484542266,0.7905969840906824
2017-01-23,2017-01-23,1,194.75180053710935,1,0.07856158075946337,-1.7763568394002505e-15,2017-01-23,194.75180053710935,15.300009305947016,5.307659310599989,-0.00765000465297351,0.5300009305947015,-0.04097433923154026,127,48,15,0.7619047619047619,0.5893416927899686,0.00765000465297351,0.7982469887436558
2017-01-24,2017-01-24,1,196.00050354003903,1,0.07856158075946337,-1.7763568394002505e-15,2017-01-23,194.75180053710935,15.39810938775626,5.307659310599989,0.09045007715627083,0.539810938775626,-0.04097433923154026,127,48,15,0.7619047619047619,0.590625,0.0,0.7982469887436558
2017-01-25,2017-01-25,0,197.69699096679688,0,0.0,15.523622427680042,,,15.523622427680042,5.523622427680042,0.0,0.5523622427680042,-0.04097433923154026,128,49,15,0.765625,0.5887850467289719,0.007765694060870457,0.8060126828045263
2017-01-26,2017-01-26,1,197.49034118652344,1,0.07856518147780239,-1.7763568394002505e-15,2017-01-26,197.49034118652344,15.515864495432325,5.523622427680042,-0.007757932247716164,0.5515864495432325,-0.04097433923154026,129,49,15,0.765625,0.5900621118012422,0.007757932247716164,0.8137706150522425
2017-01-27,2017-01-27,1,197.1802978515625,1,0.07856518147780239,-1.7763568394002505e-15,2017-01-26,197.49034118652344,15.491505884555135,5.523622427680042,-0.03211654312490621,0.5491505884555135,-0.04097433923154026,129,49,15,0.765625,0.5913312693498453,0.0,0.8137706150522425
2017-01-30,2017-01-30,1,195.9574279785156,1,0.07856518147780239,-1.7763568394002505e-15,2017-01-26,197.49034118652344,15.395430891055469,5.523622427680042,-0.12819153662457253,0.5395430891055468,-0.04097433923154026,129,49,15,0.765625,0.5925925925925926,0.0,0.8137706150522425
2017-01-31,2017-01-31,1,195.940185546875,1,0.07856518147780239,-1.7763568394002505e-15,2017-01-26,197.49034118652344,15.394076236284507,5.523622427680042,-0.1295461913955345,0.5394076236284506,-0.04097433923154026,129,49,15,0.765625,0.5938461538461538,0.0,0.8137706150522425
2017-02-01,2017-02-01,1,196.01768493652344,1,0.07856518147780239,-1.7763568394002505e-15,2017-01-26,197.49034118652344,15.400164989896654,5.523622427680042,-0.12345743778338748,0.5400164989896654,-0.04097433923154026,129,49,15,0.765625,0.5950920245398773,0.0,0.8137706150522425
2017-02-02,2017-02-02,1,196.1468811035156,1,0.07856518147780239,-1.7763568394002505e-15,2017-01-26,197.49034118652344,15.41031531020263,5.523622427680042,-0.11330711747741075,0.5410315310202631,-0.04097433923154026,129,49,15,0.765625,0.5963302752293578,0.0,0.8137706150522425
2017-02-03,2017-02-03,1,197.49888610839844,1,0.07856518147780239,-1.7763568394002505e-15,2017-01-26,197.49034118652344,15.516535828770147,5.523622427680042,-0.007086598909894286,0.5516535828770146,-0.04097433923154026,129,49,15,0.765625,0.5975609756097561,0.0,0.8137706150522425
2017-02-06,2017-02-06,1,197.1459197998047,1,0.07856518147780239,-1.7763568394002505e-15,2017-01-26,197.49034118652344,15.488804966679929,5.523622427680042,-0.034817461000112196,0.548880496667993,-0.04097433923154026,129,49,15,0.765625,0.5987841945288754,0.0,0.8137706150522425
2017-02-07,2017-02-07,1,197.1544647216797,1,0.07856518147780239,-1.7763568394002505e-15,2017-01-26,197.49034118652344,15.489476300017753,5.523622427680042,-0.03414612766228854,0.5489476300017753,-0.04097433923154026,129,49,15,0.765625,0.6,0.0,0.8137706150522425
2017-02-08,2017-02-08,1,197.41278076171875,1,0.07856518147780239,-1.7763568394002505e-15,2017-01-26,197.49034118652344,15.509770946582048,5.523622427680042,-0.013851481097993295,0.5509770946582049,-0.04097433923154026,129,49,15,0.765625,0.6012084592145015,0.0,0.8137706150522425
2017-02-09,2017-02-09,1,198.58399963378903,1,0.07856518147780239,-1.7763568394002505e-15,2017-01-26,197.49034118652344,15.601787969816478,5.523622427680042,0.07816554213643644,0.5601787969816479,-0.04097433923154026,129,49,15,0.765625,0.6024096385542169,0.0,0.8137706150522425
2017-02-10,2017-02-10,1,199.36761474609372,1,0.07856518147780239,-1.7763568394002505e-15,2017-01-26,197.49034118652344,15.663352833323444,5.523622427680042,0.13973040564340253,0.5663352833323443,-0.04097433923154026,129,49,15,0.765625,0.6036036036036037,0.0,0.8137706150522425
2017-02-13,2017-02-13,0,200.45265197753903,0,0.0,15.740724680831955,,,15.740724680831955,5.7407246808319545,0.0,0.5740724680831955,-0.04097433923154026,130,50,15,0.7692307692307693,0.6017964071856288,0.007874299490161059,0.8216449145424035
2017-02-14,2017-02-14,1,201.25357055664065,1,0.07817430621574119,0.0,2017-02-14,201.25357055664065,15.732858251706102,5.7407246808319545,-0.007866429125853051,0.5732858251706101,-0.04097433923154026,131,50,15,0.7692307692307693,0.6029850746268657,0.007866429125853051,0.8295113436682565
2017-02-15,2017-02-15,0,202.30416870117188,0,0.0,15.807080538749991,,,15.807080538749991,5.807080538749991,0.0,0.5807080538749991,-0.04097433923154026,132,51,15,0.7727272727272727,0.6011904761904762,0.007907494016383187,0.8374188376846396
2017-02-16,2017-02-16,0,202.13198852539065,0,0.0,15.807080538749991,,,15.807080538749991,5.807080538749991,0.0,0.5807080538749991,-0.04097433923154026,132,51,15,0.7727272727272727,0.599406528189911,0.0,0.8374188376846396
2017-02-17,2017-02-17,1,202.45057678222656,1,0.07803969343723247,0.0,2017-02-17,202.45057678222656,15.799180948275854,5.807080538749991,-0.007899590474137927,0.5799180948275855,-0.04097433923154026,133,51,15,0.7727272727272727,0.6005917159763313,0.007899590474137927,0.8453184281587776
2017-02-21,2017-02-21,0,203.6562347412109,0,0.0,15.885323490722259,,,15.885323490722259,5.885323490722259,0.0,0.5885323490722258,-0.04097433923154026,134,52,15,0.7761194029850746,0.5988200589970502,0.007946635062892577,0.8532650632216702
2017-02-22,2017-02-22,0,203.4753570556641,0,0.0,15.885323490722259,,,15.885323490722259,5.885323490722259,0.0,0.5885323490722258,-0.04097433923154026,134,52,15,0.7761194029850746,0.5970588235294118,0.0,0.8532650632216702
2017-02-23,2017-02-23,0,203.61317443847656,0,0.0,15.885323490722259,,,15.885323490722259,5.885323490722259,0.0,0.5885323490722258,-0.04097433923154026,134,52,15,0.7761194029850746,0.5953079178885631,0.0,0.8532650632216702
2017-02-24,2017-02-24,1,203.87147521972656,1,0.07787938347535342,0.0,2017-02-24,203.87147521972656,15.877384798323098,5.885323490722259,-0.007938692399161548,0.5877384798323098,-0.04097433923154026,135,52,15,0.7761194029850746,0.5964912280701754,0.007938692399161548,0.8612037556208317
2017-02-27,2017-02-27,0,204.19017028808597,0,0.0,15.89425347147668,,,15.89425347147668,5.894253471476681,0.0,0.589425347147668,-0.04097433923154026,136,53,15,0.7794117647058824,0.5947521865889213,0.007951102286881782,0.8691548579077135
2017-02-28,2017-02-28,1,203.63905334472656,1,0.0780121006034421,0.0,2017-02-28,203.63905334472656,15.886310316318522,5.894253471476681,-0.00794315515815926,0.5886310316318522,-0.04097433923154026,137,53,15,0.7794117647058824,0.5959302325581395,0.00794315515815926,0.8770980130658728
2017-03-01,2017-03-01,1,206.489501953125,1,0.0780121006034421,0.0,2017-02-28,203.63905334472656,16.10867979992184,5.894253471476681,0.21442632844516038,0.6108679799921841,-0.04097433923154026,137,53,15,0.7794117647058824,0.5971014492753624,0.0,0.8770980130658728
2017-03-02,2017-03-02,1,205.1891021728516,1,0.0780121006034421,0.0,2017-02-28,203.63905334472656,16.00723288143846,5.894253471476681,0.11297940996177756,0.6007232881438458,-0.04097433923154026,137,53,15,0.7794117647058824,0.5982658959537572,0.0,0.8770980130658728
2017-03-03,2017-03-03,1,205.3182678222656,1,0.0780121006034421,0.0,2017-02-28,203.63905334472656,16.017309365075054,5.894253471476681,0.12305589359837298,0.6017309365075054,-0.04097433923154026,137,53,15,0.7794117647058824,0.5994236311239193,0.0,0.8770980130658728
2017-03-06,2017-03-06,0,204.70687866210935,0,0.0,15.961628805598886,,,15.961628805598886,5.961628805598886,0.0,0.5961628805598886,-0.04097433923154026,138,54,15,0.782608695652174,0.5977011494252874,0.007984806806202545,0.8850828198720753
2017-03-07,2017-03-07,0,204.0954132080078,0,0.0,15.961628805598886,,,15.961628805598886,5.961628805598886,0.0,0.5961628805598886,-0.04097433923154026,138,54,15,0.782608695652174,0.5959885386819485,0.0,0.8850828198720753
2017-03-08,2017-03-08,1,203.7165069580078,1,0.07831300574428962,0.0,2017-03-08,203.7165069580078,15.953651979609083,5.961628805598886,-0.007976825989804542,0.5953651979609083,-0.04097433923154026,139,54,15,0.782608695652174,0.5971428571428572,0.007976825989804542,0.8930596458618798
2017-03-09,2017-03-09,1,203.9748077392578,1,0.07831300574428962,0.0,2017-03-08,203.7165069580078,15.973880290174868,5.961628805598886,0.012251484575981348,0.5973880290174869,-0.04097433923154026,139,54,15,0.782608695652174,0.5982905982905983,0.0,0.8930596458618798
2017-03-10,2017-03-10,1,204.68966674804688,1,0.07831300574428962,0.0,2017-03-08,203.7165069580078,16.029863047836525,5.961628805598886,0.06823424223763763,0.6029863047836526,-0.04097433923154026,139,54,15,0.782608695652174,0.5994318181818182,0.0,0.8930596458618798
2017-03-13,2017-03-13,0,204.79298400878903,0,0.0,16.029935156003972,,,16.029935156003972,6.0299351560039725,0.0,0.6029935156003972,-0.04097433923154026,140,55,15,0.7857142857142857,0.5977337110481586,0.008018977066535253,0.901078622928415
2017-03-14,2017-03-14,1,204.00927734375,1,0.07853527252542794,0.0,2017-03-14,204.00927734375,16.02192419390702,6.0299351560039725,-0.00801096209695351,0.6021924193907018,-0.04097433923154026,141,55,15,0.7857142857142857,0.5988700564971752,0.00801096209695351,0.9090895850253685
2017-03-15,2017-03-15,1,205.7746734619141,1,0.07853527252542794,0.0,2017-03-14,204.00927734375,16.160570059162367,6.0299351560039725,0.1306349031583951,0.6160570059162367,-0.04097433923154026,141,55,15,0.7857142857142857,0.6,0.0,0.9090895850253685
2017-03-16,2017-03-16,0,205.36993408203125,0,0.0,16.120719349790665,,,16.120719349790665,6.120719349790665,0.0,0.6120719349790664,-0.04097433923154026,142,56,15,0.7887323943661971,0.598314606741573,0.008064391870830748,0.9171539768961993
2017-03-17,2017-03-17,0,205.00927734375,0,0.0,16.120719349790665,,,16.120719349790665,6.120719349790665,0.0,0.6120719349790664,-0.04097433923154026,142,56,15,0.7887323943661971,0.5966386554621849,0.0,0.9171539768961993
2017-03-20,2017-03-20,0,204.78436279296875,0,0.0,16.120719349790665,,,16.120719349790665,6.120719349790665,0.0,0.6120719349790664,-0.04097433923154026,142,56,15,0.7887323943661971,0.5949720670391061,0.0,0.9171539768961993
2017-03-21,2017-03-21,1,202.1550445556641,1,0.07970448154631554,0.0,2017-03-21,202.1550445556641,16.112663018281523,6.120719349790665,-0.008056331509140762,0.6112663018281523,-0.04097433923154026,143,56,15,0.7887323943661971,0.596100278551532,0.008056331509140762,0.92521030840534
2017-03-22,2017-03-22,0,202.6307830810547,0,0.0,16.14250622004399,,,16.14250622004399,6.142506220043991,0.0,0.6142506220043991,-0.04097433923154026,144,57,15,0.7916666666666666,0.5944444444444444,0.008075290755399697,0.9332855991607397
2017-03-23,2017-03-23,0,202.41452026367188,0,0.0,16.14250622004399,,,16.14250622004399,6.142506220043991,0.0,0.6142506220043991,-0.04097433923154026,144,57,15,0.7916666666666666,0.592797783933518,0.0,0.9332855991607397
2017-03-24,2017-03-24,1,202.2675018310547,1,0.07976782653903601,0.0,2017-03-24,202.2675018310547,16.13443900054372,6.142506220043991,-0.00806721950027186,0.6134439000543719,-0.04097433923154026,145,57,15,0.7916666666666666,0.5939226519337016,0.00806721950027186,0.9413528186610116
2017-03-27,2017-03-27,1,202.0599670410156,1,0.07976782653903601,0.0,2017-03-24,202.2675018310547,16.117884401411064,6.142506220043991,-0.02462181863292575,0.6117884401411064,-0.04097433923154026,145,57,15,0.7916666666666666,0.5950413223140496,0.0,0.9413528186610116
2017-03-28,2017-03-28,0,203.5302581787109,0,0.0,16.227048746679706,,,16.227048746679706,6.227048746679706,0.0,0.6227048746679706,-0.04097433923154026,146,58,15,0.7945205479452054,0.5934065934065934,0.008117583164922315,0.9494704018259339
2017-03-29,2017-03-29,0,203.72052001953125,0,0.0,16.227048746679706,,,16.227048746679706,6.227048746679706,0.0,0.6227048746679706,-0.04097433923154026,146,58,15,0.7945205479452054,0.5917808219178082,0.0,0.9494704018259339
2017-03-30,2017-03-30,0,204.3692626953125,0,0.0,16.227048746679706,,,16.227048746679706,6.227048746679706,0.0,0.6227048746679706,-0.04097433923154026,146,58,15,0.7945205479452054,0.5901639344262295,0.0,0.9494704018259339
2017-03-31,2017-03-31,0,203.89349365234372,0,0.0,16.227048746679706,,,16.227048746679706,6.227048746679706,0.0,0.6227048746679706,-0.04097433923154026,146,58,15,0.7945205479452054,0.5885558583106267,0.0,0.9494704018259339
2017-04-03,2017-04-03,1,203.53890991210935,1,0.07968471131168349,0.0,2017-04-03,203.53890991210935,16.218939277041187,6.227048746679706,-0.008109469638520593,0.6218939277041187,-0.04097433923154026,147,58,15,0.7945205479452054,0.5896739130434783,0.008109469638520593,0.9575798714644544
2017-04-04,2017-04-04,0,203.66868591308597,0,0.0,16.221165799994086,,,16.221165799994086,6.221165799994086,0.0,0.6221165799994086,-0.04097433923154026,148,58,16,0.7837837837837838,0.5880758807588076,0.008114640220107097,0.9656945116845616
2017-04-05,2017-04-05,0,203.06320190429688,0,0.0,16.221165799994086,,,16.221165799994086,6.221165799994086,0.0,0.6221165799994086,-0.04097433923154026,148,58,16,0.7837837837837838,0.5864864864864865,0.0,0.9656945116845616
2017-04-06,2017-04-06,0,203.6340484619141,0,0.0,16.221165799994086,,,16.221165799994086,6.221165799994086,0.0,0.6221165799994086,-0.04097433923154026,148,58,16,0.7837837837837838,0.5849056603773585,0.0,0.9656945116845616
2017-04-07,2017-04-07,0,203.42648315429688,0,0.0,16.221165799994086,,,16.221165799994086,6.221165799994086,0.0,0.6221165799994086,-0.04097433923154026,148,58,16,0.7837837837837838,0.5833333333333334,0.0,0.9656945116845616
2017-04-10,2017-04-10,0,203.5475311279297,0,0.0,16.221165799994086,,,16.221165799994086,6.221165799994086,0.0,0.6221165799994086,-0.04097433923154026,148,58,16,0.7837837837837838,0.5817694369973191,0.0,0.9656945116845616
2017-04-11,2017-04-11,0,203.30538940429688,0,0.0,16.221165799994086,,,16.221165799994086,6.221165799994086,0.0,0.6221165799994086,-0.04097433923154026,148,58,16,0.7837837837837838,0.5802139037433155,0.0,0.9656945116845616
2017-04-12,2017-04-12,0,202.41452026367188,0,0.0,16.221165799994086,,,16.221165799994086,6.221165799994086,0.0,0.6221165799994086,-0.04097433923154026,148,58,16,0.7837837837837838,0.5786666666666667,0.0,0.9656945116845616
2017-04-13,2017-04-13,1,201.099853515625,1,0.0806219347598838,0.0,2017-04-13,201.099853515625,16.213059270358908,6.221165799994086,-0.008106529635179454,0.6213059270358907,-0.04097433923154026,149,58,16,0.7837837837837838,0.5797872340425532,0.008106529635179454,0.973801041319741
2017-04-17,2017-04-17,0,202.8816375732422,0,0.0,16.348531793334118,,,16.348531793334118,6.348531793334118,0.0,0.6348531793334118,-0.04097433923154026,150,59,16,0.7866666666666666,0.5782493368700266,0.00817835507420416,0.9819793963939452
2017-04-18,2017-04-18,0,202.27615356445312,0,0.0,16.348531793334118,,,16.348531793334118,6.348531793334118,0.0,0.6348531793334118,-0.04097433923154026,150,59,16,0.7866666666666666,0.5767195767195767,0.0,0.9819793963939452
2017-04-19,2017-04-19,1,201.9042816162109,1,0.08093122880666978,-3.552713678800501e-15,2017-04-19,201.9042816162109,16.340361612527854,6.348531793334118,-0.00817018080626393,0.6340361612527854,-0.04097433923154026,151,59,16,0.7866666666666666,0.5778364116094987,0.00817018080626393,0.9901495772002091
2017-04-20,2017-04-20,1,203.5475311279297,1,0.08093122880666978,-3.552713678800501e-15,2017-04-19,201.9042816162109,16.473351814747215,6.348531793334118,0.12482002141309682,0.6473351814747215,-0.04097433923154026,151,59,16,0.7866666666666666,0.5789473684210527,0.0,0.9901495772002091
2017-04-21,2017-04-21,1,202.8989105224609,1,0.08093122880666978,-3.552713678800501e-15,2017-04-19,201.9042816162109,16.420858152117297,6.348531793334118,0.07232635878317954,0.6420858152117297,-0.04097433923154026,151,59,16,0.7866666666666666,0.5800524934383202,0.0,0.9901495772002091
2017-04-24,2017-04-24,1,205.13037109375,1,0.08093122880666978,-3.552713678800501e-15,2017-04-19,201.9042816162109,16.60145299818536,6.348531793334118,0.25292120485124064,0.6601452998185358,-0.04097433923154026,151,59,16,0.7866666666666666,0.581151832460733,0.0,0.9901495772002091
2017-04-25,2017-04-25,0,206.32391357421875,0,0.0,16.689698833833774,,,16.689698833833774,6.6896988338337735,0.0,0.6689698833833773,-0.04097433923154026,152,60,16,0.7894736842105263,0.5796344647519582,0.00834902392888133,0.9984986011290905
2017-04-26,2017-04-26,1,206.1941680908203,1,0.08090121223704505,0.0,2017-04-26,206.1941680908203,16.681358154756396,6.6896988338337735,-0.008340679077378198,0.6681358154756396,-0.04097433923154026,153,60,16,0.7894736842105263,0.5807291666666666,0.008340679077378198,1.0068392802064687
2017-04-27,2017-04-27,1,206.36721801757807,1,0.08090121223704505,0.0,2017-04-26,206.1941680908203,16.69535810360863,6.6896988338337735,0.005659269774856014,0.6695358103608631,-0.04097433923154026,153,60,16,0.7894736842105263,0.5818181818181818,0.0,1.0068392802064687
2017-04-28,2017-04-28,1,205.91737365722656,1,0.08090121223704505,0.0,2017-04-26,206.1941680908203,16.658965149538197,6.6896988338337735,-0.030733684295576623,0.6658965149538196,-0.04097433923154026,153,60,16,0.7894736842105263,0.582901554404145,0.0,1.0068392802064687
2017-05-01,2017-05-01,1,206.43638610839844,1,0.08090121223704505,0.0,2017-04-26,206.1941680908203,16.700953886004122,6.6896988338337735,0.01125505217034798,0.6700953886004122,-0.04097433923154026,153,60,16,0.7894736842105263,0.5839793281653747,0.0,1.0068392802064687
2017-05-02,2017-05-02,1,206.51419067382807,1,0.08090121223704505,0.0,2017-04-26,206.1941680908203,16.707248369664953,6.6896988338337735,0.017549535831178943,0.6707248369664953,-0.04097433923154026,153,60,16,0.7894736842105263,0.5850515463917526,0.0,1.0068392802064687
2017-05-03,2017-05-03,0,206.2633514404297,0,0.0,16.67861169402061,,,16.67861169402061,6.67861169402061,0.0,0.6678611694020611,-0.04097433923154026,154,60,17,0.7792207792207793,0.583547557840617,0.008343477585803206,1.0151827577922719
2017-05-04,2017-05-04,1,206.5055694580078,1,0.08072555427679437,0.0,2017-05-04,206.5055694580078,16.67027655574274,6.67861169402061,-0.008335138277871369,0.6670276555742738,-0.04097433923154026,155,60,17,0.7792207792207793,0.5846153846153846,0.008335138277871369,1.0235178960701432
2017-05-05,2017-05-05,1,207.31857299804688,1,0.08072555427679437,0.0,2017-05-04,206.5055694580078,16.73590671714139,6.67861169402061,0.05729502312078004,0.6735906717141389,-0.04097433923154026,155,60,17,0.7792207792207793,0.5856777493606138,0.0,1.0235178960701432
2017-05-08,2017-05-08,1,207.28396606445312,1,0.08072555427679437,0.0,2017-05-04,206.5055694580078,16.733113053245212,6.67861169402061,0.054501359224602405,0.6733113053245212,-0.04097433923154026,155,60,17,0.7792207792207793,0.5867346938775511,0.0,1.0235178960701432
2017-05-09,2017-05-09,0,207.0937042236328,0,0.0,16.709395183656927,,,16.709395183656927,6.709395183656927,0.0,0.6709395183656928,-0.04097433923154026,156,61,17,0.782051282051282,0.5852417302798982,0.008358877030343635,1.0318767731004868
2017-05-10,2017-05-10,0,207.46560668945312,0,0.0,16.709395183656927,,,16.709395183656927,6.709395183656927,0.0,0.6709395183656928,-0.04097433923154026,156,61,17,0.782051282051282,0.583756345177665,0.0,1.0318767731004868
2017-05-11,2017-05-11,0,207.041748046875,0,0.0,16.709395183656927,,,16.709395183656927,6.709395183656927,0.0,0.6709395183656928,-0.04097433923154026,156,61,17,0.782051282051282,0.5822784810126582,0.0,1.0318767731004868
2017-05-12,2017-05-12,1,206.69586181640625,1,0.08080009205099933,0.0,2017-05-12,206.69586181640625,16.701044661326264,6.709395183656927,-0.008350522330663133,0.6701044661326265,-0.04097433923154026,157,61,17,0.782051282051282,0.5833333333333334,0.008350522330663133,1.0402272954311498
2017-05-15,2017-05-15,0,207.8374938964844,0,0.0,16.78489199416571,,,16.78489199416571,6.7848919941657115,0.0,0.6784891994165712,-0.04097433923154026,158,62,17,0.7848101265822784,0.5818639798488665,0.008396644319242476,1.0486239397503923
2017-05-16,2017-05-16,0,207.64724731445312,0,0.0,16.78489199416571,,,16.78489199416571,6.7848919941657115,0.0,0.6784891994165712,-0.04097433923154026,158,62,17,0.7848101265822784,0.5804020100502513,0.0,1.0486239397503923
2017-05-17,2017-05-17,0,203.9627227783203,0,0.0,16.78489199416571,,,16.78489199416571,6.7848919941657115,0.0,0.6784891994165712,-0.04097433923154026,158,62,17,0.7848101265822784,0.5789473684210527,0.0,1.0486239397503923
2017-05-18,2017-05-18,0,204.78436279296875,0,0.0,16.78489199416571,,,16.78489199416571,6.7848919941657115,0.0,0.6784891994165712,-0.04097433923154026,158,62,17,0.7848101265822784,0.5775,0.0,1.0486239397503923
2017-05-19,2017-05-19,1,206.1163787841797,1,0.08139335574035533,0.0,2017-05-19,206.1163787841797,16.776503742294565,6.7848919941657115,-0.008388251871147282,0.6776503742294566,-0.04097433923154026,159,62,17,0.7848101265822784,0.5785536159600998,0.008388251871147282,1.0570121916215396
2017-05-22,2017-05-22,1,207.1628875732422,1,0.08139335574035533,0.0,2017-05-19,206.1163787841797,16.861682604448138,6.7848919941657115,0.07679061028242523,0.6861682604448138,-0.04097433923154026,159,62,17,0.7848101265822784,0.5796019900497512,0.0,1.0570121916215396
2017-05-23,2017-05-23,1,207.62127685546875,1,0.08139335574035533,0.0,2017-05-19,206.1163787841797,16.89899244636397,6.7848919941657115,0.11410045219825699,0.689899244636397,-0.04097433923154026,159,62,17,0.7848101265822784,0.5806451612903226,0.0,1.0570121916215396
2017-05-24,2017-05-24,1,208.10562133789065,1,0.08139335574035533,0.0,2017-05-19,206.1163787841797,16.938414869122617,6.7848919941657115,0.1535228749569047,0.6938414869122618,-0.04097433923154026,159,62,17,0.7848101265822784,0.5816831683168316,0.0,1.0570121916215396
2017-05-25,2017-05-25,1,209.10028076171875,1,0.08139335574035533,0.0,2017-05-19,206.1163787841797,17.019373537446754,6.7848919941657115,0.23448154328104104,0.7019373537446754,-0.04097433923154026,159,62,17,0.7848101265822784,0.582716049382716,0.0,1.0570121916215396
2017-05-26,2017-05-26,1,209.05702209472656,1,0.08139335574035533,0.0,2017-05-19,206.1163787841797,17.015852569375404,6.7848919941657115,0.23096057520969177,0.7015852569375405,-0.04097433923154026,159,62,17,0.7848101265822784,0.583743842364532,0.0,1.0570121916215396
2017-05-30,2017-05-30,1,208.87542724609372,1,0.08139335574035533,0.0,2017-05-19,206.1163787841797,17.001071955260016,6.7848919941657115,0.21617996109430387,0.7001071955260016,-0.04097433923154026,159,62,17,0.7848101265822784,0.5847665847665847,0.0,1.0570121916215396
2017-05-31,2017-05-31,1,208.8235015869141,1,0.08139335574035533,0.0,2017-05-19,206.1163787841797,16.996845551610356,6.7848919941657115,0.21195355744464345,0.6996845551610356,-0.04097433923154026,159,62,17,0.7848101265822784,0.5857843137254902,0.0,1.0570121916215396
2017-06-01,2017-06-01,1,210.48416137695312,1,0.08139335574035533,0.0,2017-05-19,206.1163787841797,17.132012224664706,6.7848919941657115,0.3471202304989934,0.7132012224664706,-0.04097433923154026,159,62,17,0.7848101265822784,0.58679706601467,0.0,1.0570121916215396
2017-06-02,2017-06-02,0,211.1846923828125,0,0.0,17.18043627863475,,,17.18043627863475,7.180436278634751,0.0,0.7180436278634752,-0.04097433923154026,160,63,17,0.7875,0.5853658536585366,0.008594515397015882,1.0656067070185555
2017-06-05,2017-06-05,0,211.02902221679688,0,0.0,17.18043627863475,,,17.18043627863475,7.180436278634751,0.0,0.7180436278634752,-0.04097433923154026,160,63,17,0.7875,0.583941605839416,0.0,1.0656067070185555
2017-06-06,2017-06-06,0,210.3544006347656,0,0.0,17.18043627863475,,,17.18043627863475,7.180436278634751,0.0,0.7180436278634752,-0.04097433923154026,160,63,17,0.7875,0.5825242718446602,0.0,1.0656067070185555
2017-06-07,2017-06-07,1,210.7436370849609,1,0.08148217707059513,0.0,2017-06-07,210.7436370849609,17.171850353458023,7.180436278634751,-0.008585925176729011,0.7171850353458022,-0.04097433923154026,161,63,17,0.7875,0.5835351089588378,0.008585925176729011,1.0741926321952846
2017-06-08,2017-06-08,0,210.847412109375,0,0.0,17.171716015288652,,,17.171716015288652,7.171716015288652,0.0,0.7171716015288652,-0.04097433923154026,162,63,18,0.7777777777777778,0.5821256038647343,0.00859015308418642,1.082782785279471
2017-06-09,2017-06-09,1,210.5273895263672,1,0.08152447283309447,3.552713678800501e-15,2017-06-09,210.5273895263672,17.16313444806462,7.171716015288652,-0.008581567224032308,0.7163134448064621,-0.04097433923154026,163,63,18,0.7777777777777778,0.5831325301204819,0.008581567224032308,1.0913643525035033
2017-06-12,2017-06-12,1,210.48416137695312,1,0.08152447283309447,3.552713678800501e-15,2017-06-09,210.5273895263672,17.15961029597209,7.171716015288652,-0.012105719316563405,0.715961029597209,-0.04097433923154026,163,63,18,0.7777777777777778,0.5841346153846154,0.0,1.0913643525035033
2017-06-13,2017-06-13,1,211.51341247558597,1,0.08152447283309447,3.552713678800501e-15,2017-06-09,210.5273895263672,17.243519449201017,7.171716015288652,0.07180343391236327,0.7243519449201017,-0.04097433923154026,163,63,18,0.7777777777777778,0.5851318944844125,0.0,1.0913643525035033
2017-06-14,2017-06-14,1,211.2452392578125,1,0.08152447283309447,3.552713678800501e-15,2017-06-09,210.5273895263672,17.22165676899408,7.171716015288652,0.049940753705426666,0.722165676899408,-0.04097433923154026,163,63,18,0.7777777777777778,0.5861244019138756,0.0,1.0913643525035033
2017-06-15,2017-06-15,1,210.83876037597656,1,0.08152447283309447,3.552713678800501e-15,2017-06-09,210.5273895263672,17.188518792434618,7.171716015288652,0.01680277714596406,0.7188518792434617,-0.04097433923154026,163,63,18,0.7777777777777778,0.5871121718377088,0.0,1.0913643525035033
2017-06-16,2017-06-16,1,210.88479614257807,1,0.08152447283309447,3.552713678800501e-15,2017-06-09,210.5273895263672,17.192271834038273,7.171716015288652,0.020555818749619367,0.7192271834038273,-0.04097433923154026,163,63,18,0.7777777777777778,0.5880952380952381,0.0,1.0913643525035033
2017-06-19,2017-06-19,0,212.6404266357422,0,0.0,17.326730985140944,,,17.326730985140944,7.326730985140944,0.0,0.7326730985140943,-0.04097433923154026,164,64,18,0.7804878048780488,0.5866983372921615,0.00866769934224159,1.100032051845745
2017-06-20,2017-06-20,1,211.20643615722656,1,0.08199594796568803,0.0,2017-06-20,211.20643615722656,17.31807194916636,7.326730985140944,-0.00865903597458318,0.731807194916636,-0.04097433923154026,165,64,18,0.7804878048780488,0.5876777251184834,0.00865903597458318,1.1086910878203282
2017-06-21,2017-06-21,1,211.15419006347656,1,0.08199594796568803,0.0,2017-06-20,211.20643615722656,17.313787981181825,7.326730985140944,-0.012943003959117523,0.7313787981181825,-0.04097433923154026,165,64,18,0.7804878048780488,0.5886524822695035,0.0,1.1086910878203282
2017-06-22,2017-06-22,1,211.0586395263672,1,0.08199594796568803,0.0,2017-06-20,211.20643615722656,17.305953224312912,7.326730985140944,-0.02077776082803074,0.7305953224312911,-0.04097433923154026,165,64,18,0.7804878048780488,0.589622641509434,0.0,1.1086910878203282
2017-06-23,2017-06-23,1,211.3107147216797,1,0.08199594796568803,0.0,2017-06-20,211.20643615722656,17.326622368911195,7.326730985140944,-0.00010861622974734503,0.7326622368911195,-0.04097433923154026,165,64,18,0.7804878048780488,0.5905882352941176,0.0,1.1086910878203282
2017-06-26,2017-06-26,0,211.4496917724609,0,0.0,17.32934891497351,,,17.32934891497351,7.329348914973512,0.0,0.7329348914973512,-0.04097433923154026,166,65,18,0.7831325301204819,0.5892018779342723,0.008669008961967739,1.1173600967822959
2017-06-27,2017-06-27,1,209.7462310791016,1,0.08257926009719821,0.0,2017-06-27,209.7462310791016,17.32068857068817,7.329348914973512,-0.008660344285344086,0.732068857068817,-0.04097433923154026,167,65,18,0.7831325301204819,0.5901639344262295,0.008660344285344086,1.12602044106764
2017-06-28,2017-06-28,0,211.62359619140625,0,0.0,17.466982132598282,,,17.466982132598282,7.466982132598282,0.0,0.7466982132598283,-0.04097433923154026,168,66,18,0.7857142857142857,0.5887850467289719,0.00873785999629729,1.1347583010639373
2017-06-29,2017-06-29,1,209.76361083984372,1,0.08322822503005423,0.0,2017-06-29,209.76361083984372,17.458253006095234,7.466982132598282,-0.008729126503047618,0.7458253006095235,-0.04097433923154026,169,66,18,0.7857142857142857,0.5897435897435898,0.008729126503047618,1.1434874275669848
2017-06-30,2017-06-30,1,210.15475463867188,1,0.08322822503005423,0.0,2017-06-29,209.76361083984372,17.490807210203215,7.466982132598282,0.02382507760493376,0.7490807210203214,-0.04097433923154026,169,66,18,0.7857142857142857,0.5906976744186047,0.0,1.1434874275669848
2017-07-03,2017-07-03,1,210.5111083984375,1,0.08322822503005423,0.0,2017-06-29,209.76361083984372,17.520465901111294,7.466982132598282,0.05348376851301247,0.7520465901111293,-0.04097433923154026,169,66,18,0.7857142857142857,0.5916473317865429,0.0,1.1434874275669848
2017-07-05,2017-07-05,0,210.99786376953125,0,0.0,17.552197197827937,,,17.552197197827937,7.552197197827937,0.0,0.7552197197827937,-0.04097433923154026,170,67,18,0.788235294117647,0.5902777777777778,0.008780488843335637,1.1522679164103204
2017-07-06,2017-07-06,1,209.0683135986328,1,0.08391240730417467,-3.552713678800501e-15,2017-07-06,209.0683135986328,17.543425485085393,7.552197197827937,-0.008771712742542698,0.7543425485085393,-0.04097433923154026,171,67,18,0.788235294117647,0.5912240184757506,0.008771712742542698,1.161039629152863
2017-07-07,2017-07-07,0,210.42420959472656,0,0.0,17.648373381180622,,,17.648373381180622,7.6483733811806225,0.0,0.7648373381180622,-0.04097433923154026,172,68,18,0.7906976744186046,0.5898617511520737,0.008828600991085856,1.169868230143949
2017-07-10,2017-07-10,1,210.650146484375,1,0.0837386249132604,0.0,2017-07-10,210.650146484375,17.639553604378435,7.6483733811806225,-0.008819776802189217,0.7639553604378435,-0.04097433923154026,173,68,18,0.7906976744186046,0.5908045977011495,0.008819776802189217,1.178688006946138
2017-07-11,2017-07-11,1,210.49368286132807,1,0.0837386249132604,0.0,2017-07-10,210.650146484375,17.62645155573554,7.6483733811806225,-0.0219218254450851,0.7626451555735538,-0.04097433923154026,173,68,18,0.7906976744186046,0.591743119266055,0.0,1.178688006946138
2017-07-12,2017-07-12,1,212.0755157470703,1,0.0837386249132604,0.0,2017-07-10,210.650146484375,17.75891206643017,7.6483733811806225,0.1105386852495464,0.775891206643017,-0.04097433923154026,173,68,18,0.7906976744186046,0.5926773455377574,0.0,1.178688006946138
2017-07-13,2017-07-13,1,212.43185424804688,1,0.0837386249132604,0.0,2017-07-10,210.650146484375,17.7887513625056,7.6483733811806225,0.1403779813249763,0.7788751362505599,-0.04097433923154026,173,68,18,0.7906976744186046,0.593607305936073,0.0,1.178688006946138
2017-07-14,2017-07-14,1,213.42263793945312,1,0.0837386249132604,0.0,2017-07-10,210.650146484375,17.871718226410444,7.6483733811806225,0.22334484522981984,0.7871718226410445,-0.04097433923154026,173,68,18,0.7906976744186046,0.5945330296127562,0.0,1.178688006946138
2017-07-17,2017-07-17,1,213.3965606689453,1,0.0837386249132604,0.0,2017-07-10,210.650146484375,17.869534551636626,7.6483733811806225,0.2211611704560021,0.7869534551636626,-0.04097433923154026,173,68,18,0.7906976744186046,0.5954545454545455,0.0,1.178688006946138
2017-07-18,2017-07-18,1,213.5095672607422,1,0.0837386249132604,0.0,2017-07-10,210.650146484375,17.878997568239832,7.6483733811806225,0.23062418705920823,0.7878997568239832,-0.04097433923154026,173,68,18,0.7906976744186046,0.5963718820861678,0.0,1.178688006946138
2017-07-19,2017-07-19,1,214.6655120849609,1,0.0837386249132604,0.0,2017-07-10,210.650146484375,17.975794798295507,7.6483733811806225,0.32742141711488276,0.7975794798295506,-0.04097433923154026,173,68,18,0.7906976744186046,0.5972850678733032,0.0,1.178688006946138
2017-07-20,2017-07-20,1,214.76107788085935,1,0.0837386249132604,0.0,2017-07-10,210.650146484375,17.983797346632784,7.6483733811806225,0.33542396545215997,0.7983797346632784,-0.04097433923154026,173,68,18,0.7906976744186046,0.5981941309255079,0.0,1.178688006946138
2017-07-21,2017-07-21,0,214.5699005126953,0,0.0,17.95880452249984,,,17.95880452249984,7.95880452249984,0.0,0.795880452249984,-0.04097433923154026,174,69,18,0.7931034482758621,0.5968468468468469,0.008983894208354095,1.187671901154492
2017-07-24,2017-07-24,0,214.5178375244141,0,0.0,17.95880452249984,,,17.95880452249984,7.95880452249984,0.0,0.795880452249984,-0.04097433923154026,174,69,18,0.7931034482758621,0.5955056179775281,0.0,1.187671901154492
2017-07-25,2017-07-25,1,215.0392303466797,1,0.08347234864428145,-3.552713678800501e-15,2017-07-25,215.0392303466797,17.949829607695992,7.95880452249984,-0.008974914803847997,0.7949829607695993,-0.04097433923154026,175,69,18,0.7931034482758621,0.5964125560538116,0.008974914803847997,1.19664681595834
2017-07-26,2017-07-26,1,215.0479431152344,1,0.08347234864428145,-3.552713678800501e-15,2017-07-25,215.0392303466797,17.950556882950448,7.95880452249984,-0.008247639549392847,0.7950556882950448,-0.04097433923154026,175,69,18,0.7931034482758621,0.5973154362416108,0.0,1.19664681595834
2017-07-27,2017-07-27,0,214.84803771972656,0,0.0,17.9249033749257,,,17.9249033749257,7.924903374925702,0.0,0.7924903374925703,-0.04097433923154026,176,69,19,0.7840909090909091,0.5959821428571429,0.008966935155040373,1.2056137511133804
2017-07-28,2017-07-28,0,214.59597778320312,0,0.0,17.9249033749257,,,17.9249033749257,7.924903374925702,0.0,0.7924903374925703,-0.04097433923154026,176,69,19,0.7840909090909091,0.5946547884187082,0.0,1.2056137511133804
2017-07-31,2017-07-31,0,214.4743194580078,0,0.0,17.9249033749257,,,17.9249033749257,7.924903374925702,0.0,0.7924903374925703,-0.04097433923154026,176,69,19,0.7840909090909091,0.5933333333333334,0.0,1.2056137511133804
2017-08-01,2017-08-01,0,214.95230102539065,0,0.0,17.9249033749257,,,17.9249033749257,7.924903374925702,0.0,0.7924903374925703,-0.04097433923154026,176,69,19,0.7840909090909091,0.5920177383592018,0.0,1.2056137511133804
2017-08-02,2017-08-02,0,215.0565948486328,0,0.0,17.9249033749257,,,17.9249033749257,7.924903374925702,0.0,0.7924903374925703,-0.04097433923154026,176,69,19,0.7840909090909091,0.5907079646017699,0.0,1.2056137511133804
2017-08-03,2017-08-03,1,214.6394500732422,1,0.0834699557612129,0.0,2017-08-03,214.6394500732422,17.91594540222459,7.924903374925702,-0.008957972701112295,0.7915945402224591,-0.04097433923154026,177,69,19,0.7840909090909091,0.5916114790286976,0.008957972701112295,1.2145717238144926
2017-08-04,2017-08-04,0,215.03054809570312,0,0.0,17.939616041689273,,,17.939616041689273,7.939616041689273,0.0,0.7939616041689272,-0.04097433923154026,178,70,19,0.7865168539325843,0.5903083700440529,0.008974295168428851,1.2235460189829215
2017-08-07,2017-08-07,0,215.43035888671875,0,0.0,17.939616041689273,,,17.939616041689273,7.939616041689273,0.0,0.7939616041689272,-0.04097433923154026,178,70,19,0.7865168539325843,0.589010989010989,0.0,1.2235460189829215
2017-08-08,2017-08-08,0,214.900146484375,0,0.0,17.939616041689273,,,17.939616041689273,7.939616041689273,0.0,0.7939616041689272,-0.04097433923154026,178,70,19,0.7865168539325843,0.5877192982456141,0.0,1.2235460189829215
2017-08-09,2017-08-09,0,214.8915100097656,0,0.0,17.939616041689273,,,17.939616041689273,7.939616041689273,0.0,0.7939616041689272,-0.04097433923154026,178,70,19,0.7865168539325843,0.5864332603938731,0.0,1.2235460189829215
2017-08-10,2017-08-10,0,211.85821533203125,0,0.0,17.939616041689273,,,17.939616041689273,7.939616041689273,0.0,0.7939616041689272,-0.04097433923154026,178,70,19,0.7865168539325843,0.5851528384279476,0.0,1.2235460189829215
2017-08-11,2017-08-11,1,212.17112731933597,1,0.08451032401474647,0.0,2017-08-11,212.17112731933597,17.930650716331108,7.939616041689273,-0.008965325358165554,0.7930650716331109,-0.04097433923154026,179,70,19,0.7865168539325843,0.5860566448801743,0.008965325358165554,1.2325113443410871
2017-08-14,2017-08-14,1,214.2744140625,1,0.08451032401474647,0.0,2017-08-11,212.17112731933597,18.108400160491822,7.939616041689273,0.16878411880254837,0.8108400160491822,-0.04097433923154026,179,70,19,0.7865168539325843,0.5869565217391305,0.0,1.2325113443410871
2017-08-15,2017-08-15,1,214.248291015625,1,0.08451032401474647,0.0,2017-08-11,212.17112731933597,18.106192493336163,7.939616041689273,0.16657645164688936,0.8106192493336164,-0.04097433923154026,179,70,19,0.7865168539325843,0.5878524945770065,0.0,1.2325113443410871
2017-08-16,2017-08-16,0,214.62203979492188,0,0.0,18.128709234712773,,,18.128709234712773,8.128709234712773,0.0,0.8128709234712772,-0.04097433923154026,180,71,19,0.7888888888888889,0.5865800865800865,0.00906888906188733,1.2415802334029744
2017-08-17,2017-08-17,0,211.27589416503903,0,0.0,18.128709234712773,,,18.128709234712773,8.128709234712773,0.0,0.8128709234712772,-0.04097433923154026,180,71,19,0.7888888888888889,0.5853131749460043,0.0,1.2415802334029744
2017-08-18,2017-08-18,0,210.94564819335935,0,0.0,18.128709234712773,,,18.128709234712773,8.128709234712773,0.0,0.8128709234712772,-0.04097433923154026,180,71,19,0.7888888888888889,0.584051724137931,0.0,1.2415802334029744
2017-08-21,2017-08-21,0,211.11077880859372,0,0.0,18.128709234712773,,,18.128709234712773,8.128709234712773,0.0,0.8128709234712772,-0.04097433923154026,180,71,19,0.7888888888888889,0.5827956989247312,0.0,1.2415802334029744
2017-08-22,2017-08-22,0,213.3184051513672,0,0.0,18.128709234712773,,,18.128709234712773,8.128709234712773,0.0,0.8128709234712772,-0.04097433923154026,180,71,19,0.7888888888888889,0.5815450643776824,0.0,1.2415802334029744
2017-08-23,2017-08-23,0,212.5535125732422,0,0.0,18.128709234712773,,,18.128709234712773,8.128709234712773,0.0,0.8128709234712772,-0.04097433923154026,180,71,19,0.7888888888888889,0.5802997858672377,0.0,1.2415802334029744
2017-08-24,2017-08-24,1,212.0581512451172,1,0.08544660652569462,0.0,2017-08-24,212.0581512451172,18.119649410007767,8.128709234712773,-0.009059824705003884,0.8119649410007768,-0.04097433923154026,181,71,19,0.7888888888888889,0.5811965811965812,0.009059824705003884,1.2506400581079784
2017-08-25,2017-08-25,0,212.5535125732422,0,0.0,18.15289536632286,,,18.15289536632286,8.15289536632286,0.0,0.8152895366322859,-0.04097433923154026,182,72,19,0.7912087912087912,0.579957356076759,0.009080988177250055,1.2597210462852284
2017-08-28,2017-08-28,0,212.5622711181641,0,0.0,18.15289536632286,,,18.15289536632286,8.15289536632286,0.0,0.8152895366322859,-0.04097433923154026,182,72,19,0.7912087912087912,0.5787234042553191,0.0,1.2597210462852284
2017-08-29,2017-08-29,1,212.8055877685547,1,0.08526008947814195,0.0,2017-08-29,212.8055877685547,18.143823454595562,8.15289536632286,-0.009071911727297781,0.8143823454595562,-0.04097433923154026,183,72,19,0.7912087912087912,0.5796178343949044,0.009071911727297781,1.2687929580125261
2017-08-30,2017-08-30,1,213.8137969970703,1,0.08526008947814195,0.0,2017-08-29,212.8055877685547,18.229783463631495,8.15289536632286,0.07688809730863515,0.8229783463631495,-0.04097433923154026,183,72,19,0.7912087912087912,0.5805084745762712,0.0,1.2687929580125261
2017-08-31,2017-08-31,1,215.10006713867188,1,0.08526008947814195,0.0,2017-08-29,212.8055877685547,18.339450970997508,8.15289536632286,0.1865556046746474,0.8339450970997508,-0.04097433923154026,183,72,19,0.7912087912087912,0.5813953488372093,0.0,1.2687929580125261
2017-09-01,2017-09-01,1,215.4042510986328,1,0.08526008947814195,0.0,2017-08-29,212.8055877685547,18.36538572264159,8.15289536632286,0.21249035631873073,0.8365385722641592,-0.04097433923154026,183,72,19,0.7912087912087912,0.5822784810126582,0.0,1.2687929580125261
2017-09-05,2017-09-05,1,213.8572540283203,1,0.08526008947814195,0.0,2017-08-29,212.8055877685547,18.233488614004322,8.15289536632286,0.0805932476814623,0.8233488614004323,-0.04097433923154026,183,72,19,0.7912087912087912,0.5831578947368421,0.0,1.2687929580125261
2017-09-06,2017-09-06,1,214.5872802734375,1,0.08526008947814195,0.0,2017-08-29,212.8055877685547,18.29573071698441,8.15289536632286,0.14283535066154843,0.8295730716984409,-0.04097433923154026,183,72,19,0.7912087912087912,0.5840336134453782,0.0,1.2687929580125261
2017-09-07,2017-09-07,0,214.5612335205078,0,0.0,18.284363213514755,,,18.284363213514755,8.284363213514755,0.0,0.8284363213514756,-0.04097433923154026,184,73,19,0.7934782608695652,0.5828092243186582,0.009146754984249503,1.2779397129967756
2017-09-08,2017-09-08,1,214.3091735839844,1,0.08527505050339165,-3.552713678800501e-15,2017-09-08,214.3091735839844,18.275225600714396,8.284363213514755,-0.0091376128003572,0.8275225600714395,-0.04097433923154026,185,73,19,0.7934782608695652,0.5836820083682008,0.0091376128003572,1.2870773257971329
2017-09-11,2017-09-11,1,216.594970703125,1,0.08527505050339165,-3.552713678800501e-15,2017-09-08,214.3091735839844,18.470147065489616,8.284363213514755,0.1857838519748628,0.8470147065489617,-0.04097433923154026,185,73,19,0.7934782608695652,0.5845511482254697,0.0,1.2870773257971329
2017-09-12,2017-09-12,1,217.32504272460935,1,0.08527505050339165,-3.552713678800501e-15,2017-09-08,214.3091735839844,18.53240399399281,8.284363213514755,0.248040780478055,0.8532403993992808,-0.04097433923154026,185,73,19,0.7934782608695652,0.5854166666666667,0.0,1.2870773257971329
2017-09-13,2017-09-13,1,217.4293365478516,1,0.08527505050339165,-3.552713678800501e-15,2017-09-08,214.3091735839844,18.54129765503698,8.284363213514755,0.2569344415222278,0.8541297655036981,-0.04097433923154026,185,73,19,0.7934782608695652,0.5862785862785863,0.0,1.2870773257971329
2017-09-14,2017-09-14,1,217.35980224609372,1,0.08527505050339165,-3.552713678800501e-15,2017-09-08,214.3091735839844,18.535368113942862,8.284363213514755,0.25100490042810886,0.8535368113942863,-0.04097433923154026,185,73,19,0.7934782608695652,0.5871369294605809,0.0,1.2870773257971329
2017-09-15,2017-09-15,1,217.6524200439453,1,0.08527505050339165,-3.552713678800501e-15,2017-09-08,214.3091735839844,18.560321111432845,8.284363213514755,0.2759578979180918,0.8560321111432845,-0.04097433923154026,185,73,19,0.7934782608695652,0.587991718426501,0.0,1.2870773257971329
2017-09-18,2017-09-18,1,218.1153564453125,1,0.08527505050339165,-3.552713678800501e-15,2017-09-08,214.3091735839844,18.599798036439292,8.284363213514755,0.31543482292453884,0.8599798036439292,-0.04097433923154026,185,73,19,0.7934782608695652,0.5888429752066116,0.0,1.2870773257971329
2017-09-19,2017-09-19,1,218.3336639404297,1,0.08527505050339165,-3.552713678800501e-15,2017-09-08,214.3091735839844,18.61841421911068,8.284363213514755,0.33405100559592593,0.8618414219110679,-0.04097433923154026,185,73,19,0.7934782608695652,0.5896907216494846,0.0,1.2870773257971329
2017-09-20,2017-09-20,1,218.41221618652344,1,0.08527505050339165,-3.552713678800501e-15,2017-09-08,214.3091735839844,18.625112765863477,8.284363213514755,0.3407495523487237,0.8625112765863476,-0.04097433923154026,185,73,19,0.7934782608695652,0.5905349794238683,0.0,1.2870773257971329
2017-09-21,2017-09-21,1,217.82708740234372,1,0.08527505050339165,-3.552713678800501e-15,2017-09-08,214.3091735839844,18.575215879241565,8.284363213514755,0.29085266572681145,0.8575215879241564,-0.04097433923154026,185,73,19,0.7934782608695652,0.5913757700205339,0.0,1.2870773257971329
2017-09-22,2017-09-22,0,217.8707733154297,0,0.0,18.569651727087415,,,18.569651727087415,8.569651727087415,0.0,0.8569651727087415,-0.04097433923154026,186,74,19,0.7956989247311828,0.5901639344262295,0.00928947059884313,1.296366796395976
2017-09-25,2017-09-25,1,217.42530822753903,1,0.08536435658121747,-3.552713678800501e-15,2017-09-25,217.42530822753903,18.560371541316755,8.569651727087415,-0.009280185770658379,0.8560371541316756,-0.04097433923154026,187,74,19,0.7956989247311828,0.591002044989775,0.009280185770658379,1.3056469821666343
2017-09-26,2017-09-26,1,217.55633544921875,1,0.08536435658121747,-3.552713678800501e-15,2017-09-25,217.42530822753903,18.571556595790067,8.569651727087415,0.001904868702653927,0.8571556595790066,-0.04097433923154026,187,74,19,0.7956989247311828,0.5918367346938775,0.0,1.3056469821666343
2017-09-27,2017-09-27,0,218.40354919433597,0,0.0,18.634556512802746,,,18.634556512802746,8.634556512802746,0.0,0.8634556512802747,-0.04097433923154026,188,75,19,0.7978723404255319,0.5906313645621182,0.009321939226014382,1.3149689213926488
2017-09-28,2017-09-28,1,218.6656036376953,1,0.08517683431234702,-3.552713678800501e-15,2017-09-28,218.6656036376953,18.625243890857316,8.634556512802746,-0.00931262194542866,0.8625243890857317,-0.04097433923154026,189,75,19,0.7978723404255319,0.5914634146341463,0.00931262194542866,1.3242815433380775
2017-09-29,2017-09-29,0,219.4342193603516,0,0.0,18.681366788843416,,,18.681366788843416,8.681366788843416,0.0,0.8681366788843417,-0.04097433923154026,190,76,19,0.8,0.59026369168357,0.00934535607245794,1.3336268994105354
2017-10-02,2017-10-02,0,220.38624572753903,0,0.0,18.681366788843416,,,18.681366788843416,8.681366788843416,0.0,0.8681366788843417,-0.04097433923154026,190,76,19,0.8,0.5890688259109311,0.0,1.3336268994105354
2017-10-03,2017-10-03,0,220.85791015625,0,0.0,18.681366788843416,,,18.681366788843416,8.681366788843416,0.0,0.8681366788843417,-0.04097433923154026,190,76,19,0.8,0.5878787878787879,0.0,1.3336268994105354
2017-10-04,2017-10-04,1,221.1199951171875,1,0.08444297750441351,-3.552713678800501e-15,2017-10-04,221.1199951171875,18.672030773456687,8.681366788843416,-0.009336015386728345,0.8672030773456687,-0.04097433923154026,191,76,19,0.8,0.5887096774193549,0.009336015386728345,1.3429629147972637
2017-10-05,2017-10-05,0,222.4301605224609,0,0.0,18.7732737087806,,,18.7732737087806,8.7732737087806,0.0,0.87732737087806,-0.04097433923154026,192,77,19,0.8020833333333334,0.5875251509054326,0.009391332520650627,1.3523542473179144
2017-10-06,2017-10-06,0,222.17678833007807,0,0.0,18.7732737087806,,,18.7732737087806,8.7732737087806,0.0,0.87732737087806,-0.04097433923154026,192,77,19,0.8020833333333334,0.5863453815261044,0.0,1.3523542473179144
2017-10-09,2017-10-09,0,221.8099822998047,0,0.0,18.7732737087806,,,18.7732737087806,8.7732737087806,0.0,0.87732737087806,-0.04097433923154026,192,77,19,0.8020833333333334,0.5851703406813628,0.0,1.3523542473179144
2017-10-10,2017-10-10,0,222.3951873779297,0,0.0,18.7732737087806,,,18.7732737087806,8.7732737087806,0.0,0.87732737087806,-0.04097433923154026,192,77,19,0.8020833333333334,0.584,0.0,1.3523542473179144
2017-10-11,2017-10-11,0,222.7445831298828,0,0.0,18.7732737087806,,,18.7732737087806,8.7732737087806,0.0,0.87732737087806,-0.04097433923154026,192,77,19,0.8020833333333334,0.5828343313373253,0.0,1.3523542473179144
2017-10-12,2017-10-12,1,222.4126434326172,1,0.08436522075951099,0.0,2017-10-12,222.4126434326172,18.76389176289915,8.7732737087806,-0.009381945881449576,0.876389176289915,-0.04097433923154026,193,77,19,0.8020833333333334,0.5836653386454184,0.009381945881449576,1.361736193199364
2017-10-13,2017-10-13,0,222.68341064453125,0,0.0,18.777341730957463,,,18.777341730957463,8.777341730957463,0.0,0.8777341730957464,-0.04097433923154026,194,78,19,0.8041237113402062,0.5825049701789264,0.00939336754925336,1.3711295607486174
2017-10-16,2017-10-16,0,222.98040771484372,0,0.0,18.777341730957463,,,18.777341730957463,8.777341730957463,0.0,0.8777341730957464,-0.04097433923154026,194,78,19,0.8041237113402062,0.5813492063492064,0.0,1.3711295607486174
2017-10-17,2017-10-17,0,223.1376495361328,0,0.0,18.777341730957463,,,18.777341730957463,8.777341730957463,0.0,0.8777341730957464,-0.04097433923154026,194,78,19,0.8041237113402062,0.5801980198019802,0.0,1.3711295607486174
2017-10-18,2017-10-18,1,223.35598754882807,1,0.08402710828595335,0.0,2017-10-18,223.35598754882807,18.767957752081422,8.777341730957463,-0.009383978876040712,0.8767957752081421,-0.04097433923154026,195,78,19,0.8041237113402062,0.5810276679841897,0.009383978876040712,1.3805135396246582
2017-10-19,2017-10-19,1,223.4171295166016,1,0.08402710828595335,0.0,2017-10-18,223.35598754882807,18.773095334828344,8.777341730957463,-0.0042463961291184914,0.8773095334828345,-0.04097433923154026,195,78,19,0.8041237113402062,0.5818540433925049,0.0,1.3805135396246582
2017-10-20,2017-10-20,0,224.57005310058597,0,0.0,18.860537183580398,,,18.860537183580398,8.860537183580398,0.0,0.8860537183580397,-0.04097433923154026,196,79,19,0.8061224489795918,0.5807086614173228,0.009434986084832616,1.3899485257094908
2017-10-23,2017-10-23,0,223.69664001464844,0,0.0,18.860537183580398,,,18.860537183580398,8.860537183580398,0.0,0.8860537183580397,-0.04097433923154026,196,79,19,0.8061224489795918,0.5795677799607073,0.0,1.3899485257094908
2017-10-24,2017-10-24,0,224.0896759033203,0,0.0,18.860537183580398,,,18.860537183580398,8.860537183580398,0.0,0.8860537183580397,-0.04097433923154026,196,79,19,0.8061224489795918,0.5784313725490197,0.0,1.3899485257094908
2017-10-25,2017-10-25,0,222.98040771484372,0,0.0,18.860537183580398,,,18.860537183580398,8.860537183580398,0.0,0.8860537183580397,-0.04097433923154026,196,79,19,0.8061224489795918,0.5772994129158513,0.0,1.3899485257094908
2017-10-26,2017-10-26,0,223.26861572265625,0,0.0,18.860537183580398,,,18.860537183580398,8.860537183580398,0.0,0.8860537183580397,-0.04097433923154026,196,79,19,0.8061224489795918,0.576171875,0.0,1.3899485257094908
2017-10-27,2017-10-27,0,225.09410095214844,0,0.0,18.860537183580398,,,18.860537183580398,8.860537183580398,0.0,0.8860537183580397,-0.04097433923154026,196,79,19,0.8061224489795918,0.5750487329434698,0.0,1.3899485257094908
2017-10-30,2017-10-30,1,224.25558471679688,1,0.08406083465690634,0.0,2017-10-30,224.25558471679688,18.851111627766514,8.860537183580398,-0.009425555813883256,0.8851111627766515,-0.04097433923154026,197,79,19,0.8061224489795918,0.5758754863813229,0.009425555813883256,1.399374081523374
2017-10-31,2017-10-31,0,224.60499572753903,0,0.0,18.871043167263327,,,18.871043167263327,8.871043167263327,0.0,0.8871043167263326,-0.04097433923154026,198,80,19,0.8080808080808081,0.574757281553398,0.009440241704483907,1.4088143232278578
2017-11-01,2017-11-01,1,224.9019317626953,1,0.08386594198303539,-3.552713678800501e-15,2017-11-01,224.9019317626953,18.861612361082784,8.871043167263327,-0.009430806180541394,0.8861612361082785,-0.04097433923154026,199,80,19,0.8080808080808081,0.5755813953488372,0.009430806180541394,1.4182451294083993
2017-11-02,2017-11-02,1,224.98927307128903,1,0.08386594198303539,-3.552713678800501e-15,2017-11-01,224.9019317626953,18.86893732220203,8.871043167263327,-0.0021058450612962062,0.8868937322202028,-0.04097433923154026,199,80,19,0.8080808080808081,0.5764023210831721,0.0,1.4182451294083993
2017-11-03,2017-11-03,0,225.7404327392578,0,0.0,18.922468068318228,,,18.922468068318228,8.922468068318228,0.0,0.8922468068318228,-0.04097433923154026,200,81,19,0.81,0.5752895752895753,0.00946596701766795,1.4277110964260673
2017-11-06,2017-11-06,0,226.08985900878903,0,0.0,18.922468068318228,,,18.922468068318228,8.922468068318228,0.0,0.8922468068318228,-0.04097433923154026,200,81,19,0.81,0.5741811175337187,0.0,1.4277110964260673
2017-11-07,2017-11-07,1,225.93264770507807,1,0.08371083929058859,0.0,2017-11-07,225.93264770507807,18.91301156253696,8.922468068318228,-0.00945650578126848,0.8913011562536959,-0.04097433923154026,201,81,19,0.81,0.575,0.00945650578126848,1.4371676022073359
2017-11-08,2017-11-08,1,226.3169403076172,1,0.08371083929058859,0.0,2017-11-07,225.93264770507807,18.945181018828674,8.922468068318228,0.022712950510446715,0.8945181018828674,-0.04097433923154026,201,81,19,0.81,0.5758157389635317,0.0,1.4371676022073359
2017-11-09,2017-11-09,0,225.49591064453125,0,0.0,18.867013710680958,,,18.867013710680958,8.867013710680958,0.0,0.8867013710680958,-0.04097433923154026,202,81,20,0.801980198019802,0.5747126436781609,0.00943822596832464,1.4466058281756604
2017-11-10,2017-11-10,0,225.426025390625,0,0.0,18.867013710680958,,,18.867013710680958,8.867013710680958,0.0,0.8867013710680958,-0.04097433923154026,202,81,20,0.801980198019802,0.5736137667304015,0.0,1.4466058281756604
2017-11-13,2017-11-13,0,225.6356658935547,0,0.0,18.867013710680958,,,18.867013710680958,8.867013710680958,0.0,0.8867013710680958,-0.04097433923154026,202,81,20,0.801980198019802,0.5725190839694656,0.0,1.4466058281756604
2017-11-14,2017-11-14,0,225.1116180419922,0,0.0,18.867013710680958,,,18.867013710680958,8.867013710680958,0.0,0.8867013710680958,-0.04097433923154026,202,81,20,0.801980198019802,0.5714285714285714,0.0,1.4466058281756604
2017-11-15,2017-11-15,0,223.98483276367188,0,0.0,18.867013710680958,,,18.867013710680958,8.867013710680958,0.0,0.8867013710680958,-0.04097433923154026,202,81,20,0.801980198019802,0.5703422053231939,0.0,1.4466058281756604
2017-11-16,2017-11-16,0,225.8889617919922,0,0.0,18.867013710680958,,,18.867013710680958,8.867013710680958,0.0,0.8867013710680958,-0.04097433923154026,202,81,20,0.801980198019802,0.5692599620493358,0.0,1.4466058281756604
2017-11-17,2017-11-17,1,225.22512817382807,1,0.08372771311586344,-3.552713678800501e-15,2017-11-17,225.22512817382807,18.857584918221846,8.867013710680958,-0.009428792459110925,0.8857584918221846,-0.04097433923154026,203,81,20,0.801980198019802,0.5700757575757576,0.009428792459110925,1.4560346206347714
2017-11-20,2017-11-20,1,225.6094512939453,1,0.08372771311586344,-3.552713678800501e-15,2017-11-17,225.22512817382807,18.889763414166815,8.867013710680958,0.022749703485857763,0.8889763414166816,-0.04097433923154026,203,81,20,0.801980198019802,0.5708884688090737,0.0,1.4560346206347714
2017-11-21,2017-11-21,1,227.0855407714844,1,0.08372771311586344,-3.552713678800501e-15,2017-11-17,225.22512817382807,19.01335301047555,8.867013710680958,0.1463392997945943,0.9013353010475551,-0.04097433923154026,203,81,20,0.801980198019802,0.5716981132075472,0.0,1.4560346206347714
2017-11-22,2017-11-22,1,226.8846435546875,1,0.08372771311586344,-3.552713678800501e-15,2017-11-17,225.22512817382807,18.996532345941805,8.867013710680958,0.129518635260848,0.8996532345941806,-0.04097433923154026,203,81,20,0.801980198019802,0.5725047080979284,0.0,1.4560346206347714
2017-11-24,2017-11-24,1,227.40875244140625,1,0.08372771311586344,-3.552713678800501e-15,2017-11-17,225.22512817382807,19.04041478445047,8.867013710680958,0.17340107376951203,0.904041478445047,-0.04097433923154026,203,81,20,0.801980198019802,0.5733082706766918,0.0,1.4560346206347714
2017-11-27,2017-11-27,1,227.29519653320312,1,0.08372771311586344,-3.552713678800501e-15,2017-11-17,225.22512817382807,19.030907007945824,8.867013710680958,0.1638932972648673,0.9030907007945825,-0.04097433923154026,203,81,20,0.801980198019802,0.574108818011257,0.0,1.4560346206347714
2017-11-28,2017-11-28,1,229.60107421875,1,0.08372771311586344,-3.552713678800501e-15,2017-11-17,225.22512817382807,19.223972873281564,8.867013710680958,0.35695916260060706,0.9223972873281565,-0.04097433923154026,203,81,20,0.801980198019802,0.5749063670411985,0.0,1.4560346206347714
2017-11-29,2017-11-29,1,229.46127319335935,1,0.08372771311586344,-3.552713678800501e-15,2017-11-17,225.22512817382807,19.212267653134354,8.867013710680958,0.3452539424533972,0.9212267653134354,-0.04097433923154026,203,81,20,0.801980198019802,0.5757009345794393,0.0,1.4560346206347714
2017-11-30,2017-11-30,0,231.4702606201172,0,0.0,19.370785338267282,,,19.370785338267282,9.370785338267282,0.0,0.9370785338267282,-0.04097433923154026,204,82,20,0.803921568627451,0.5746268656716418,0.009690237788027658,1.465724858422799
2017-12-01,2017-12-01,0,230.9898376464844,0,0.0,19.370785338267282,,,19.370785338267282,9.370785338267282,0.0,0.9370785338267282,-0.04097433923154026,204,82,20,0.803921568627451,0.5735567970204841,0.0,1.465724858422799
2017-12-04,2017-12-04,0,230.7103729248047,0,0.0,19.370785338267282,,,19.370785338267282,9.370785338267282,0.0,0.9370785338267282,-0.04097433923154026,204,82,20,0.803921568627451,0.5724907063197026,0.0,1.465724858422799
2017-12-05,2017-12-05,0,229.8805694580078,0,0.0,19.370785338267282,,,19.370785338267282,9.370785338267282,0.0,0.9370785338267282,-0.04097433923154026,204,82,20,0.803921568627451,0.5714285714285714,0.0,1.465724858422799
2017-12-06,2017-12-06,0,229.9242248535156,0,0.0,19.370785338267282,,,19.370785338267282,9.370785338267282,0.0,0.9370785338267282,-0.04097433923154026,204,82,20,0.803921568627451,0.5703703703703704,0.0,1.465724858422799
2017-12-07,2017-12-07,1,230.64920043945312,1,0.08394178149755503,-3.552713678800501e-15,2017-12-07,230.64920043945312,19.361104785874346,9.370785338267282,-0.009680552392937174,0.9361104785874346,-0.04097433923154026,205,82,20,0.803921568627451,0.5711645101663586,0.009680552392937174,1.4754054108157362
2017-12-08,2017-12-08,0,231.9069061279297,0,0.0,19.456945502543693,,,19.456945502543693,9.456945502543693,0.0,0.9456945502543692,-0.04097433923154026,206,83,20,0.8058252427184466,0.5701107011070111,0.00973333942098234,1.4851387502367186
2017-12-11,2017-12-11,1,232.6057281494141,1,0.08360594576203209,0.0,2017-12-11,232.6057281494141,19.447221891597895,9.456945502543693,-0.009723610945798948,0.9447221891597894,-0.04097433923154026,207,83,20,0.8058252427184466,0.570902394106814,0.009723610945798948,1.4948623611825176
2017-12-12,2017-12-12,0,233.0161590576172,0,0.0,19.47179558767026,,,19.47179558767026,9.471795587670261,0.0,0.9471795587670262,-0.04097433923154026,208,84,20,0.8076923076923077,0.5698529411764706,0.009740768177924092,1.5046031293604416
2017-12-13,2017-12-13,1,232.9900665283203,1,0.08353173525973873,0.0,2017-12-13,232.9900665283203,19.462064555392566,9.471795587670261,-0.009731032277696283,0.9462064555392566,-0.04097433923154026,209,84,20,0.8076923076923077,0.5706422018348624,0.009731032277696283,1.5143341616381378
2017-12-14,2017-12-14,1,232.03793334960935,1,0.08353173525973873,0.0,2017-12-13,232.9900665283203,19.382531218776467,9.471795587670261,-0.08926436889379447,0.9382531218776466,-0.04097433923154026,209,84,20,0.8076923076923077,0.5714285714285714,0.0,1.5143341616381378
2017-12-15,2017-12-15,0,233.97027587890625,0,0.0,19.534171171793147,,,19.534171171793147,9.534171171793147,0.0,0.9534171171793147,-0.04097433923154026,210,85,20,0.8095238095238095,0.5703839122486288,0.009771971571682416,1.5241061332098202
2017-12-18,2017-12-18,0,235.45382690429688,0,0.0,19.534171171793147,,,19.534171171793147,9.534171171793147,0.0,0.9534171171793147,-0.04097433923154026,210,85,20,0.8095238095238095,0.5693430656934306,0.0,1.5241061332098202
2017-12-19,2017-12-19,1,234.54965209960935,1,0.08324211437763208,0.0,2017-12-19,234.54965209960935,19.524408967309494,9.534171171793147,-0.009762204483654746,0.9524408967309494,-0.04097433923154026,211,85,20,0.8095238095238095,0.5701275045537341,0.009762204483654746,1.533868337693475
2017-12-20,2017-12-20,0,234.4267120361328,0,0.0,19.504418088895747,,,19.504418088895747,9.504418088895747,0.0,0.9504418088895747,-0.04097433923154026,212,85,21,0.8018867924528302,0.5690909090909091,0.009757087588241994,1.543625425281717
2017-12-21,2017-12-21,0,234.9095458984375,0,0.0,19.504418088895747,,,19.504418088895747,9.504418088895747,0.0,0.9504418088895747,-0.04097433923154026,212,85,21,0.8018867924528302,0.5680580762250453,0.0,1.543625425281717
2017-12-22,2017-12-22,0,234.8481903076172,0,0.0,19.504418088895747,,,19.504418088895747,9.504418088895747,0.0,0.9504418088895747,-0.04097433923154026,212,85,21,0.8018867924528302,0.5670289855072463,0.0,1.543625425281717
2017-12-26,2017-12-26,0,234.56727600097656,0,0.0,19.504418088895747,,,19.504418088895747,9.504418088895747,0.0,0.9504418088895747,-0.04097433923154026,212,85,21,0.8018867924528302,0.566003616636528,0.0,1.543625425281717
2017-12-27,2017-12-27,0,234.6813201904297,0,0.0,19.504418088895747,,,19.504418088895747,9.504418088895747,0.0,0.9504418088895747,-0.04097433923154026,212,85,21,0.8018867924528302,0.5649819494584838,0.0,1.543625425281717
2017-12-28,2017-12-28,0,235.1641845703125,0,0.0,19.504418088895747,,,19.504418088895747,9.504418088895747,0.0,0.9504418088895747,-0.04097433923154026,212,85,21,0.8018867924528302,0.563963963963964,0.0,1.543625425281717
2017-12-29,2017-12-29,1,234.27749633789065,1,0.08321187932366526,0.0,2017-12-29,234.27749633789065,19.49467075351899,9.504418088895747,-0.009747335376759494,0.9494670753518988,-0.04097433923154026,213,85,21,0.8018867924528302,0.564748201438849,0.009747335376759494,1.5533727606584764
2018-01-02,2018-01-02,1,235.9542694091797,1,0.08321187932366526,0.0,2017-12-29,234.27749633789065,19.634198191980264,9.504418088895747,0.12978010308451599,0.9634198191980263,-0.04097433923154026,213,85,21,0.8018867924528302,0.5655296229802513,0.0,1.5533727606584764
2018-01-03,2018-01-03,0,237.4467620849609,0,0.0,19.74851211675262,,,19.74851211675262,9.748512116752622,0.0,0.9748512116752621,-0.04097433923154026,214,86,21,0.8037383177570093,0.5645161290322581,0.009879195656204412,1.5632519563146807
2018-01-04,2018-01-04,1,238.44757080078125,1,0.08277980240715571,0.0,2018-01-04,238.44757080078125,19.738642795354945,9.748512116752622,-0.009869321397677473,0.9738642795354946,-0.04097433923154026,215,86,21,0.8037383177570093,0.5652951699463328,0.009869321397677473,1.5731212777123582
2018-01-05,2018-01-05,1,240.0364990234375,1,0.08277980240715571,0.0,2018-01-04,238.44757080078125,19.870173959665582,9.748512116752622,0.12166184291295946,0.9870173959665582,-0.04097433923154026,215,86,21,0.8037383177570093,0.5660714285714286,0.0,1.5731212777123582
2018-01-08,2018-01-08,1,240.4754943847656,1,0.08277980240715571,0.0,2018-01-04,238.44757080078125,19.906513908933977,9.748512116752622,0.15800179218135482,0.9906513908933978,-0.04097433923154026,215,86,21,0.8037383177570093,0.5668449197860963,0.0,1.5731212777123582
2018-01-09,2018-01-09,1,241.01986694335935,1,0.08277980240715571,0.0,2018-01-04,238.44757080078125,19.951576961770247,9.748512116752622,0.20306484501762426,0.9951576961770248,-0.04097433923154026,215,86,21,0.8037383177570093,0.5676156583629893,0.0,1.5731212777123582
2018-01-10,2018-01-10,0,240.65103149414065,0,0.0,19.91108431374509,,,19.91108431374509,9.91108431374509,0.0,0.9911084313745089,-0.04097433923154026,216,87,21,0.8055555555555556,0.566607460035524,0.009960522418081584,1.5830818001304399
2018-01-11,2018-01-11,1,242.40695190429688,1,0.08209803221620761,0.0,2018-01-11,242.40695190429688,19.901133746871654,9.91108431374509,-0.009950566873435826,0.9901133746871653,-0.04097433923154026,217,87,21,0.8055555555555556,0.5673758865248227,0.009950566873435826,1.5930323670038757
2018-01-12,2018-01-12,0,243.98719787597656,0,0.0,20.020853397148365,,,20.020853397148365,10.020853397148365,0.0,1.0020853397148364,-0.04097433923154026,218,88,21,0.8073394495412844,0.5663716814159292,0.010015434415782072,1.6030478014196579
2018-01-16,2018-01-16,1,243.1531524658203,1,0.08229730015930878,0.0,2018-01-16,243.1531524658203,20.010847973161784,10.020853397148365,-0.010005423986580893,1.0010847973161785,-0.04097433923154026,219,88,21,0.8073394495412844,0.5671378091872792,0.010005423986580893,1.6130532254062389
2018-01-17,2018-01-17,0,245.47071838378903,0,0.0,20.191476602456266,,,20.191476602456266,10.191476602456266,0.0,1.0191476602456264,-0.04097433923154026,220,89,21,0.8090909090909091,0.5661375661375662,0.010100788695575921,1.6231540141018148
2018-01-18,2018-01-18,1,245.0581970214844,1,0.08235344156935996,-3.552713678800501e-15,2018-01-18,245.0581970214844,20.181385909501515,10.191476602456266,-0.01009069295475076,1.0181385909501515,-0.04097433923154026,221,89,21,0.8090909090909091,0.5669014084507042,0.01009069295475076,1.6332447070565657
2018-01-19,2018-01-19,0,246.1731109619141,0,0.0,20.26306630809478,,,20.26306630809478,10.263066308094778,0.0,1.026306630809478,-0.04097433923154026,222,90,21,0.8108108108108109,0.5659050966608085,0.010136601454774779,1.6433813085113405
2018-01-22,2018-01-22,0,248.1746826171875,0,0.0,20.26306630809478,,,20.26306630809478,10.263066308094778,0.0,1.026306630809478,-0.04097433923154026,222,90,21,0.8108108108108109,0.5649122807017544,0.0,1.6433813085113405
2018-01-23,2018-01-23,0,248.7014923095703,0,0.0,20.26306630809478,,,20.26306630809478,10.263066308094778,0.0,1.026306630809478,-0.04097433923154026,222,90,21,0.8108108108108109,0.563922942206655,0.0,1.6433813085113405
2018-01-24,2018-01-24,1,248.6049346923828,1,0.0814663629394008,3.552713678800501e-15,2018-01-24,248.6049346923828,20.252939838175692,10.263066308094778,-0.010126469919087845,1.0252939838175692,-0.04097433923154026,223,90,21,0.8108108108108109,0.5646853146853147,0.010126469919087845,1.6535077784304284
2018-01-25,2018-01-25,1,248.710205078125,1,0.0814663629394008,3.552713678800501e-15,2018-01-24,248.6049346923828,20.26151583362734,10.263066308094778,-0.0015504744674409553,1.0261515833627337,-0.04097433923154026,223,90,21,0.8108108108108109,0.5654450261780105,0.0,1.6535077784304284
2018-01-26,2018-01-26,0,251.5897674560547,0,0.0,20.485855255760693,,,20.485855255760693,10.485855255760693,0.0,1.0485855255760694,-0.04097433923154026,224,91,21,0.8125,0.5644599303135889,0.010248051653707199,1.6637558300841355
2018-01-29,2018-01-29,0,249.92176818847656,0,0.0,20.485855255760693,,,20.485855255760693,10.485855255760693,0.0,1.0485855255760694,-0.04097433923154026,224,91,21,0.8125,0.5634782608695652,0.0,1.6637558300841355
2018-01-30,2018-01-30,0,247.3582305908203,0,0.0,20.485855255760693,,,20.485855255760693,10.485855255760693,0.0,1.0485855255760694,-0.04097433923154026,224,91,21,0.8125,0.5625,0.0,1.6637558300841355
2018-01-31,2018-01-31,1,247.48117065429688,1,0.08273606187049798,-3.552713678800501e-15,2018-01-31,247.48117065429688,20.475617447037173,10.485855255760693,-0.010237808723518588,1.0475617447037173,-0.04097433923154026,225,91,21,0.8125,0.5632582322357019,0.010237808723518588,1.6739936388076542
2018-02-01,2018-02-01,0,247.2002410888672,0,0.0,20.442148253909966,,,20.442148253909966,10.442148253909966,0.0,1.0442148253909966,-0.04097433923154026,226,91,22,0.8053097345132744,0.5622837370242214,0.010226187220565267,1.6842198260282195
2018-02-02,2018-02-02,0,241.8187561035156,0,0.0,20.442148253909966,,,20.442148253909966,10.442148253909966,0.0,1.0442148253909966,-0.04097433923154026,226,91,22,0.8053097345132744,0.5613126079447323,0.0,1.6842198260282195
2018-02-05,2018-02-05,1,231.7052459716797,1,0.08818070649234842,0.0,2018-02-05,231.7052459716797,20.431932287766084,10.442148253909966,-0.010215966143883043,1.0431932287766084,-0.04097433923154026,227,91,22,0.8053097345132744,0.5620689655172414,0.010215966143883043,1.6944357921721025
2018-02-06,2018-02-06,1,236.2702789306641,1,0.08818070649234842,0.0,2018-02-05,231.7052459716797,20.834480119250184,10.442148253909966,0.3923318653402165,1.0834480119250185,-0.04097433923154026,227,91,22,0.8053097345132744,0.5628227194492255,0.0,1.6944357921721025
2018-02-07,2018-02-07,0,234.98863220214844,0,0.0,20.711102873453438,,,20.711102873453438,10.711102873453438,0.0,1.071110287345344,-0.04097433923154026,228,92,22,0.8070175438596491,0.5618556701030928,0.010360731802628033,1.7047965239747305
2018-02-08,2018-02-08,0,226.1744384765625,0,0.0,20.711102873453438,,,20.711102873453438,10.711102873453438,0.0,1.071110287345344,-0.04097433923154026,228,92,22,0.8070175438596491,0.5608919382504288,0.0,1.7047965239747305
2018-02-09,2018-02-09,1,229.57196044921875,1,0.09017108385840454,0.0,2018-02-09,229.57196044921875,20.700752497204835,10.711102873453438,-0.010350376248602418,1.0700752497204835,-0.04097433923154026,229,92,22,0.8070175438596491,0.5616438356164384,0.010350376248602418,1.7151469002233328
2018-02-12,2018-02-12,0,232.94309997558597,0,0.0,20.994229436234207,,,20.994229436234207,10.994229436234207,0.0,1.0994229436234209,-0.04097433923154026,230,93,22,0.808695652173913,0.5606837606837607,0.010502365901067639,1.7256492661244005
2018-02-13,2018-02-13,1,233.52252197265625,1,0.08985744668305493,0.0,2018-02-13,233.52252197265625,20.983737567450483,10.994229436234207,-0.010491868783725242,1.0983737567450484,-0.04097433923154026,231,93,22,0.808695652173913,0.5614334470989761,0.010491868783725242,1.7361411349081257
2018-02-14,2018-02-14,1,236.6741485595703,1,0.08985744668305493,0.0,2018-02-13,233.52252197265625,21.26693468544901,10.994229436234207,0.2727052492148007,1.126693468544901,-0.04097433923154026,231,93,22,0.808695652173913,0.5621805792163543,0.0,1.7361411349081257
2018-02-15,2018-02-15,1,239.69415283203125,1,0.08985744668305493,0.0,2018-02-13,233.52252197265625,21.538304558344265,10.994229436234207,0.5440751221100573,1.1538304558344263,-0.04097433923154026,231,93,22,0.808695652173913,0.5629251700680272,0.0,1.7361411349081257
2018-02-16,2018-02-16,0,239.76438903808597,0,0.0,21.533843496582804,,,21.533843496582804,11.533843496582804,0.0,1.1533843496582805,-0.04097433923154026,232,94,22,0.8103448275862069,0.5619694397283531,0.010772307902242524,1.7469134428103683
2018-02-20,2018-02-20,0,238.26315307617188,0,0.0,21.533843496582804,,,21.533843496582804,11.533843496582804,0.0,1.1533843496582805,-0.04097433923154026,232,94,22,0.8103448275862069,0.5610169491525424,0.0,1.7469134428103683
2018-02-21,2018-02-21,1,237.0780334472656,1,0.09078480044163385,-3.552713678800501e-15,2018-02-21,237.0780334472656,21.523081955605,11.533843496582804,-0.010761540977802502,1.1523081955605,-0.04097433923154026,233,94,22,0.8103448275862069,0.5617597292724196,0.010761540977802502,1.7576749837881709
2018-02-22,2018-02-22,1,237.38528442382807,1,0.09078480044163385,-3.552713678800501e-15,2018-02-21,237.0780334472656,21.55097567419772,11.533843496582804,0.017132177614915884,1.155097567419772,-0.04097433923154026,233,94,22,0.8103448275862069,0.5625,0.0,1.7576749837881709
2018-02-23,2018-02-23,1,241.16905212402344,1,0.09078480044163385,-3.552713678800501e-15,2018-02-21,237.0780334472656,21.894484269777458,11.533843496582804,0.3606407731946542,1.1894484269777457,-0.04097433923154026,233,94,22,0.8103448275862069,0.5632377740303541,0.0,1.7576749837881709
2018-02-26,2018-02-26,0,243.9696350097656,0,0.0,22.137660260865722,,,22.137660260865722,12.137660260865722,0.0,1.2137660260865721,-0.04097433923154026,234,95,22,0.811965811965812,0.5622895622895623,0.011074367314089908,1.7687493511022607
2018-02-27,2018-02-27,0,240.92318725585935,0,0.0,22.137660260865722,,,22.137660260865722,12.137660260865722,0.0,1.2137660260865721,-0.04097433923154026,234,95,22,0.811965811965812,0.561344537815126,0.0,1.7687493511022607
2018-02-28,2018-02-28,0,238.4826202392578,0,0.0,22.137660260865722,,,22.137660260865722,12.137660260865722,0.0,1.2137660260865721,-0.04097433923154026,234,95,22,0.811965811965812,0.5604026845637584,0.0,1.7687493511022607
2018-03-01,2018-03-01,1,235.01492309570312,1,0.094149753006851,-3.552713678800501e-15,2018-03-01,235.01492309570312,22.12659696238453,12.137660260865722,-0.011063298481192266,1.212659696238453,-0.04097433923154026,235,95,22,0.811965811965812,0.5611390284757118,0.011063298481192266,1.779812649583453
2018-03-02,2018-03-02,1,236.22645568847656,1,0.094149753006851,-3.552713678800501e-15,2018-03-01,235.01492309570312,22.240662456753896,12.137660260865722,0.1030021958881746,1.2240662456753895,-0.04097433923154026,235,95,22,0.811965811965812,0.5618729096989966,0.0,1.779812649583453
2018-03-05,2018-03-05,1,238.9566802978516,1,0.094149753006851,-3.552713678800501e-15,2018-03-01,235.01492309570312,22.49771242937978,12.137660260865722,0.3600521685140605,1.2497712429379781,-0.04097433923154026,235,95,22,0.811965811965812,0.5626043405676127,0.0,1.779812649583453
2018-03-06,2018-03-06,0,239.56256103515625,0,0.0,22.54347857317305,,,22.54347857317305,12.54347857317305,0.0,1.2543478573173052,-0.04097433923154026,236,96,22,0.8135593220338984,0.5616666666666666,0.011277377975574314,1.7910900275590274
2018-03-07,2018-03-07,0,239.4747314453125,0,0.0,22.54347857317305,,,22.54347857317305,12.54347857317305,0.0,1.2543478573173052,-0.04097433923154026,236,96,22,0.8135593220338984,0.5607321131447587,0.0,1.7910900275590274
2018-03-08,2018-03-08,1,240.63352966308597,1,0.09363704425766109,-3.552713678800501e-15,2018-03-08,240.63352966308597,22.53221246693958,12.54347857317305,-0.011266106233469792,1.253221246693958,-0.04097433923154026,237,96,22,0.8135593220338984,0.5614617940199336,0.011266106233469792,1.8023561337924972
2018-03-09,2018-03-09,1,244.8211669921875,1,0.09363704425766109,-3.552713678800501e-15,2018-03-08,240.63352966308597,22.924330448859692,12.54347857317305,0.38085187568664236,1.292433044885969,-0.04097433923154026,237,96,22,0.8135593220338984,0.5621890547263682,0.0,1.8023561337924972
2018-03-12,2018-03-12,0,244.5138092041016,0,0.0,22.88410259886673,,,22.88410259886673,12.884102598866729,0.0,1.288410259886673,-0.04097433923154026,238,97,22,0.8151260504201681,0.5612582781456954,0.01144777518702688,1.813803908979524
2018-03-13,2018-03-13,1,242.9336395263672,1,0.0941519104160597,-3.552713678800501e-15,2018-03-13,242.9336395263672,22.872666265733862,12.884102598866729,-0.011436333132866933,1.2872666265733863,-0.04097433923154026,239,97,22,0.8151260504201681,0.5619834710743802,0.011436333132866933,1.8252402421123908
2018-03-14,2018-03-14,1,241.6869659423828,1,0.0941519104160597,-3.552713678800501e-15,2018-03-13,242.9336395263672,22.755289566136497,12.884102598866729,-0.128813032730232,1.2755289566136496,-0.04097433923154026,239,97,22,0.8151260504201681,0.5627062706270627,0.0,1.8252402421123908
2018-03-15,2018-03-15,0,241.4237060546875,0,0.0,22.71913789320168,,,22.71913789320168,12.71913789320168,0.0,1.271913789320168,-0.04097433923154026,240,97,23,0.8083333333333333,0.5617792421746294,0.011365251572387035,1.8366054936847778
2018-03-16,2018-03-16,0,241.6854248046875,0,0.0,22.71913789320168,,,22.71913789320168,12.71913789320168,0.0,1.271913789320168,-0.04097433923154026,240,97,23,0.8083333333333333,0.5608552631578947,0.0,1.8366054936847778
2018-03-19,2018-03-19,0,238.41531372070312,0,0.0,22.71913789320168,,,22.71913789320168,12.71913789320168,0.0,1.271913789320168,-0.04097433923154026,240,97,23,0.8083333333333333,0.5599343185550082,0.0,1.8366054936847778
2018-03-20,2018-03-20,0,238.82081604003903,0,0.0,22.71913789320168,,,22.71913789320168,12.71913789320168,0.0,1.271913789320168,-0.04097433923154026,240,97,23,0.8083333333333333,0.559016393442623,0.0,1.8366054936847778
2018-03-21,2018-03-21,0,238.3624420166016,0,0.0,22.71913789320168,,,22.71913789320168,12.71913789320168,0.0,1.271913789320168,-0.04097433923154026,240,97,23,0.8083333333333333,0.55810147299509,0.0,1.8366054936847778
2018-03-22,2018-03-22,0,232.404052734375,0,0.0,22.71913789320168,,,22.71913789320168,12.71913789320168,0.0,1.271913789320168,-0.04097433923154026,240,97,23,0.8083333333333333,0.5571895424836601,0.0,1.8366054936847778
2018-03-23,2018-03-23,0,227.4505157470703,0,0.0,22.71913789320168,,,22.71913789320168,12.71913789320168,0.0,1.271913789320168,-0.04097433923154026,240,97,23,0.8083333333333333,0.5562805872756933,0.0,1.8366054936847778
2018-03-26,2018-03-26,0,233.6733245849609,0,0.0,22.71913789320168,,,22.71913789320168,12.71913789320168,0.0,1.271913789320168,-0.04097433923154026,240,97,23,0.8083333333333333,0.5553745928338762,0.0,1.8366054936847778
2018-03-27,2018-03-27,1,229.69813537597656,1,0.09885924395525598,0.0,2018-03-27,229.69813537597656,22.70778400120108,12.71913789320168,-0.01135389200060054,1.2707784001201081,-0.04097433923154026,241,97,23,0.8083333333333333,0.5560975609756098,0.01135389200060054,1.8479593856853782
2018-03-28,2018-03-28,1,229.01937866210935,1,0.09885924395525598,0.0,2018-03-27,229.69813537597656,22.640682625638615,12.71913789320168,-0.07845526756306619,1.2640682625638613,-0.04097433923154026,241,97,23,0.8083333333333333,0.5568181818181818,0.0,1.8479593856853782
2018-03-29,2018-03-29,0,231.94573974609372,0,0.0,22.918515479706425,,,22.918515479706425,12.918515479706425,0.0,1.2918515479706425,-0.04097433923154026,242,98,23,0.8099173553719008,0.5559157212317666,0.011464990234970697,1.8594243759203488
2018-04-02,2018-04-02,0,226.93927001953125,0,0.0,22.918515479706425,,,22.918515479706425,12.918515479706425,0.0,1.2918515479706425,-0.04097433923154026,242,98,23,0.8099173553719008,0.5550161812297735,0.0,1.8594243759203488
2018-04-03,2018-04-03,0,229.84786987304688,0,0.0,22.918515479706425,,,22.918515479706425,12.918515479706425,0.0,1.2918515479706425,-0.04097433923154026,242,98,23,0.8099173553719008,0.5541195476575121,0.0,1.8594243759203488
2018-04-04,2018-04-04,1,232.30712890625,1,0.0986067972024072,0.0,2018-04-04,232.30712890625,22.90706194873206,12.918515479706425,-0.01145353097436603,1.2907061948732061,-0.04097433923154026,243,98,23,0.8099173553719008,0.5548387096774193,0.01145353097436603,1.8708779068947148
2018-04-05,2018-04-05,0,234.1404266357422,0,0.0,23.07629364737265,,,23.07629364737265,13.076293647372651,0.0,1.3076293647372652,-0.04097433923154026,244,99,23,0.8114754098360656,0.5539452495974235,0.011543918783077865,1.8824218256777927
2018-04-06,2018-04-06,0,228.9225006103516,0,0.0,23.07629364737265,,,23.07629364737265,13.076293647372651,0.0,1.3076293647372652,-0.04097433923154026,244,99,23,0.8114754098360656,0.5530546623794212,0.0,1.8824218256777927
2018-04-09,2018-04-09,1,230.0507049560547,1,0.10025946789054707,0.0,2018-04-09,230.0507049560547,23.064761266739282,13.076293647372651,-0.011532380633369642,1.3064761266739282,-0.04097433923154026,245,99,23,0.8114754098360656,0.5537720706260032,0.011532380633369642,1.8939542063111623
2018-04-10,2018-04-10,0,233.7085723876953,0,0.0,23.419781360495207,,,23.419781360495207,13.419781360495207,0.0,1.3419781360495207,-0.04097433923154026,246,100,23,0.8130081300813008,0.5528846153846154,0.011715748554524867,1.9056699548656872
2018-04-11,2018-04-11,1,232.48345947265625,1,0.10068706554406488,0.0,2018-04-11,232.48345947265625,23.40807732183429,13.419781360495207,-0.011704038660917146,1.3408077321834293,-0.04097433923154026,247,100,23,0.8130081300813008,0.5536,0.011704038660917146,1.9173739935266043
2018-04-12,2018-04-12,0,234.39605712890625,0,0.0,23.588850841824858,,,23.588850841824858,13.588850841824858,0.0,1.3588850841824858,-0.04097433923154026,248,101,23,0.8145161290322581,0.5527156549520766,0.011800325583704281,1.9291743191103086
2018-04-13,2018-04-13,1,233.7085723876953,1,0.10088231710883896,-3.552713678800501e-15,2018-04-13,233.7085723876953,23.577062310669522,13.588850841824858,-0.011788531155334764,1.357706231066952,-0.04097433923154026,249,101,23,0.8145161290322581,0.5534290271132376,0.011788531155334764,1.9409628502656433
2018-04-16,2018-04-16,0,235.6300201416016,0,0.0,23.759016961081016,,,23.759016961081016,13.759016961081016,0.0,1.3759016961081016,-0.04097433923154026,250,102,23,0.816,0.552547770700637,0.011885451206143581,1.9528483014717868
2018-04-17,2018-04-17,1,238.15090942382807,1,0.09971468698918316,-3.552713678800501e-15,2018-04-17,238.15090942382807,23.747143389386324,13.759016961081016,-0.011873571694693164,1.3747143389386323,-0.04097433923154026,251,102,23,0.816,0.5532591414944356,0.011873571694693164,1.96472187316648
2018-04-18,2018-04-18,1,238.3272247314453,1,0.09971468698918316,-3.552713678800501e-15,2018-04-17,238.15090942382807,23.764724615096778,13.759016961081016,0.005707654015761454,1.3764724615096777,-0.04097433923154026,251,102,23,0.816,0.553968253968254,0.0,1.96472187316648
2018-04-19,2018-04-19,0,237.00509643554688,0,0.0,23.62107256140877,,,23.62107256140877,13.62107256140877,0.0,1.362107256140877,-0.04097433923154026,252,102,24,0.8095238095238095,0.5530903328050714,0.011816444502955865,1.9765383176694358
2018-04-20,2018-04-20,0,234.99534606933597,0,0.0,23.62107256140877,,,23.62107256140877,13.62107256140877,0.0,1.362107256140877,-0.04097433923154026,252,102,24,0.8095238095238095,0.5522151898734177,0.0,1.9765383176694358
2018-04-23,2018-04-23,0,234.96018981933597,0,0.0,23.62107256140877,,,23.62107256140877,13.62107256140877,0.0,1.362107256140877,-0.04097433923154026,252,102,24,0.8095238095238095,0.5513428120063191,0.0,1.9765383176694358
2018-04-24,2018-04-24,0,231.79586791992188,0,0.0,23.62107256140877,,,23.62107256140877,13.62107256140877,0.0,1.362107256140877,-0.04097433923154026,252,102,24,0.8095238095238095,0.5504731861198738,0.0,1.9765383176694358
2018-04-25,2018-04-25,1,232.36880493164065,1,0.10160257068237077,0.0,2018-04-25,232.36880493164065,23.609267927445046,13.62107256140877,-0.011804633963722524,1.3609267927445048,-0.04097433923154026,253,102,24,0.8095238095238095,0.5511811023622047,0.011804633963722524,1.9883429516331583
2018-04-26,2018-04-26,0,234.7310485839844,0,0.0,23.837353316123732,,,23.837353316123732,13.837353316123732,0.0,1.3837353316123733,-0.04097433923154026,254,103,24,0.8110236220472441,0.550314465408805,0.01192463897755064,2.000267590610709
2018-04-27,2018-04-27,0,234.95135498046875,0,0.0,23.837353316123732,,,23.837353316123732,13.837353316123732,0.0,1.3837353316123733,-0.04097433923154026,254,103,24,0.8110236220472441,0.5494505494505495,0.0,2.000267590610709
2018-04-30,2018-04-30,0,233.1444549560547,0,0.0,23.837353316123732,,,23.837353316123732,13.837353316123732,0.0,1.3837353316123733,-0.04097433923154026,254,103,24,0.8110236220472441,0.54858934169279,0.0,2.000267590610709
2018-05-01,2018-05-01,0,233.5586853027344,0,0.0,23.837353316123732,,,23.837353316123732,13.837353316123732,0.0,1.3837353316123733,-0.04097433923154026,254,103,24,0.8110236220472441,0.5477308294209703,0.0,2.000267590610709
2018-05-02,2018-05-02,1,231.9898376464844,1,0.10270036324665222,-3.552713678800501e-15,2018-05-02,231.9898376464844,23.825440595825818,13.837353316123732,-0.011912720297912911,1.3825440595825818,-0.04097433923154026,255,103,24,0.8110236220472441,0.5484375,0.011912720297912911,2.012180310908622
2018-05-03,2018-05-03,1,231.478515625,1,0.10270036324665222,-3.552713678800501e-15,2018-05-02,231.9898376464844,23.772927638483356,13.837353316123732,-0.06442567764037432,1.3772927638483354,-0.04097433923154026,255,103,24,0.8110236220472441,0.5491419656786272,0.0,2.012180310908622
2018-05-04,2018-05-04,1,234.47540283203125,1,0.10270036324665222,-3.552713678800501e-15,2018-05-02,231.9898376464844,24.08070904325471,13.837353316123732,0.2433557271309802,1.4080709043254709,-0.04097433923154026,255,103,24,0.8110236220472441,0.5498442367601246,0.0,2.012180310908622
2018-05-07,2018-05-07,1,235.2686462402344,1,0.10270036324665222,-3.552713678800501e-15,2018-05-02,231.9898376464844,24.162175429420188,13.837353316123732,0.3248221132964574,1.416217542942019,-0.04097433923154026,255,103,24,0.8110236220472441,0.5505443234836703,0.0,2.012180310908622
2018-05-08,2018-05-08,1,235.2686462402344,1,0.10270036324665222,-3.552713678800501e-15,2018-05-02,231.9898376464844,24.162175429420188,13.837353316123732,0.3248221132964574,1.416217542942019,-0.04097433923154026,255,103,24,0.8110236220472441,0.5512422360248447,0.0,2.012180310908622
2018-05-09,2018-05-09,1,237.542724609375,1,0.10270036324665222,-3.552713678800501e-15,2018-05-02,231.9898376464844,24.395724103982282,13.837353316123732,0.5583707878585514,1.4395724103982284,-0.04097433923154026,255,103,24,0.8110236220472441,0.5519379844961241,0.0,2.012180310908622
2018-05-10,2018-05-10,1,239.76385498046875,1,0.10270036324665222,-3.552713678800501e-15,2018-05-02,231.9898376464844,24.623834999911782,13.837353316123732,0.7864816837880518,1.4623834999911782,-0.04097433923154026,255,103,24,0.8110236220472441,0.5526315789473685,0.0,2.012180310908622
2018-05-11,2018-05-11,1,240.4954833984375,1,0.10270036324665222,-3.552713678800501e-15,2018-05-02,231.9898376464844,24.698973504198744,13.837353316123732,0.8616201880750133,1.4698973504198745,-0.04097433923154026,255,103,24,0.8110236220472441,0.5533230293663061,0.0,2.012180310908622
2018-05-14,2018-05-14,0,240.61009216308597,0,0.0,24.698388494026414,,,24.698388494026414,14.698388494026414,0.0,1.4698388494026413,-0.04097433923154026,256,104,24,0.8125,0.5524691358024691,0.012355371932979699,2.0245356828416017
2018-05-15,2018-05-15,1,238.95306396484372,1,0.10330918156765187,-3.552713678800501e-15,2018-05-15,238.95306396484372,24.686045471290768,14.698388494026414,-0.012343022735645387,1.4686045471290767,-0.04097433923154026,257,104,24,0.8125,0.5531587057010786,0.012343022735645387,2.036878705577247
2018-05-16,2018-05-16,1,239.95779418945312,1,0.10330918156765187,-3.552713678800501e-15,2018-05-15,238.95306396484372,24.789843328491447,14.698388494026414,0.09145483446503319,1.4789843328491448,-0.04097433923154026,257,104,24,0.8125,0.5538461538461539,0.0,2.036878705577247
2018-05-17,2018-05-17,1,239.75509643554688,1,0.10330918156765187,-3.552713678800501e-15,2018-05-15,238.95306396484372,24.76890278942979,14.698388494026414,0.07051429540337792,1.476890278942979,-0.04097433923154026,257,104,24,0.8125,0.554531490015361,0.0,2.036878705577247
2018-05-18,2018-05-18,1,239.1557464599609,1,0.10330918156765187,-3.552713678800501e-15,2018-05-15,238.95306396484372,24.706984433979414,14.698388494026414,0.00859593995300087,1.4706984433979415,-0.04097433923154026,257,104,24,0.8125,0.5552147239263804,0.0,2.036878705577247
2018-05-21,2018-05-21,0,240.9538726806641,0,0.0,24.880301008504496,,,24.880301008504496,14.880301008504496,0.0,1.4880301008504495,-0.04097433923154026,258,105,24,0.813953488372093,0.554364471669219,0.012446373691097799,2.049325079268345
2018-05-22,2018-05-22,1,240.2840118408203,1,0.10349364023204798,0.0,2018-05-22,240.2840118408203,24.867867074967013,14.880301008504496,-0.012433933537483507,1.4867867074967012,-0.04097433923154026,259,105,24,0.813953488372093,0.555045871559633,0.012433933537483507,2.0617590128058283
2018-05-23,2018-05-23,0,240.94500732421875,0,0.0,24.923807765769,,,24.923807765769,14.923807765768998,0.0,1.4923807765769,-0.04097433923154026,260,106,24,0.8153846153846154,0.5541984732824428,0.01246813795186043,2.0742271507576886
2018-05-24,2018-05-24,0,240.45140075683597,0,0.0,24.923807765769,,,24.923807765769,14.923807765768998,0.0,1.4923807765769,-0.04097433923154026,260,106,24,0.8153846153846154,0.5533536585365854,0.0,2.0742271507576886
2018-05-25,2018-05-25,0,239.8785552978516,0,0.0,24.923807765769,,,24.923807765769,14.923807765768998,0.0,1.4923807765769,-0.04097433923154026,260,106,24,0.8153846153846154,0.5525114155251142,0.0,2.0742271507576886
2018-05-29,2018-05-29,1,237.11968994140625,1,0.10505813370403735,-3.552713678800501e-15,2018-05-29,237.11968994140625,24.911352089724137,14.923807765768998,-0.01245567604486207,1.4911352089724135,-0.04097433923154026,261,106,24,0.8153846153846154,0.5531914893617021,0.01245567604486207,2.0866828268025506
2018-05-30,2018-05-30,0,240.2840118408203,0,0.0,25.23116794799393,,,25.23116794799393,15.231167947993931,0.0,1.5231167947993933,-0.04097433923154026,262,107,24,0.816793893129771,0.5523520485584219,0.012621894921457696,2.099304721724008
2018-05-31,2018-05-31,0,238.8119659423828,0,0.0,25.23116794799393,,,25.23116794799393,15.231167947993931,0.0,1.5231167947993933,-0.04097433923154026,262,107,24,0.816793893129771,0.5515151515151515,0.0,2.099304721724008
2018-06-01,2018-06-01,0,241.15655517578125,0,0.0,25.23116794799393,,,25.23116794799393,15.231167947993931,0.0,1.5231167947993933,-0.04097433923154026,262,107,24,0.816793893129771,0.5506807866868382,0.0,2.099304721724008
2018-06-04,2018-06-04,0,242.3024444580078,0,0.0,25.23116794799393,,,25.23116794799393,15.231167947993931,0.0,1.5231167947993933,-0.04097433923154026,262,107,24,0.816793893129771,0.5498489425981873,0.0,2.099304721724008
2018-06-05,2018-06-05,1,242.47869873046875,1,0.10400319203581554,-3.552713678800501e-15,2018-06-05,242.47869873046875,25.2185586686596,15.231167947993931,-0.012609279334329803,1.5218558668659599,-0.04097433923154026,263,107,24,0.816793893129771,0.55052790346908,0.012609279334329803,2.111914001058338
2018-06-06,2018-06-06,1,244.50596618652344,1,0.10400319203581554,-3.552713678800501e-15,2018-06-05,242.47869873046875,25.429400955199615,15.231167947993931,0.19823300720568454,1.5429400955199615,-0.04097433923154026,263,107,24,0.816793893129771,0.5512048192771084,0.0,2.111914001058338
2018-06-07,2018-06-07,1,244.4794921875,1,0.10400319203581554,-3.552713678800501e-15,2018-06-05,242.47869873046875,25.426647574795222,15.231167947993931,0.19547962680129188,1.542664757479522,-0.04097433923154026,263,107,24,0.816793893129771,0.5518796992481203,0.0,2.111914001058338
2018-06-08,2018-06-08,1,245.20230102539065,1,0.10400319203581554,-3.552713678800501e-15,2018-06-05,242.47869873046875,25.50182200116755,15.231167947993931,0.27065405317362007,1.5501822001167551,-0.04097433923154026,263,107,24,0.816793893129771,0.5525525525525525,0.0,2.111914001058338
2018-06-11,2018-06-11,1,245.52842712402344,1,0.10400319203581554,-3.552713678800501e-15,2018-06-05,242.47869873046875,25.535740156431547,15.231167947993931,0.3045722084376172,1.5535740156431546,-0.04097433923154026,263,107,24,0.816793893129771,0.553223388305847,0.0,2.111914001058338
2018-06-12,2018-06-12,0,245.8456878662109,0,0.0,25.555951918183535,,,25.555951918183535,15.555951918183535,0.0,1.5555951918183535,-0.04097433923154026,264,108,24,0.8181818181818182,0.5523952095808383,0.01278436814316335,2.1246983692015013
2018-06-13,2018-06-13,1,245.06124877929688,1,0.10423182145384322,0.0,2018-06-13,245.06124877929688,25.543180328019524,15.555951918183535,-0.012771590164009762,1.5543180328019526,-0.04097433923154026,265,108,24,0.8181818181818182,0.5530642750373692,0.012771590164009762,2.1374699593655113
2018-06-14,2018-06-14,0,245.6783447265625,0,0.0,25.594697611933498,,,25.594697611933498,15.594697611933498,0.0,1.5594697611933497,-0.04097433923154026,266,109,24,0.8195488721804511,0.5522388059701493,0.012803750681307402,2.1502737100468186
2018-06-15,2018-06-15,0,245.3648834228516,0,0.0,25.594697611933498,,,25.594697611933498,15.594697611933498,0.0,1.5594697611933497,-0.04097433923154026,266,109,24,0.8195488721804511,0.5514157973174366,0.0,2.1502737100468186
2018-06-18,2018-06-18,0,244.86019897460935,0,0.0,25.594697611933498,,,25.594697611933498,15.594697611933498,0.0,1.5594697611933497,-0.04097433923154026,266,109,24,0.8195488721804511,0.5505952380952381,0.0,2.1502737100468186
2018-06-19,2018-06-19,1,243.9216766357422,1,0.10487754516711797,0.0,2018-06-19,243.9216766357422,25.581906658604197,15.594697611933498,-0.012790953329302098,1.5581906658604199,-0.04097433923154026,267,109,24,0.8195488721804511,0.5512630014858841,0.012790953329302098,2.1630646633761206
2018-06-20,2018-06-20,0,244.3377685546875,0,0.0,25.612732584948244,,,25.612732584948244,15.612732584948244,0.0,1.5612732584948246,-0.04097433923154026,268,110,24,0.8208955223880597,0.5504451038575667,0.01281277267881353,2.175877436054934
2018-06-21,2018-06-21,1,242.8061370849609,1,0.10543363082161794,0.0,2018-06-21,242.8061370849609,25.599932618638924,15.612732584948244,-0.012799966309319462,1.5599932618638923,-0.04097433923154026,269,110,24,0.8208955223880597,0.5511111111111111,0.012799966309319462,2.1886774023642537
2018-06-22,2018-06-22,0,243.24884033203125,0,0.0,25.633785125139394,,,25.633785125139394,15.633785125139394,0.0,1.5633785125139394,-0.04097433923154026,270,111,24,0.8222222222222222,0.5502958579881657,0.012823304214677035,2.2015007065789307
2018-06-25,2018-06-25,1,239.93746948242188,1,0.10678188235079936,0.0,2018-06-25,239.93746948242188,25.620974637820485,15.633785125139394,-0.012810487318910243,1.5620974637820484,-0.04097433923154026,271,111,24,0.8222222222222222,0.55096011816839,0.012810487318910243,2.214311193897841
2018-06-26,2018-06-26,0,240.4687347412109,0,0.0,25.66486529011047,,,25.66486529011047,15.66486529011047,0.0,1.5664865290110468,-0.04097433923154026,272,112,24,0.8235294117647058,0.5501474926253688,0.01283885207109078,2.2271500459689317
2018-06-27,2018-06-27,0,238.47657775878903,0,0.0,25.66486529011047,,,25.66486529011047,15.66486529011047,0.0,1.5664865290110468,-0.04097433923154026,272,112,24,0.8235294117647058,0.5493372606774669,0.0,2.2271500459689317
2018-06-28,2018-06-28,1,239.840087890625,1,0.10695476096628773,-3.552713678800501e-15,2018-06-28,239.840087890625,25.652039270475232,15.66486529011047,-0.012826019635237619,1.565203927047523,-0.04097433923154026,273,112,24,0.8235294117647058,0.55,0.012826019635237619,2.239976065604169
2018-06-29,2018-06-29,0,240.18540954589844,0,0.0,25.6761285790387,,,25.6761285790387,15.6761285790387,0.0,1.5676128579038702,-0.04097433923154026,274,113,24,0.8248175182481752,0.5491923641703378,0.012844486532785745,2.252820552136955
2018-07-02,2018-07-02,1,240.6988983154297,1,0.1066199185379832,0.0,2018-07-02,240.6988983154297,25.663296930573413,15.6761285790387,-0.012831648465286706,1.5663296930573414,-0.04097433923154026,275,113,24,0.8248175182481752,0.5498533724340176,0.012831648465286706,2.2656522006022417
2018-07-03,2018-07-03,1,239.84896850585935,1,0.1066199185379832,0.0,2018-07-02,240.6988983154297,25.57267748351402,15.6761285790387,-0.1034510955246791,1.5572677483514021,-0.04097433923154026,275,113,24,0.8248175182481752,0.5505124450951684,0.0,2.2656522006022417
2018-07-05,2018-07-05,1,241.8055877685547,1,0.1066199185379832,0.0,2018-07-02,240.6988983154297,25.781292069912446,15.6761285790387,0.10516349087374657,1.5781292069912447,-0.04097433923154026,275,113,24,0.8248175182481752,0.5511695906432749,0.0,2.2656522006022417
2018-07-06,2018-07-06,1,243.8508758544922,1,0.1066199185379832,0.0,2018-07-02,240.6988983154297,25.99936051902181,15.6761285790387,0.3232319399831102,1.5999360519021808,-0.04097433923154026,275,113,24,0.8248175182481752,0.5518248175182482,0.0,2.2656522006022417
2018-07-09,2018-07-09,1,246.046630859375,1,0.1066199185379832,0.0,2018-07-02,240.6988983154297,26.233471738771783,15.6761285790387,0.5573431597330835,1.6233471738771783,-0.04097433923154026,275,113,24,0.8248175182481752,0.5524781341107872,0.0,2.2656522006022417
2018-07-10,2018-07-10,1,246.93197631835935,1,0.1066199185379832,0.0,2018-07-02,240.6988983154297,26.32786719948667,15.6761285790387,0.6517386204479688,1.6327867199486668,-0.04097433923154026,275,113,24,0.8248175182481752,0.5531295487627366,0.0,2.2656522006022417
2018-07-11,2018-07-11,1,245.1257781982422,1,0.1066199185379832,0.0,2018-07-02,240.6988983154297,26.135290503056318,15.6761285790387,0.45916192401761824,1.6135290503056319,-0.04097433923154026,275,113,24,0.8248175182481752,0.5537790697674418,0.0,2.2656522006022417
2018-07-12,2018-07-12,1,247.34800720214844,1,0.1066199185379832,0.0,2018-07-02,240.6988983154297,26.372224378425546,15.6761285790387,0.6960957993868465,1.6372224378425546,-0.04097433923154026,275,113,24,0.8248175182481752,0.5544267053701016,0.0,2.2656522006022417
2018-07-13,2018-07-13,1,247.5428771972656,1,0.1066199185379832,0.0,2018-07-02,240.6988983154297,26.393001401430435,15.6761285790387,0.7168728223917359,1.6393001401430434,-0.04097433923154026,275,113,24,0.8248175182481752,0.5550724637681159,0.0,2.2656522006022417
2018-07-16,2018-07-16,1,247.3214569091797,1,0.1066199185379832,0.0,2018-07-02,240.6988983154297,26.369393588352057,15.6761285790387,0.6932650093133578,1.636939358835206,-0.04097433923154026,275,113,24,0.8248175182481752,0.5557163531114327,0.0,2.2656522006022417
2018-07-17,2018-07-17,1,248.3219757080078,1,0.1066199185379832,0.0,2018-07-02,240.6988983154297,26.476068821178835,15.6761285790387,0.7999402421401353,1.6476068821178833,-0.04097433923154026,275,113,24,0.8248175182481752,0.5563583815028902,0.0,2.2656522006022417
2018-07-18,2018-07-18,1,248.8443603515625,1,0.1066199185379832,0.0,2018-07-02,240.6988983154297,26.531765429320128,15.6761285790387,0.8556368502814283,1.6531765429320129,-0.04097433923154026,275,113,24,0.8248175182481752,0.556998556998557,0.0,2.2656522006022417
2018-07-19,2018-07-19,1,247.9058990478516,1,0.1066199185379832,0.0,2018-07-02,240.6988983154297,26.431706761567423,15.6761285790387,0.755578182528723,1.6431706761567422,-0.04097433923154026,275,113,24,0.8248175182481752,0.5576368876080692,0.0,2.2656522006022417
2018-07-20,2018-07-20,1,247.62249755859372,1,0.1066199185379832,0.0,2018-07-02,240.6988983154297,26.401490517869206,15.6761285790387,0.7253619388305065,1.6401490517869206,-0.04097433923154026,275,113,24,0.8248175182481752,0.5582733812949641,0.0,2.2656522006022417
2018-07-23,2018-07-23,1,248.0829315185547,1,0.1066199185379832,0.0,2018-07-02,240.6988983154297,26.450581949172363,15.6761285790387,0.7744533701336639,1.6450581949172363,-0.04097433923154026,275,113,24,0.8248175182481752,0.5589080459770115,0.0,2.2656522006022417
2018-07-24,2018-07-24,0,249.33135986328125,0,0.0,26.570397432948827,,,26.570397432948827,16.570397432948827,0.0,1.6570397432948827,-0.04097433923154026,276,114,24,0.8260869565217391,0.5581061692969871,0.01329184463879381,2.2789440452410354
2018-07-25,2018-07-25,0,251.45623779296875,0,0.0,26.570397432948827,,,26.570397432948827,16.570397432948827,0.0,1.6570397432948827,-0.04097433923154026,276,114,24,0.8260869565217391,0.5573065902578797,0.0,2.2789440452410354
2018-07-26,2018-07-26,0,250.8630523681641,0,0.0,26.570397432948827,,,26.570397432948827,16.570397432948827,0.0,1.6570397432948827,-0.04097433923154026,276,114,24,0.8260869565217391,0.5565092989985694,0.0,2.2789440452410354
2018-07-27,2018-07-27,0,249.16310119628903,0,0.0,26.570397432948827,,,26.570397432948827,16.570397432948827,0.0,1.6570397432948827,-0.04097433923154026,276,114,24,0.8260869565217391,0.5557142857142857,0.0,2.2789440452410354
2018-07-30,2018-07-30,1,247.8615875244141,1,0.10714495593592624,-3.552713678800501e-15,2018-07-30,247.8615875244141,26.55711887351207,16.570397432948827,-0.013278559436756038,1.655711887351207,-0.04097433923154026,277,114,24,0.8260869565217391,0.5563480741797432,0.013278559436756038,2.2922226046777916
2018-07-31,2018-07-31,0,249.0834197998047,0,0.0,26.674688022800478,,,26.674688022800478,16.674688022800478,0.0,1.6674688022800477,-0.04097433923154026,278,115,24,0.8273381294964028,0.5555555555555556,0.013344016019409946,2.3055666206972014
2018-08-01,2018-08-01,1,248.66726684570312,1,0.10721699595737971,-3.552713678800501e-15,2018-08-01,248.66726684570312,26.66135734412841,16.674688022800478,-0.013330678672064208,1.6661357344128414,-0.04097433923154026,279,115,24,0.8273381294964028,0.5561877667140825,0.013330678672064208,2.3188972993692656
2018-08-02,2018-08-02,1,250.02198791503903,1,0.10721699595737971,-3.552713678800501e-15,2018-08-01,248.66726684570312,26.806606467542775,16.674688022800478,0.1319184447422987,1.6806606467542773,-0.04097433923154026,279,115,24,0.8273381294964028,0.5568181818181818,0.0,2.3188972993692656
2018-08-03,2018-08-03,1,251.0932159423828,1,0.10721699595737971,-3.552713678800501e-15,2018-08-01,248.66726684570312,26.921460318619925,16.674688022800478,0.24677229581944887,1.6921460318619923,-0.04097433923154026,279,115,24,0.8273381294964028,0.5574468085106383,0.0,2.3188972993692656
2018-08-06,2018-08-06,1,252.0140380859375,1,0.10721699595737971,-3.552713678800501e-15,2018-08-01,248.66726684570312,27.020188102662896,16.674688022800478,0.3455000798624201,1.7020188102662894,-0.04097433923154026,279,115,24,0.8273381294964028,0.5580736543909348,0.0,2.3188972993692656
2018-08-07,2018-08-07,1,252.84629821777344,1,0.10721699595737971,-3.552713678800501e-15,2018-08-01,248.66726684570312,27.109420533853438,16.674688022800478,0.434732511052962,1.7109420533853439,-0.04097433923154026,279,115,24,0.8273381294964028,0.5586987270155587,0.0,2.3188972993692656
2018-08-08,2018-08-08,1,252.7400360107422,1,0.10721699595737971,-3.552713678800501e-15,2018-08-01,248.66726684570312,27.098027419231745,16.674688022800478,0.42333939643126856,1.7098027419231743,-0.04097433923154026,279,115,24,0.8273381294964028,0.559322033898305,0.0,2.3188972993692656
2018-08-09,2018-08-09,1,252.39480590820312,1,0.10721699595737971,-3.552713678800501e-15,2018-08-01,248.66726684570312,27.061012884723446,16.674688022800478,0.3863248619229704,1.7061012884723445,-0.04097433923154026,279,115,24,0.8273381294964028,0.5599435825105783,0.0,2.3188972993692656
2018-08-10,2018-08-10,0,250.7036590576172,0,0.0,26.866253353081,,,26.866253353081,16.866253353081,0.0,1.6866253353080998,-0.04097433923154026,280,116,24,0.8285714285714286,0.5591549295774648,0.013439846599840422,2.332337145969106
2018-08-13,2018-08-13,1,249.76513671875,1,0.10751231053455243,0.0,2018-08-13,249.76513671875,26.852826939611194,16.866253353081,-0.013426413469805597,1.6852826939611196,-0.04097433923154026,281,116,24,0.8285714285714286,0.559774964838256,0.013426413469805597,2.3457635594389115
2018-08-14,2018-08-14,0,251.35882568359372,0,0.0,27.010656038433712,,,27.010656038433712,17.010656038433712,0.0,1.7010656038433711,-0.04097433923154026,282,117,24,0.8297872340425532,0.5589887640449438,0.01351208406124748,2.3592756435001587
2018-08-15,2018-08-15,0,249.48182678222656,0,0.0,27.010656038433712,,,27.010656038433712,17.010656038433712,0.0,1.7010656038433711,-0.04097433923154026,282,117,24,0.8297872340425532,0.5582047685834503,0.0,2.3592756435001587
2018-08-16,2018-08-16,0,251.5005798339844,0,0.0,27.010656038433712,,,27.010656038433712,17.010656038433712,0.0,1.7010656038433711,-0.04097433923154026,282,117,24,0.8297872340425532,0.5574229691876751,0.0,2.3592756435001587
2018-08-17,2018-08-17,0,252.3859100341797,0,0.0,27.010656038433712,,,27.010656038433712,17.010656038433712,0.0,1.7010656038433711,-0.04097433923154026,282,117,24,0.8297872340425532,0.5566433566433566,0.0,2.3592756435001587
2018-08-20,2018-08-20,0,252.92593383789065,0,0.0,27.010656038433712,,,27.010656038433712,17.010656038433712,0.0,1.7010656038433711,-0.04097433923154026,282,117,24,0.8297872340425532,0.5558659217877095,0.0,2.3592756435001587
2018-08-21,2018-08-21,0,253.5192108154297,0,0.0,27.010656038433712,,,27.010656038433712,17.010656038433712,0.0,1.7010656038433711,-0.04097433923154026,282,117,24,0.8297872340425532,0.5550906555090656,0.0,2.3592756435001587
2018-08-22,2018-08-22,1,253.36871337890625,1,0.10655284584932284,0.0,2018-08-22,253.36871337890625,26.99715745970386,17.010656038433712,-0.013498578729851931,1.6997157459703862,-0.04097433923154026,283,117,24,0.8297872340425532,0.5557103064066853,0.013498578729851931,2.3727742222300106
2018-08-23,2018-08-23,1,253.03211975097656,1,0.10655284584932284,0.0,2018-08-22,253.36871337890625,26.961292450753202,17.010656038433712,-0.04936358768051018,1.69612924507532,-0.04097433923154026,283,117,24,0.8297872340425532,0.5563282336578581,0.0,2.3727742222300106
2018-08-24,2018-08-24,1,254.5549468994141,1,0.10655284584932284,0.0,2018-08-22,253.36871337890625,27.123554017155833,17.010656038433712,0.11289797872212039,1.712355401715583,-0.04097433923154026,283,117,24,0.8297872340425532,0.5569444444444445,0.0,2.3727742222300106
2018-08-27,2018-08-27,0,256.5649108886719,0,0.0,27.324052539565773,,,27.324052539565773,17.324052539565773,0.0,1.7324052539565775,-0.04097433923154026,284,118,24,0.8309859154929577,0.5561719833564494,0.013668860700132953,2.3864430829301435
2018-08-28,2018-08-28,1,256.6888427734375,1,0.10639495291581658,-3.552713678800501e-15,2018-08-28,256.6888427734375,27.310397340895324,17.324052539565773,-0.013655198670447665,1.7310397340895323,-0.04097433923154026,285,118,24,0.8309859154929577,0.556786703601108,0.013655198670447665,2.400098281600591
2018-08-29,2018-08-29,0,258.070068359375,0,0.0,27.443624095691227,,,27.443624095691227,17.443624095691227,0.0,1.7443624095691228,-0.04097433923154026,286,119,24,0.8321678321678322,0.5560165975103735,0.013728676386038634,2.41382695798663
2018-08-30,2018-08-30,1,257.0252380371094,1,0.10672068373752593,0.0,2018-08-30,257.0252380371094,27.429909141120667,17.443624095691227,-0.013714954570560335,1.7429909141120667,-0.04097433923154026,287,119,24,0.8321678321678322,0.5566298342541437,0.013714954570560335,2.42754191255719
2018-08-31,2018-08-31,0,257.0340576171875,0,0.0,27.417134947550515,,,27.417134947550515,17.417134947550515,0.0,1.7417134947550514,-0.04097433923154026,288,119,25,0.8263888888888888,0.5558620689655173,0.013715425186368443,2.4412573377435582
2018-09-04,2018-09-04,1,256.59136962890625,1,0.10679795376815325,-3.552713678800501e-15,2018-09-04,256.59136962890625,27.403433230935047,17.417134947550515,-0.013701716615467525,1.7403433230935046,-0.04097433923154026,289,119,25,0.8263888888888888,0.5564738292011019,0.013701716615467525,2.454959054359026
2018-09-05,2018-09-05,0,255.9008331298828,0,0.0,27.3160205031642,,,27.3160205031642,17.3160205031642,0.0,1.73160205031642,-0.04097433923154026,290,119,26,0.8206896551724138,0.5557083906464925,0.013664842672918563,2.4686238970319443
2018-09-06,2018-09-06,0,255.13047790527344,0,0.0,27.3160205031642,,,27.3160205031642,17.3160205031642,0.0,1.73160205031642,-0.04097433923154026,290,119,26,0.8206896551724138,0.554945054945055,0.0,2.4686238970319443
2018-09-07,2018-09-07,1,254.63473510742188,1,0.10722170055466704,-3.552713678800501e-15,2018-09-07,254.63473510742188,27.302369318504947,17.3160205031642,-0.013651184659252476,1.7302369318504947,-0.04097433923154026,291,119,26,0.8206896551724138,0.5555555555555556,0.013651184659252476,2.482275081691197
2018-09-10,2018-09-10,0,255.0774078369141,0,0.0,27.336158524629603,,,27.336158524629603,17.336158524629603,0.0,1.7336158524629601,-0.04097433923154026,292,120,26,0.821917808219178,0.5547945205479452,0.013674916720675142,2.4959499984118723
2018-09-11,2018-09-11,1,255.9185333251953,1,0.1067624799227532,-3.552713678800501e-15,2018-09-11,255.9185333251953,27.32249727599161,17.336158524629603,-0.013661248637995806,1.7322497275991608,-0.04097433923154026,293,120,26,0.821917808219178,0.5554035567715458,0.013661248637995806,2.509611247049868
2018-09-12,2018-09-12,1,255.98052978515625,1,0.1067624799227532,-3.552713678800501e-15,2018-09-11,255.9185333251953,27.329116171803467,17.336158524629603,-0.0070423528261377676,1.7329116171803465,-0.04097433923154026,293,120,26,0.821917808219178,0.5560109289617486,0.0,2.509611247049868
2018-09-13,2018-09-13,1,257.4945068359375,1,0.1067624799227532,-3.552713678800501e-15,2018-09-11,255.9185333251953,27.49075211629101,17.336158524629603,0.15459359166140504,1.7490752116291008,-0.04097433923154026,293,120,26,0.821917808219178,0.5566166439290586,0.0,2.509611247049868
2018-09-14,2018-09-14,0,257.53875732421875,0,0.0,27.481728669953633,,,27.481728669953633,17.481728669953633,0.0,1.7481728669953633,-0.04097433923154026,294,121,26,0.8231292517006803,0.555858310626703,0.013747738204078857,2.523358985253947
2018-09-17,2018-09-17,1,256.17529296875,1,0.10722343421294754,-7.105427357601002e-15,2018-09-17,256.17529296875,27.467994672617323,17.481728669953633,-0.013733997336308664,1.7467994672617322,-0.04097433923154026,295,121,26,0.8231292517006803,0.5564625850340136,0.013733997336308664,2.5370929825902557
2018-09-18,2018-09-18,0,257.5652770996094,0,0.0,27.60322502785725,,,27.60322502785725,17.60322502785725,0.0,1.760322502785725,-0.04097433923154026,296,122,26,0.8243243243243243,0.5557065217391305,0.013808516772314787,2.5509014993625705
2018-09-19,2018-09-19,1,257.8398132324219,1,0.10700221182611254,-3.552713678800501e-15,2018-09-19,257.8398132324219,27.589430312700898,17.60322502785725,-0.01379471515635045,1.75894303127009,-0.04097433923154026,297,122,26,0.8243243243243243,0.5563093622795116,0.01379471515635045,2.564696214518921
2018-09-20,2018-09-20,0,259.9291687011719,0,0.0,27.799089471163555,,,27.799089471163555,17.799089471163555,0.0,1.7799089471163554,-0.04097433923154026,298,123,26,0.825503355704698,0.5555555555555556,0.013906497984574067,2.578602712503495
2018-09-21,2018-09-21,0,259.69171142578125,0,0.0,27.799089471163555,,,27.799089471163555,17.799089471163555,0.0,1.7799089471163554,-0.04097433923154026,298,123,26,0.825503355704698,0.5548037889039242,0.0,2.578602712503495
2018-09-24,2018-09-24,1,258.8291931152344,1,0.1073495479327822,-3.552713678800501e-15,2018-09-24,258.8291931152344,27.78519687272719,17.799089471163555,-0.013892598436363597,1.778519687272719,-0.04097433923154026,299,123,26,0.825503355704698,0.5554054054054054,0.013892598436363597,2.5924953109398587
2018-09-25,2018-09-25,0,258.5889587402344,0,0.0,27.745528117262438,,,27.745528117262438,17.745528117262438,0.0,1.774552811726244,-0.04097433923154026,300,123,27,0.82,0.5546558704453441,0.013879703910586514,2.606375014850445
2018-09-26,2018-09-26,0,257.8152160644531,0,0.0,27.745528117262438,,,27.745528117262438,17.745528117262438,0.0,1.774552811726244,-0.04097433923154026,300,123,27,0.82,0.5539083557951483,0.0,2.606375014850445
2018-09-27,2018-09-27,1,258.5356140136719,1,0.10726437977188269,0.0,2018-09-27,258.5356140136719,27.731662286119377,17.745528117262438,-0.01386583114305969,1.7731662286119376,-0.04097433923154026,301,123,27,0.82,0.5545087483176312,0.01386583114305969,2.620240845993505
2018-09-28,2018-09-28,1,258.5623779296875,1,0.10726437977188269,0.0,2018-09-27,258.5356140136719,27.73453310097106,17.745528117262438,-0.010995016291376966,1.7734533100971062,-0.04097433923154026,301,123,27,0.82,0.5551075268817204,0.0,2.620240845993505
2018-10-01,2018-10-01,0,259.4607238769531,0,0.0,27.816978175014178,,,27.816978175014178,17.816978175014178,0.0,1.781697817501418,-0.04097433923154026,302,124,27,0.8211920529801324,0.5543624161073826,0.013915446810912545,2.6341562928044175
2018-10-02,2018-10-02,0,259.3094482421875,0,0.0,27.816978175014178,,,27.816978175014178,17.816978175014178,0.0,1.781697817501418,-0.04097433923154026,302,124,27,0.8211920529801324,0.5536193029490617,0.0,2.6341562928044175
2018-10-03,2018-10-03,0,259.4517822265625,0,0.0,27.816978175014178,,,27.816978175014178,17.816978175014178,0.0,1.781697817501418,-0.04097433923154026,302,124,27,0.8211920529801324,0.5528781793842035,0.0,2.6341562928044175
2018-10-04,2018-10-04,0,257.4239196777344,0,0.0,27.816978175014178,,,27.816978175014178,17.816978175014178,0.0,1.781697817501418,-0.04097433923154026,302,124,27,0.8211920529801324,0.5521390374331551,0.0,2.6341562928044175
2018-10-05,2018-10-05,0,255.98309326171875,0,0.0,27.816978175014178,,,27.816978175014178,17.816978175014178,0.0,1.781697817501418,-0.04097433923154026,302,124,27,0.8211920529801324,0.5514018691588785,0.0,2.6341562928044175
2018-10-08,2018-10-08,0,255.98309326171875,0,0.0,27.816978175014178,,,27.816978175014178,17.816978175014178,0.0,1.781697817501418,-0.04097433923154026,302,124,27,0.8211920529801324,0.5506666666666666,0.0,2.6341562928044175
2018-10-09,2018-10-09,0,255.60964965820312,0,0.0,27.816978175014178,,,27.816978175014178,17.816978175014178,0.0,1.781697817501418,-0.04097433923154026,302,124,27,0.8211920529801324,0.5499334221038615,0.0,2.6341562928044175
2018-10-10,2018-10-10,0,247.5160980224609,0,0.0,27.816978175014178,,,27.816978175014178,17.816978175014178,0.0,1.781697817501418,-0.04097433923154026,302,124,27,0.8211920529801324,0.5492021276595744,0.0,2.6341562928044175
2018-10-11,2018-10-11,1,242.064208984375,1,0.11485827150303948,-3.552713678800501e-15,2018-10-11,242.064208984375,27.80307663669583,17.816978175014178,-0.013901538318347917,1.780307663669583,-0.04097433923154026,303,124,27,0.8211920529801324,0.549800796812749,0.013901538318347917,2.6480578311227654
2018-10-12,2018-10-12,0,245.42601013183597,0,0.0,28.175112701977316,,,28.175112701977316,18.175112701977316,0.0,1.8175112701977314,-0.04097433923154026,304,125,27,0.8223684210526315,0.5490716180371353,0.014094603652815067,2.6621524347755803
2018-10-15,2018-10-15,1,244.0475311279297,1,0.11539158808831533,-3.552713678800501e-15,2018-10-15,244.0475311279297,28.161032185884373,18.175112701977316,-0.014080516092942188,1.8161032185884372,-0.04097433923154026,305,125,27,0.8223684210526315,0.5496688741721855,0.014080516092942188,2.6762329508685223
2018-10-16,2018-10-16,1,249.38381958007807,1,0.11539158808831533,-3.552713678800501e-15,2018-10-15,244.0475311279297,28.776794984875114,18.175112701977316,0.6016822828977982,1.8776794984875114,-0.04097433923154026,305,125,27,0.8223684210526315,0.5502645502645502,0.0,2.6762329508685223
2018-10-17,2018-10-17,0,249.42832946777344,0,0.0,28.76754008597616,,,28.76754008597616,18.76754008597616,0.0,1.876754008597616,-0.04097433923154026,306,126,27,0.8235294117647058,0.5495376486129459,0.014390965525750959,2.6906239163942733
2018-10-18,2018-10-18,0,245.8262634277344,0,0.0,28.76754008597616,,,28.76754008597616,18.76754008597616,0.0,1.876754008597616,-0.04097433923154026,306,126,27,0.8235294117647058,0.5488126649076517,0.0,2.6906239163942733
2018-10-19,2018-10-19,0,245.69284057617188,0,0.0,28.76754008597616,,,28.76754008597616,18.76754008597616,0.0,1.876754008597616,-0.04097433923154026,306,126,27,0.8235294117647058,0.5480895915678524,0.0,2.6906239163942733
2018-10-22,2018-10-22,0,244.59005737304688,0,0.0,28.76754008597616,,,28.76754008597616,18.76754008597616,0.0,1.876754008597616,-0.04097433923154026,306,126,27,0.8235294117647058,0.5473684210526316,0.0,2.6906239163942733
2018-10-23,2018-10-23,0,243.34495544433597,0,0.0,28.76754008597616,,,28.76754008597616,18.76754008597616,0.0,1.876754008597616,-0.04097433923154026,306,126,27,0.8235294117647058,0.5466491458607096,0.0,2.6906239163942733
2018-10-24,2018-10-24,1,235.971923828125,1,0.12184993467768228,0.0,2018-10-24,235.971923828125,28.753163504224048,18.76754008597616,-0.014376581752112025,1.8753163504224046,-0.04097433923154026,307,126,27,0.8235294117647058,0.547244094488189,0.014376581752112025,2.7050004981463855
2018-10-25,2018-10-25,0,240.2053985595703,0,0.0,29.254377617648423,,,29.254377617648423,19.254377617648423,0.0,1.9254377617648424,-0.04097433923154026,308,127,27,0.8246753246753247,0.546526867627785,0.01463450606185514,2.7196350042082407
2018-10-26,2018-10-26,0,235.98080444335935,0,0.0,29.254377617648423,,,29.254377617648423,19.254377617648423,0.0,1.9254377617648424,-0.04097433923154026,308,127,27,0.8246753246753247,0.5458115183246073,0.0,2.7196350042082407
2018-10-29,2018-10-29,1,234.67340087890625,1,0.12459766479400464,0.0,2018-10-29,234.67340087890625,29.239757738779034,19.254377617648423,-0.014619878869389516,1.9239757738779035,-0.04097433923154026,309,127,27,0.8246753246753247,0.5464052287581699,0.014619878869389516,2.73425488307763
2018-10-30,2018-10-30,0,238.1508331298828,0,0.0,29.658201157891707,,,29.658201157891707,19.658201157891707,0.0,1.9658201157891706,-0.04097433923154026,310,128,27,0.8258064516129032,0.5456919060052219,0.014836518838365037,2.749091401915995
2018-10-31,2018-10-31,0,240.69454956054688,0,0.0,29.658201157891707,,,29.658201157891707,19.658201157891707,0.0,1.9658201157891706,-0.04097433923154026,310,128,27,0.8258064516129032,0.5449804432855281,0.0,2.749091401915995
2018-11-01,2018-11-01,0,243.25596618652344,0,0.0,29.658201157891707,,,29.658201157891707,19.658201157891707,0.0,1.9658201157891706,-0.04097433923154026,310,128,27,0.8258064516129032,0.5442708333333334,0.0,2.749091401915995
2018-11-02,2018-11-02,0,241.8151092529297,0,0.0,29.658201157891707,,,29.658201157891707,19.658201157891707,0.0,1.9658201157891706,-0.04097433923154026,310,128,27,0.8258064516129032,0.5435630689206762,0.0,2.749091401915995
2018-11-05,2018-11-05,1,243.14926147460935,1,0.12191433068059356,0.0,2018-11-05,243.14926147460935,29.64337946815763,19.658201157891707,-0.014821689734078816,1.9643379468157631,-0.04097433923154026,311,128,27,0.8258064516129032,0.5441558441558442,0.014821689734078816,2.763913091650074
2018-11-06,2018-11-06,1,244.6878967285156,1,0.12191433068059356,0.0,2018-11-05,243.14926147460935,29.830961155299175,19.658201157891707,0.1727599974074664,1.9830961155299174,-0.04097433923154026,311,128,27,0.8258064516129032,0.5447470817120622,0.0,2.763913091650074
2018-11-07,2018-11-07,1,249.92628479003903,1,0.12191433068059356,0.0,2018-11-05,243.14926147460935,30.46959572966502,19.658201157891707,0.8113945717733116,2.046959572966502,-0.04097433923154026,311,128,27,0.8258064516129032,0.5453367875647669,0.0,2.763913091650074
2018-11-08,2018-11-08,1,249.4727783203125,1,0.12191433068059356,0.0,2018-11-05,243.14926147460935,30.414306791948988,19.658201157891707,0.7561056340572797,2.0414306791948986,-0.04097433923154026,311,128,27,0.8258064516129032,0.5459249676584734,0.0,2.763913091650074
2018-11-09,2018-11-09,0,247.03594970703125,0,0.0,30.102163851346198,,,30.102163851346198,20.102163851346198,0.0,2.01021638513462,-0.04097433923154026,312,129,27,0.8269230769230769,0.5452196382428941,0.015058611231288745,2.7789717028813627
2018-11-12,2018-11-12,0,242.41995239257807,0,0.0,30.102163851346198,,,30.102163851346198,20.102163851346198,0.0,2.01021638513462,-0.04097433923154026,312,129,27,0.8269230769230769,0.5445161290322581,0.0,2.7789717028813627
2018-11-13,2018-11-13,0,241.9663848876953,0,0.0,30.102163851346198,,,30.102163851346198,20.102163851346198,0.0,2.01021638513462,-0.04097433923154026,312,129,27,0.8269230769230769,0.5438144329896907,0.0,2.7789717028813627
2018-11-14,2018-11-14,1,240.31204223632807,1,0.12520021889544874,0.0,2018-11-14,240.31204223632807,30.0871202912006,20.102163851346198,-0.0150435601456003,2.0087120291200597,-0.04097433923154026,313,129,27,0.8269230769230769,0.5444015444015444,0.0150435601456003,2.7940152630269632
2018-11-15,2018-11-15,1,242.8201904296875,1,0.12520021889544874,0.0,2018-11-14,240.31204223632807,30.401140994031422,20.102163851346198,0.29897714268522363,2.040114099403142,-0.04097433923154026,313,129,27,0.8269230769230769,0.5449871465295629,0.0,2.7940152630269632
2018-11-16,2018-11-16,0,243.4517059326172,0,0.0,30.46496676979747,,,30.46496676979747,20.46496676979747,0.0,2.0464966769797472,-0.04097433923154026,314,130,27,0.8280254777070064,0.5442875481386393,0.015240103436617044,2.80925536646358
2018-11-19,2018-11-19,0,239.3337860107422,0,0.0,30.46496676979747,,,30.46496676979747,20.46496676979747,0.0,2.0464966769797472,-0.04097433923154026,314,130,27,0.8280254777070064,0.5435897435897435,0.0,2.80925536646358
2018-11-20,2018-11-20,0,234.9045867919922,0,0.0,30.46496676979747,,,30.46496676979747,20.46496676979747,0.0,2.0464966769797472,-0.04097433923154026,314,130,27,0.8280254777070064,0.5428937259923176,0.0,2.80925536646358
2018-11-21,2018-11-21,1,235.70510864257807,1,0.12918575280021558,0.0,2018-11-21,235.70510864257807,30.449741898848046,20.46496676979747,-0.015224870949424023,2.0449741898848046,-0.04097433923154026,315,130,27,0.8280254777070064,0.5434782608695652,0.015224870949424023,2.8244802374130042
2018-11-23,2018-11-23,1,234.1308441162109,1,0.12918575280021558,0.0,2018-11-21,235.70510864257807,30.24636935090263,20.46496676979747,-0.21859741889484094,2.024636935090263,-0.04097433923154026,315,130,27,0.8280254777070064,0.5440613026819924,0.0,2.8244802374130042
2018-11-26,2018-11-26,1,237.9107360839844,1,0.12918575280021558,0.0,2018-11-21,235.70510864257807,30.734677540262936,20.46496676979747,0.269710770465466,2.073467754026294,-0.04097433923154026,315,130,27,0.8280254777070064,0.5446428571428571,0.0,2.8244802374130042
2018-11-27,2018-11-27,1,238.71121215820312,1,0.12918575280021558,0.0,2018-11-21,235.70510864257807,30.838087644509443,20.46496676979747,0.37312087471197275,2.083808764450944,-0.04097433923154026,315,130,27,0.8280254777070064,0.5452229299363057,0.0,2.8244802374130042
2018-11-28,2018-11-28,0,244.2076568603516,0,0.0,31.53237591608571,,,31.53237591608571,21.53237591608571,0.0,2.153237591608571,-0.04097433923154026,316,131,27,0.8291139240506329,0.544529262086514,0.015774074995540625,2.840254312408545
2018-11-29,2018-11-29,1,243.6740264892578,1,0.12933925729122162,0.0,2018-11-29,243.6740264892578,31.51661760728207,21.53237591608571,-0.015758308803641034,2.151661760728207,-0.04097433923154026,317,131,27,0.8291139240506329,0.5451080050825922,0.015758308803641034,2.856012621212186
2018-11-30,2018-11-30,1,245.1592712402344,1,0.12933925729122162,0.0,2018-11-29,243.6740264892578,31.708718060269064,21.53237591608571,0.17634214418335437,2.1708718060269065,-0.04097433923154026,317,131,27,0.8291139240506329,0.5456852791878173,0.0,2.856012621212186
2018-12-03,2018-12-03,0,248.40550231933597,0,0.0,32.11251888544722,,,32.11251888544722,22.112518885447223,0.0,2.211251888544722,-0.04097433923154026,318,132,27,0.8301886792452831,0.5449936628643853,0.01606429158851787,2.8720769128007038
2018-12-04,2018-12-04,0,240.3565368652344,0,0.0,32.11251888544722,,,32.11251888544722,22.112518885447223,0.0,2.211251888544722,-0.04097433923154026,318,132,27,0.8301886792452831,0.5443037974683544,0.0,2.8720769128007038
2018-12-06,2018-12-06,0,239.99192810058597,0,0.0,32.11251888544722,,,32.11251888544722,22.112518885447223,0.0,2.211251888544722,-0.04097433923154026,318,132,27,0.8301886792452831,0.5436156763590392,0.0,2.8720769128007038
2018-12-07,2018-12-07,0,234.4154510498047,0,0.0,32.11251888544722,,,32.11251888544722,22.112518885447223,0.0,2.211251888544722,-0.04097433923154026,318,132,27,0.8301886792452831,0.5429292929292929,0.0,2.8720769128007038
2018-12-10,2018-12-10,0,234.8601837158203,0,0.0,32.11251888544722,,,32.11251888544722,22.112518885447223,0.0,2.211251888544722,-0.04097433923154026,318,132,27,0.8301886792452831,0.5422446406052963,0.0,2.8720769128007038
2018-12-11,2018-12-11,0,234.91351318359372,0,0.0,32.11251888544722,,,32.11251888544722,22.112518885447223,0.0,2.211251888544722,-0.04097433923154026,318,132,27,0.8301886792452831,0.5415617128463476,0.0,2.8720769128007038
2018-12-12,2018-12-12,1,236.09642028808597,1,0.1359464519239974,0.0,2018-12-12,236.09642028808597,32.096470650122164,22.112518885447223,-0.016048235325061083,2.2096470650122164,-0.04097433923154026,319,132,27,0.8301886792452831,0.5421383647798742,0.016048235325061083,2.888125148125765
2018-12-13,2018-12-13,0,236.0163726806641,0,0.0,32.0695456676772,,,32.0695456676772,22.069545667677197,0.0,2.2069545667677195,-0.04097433923154026,320,132,28,0.825,0.5414572864321608,0.016042794230954078,2.904167942356719
2018-12-14,2018-12-14,0,231.65838623046875,0,0.0,32.0695456676772,,,32.0695456676772,22.069545667677197,0.0,2.2069545667677195,-0.04097433923154026,320,132,28,0.825,0.5407779171894604,0.0,2.904167942356719
2018-12-17,2018-12-17,0,227.11361694335935,0,0.0,32.0695456676772,,,32.0695456676772,22.069545667677197,0.0,2.2069545667677195,-0.04097433923154026,320,132,28,0.825,0.5401002506265664,0.0,2.904167942356719
2018-12-18,2018-12-18,0,226.86463928222656,0,0.0,32.0695456676772,,,32.0695456676772,22.069545667677197,0.0,2.2069545667677195,-0.04097433923154026,320,132,28,0.825,0.5394242803504381,0.0,2.904167942356719
2018-12-19,2018-12-19,0,223.4671630859375,0,0.0,32.0695456676772,,,32.0695456676772,22.069545667677197,0.0,2.2069545667677195,-0.04097433923154026,320,132,28,0.825,0.53875,0.0,2.904167942356719
2018-12-20,2018-12-20,0,219.8295440673828,0,0.0,32.0695456676772,,,32.0695456676772,22.069545667677197,0.0,2.2069545667677195,-0.04097433923154026,320,132,28,0.825,0.5380774032459426,0.0,2.904167942356719
2018-12-21,2018-12-21,0,215.3253326416016,0,0.0,32.0695456676772,,,32.0695456676772,22.069545667677197,0.0,2.2069545667677195,-0.04097433923154026,320,132,28,0.825,0.5374064837905237,0.0,2.904167942356719
2018-12-24,2018-12-24,1,209.6357879638672,1,0.1529009870859828,0.0,2018-12-24,209.6357879638672,32.05351890822308,22.069545667677197,-0.01602675945411154,2.205351890822308,-0.04097433923154026,321,132,28,0.825,0.5379825653798257,0.01602675945411154,2.9201947018108307
2018-12-26,2018-12-26,0,220.2276611328125,0,0.0,33.65619025745894,,,33.65619025745894,23.656190257458938,0.0,2.365619025745894,-0.04097433923154026,322,133,28,0.8260869565217391,0.5373134328358209,0.01683651338542218,2.937031215196253
2018-12-27,2018-12-27,0,221.91839599609372,0,0.0,33.65619025745894,,,33.65619025745894,23.656190257458938,0.0,2.365619025745894,-0.04097433923154026,322,133,28,0.8260869565217391,0.5366459627329192,0.0,2.937031215196253
2018-12-28,2018-12-28,0,221.6321258544922,0,0.0,33.65619025745894,,,33.65619025745894,23.656190257458938,0.0,2.365619025745894,-0.04097433923154026,322,133,28,0.8260869565217391,0.5359801488833746,0.0,2.937031215196253
2018-12-31,2018-12-31,0,223.5734100341797,0,0.0,33.65619025745894,,,33.65619025745894,23.656190257458938,0.0,2.365619025745894,-0.04097433923154026,322,133,28,0.8260869565217391,0.5353159851301115,0.0,2.937031215196253
2019-01-02,2019-01-02,0,223.8059844970703,0,0.0,33.65619025745894,,,33.65619025745894,23.656190257458938,0.0,2.365619025745894,-0.04097433923154026,322,133,28,0.8260869565217391,0.5346534653465347,0.0,2.937031215196253
2019-01-03,2019-01-03,1,218.46533203125,1,0.15398036045078753,0.0,2019-01-03,218.46533203125,33.63937057217285,23.656190257458938,-0.016819685286086426,2.363937057217285,-0.04097433923154026,323,133,28,0.8260869565217391,0.5352286773794809,0.016819685286086426,2.9538509004823394
2019-01-04,2019-01-04,1,225.78302001953125,1,0.15398036045078753,0.0,2019-01-03,218.46533203125,34.7661508062748,23.656190257458938,1.109960548815864,2.47661508062748,-0.04097433923154026,323,133,28,0.8260869565217391,0.5358024691358024,0.0,2.9538509004823394
2019-01-07,2019-01-07,1,227.56320190429688,1,0.15398036045078753,0.0,2019-01-03,218.46533203125,35.04026385455897,23.656190257458938,1.384073597100035,2.504026385455897,-0.04097433923154026,323,133,28,0.8260869565217391,0.5363748458692972,0.0,2.9538509004823394
2019-01-08,2019-01-08,1,229.7012176513672,1,0.15398036045078753,0.0,2019-01-03,218.46533203125,35.36947628994232,23.656190257458938,1.7132860324833823,2.536947628994232,-0.04097433923154026,323,133,28,0.8260869565217391,0.5369458128078818,0.0,2.9538509004823394
2019-01-09,2019-01-09,1,230.77474975585935,1,0.15398036045078753,0.0,2019-01-03,218.46533203125,35.53477915034751,23.656190257458938,1.8785888928885734,2.553477915034751,-0.04097433923154026,323,133,28,0.8260869565217391,0.5375153751537516,0.0,2.9538509004823394
2019-01-10,2019-01-10,1,231.58883666992188,1,0.15398036045078753,0.0,2019-01-03,218.46533203125,35.66013254681313,23.656190257458938,2.0039422893541934,2.5660132546813132,-0.04097433923154026,323,133,28,0.8260869565217391,0.538083538083538,0.0,2.9538509004823394
2019-01-11,2019-01-11,1,231.6782684326172,1,0.15398036045078753,0.0,2019-01-03,218.46533203125,35.673903281868704,23.656190257458938,2.0177130244097663,2.56739032818687,-0.04097433923154026,323,133,28,0.8260869565217391,0.5386503067484663,0.0,2.9538509004823394
2019-01-14,2019-01-14,1,230.26486206054688,1,0.15398036045078753,0.0,2019-01-03,218.46533203125,35.45626645923388,23.656190257458938,1.8000762017749432,2.545626645923388,-0.04097433923154026,323,133,28,0.8260869565217391,0.5392156862745098,0.0,2.9538509004823394
2019-01-15,2019-01-15,1,232.90382385253903,1,0.15398036045078753,0.0,2019-01-03,218.46533203125,35.862614747180686,23.656190257458938,2.2064244897217486,2.5862614747180688,-0.04097433923154026,323,133,28,0.8260869565217391,0.5397796817625459,0.0,2.9538509004823394
2019-01-16,2019-01-16,1,233.4674530029297,1,0.15398036045078753,0.0,2019-01-03,218.46533203125,35.94940256691841,23.656190257458938,2.293212309459471,2.594940256691841,-0.04097433923154026,323,133,28,0.8260869565217391,0.5403422982885085,0.0,2.9538509004823394
2019-01-17,2019-01-17,1,235.23870849609372,1,0.15398036045078753,0.0,2019-01-03,218.46533203125,36.222141126206246,23.656190257458938,2.5659508687473087,2.6222141126206244,-0.04097433923154026,323,133,28,0.8260869565217391,0.5409035409035409,0.0,2.9538509004823394
2019-01-18,2019-01-18,0,238.3697052001953,0,0.0,36.6859010007104,,,36.6859010007104,26.685901000710402,0.0,2.6685901000710404,-0.04097433923154026,324,134,28,0.8271604938271605,0.5402439024390244,0.01835212656363702,2.9722030270459765
2019-01-22,2019-01-22,0,235.1492462158203,0,0.0,36.6859010007104,,,36.6859010007104,26.685901000710402,0.0,2.6685901000710404,-0.04097433923154026,324,134,28,0.8271604938271605,0.5395858708891595,0.0,2.9722030270459765
2019-01-23,2019-01-23,0,235.6412506103516,0,0.0,36.6859010007104,,,36.6859010007104,26.685901000710402,0.0,2.6685901000710404,-0.04097433923154026,324,134,28,0.8271604938271605,0.5389294403892944,0.0,2.9722030270459765
2019-01-24,2019-01-24,1,235.76646423339844,1,0.1555249485389176,0.0,2019-01-24,235.76646423339844,36.66756721710185,26.685901000710402,-0.018333783608550924,2.666756721710185,-0.04097433923154026,325,134,28,0.8271604938271605,0.5394896719319563,0.018333783608550924,2.9905368106545276
2019-01-25,2019-01-25,1,237.7614288330078,1,0.1555249485389176,0.0,2019-01-24,235.76646423339844,36.97783398379306,26.685901000710402,0.2919329830826631,2.6977833983793063,-0.04097433923154026,325,134,28,0.8271604938271605,0.5400485436893204,0.0,2.9905368106545276
2019-01-28,2019-01-28,1,235.95437622070312,1,0.1555249485389176,0.0,2019-01-24,235.76646423339844,36.696792219257254,26.685901000710402,0.010891218546855874,2.6696792219257253,-0.04097433923154026,325,134,28,0.8271604938271605,0.5406060606060606,0.0,2.9905368106545276
2019-01-29,2019-01-29,1,235.6412506103516,1,0.1555249485389176,0.0,2019-01-24,235.76646423339844,36.648093374821116,26.685901000710402,-0.037807625889282825,2.6648093374821116,-0.04097433923154026,325,134,28,0.8271604938271605,0.5411622276029056,0.0,2.9905368106545276
2019-01-30,2019-01-30,1,239.37164306640625,1,0.1555249485389176,0.0,2019-01-24,235.76646423339844,37.228262469578986,26.685901000710402,0.5423614688685878,2.7228262469578985,-0.04097433923154026,325,134,28,0.8271604938271605,0.5417170495767836,0.0,2.9905368106545276
2019-01-31,2019-01-31,1,241.4739227294922,1,0.1555249485389176,0.0,2019-01-24,235.76646423339844,37.55521940599484,26.685901000710402,0.869318405284442,2.755521940599484,-0.04097433923154026,325,134,28,0.8271604938271605,0.5422705314009661,0.0,2.9905368106545276
2019-02-01,2019-02-01,1,241.59017944335935,1,0.1555249485389176,0.0,2019-01-24,235.76646423339844,37.573300225436334,26.685901000710402,0.8873992247259357,2.7573300225436332,-0.04097433923154026,325,134,28,0.8271604938271605,0.5428226779252111,0.0,2.9905368106545276
2019-02-04,2019-02-04,1,243.2898712158203,1,0.1555249485389176,0.0,2019-01-24,235.76646423339844,37.83764470088035,26.685901000710402,1.1517437001699482,2.783764470088035,-0.04097433923154026,325,134,28,0.8271604938271605,0.5433734939759036,0.0,2.9905368106545276
2019-02-05,2019-02-05,0,244.30972290039065,0,0.0,37.97725895309965,,,37.97725895309965,27.97725895309965,0.0,2.797725895309965,-0.04097433923154026,326,135,28,0.8282208588957055,0.542719614921781,0.018998128540820235,3.0095349391953476
2019-02-06,2019-02-06,0,243.98765563964844,0,0.0,37.97725895309965,,,37.97725895309965,27.97725895309965,0.0,2.797725895309965,-0.04097433923154026,326,135,28,0.8282208588957055,0.5420673076923077,0.0,3.0095349391953476
2019-02-07,2019-02-07,1,241.6617584228516,1,0.15707193418155527,0.0,2019-02-07,241.6617584228516,37.95827981319305,27.97725895309965,-0.018979139906596526,2.795827981319305,-0.04097433923154026,327,135,28,0.8282208588957055,0.5426170468187275,0.018979139906596526,3.028514079101944
2019-02-08,2019-02-08,1,241.95697021484372,1,0.15707193418155527,0.0,2019-02-07,241.6617584228516,38.00464930035446,27.97725895309965,0.027390347254810127,2.800464930035446,-0.04097433923154026,327,135,28,0.8282208588957055,0.5431654676258992,0.0,3.028514079101944
2019-02-11,2019-02-11,1,242.0911407470703,1,0.15707193418155527,0.0,2019-02-07,241.6617584228516,38.02572372536146,27.97725895309965,0.04846477226181087,2.802572372536146,-0.04097433923154026,327,135,28,0.8282208588957055,0.5437125748502994,0.0,3.028514079101944
2019-02-12,2019-02-12,1,245.2042694091797,1,0.15707193418155527,0.0,2019-02-07,241.6617584228516,38.51470886567502,27.97725895309965,0.5374499125753703,2.851470886567502,-0.04097433923154026,327,135,28,0.8282208588957055,0.5442583732057417,0.0,3.028514079101944
2019-02-13,2019-02-13,1,246.00048828125,1,0.15707193418155527,0.0,2019-02-07,241.6617584228516,38.63977250394296,27.97725895309965,0.6625135508433092,2.8639772503942957,-0.04097433923154026,327,135,28,0.8282208588957055,0.5448028673835126,0.0,3.028514079101944
2019-02-14,2019-02-14,1,245.4547576904297,1,0.15707193418155527,0.0,2019-02-07,241.6617584228516,38.55405354450077,27.97725895309965,0.5767945914011195,2.8554053544500766,-0.04097433923154026,327,135,28,0.8282208588957055,0.545346062052506,0.0,3.028514079101944
2019-02-15,2019-02-15,1,248.1295318603516,1,0.15707193418155527,0.0,2019-02-07,241.6617584228516,38.97418549686927,27.97725895309965,0.9969265437696196,2.8974185496869267,-0.04097433923154026,327,135,28,0.8282208588957055,0.5458879618593564,0.0,3.028514079101944
2019-02-19,2019-02-19,1,248.5589599609375,1,0.15707193418155527,0.0,2019-02-07,241.6617584228516,39.041636599220205,27.97725895309965,1.0643776461205563,2.9041636599220206,-0.04097433923154026,327,135,28,0.8282208588957055,0.5464285714285714,0.0,3.028514079101944
2019-02-20,2019-02-20,1,249.0599670410156,1,0.15707193418155527,0.0,2019-02-07,241.6617584228516,39.12033075032672,27.97725895309965,1.1430717972270743,2.912033075032672,-0.04097433923154026,327,135,28,0.8282208588957055,0.5469678953626635,0.0,3.028514079101944
2019-02-21,2019-02-21,1,248.17425537109372,1,0.15707193418155527,0.0,2019-02-07,241.6617584228516,38.981210305204925,27.97725895309965,1.003951352105277,2.8981210305204925,-0.04097433923154026,327,135,28,0.8282208588957055,0.5475059382422803,0.0,3.028514079101944
2019-02-22,2019-02-22,0,249.7130126953125,0,0.0,39.20329444140882,,,39.20329444140882,29.203294441408822,0.0,2.920329444140882,-0.04097433923154026,328,136,28,0.8292682926829268,0.5468564650059312,0.019611452947178,3.048125532049122
2019-02-25,2019-02-25,0,250.05291748046875,0,0.0,39.20329444140882,,,39.20329444140882,29.203294441408822,0.0,2.920329444140882,-0.04097433923154026,328,136,28,0.8292682926829268,0.5462085308056872,0.0,3.048125532049122
2019-02-26,2019-02-26,1,249.8740234375,1,0.15681382982939254,0.0,2019-02-26,249.8740234375,39.18370259011377,29.203294441408822,-0.019591851295056886,2.9183702590113767,-0.04097433923154026,329,136,28,0.8292682926829268,0.5467455621301776,0.019591851295056886,3.0677173833441786
2019-02-27,2019-02-27,1,249.76666259765625,1,0.15681382982939254,0.0,2019-02-26,249.8740234375,39.16686692564417,29.203294441408822,-0.03642751576465306,2.9166866925644173,-0.04097433923154026,329,136,28,0.8292682926829268,0.5472813238770685,0.0,3.0677173833441786
2019-02-28,2019-02-28,1,249.30145263671875,1,0.15681382982939254,0.0,2019-02-26,249.8740234375,39.09391556999478,29.203294441408822,-0.1093788714140472,2.909391556999478,-0.04097433923154026,329,136,28,0.8292682926829268,0.5478158205430933,0.0,3.0677173833441786
2019-03-01,2019-03-01,0,250.8581085205078,0,0.0,39.31835173048777,,,39.31835173048777,29.31835173048777,0.0,2.931835173048777,-0.04097433923154026,330,137,28,0.8303030303030303,0.5471698113207547,0.019669010370429098,3.0873863937146075
2019-03-04,2019-03-04,1,249.9455108642578,1,0.15722907862362345,0.0,2019-03-04,249.9455108642578,39.29870237929812,29.31835173048777,-0.01964935118964906,2.929870237929812,-0.04097433923154026,331,137,28,0.8303030303030303,0.5477031802120141,0.01964935118964906,3.1070357449042567
2019-03-05,2019-03-05,1,249.6056671142578,1,0.15722907862362345,0.0,2019-03-04,249.9455108642578,39.245269059609626,29.31835173048777,-0.07308267087814346,2.9245269059609624,-0.04097433923154026,331,137,28,0.8303030303030303,0.548235294117647,0.0,3.1070357449042567
2019-03-06,2019-03-06,0,248.09371948242188,0,0.0,38.988043153065625,,,38.988043153065625,28.988043153065625,0.0,2.8988043153065624,-0.04097433923154026,332,137,29,0.8253012048192772,0.5475910693301997,0.019503773463264446,3.126539518367521
2019-03-07,2019-03-07,0,246.01837158203125,0,0.0,38.988043153065625,,,38.988043153065625,28.988043153065625,0.0,2.8988043153065624,-0.04097433923154026,332,137,29,0.8253012048192772,0.5469483568075117,0.0,3.126539518367521
2019-03-08,2019-03-08,1,245.5263671875,1,0.15871435447040957,-7.105427357601002e-15,2019-03-08,245.5263671875,38.96855887362881,28.988043153065625,-0.019484279436814408,2.896855887362881,-0.04097433923154026,333,137,29,0.8253012048192772,0.5474794841735052,0.019484279436814408,3.1460237978043355
2019-03-11,2019-03-11,1,249.0866851806641,1,0.15871435447040957,-7.105427357601002e-15,2019-03-08,245.5263671875,39.533632445623226,28.988043153065625,0.5455892925576036,2.953363244562323,-0.04097433923154026,333,137,29,0.8253012048192772,0.5480093676814989,0.0,3.1460237978043355
2019-03-12,2019-03-12,1,250.02606201171875,1,0.15871435447040957,-7.105427357601002e-15,2019-03-08,245.5263671875,39.68272503296853,28.988043153065625,0.6946818799029044,2.968272503296853,-0.04097433923154026,333,137,29,0.8253012048192772,0.5485380116959064,0.0,3.1460237978043355
2019-03-13,2019-03-13,1,251.6810760498047,1,0.15871435447040957,-7.105427357601002e-15,2019-03-08,245.5263671875,39.94539951766281,28.988043153065625,0.9573563645971843,2.9945399517662805,-0.04097433923154026,333,137,29,0.8253012048192772,0.5490654205607477,0.0,3.1460237978043355
2019-03-14,2019-03-14,1,251.5200653076172,1,0.15871435447040957,-7.105427357601002e-15,2019-03-08,245.5263671875,39.91984480165371,28.988043153065625,0.9318016485880873,2.991984480165371,-0.04097433923154026,333,137,29,0.8253012048192772,0.5495915985997666,0.0,3.1460237978043355
2019-03-15,2019-03-15,0,252.7627410888672,0,0.0,40.09701674844777,,,40.09701674844777,30.09701674844777,0.0,3.009701674844777,-0.04097433923154026,334,138,29,0.8263473053892215,0.548951048951049,0.020058537643045413,3.166082335447381
2019-03-18,2019-03-18,0,253.6791076660156,0,0.0,40.09701674844777,,,40.09701674844777,30.09701674844777,0.0,3.009701674844777,-0.04097433923154026,334,138,29,0.8263473053892215,0.5483119906868452,0.0,3.166082335447381
2019-03-19,2019-03-19,0,253.7420959472656,0,0.0,40.09701674844777,,,40.09701674844777,30.09701674844777,0.0,3.009701674844777,-0.04097433923154026,334,138,29,0.8263473053892215,0.5476744186046512,0.0,3.166082335447381
2019-03-20,2019-03-20,1,252.978271484375,1,0.15842063440532853,-7.105427357601002e-15,2019-03-20,252.978271484375,40.07697825931811,30.09701674844777,-0.02003848912965906,3.0076978259318112,-0.04097433923154026,335,138,29,0.8263473053892215,0.5481997677119629,0.02003848912965906,3.18612082457704
2019-03-21,2019-03-21,0,255.8355712890625,0,0.0,40.509368690309394,,,40.509368690309394,30.509368690309394,0.0,3.0509368690309397,-0.04097433923154026,336,139,29,0.8273809523809523,0.5475638051044084,0.020264816753531468,3.2063856413305714
2019-03-22,2019-03-22,0,250.91168212890625,0,0.0,40.509368690309394,,,40.509368690309394,30.509368690309394,0.0,3.0509368690309397,-0.04097433923154026,336,139,29,0.8273809523809523,0.5469293163383546,0.0,3.2063856413305714
2019-03-25,2019-03-25,1,250.72311401367188,1,0.16148939553310354,0.0,2019-03-25,250.72311401367188,40.48912412824527,30.509368690309394,-0.020244562064122635,3.048912412824527,-0.04097433923154026,337,139,29,0.8273809523809523,0.5474537037037037,0.020244562064122635,3.226630203394694
2019-03-26,2019-03-26,0,252.5919647216797,0,0.0,40.77052823757336,,,40.77052823757336,30.77052823757336,0.0,3.0770528237573362,-0.04097433923154026,338,140,29,0.8284023668639053,0.5468208092485549,0.020395461849711534,3.2470256652444056
2019-03-27,2019-03-27,1,251.27114868164065,1,0.162176013341759,0.0,2019-03-27,251.27114868164065,40.75015316099286,30.77052823757336,-0.02037507658049643,3.075015316099286,-0.04097433923154026,339,140,29,0.8284023668639053,0.5473441108545035,0.02037507658049643,3.2674007418249023
2019-03-28,2019-03-28,1,252.22357177734372,1,0.162176013341759,0.0,2019-03-27,251.27114868164065,40.9046133416686,30.77052823757336,0.13408510409524488,3.09046133416686,-0.04097433923154026,339,140,29,0.8284023668639053,0.5478662053056517,0.0,3.2674007418249023
2019-03-29,2019-03-29,1,253.81402587890625,1,0.162176013341759,0.0,2019-03-27,251.27114868164065,41.16254684726306,30.77052823757336,0.39201860968970315,3.1162546847263055,-0.04097433923154026,339,140,29,0.8284023668639053,0.5483870967741935,0.0,3.2674007418249023
2019-04-01,2019-04-01,0,256.823974609375,0,0.0,41.629862988567204,,,41.629862988567204,31.629862988567204,0.0,3.162986298856721,-0.04097433923154026,340,141,29,0.8294117647058824,0.5477560414269275,0.020825344166366788,3.288226085991269
2019-04-02,2019-04-02,1,256.9497985839844,1,0.16193458289766888,-7.105427357601002e-15,2019-04-02,256.9497985839844,41.60905845933753,31.629862988567204,-0.02080452922966877,3.160905845933753,-0.04097433923154026,341,141,29,0.8294117647058824,0.5482758620689655,0.02080452922966877,3.3090306152209377
2019-04-03,2019-04-03,1,257.3540954589844,1,0.16193458289766888,-7.105427357601002e-15,2019-04-02,256.9497985839844,41.674528105157485,31.629862988567204,0.04466511659028363,3.1674528105157487,-0.04097433923154026,341,141,29,0.8294117647058824,0.5487944890929966,0.0,3.3090306152209377
2019-04-04,2019-04-04,1,258.03692626953125,1,0.16193458289766888,-7.105427357601002e-15,2019-04-02,256.9497985839844,41.785102027653075,31.629862988567204,0.15523903908587336,3.178510202765308,-0.04097433923154026,341,141,29,0.8294117647058824,0.5493119266055045,0.0,3.3090306152209377
2019-04-05,2019-04-05,1,259.2859802246094,1,0.16193458289766888,-7.105427357601002e-15,2019-04-02,256.9497985839844,41.98736705888533,31.629862988567204,0.35750407031813164,3.1987367058885336,-0.04097433923154026,341,141,29,0.8294117647058824,0.5498281786941581,0.0,3.3090306152209377
2019-04-08,2019-04-08,1,259.48358154296875,1,0.16193458289766888,-7.105427357601002e-15,2019-04-02,256.9497985839844,42.01936554595389,31.629862988567204,0.38950255738668754,3.201936554595389,-0.04097433923154026,341,141,29,0.8294117647058824,0.5503432494279176,0.0,3.3090306152209377
2019-04-09,2019-04-09,1,258.1538391113281,1,0.16193458289766888,-7.105427357601002e-15,2019-04-02,256.9497985839844,41.80403425992483,31.629862988567204,0.17417127135763202,3.180403425992483,-0.04097433923154026,341,141,29,0.8294117647058824,0.5508571428571428,0.0,3.3090306152209377
2019-04-10,2019-04-10,1,259.03436279296875,1,0.16193458289766888,-7.105427357601002e-15,2019-04-02,256.9497985839844,41.94662149504283,31.629862988567204,0.31675850647562537,3.194662149504283,-0.04097433923154026,341,141,29,0.8294117647058824,0.5513698630136986,0.0,3.3090306152209377
2019-04-11,2019-04-11,1,258.9625549316406,1,0.16193458289766888,-7.105427357601002e-15,2019-04-02,256.9497985839844,41.93499331896988,31.629862988567204,0.30513033040267895,3.193499331896988,-0.04097433923154026,341,141,29,0.8294117647058824,0.5518814139110604,0.0,3.3090306152209377
2019-04-12,2019-04-12,0,260.7145080566406,0,0.0,42.19758576996426,,,42.19758576996426,32.19758576996426,0.0,3.2197585769964263,-0.04097433923154026,342,142,29,0.8304093567251462,0.55125284738041,0.021109347558761517,3.330139962779699
2019-04-15,2019-04-15,0,260.5438842773437,0,0.0,42.19758576996426,,,42.19758576996426,32.19758576996426,0.0,3.2197585769964263,-0.04097433923154026,342,142,29,0.8304093567251462,0.5506257110352674,0.0,3.330139962779699
2019-04-16,2019-04-16,0,260.7145080566406,0,0.0,42.19758576996426,,,42.19758576996426,32.19758576996426,0.0,3.2197585769964263,-0.04097433923154026,342,142,29,0.8304093567251462,0.55,0.0,3.330139962779699
2019-04-17,2019-04-17,0,260.07672119140625,0,0.0,42.19758576996426,,,42.19758576996426,32.19758576996426,0.0,3.2197585769964263,-0.04097433923154026,342,142,29,0.8304093567251462,0.5493757094211124,0.0,3.330139962779699
2019-04-18,2019-04-18,0,260.5887756347656,0,0.0,42.19758576996426,,,42.19758576996426,32.19758576996426,0.0,3.2197585769964263,-0.04097433923154026,342,142,29,0.8304093567251462,0.5487528344671202,0.0,3.330139962779699
2019-04-22,2019-04-22,1,260.8134460449219,1,0.16171136174451406,7.105427357601002e-15,2019-04-22,260.8134460449219,42.176497521203665,32.19758576996426,-0.02108824876060183,3.2176497521203666,-0.04097433923154026,343,142,29,0.8304093567251462,0.549263873159683,0.02108824876060183,3.3512282115403007
2019-04-23,2019-04-23,1,263.1586303710937,1,0.16171136174451406,7.105427357601002e-15,2019-04-22,260.8134460449219,42.5557404721308,32.19758576996426,0.35815470216653394,3.25557404721308,-0.04097433923154026,343,142,29,0.8304093567251462,0.5497737556561086,0.0,3.3512282115403007
2019-04-24,2019-04-24,1,262.574462890625,1,0.16171136174451406,7.105427357601002e-15,2019-04-22,260.8134460449219,42.46127395337735,32.19758576996426,0.26368818341308425,3.2461273953377354,-0.04097433923154026,343,142,29,0.8304093567251462,0.5502824858757062,0.0,3.3512282115403007
2019-04-25,2019-04-25,1,262.4127502441406,1,0.16171136174451406,7.105427357601002e-15,2019-04-22,260.8134460449219,42.43512318110305,32.19758576996426,0.23753741113878518,3.243512318110305,-0.04097433923154026,343,142,29,0.8304093567251462,0.5507900677200903,0.0,3.3512282115403007
2019-04-26,2019-04-26,1,263.6347351074219,1,0.16171136174451406,7.105427357601002e-15,2019-04-22,260.8134460449219,42.632732017375446,32.19758576996426,0.4351462474111794,3.2632732017375448,-0.04097433923154026,343,142,29,0.8304093567251462,0.5512965050732808,0.0,3.3512282115403007
2019-04-29,2019-04-29,1,264.0480651855469,1,0.16171136174451406,7.105427357601002e-15,2019-04-22,260.8134460449219,42.699572187159006,32.19758576996426,0.50198641719474,3.2699572187159003,-0.04097433923154026,343,142,29,0.8304093567251462,0.5518018018018018,0.0,3.3512282115403007
2019-04-30,2019-04-30,0,264.1829528808594,0,0.0,42.70002436752055,,,42.70002436752055,32.70002436752055,0.0,3.270002436752055,-0.04097433923154026,344,143,29,0.8313953488372093,0.5511811023622047,0.021360692530025285,3.372588904070326
2019-05-01,2019-05-01,1,262.1971130371094,1,0.1627732835447644,0.0,2019-05-01,262.1971130371094,42.67868502500804,32.70002436752055,-0.021339342512504023,3.2678685025008045,-0.04097433923154026,345,143,29,0.8313953488372093,0.5516853932584269,0.021339342512504023,3.39392824658283
2019-05-02,2019-05-02,1,261.63104248046875,1,0.1627732835447644,0.0,2019-05-01,262.1971130371094,42.586543861785636,32.70002436752055,-0.11348050573491186,3.2586543861785637,-0.04097433923154026,345,143,29,0.8313953488372093,0.5521885521885522,0.0,3.39392824658283
2019-05-03,2019-05-03,1,264.19189453125,1,0.1627732835447644,0.0,2019-05-01,262.1971130371094,43.00338215876364,32.70002436752055,0.30335779124309503,3.300338215876364,-0.04097433923154026,345,143,29,0.8313953488372093,0.5526905829596412,0.0,3.39392824658283
2019-05-06,2019-05-06,1,263.1047058105469,1,0.1627732835447644,0.0,2019-05-01,262.1971130371094,42.82641688086196,32.70002436752055,0.12639251334141555,3.282641688086196,-0.04097433923154026,345,143,29,0.8313953488372093,0.5531914893617021,0.0,3.39392824658283
2019-05-07,2019-05-07,0,258.7108459472656,0,0.0,42.09015827653838,,,42.09015827653838,32.09015827653838,0.0,3.209015827653838,-0.04097433923154026,346,143,30,0.8265895953757225,0.5525727069351231,0.021055606941740062,3.41498385352457
2019-05-08,2019-05-08,0,258.3515319824219,0,0.0,42.09015827653838,,,42.09015827653838,32.09015827653838,0.0,3.209015827653838,-0.04097433923154026,346,143,30,0.8265895953757225,0.5519553072625698,0.0,3.41498385352457
2019-05-09,2019-05-09,1,257.5697326660156,1,0.16333100663357464,0.0,2019-05-09,257.5697326660156,42.06912371468104,32.09015827653838,-0.02103456185734052,3.2069123714681043,-0.04097433923154026,347,143,30,0.8265895953757225,0.5524553571428571,0.02103456185734052,3.4360184153819104
2019-05-10,2019-05-10,0,258.8636474609375,0,0.0,42.259319890573394,,,42.259319890573394,32.259319890573394,0.0,3.2259319890573392,-0.04097433923154026,348,144,30,0.8275862068965517,0.5518394648829431,0.021140230060316855,3.4571586454422274
2019-05-13,2019-05-13,0,252.35833740234372,0,0.0,42.259319890573394,,,42.259319890573394,32.259319890573394,0.0,3.2259319890573392,-0.04097433923154026,348,144,30,0.8275862068965517,0.5512249443207127,0.0,3.4571586454422274
2019-05-14,2019-05-14,0,254.640625,0,0.0,42.259319890573394,,,42.259319890573394,32.259319890573394,0.0,3.2259319890573392,-0.04097433923154026,348,144,30,0.8275862068965517,0.5506117908787542,0.0,3.4571586454422274
2019-05-15,2019-05-15,0,256.1321716308594,0,0.0,42.259319890573394,,,42.259319890573394,32.259319890573394,0.0,3.2259319890573392,-0.04097433923154026,348,144,30,0.8275862068965517,0.55,0.0,3.4571586454422274
2019-05-16,2019-05-16,0,258.5043029785156,0,0.0,42.259319890573394,,,42.259319890573394,32.259319890573394,0.0,3.2259319890573392,-0.04097433923154026,348,144,30,0.8275862068965517,0.5493895671476138,0.0,3.4571586454422274
2019-05-17,2019-05-17,0,256.8329467773437,0,0.0,42.259319890573394,,,42.259319890573394,32.259319890573394,0.0,3.2259319890573392,-0.04097433923154026,348,144,30,0.8275862068965517,0.5487804878048781,0.0,3.4571586454422274
2019-05-20,2019-05-20,1,255.13482666015625,1,0.16555247020995797,-7.105427357601002e-15,2019-05-20,255.13482666015625,42.238200790178304,32.259319890573394,-0.021119100395089158,3.2238200790178304,-0.04097433923154026,349,144,30,0.8275862068965517,0.5492801771871539,0.021119100395089158,3.4782777458373166
2019-05-21,2019-05-21,0,257.43505859375,0,0.0,42.597700363906156,,,42.597700363906156,32.597700363906156,0.0,3.2597700363906155,-0.04097433923154026,350,145,30,0.8285714285714286,0.5486725663716814,0.021309504934420295,3.4995872507717367
2019-05-22,2019-05-22,0,256.64422607421875,0,0.0,42.597700363906156,,,42.597700363906156,32.597700363906156,0.0,3.2597700363906155,-0.04097433923154026,350,145,30,0.8285714285714286,0.5480662983425414,0.0,3.4995872507717367
2019-05-23,2019-05-23,0,253.50851440429688,0,0.0,42.597700363906156,,,42.597700363906156,32.597700363906156,0.0,3.2597700363906155,-0.04097433923154026,350,145,30,0.8285714285714286,0.5474613686534217,0.0,3.4995872507717367
2019-05-24,2019-05-24,0,254.0835418701172,0,0.0,42.597700363906156,,,42.597700363906156,32.597700363906156,0.0,3.2597700363906155,-0.04097433923154026,350,145,30,0.8285714285714286,0.5468577728776185,0.0,3.4995872507717367
2019-05-28,2019-05-28,0,251.72044372558597,0,0.0,42.597700363906156,,,42.597700363906156,32.597700363906156,0.0,3.2597700363906155,-0.04097433923154026,350,145,30,0.8285714285714286,0.5462555066079295,0.0,3.4995872507717367
2019-05-29,2019-05-29,0,250.0311279296875,0,0.0,42.597700363906156,,,42.597700363906156,32.597700363906156,0.0,3.2597700363906155,-0.04097433923154026,350,145,30,0.8285714285714286,0.5456545654565457,0.0,3.4995872507717367
2019-05-30,2019-05-30,0,250.71414184570312,0,0.0,42.597700363906156,,,42.597700363906156,32.597700363906156,0.0,3.2597700363906155,-0.04097433923154026,350,145,30,0.8285714285714286,0.545054945054945,0.0,3.4995872507717367
2019-05-31,2019-05-31,0,247.3356475830078,0,0.0,42.597700363906156,,,42.597700363906156,32.597700363906156,0.0,3.2597700363906155,-0.04097433923154026,350,145,30,0.8285714285714286,0.544456641053787,0.0,3.4995872507717367
2019-06-03,2019-06-03,1,246.7067413330078,1,0.17257903828561003,0.0,2019-06-03,246.7067413330078,42.57641215782724,32.597700363906156,-0.021288206078913623,3.2576412157827246,-0.04097433923154026,351,145,30,0.8285714285714286,0.5449561403508771,0.021288206078913623,3.5208754568506504
2019-06-04,2019-06-04,1,252.06182861328125,1,0.17257903828561003,0.0,2019-06-03,246.7067413330078,43.500587970592335,32.597700363906156,0.902887606686179,3.3500587970592335,-0.04097433923154026,351,145,30,0.8285714285714286,0.5454545454545454,0.0,3.5208754568506504
2019-06-05,2019-06-05,1,254.24534606933597,1,0.17257903828561003,0.0,2019-06-03,246.7067413330078,43.877417313238105,32.597700363906156,1.2797169493319491,3.3877417313238105,-0.04097433923154026,351,145,30,0.8285714285714286,0.5459518599562363,0.0,3.5208754568506504
2019-06-06,2019-06-06,1,255.89849853515625,1,0.17257903828561003,0.0,2019-06-03,246.7067413330078,44.16271677592885,32.597700363906156,1.5650164120226937,3.416271677592885,-0.04097433923154026,351,145,30,0.8285714285714286,0.546448087431694,0.0,3.5208754568506504
2019-06-07,2019-06-07,0,258.4593200683594,0,0.0,44.58235856290345,,,44.58235856290345,34.58235856290345,0.0,3.4582358562903455,-0.04097433923154026,352,146,30,0.8295454545454546,0.5458515283842795,0.022302330446675064,3.5431777872973256
2019-06-10,2019-06-10,0,259.64532470703125,0,0.0,44.58235856290345,,,44.58235856290345,34.58235856290345,0.0,3.4582358562903455,-0.04097433923154026,352,146,30,0.8295454545454546,0.5452562704471101,0.0,3.5431777872973256
2019-06-11,2019-06-11,0,259.58251953125,0,0.0,44.58235856290345,,,44.58235856290345,34.58235856290345,0.0,3.4582358562903455,-0.04097433923154026,352,146,30,0.8295454545454546,0.5446623093681917,0.0,3.5431777872973256
2019-06-12,2019-06-12,1,259.1242370605469,1,0.1719641475036152,-7.105427357601002e-15,2019-06-12,259.1242370605469,44.56007852364163,34.58235856290345,-0.02228003926182082,3.456007852364163,-0.04097433923154026,353,146,30,0.8295454545454546,0.545157780195865,0.02228003926182082,3.5654578265591463
2019-06-13,2019-06-13,1,260.1934814453125,1,0.1719641475036152,-7.105427357601002e-15,2019-06-12,259.1242370605469,44.74395022274087,34.58235856290345,0.16159165983742158,3.474395022274087,-0.04097433923154026,353,146,30,0.8295454545454546,0.5456521739130434,0.0,3.5654578265591463
2019-06-14,2019-06-14,1,259.9059143066406,1,0.1719641475036152,-7.105427357601002e-15,2019-06-12,259.1242370605469,44.69449898488911,34.58235856290345,0.11214042198565893,3.469449898488911,-0.04097433923154026,353,146,30,0.8295454545454546,0.5461454940282302,0.0,3.5654578265591463
2019-06-17,2019-06-17,1,260.0047912597656,1,0.1719641475036152,-7.105427357601002e-15,2019-06-12,259.1242370605469,44.711502275841006,34.58235856290345,0.12914371293755694,3.4711502275841006,-0.04097433923154026,353,146,30,0.8295454545454546,0.5466377440347071,0.0,3.5654578265591463
2019-06-18,2019-06-18,0,262.7272644042969,0,0.0,45.15708021421719,,,45.15708021421719,35.15708021421719,0.0,3.5157080214217187,-0.04097433923154026,354,147,30,0.8305084745762712,0.5460455037919827,0.02258983502462091,3.5880476615837673
2019-06-19,2019-06-19,1,263.3203125,1,0.17140535999378445,0.0,2019-06-19,263.3203125,45.134512957738316,35.15708021421719,-0.022567256478869157,3.513451295773832,-0.04097433923154026,355,147,30,0.8305084745762712,0.5465367965367965,0.022567256478869157,3.6106149180626366
2019-06-20,2019-06-20,1,265.836181640625,1,0.17140535999378445,0.0,2019-06-19,263.3203125,45.5657464134844,35.15708021421719,0.40866619926721237,3.5565746413484396,-0.04097433923154026,355,147,30,0.8305084745762712,0.547027027027027,0.0,3.6106149180626366
2019-06-21,2019-06-21,0,265.4497375488281,0,0.0,45.47675807090008,,,45.47675807090008,35.47675807090008,0.0,3.547675807090008,-0.04097433923154026,356,148,30,0.8314606741573034,0.5464362850971922,0.022749753912406245,3.633364671975043
2019-06-24,2019-06-24,0,265.12469482421875,0,0.0,45.47675807090008,,,45.47675807090008,35.47675807090008,0.0,3.547675807090008,-0.04097433923154026,356,148,30,0.8314606741573034,0.5458468176914779,0.0,3.633364671975043
2019-06-25,2019-06-25,0,262.5244140625,0,0.0,45.47675807090008,,,45.47675807090008,35.47675807090008,0.0,3.547675807090008,-0.04097433923154026,356,148,30,0.8314606741573034,0.5452586206896551,0.0,3.633364671975043
2019-06-26,2019-06-26,0,262.26251220703125,0,0.0,45.47675807090008,,,45.47675807090008,35.47675807090008,0.0,3.547675807090008,-0.04097433923154026,356,148,30,0.8314606741573034,0.5446716899892358,0.0,3.633364671975043
2019-06-27,2019-06-27,1,263.1925354003906,1,0.17270258438836006,-7.105427357601002e-15,2019-06-27,263.1925354003906,45.4540310553724,35.47675807090008,-0.022727015527686203,3.5454031055372397,-0.04097433923154026,357,148,30,0.8314606741573034,0.5451612903225806,0.022727015527686203,3.6560916875027294
2019-06-28,2019-06-28,1,264.5468444824219,1,0.17270258438836006,-7.105427357601002e-15,2019-06-27,263.1925354003906,45.68792373389982,35.47675807090008,0.21116566299973916,3.5687923733899822,-0.04097433923154026,357,148,30,0.8314606741573034,0.5456498388829216,0.0,3.6560916875027294
2019-07-01,2019-07-01,1,266.9485778808594,1,0.17270258438836006,-7.105427357601002e-15,2019-06-27,263.1925354003906,46.102709298821814,35.47675807090008,0.6259512279217312,3.610270929882182,-0.04097433923154026,357,148,30,0.8314606741573034,0.546137339055794,0.0,3.6560916875027294
2019-07-02,2019-07-02,0,267.6437683105469,0,0.0,46.19965909742957,,,46.19965909742957,36.19965909742957,0.0,3.619965909742957,-0.04097433923154026,358,149,30,0.8324022346368715,0.5455519828510182,0.023111385241335457,3.6792030727440648
2019-07-03,2019-07-03,1,269.7835998535156,1,0.17116151922168749,-7.105427357601002e-15,2019-07-03,269.7835998535156,46.176570812023556,36.19965909742957,-0.023088285406011783,3.6176570812023554,-0.04097433923154026,359,149,30,0.8324022346368715,0.5460385438972163,0.023088285406011783,3.7022913581500765
2019-07-05,2019-07-05,0,269.4765930175781,0,0.0,46.10096104404526,,,46.10096104404526,36.10096104404526,0.0,3.6100961044045263,-0.04097433923154026,360,149,31,0.8277777777777777,0.5454545454545454,0.023062011527786527,3.725353369677863
2019-07-08,2019-07-08,0,267.9959411621094,0,0.0,46.10096104404526,,,46.10096104404526,36.10096104404526,0.0,3.6100961044045263,-0.04097433923154026,360,149,31,0.8277777777777777,0.5448717948717948,0.0,3.725353369677863
2019-07-09,2019-07-09,1,268.3299865722656,1,0.17172110605906593,0.0,2019-07-09,268.3299865722656,46.07792208300376,36.10096104404526,-0.023038961041501882,3.607792208300376,-0.04097433923154026,361,149,31,0.8277777777777777,0.5453575240128068,0.023038961041501882,3.748392330719365
2019-07-10,2019-07-10,1,269.6120300292969,1,0.17172110605906593,0.0,2019-07-09,268.3299865722656,46.298076003460956,36.10096104404526,0.19711495941569107,3.629807600346096,-0.04097433923154026,361,149,31,0.8277777777777777,0.5458422174840085,0.0,3.748392330719365
2019-07-11,2019-07-11,0,270.244140625,0,0.0,46.3834194227397,,,46.3834194227397,36.3834194227397,0.0,3.6383419422739696,-0.04097433923154026,362,150,31,0.8287292817679558,0.5452609158679447,0.023203311367053378,3.7715956420864187
2019-07-12,2019-07-12,0,271.4538879394531,0,0.0,46.3834194227397,,,46.3834194227397,36.3834194227397,0.0,3.6383419422739696,-0.04097433923154026,362,150,31,0.8287292817679558,0.5446808510638298,0.0,3.7715956420864187
2019-07-15,2019-07-15,0,271.5442199707031,0,0.0,46.3834194227397,,,46.3834194227397,36.3834194227397,0.0,3.6383419422739696,-0.04097433923154026,362,150,31,0.8287292817679558,0.5441020191285866,0.0,3.7715956420864187
2019-07-16,2019-07-16,0,270.6683959960937,0,0.0,46.3834194227397,,,46.3834194227397,36.3834194227397,0.0,3.6383419422739696,-0.04097433923154026,362,150,31,0.8287292817679558,0.5435244161358811,0.0,3.7715956420864187
2019-07-17,2019-07-17,1,268.82647705078125,1,0.17245414146587473,0.0,2019-07-17,268.82647705078125,46.36023930308816,36.3834194227397,-0.023180119651544078,3.6360239303088155,-0.04097433923154026,363,150,31,0.8287292817679558,0.5440084835630965,0.023180119651544078,3.794775761737963
2019-07-18,2019-07-18,0,269.8106994628906,0,0.0,46.50670754791287,,,46.50670754791287,36.50670754791287,0.0,3.650670754791287,-0.04097433923154026,364,151,31,0.8296703296703297,0.5434322033898306,0.023264986267089977,3.818040748005053
2019-07-19,2019-07-19,0,268.3118896484375,0,0.0,46.50670754791287,,,46.50670754791287,36.50670754791287,0.0,3.650670754791287,-0.04097433923154026,364,151,31,0.8296703296703297,0.5428571428571428,0.0,3.818040748005053
2019-07-22,2019-07-22,1,268.9709777832031,1,0.17281963354601076,0.0,2019-07-22,268.9709777832031,46.48346581500537,36.50670754791287,-0.023241732907502685,3.6483465815005367,-0.04097433923154026,365,151,31,0.8296703296703297,0.5433403805496829,0.023241732907502685,3.8412824809125556
2019-07-23,2019-07-23,0,270.8941650390625,0,0.0,46.792422416637436,,,46.792422416637436,36.792422416637436,0.0,3.6792422416637436,-0.04097433923154026,366,152,31,0.8306010928961749,0.542766631467793,0.023407915165901672,3.864690396078457
2019-07-24,2019-07-24,1,272.1672668457031,1,0.1718393193998706,0.0,2019-07-24,272.1672668457031,46.76903789768859,36.792422416637436,-0.023384518948844295,3.6769037897688595,-0.04097433923154026,367,152,31,0.8306010928961749,0.5432489451476793,0.023384518948844295,3.8880749150273015
2019-07-25,2019-07-25,1,270.8670654296875,1,0.1718393193998706,0.0,2019-07-24,272.1672668457031,46.54561217127772,36.792422416637436,-0.24681024535971774,3.654561217127772,-0.04097433923154026,367,152,31,0.8306010928961749,0.5437302423603794,0.0,3.8880749150273015
2019-07-26,2019-07-26,1,272.681884765625,1,0.1718393193998706,0.0,2019-07-24,272.1672668457031,46.85746949079894,36.792422416637436,0.06504707416150579,3.6857469490798938,-0.04097433923154026,367,152,31,0.8306010928961749,0.5442105263157895,0.0,3.8880749150273015
2019-07-29,2019-07-29,0,272.185302734375,0,0.0,46.74875110393648,,,46.74875110393648,36.74875110393648,0.0,3.674875110393648,-0.04097433923154026,368,152,32,0.8260869565217391,0.5436382754994742,0.02338606858626137,3.911460983613563
2019-07-30,2019-07-30,0,271.5170593261719,0,0.0,46.74875110393648,,,46.74875110393648,36.74875110393648,0.0,3.674875110393648,-0.04097433923154026,368,152,32,0.8260869565217391,0.5430672268907563,0.0,3.911460983613563
2019-07-31,2019-07-31,0,268.5466613769531,0,0.0,46.74875110393648,,,46.74875110393648,36.74875110393648,0.0,3.674875110393648,-0.04097433923154026,368,152,32,0.8260869565217391,0.5424973767051416,0.0,3.911460983613563
2019-08-01,2019-08-01,0,266.2081604003906,0,0.0,46.74875110393648,,,46.74875110393648,36.74875110393648,0.0,3.674875110393648,-0.04097433923154026,368,152,32,0.8260869565217391,0.5419287211740041,0.0,3.911460983613563
2019-08-02,2019-08-02,0,264.2037353515625,0,0.0,46.74875110393648,,,46.74875110393648,36.74875110393648,0.0,3.674875110393648,-0.04097433923154026,368,152,32,0.8260869565217391,0.5413612565445026,0.0,3.911460983613563
2019-08-05,2019-08-05,1,256.25836181640625,1,0.1823370292330502,-7.105427357601002e-15,2019-08-05,256.25836181640625,46.725388409731615,36.74875110393648,-0.02336269420486581,3.6725388409731616,-0.04097433923154026,369,152,32,0.8260869565217391,0.5418410041841004,0.02336269420486581,3.9348236778184287
2019-08-06,2019-08-06,0,259.8518371582031,0,0.0,47.35692172216299,,,47.35692172216299,37.35692172216299,0.0,3.7356921722162983,-0.04097433923154026,370,153,32,0.827027027027027,0.5412748171368861,0.02369030601408854,3.958513983832517
2019-08-07,2019-08-07,1,260.0053405761719,1,0.18204724175943915,7.105427357601002e-15,2019-08-07,260.0053405761719,47.33325509461568,37.35692172216299,-0.023666627547307837,3.733325509461568,-0.04097433923154026,371,153,32,0.827027027027027,0.5417536534446764,0.023666627547307837,3.982180611379825
2019-08-08,2019-08-08,1,265.1065979003906,1,0.18204724175943915,7.105427357601002e-15,2019-08-07,260.0053405761719,48.26192491999484,37.35692172216299,0.905003197831852,3.8261924919994836,-0.04097433923154026,371,153,32,0.827027027027027,0.5422314911366006,0.0,3.982180611379825
2019-08-09,2019-08-09,0,263.30084228515625,0,0.0,47.90922549490433,,,47.90922549490433,37.90922549490433,0.0,3.790922549490433,-0.04097433923154026,372,154,32,0.8279569892473119,0.5416666666666666,0.023966596045474898,4.0061472074252995
2019-08-12,2019-08-12,1,260.0956115722656,1,0.1841064620968164,-7.105427357601002e-15,2019-08-12,260.0956115722656,47.88528285347759,37.90922549490433,-0.0239426414267388,3.788528285347759,-0.04097433923154026,373,154,32,0.8279569892473119,0.5421436004162331,0.0239426414267388,4.030089848852039
2019-08-13,2019-08-13,0,264.1405029296875,0,0.0,48.605658504113094,,,48.605658504113094,38.605658504113094,0.0,3.8605658504113096,-0.04097433923154026,374,155,32,0.8288770053475936,0.5415800415800416,0.024314986745429267,4.054404835597468
2019-08-14,2019-08-14,0,256.33056640625,0,0.0,48.605658504113094,,,48.605658504113094,38.605658504113094,0.0,3.8605658504113096,-0.04097433923154026,374,155,32,0.8288770053475936,0.5410176531671859,0.0,4.054404835597468
2019-08-15,2019-08-15,1,257.0076904296875,1,0.18902690319881285,-7.105427357601002e-15,2019-08-15,257.0076904296875,48.58136782020299,38.605658504113094,-0.0242906839101015,3.858136782020299,-0.04097433923154026,375,155,32,0.8288770053475936,0.5414937759336099,0.0242906839101015,4.078695519507569
2019-08-16,2019-08-16,1,260.7997741699219,1,0.18902690319881285,-7.105427357601002e-15,2019-08-15,257.0076904296875,49.29817366629007,38.605658504113094,0.6925151621769753,3.929817366629007,-0.04097433923154026,375,155,32,0.8288770053475936,0.5419689119170984,0.0,4.078695519507569
2019-08-19,2019-08-19,0,263.9419250488281,0,0.0,49.86717865395499,,,49.86717865395499,39.86717865395499,0.0,3.986717865395499,-0.04097433923154026,376,156,32,0.8297872340425532,0.5414078674948241,0.024946062358156575,4.103641581865726
2019-08-20,2019-08-20,1,261.91949462890625,1,0.1902960968820213,-7.105427357601002e-15,2019-08-20,261.91949462890625,49.84225752519239,39.86717865395499,-0.0249211287625962,3.9842257525192384,-0.04097433923154026,377,156,32,0.8297872340425532,0.5418821096173733,0.0249211287625962,4.128562710628322
2019-08-21,2019-08-21,0,264.05029296875,0,0.0,50.22261626244109,,,50.22261626244109,40.22261626244109,0.0,4.022261626244109,-0.04097433923154026,378,157,32,0.8306878306878307,0.5413223140495868,0.025123870066253676,4.1536865806945755
2019-08-22,2019-08-22,0,263.96905517578125,0,0.0,50.22261626244109,,,50.22261626244109,40.22261626244109,0.0,4.022261626244109,-0.04097433923154026,378,157,32,0.8306878306878307,0.5407636738906089,0.0,4.1536865806945755
2019-08-23,2019-08-23,1,257.1882629394531,1,0.19517810389157098,-7.105427357601002e-15,2019-08-23,257.1882629394531,50.19751750368925,40.22261626244109,-0.025098758751844627,4.019751750368925,-0.04097433923154026,379,157,32,0.8306878306878307,0.5412371134020618,0.025098758751844627,4.17878533944642
2019-08-26,2019-08-26,0,260.03240966796875,0,0.0,50.72725635301567,,,50.72725635301567,40.72725635301567,0.0,4.072725635301567,-0.04097433923154026,380,158,32,0.8315789473684211,0.5406797116374872,0.025376316334675176,4.204161655781095
2019-08-27,2019-08-27,1,259.0121765136719,1,0.19575104955592396,7.105427357601002e-15,2019-08-27,259.0121765136719,50.70190540031551,40.72725635301567,-0.02535095270015775,4.070190540031551,-0.04097433923154026,381,158,32,0.8315789473684211,0.5411522633744856,0.02535095270015775,4.229512608481253
2019-08-28,2019-08-28,1,260.8359069824219,1,0.19575104955592396,7.105427357601002e-15,2019-08-27,259.0121765136719,51.05890255368044,40.72725635301567,0.3316462006647717,4.105890255368044,-0.04097433923154026,381,158,32,0.8315789473684211,0.5416238437821171,0.0,4.229512608481253
2019-08-29,2019-08-29,1,264.16766357421875,1,0.19575104955592396,7.105427357601002e-15,2019-08-27,259.0121765136719,51.71109740338955,40.72725635301567,0.9838410503738834,4.171109740338955,-0.04097433923154026,381,158,32,0.8315789473684211,0.5420944558521561,0.0,4.229512608481253
2019-08-30,2019-08-30,0,264.05029296875,0,0.0,51.66227792318993,,,51.66227792318993,41.66227792318993,0.0,4.166227792318994,-0.04097433923154026,382,159,32,0.8324607329842932,0.5415384615384615,0.02584406099209101,4.255356669473343
2019-09-03,2019-09-03,0,262.5062561035156,0,0.0,51.66227792318993,,,51.66227792318993,41.66227792318993,0.0,4.166227792318994,-0.04097433923154026,382,159,32,0.8324607329842932,0.5409836065573771,0.0,4.255356669473343
2019-09-04,2019-09-04,1,265.48590087890625,1,0.19449793575627863,0.0,2019-09-04,265.48590087890625,51.63645969334326,41.66227792318993,-0.02581822984667163,4.163645969334326,-0.04097433923154026,383,159,32,0.8324607329842932,0.5414534288638689,0.02581822984667163,4.281174899320015
2019-09-05,2019-09-05,1,268.89874267578125,1,0.19449793575627863,0.0,2019-09-04,265.48590087890625,52.3002503778982,41.66227792318993,0.6379724547082679,4.2300250377898205,-0.04097433923154026,383,159,32,0.8324607329842932,0.5419222903885481,0.0,4.281174899320015
2019-09-06,2019-09-06,1,269.1064758300781,1,0.19449793575627863,0.0,2019-09-04,265.48590087890625,52.340654047597084,41.66227792318993,0.6783761244071504,4.234065404759709,-0.04097433923154026,383,159,32,0.8324607329842932,0.5423901940755873,0.0,4.281174899320015
2019-09-09,2019-09-09,1,269.2418518066406,1,0.19449793575627863,0.0,2019-09-04,265.48590087890625,52.36698439558948,41.66227792318993,0.7047064723995495,4.236698439558948,-0.04097433923154026,383,159,32,0.8324607329842932,0.5428571428571428,0.0,4.281174899320015
2019-09-10,2019-09-10,1,269.1786804199219,1,0.19449793575627863,0.0,2019-09-04,265.48590087890625,52.35469769127382,41.66227792318993,0.6924197680838864,4.235469769127382,-0.04097433923154026,383,159,32,0.8324607329842932,0.5433231396534148,0.0,4.281174899320015
2019-09-11,2019-09-11,1,271.0927734375,1,0.19449793575627863,0.0,2019-09-04,265.48590087890625,52.726984832038276,41.66227792318993,1.0647069088483425,4.272698483203827,-0.04097433923154026,383,159,32,0.8324607329842932,0.5437881873727087,0.0,4.281174899320015
2019-09-12,2019-09-12,1,272.0318603515625,1,0.19449793575627863,0.0,2019-09-04,265.48590087890625,52.90963529831917,41.66227792318993,1.2473573751292326,4.290963529831917,-0.04097433923154026,383,159,32,0.8324607329842932,0.5442522889114955,0.0,4.281174899320015
2019-09-13,2019-09-13,1,271.85125732421875,1,0.19449793575627863,0.0,2019-09-04,265.48590087890625,52.87450838230947,41.66227792318993,1.2122304591195379,4.2874508382309475,-0.04097433923154026,383,159,32,0.8324607329842932,0.5447154471544715,0.0,4.281174899320015
2019-09-16,2019-09-16,1,271.01153564453125,1,0.19449793575627863,0.0,2019-09-04,265.48590087890625,52.71118424900045,41.66227792318993,1.0489063258105196,4.271118424900045,-0.04097433923154026,383,159,32,0.8324607329842932,0.5451776649746193,0.0,4.281174899320015
2019-09-17,2019-09-17,1,271.6976318359375,1,0.19449793575627863,0.0,2019-09-04,265.48590087890625,52.84462854195922,41.66227792318993,1.1823506187692834,4.2844628541959215,-0.04097433923154026,383,159,32,0.8324607329842932,0.5456389452332657,0.0,4.281174899320015
2019-09-18,2019-09-18,1,271.8602905273437,1,0.19449793575627863,0.0,2019-09-04,265.48590087890625,52.87626532167054,41.66227792318993,1.2139873984806036,4.287626532167054,-0.04097433923154026,383,159,32,0.8324607329842932,0.5460992907801419,0.0,4.281174899320015
2019-09-19,2019-09-19,0,271.8422241210937,0,0.0,52.846315067226904,,,52.846315067226904,42.846315067226904,0.0,4.2846315067226906,-0.04097433923154026,384,160,32,0.8333333333333334,0.5455465587044535,0.02643637572147419,4.307611275041489
2019-09-20,2019-09-20,0,270.5577392578125,0,0.0,52.846315067226904,,,52.846315067226904,42.846315067226904,0.0,4.2846315067226906,-0.04097433923154026,384,160,32,0.8333333333333334,0.544994944388271,0.0,4.307611275041489
2019-09-23,2019-09-23,1,270.4944152832031,1,0.19527170296424792,0.0,2019-09-23,270.4944152832031,52.81990511466957,42.846315067226904,-0.026409952557334783,4.281990511466956,-0.04097433923154026,385,160,32,0.8333333333333334,0.5454545454545454,0.026409952557334783,4.334021227598823
2019-09-24,2019-09-24,1,268.3717346191406,1,0.19527170296424792,0.0,2019-09-23,270.4944152832031,52.4054056465488,42.846315067226904,-0.4409094206781011,4.24054056465488,-0.04097433923154026,385,160,32,0.8333333333333334,0.5459132189707366,0.0,4.334021227598823
2019-09-25,2019-09-25,0,269.9590759277344,0,0.0,52.68901080281987,,,52.68901080281987,42.68901080281987,0.0,4.268901080281987,-0.04097433923154026,386,160,33,0.8290155440414507,0.5453629032258065,0.0263576842435317,4.360378911842355
2019-09-26,2019-09-26,1,269.3966979980469,1,0.19548376002541107,0.0,2019-09-26,269.3966979980469,52.66267946308833,42.68901080281987,-0.026331339731544168,4.266267946308833,-0.04097433923154026,387,160,33,0.8290155440414507,0.5458207452165156,0.026331339731544168,4.386710251573899
2019-09-27,2019-09-27,0,267.9455261230469,0,0.0,52.35280942905595,,,52.35280942905595,42.35280942905595,0.0,4.235280942905595,-0.04097433923154026,388,160,34,0.8247422680412371,0.545271629778672,0.026189499464260108,4.412899751038159
2019-09-30,2019-09-30,0,269.1881408691406,0,0.0,52.35280942905595,,,52.35280942905595,42.35280942905595,0.0,4.235280942905595,-0.04097433923154026,388,160,34,0.8247422680412371,0.5447236180904522,0.0,4.412899751038159
2019-10-01,2019-10-01,0,265.9862670898437,0,0.0,52.35280942905595,,,52.35280942905595,42.35280942905595,0.0,4.235280942905595,-0.04097433923154026,388,160,34,0.8247422680412371,0.5441767068273092,0.0,4.412899751038159
2019-10-02,2019-10-02,0,261.2876281738281,0,0.0,52.35280942905595,,,52.35280942905595,42.35280942905595,0.0,4.235280942905595,-0.04097433923154026,388,160,34,0.8247422680412371,0.5436308926780341,0.0,4.412899751038159
2019-10-03,2019-10-03,1,263.42828369140625,1,0.19863715988561478,0.0,2019-10-03,263.42828369140625,52.326646106002954,42.35280942905595,-0.026163323053001477,4.232664610600295,-0.04097433923154026,389,160,34,0.8247422680412371,0.5440881763527055,0.026163323053001477,4.439063074091161
2019-10-04,2019-10-04,0,266.99298095703125,0,0.0,53.00821008297537,,,53.00821008297537,43.00821008297537,0.0,4.300821008297537,-0.04097433923154026,390,161,34,0.8256410256410256,0.5435435435435435,0.026517363723349358,4.46558043781451
2019-10-07,2019-10-07,0,265.8410949707031,0,0.0,53.00821008297537,,,53.00821008297537,43.00821008297537,0.0,4.300821008297537,-0.04097433923154026,390,161,34,0.8256410256410256,0.543,0.0,4.46558043781451
2019-10-08,2019-10-08,0,261.7139892578125,0,0.0,53.00821008297537,,,53.00821008297537,43.00821008297537,0.0,4.300821008297537,-0.04097433923154026,390,161,34,0.8256410256410256,0.5424575424575424,0.0,4.46558043781451
2019-10-09,2019-10-09,0,264.1993408203125,0,0.0,53.00821008297537,,,53.00821008297537,43.00821008297537,0.0,4.300821008297537,-0.04097433923154026,390,161,34,0.8256410256410256,0.5419161676646707,0.0,4.46558043781451
2019-10-10,2019-10-10,1,265.9862670898437,1,0.19918967923809297,-7.105427357601002e-15,2019-10-10,265.9862670898437,52.98171922336368,43.00821008297537,-0.026490859611681846,4.298171922336368,-0.04097433923154026,391,161,34,0.8256410256410256,0.5423728813559322,0.026490859611681846,4.492071297426192
2019-10-11,2019-10-11,0,268.74365234375,0,0.0,53.504196426671314,,,53.504196426671314,43.504196426671314,0.0,4.3504196426671315,-0.04097433923154026,392,162,34,0.826530612244898,0.5418326693227091,0.02676548095381257,4.518836778380005
2019-10-14,2019-10-14,1,268.4443054199219,1,0.19921248697814145,-1.4210854715202004e-14,2019-10-14,268.4443054199219,53.4774576978224,43.504196426671314,-0.02673872884891121,4.34774576978224,-0.04097433923154026,393,162,34,0.826530612244898,0.5422885572139303,0.02673872884891121,4.545575507228916
2019-10-15,2019-10-15,1,271.10205078125,1,0.19921248697814145,-1.4210854715202004e-14,2019-10-14,268.4443054199219,54.00691376100719,43.504196426671314,0.5027173343358775,4.400691376100719,-0.04097433923154026,393,162,34,0.826530612244898,0.5427435387673957,0.0,4.545575507228916
2019-10-16,2019-10-16,0,270.66668701171875,0,0.0,53.893223769807825,,,53.893223769807825,43.893223769807825,0.0,4.3893223769807825,-0.04097433923154026,394,163,34,0.8274111675126904,0.5422045680238332,0.026960091930869352,4.572535599159785
2019-10-17,2019-10-17,0,271.4648132324219,0,0.0,53.893223769807825,,,53.893223769807825,43.893223769807825,0.0,4.3893223769807825,-0.04097433923154026,394,163,34,0.8274111675126904,0.5416666666666666,0.0,4.572535599159785
2019-10-18,2019-10-18,1,270.2765808105469,1,0.1993006218406089,0.0,2019-10-18,270.2765808105469,53.866290624495576,43.893223769807825,-0.02693314531224779,4.386629062449558,-0.04097433923154026,395,163,34,0.8274111675126904,0.5421209117938554,0.02693314531224779,4.599468744472033
2019-10-21,2019-10-21,0,272.10888671875,0,0.0,54.204354596236975,,,54.204354596236975,44.204354596236975,0.0,4.420435459623698,-0.04097433923154026,396,164,34,0.8282828282828283,0.5415841584158416,0.02711573516570134,4.626584479637734
2019-10-22,2019-10-22,1,271.2199401855469,1,0.19975399274180072,-1.4210854715202004e-14,2019-10-22,271.2199401855469,54.177265963255344,44.204354596236975,-0.02708863298162768,4.417726596325535,-0.04097433923154026,397,164,34,0.8282828282828283,0.5420375865479723,0.02708863298162768,4.653673112619362
2019-10-23,2019-10-23,0,272.009033203125,0,0.0,54.30772299893916,,,54.30772299893916,44.30772299893916,0.0,4.430772299893916,-0.04097433923154026,398,165,34,0.8291457286432161,0.541501976284585,0.02716744522208063,4.680840557841443
2019-10-24,2019-10-24,1,272.4535217285156,1,0.19922877987854704,-7.105427357601002e-15,2019-10-24,272.4535217285156,54.28058270758537,44.30772299893916,-0.027140291353792687,4.4280582707585365,-0.04097433923154026,399,165,34,0.8291457286432161,0.5419545903257651,0.027140291353792687,4.707980849195236
2019-10-25,2019-10-25,1,273.5692138671875,1,0.19922877987854704,-7.105427357601002e-15,2019-10-24,272.4535217285156,54.50286069109305,44.30772299893916,0.195137692153888,4.450286069109305,-0.04097433923154026,399,165,34,0.8291457286432161,0.5424063116370809,0.0,4.707980849195236
2019-10-28,2019-10-28,0,275.111328125,0,0.0,54.78268918599379,,,54.78268918599379,44.78268918599379,0.0,4.478268918599379,-0.04097433923154026,400,166,34,0.83,0.541871921182266,0.027405047116555174,4.735385896311791
2019-10-29,2019-10-29,1,275.029541015625,1,0.19908883725009713,-7.105427357601002e-15,2019-10-29,275.029541015625,54.755311530228674,44.78268918599379,-0.02737765576511434,4.475531153022867,-0.04097433923154026,401,166,34,0.83,0.5423228346456693,0.02737765576511434,4.762763552076906
2019-10-30,2019-10-30,1,275.8731689453125,1,0.19908883725009713,-7.105427357601002e-15,2019-10-29,275.029541015625,54.92326843382186,44.78268918599379,0.14057924782807193,4.492326843382186,-0.04097433923154026,401,166,34,0.83,0.5427728613569321,0.0,4.762763552076906
2019-10-31,2019-10-31,0,275.1384582519531,0,0.0,54.74960723829765,,,54.74960723829765,44.74960723829765,0.0,4.474960723829765,-0.04097433923154026,402,166,35,0.8258706467661692,0.5422396856581533,0.02738849786808287,4.7901520499449886
2019-11-01,2019-11-01,0,277.687255859375,0,0.0,54.74960723829765,,,54.74960723829765,44.74960723829765,0.0,4.474960723829765,-0.04097433923154026,402,166,35,0.8258706467661692,0.5417075564278705,0.0,4.7901520499449886
2019-11-04,2019-11-04,1,278.8030090332031,1,0.19627566540619032,0.0,2019-11-04,278.8030090332031,54.72224611524003,44.74960723829765,-0.027361123057620017,4.472224611524004,-0.04097433923154026,403,166,35,0.8258706467661692,0.542156862745098,0.027361123057620017,4.817513173002609
2019-11-05,2019-11-05,1,278.4945983886719,1,0.19627566540619032,0.0,2019-11-04,278.8030090332031,54.66171261076631,44.74960723829765,-0.08789462753134454,4.466171261076631,-0.04097433923154026,403,166,35,0.8258706467661692,0.5426052889324192,0.0,4.817513173002609
2019-11-06,2019-11-06,1,278.5580444335937,1,0.19627566540619032,0.0,2019-11-04,278.8030090332031,54.67416552545073,44.74960723829765,-0.07544171284692065,4.467416552545073,-0.04097433923154026,403,166,35,0.8258706467661692,0.5430528375733855,0.0,4.817513173002609
2019-11-07,2019-11-07,1,279.53759765625,1,0.19627566540619032,0.0,2019-11-04,278.8030090332031,54.86642798602838,44.74960723829765,0.11682074773072419,4.486642798602838,-0.04097433923154026,403,166,35,0.8258706467661692,0.5434995112414467,0.0,4.817513173002609
2019-11-08,2019-11-08,1,280.2270202636719,1,0.19627566540619032,0.0,2019-11-04,278.8030090332031,55.00174486704618,44.74960723829765,0.2521376287485247,4.500174486704617,-0.04097433923154026,403,166,35,0.8258706467661692,0.5439453125,0.0,4.817513173002609
2019-11-11,2019-11-11,1,279.6918640136719,1,0.19627566540619032,0.0,2019-11-04,278.8030090332031,54.89670671798115,44.74960723829765,0.14709947968349374,4.489670671798114,-0.04097433923154026,403,166,35,0.8258706467661692,0.5443902439024391,0.0,4.817513173002609
2019-11-12,2019-11-12,1,280.28143310546875,1,0.19627566540619032,0.0,2019-11-04,278.8030090332031,55.012424783776495,44.74960723829765,0.2628175454788427,4.50124247837765,-0.04097433923154026,403,166,35,0.8258706467661692,0.5448343079922028,0.0,4.817513173002609
2019-11-13,2019-11-13,1,280.3721618652344,1,0.19627566540619032,0.0,2019-11-04,278.8030090332031,55.03023263147097,44.74960723829765,0.2806253931733203,4.503023263147098,-0.04097433923154026,403,166,35,0.8258706467661692,0.5452775073028238,0.0,4.817513173002609
2019-11-14,2019-11-14,1,280.78033447265625,1,0.19627566540619032,0.0,2019-11-04,278.8030090332031,55.11034698159328,44.74960723829765,0.36073974329562836,4.511034698159328,-0.04097433923154026,403,166,35,0.8258706467661692,0.5457198443579766,0.0,4.817513173002609
2019-11-15,2019-11-15,0,282.8121643066406,0,0.0,55.48139116138359,,,55.48139116138359,45.48139116138359,0.0,4.548139116138359,-0.04097433923154026,404,167,35,0.8267326732673267,0.5451895043731778,0.02775457286712536,4.845267745869734
2019-11-18,2019-11-18,0,283.02081298828125,0,0.0,55.48139116138359,,,55.48139116138359,45.48139116138359,0.0,4.548139116138359,-0.04097433923154026,404,167,35,0.8267326732673267,0.5446601941747573,0.0,4.845267745869734
2019-11-19,2019-11-19,0,282.9390563964844,0,0.0,55.48139116138359,,,55.48139116138359,45.48139116138359,0.0,4.548139116138359,-0.04097433923154026,404,167,35,0.8267326732673267,0.5441319107662463,0.0,4.845267745869734
2019-11-20,2019-11-20,0,281.886962890625,0,0.0,55.48139116138359,,,55.48139116138359,45.48139116138359,0.0,4.548139116138359,-0.04097433923154026,404,167,35,0.8267326732673267,0.5436046511627907,0.0,4.845267745869734
2019-11-21,2019-11-21,1,281.4335327148437,1,0.19704000370633226,0.0,2019-11-21,281.4335327148437,55.45366432921898,45.48139116138359,-0.027726832164609493,4.545366432921898,-0.04097433923154026,405,167,35,0.8267326732673267,0.5440464666021297,0.027726832164609493,4.872994578034343
2019-11-22,2019-11-22,1,282.05938720703125,1,0.19704000370633226,0.0,2019-11-21,281.4335327148437,55.576982700679245,45.48139116138359,0.09559153929565509,4.557698270067925,-0.04097433923154026,405,167,35,0.8267326732673267,0.5444874274661509,0.0,4.872994578034343
2019-11-25,2019-11-25,1,284.2453308105469,1,0.19704000370633226,0.0,2019-11-21,281.4335327148437,56.0077010364178,45.48139116138359,0.5263098750342091,4.60077010364178,-0.04097433923154026,405,167,35,0.8267326732673267,0.5449275362318841,0.0,4.872994578034343
2019-11-26,2019-11-26,1,284.88934326171875,1,0.19704000370633226,0.0,2019-11-21,281.4335327148437,56.134597252183625,45.48139116138359,0.6532060908000342,4.6134597252183625,-0.04097433923154026,405,167,35,0.8267326732673267,0.5453667953667953,0.0,4.872994578034343
2019-11-27,2019-11-27,1,286.1592712402344,1,0.19704000370633226,0.0,2019-11-21,281.4335327148437,56.38482386577712,45.48139116138359,0.9034327043935316,4.638482386577712,-0.04097433923154026,405,167,35,0.8267326732673267,0.5458052073288332,0.0,4.872994578034343
2019-11-29,2019-11-29,1,285.09796142578125,1,0.19704000370633226,0.0,2019-11-21,281.4335327148437,56.17570337600371,45.48139116138359,0.69431221462012,4.617570337600371,-0.04097433923154026,405,167,35,0.8267326732673267,0.546242774566474,0.0,4.872994578034343
2019-12-02,2019-12-02,0,282.6762390136719,0,0.0,55.6706779193545,,,55.6706779193545,45.6706779193545,0.0,4.56706779193545,-0.04097433923154026,406,168,35,0.8275862068965517,0.5457170356111646,0.027849263591472988,4.900843841625816
2019-12-03,2019-12-03,0,280.78033447265625,0,0.0,55.6706779193545,,,55.6706779193545,45.6706779193545,0.0,4.56706779193545,-0.04097433923154026,406,168,35,0.8275862068965517,0.5451923076923076,0.0,4.900843841625816
2019-12-04,2019-12-04,0,282.5128173828125,0,0.0,55.6706779193545,,,55.6706779193545,45.6706779193545,0.0,4.56706779193545,-0.04097433923154026,406,168,35,0.8275862068965517,0.5446685878962536,0.0,4.900843841625816
2019-12-05,2019-12-05,1,283.02081298828125,1,0.1966034084334741,0.0,2019-12-05,283.02081298828125,55.64285649110895,45.6706779193545,-0.027821428245554475,4.564285649110895,-0.04097433923154026,407,168,35,0.8275862068965517,0.54510556621881,0.027821428245554475,4.928665269871371
2019-12-06,2019-12-06,1,285.60595703125,1,0.1966034084334741,0.0,2019-12-05,283.02081298828125,56.151104621248095,45.6706779193545,0.4804267018935895,4.615110462124809,-0.04097433923154026,407,168,35,0.8275862068965517,0.5455417066155321,0.0,4.928665269871371
2019-12-09,2019-12-09,0,284.7079772949219,0,0.0,55.946571465009605,,,55.946571465009605,45.946571465009605,0.0,4.5946571465009605,-0.04097433923154026,408,169,35,0.8284313725490197,0.5450191570881227,0.0279872793721909,4.956652549243562
2019-12-10,2019-12-10,1,284.39044189453125,1,0.196626200889227,0.0,2019-12-10,284.39044189453125,55.91861215893014,45.946571465009605,-0.02795930607946507,4.591861215893013,-0.04097433923154026,409,169,35,0.8284313725490197,0.5454545454545454,0.02795930607946507,4.984611855323027
2019-12-11,2019-12-11,1,285.1976928710937,1,0.196626200889227,0.0,2019-12-10,284.39044189453125,56.07733885161573,45.946571465009605,0.1307673866061253,4.607733885161573,-0.04097433923154026,409,169,35,0.8284313725490197,0.5458891013384322,0.0,4.984611855323027
2019-12-12,2019-12-12,1,287.6558837890625,1,0.196626200889227,0.0,2019-12-10,284.39044189453125,56.56068359287634,45.946571465009605,0.6141121278667344,4.656068359287634,-0.04097433923154026,409,169,35,0.8284313725490197,0.5463228271251194,0.0,4.984611855323027
2019-12-13,2019-12-13,1,287.82818603515625,1,0.196626200889227,0.0,2019-12-10,284.39044189453125,56.594562728930434,45.946571465009605,0.6479912639208311,4.659456272893044,-0.04097433923154026,409,169,35,0.8284313725490197,0.5467557251908397,0.0,4.984611855323027
2019-12-16,2019-12-16,1,289.8056335449219,1,0.196626200889227,0.0,2019-12-10,284.39044189453125,56.98338072023351,45.946571465009605,1.0368092552239092,4.698338072023351,-0.04097433923154026,409,169,35,0.8284313725490197,0.5471877979027645,0.0,4.984611855323027
2019-12-17,2019-12-17,1,289.8690490722656,1,0.196626200889227,0.0,2019-12-10,284.39044189453125,56.9958498744525,45.946571465009605,1.0492784094429,4.699584987445251,-0.04097433923154026,409,169,35,0.8284313725490197,0.5476190476190477,0.0,4.984611855323027
2019-12-18,2019-12-18,1,289.88720703125,1,0.196626200889227,0.0,2019-12-10,284.39044189453125,56.9994202049435,45.946571465009605,1.0528487399338944,4.699942020494349,-0.04097433923154026,409,169,35,0.8284313725490197,0.5480494766888677,0.0,4.984611855323027
2019-12-19,2019-12-19,0,291.07550048828125,0,0.0,57.20445329802461,,,57.20445329802461,47.20445329802461,0.0,4.720445329802461,-0.04097433923154026,410,170,35,0.8292682926829268,0.5475285171102662,0.02861653491647054,5.013228390239497
2019-12-20,2019-12-20,0,292.3515930175781,0,0.0,57.20445329802461,,,57.20445329802461,47.20445329802461,0.0,4.720445329802461,-0.04097433923154026,410,170,35,0.8292682926829268,0.5470085470085471,0.0,5.013228390239497
2019-12-23,2019-12-23,0,292.7983093261719,0,0.0,57.20445329802461,,,57.20445329802461,47.20445329802461,0.0,4.720445329802461,-0.04097433923154026,410,170,35,0.8292682926829268,0.5464895635673624,0.0,5.013228390239497
2019-12-24,2019-12-24,1,292.80743408203125,1,0.19526780644962682,0.0,2019-12-24,292.80743408203125,57.17586536534194,47.20445329802461,-0.028587932682670972,4.717586536534194,-0.04097433923154026,411,170,35,0.8292682926829268,0.5469194312796208,0.028587932682670972,5.041816322922168
2019-12-26,2019-12-26,1,294.3660583496094,1,0.19526780644962682,0.0,2019-12-24,292.80743408203125,57.48021450715108,47.20445329802461,0.2757612091264697,4.748021450715108,-0.04097433923154026,411,170,35,0.8292682926829268,0.5473484848484849,0.0,5.041816322922168
2019-12-27,2019-12-27,1,294.2930908203125,1,0.19526780644962682,0.0,2019-12-24,292.80743408203125,57.46596629776323,47.20445329802461,0.26151299973861836,4.746596629776323,-0.04097433923154026,411,170,35,0.8292682926829268,0.5477767265846736,0.0,5.041816322922168
2019-12-30,2019-12-30,1,292.670654296875,1,0.19526780644962682,0.0,2019-12-24,292.80743408203125,57.14915667672783,47.20445329802461,-0.05529662129678532,4.714915667672782,-0.04097433923154026,411,170,35,0.8292682926829268,0.5482041587901701,0.0,5.041816322922168
2019-12-31,2019-12-31,1,293.3815612792969,1,0.19526780644962682,0.0,2019-12-24,292.80743408203125,57.28797392377508,47.20445329802461,0.08352062575046441,4.7287973923775075,-0.04097433923154026,411,170,35,0.8292682926829268,0.5486307837582625,0.0,5.041816322922168
2020-01-02,2020-01-02,0,296.12530517578125,0,0.0,57.79482690651318,,,57.79482690651318,47.79482690651318,0.0,4.779482690651318,-0.04097433923154026,412,171,35,0.8300970873786407,0.5481132075471699,0.028911869387950564,5.070728192310119
2020-01-03,2020-01-03,1,293.8829650878906,1,0.1965610491144665,-7.105427357601002e-15,2020-01-03,293.8829650878906,57.76594393454591,47.79482690651318,-0.02888297196727296,4.776594393454591,-0.04097433923154026,413,171,35,0.8300970873786407,0.5485391140433553,0.02888297196727296,5.099611164277392
2020-01-06,2020-01-06,1,295.004150390625,1,0.1965610491144665,-7.105427357601002e-15,2020-01-03,293.8829650878906,57.9863252939031,47.79482690651318,0.19149838738991787,4.79863252939031,-0.04097433923154026,413,171,35,0.8300970873786407,0.5489642184557438,0.0,5.099611164277392
2020-01-07,2020-01-07,1,294.17462158203125,1,0.1965610491144665,-7.105427357601002e-15,2020-01-03,293.8829650878906,57.82327224101524,47.79482690651318,0.028445334502057,4.7823272241015236,-0.04097433923154026,413,171,35,0.8300970873786407,0.5493885230479775,0.0,5.099611164277392
2020-01-08,2020-01-08,1,295.7425231933594,1,0.1965610491144665,-7.105427357601002e-15,2020-01-03,293.8829650878906,58.13146062664615,47.79482690651318,0.3366337201329703,4.813146062664615,-0.04097433923154026,413,171,35,0.8300970873786407,0.549812030075188,0.0,5.099611164277392
2020-01-09,2020-01-09,0,297.7477722167969,0,0.0,58.49635167118958,,,58.49635167118958,48.49635167118958,0.0,4.849635167118958,-0.04097433923154026,414,172,35,0.8309178743961353,0.5492957746478874,0.0292628072392144,5.128873971516606
2020-01-10,2020-01-10,1,296.8908996582031,1,0.19693132453518794,-7.105427357601002e-15,2020-01-10,296.8908996582031,58.46711811213351,48.49635167118958,-0.02923355905606676,4.846711811213352,-0.04097433923154026,415,172,35,0.8309178743961353,0.549718574108818,0.02923355905606676,5.158107530572673
2020-01-13,2020-01-13,0,298.932861328125,0,0.0,58.839809706277094,,,58.839809706277094,48.839809706277094,0.0,4.883980970627709,-0.04097433923154026,416,173,35,0.8317307692307693,0.549203373945642,0.02943462216422066,5.187542152736894
2020-01-14,2020-01-14,1,298.47705078125,1,0.19703492898395888,-7.105427357601002e-15,2020-01-14,298.47705078125,58.81040450402508,48.839809706277094,-0.029405202252012545,4.881040450402508,-0.04097433923154026,417,173,35,0.8317307692307693,0.549625468164794,0.029405202252012545,5.216947354988906
2020-01-15,2020-01-15,1,299.15155029296875,1,0.19703492898395888,-7.105427357601002e-15,2020-01-14,298.47705078125,58.9433044674163,48.839809706277094,0.10349476113920503,4.8943304467416295,-0.04097433923154026,417,173,35,0.8317307692307693,0.5500467726847521,0.0,5.216947354988906
2020-01-16,2020-01-16,1,301.6400146484375,1,0.19703492898395888,-7.105427357601002e-15,2020-01-14,298.47705078125,59.433618864975195,48.839809706277094,0.5938091586981025,4.943361886497519,-0.04097433923154026,417,173,35,0.8317307692307693,0.5504672897196262,0.0,5.216947354988906
2020-01-17,2020-01-17,0,302.578857421875,0,0.0,59.588794382324465,,,59.588794382324465,49.588794382324465,0.0,4.958879438232446,-0.04097433923154026,418,174,35,0.8325358851674641,0.5499533146591971,0.02980930184208328,5.246756656830989
2020-01-21,2020-01-21,1,301.9863586425781,1,0.19722418967069721,0.0,2020-01-21,301.9863586425781,59.55901487488702,49.588794382324465,-0.02977950743744351,4.955901487488702,-0.04097433923154026,419,174,35,0.8325358851674641,0.5503731343283582,0.02977950743744351,5.276536164268433
2020-01-22,2020-01-22,0,302.0228271484375,0,0.0,59.53642424273043,,,59.53642424273043,49.53642424273043,0.0,4.953642424273044,-0.04097433923154026,420,174,36,0.8285714285714286,0.5498602050326188,0.02978310367320182,5.306319267941634
2020-01-23,2020-01-23,0,302.3692932128906,0,0.0,59.53642424273043,,,59.53642424273043,49.53642424273043,0.0,4.953642424273044,-0.04097433923154026,420,174,36,0.8285714285714286,0.5493482309124768,0.0,5.306319267941634
2020-01-24,2020-01-24,0,299.6800842285156,0,0.0,59.53642424273043,,,59.53642424273043,49.53642424273043,0.0,4.953642424273044,-0.04097433923154026,420,174,36,0.8285714285714286,0.5488372093023256,0.0,5.306319267941634
2020-01-27,2020-01-27,0,294.8764953613281,0,0.0,59.53642424273043,,,59.53642424273043,49.53642424273043,0.0,4.953642424273044,-0.04097433923154026,420,174,36,0.8285714285714286,0.5483271375464684,0.0,5.306319267941634
2020-01-28,2020-01-28,0,297.9665222167969,0,0.0,59.53642424273043,,,59.53642424273043,49.53642424273043,0.0,4.953642424273044,-0.04097433923154026,420,174,36,0.8285714285714286,0.5478180129990715,0.0,5.306319267941634
2020-01-29,2020-01-29,0,297.7204284667969,0,0.0,59.53642424273043,,,59.53642424273043,49.53642424273043,0.0,4.953642424273044,-0.04097433923154026,420,174,36,0.8285714285714286,0.5473098330241187,0.0,5.306319267941634
2020-01-30,2020-01-30,0,298.68670654296875,0,0.0,59.53642424273043,,,59.53642424273043,49.53642424273043,0.0,4.953642424273044,-0.04097433923154026,420,174,36,0.8285714285714286,0.5468025949953661,0.0,5.306319267941634
2020-01-31,2020-01-31,0,293.2632141113281,0,0.0,59.53642424273043,,,59.53642424273043,49.53642424273043,0.0,4.953642424273044,-0.04097433923154026,420,174,36,0.8285714285714286,0.5462962962962963,0.0,5.306319267941634
2020-02-03,2020-02-03,1,295.441650390625,1,0.20141598460676985,-1.4210854715202004e-14,2020-02-03,295.441650390625,59.50667090727679,49.53642424273043,-0.029753335453638403,4.950667090727679,-0.04097433923154026,421,174,36,0.8285714285714286,0.5467160037002775,0.029753335453638403,5.336072603395273
2020-02-04,2020-02-04,1,299.9446105957031,1,0.20141598460676985,-1.4210854715202004e-14,2020-02-03,295.441650390625,60.4136390706277,49.53642424273043,0.8772148278972721,5.04136390706277,-0.04097433923154026,421,174,36,0.8285714285714286,0.5471349353049908,0.0,5.336072603395273
2020-02-05,2020-02-05,1,303.4083251953125,1,0.20141598460676985,-1.4210854715202004e-14,2020-02-03,295.441650390625,61.11128655710487,49.53642424273043,1.5748623143744382,5.111128655710487,-0.04097433923154026,421,174,36,0.8285714285714286,0.5475530932594644,0.0,5.336072603395273
2020-02-06,2020-02-06,0,304.4292297363281,0,0.0,61.286254593897844,,,61.286254593897844,51.286254593897844,0.0,5.128625459389784,-0.04097433923154026,422,175,36,0.8293838862559242,0.5470479704797048,0.030658456525211535,5.366731059920484
2020-02-07,2020-02-07,0,302.8067932128906,0,0.0,61.286254593897844,,,61.286254593897844,51.286254593897844,0.0,5.128625459389784,-0.04097433923154026,422,175,36,0.8293838862559242,0.5465437788018433,0.0,5.366731059920484
2020-02-10,2020-02-10,0,305.0672912597656,0,0.0,61.286254593897844,,,61.286254593897844,51.286254593897844,0.0,5.128625459389784,-0.04097433923154026,422,175,36,0.8293838862559242,0.5460405156537753,0.0,5.366731059920484
2020-02-11,2020-02-11,0,305.595947265625,0,0.0,61.286254593897844,,,61.286254593897844,51.286254593897844,0.0,5.128625459389784,-0.04097433923154026,422,175,36,0.8293838862559242,0.5455381784728611,0.0,5.366731059920484
2020-02-12,2020-02-12,1,307.5649108886719,1,0.19916324851075115,0.0,2020-02-12,307.5649108886719,61.25562678050759,51.286254593897844,-0.030627813390253795,5.125562678050759,-0.04097433923154026,423,175,36,0.8293838862559242,0.5459558823529411,0.030627813390253795,5.397358873310738
2020-02-13,2020-02-13,0,307.2366943359375,0,0.0,61.15966297659718,,,61.15966297659718,51.15966297659718,0.0,5.115966297659718,-0.04097433923154026,424,175,37,0.8254716981132075,0.5454545454545454,0.030595129052825007,5.427954002363563
2020-02-14,2020-02-14,0,307.7289123535156,0,0.0,61.15966297659718,,,61.15966297659718,51.15966297659718,0.0,5.115966297659718,-0.04097433923154026,424,175,37,0.8254716981132075,0.544954128440367,0.0,5.427954002363563
2020-02-18,2020-02-18,0,306.9358215332031,0,0.0,61.15966297659718,,,61.15966297659718,51.15966297659718,0.0,5.115966297659718,-0.04097433923154026,424,175,37,0.8254716981132075,0.5444546287809349,0.0,5.427954002363563
2020-02-19,2020-02-19,0,308.4035339355469,0,0.0,61.15966297659718,,,61.15966297659718,51.15966297659718,0.0,5.115966297659718,-0.04097433923154026,424,175,37,0.8254716981132075,0.5439560439560439,0.0,5.427954002363563
2020-02-20,2020-02-20,1,307.136474609375,1,0.1990291075168758,0.0,2020-02-20,307.136474609375,61.12909842738349,51.15966297659718,-0.030564549213691745,5.112909842738349,-0.04097433923154026,425,175,37,0.8254716981132075,0.5443732845379688,0.030564549213691745,5.458518551577255
2020-02-21,2020-02-21,0,303.9735412597656,0,0.0,60.46933283436253,,,60.46933283436253,50.46933283436253,0.0,5.046933283436253,-0.04097433923154026,426,175,38,0.8215962441314554,0.5438756855575868,0.030249791312837688,5.488768342890093
2020-02-24,2020-02-24,0,293.8920593261719,0,0.0,60.46933283436253,,,60.46933283436253,50.46933283436253,0.0,5.046933283436253,-0.04097433923154026,426,175,38,0.8215962441314554,0.54337899543379,0.0,5.488768342890093
2020-02-25,2020-02-25,0,284.98651123046875,0,0.0,60.46933283436253,,,60.46933283436253,50.46933283436253,0.0,5.046933283436253,-0.04097433923154026,426,175,38,0.8215962441314554,0.5428832116788321,0.0,5.488768342890093
2020-02-26,2020-02-26,0,283.9382629394531,0,0.0,60.46933283436253,,,60.46933283436253,50.46933283436253,0.0,5.046933283436253,-0.04097433923154026,426,175,38,0.8215962441314554,0.5423883318140383,0.0,5.488768342890093
2020-02-27,2020-02-27,0,271.18609619140625,0,0.0,60.46933283436253,,,60.46933283436253,50.46933283436253,0.0,5.046933283436253,-0.04097433923154026,426,175,38,0.8215962441314554,0.5418943533697632,0.0,5.488768342890093
2020-02-28,2020-02-28,0,270.0466613769531,0,0.0,60.46933283436253,,,60.46933283436253,50.46933283436253,0.0,5.046933283436253,-0.04097433923154026,426,175,38,0.8215962441314554,0.5414012738853503,0.0,5.488768342890093
2020-03-02,2020-03-02,0,281.7415466308594,0,0.0,60.46933283436253,,,60.46933283436253,50.46933283436253,0.0,5.046933283436253,-0.04097433923154026,426,175,38,0.8215962441314554,0.5409090909090909,0.0,5.488768342890093
2020-03-03,2020-03-03,1,273.6745300292969,1,0.2208430330409398,-1.4210854715202004e-14,2020-03-03,273.6745300292969,60.43911327772367,50.46933283436253,-0.030219556638861843,5.043911327772367,-0.04097433923154026,427,175,38,0.8215962441314554,0.5413260672116258,0.030219556638861843,5.5189878995289545
2020-03-04,2020-03-04,0,285.17791748046875,0,0.0,62.948066474559205,,,62.948066474559205,52.948066474559205,0.0,5.29480664745592,-0.04097433923154026,428,176,38,0.822429906542056,0.5408348457350273,0.03148977812634278,5.550477677655297
2020-03-05,2020-03-05,0,275.6980895996094,0,0.0,62.948066474559205,,,62.948066474559205,52.948066474559205,0.0,5.29480664745592,-0.04097433923154026,428,176,38,0.822429906542056,0.5403445149592022,0.0,5.550477677655297
2020-03-06,2020-03-06,0,271.140625,0,0.0,62.948066474559205,,,62.948066474559205,52.948066474559205,0.0,5.29480664745592,-0.04097433923154026,428,176,38,0.822429906542056,0.5398550724637681,0.0,5.550477677655297
2020-03-09,2020-03-09,1,249.96592712402344,1,0.2517007373539242,0.0,2020-03-09,249.96592712402344,62.91660817047397,52.948066474559205,-0.031458304085236984,5.291660817047397,-0.04097433923154026,429,176,38,0.822429906542056,0.5402714932126697,0.031458304085236984,5.581935981740534
2020-03-10,2020-03-10,0,262.90045166015625,0,0.0,66.13915141477425,,,66.13915141477425,56.13915141477425,0.0,5.613915141477425,-0.04097433923154026,430,177,38,0.8232558139534883,0.5397830018083183,0.03308611876677051,5.615022100507304
2020-03-11,2020-03-11,0,250.08433532714844,0,0.0,66.13915141477425,,,66.13915141477425,56.13915141477425,0.0,5.613915141477425,-0.04097433923154026,430,177,38,0.8232558139534883,0.5392953929539296,0.0,5.615022100507304
2020-03-12,2020-03-12,0,226.1570281982422,0,0.0,66.13915141477425,,,66.13915141477425,56.13915141477425,0.0,5.613915141477425,-0.04097433923154026,430,177,38,0.8232558139534883,0.5388086642599278,0.0,5.615022100507304
2020-03-13,2020-03-13,1,245.49038696289065,1,0.2692818206994978,0.0,2020-03-13,245.49038696289065,66.10609836559145,56.13915141477425,-0.033053049182795724,5.610609836559145,-0.04097433923154026,431,177,38,0.8232558139534883,0.539224526600541,0.033053049182795724,5.6480751496901
2020-03-16,2020-03-16,1,218.62789916992188,1,0.2692818206994978,0.0,2020-03-13,245.49038696289065,58.872518744182784,56.13915141477425,-7.266632670591461,4.887251874418278,-0.10986885248981637,431,177,38,0.8232558139534883,0.5396396396396397,0.0,5.6480751496901
2020-03-17,2020-03-17,0,230.43206787109372,0,0.0,62.02014120048643,,,62.02014120048643,52.02014120048643,0.0,5.202014120048643,-0.10986885248981637,432,177,39,0.8194444444444444,0.5391539153915391,0.031025583391939185,5.679100733082039
2020-03-18,2020-03-18,0,218.7646484375,0,0.0,62.02014120048643,,,62.02014120048643,52.02014120048643,0.0,5.202014120048643,-0.10986885248981637,432,177,39,0.8194444444444444,0.5386690647482014,0.0,5.679100733082039
2020-03-19,2020-03-19,1,219.2295379638672,1,0.28275909899235263,-7.105427357601002e-15,2020-03-19,219.2295379638672,61.98914662717284,52.02014120048643,-0.030994573313586425,5.198914662717284,-0.10986885248981637,433,177,39,0.8194444444444444,0.5390835579514824,0.030994573313586425,5.710095306395625
2020-03-20,2020-03-20,0,209.781982421875,0,0.0,59.28810545227171,,,59.28810545227171,49.28810545227171,0.0,4.92881054522717,-0.10986885248981637,434,177,40,0.815668202764977,0.5385996409335727,0.02965888216721947,5.739754188562845
2020-03-23,2020-03-23,1,204.4182281494141,1,0.2898884152877561,-7.105427357601002e-15,2020-03-23,204.4182281494141,59.258476214164624,49.28810545227171,-0.029629238107082317,4.925847621416462,-0.10986885248981637,435,177,40,0.815668202764977,0.5390134529147982,0.029629238107082317,5.769383426669927
2020-03-24,2020-03-24,1,222.9391632080078,1,0.2898884152877561,-7.105427357601002e-15,2020-03-23,204.4182281494141,64.62748072794781,49.28810545227171,5.339375275676099,5.462748072794781,-0.10986885248981637,435,177,40,0.815668202764977,0.5394265232974911,0.0,5.769383426669927
2020-03-25,2020-03-25,1,226.27664184570312,1,0.2898884152877561,-7.105427357601002e-15,2020-03-23,204.4182281494141,65.59497712128604,49.28810545227171,6.306871669014322,5.5594977121286036,-0.10986885248981637,435,177,40,0.815668202764977,0.5398388540734109,0.0,5.769383426669927
2020-03-26,2020-03-26,0,239.4888916015625,0,0.0,69.39034273776545,,,69.39034273776545,59.39034273776546,0.0,5.939034273776545,-0.10986885248981637,436,178,40,0.8165137614678899,0.539355992844365,0.03471252763269908,5.8040959543026265
2020-03-27,2020-03-27,0,232.3555450439453,0,0.0,69.39034273776545,,,69.39034273776545,59.39034273776546,0.0,5.939034273776545,-0.10986885248981637,436,178,40,0.8165137614678899,0.5388739946380697,0.0,5.8040959543026265
2020-03-30,2020-03-30,0,239.9014587402344,0,0.0,69.39034273776545,,,69.39034273776545,59.39034273776546,0.0,5.939034273776545,-0.10986885248981637,436,178,40,0.8165137614678899,0.5383928571428571,0.0,5.8040959543026265
2020-03-31,2020-03-31,0,236.32562255859372,0,0.0,69.39034273776545,,,69.39034273776545,59.39034273776546,0.0,5.939034273776545,-0.10986885248981637,436,178,40,0.8165137614678899,0.5379125780553078,0.0,5.8040959543026265
2020-04-01,2020-04-01,1,225.6898193359375,1,0.3073052435833512,-1.4210854715202004e-14,2020-04-01,225.6898193359375,69.35566490531279,59.39034273776546,-0.034677832452656404,5.935566490531279,-0.10986885248981637,437,178,40,0.8165137614678899,0.5383244206773619,0.034677832452656404,5.838773786755283
2020-04-02,2020-04-02,1,230.89776611328125,1,0.3073052435833512,-1.4210854715202004e-14,2020-04-01,225.6898193359375,70.95609425829353,59.39034273776546,1.5657515205280834,6.095609425829354,-0.10986885248981637,437,178,40,0.8165137614678899,0.5387355298308103,0.0,5.838773786755283
2020-04-03,2020-04-03,1,227.56028747558597,1,0.3073052435833512,-1.4210854715202004e-14,2020-04-01,225.6898193359375,69.93046957258235,59.39034273776546,0.5401268348169044,5.993046957258235,-0.10986885248981637,437,178,40,0.8165137614678899,0.5391459074733096,0.0,5.838773786755283
2020-04-06,2020-04-06,1,242.8446350097656,1,0.3073052435833512,-1.4210854715202004e-14,2020-04-01,225.6898193359375,74.62742971458601,59.39034273776546,5.2370869768205655,6.462742971458601,-0.10986885248981637,437,178,40,0.8165137614678899,0.5395555555555556,0.0,5.838773786755283
2020-04-07,2020-04-07,1,243.0921936035156,1,0.3073052435833512,-1.4210854715202004e-14,2020-04-01,225.6898193359375,74.70350576853951,59.39034273776546,5.313163030774065,6.470350576853951,-0.10986885248981637,437,178,40,0.8165137614678899,0.5399644760213144,0.0,5.838773786755283
2020-04-08,2020-04-08,0,251.2524871826172,0,0.0,77.17260117118971,,,77.17260117118971,67.17260117118971,0.0,6.717260117118971,-0.10986885248981637,438,179,40,0.817351598173516,0.5394853593611357,0.0386056033872885,5.877379390142571
2020-04-09,2020-04-09,1,255.0757751464844,1,0.30239654906396457,-1.4210854715202004e-14,2020-04-09,255.0757751464844,77.13403415411265,67.17260117118971,-0.038567017077056336,6.713403415411266,-0.10986885248981637,439,179,40,0.817351598173516,0.5398936170212766,0.038567017077056336,5.915946407219628
2020-04-13,2020-04-13,0,252.74696350097656,0,0.0,76.39159464431656,,,76.39159464431656,66.39159464431656,0.0,6.639159464431655,-0.10986885248981637,440,179,41,0.8136363636363636,0.5394154118689105,0.03821490477454556,5.954161311994174
2020-04-14,2020-04-14,0,260.201171875,0,0.0,76.39159464431656,,,76.39159464431656,66.39159464431656,0.0,6.639159464431655,-0.10986885248981637,440,179,41,0.8136363636363636,0.5389380530973451,0.0,5.954161311994174
2020-04-15,2020-04-15,0,254.67242431640625,0,0.0,76.39159464431656,,,76.39159464431656,66.39159464431656,0.0,6.639159464431655,-0.10986885248981637,440,179,41,0.8136363636363636,0.5384615384615384,0.0,5.954161311994174
2020-04-16,2020-04-16,1,255.9009552001953,1,0.29837097667578616,1.4210854715202004e-14,2020-04-16,255.9009552001953,76.35341793534889,66.39159464431656,-0.03817670896767444,6.635341793534889,-0.10986885248981637,441,179,41,0.8136363636363636,0.5388692579505301,0.03817670896767444,5.992338020961848
2020-04-17,2020-04-17,0,262.8143920898437,0,0.0,78.37697875887353,,,78.37697875887353,68.37697875887353,0.0,6.837697875887353,-0.10986885248981637,442,180,41,0.8144796380090498,0.5383936451897617,0.03920809342614984,6.031546114387998
2020-04-20,2020-04-20,0,258.1839599609375,0,0.0,78.37697875887353,,,78.37697875887353,68.37697875887353,0.0,6.837697875887353,-0.10986885248981637,442,180,41,0.8144796380090498,0.5379188712522046,0.0,6.031546114387998
2020-04-21,2020-04-21,1,250.34474182128903,1,0.3129197333406297,1.4210854715202004e-14,2020-04-21,250.34474182128903,78.33780985394657,68.37697875887353,-0.03916890492697328,6.8337809853946565,-0.10986885248981637,443,180,41,0.8144796380090498,0.5383259911894274,0.03916890492697328,6.070715019314972
2020-04-22,2020-04-22,1,255.9009552001953,1,0.3129197333406297,1.4210854715202004e-14,2020-04-21,250.34474182128903,80.07645866285756,68.37697875887353,1.6994799039840214,7.007645866285756,-0.10986885248981637,443,180,41,0.8144796380090498,0.5387323943661971,0.0,6.070715019314972
2020-04-23,2020-04-23,1,255.8826904296875,1,0.3129197333406297,1.4210854715202004e-14,2020-04-21,250.34474182128903,80.07074325574074,68.37697875887353,1.6937644968671972,7.007074325574074,-0.10986885248981637,443,180,41,0.8144796380090498,0.5391380826737028,0.0,6.070715019314972
2020-04-24,2020-04-24,1,259.4492492675781,1,0.3129197333406297,1.4210854715202004e-14,2020-04-21,250.34474182128903,81.18678989623713,68.37697875887353,2.8098111373635897,7.118678989623714,-0.10986885248981637,443,180,41,0.8144796380090498,0.539543057996485,0.0,6.070715019314972
2020-04-27,2020-04-27,1,263.1902160644531,1,0.3129197333406297,1.4210854715202004e-14,2020-04-21,250.34474182128903,82.35741222875141,68.37697875887353,3.980433469877874,7.235741222875141,-0.10986885248981637,443,180,41,0.8144796380090498,0.5399473222124671,0.0,6.070715019314972
2020-04-28,2020-04-28,1,261.9799499511719,1,0.3129197333406297,1.4210854715202004e-14,2020-04-21,250.34474182128903,81.97869607931224,68.37697875887353,3.601717320438703,7.197869607931224,-0.10986885248981637,443,180,41,0.8144796380090498,0.5403508771929825,0.0,6.070715019314972
2020-04-29,2020-04-29,0,268.838134765625,0,0.0,84.08269506393034,,,84.08269506393034,74.08269506393034,0.0,7.408269506393035,-0.10986885248981637,444,181,41,0.8153153153153153,0.5398773006134969,0.04206237872132583,6.112777398036298
2020-04-30,2020-04-30,0,266.3350524902344,0,0.0,84.08269506393034,,,84.08269506393034,74.08269506393034,0.0,7.408269506393035,-0.10986885248981637,444,181,41,0.8153153153153153,0.5394045534150613,0.0,6.112777398036298
2020-05-01,2020-05-01,0,259.2843017578125,0,0.0,84.08269506393034,,,84.08269506393034,74.08269506393034,0.0,7.408269506393035,-0.10986885248981637,444,181,41,0.8153153153153153,0.5389326334208224,0.0,6.112777398036298
2020-05-04,2020-05-04,1,259.9994812011719,1,0.3232340093076627,0.0,2020-05-04,259.9994812011719,84.04067472656706,74.08269506393034,-0.04202033736328353,7.404067472656706,-0.10986885248981637,445,181,41,0.8153153153153153,0.5393356643356644,0.04202033736328353,6.1547977353995815
2020-05-05,2020-05-05,1,262.4017639160156,1,0.3232340093076627,0.0,2020-05-04,259.9994812011719,84.8171741999765,74.08269506393034,0.7344791360461609,7.481717419997651,-0.10986885248981637,445,181,41,0.8153153153153153,0.5397379912663756,0.0,6.1547977353995815
2020-05-06,2020-05-06,1,260.6229553222656,1,0.3232340093076627,0.0,2020-05-04,259.9994812011719,84.24220276642777,74.08269506393034,0.15950770249742113,7.424220276642776,-0.10986885248981637,445,181,41,0.8153153153153153,0.5401396160558464,0.0,6.1547977353995815
2020-05-07,2020-05-07,1,263.767822265625,1,0.3232340093076627,0.0,2020-05-04,259.9994812011719,85.25873071726896,74.08269506393034,1.1760356533386154,7.525873071726895,-0.10986885248981637,445,181,41,0.8153153153153153,0.5405405405405406,0.0,6.1547977353995815
2020-05-08,2020-05-08,1,268.13214111328125,1,0.3232340093076627,0.0,2020-05-04,259.9994812011719,86.66942699629388,74.08269506393034,2.586731932363534,7.666942699629388,-0.10986885248981637,445,181,41,0.8153153153153153,0.5409407665505227,0.0,6.1547977353995815
2020-05-11,2020-05-11,1,268.1872863769531,1,0.3232340093076627,0.0,2020-05-04,259.9994812011719,86.68725182096487,74.08269506393034,2.6045567570345294,7.6687251820964875,-0.10986885248981637,445,181,41,0.8153153153153153,0.5413402959094865,0.0,6.1547977353995815
2020-05-12,2020-05-12,0,262.84185791015625,0,0.0,84.91694783240172,,,84.91694783240172,74.91694783240172,0.0,7.491694783240172,-0.10986885248981637,446,182,41,0.8161434977578476,0.5408695652173913,0.0424797137730874,6.1972774491726685
2020-05-13,2020-05-13,1,258.1932373046875,1,0.32872476236453413,-1.4210854715202004e-14,2020-05-13,258.1932373046875,84.87451057711316,74.91694783240172,-0.04243725528855659,7.487451057711315,-0.10986885248981637,447,182,41,0.8161434977578476,0.5412684622067767,0.04243725528855659,6.239714704461226
2020-05-14,2020-05-14,0,261.2831115722656,0,0.0,85.84728364707833,,,85.84728364707833,75.84728364707833,0.0,7.584728364707832,-0.10986885248981637,448,183,41,0.8169642857142857,0.5407986111111112,0.04294511438072954,6.282659818841955
2020-05-15,2020-05-15,1,262.4842224121094,1,0.32689348208378893,1.4210854715202004e-14,2020-05-15,262.4842224121094,85.80438145635016,75.84728364707833,-0.042902190728175076,7.580438145635016,-0.10986885248981637,449,183,41,0.8169642857142857,0.5411968777103209,0.042902190728175076,6.32556200957013
2020-05-18,2020-05-18,0,270.4793701171875,0,0.0,88.37373415787265,,,88.37373415787265,78.37373415787265,0.0,7.837373415787265,-0.10986885248981637,450,184,41,0.8177777777777778,0.5407279029462738,0.044208971564718674,6.369770981134849
2020-05-19,2020-05-19,1,267.7013244628906,1,0.32995566813279065,1.4210854715202004e-14,2020-05-19,267.7013244628906,88.32956937318606,78.37373415787265,-0.044164784686593024,7.832956937318606,-0.10986885248981637,451,184,41,0.8177777777777778,0.5411255411255411,0.044164784686593024,6.413935765821442
2020-05-20,2020-05-20,1,272.2489929199219,1,0.32995566813279065,1.4210854715202004e-14,2020-05-19,267.7013244628906,89.83009835737222,78.37373415787265,1.456364199499568,7.983009835737223,-0.10986885248981637,451,184,41,0.8177777777777778,0.5415224913494809,0.0,6.413935765821442
2020-05-21,2020-05-21,1,270.3693542480469,1,0.32995566813279065,1.4210854715202004e-14,2020-05-19,267.7013244628906,89.20990092354548,78.37373415787265,0.8361667656728219,7.920990092354547,-0.10986885248981637,451,184,41,0.8177777777777778,0.5419187554019015,0.0,6.413935765821442
2020-05-22,2020-05-22,1,270.8828430175781,1,0.32995566813279065,1.4210854715202004e-14,2020-05-19,267.7013244628906,89.37932945357485,78.37373415787265,1.0055952957022003,7.937932945357485,-0.10986885248981637,451,184,41,0.8177777777777778,0.542314335060449,0.0,6.413935765821442
2020-05-26,2020-05-26,1,274.2203063964844,1,0.32995566813279065,1.4210854715202004e-14,2020-05-19,267.7013244628906,90.48054441263058,78.37373415787265,2.106810254757925,8.048054441263059,-0.10986885248981637,451,184,41,0.8177777777777778,0.542709232096635,0.0,6.413935765821442
2020-05-27,2020-05-27,1,278.3004455566406,1,0.32995566813279065,1.4210854715202004e-14,2020-05-19,267.7013244628906,91.8268094552947,78.37373415787265,3.4530752974220396,8.18268094552947,-0.10986885248981637,451,184,41,0.8177777777777778,0.5431034482758621,0.0,6.413935765821442
2020-05-28,2020-05-28,0,277.78692626953125,0,0.0,91.61154217038954,,,91.61154217038954,81.61154217038954,0.0,8.161154217038954,-0.10986885248981637,452,185,41,0.8185840707964602,0.5426356589147286,0.045828685427908716,6.459764451249351
2020-05-29,2020-05-29,1,279.024658203125,1,0.32816368230827087,-1.4210854715202004e-14,2020-05-29,279.024658203125,91.56575929074417,81.61154217038954,-0.045782879645372095,8.156575929074418,-0.10986885248981637,453,185,41,0.8185840707964602,0.5430292598967298,0.045782879645372095,6.505547330894723
2020-06-01,2020-06-01,0,280.1524353027344,0,0.0,91.88988684918662,,,91.88988684918662,81.88988684918662,0.0,8.188988684918662,-0.10986885248981637,454,186,41,0.8193832599118943,0.5425623387790198,0.04596792738828746,6.55151525828301
2020-06-02,2020-06-02,1,282.4721374511719,1,0.32514344846712323,0.0,2020-06-02,282.4721374511719,91.84396486675325,81.88988684918662,-0.045921982433376626,8.184396486675325,-0.10986885248981637,455,186,41,0.8193832599118943,0.5429553264604811,0.045921982433376626,6.597437240716387
2020-06-03,2020-06-03,1,286.2313842773437,1,0.32514344846712323,0.0,2020-06-02,282.4721374511719,93.06625934345385,81.88988684918662,1.1763724942672205,8.306625934345385,-0.10986885248981637,455,186,41,0.8193832599118943,0.5433476394849786,0.0,6.597437240716387
2020-06-04,2020-06-04,1,285.47955322265625,1,0.32514344846712323,0.0,2020-06-02,282.4721374511719,92.8218064016681,81.88988684918662,0.931919552481468,8.28218064016681,-0.10986885248981637,455,186,41,0.8193832599118943,0.5437392795883362,0.0,6.597437240716387
2020-06-05,2020-06-05,1,292.79620361328125,1,0.32514344846712323,0.0,2020-06-02,282.4721374511719,95.20076734090424,81.88988684918662,3.310880491717605,8.520076734090424,-0.10986885248981637,455,186,41,0.8193832599118943,0.5441302485004285,0.0,6.597437240716387
2020-06-08,2020-06-08,0,296.3353881835937,0,0.0,96.30333426184882,,,96.30333426184882,86.30333426184882,0.0,8.630333426184881,-0.10986885248981637,456,187,41,0.8201754385964912,0.5436643835616438,0.048175755008428627,6.645612995724815
2020-06-09,2020-06-09,1,294.12579345703125,1,0.32725863830973895,-1.4210854715202004e-14,2020-06-09,294.12579345703125,96.25520665851955,86.30333426184882,-0.048127603329259784,8.625520665851955,-0.10986885248981637,457,187,41,0.8201754385964912,0.544054747647562,0.048127603329259784,6.693740599054075
2020-06-10,2020-06-10,0,292.4844970703125,0,0.0,95.6702191988203,,,95.6702191988203,85.6702191988203,0.0,8.56702191988203,-0.10986885248981637,458,187,42,0.8165938864628821,0.5435897435897435,0.047859039118969646,6.741599638173044
2020-06-11,2020-06-11,0,275.6230773925781,0,0.0,95.6702191988203,,,95.6702191988203,85.6702191988203,0.0,8.56702191988203,-0.10986885248981637,458,187,42,0.8165938864628821,0.5431255337318531,0.0,6.741599638173044
2020-06-12,2020-06-12,1,278.923828125,1,0.3428262426972342,0.0,2020-06-12,278.923828125,95.6224079948229,85.6702191988203,-0.04781120399741145,8.56224079948229,-0.10986885248981637,459,187,42,0.8165938864628821,0.5435153583617748,0.04781120399741145,6.789410842170455
2020-06-15,2020-06-15,1,281.5278015136719,1,0.3428262426972342,0.0,2020-06-12,278.923828125,96.51511840774485,85.6702191988203,0.8448992089245457,8.651511840774486,-0.10986885248981637,459,187,42,0.8165938864628821,0.5439045183290707,0.0,6.789410842170455
2020-06-16,2020-06-16,0,286.94659423828125,0,0.0,98.32363634609905,,,98.32363634609905,88.32363634609905,0.0,8.832363634609905,-0.10986885248981637,460,188,42,0.8173913043478261,0.5434412265758092,0.049186411378738894,6.838597253549194
2020-06-17,2020-06-17,1,285.754638671875,1,0.3439121742810865,0.0,2020-06-17,285.754638671875,98.27449909655077,88.32363634609905,-0.049137249548275384,8.827449909655076,-0.10986885248981637,461,188,42,0.8173913043478261,0.5438297872340425,0.049137249548275384,6.8877345030974695
2020-06-18,2020-06-18,1,285.8646545410156,1,0.3439121742810865,0.0,2020-06-17,285.754638671875,98.31233489331235,88.32363634609905,-0.011301452786691278,8.831233489331236,-0.10986885248981637,461,188,42,0.8173913043478261,0.54421768707483,0.0,6.8877345030974695
2020-06-19,2020-06-19,0,284.2309875488281,0,0.0,97.70162167751491,,,97.70162167751491,87.70162167751491,0.0,8.77016216775149,-0.10986885248981637,462,188,43,0.8138528138528138,0.5437553101104503,0.04887524846298895,6.936609751560458
2020-06-22,2020-06-22,1,286.05438232421875,1,0.34137842771866256,-1.4210854715202004e-14,2020-06-22,286.05438232421875,97.65279527987497,87.70162167751491,-0.04882639763993749,8.765279527987497,-0.10986885248981637,463,188,43,0.8138528138528138,0.5441426146010186,0.04882639763993749,6.985436149200396
2020-06-23,2020-06-23,0,287.37127685546875,0,0.0,98.05330348709218,,,98.05330348709218,88.05330348709218,0.0,8.805330348709218,-0.10986885248981637,464,189,43,0.8146551724137931,0.5436810856658185,0.049051177332212204,7.034487326532608
2020-06-24,2020-06-24,1,280.040771484375,1,0.34996440274373464,0.0,2020-06-24,280.040771484375,98.00430133642396,88.05330348709218,-0.04900215066821198,8.800430133642397,-0.10986885248981637,465,189,43,0.8146551724137931,0.5440677966101695,0.04900215066821198,7.08348947720082
2020-06-25,2020-06-25,1,283.0429077148437,1,0.34996440274373464,0.0,2020-06-24,280.040771484375,99.05494214927528,88.05330348709218,1.001638662183101,8.905494214927527,-0.10986885248981637,465,189,43,0.8146551724137931,0.5444538526672311,0.0,7.08348947720082
2020-06-26,2020-06-26,1,276.3202819824219,1,0.34996440274373464,0.0,2020-06-24,280.040771484375,96.70226244995861,88.05330348709218,-1.351041037133566,8.670226244995861,-0.10986885248981637,465,189,43,0.8146551724137931,0.544839255499154,0.0,7.08348947720082
2020-06-29,2020-06-29,1,280.3814697265625,1,0.34996440274373464,0.0,2020-06-24,280.040771484375,98.12353359326696,88.05330348709218,0.07023010617477957,8.812353359326696,-0.10986885248981637,465,189,43,0.8146551724137931,0.5452240067624683,0.0,7.08348947720082
2020-06-30,2020-06-30,1,283.9729919433594,1,0.34996440274373464,0.0,2020-06-24,280.040771484375,99.38043852080914,88.05330348709218,1.32713503371696,8.938043852080913,-0.10986885248981637,465,189,43,0.8146551724137931,0.5456081081081081,0.0,7.08348947720082
2020-07-01,2020-07-01,0,285.9622497558594,0,0.0,100.02656963909247,,,100.02656963909247,90.02656963909247,0.0,9.002656963909248,-0.10986885248981637,466,190,43,0.8154506437768241,0.5451476793248945,0.05003830397153201,7.1335277811723525
2020-07-02,2020-07-02,0,287.5370483398437,0,0.0,100.02656963909247,,,100.02656963909247,90.02656963909247,0.0,9.002656963909248,-0.10986885248981637,466,190,43,0.8154506437768241,0.5446880269814502,0.0,7.1335277811723525
2020-07-06,2020-07-06,0,291.9759216308594,0,0.0,100.02656963909247,,,100.02656963909247,90.02656963909247,0.0,9.002656963909248,-0.10986885248981637,466,190,43,0.8154506437768241,0.544229149115417,0.0,7.1335277811723525
2020-07-07,2020-07-07,1,288.96441650390625,1,0.34598232736751783,0.0,2020-07-07,288.96441650390625,99.97658134841826,90.02656963909247,-0.04998829067420913,8.997658134841826,-0.10986885248981637,467,190,43,0.8154506437768241,0.5446127946127947,0.04998829067420913,7.183516071846562
2020-07-08,2020-07-08,0,291.17462158203125,0,0.0,100.6909026086848,,,100.6909026086848,90.6909026086848,0.0,9.06909026086848,-0.10986885248981637,468,191,43,0.8162393162393162,0.5441547518923465,0.05037063662265373,7.233886708469216
2020-07-09,2020-07-09,1,289.5170288085937,1,0.34761541568617654,-1.4210854715202004e-14,2020-07-09,289.5170288085937,100.64058231752603,90.6909026086848,-0.05032029115876302,9.064058231752602,-0.10986885248981637,469,191,43,0.8162393162393162,0.5445378151260504,0.05032029115876302,7.284206999627979
2020-07-10,2020-07-10,1,292.4731140136719,1,0.34761541568617654,-1.4210854715202004e-14,2020-07-09,289.5170288085937,101.66816310489304,90.6909026086848,0.9772604962082516,9.166816310489304,-0.10986885248981637,469,191,43,0.8162393162393162,0.5449202350965575,0.0,7.284206999627979
2020-07-13,2020-07-13,1,289.94061279296875,1,0.34761541568617654,-1.4210854715202004e-14,2020-07-09,289.5170288085937,100.78782664033257,90.6909026086848,0.09692403164777996,9.078782664033257,-0.10986885248981637,469,191,43,0.8162393162393162,0.5453020134228188,0.0,7.284206999627979
2020-07-14,2020-07-14,1,293.69793701171875,1,0.34761541568617654,-1.4210854715202004e-14,2020-07-09,289.5170288085937,102.0939304605011,90.6909026086848,1.4030278518163106,9.20939304605011,-0.10986885248981637,469,191,43,0.8162393162393162,0.5456831517183571,0.0,7.284206999627979
2020-07-15,2020-07-15,1,296.396240234375,1,0.34761541568617654,-1.4210854715202004e-14,2020-07-09,289.5170288085937,103.0319022568921,90.6909026086848,2.3409996482073074,9.30319022568921,-0.10986885248981637,469,191,43,0.8162393162393162,0.5460636515912898,0.0,7.284206999627979
2020-07-16,2020-07-16,1,295.4200744628906,1,0.34761541568617654,-1.4210854715202004e-14,2020-07-09,289.5170288085937,102.69257198645894,90.6909026086848,2.0016693777741557,9.269257198645894,-0.10986885248981637,469,191,43,0.8162393162393162,0.5464435146443515,0.0,7.284206999627979
2020-07-17,2020-07-17,1,296.2764892578125,1,0.34761541568617654,-1.4210854715202004e-14,2020-07-09,289.5170288085937,102.9902749713955,90.6909026086848,2.299372362710705,9.29902749713955,-0.10986885248981637,469,191,43,0.8162393162393162,0.5468227424749164,0.0,7.284206999627979
2020-07-20,2020-07-20,1,298.6708984375,1,0.34761541568617654,-1.4210854715202004e-14,2020-07-09,289.5170288085937,103.82260851371537,90.6909026086848,3.1317059050305778,9.382260851371537,-0.10986885248981637,469,191,43,0.8162393162393162,0.5472013366750209,0.0,7.284206999627979
2020-07-21,2020-07-21,1,299.3063049316406,1,0.34761541568617654,-1.4210854715202004e-14,2020-07-09,289.5170288085937,104.04348560630575,90.6909026086848,3.3525829976209627,9.404348560630575,-0.10986885248981637,469,191,43,0.8162393162393162,0.5475792988313857,0.0,7.284206999627979
2020-07-22,2020-07-22,1,301.00994873046875,1,0.34761541568617654,-1.4210854715202004e-14,2020-07-09,289.5170288085937,104.63569845361657,90.6909026086848,3.9447958449317815,9.463569845361658,-0.10986885248981637,469,191,43,0.8162393162393162,0.5479566305254379,0.0,7.284206999627979
2020-07-23,2020-07-23,1,297.4184875488281,1,0.34761541568617654,-1.4210854715202004e-14,2020-07-09,289.5170288085937,103.38725118203979,90.6909026086848,2.696348573355002,9.338725118203978,-0.10986885248981637,469,191,43,0.8162393162393162,0.5483333333333333,0.0,7.284206999627979
2020-07-24,2020-07-24,1,295.5029296875,1,0.34761541568617654,-1.4210854715202004e-14,2020-07-09,289.5170288085937,102.7213737398033,90.6909026086848,2.0304711311185093,9.27213737398033,-0.10986885248981637,469,191,43,0.8162393162393162,0.5487094088259784,0.0,7.284206999627979
2020-07-27,2020-07-27,1,297.6578063964844,1,0.34761541568617654,-1.4210854715202004e-14,2020-07-09,289.5170288085937,103.47044210274936,90.6909026086848,2.7795394940645712,9.347044210274936,-0.10986885248981637,469,191,43,0.8162393162393162,0.5490848585690515,0.0,7.284206999627979
2020-07-28,2020-07-28,1,295.77001953125,1,0.34761541568617654,-1.4210854715202004e-14,2020-07-09,289.5170288085937,102.814218286864,90.6909026086848,2.1233156781792166,9.281421828686401,-0.10986885248981637,469,191,43,0.8162393162393162,0.5494596841230258,0.0,7.284206999627979
2020-07-29,2020-07-29,1,299.4076232910156,1,0.34761541568617654,-1.4210854715202004e-14,2020-07-09,289.5170288085937,104.07870542991654,90.6909026086848,3.387802821231751,9.407870542991654,-0.10986885248981637,469,191,43,0.8162393162393162,0.5498338870431894,0.0,7.284206999627979
2020-07-30,2020-07-30,1,298.33941650390625,1,0.34761541568617654,-1.4210854715202004e-14,2020-07-09,289.5170288085937,103.70738028357671,90.6909026086848,3.016477674891923,9.370738028357671,-0.10986885248981637,469,191,43,0.8162393162393162,0.5502074688796681,0.0,7.284206999627979
2020-07-31,2020-07-31,1,300.6968688964844,1,0.34761541568617654,-1.4210854715202004e-14,2020-07-09,289.5170288085937,104.52686707698314,90.6909026086848,3.835964468298349,9.452686707698314,-0.10986885248981637,469,191,43,0.8162393162393162,0.5505804311774462,0.0,7.284206999627979
2020-08-03,2020-08-03,1,302.787353515625,1,0.34761541568617654,-1.4210854715202004e-14,2020-07-09,289.5170288085937,105.25355175685125,90.6909026086848,4.5626491481664635,9.525355175685124,-0.10986885248981637,469,191,43,0.8162393162393162,0.5509527754763878,0.0,7.284206999627979
2020-08-04,2020-08-04,1,303.9569091796875,1,0.34761541568617654,-1.4210854715202004e-14,2020-07-09,289.5170288085937,105.66010733518247,90.6909026086848,4.9692047264976855,9.566010733518247,-0.10986885248981637,469,191,43,0.8162393162393162,0.5513245033112583,0.0,7.284206999627979
2020-08-05,2020-08-05,1,305.84478759765625,1,0.34761541568617654,-1.4210854715202004e-14,2020-07-09,289.5170288085937,106.31636297620963,90.6909026086848,5.625460367524844,9.631636297620963,-0.10986885248981637,469,191,43,0.8162393162393162,0.5516956162117452,0.0,7.284206999627979
2020-08-06,2020-08-06,1,307.8892517089844,1,0.34761541568617654,-1.4210854715202004e-14,2020-07-09,289.5170288085937,107.02705021812443,90.6909026086848,6.336147609439641,9.702705021812443,-0.10986885248981637,469,191,43,0.8162393162393162,0.5520661157024793,0.0,7.284206999627979
2020-08-07,2020-08-07,1,308.11016845703125,1,0.34761541568617654,-1.4210854715202004e-14,2020-07-09,289.5170288085937,107.10384428532879,90.6909026086848,6.412941676644002,9.71038442853288,-0.10986885248981637,469,191,43,0.8162393162393162,0.5524360033030553,0.0,7.284206999627979
2020-08-10,2020-08-10,1,309.0311279296875,1,0.34761541568617654,-1.4210854715202004e-14,2020-07-09,289.5170288085937,107.4239839952463,90.6909026086848,6.733081386561515,9.74239839952463,-0.10986885248981637,469,191,43,0.8162393162393162,0.5528052805280528,0.0,7.284206999627979
2020-08-11,2020-08-11,1,306.4802551269531,1,0.34761541568617654,-1.4210854715202004e-14,2020-07-09,289.5170288085937,106.53726128556124,90.6909026086848,5.846358676876455,9.653726128556125,-0.10986885248981637,469,191,43,0.8162393162393162,0.5531739488870568,0.0,7.284206999627979
2020-08-12,2020-08-12,1,310.75323486328125,1,0.34761541568617654,-1.4210854715202004e-14,2020-07-09,289.5170288085937,108.02261491282354,90.6909026086848,7.331712304138754,9.802261491282355,-0.10986885248981637,469,191,43,0.8162393162393162,0.5535420098846787,0.0,7.284206999627979
2020-08-13,2020-08-13,1,310.19146728515625,1,0.34761541568617654,-1.4210854715202004e-14,2020-07-09,289.5170288085937,107.82733584263461,90.6909026086848,7.136433233949822,9.782733584263461,-0.10986885248981637,469,191,43,0.8162393162393162,0.5539094650205761,0.0,7.284206999627979
2020-08-14,2020-08-14,1,310.20074462890625,1,0.34761541568617654,-1.4210854715202004e-14,2020-07-09,289.5170288085937,107.83056079033872,90.6909026086848,7.139658181653934,9.783056079033873,-0.10986885248981637,469,191,43,0.8162393162393162,0.5542763157894737,0.0,7.284206999627979
2020-08-17,2020-08-17,1,311.1861572265625,1,0.34761541568617654,-1.4210854715202004e-14,2020-07-09,289.5170288085937,108.1731054000954,90.6909026086848,7.482202791410606,9.81731054000954,-0.10986885248981637,469,191,43,0.8162393162393162,0.5546425636811833,0.0,7.284206999627979
2020-08-18,2020-08-18,1,311.8583984375,1,0.34761541568617654,-1.4210854715202004e-14,2020-07-09,289.5170288085937,108.40678680807682,90.6909026086848,7.715884199392028,9.840678680807681,-0.10986885248981637,469,191,43,0.8162393162393162,0.555008210180624,0.0,7.284206999627979
2020-08-19,2020-08-19,0,310.5599365234375,0,0.0,107.90144371935229,,,107.90144371935229,97.90144371935229,0.0,9.790144371935229,-0.10986885248981637,470,192,43,0.8170212765957446,0.5545529122231337,0.05397771071503367,7.338184710343013
2020-08-20,2020-08-20,1,311.5267944335937,1,0.34619018937185453,0.0,2020-08-20,311.5267944335937,107.8475199593726,97.90144371935229,-0.053923759979686306,9.78475199593726,-0.10986885248981637,471,192,43,0.8170212765957446,0.5549180327868852,0.053923759979686306,7.392108470322699
2020-08-21,2020-08-21,1,312.6319274902344,1,0.34619018937185453,0.0,2020-08-20,311.5267944335937,108.23010618153214,97.90144371935229,0.32866246217984524,9.823010618153214,-0.10986885248981637,471,192,43,0.8170212765957446,0.5552825552825553,0.0,7.392108470322699
2020-08-24,2020-08-24,1,315.7998962402344,1,0.34619018937185453,0.0,2020-08-20,311.5267944335937,109.32682588301876,97.90144371935229,1.4253821636664654,9.932682588301876,-0.10986885248981637,471,192,43,0.8170212765957446,0.5556464811783961,0.0,7.392108470322699
2020-08-25,2020-08-25,1,316.905029296875,1,0.34619018937185453,0.0,2020-08-20,311.5267944335937,109.70941210517826,97.90144371935229,1.8079683858259685,9.970941210517825,-0.10986885248981637,471,192,43,0.8170212765957446,0.5560098119378577,0.0,7.392108470322699
2020-08-26,2020-08-26,0,320.08209228515625,0,0.0,110.75387550266629,,,110.75387550266629,100.75387550266629,0.0,10.07538755026663,-0.10986885248981637,472,193,43,0.8177966101694916,0.5555555555555556,0.05540464007136883,7.447513110394068
2020-08-27,2020-08-27,1,320.781982421875,1,0.34508960074310485,-1.4210854715202004e-14,2020-08-27,320.781982421875,110.69852623954651,100.75387550266629,-0.05534926311977326,10.06985262395465,-0.10986885248981637,473,193,43,0.8177966101694916,0.5559183673469388,0.05534926311977326,7.5028623735138416
2020-08-28,2020-08-28,1,322.8540954589844,1,0.34508960074310485,-1.4210854715202004e-14,2020-08-27,320.781982421875,111.41359090021716,100.75387550266629,0.6597153975508755,10.141359090021716,-0.10986885248981637,473,193,43,0.8177966101694916,0.5562805872756933,0.0,7.5028623735138416
2020-08-31,2020-08-31,1,321.6845092773437,1,0.34508960074310485,-1.4210854715202004e-14,2020-08-27,320.781982421875,111.00997887176013,100.75387550266629,0.25610336909384246,10.100997887176012,-0.10986885248981637,473,193,43,0.8177966101694916,0.556642216788916,0.0,7.5028623735138416
2020-09-01,2020-09-01,0,324.7142944335937,0,0.0,111.999498458557,,,111.999498458557,101.999498458557,0.0,10.1999498458557,-0.10986885248981637,474,194,43,0.8185654008438819,0.5561889250814332,0.05602776311083393,7.558890136624676
2020-09-02,2020-09-02,0,329.4109802246094,0,0.0,111.999498458557,,,111.999498458557,101.999498458557,0.0,10.1999498458557,-0.10986885248981637,474,194,43,0.8185654008438819,0.5557363710333605,0.0,7.558890136624676
2020-09-03,2020-09-03,0,318.0745849609375,0,0.0,111.999498458557,,,111.999498458557,101.999498458557,0.0,10.1999498458557,-0.10986885248981637,474,194,43,0.8185654008438819,0.5552845528455285,0.0,7.558890136624676
2020-09-04,2020-09-04,0,315.4775695800781,0,0.0,111.999498458557,,,111.999498458557,101.999498458557,0.0,10.1999498458557,-0.10986885248981637,474,194,43,0.8185654008438819,0.5548334687246141,0.0,7.558890136624676
2020-09-08,2020-09-08,1,306.8578186035156,1,0.36480584788308495,0.0,2020-09-08,306.8578186035156,111.9435266952094,101.999498458557,-0.0559717633476047,10.19435266952094,-0.10986885248981637,475,194,43,0.8185654008438819,0.5551948051948052,0.0559717633476047,7.614861899972281
2020-09-09,2020-09-09,1,312.9173583984375,1,0.36480584788308495,0.0,2020-09-08,306.8578186035156,114.15408224787717,101.999498458557,2.154583789320166,10.415408224787717,-0.10986885248981637,475,194,43,0.8185654008438819,0.5555555555555556,0.0,7.614861899972281
2020-09-10,2020-09-10,1,307.4840393066406,1,0.36480584788308495,0.0,2020-09-08,306.8578186035156,112.17197566977485,101.999498458557,0.17247721121784784,10.217197566977486,-0.10986885248981637,475,194,43,0.8185654008438819,0.5559157212317666,0.0,7.614861899972281
2020-09-11,2020-09-11,1,307.6405334472656,1,0.36480584788308495,0.0,2020-09-08,306.8578186035156,112.2290656474343,101.999498458557,0.2295671888772923,10.222906564743429,-0.10986885248981637,475,194,43,0.8185654008438819,0.5562753036437247,0.0,7.614861899972281
2020-09-14,2020-09-14,1,311.6925964355469,1,0.36480584788308495,0.0,2020-09-08,306.8578186035156,113.7072819215499,101.999498458557,1.7077834629929023,10.37072819215499,-0.10986885248981637,475,194,43,0.8185654008438819,0.5566343042071198,0.0,7.614861899972281
2020-09-15,2020-09-15,0,313.2674865722656,0,0.0,114.2246701476717,,,114.2246701476717,104.2246701476717,0.0,10.42246701476717,-0.10986885248981637,476,195,43,0.819327731092437,0.5561843168957155,0.05714090552659915,7.67200280549888
2020-09-16,2020-09-16,0,312.0241394042969,0,0.0,114.2246701476717,,,114.2246701476717,104.2246701476717,0.0,10.42246701476717,-0.10986885248981637,476,195,43,0.819327731092437,0.555735056542811,0.0,7.67200280549888
2020-09-17,2020-09-17,0,309.2798767089844,0,0.0,114.2246701476717,,,114.2246701476717,104.2246701476717,0.0,10.42246701476717,-0.10986885248981637,476,195,43,0.819327731092437,0.5552865213882163,0.0,7.67200280549888
2020-09-18,2020-09-18,1,305.7191772460937,1,0.3734394007693975,0.0,2020-09-18,305.7191772460937,114.16758635449446,104.2246701476717,-0.05708379317724723,10.416758635449446,-0.10986885248981637,477,195,43,0.819327731092437,0.5556451612903226,0.05708379317724723,7.729086598676127
2020-09-21,2020-09-21,0,302.31658935546875,0,0.0,112.8404775085685,,,112.8404775085685,102.8404775085685,0.0,10.28404775085685,-0.10986885248981637,478,195,44,0.8158995815899581,0.5551974214343272,0.05644846298577714,7.785535061661904
2020-09-22,2020-09-22,0,305.39556884765625,0,0.0,112.8404775085685,,,112.8404775085685,102.8404775085685,0.0,10.28404775085685,-0.10986885248981637,478,195,44,0.8158995815899581,0.5547504025764896,0.0,7.785535061661904
2020-09-23,2020-09-23,1,298.3131103515625,1,0.37807284209842257,-2.842170943040401e-14,2020-09-23,298.3131103515625,112.78408546583557,102.8404775085685,-0.0563920427329178,10.278408546583558,-0.10986885248981637,479,195,44,0.8158995815899581,0.5551086082059533,0.0563920427329178,7.841927104394822
2020-09-24,2020-09-24,1,299.1082763671875,1,0.37807284209842257,-2.842170943040401e-14,2020-09-23,298.3131103515625,113.08471614130299,102.8404775085685,0.24423863273449925,10.3084716141303,-0.10986885248981637,479,195,44,0.8158995815899581,0.5554662379421221,0.0,7.841927104394822
2020-09-25,2020-09-25,1,303.9439392089844,1,0.37807284209842257,-2.842170943040401e-14,2020-09-23,298.3131103515625,114.91294893533087,102.8404775085685,2.0724714267623825,10.491294893533087,-0.10986885248981637,479,195,44,0.8158995815899581,0.5558232931726907,0.0,7.841927104394822
2020-09-28,2020-09-28,0,308.9922180175781,0,0.0,116.76315526917504,,,116.76315526917504,106.76315526917504,0.0,10.676315526917504,-0.10986885248981637,480,196,44,0.8166666666666667,0.5553772070626003,0.05841078302610059,7.900337887420922
2020-09-29,2020-09-29,0,307.3095092773437,0,0.0,116.76315526917504,,,116.76315526917504,106.76315526917504,0.0,10.676315526917504,-0.10986885248981637,480,196,44,0.8166666666666667,0.5549318364073778,0.0,7.900337887420922
2020-09-30,2020-09-30,0,309.63946533203125,0,0.0,116.76315526917504,,,116.76315526917504,106.76315526917504,0.0,10.676315526917504,-0.10986885248981637,480,196,44,0.8166666666666667,0.5544871794871795,0.0,7.900337887420922
2020-10-01,2020-10-01,0,311.6274108886719,0,0.0,116.76315526917504,,,116.76315526917504,106.76315526917504,0.0,10.676315526917504,-0.10986885248981637,480,196,44,0.8166666666666667,0.5540432345876701,0.0,7.900337887420922
2020-10-02,2020-10-02,1,308.668701171875,1,0.378090821727846,1.4210854715202004e-14,2020-10-02,308.668701171875,116.70480286774118,106.76315526917504,-0.058352401433870583,10.670480286774119,-0.10986885248981637,481,196,44,0.8166666666666667,0.5544,0.058352401433870583,7.958690288854792
2020-10-05,2020-10-05,0,314.1422424316406,0,0.0,118.71491143111703,,,118.71491143111703,108.71491143111703,0.0,10.871491143111703,-0.10986885248981637,482,197,44,0.8174273858921162,0.5539568345323741,0.05938714929020361,8.018077438144996
2020-10-06,2020-10-06,1,309.67645263671875,1,0.3831598516096804,0.0,2020-10-06,309.67645263671875,118.65558363929738,108.71491143111703,-0.05932779181964869,10.865558363929738,-0.10986885248981637,483,197,44,0.8174273858921162,0.5543130990415336,0.05932779181964869,8.077405229964645
2020-10-07,2020-10-07,1,315.06689453125,1,0.3831598516096804,0.0,2020-10-06,309.67645263671875,120.72098455571658,108.71491143111703,2.006073124599559,11.072098455571659,-0.10986885248981637,483,197,44,0.8174273858921162,0.5546687948922586,0.0,8.077405229964645
2020-10-08,2020-10-08,1,317.859130859375,1,0.3831598516096804,0.0,2020-10-06,309.67645263671875,121.79085741286012,108.71491143111703,3.0759459817430956,11.179085741286013,-0.10986885248981637,483,197,44,0.8174273858921162,0.5550239234449761,0.0,8.077405229964645
2020-10-09,2020-10-09,1,320.69775390625,1,0.3831598516096804,0.0,2020-10-06,309.67645263671875,122.87850379827655,108.71491143111703,4.16359236715953,11.287850379827656,-0.10986885248981637,483,197,44,0.8174273858921162,0.5553784860557769,0.0,8.077405229964645
2020-10-12,2020-10-12,0,325.8569641113281,0,0.0,124.79287836187001,,,124.79287836187001,114.79287836187001,0.0,11.479287836187002,-0.10986885248981637,484,198,44,0.8181818181818182,0.5549363057324841,0.06242765300743872,8.139832882972083
2020-10-13,2020-10-13,0,323.7304382324219,0,0.0,124.79287836187001,,,124.79287836187001,114.79287836187001,0.0,11.479287836187002,-0.10986885248981637,484,198,44,0.8181818181818182,0.5544948289578361,0.0,8.139832882972083
2020-10-14,2020-10-14,0,321.6962280273437,0,0.0,124.79287836187001,,,124.79287836187001,114.79287836187001,0.0,11.479287836187002,-0.10986885248981637,484,198,44,0.8181818181818182,0.5540540540540541,0.0,8.139832882972083
2020-10-15,2020-10-15,0,321.2987670898437,0,0.0,124.79287836187001,,,124.79287836187001,114.79287836187001,0.0,11.479287836187002,-0.10986885248981637,484,198,44,0.8181818181818182,0.5536139793486894,0.0,8.139832882972083
2020-10-16,2020-10-16,0,321.1044921875,0,0.0,124.79287836187001,,,124.79287836187001,114.79287836187001,0.0,11.479287836187002,-0.10986885248981637,484,198,44,0.8181818181818182,0.5531746031746032,0.0,8.139832882972083
2020-10-19,2020-10-19,1,316.22271728515625,1,0.39443881254375746,0.0,2020-10-19,316.22271728515625,124.73051310531736,114.79287836187001,-0.06236525655265868,11.473051310531735,-0.10986885248981637,485,198,44,0.8181818181818182,0.5535289452815226,0.06236525655265868,8.202198139524741
2020-10-20,2020-10-20,0,317.4893798828125,0,0.0,125.16751892923236,,,125.16751892923236,115.16751892923236,0.0,11.516751892923235,-0.10986885248981637,486,199,44,0.8189300411522634,0.5530903328050714,0.06261506699811524,8.264813206522856
2020-10-21,2020-10-21,1,316.8883972167969,1,0.39479188113163927,0.0,2020-10-21,316.8883972167969,125.10496644600936,115.16751892923236,-0.06255248322300468,11.510496644600936,-0.10986885248981637,487,199,44,0.8189300411522634,0.5534441805225653,0.06255248322300468,8.32736568974586
2020-10-22,2020-10-22,1,318.6265563964844,1,0.39479188113163927,0.0,2020-10-21,316.8883972167969,125.79117757826441,115.16751892923236,0.6236586490320486,11.579117757826442,-0.10986885248981637,487,199,44,0.8189300411522634,0.5537974683544303,0.0,8.32736568974586
2020-10-23,2020-10-23,0,319.7083435058594,0,0.0,126.15514921698545,,,126.15514921698545,116.15514921698545,0.0,11.615514921698544,-0.10986885248981637,488,200,44,0.819672131147541,0.5533596837944664,0.06310912917307927,8.39047481891894
2020-10-26,2020-10-26,0,313.8002014160156,0,0.0,126.15514921698545,,,126.15514921698545,116.15514921698545,0.0,11.615514921698544,-0.10986885248981637,488,200,44,0.819672131147541,0.5529225908372828,0.0,8.39047481891894
2020-10-27,2020-10-27,0,312.7184143066406,0,0.0,126.15514921698545,,,126.15514921698545,116.15514921698545,0.0,11.615514921698544,-0.10986885248981637,488,200,44,0.819672131147541,0.5524861878453039,0.0,8.39047481891894
2020-10-28,2020-10-28,0,302.0299987792969,0,0.0,126.15514921698545,,,126.15514921698545,116.15514921698545,0.0,11.615514921698544,-0.10986885248981637,488,200,44,0.819672131147541,0.5520504731861199,0.0,8.39047481891894
2020-10-29,2020-10-29,0,305.0997009277344,0,0.0,126.15514921698545,,,126.15514921698545,116.15514921698545,0.0,11.615514921698544,-0.10986885248981637,488,200,44,0.819672131147541,0.5516154452324665,0.0,8.39047481891894
2020-10-30,2020-10-30,1,301.9190368652344,1,0.4176354842496588,0.0,2020-10-30,301.9190368652344,126.09210316540275,116.15514921698545,-0.06304605158270138,11.609210316540274,-0.10986885248981637,489,200,44,0.819672131147541,0.5519685039370079,0.06304605158270138,8.453520870501642
2020-11-02,2020-11-02,1,305.3031005859375,1,0.4176354842496588,0.0,2020-10-30,301.9190368652344,127.5054082561303,116.15514921698545,1.3502590391448461,11.75054082561303,-0.10986885248981637,489,200,44,0.819672131147541,0.5523210070810386,0.0,8.453520870501642
2020-11-03,2020-11-03,1,310.69354248046875,1,0.4176354842496588,0.0,2020-10-30,301.9190368652344,129.7566480670725,116.15514921698545,3.601498850087041,11.975664806707249,-0.10986885248981637,489,200,44,0.819672131147541,0.5526729559748428,0.0,8.453520870501642
2020-11-04,2020-11-04,0,317.63726806640625,0,0.0,132.59026596751994,,,132.59026596751994,122.59026596751994,0.0,12.259026596751994,-0.10986885248981637,490,201,44,0.8204081632653061,0.5522388059701493,0.06632829713232613,8.519849167633968
2020-11-05,2020-11-05,1,323.8320617675781,1,0.40923682245105414,0.0,2020-11-05,323.8320617675781,132.52400396553716,122.59026596751994,-0.06626200198276858,12.252400396553716,-0.10986885248981637,491,201,44,0.8204081632653061,0.5525902668759811,0.06626200198276858,8.586111169616736
2020-11-06,2020-11-06,1,323.7581481933594,1,0.40923682245105414,0.0,2020-11-05,323.8320617675781,132.49375580928788,122.59026596751994,-0.09651015823205436,12.249375580928788,-0.10986885248981637,491,201,44,0.8204081632653061,0.5529411764705883,0.0,8.586111169616736
2020-11-09,2020-11-09,0,327.82635498046875,0,0.0,134.09153652000438,,,134.09153652000438,124.09153652000438,0.0,12.409153652000438,-0.10986885248981637,492,202,44,0.8211382113821138,0.5525078369905956,0.06707930791395918,8.653190477530694
2020-11-10,2020-11-10,0,327.3454895019531,0,0.0,134.09153652000438,,,134.09153652000438,124.09153652000438,0.0,12.409153652000438,-0.10986885248981637,492,202,44,0.8211382113821138,0.5520751761942052,0.0,8.653190477530694
2020-11-11,2020-11-11,0,329.7772521972656,0,0.0,134.09153652000438,,,134.09153652000438,124.09153652000438,0.0,12.409153652000438,-0.10986885248981637,492,202,44,0.8211382113821138,0.5516431924882629,0.0,8.653190477530694
2020-11-12,2020-11-12,0,326.5781555175781,0,0.0,134.09153652000438,,,134.09153652000438,124.09153652000438,0.0,12.409153652000438,-0.10986885248981637,492,202,44,0.8211382113821138,0.5512118842845973,0.0,8.653190477530694
2020-11-13,2020-11-13,1,331.0994873046875,1,0.4047862633340236,0.0,2020-11-13,331.0994873046875,134.02452425787544,124.09153652000438,-0.06701226212893772,12.402452425787544,-0.10986885248981637,493,202,44,0.8211382113821138,0.5515625,0.06701226212893772,8.720202739659632
2020-11-16,2020-11-16,0,335.2323608398437,0,0.0,135.6296059656569,,,135.6296059656569,125.6296059656569,0.0,12.562960596565691,-0.10986885248981637,494,203,44,0.8218623481781376,0.5511319281811085,0.0678487273465017,8.788051467006133
2020-11-17,2020-11-17,0,333.4294128417969,0,0.0,135.6296059656569,,,135.6296059656569,125.6296059656569,0.0,12.562960596565691,-0.10986885248981637,494,203,44,0.8218623481781376,0.5507020280811232,0.0,8.788051467006133
2020-11-18,2020-11-18,0,329.41668701171875,0,0.0,135.6296059656569,,,135.6296059656569,125.6296059656569,0.0,12.562960596565691,-0.10986885248981637,494,203,44,0.8218623481781376,0.5502727981293842,0.0,8.788051467006133
2020-11-19,2020-11-19,0,330.8035888671875,0,0.0,135.6296059656569,,,135.6296059656569,125.6296059656569,0.0,12.562960596565691,-0.10986885248981637,494,203,44,0.8218623481781376,0.5498442367601246,0.0,8.788051467006133
2020-11-20,2020-11-20,1,328.538330078125,1,0.4126210327449291,0.0,2020-11-20,328.538330078125,135.56182505313035,125.6296059656569,-0.06778091252656518,12.556182505313036,-0.10986885248981637,495,203,44,0.8218623481781376,0.5501945525291829,0.06778091252656518,8.855832379532698
2020-11-23,2020-11-23,0,330.5076599121094,0,0.0,136.30622475706284,,,136.30622475706284,126.30622475706284,0.0,12.630622475706284,-0.10986885248981637,496,204,44,0.8225806451612904,0.5497667185069984,0.06818720598152218,8.92401958551422
2020-11-24,2020-11-24,0,335.8333740234375,0,0.0,136.30622475706284,,,136.30622475706284,126.30622475706284,0.0,12.630622475706284,-0.10986885248981637,496,204,44,0.8225806451612904,0.5493395493395493,0.0,8.92401958551422
2020-11-25,2020-11-25,1,335.3156433105469,1,0.4062980908350766,0.0,2020-11-25,335.3156433105469,136.23810570421074,126.30622475706284,-0.06811905285210537,12.623810570421075,-0.10986885248981637,497,204,44,0.8225806451612904,0.5496894409937888,0.06811905285210537,8.992138638366326
2020-11-27,2020-11-27,1,336.2494506835937,1,0.4062980908350766,0.0,2020-11-25,335.3156433105469,136.61750985708736,126.30622475706284,0.3112851000245118,12.661750985708736,-0.10986885248981637,497,204,44,0.8225806451612904,0.5500387897595035,0.0,8.992138638366326
2020-11-30,2020-11-30,1,334.7608947753906,1,0.4062980908350766,0.0,2020-11-25,335.3156433105469,136.0127124334832,126.30622475706284,-0.2935123235796564,12.601271243348318,-0.10986885248981637,497,204,44,0.8225806451612904,0.5503875968992248,0.0,8.992138638366326
2020-12-01,2020-12-01,1,338.4223022460937,1,0.4062980908350766,0.0,2020-11-25,335.3156433105469,137.50033529859914,126.30622475706284,1.1941105415362958,12.750033529859914,-0.10986885248981637,497,204,44,0.8225806451612904,0.5507358636715725,0.0,8.992138638366326
2020-12-02,2020-12-02,1,339.1341857910156,1,0.4062980908350766,0.0,2020-11-25,335.3156433105469,137.78957222379782,126.30622475706284,1.483347466734975,12.778957222379782,-0.10986885248981637,497,204,44,0.8225806451612904,0.5510835913312694,0.0,8.992138638366326
2020-12-03,2020-12-03,1,339.041748046875,1,0.4062980908350766,0.0,2020-11-25,335.3156433105469,137.75201494483238,126.30622475706284,1.445790187769538,12.775201494483237,-0.10986885248981637,497,204,44,0.8225806451612904,0.551430781129157,0.0,8.992138638366326
2020-12-04,2020-12-04,0,341.9635314941406,0,0.0,138.8696604162993,,,138.8696604162993,128.8696604162993,0.0,12.886966041629929,-0.10986885248981637,498,205,44,0.8232931726907631,0.5510046367851623,0.06946956499064497,9.06160820335697
2020-12-07,2020-12-07,1,341.2607727050781,1,0.4067278497494031,0.0,2020-12-07,341.2607727050781,138.80026028615623,128.8696604162993,-0.06940013014307812,12.880026028615623,-0.10986885248981637,499,205,44,0.8232931726907631,0.5513513513513514,0.06940013014307812,9.131008333500048
2020-12-08,2020-12-08,1,342.25933837890625,1,0.4067278497494031,0.0,2020-12-07,341.2607727050781,139.2064047555059,128.8696604162993,0.3367443392065915,12.92064047555059,-0.10986885248981637,499,205,44,0.8232931726907631,0.5516975308641975,0.0,9.131008333500048
2020-12-09,2020-12-09,1,339.189697265625,1,0.4067278497494031,0.0,2020-12-07,341.2607727050781,137.95789622599867,128.8696604162993,-0.9117641903006423,12.795789622599866,-0.10986885248981637,499,205,44,0.8232931726907631,0.5520431765612953,0.0,9.131008333500048
2020-12-10,2020-12-10,1,339.0787048339844,1,0.4067278497494031,0.0,2020-12-07,341.2607727050781,137.91275251293902,128.8696604162993,-0.9569079033602869,12.791275251293902,-0.10986885248981637,499,205,44,0.8232931726907631,0.5523882896764253,0.0,9.131008333500048
2020-12-11,2020-12-11,1,338.68115234375,1,0.4067278497494031,0.0,2020-12-07,341.2607727050781,137.75105684342347,128.8696604162993,-1.1186035728758392,12.775105684342346,-0.10986885248981637,499,205,44,0.8232931726907631,0.552732871439569,0.0,9.131008333500048
2020-12-14,2020-12-14,1,337.164794921875,1,0.4067278497494031,0.0,2020-12-07,341.2607727050781,137.1343120497727,128.8696604162993,-1.7353483665266205,12.713431204977269,-0.10986885248981637,499,205,44,0.8232931726907631,0.553076923076923,0.0,9.131008333500048
2020-12-15,2020-12-15,0,341.7231140136719,0,0.0,138.91881321876465,,,138.91881321876465,128.91881321876465,0.0,12.891881321876465,-0.10986885248981637,500,206,44,0.824,0.5526518063028439,0.06949415368622544,9.200502487186274
2020-12-16,2020-12-16,1,342.25933837890625,1,0.40568473363548063,0.0,2020-12-16,342.25933837890625,138.84938852450242,128.91881321876465,-0.06942469426225122,12.884938852450242,-0.10986885248981637,501,206,44,0.824,0.5529953917050692,0.06942469426225122,9.269927181448525
2020-12-17,2020-12-17,1,344.17333984375,1,0.40568473363548063,0.0,2020-12-16,342.25933837890625,139.62586969894548,128.91881321876465,0.7070564801808119,12.962586969894549,-0.10986885248981637,501,206,44,0.824,0.5533384497313891,0.0,9.269927181448525
2020-12-18,2020-12-18,1,342.799072265625,1,0.40568473363548063,0.0,2020-12-16,342.25933837890625,139.06835032256996,128.91881321876465,0.14953710380528812,12.906835032256996,-0.10986885248981637,501,206,44,0.824,0.553680981595092,0.0,9.269927181448525
2020-12-21,2020-12-21,1,341.5733947753906,1,0.40568473363548063,0.0,2020-12-16,342.25933837890625,138.57111167642122,128.91881321876465,-0.34770154234344225,12.857111167642122,-0.10986885248981637,501,206,44,0.824,0.5540229885057472,0.0,9.269927181448525
2020-12-22,2020-12-22,1,340.9976501464844,1,0.40568473363548063,0.0,2020-12-16,342.25933837890625,138.33754087000133,128.91881321876465,-0.5812723487633333,12.833754087000134,-0.10986885248981637,501,206,44,0.824,0.554364471669219,0.0,9.269927181448525
2020-12-23,2020-12-23,1,341.3041381835937,1,0.40568473363548063,0.0,2020-12-16,342.25933837890625,138.46187838769848,128.91881321876465,-0.45693483106619076,12.846187838769847,-0.10986885248981637,501,206,44,0.824,0.5547054322876818,0.0,9.269927181448525
2020-12-24,2020-12-24,1,342.6319580078125,1,0.40568473363548063,0.0,2020-12-16,342.25933837890625,139.0005546194026,128.91881321876465,0.08174140063793951,12.90005546194026,-0.10986885248981637,501,206,44,0.824,0.555045871559633,0.0,9.269927181448525
2020-12-28,2020-12-28,1,345.5755310058594,1,0.40568473363548063,0.0,2020-12-16,342.25933837890625,140.19471724705184,128.91881321876465,1.2759040282871739,13.019471724705184,-0.10986885248981637,501,206,44,0.824,0.5553857906799083,0.0,9.269927181448525
2020-12-29,2020-12-29,1,344.91619873046875,1,0.40568473363548063,0.0,2020-12-16,342.25933837890625,139.92723620853272,128.91881321876465,1.0084229897680517,12.992723620853273,-0.10986885248981637,501,206,44,0.824,0.5557251908396946,0.0,9.269927181448525
2020-12-30,2020-12-30,1,345.4081420898437,1,0.40568473363548063,0.0,2020-12-16,342.25933837890625,140.12681011924448,128.91881321876465,1.2079969004798146,13.012681011924448,-0.10986885248981637,501,206,44,0.824,0.5560640732265446,0.0,9.269927181448525
2020-12-31,2020-12-31,0,347.1631774902344,0,0.0,140.76838178757873,,,140.76838178757873,130.76838178757873,0.0,13.076838178757873,-0.10986885248981637,502,207,44,0.8247011952191236,0.555640243902439,0.07041940059408641,9.340346582042612
2021-01-04,2021-01-04,1,342.4369812011719,1,0.4108727751239493,0.0,2021-01-04,342.4369812011719,140.69803277119314,130.76838178757873,-0.07034901638559657,13.069803277119314,-0.10986885248981637,503,207,44,0.8247011952191236,0.555978674790556,0.07034901638559657,9.410695598428209
2021-01-05,2021-01-05,1,344.7953796386719,1,0.4108727751239493,0.0,2021-01-04,342.4369812011719,141.66703448205675,130.76838178757873,0.8986526944780119,13.166703448205675,-0.10986885248981637,503,207,44,0.8247011952191236,0.556316590563166,0.0,9.410695598428209
2021-01-06,2021-01-06,1,346.8568420410156,1,0.4108727751239493,0.0,2021-01-04,342.4369812011719,142.51403326012144,130.76838178757873,1.7456514725426993,13.251403326012143,-0.10986885248981637,503,207,44,0.8247011952191236,0.5566539923954372,0.0,9.410695598428209
2021-01-07,2021-01-07,0,352.0101623535156,0,0.0,144.5590765818819,,,144.5590765818819,134.5590765818819,0.0,13.45590765818819,-0.10986885248981637,504,208,44,0.8253968253968254,0.5562310030395137,0.07231569613901045,9.48301129456722
2021-01-08,2021-01-08,1,354.0158386230469,1,0.4081366351496709,0.0,2021-01-08,354.0158386230469,144.48683316529926,134.5590765818819,-0.07224341658264963,13.448683316529927,-0.10986885248981637,505,208,44,0.8253968253968254,0.5565679574791192,0.07224341658264963,9.55525471114987
2021-01-11,2021-01-11,1,351.62945556640625,1,0.4081366351496709,0.0,2021-01-08,354.0158386230469,143.51286281438377,134.5590765818819,-1.046213767498143,13.351286281438377,-0.10986885248981637,505,208,44,0.8253968253968254,0.5569044006069803,0.0,9.55525471114987
2021-01-12,2021-01-12,1,351.7037353515625,1,0.4081366351496709,0.0,2021-01-08,354.0158386230469,143.5431791159571,134.5590765818819,-1.0158974659248212,13.35431791159571,-0.10986885248981637,505,208,44,0.8253968253968254,0.5572403335860501,0.0,9.55525471114987
2021-01-13,2021-01-13,1,352.6509094238281,1,0.4081366351496709,0.0,2021-01-08,354.0158386230469,143.92975555471259,134.5590765818819,-0.6293210271693238,13.392975555471258,-0.10986885248981637,505,208,44,0.8253968253968254,0.5575757575757576,0.0,9.55525471114987
2021-01-14,2021-01-14,1,351.4158935546875,1,0.4081366351496709,0.0,2021-01-08,354.0158386230469,143.42570033352507,134.5590765818819,-1.1333762483568375,13.342570033352507,-0.10986885248981637,505,208,44,0.8253968253968254,0.5579106737320212,0.0,9.55525471114987
2021-01-15,2021-01-15,1,348.8532409667969,1,0.4081366351496709,0.0,2021-01-08,354.0158386230469,142.3797879292458,134.5590765818819,-2.1792886526361155,13.23797879292458,-0.10986885248981637,505,208,44,0.8253968253968254,0.5582450832072617,0.0,9.55525471114987
2021-01-19,2021-01-19,1,351.5924072265625,1,0.4081366351496709,0.0,2021-01-08,354.0158386230469,143.49774202962206,134.5590765818819,-1.061334552259849,13.349774202962205,-0.10986885248981637,505,208,44,0.8253968253968254,0.5585789871504158,0.0,9.55525471114987
2021-01-20,2021-01-20,1,356.4578857421875,1,0.4081366351496709,0.0,2021-01-08,354.0158386230469,145.48352205938227,134.5590765818819,0.9244454775003578,13.548352205938226,-0.10986885248981637,505,208,44,0.8253968253968254,0.5589123867069486,0.0,9.55525471114987
2021-01-21,2021-01-21,0,356.7828674316406,0,0.0,145.5433509131046,,,145.5433509131046,135.5433509131046,0.0,13.55433509131046,-0.10986885248981637,506,209,44,0.8260869565217391,0.5584905660377358,0.07280807949630046,9.62806279064617
2021-01-22,2021-01-22,1,355.52001953125,1,0.40917700161330905,0.0,2021-01-22,355.52001953125,145.47061560530196,135.5433509131046,-0.07273530780265099,13.547061560530196,-0.10986885248981637,507,209,44,0.8260869565217391,0.5588235294117647,0.07273530780265099,9.700798098448821
2021-01-25,2021-01-25,1,356.9221496582031,1,0.40917700161330905,0.0,2021-01-22,355.52001953125,146.04433500652033,135.5433509131046,0.5009840934157183,13.604433500652032,-0.10986885248981637,507,209,44,0.8260869565217391,0.5591559909570459,0.0,9.700798098448821
2021-01-26,2021-01-26,0,356.36505126953125,0,0.0,145.7434749666608,,,145.7434749666608,135.7434749666608,0.0,13.574347496666082,-0.10986885248981637,508,210,44,0.8267716535433071,0.5587349397590361,0.07290819157911997,9.773706290027942
2021-01-27,2021-01-27,0,347.6552734375,0,0.0,145.7434749666608,,,145.7434749666608,135.7434749666608,0.0,13.574347496666082,-0.10986885248981637,508,210,44,0.8267716535433071,0.5583145221971407,0.0,9.773706290027942
2021-01-28,2021-01-28,0,350.6451721191406,0,0.0,145.7434749666608,,,145.7434749666608,135.7434749666608,0.0,13.574347496666082,-0.10986885248981637,508,210,44,0.8267716535433071,0.5578947368421052,0.0,9.773706290027942
2021-01-29,2021-01-29,1,343.6253967285156,1,0.423922798005311,0.0,2021-01-29,343.6253967285156,145.6706396468374,135.7434749666608,-0.0728353198234187,13.56706396468374,-0.10986885248981637,509,210,44,0.8267716535433071,0.5582268970698723,0.0728353198234187,9.84654160985136
2021-02-01,2021-02-01,1,349.3453063964844,1,0.423922798005311,0.0,2021-01-29,343.6253967285156,148.09543975762034,135.7434749666608,2.3519647909595207,13.809543975762034,-0.10986885248981637,509,210,44,0.8267716535433071,0.5585585585585585,0.0,9.84654160985136
2021-02-02,2021-02-02,0,354.2851257324219,0,0.0,150.11444702125561,,,150.11444702125561,140.11444702125561,0.0,14.011444702125562,-0.10986885248981637,510,211,44,0.8274509803921568,0.5581395348837209,0.07509477089607584,9.921636380747437
2021-02-03,2021-02-03,1,354.5637512207031,1,0.42316629038090164,-2.842170943040401e-14,2021-02-03,354.5637512207031,150.0394273076018,140.11444702125561,-0.07501971365380092,14.003942730760182,-0.10986885248981637,511,211,44,0.8274509803921568,0.5584707646176912,0.07501971365380092,9.996656094401237
2021-02-04,2021-02-04,1,358.59356689453125,1,0.42316629038090164,-2.842170943040401e-14,2021-02-03,354.5637512207031,151.74470945721447,140.11444702125561,1.630262435958856,14.174470945721447,-0.10986885248981637,511,211,44,0.8274509803921568,0.5588014981273408,0.0,9.996656094401237
2021-02-05,2021-02-05,1,360.0048828125,1,0.42316629038090164,-2.842170943040401e-14,2021-02-03,354.5637512207031,152.34193077877683,140.11444702125561,2.227483757521214,14.234193077877682,-0.10986885248981637,511,211,44,0.8274509803921568,0.5591317365269461,0.0,9.996656094401237
2021-02-08,2021-02-08,1,362.6048583984375,1,0.42316629038090164,-2.842170943040401e-14,2021-02-03,354.5637512207031,153.4421528025589,140.11444702125561,3.3277057813032807,14.34421528025589,-0.10986885248981637,511,211,44,0.8274509803921568,0.5594614809274495,0.0,9.996656094401237
2021-02-09,2021-02-09,0,362.3634643554688,0,0.0,153.26333297938535,,,153.26333297938535,143.26333297938535,0.0,14.326333297938536,-0.10986885248981637,512,212,44,0.828125,0.5590433482810164,0.07667000149043791,10.073326095891675
2021-02-10,2021-02-10,1,362.20556640625,1,0.4229276240270869,2.842170943040401e-14,2021-02-10,362.20556640625,153.18673960958057,143.26333297938535,-0.07659336980479027,14.318673960958057,-0.10986885248981637,513,212,44,0.828125,0.5593726661687827,0.07659336980479027,10.149919465696465
2021-02-11,2021-02-11,1,362.79046630859375,1,0.4229276240270869,2.842170943040401e-14,2021-02-10,362.20556640625,153.4341099355725,143.26333297938535,0.17077695618714728,14.343410993557251,-0.10986885248981637,513,212,44,0.828125,0.5597014925373134,0.0,10.149919465696465
2021-02-12,2021-02-12,1,364.5827026367188,1,0.4229276240270869,2.842170943040401e-14,2021-02-10,362.20556640625,154.19209618752146,143.26333297938535,0.9287632081360968,14.419209618752145,-0.10986885248981637,513,212,44,0.828125,0.5600298284862043,0.0,10.149919465696465
2021-02-16,2021-02-16,1,364.2669067382813,1,0.4229276240270869,2.842170943040401e-14,2021-02-10,362.20556640625,154.0585373785178,143.26333297938535,0.7952043991324373,14.40585373785178,-0.10986885248981637,513,212,44,0.828125,0.5603576751117735,0.0,10.149919465696465
2021-02-17,2021-02-17,0,364.3505554199219,0,0.0,154.01686775933868,,,154.01686775933868,144.01686775933868,0.0,14.401686775933868,-0.10986885248981637,514,213,44,0.8287937743190662,0.5599404318689502,0.0770469573583485,10.226966423054813
2021-02-18,2021-02-18,0,362.7998046875,0,0.0,154.01686775933868,,,154.01686775933868,144.01686775933868,0.0,14.401686775933868,-0.10986885248981637,514,213,44,0.8287937743190662,0.5595238095238095,0.0,10.226966423054813
2021-02-19,2021-02-19,0,362.1591491699219,0,0.0,154.01686775933868,,,154.01686775933868,144.01686775933868,0.0,14.401686775933868,-0.10986885248981637,514,213,44,0.8287937743190662,0.5591078066914498,0.0,10.226966423054813
2021-02-22,2021-02-22,0,359.3734741210937,0,0.0,154.01686775933868,,,154.01686775933868,144.01686775933868,0.0,14.401686775933868,-0.10986885248981637,514,213,44,0.8287937743190662,0.5586924219910847,0.0,10.226966423054813
2021-02-23,2021-02-23,0,359.8100280761719,0,0.0,154.01686775933868,,,154.01686775933868,144.01686775933868,0.0,14.401686775933868,-0.10986885248981637,514,213,44,0.8287937743190662,0.5582776540460282,0.0,10.226966423054813
2021-02-24,2021-02-24,0,363.7747497558594,0,0.0,154.01686775933868,,,154.01686775933868,144.01686775933868,0.0,14.401686775933868,-0.10986885248981637,514,213,44,0.8287937743190662,0.5578635014836796,0.0,10.226966423054813
2021-02-25,2021-02-25,0,355.00933837890625,0,0.0,154.01686775933868,,,154.01686775933868,144.01686775933868,0.0,14.401686775933868,-0.10986885248981637,514,213,44,0.8287937743190662,0.5574499629355077,0.0,10.226966423054813
2021-02-26,2021-02-26,1,353.1801452636719,1,0.4358679271041903,-2.842170943040401e-14,2021-02-26,353.1801452636719,153.93989781043345,144.01686775933868,-0.07696994890521675,14.393989781043345,-0.10986885248981637,515,213,44,0.8287937743190662,0.5577777777777778,0.07696994890521675,10.303936371960031
2021-03-01,2021-03-01,0,361.7413024902344,0,0.0,157.59259594855612,,,157.59259594855612,147.59259594855612,0.0,14.759259594855612,-0.10986885248981637,516,214,44,0.8294573643410853,0.5573649148778682,0.07883571583219418,10.382772087792226
2021-03-02,2021-03-02,0,358.9185791015625,0,0.0,157.59259594855612,,,157.59259594855612,147.59259594855612,0.0,14.759259594855612,-0.10986885248981637,516,214,44,0.8294573643410853,0.5569526627218935,0.0,10.382772087792226
2021-03-03,2021-03-03,0,354.1643981933594,0,0.0,157.59259594855612,,,157.59259594855612,147.59259594855612,0.0,14.759259594855612,-0.10986885248981637,516,214,44,0.8294573643410853,0.5565410199556541,0.0,10.382772087792226
2021-03-04,2021-03-04,1,349.7816772460937,1,0.4503204406508137,0.0,2021-03-04,349.7816772460937,157.5138390290416,147.59259594855612,-0.07875691951452081,14.751383902904161,-0.10986885248981637,517,214,44,0.8294573643410853,0.5568685376661743,0.07875691951452081,10.461529007306748
2021-03-05,2021-03-05,1,356.2164306640625,1,0.4503204406508137,0.0,2021-03-04,349.7816772460937,160.41154002370067,147.59259594855612,2.8189440751445405,15.041154002370067,-0.10986885248981637,517,214,44,0.8294573643410853,0.5571955719557196,0.0,10.461529007306748
2021-03-08,2021-03-08,1,354.4430236816406,1,0.4503204406508137,0.0,2021-03-04,349.7816772460937,159.61293860992322,147.59259594855612,2.020342661367093,14.961293860992322,-0.10986885248981637,517,214,44,0.8294573643410853,0.5575221238938053,0.0,10.461529007306748
2021-03-09,2021-03-09,1,359.5035705566406,1,0.4503204406508137,0.0,2021-03-04,349.7816772460937,161.8918063086073,147.59259594855612,4.299210360051174,15.18918063086073,-0.10986885248981637,517,214,44,0.8294573643410853,0.5578481945467944,0.0,10.461529007306748
2021-03-10,2021-03-10,1,361.7413024902344,1,0.4503204406508137,0.0,2021-03-04,349.7816772460937,162.89950273900163,147.59259594855612,5.306906790445507,15.289950273900164,-0.10986885248981637,517,214,44,0.8294573643410853,0.5581737849779087,0.0,10.461529007306748
2021-03-11,2021-03-11,1,365.4090881347656,1,0.4503204406508137,0.0,2021-03-04,349.7816772460937,164.55118158665968,147.59259594855612,6.958585638103554,15.455118158665968,-0.10986885248981637,517,214,44,0.8294573643410853,0.5584988962472406,0.0,10.461529007306748
2021-03-12,2021-03-12,1,365.9012145996094,1,0.4503204406508137,0.0,2021-03-04,349.7816772460937,164.77279619316406,147.59259594855612,7.180200244607929,15.477279619316406,-0.10986885248981637,517,214,44,0.8294573643410853,0.5588235294117647,0.0,10.461529007306748
2021-03-15,2021-03-15,1,368.0832214355469,1,0.4503204406508137,0.0,2021-03-04,349.7816772460937,165.7553984730265,147.59259594855612,8.162802524470376,15.57553984730265,-0.10986885248981637,517,214,44,0.8294573643410853,0.559147685525349,0.0,10.461529007306748
2021-03-16,2021-03-16,0,367.6190185546875,0,0.0,165.46358524795298,,,165.46358524795298,155.46358524795298,0.0,15.546358524795298,-0.10986885248981637,518,215,44,0.8301158301158301,0.5587371512481645,0.08277317921358328,10.544302186520332
2021-03-17,2021-03-17,0,368.87249755859375,0,0.0,165.46358524795298,,,165.46358524795298,155.46358524795298,0.0,15.546358524795298,-0.10986885248981637,518,215,44,0.8301158301158301,0.5583272193690388,0.0,10.544302186520332
2021-03-18,2021-03-18,0,363.5055541992188,0,0.0,165.46358524795298,,,165.46358524795298,155.46358524795298,0.0,15.546358524795298,-0.10986885248981637,518,215,44,0.8301158301158301,0.5579178885630498,0.0,10.544302186520332
2021-03-19,2021-03-19,0,362.83294677734375,0,0.0,165.46358524795298,,,165.46358524795298,155.46358524795298,0.0,15.546358524795298,-0.10986885248981637,518,215,44,0.8301158301158301,0.5575091575091575,0.0,10.544302186520332
2021-03-22,2021-03-22,0,365.7301330566406,0,0.0,165.46358524795298,,,165.46358524795298,155.46358524795298,0.0,15.546358524795298,-0.10986885248981637,518,215,44,0.8301158301158301,0.5571010248901903,0.0,10.544302186520332
2021-03-23,2021-03-23,0,362.8515625,0,0.0,165.46358524795298,,,165.46358524795298,155.46358524795298,0.0,15.546358524795298,-0.10986885248981637,518,215,44,0.8301158301158301,0.556693489392831,0.0,10.544302186520332
2021-03-24,2021-03-24,0,361.007080078125,0,0.0,165.46358524795298,,,165.46358524795298,155.46358524795298,0.0,15.546358524795298,-0.10986885248981637,518,215,44,0.8301158301158301,0.5562865497076024,0.0,10.544302186520332
2021-03-25,2021-03-25,1,363.0379638671875,1,0.45554710873448784,-2.842170943040401e-14,2021-03-25,363.0379638671875,165.3808948005527,155.46358524795298,-0.08269044740027637,15.53808948005527,-0.10986885248981637,519,215,44,0.8301158301158301,0.5566106647187729,0.08269044740027637,10.626992633920608
2021-03-26,2021-03-26,1,368.8882141113281,1,0.45554710873448784,-2.842170943040401e-14,2021-03-25,363.0379638671875,168.0459593846442,155.46358524795298,2.5823741366912056,15.80459593846442,-0.10986885248981637,519,215,44,0.8301158301158301,0.5569343065693431,0.0,10.626992633920608
2021-03-29,2021-03-29,1,368.7019348144531,1,0.45554710873448784,-2.842170943040401e-14,2021-03-25,363.0379638671875,167.9611003895357,155.46358524795298,2.497515141582701,15.796110038953568,-0.10986885248981637,519,215,44,0.8301158301158301,0.5572574762946754,0.0,10.626992633920608
2021-03-30,2021-03-30,1,367.7237854003906,1,0.45554710873448784,-2.842170943040401e-14,2021-03-25,363.0379638671875,167.5155072520492,155.46358524795298,2.0519220040962036,15.751550725204918,-0.10986885248981637,519,215,44,0.8301158301158301,0.5575801749271136,0.0,10.626992633920608
2021-03-31,2021-03-31,1,369.2142333984375,1,0.45554710873448784,-2.842170943040401e-14,2021-03-25,363.0379638671875,168.19447652827856,155.46358524795298,2.7308912803255705,15.819447652827854,-0.10986885248981637,519,215,44,0.8301158301158301,0.5579024034959942,0.0,10.626992633920608
2021-04-01,2021-04-01,1,373.2014770507813,1,0.45554710873448784,-2.842170943040401e-14,2021-03-25,363.0379638671875,170.01085384592372,155.46358524795298,4.547268597970733,16.001085384592372,-0.10986885248981637,519,215,44,0.8301158301158301,0.5582241630276564,0.0,10.626992633920608
2021-04-05,2021-04-05,1,378.55810546875,1,0.45554710873448784,-2.842170943040401e-14,2021-03-25,363.0379638671875,172.45105043429433,155.46358524795298,6.987465186341344,16.245105043429433,-0.10986885248981637,519,215,44,0.8301158301158301,0.5585454545454546,0.0,10.626992633920608
2021-04-06,2021-04-06,0,378.3345336914063,0,0.0,172.26302835605202,,,172.26302835605202,162.26302835605202,0.0,16.226302835605203,-0.10986885248981637,520,216,44,0.8307692307692308,0.5581395348837209,0.0861746014787654,10.713167235399373
2021-04-07,2021-04-07,1,378.7722778320313,1,0.454565843286086,-2.842170943040401e-14,2021-04-07,378.7722778320313,172.17693988610895,162.26302835605202,-0.0860884699430545,16.217693988610897,-0.10986885248981637,521,216,44,0.8307692307692308,0.5584604212055192,0.0860884699430545,10.799255705342429
2021-04-08,2021-04-08,1,380.5702819824219,1,0.454565843286086,-2.842170943040401e-14,2021-04-07,378.7722778320313,172.99425115896312,162.26302835605202,0.7312228029111151,16.299425115896312,-0.10986885248981637,521,216,44,0.8307692307692308,0.5587808417997098,0.0,10.799255705342429
2021-04-09,2021-04-09,1,383.3370971679688,1,0.454565843286086,-2.842170943040401e-14,2021-04-07,378.7722778320313,174.25195083699802,162.26302835605202,1.9889224809460115,16.4251950836998,-0.10986885248981637,521,216,44,0.8307692307692308,0.5591007976794778,0.0,10.799255705342429
2021-04-12,2021-04-12,0,383.4768676757813,0,0.0,174.22832799288045,,,174.22832799288045,164.22832799288045,0.0,16.422832799288045,-0.10986885248981637,522,217,44,0.8314176245210728,0.558695652173913,0.08715774286787417,10.886413448210302
2021-04-13,2021-04-13,1,384.6133117675781,1,0.4527697093059326,-2.842170943040401e-14,2021-04-13,384.6133117675781,174.14125736419834,164.22832799288045,-0.08707062868209918,16.414125736419834,-0.10986885248981637,523,217,44,0.8314176245210728,0.559015206372194,0.08707062868209918,10.973484076892401
2021-04-14,2021-04-14,0,383.2999267578125,0,0.0,173.45982311691242,,,173.45982311691242,163.45982311691242,0.0,16.34598231169124,-0.10986885248981637,524,217,45,0.8282442748091603,0.5586107091172214,0.08677329820756001,11.060257375099962
2021-04-15,2021-04-15,1,387.41741943359375,1,0.4475099152797789,-2.842170943040401e-14,2021-04-15,387.41741943359375,173.3731365486381,163.45982311691242,-0.08668656827431906,16.33731365486381,-0.10986885248981637,525,217,45,0.8282442748091603,0.5589298626174982,0.08668656827431906,11.14694394337428
2021-04-16,2021-04-16,0,388.7123718261719,0,0.0,173.86566426384002,,,173.86566426384002,163.86566426384002,0.0,16.386566426384,-0.10986885248981637,526,218,45,0.8288973384030418,0.5585260115606936,0.08697632029206605,11.233920263666347
2021-04-19,2021-04-19,0,386.8026123046875,0,0.0,173.86566426384002,,,173.86566426384002,163.86566426384002,0.0,16.386566426384,-0.10986885248981637,526,218,45,0.8288973384030418,0.5581227436823105,0.0,11.233920263666347
2021-04-20,2021-04-20,1,383.9705810546875,1,0.4525835661655838,0.0,2021-04-20,383.9705810546875,173.77877487640183,163.86566426384002,-0.08688938743820092,16.377877487640184,-0.10986885248981637,527,218,45,0.8288973384030418,0.5584415584415584,0.08688938743820092,11.320809651104549
2021-04-21,2021-04-21,1,387.6037292480469,1,0.4525835661655838,0.0,2021-04-20,383.9705810546875,175.42307804216045,163.86566426384002,1.557413778320428,16.542307804216044,-0.10986885248981637,527,218,45,0.8288973384030418,0.558759913482336,0.0,11.320809651104549
2021-04-22,2021-04-22,1,384.0636901855469,1,0.4525835661655838,0.0,2021-04-20,383.9705810546875,173.82091453888873,163.86566426384002,-0.044749724951297656,16.382091453888872,-0.10986885248981637,527,218,45,0.8288973384030418,0.5590778097982709,0.0,11.320809651104549
2021-04-23,2021-04-23,1,388.22796630859375,1,0.4525835661655838,0.0,2021-04-20,383.9705810546875,175.7055974771555,163.86566426384002,1.839933213315466,16.57055974771555,-0.10986885248981637,527,218,45,0.8288973384030418,0.5593952483801296,0.0,11.320809651104549
2021-04-26,2021-04-26,1,389.0383605957031,1,0.4525835661655838,0.0,2021-04-20,383.9705810546875,176.07236861361565,163.86566426384002,2.2067043497756247,16.607236861361564,-0.10986885248981637,527,218,45,0.8288973384030418,0.5597122302158274,0.0,11.320809651104549
2021-04-27,2021-04-27,1,388.95452880859375,1,0.4525835661655838,0.0,2021-04-20,383.9705810546875,176.03442772444765,163.86566426384002,2.168763460607626,16.603442772444765,-0.10986885248981637,527,218,45,0.8288973384030418,0.5600287562904386,0.0,11.320809651104549
2021-04-28,2021-04-28,1,388.84283447265625,1,0.4525835661655838,0.0,2021-04-20,383.9705810546875,175.98387670356857,163.86566426384002,2.1182124397285422,16.598387670356857,-0.10986885248981637,527,218,45,0.8288973384030418,0.5603448275862069,0.0,11.320809651104549
2021-04-29,2021-04-29,1,391.32080078125,1,0.4525835661655838,0.0,2021-04-20,383.9705810546875,177.1053635323501,163.86566426384002,3.2396992685100843,16.71053635323501,-0.10986885248981637,527,218,45,0.8288973384030418,0.5606604450825556,0.0,11.320809651104549
2021-04-30,2021-04-30,1,388.7495422363281,1,0.4525835661655838,0.0,2021-04-20,383.9705810546875,175.94165417055564,163.86566426384002,2.07598990671561,16.594165417055564,-0.10986885248981637,527,218,45,0.8288973384030418,0.5609756097560976,0.0,11.320809651104549
2021-05-03,2021-05-03,0,389.5880737304688,0,0.0,176.2329991646437,,,176.2329991646437,166.2329991646437,0.0,16.62329991646437,-0.10986885248981637,528,219,45,0.8295454545454546,0.560573476702509,0.08816057987225799,11.408970230976806
2021-05-04,2021-05-04,0,387.1846008300781,0,0.0,176.2329991646437,,,176.2329991646437,166.2329991646437,0.0,16.62329991646437,-0.10986885248981637,528,219,45,0.8295454545454546,0.5601719197707736,0.0,11.408970230976806
2021-05-05,2021-05-05,1,387.30560302734375,1,0.45479570996254665,0.0,2021-05-05,387.30560302734375,176.14492670129306,166.2329991646437,-0.08807246335064653,16.614492670129305,-0.10986885248981637,529,219,45,0.8295454545454546,0.560486757337151,0.08807246335064653,11.497042694327453
2021-05-06,2021-05-06,1,390.3984375,1,0.45479570996254665,0.0,2021-05-05,387.30560302734375,177.5515345510814,166.2329991646437,1.3185353864376974,16.75515345510814,-0.10986885248981637,529,219,45,0.8295454545454546,0.5608011444921316,0.0,11.497042694327453
2021-05-07,2021-05-07,0,393.2397766113281,0,0.0,178.7543415077675,,,178.7543415077675,168.7543415077675,0.0,16.875434150776748,-0.10986885248981637,530,220,45,0.8301886792452831,0.5604002859185132,0.08942188169473111,11.586464576022184
2021-05-10,2021-05-10,0,389.3457336425781,0,0.0,178.7543415077675,,,178.7543415077675,168.7543415077675,0.0,16.875434150776748,-0.10986885248981637,530,220,45,0.8301886792452831,0.56,0.0,11.586464576022184
2021-05-11,2021-05-11,0,385.8710021972656,0,0.0,178.7543415077675,,,178.7543415077675,168.7543415077675,0.0,16.875434150776748,-0.10986885248981637,530,220,45,0.8301886792452831,0.5596002855103498,0.0,11.586464576022184
2021-05-12,2021-05-12,1,377.673095703125,1,0.47306787546155493,0.0,2021-05-12,377.673095703125,178.66500900326585,168.7543415077675,-0.08933250450163292,16.866500900326585,-0.10986885248981637,531,220,45,0.8301886792452831,0.5599144079885877,0.08933250450163292,11.675797080523816
2021-05-13,2021-05-13,1,382.2099304199219,1,0.47306787546155493,0.0,2021-05-12,377.673095703125,180.81123976406118,168.7543415077675,2.0568982562937004,17.08112397640612,-0.10986885248981637,531,220,45,0.8301886792452831,0.5602280826799715,0.0,11.675797080523816
2021-05-14,2021-05-14,1,388.0787963867188,1,0.47306787546155493,0.0,2021-05-12,377.673095703125,183.58761171834243,168.7543415077675,4.833270210574946,17.358761171834242,-0.10986885248981637,531,220,45,0.8301886792452831,0.5605413105413105,0.0,11.675797080523816
2021-05-17,2021-05-17,0,387.09130859375,0,0.0,183.02890273459542,,,183.02890273459542,173.02890273459542,0.0,17.302890273459543,-0.10986885248981637,532,221,45,0.8308270676691729,0.5601423487544483,0.09156023148303924,11.767357312006855
2021-05-18,2021-05-18,1,383.75628662109375,1,0.4767021164091366,0.0,2021-05-18,383.75628662109375,182.93743401758664,173.02890273459542,-0.09146871700879332,17.293743401758665,-0.10986885248981637,533,221,45,0.8308270676691729,0.5604551920341394,0.09146871700879332,11.858826029015647
2021-05-19,2021-05-19,1,382.7501525878906,1,0.4767021164091366,0.0,2021-05-18,383.75628662109375,182.45780779456743,173.02890273459542,-0.5710949400280032,17.245780779456744,-0.10986885248981637,533,221,45,0.8308270676691729,0.5607675906183369,0.0,11.858826029015647
2021-05-20,2021-05-20,1,386.8677673339844,1,0.4767021164091366,0.0,2021-05-18,383.75628662109375,184.4206834585878,173.02890273459542,1.39178072399237,17.44206834585878,-0.10986885248981637,533,221,45,0.8308270676691729,0.5610795454545454,0.0,11.858826029015647
2021-05-21,2021-05-21,1,386.551025390625,1,0.4767021164091366,0.0,2021-05-18,383.75628662109375,184.26969190383284,173.02890273459542,1.2407891692374033,17.426969190383282,-0.10986885248981637,533,221,45,0.8308270676691729,0.5613910574875799,0.0,11.858826029015647
2021-05-24,2021-05-24,1,390.49169921875,1,0.4767021164091366,0.0,2021-05-18,383.75628662109375,186.14821945777814,173.02890273459542,3.1193167231827075,17.614821945777813,-0.10986885248981637,533,221,45,0.8308270676691729,0.5617021276595745,0.0,11.858826029015647
2021-05-25,2021-05-25,1,389.6253051757813,1,0.4767021164091366,0.0,2021-05-18,383.75628662109375,185.7352075838507,173.02890273459542,2.7063048492552624,17.57352075838507,-0.10986885248981637,533,221,45,0.8308270676691729,0.5620127569099929,0.0,11.858826029015647
2021-05-26,2021-05-26,1,390.3984375,1,0.4767021164091366,0.0,2021-05-18,383.75628662109375,186.10376139907004,173.02890273459542,3.0748586644746054,17.610376139907004,-0.10986885248981637,533,221,45,0.8308270676691729,0.5623229461756374,0.0,11.858826029015647
2021-05-27,2021-05-27,0,390.6034240722656,0,0.0,186.10837819243858,,,186.10837819243858,176.10837819243858,0.0,17.61083781924386,-0.10986885248981637,534,222,45,0.8314606741573034,0.5619249823071479,0.09310073946595226,11.9519267684816
2021-05-28,2021-05-28,0,391.30218505859375,0,0.0,186.10837819243858,,,186.10837819243858,176.10837819243858,0.0,17.61083781924386,-0.10986885248981637,534,222,45,0.8314606741573034,0.5615275813295615,0.0,11.9519267684816
2021-06-01,2021-06-01,1,390.95745849609375,1,0.475794402855838,0.0,2021-06-01,390.95745849609375,186.015370507185,176.10837819243858,-0.0930076852535925,17.6015370507185,-0.10986885248981637,535,222,45,0.8314606741573034,0.5618374558303887,0.0930076852535925,12.044934453735193
2021-06-02,2021-06-02,1,391.5722351074219,1,0.475794402855838,0.0,2021-06-01,390.95745849609375,186.3078777778616,176.10837819243858,0.19949958542300206,17.63078777778616,-0.10986885248981637,535,222,45,0.8314606741573034,0.5621468926553672,0.0,12.044934453735193
2021-06-03,2021-06-03,1,390.1190185546875,1,0.475794402855838,0.0,2021-06-01,390.95745849609375,185.61644547593312,176.10837819243858,-0.4919327165054702,17.56164454759331,-0.10986885248981637,535,222,45,0.8314606741573034,0.5624558927311221,0.0,12.044934453735193
2021-06-04,2021-06-04,1,393.6869812011719,1,0.475794402855838,0.0,2021-06-01,390.95745849609375,187.3140621327291,176.10837819243858,1.2056839402905162,17.731406213272912,-0.10986885248981637,535,222,45,0.8314606741573034,0.5627644569816643,0.0,12.044934453735193
2021-06-07,2021-06-07,1,393.3050842285156,1,0.475794402855838,0.0,2021-06-01,390.95745849609375,187.13235769067165,176.10837819243858,1.0239794982330643,17.713235769067165,-0.10986885248981637,535,222,45,0.8314606741573034,0.5630725863284003,0.0,12.044934453735193
2021-06-08,2021-06-08,0,393.3888854980469,0,0.0,187.07864375073402,,,187.07864375073402,177.07864375073402,0.0,17.707864375073402,-0.10986885248981637,536,223,45,0.832089552238806,0.5626760563380282,0.09358611493283343,12.138520568668026
2021-06-09,2021-06-09,1,392.8019714355469,1,0.47602905477226715,0.0,2021-06-09,392.8019714355469,186.98515117514646,177.07864375073402,-0.09349257558757323,17.698515117514646,-0.10986885248981637,537,223,45,0.832089552238806,0.5629838142153413,0.09349257558757323,12.2320131442556
2021-06-10,2021-06-10,1,394.6278381347656,1,0.47602905477226715,0.0,2021-06-09,392.8019714355469,187.85431677411572,177.07864375073402,0.7756730233816873,17.785431677411573,-0.10986885248981637,537,223,45,0.832089552238806,0.5632911392405063,0.0,12.2320131442556
2021-06-11,2021-06-11,1,395.2799987792969,1,0.47602905477226715,0.0,2021-06-09,392.8019714355469,188.16476418929162,177.07864375073402,1.086120438557588,17.816476418929163,-0.10986885248981637,537,223,45,0.832089552238806,0.5635980323260716,0.0,12.2320131442556
2021-06-14,2021-06-14,1,396.1649169921875,1,0.47602905477226715,0.0,2021-06-09,392.8019714355469,188.5860109697247,177.07864375073402,1.507367218990668,17.85860109697247,-0.10986885248981637,537,223,45,0.832089552238806,0.5639044943820225,0.0,12.2320131442556
2021-06-15,2021-06-15,0,395.4383544921875,0,0.0,188.14602603656192,,,188.14602603656192,178.14602603656192,0.0,17.81460260365619,-0.10986885248981637,538,224,45,0.8327137546468402,0.5635087719298245,0.09412007305480836,12.326133217310408
2021-06-16,2021-06-16,1,393.23046875,1,0.4782233702142229,0.0,2021-06-16,393.23046875,188.05200003654366,178.14602603656192,-0.09402600001827183,17.805200003654367,-0.10986885248981637,539,224,45,0.8327137546468402,0.5638148667601683,0.09402600001827183,12.42015921732868
2021-06-17,2021-06-17,0,393.1000061035156,0,0.0,187.8956149451798,,,187.8956149451798,177.8956149451798,0.0,17.78956149451798,-0.10986885248981637,540,224,46,0.8296296296296296,0.5634197617379118,0.09399480487502741,12.514154022203707
2021-06-18,2021-06-18,0,387.7969055175781,0,0.0,187.8956149451798,,,187.8956149451798,177.8956149451798,0.0,17.78956149451798,-0.10986885248981637,540,224,46,0.8296296296296296,0.5630252100840336,0.0,12.514154022203707
2021-06-21,2021-06-21,1,393.34869384765625,1,0.47744333977850006,-2.842170943040401e-14,2021-06-21,393.34869384765625,187.80171408813572,177.8956149451798,-0.09390085704406788,17.780171408813572,-0.10986885248981637,541,224,46,0.8296296296296296,0.56333100069979,0.09390085704406788,12.608054879247774
2021-06-22,2021-06-22,1,395.4515686035156,1,0.47744333977850006,-2.842170943040401e-14,2021-06-21,393.34869384765625,188.8057176347091,177.8956149451798,0.9101026895293186,17.88057176347091,-0.10986885248981637,541,224,46,0.8296296296296296,0.5636363636363636,0.0,12.608054879247774
2021-06-23,2021-06-23,1,394.9749755859375,1,0.47744333977850006,-2.842170943040401e-14,2021-06-21,393.34869384765625,188.5781714726815,177.8956149451798,0.682556527501711,17.85781714726815,-0.10986885248981637,541,224,46,0.8296296296296296,0.5639412997903563,0.0,12.608054879247774
2021-06-24,2021-06-24,1,397.31158447265625,1,0.47744333977850006,-2.842170943040401e-14,2021-06-21,393.34869384765625,189.6937698233126,177.8956149451798,1.7981548781328143,17.969376982331262,-0.10986885248981637,541,224,46,0.8296296296296296,0.5642458100558659,0.0,12.608054879247774
2021-06-25,2021-06-25,1,398.7227478027344,1,0.47744333977850006,-2.842170943040401e-14,2021-06-21,393.34869384765625,190.36752035659808,177.8956149451798,2.4719054114182852,18.03675203565981,-0.10986885248981637,541,224,46,0.8296296296296296,0.5645498953244941,0.0,12.608054879247774
2021-06-28,2021-06-28,0,399.5265808105469,0,0.0,190.65592941993603,,,190.65592941993603,180.65592941993603,0.0,18.065592941993604,-0.10986885248981637,542,225,46,0.8302583025830258,0.5641562064156206,0.09537565253623614,12.70343053178401
2021-06-29,2021-06-29,0,399.7416076660156,0,0.0,190.65592941993603,,,190.65592941993603,180.65592941993603,0.0,18.065592941993604,-0.10986885248981637,542,225,46,0.8302583025830258,0.5637630662020906,0.0,12.70343053178401
2021-06-30,2021-06-30,1,400.0780029296875,1,0.4763087390457676,-2.842170943040401e-14,2021-06-30,400.0780029296875,190.56064909538833,180.65592941993603,-0.09528032454769418,18.056064909538833,-0.10986885248981637,543,225,46,0.8302583025830258,0.564066852367688,0.09528032454769418,12.798710856331704
2021-07-01,2021-07-01,1,402.2931823730469,1,0.4763087390457676,-2.842170943040401e-14,2021-06-30,400.0780029296875,191.61575842281493,180.65592941993603,0.9598290028789124,18.161575842281493,-0.10986885248981637,543,225,46,0.8302583025830258,0.5643702157272095,0.0,12.798710856331704
2021-07-02,2021-07-02,0,405.3680725097656,0,0.0,192.98381528880645,,,192.98381528880645,182.98381528880645,0.0,18.298381528880647,-0.10986885248981637,544,226,46,0.8308823529411765,0.5639777468706537,0.09654017773326988,12.895251034064973
2021-07-06,2021-07-06,1,404.6297302246094,1,0.47670093716527817,0.0,2021-07-06,404.6297302246094,192.88737160300496,182.98381528880645,-0.09644368580150249,18.288737160300496,-0.10986885248981637,545,226,46,0.8308823529411765,0.5642807505211953,0.09644368580150249,12.991694719866475
2021-07-07,2021-07-07,0,406.0596618652344,0,0.0,193.4722368454951,,,193.4722368454951,183.4722368454951,0.0,18.347223684549512,-0.10986885248981637,546,227,46,0.8315018315018315,0.5638888888888889,0.09678451067808659,13.08847923054456
2021-07-08,2021-07-08,1,402.7510681152344,1,0.4801366510979218,0.0,2021-07-08,402.7510681152344,193.37554907095964,183.4722368454951,-0.09668777453547982,18.337554907095964,-0.10986885248981637,547,227,46,0.8315018315018315,0.5641915336571826,0.09668777453547982,13.185167005080041
2021-07-09,2021-07-09,1,407.0503540039063,1,0.4801366510979218,0.0,2021-07-08,402.7510681152344,195.43979379965913,183.4722368454951,1.9675569541640126,18.54397937996591,-0.10986885248981637,547,227,46,0.8315018315018315,0.5644937586685159,0.0,13.185167005080041
2021-07-12,2021-07-12,0,408.5083923339844,0,0.0,196.04178151491487,,,196.04178151491487,186.04178151491487,0.0,18.60417815149149,-0.10986885248981637,548,228,46,0.8321167883211679,0.5641025641025641,0.0980699257203176,13.283236930800358
2021-07-13,2021-07-13,0,407.1158142089844,0,0.0,196.04178151491487,,,196.04178151491487,186.04178151491487,0.0,18.60417815149149,-0.10986885248981637,548,228,46,0.8321167883211679,0.5637119113573407,0.0,13.283236930800358
2021-07-14,2021-07-14,1,407.7232971191406,1,0.4805803617173565,-2.842170943040401e-14,2021-07-14,407.7232971191406,195.9438096101098,186.04178151491487,-0.09797190480505492,18.59438096101098,-0.10986885248981637,549,228,46,0.8321167883211679,0.5640138408304498,0.09797190480505492,13.381208835605413
2021-07-15,2021-07-15,0,406.3306884765625,0,0.0,195.17691197030643,,,195.17691197030643,185.17691197030643,0.0,18.517691197030643,-0.10986885248981637,550,228,47,0.8290909090909091,0.5636237897648686,0.09763727462246446,13.478846110227877
2021-07-16,2021-07-16,0,403.14361572265625,0,0.0,195.17691197030643,,,195.17691197030643,185.17691197030643,0.0,18.517691197030643,-0.10986885248981637,550,228,47,0.8290909090909091,0.5632342778161714,0.0,13.478846110227877
2021-07-19,2021-07-19,1,397.1900329589844,1,0.4911487099282502,0.0,2021-07-19,397.1900329589844,195.07937228416435,185.17691197030643,-0.09753968614208218,18.507937228416434,-0.10986885248981637,551,228,47,0.8290909090909091,0.56353591160221,0.09753968614208218,13.57638579636996
2021-07-20,2021-07-20,1,402.88189697265625,1,0.4911487099282502,0.0,2021-07-19,397.1900329589844,197.87492395156633,185.17691197030643,2.6980119812598984,18.787492395156633,-0.10986885248981637,551,228,47,0.8290909090909091,0.5638371290545203,0.0,13.57638579636996
2021-07-21,2021-07-21,1,406.1438293457031,1,0.4911487099282502,0.0,2021-07-19,397.1900329589844,199.4770178284615,185.17691197030643,4.300105858155066,18.94770178284615,-0.10986885248981637,551,228,47,0.8290909090909091,0.5641379310344827,0.0,13.57638579636996
2021-07-22,2021-07-22,1,406.9943237304688,1,0.4911487099282502,0.0,2021-07-19,397.1900329589844,199.89473704834037,185.17691197030643,4.717825078033942,18.989473704834037,-0.10986885248981637,551,228,47,0.8290909090909091,0.5644383184011027,0.0,13.57638579636996
2021-07-23,2021-07-23,0,411.1814270019531,0,0.0,201.85025180475702,,,201.85025180475702,191.85025180475702,0.0,19.1850251804757,-0.10986885248981637,552,229,47,0.8297101449275363,0.5640495867768595,0.10097561370923314,13.677361410079193
2021-07-26,2021-07-26,1,412.1908874511719,1,0.4894561797902389,0.0,2021-07-26,412.1908874511719,201.74937711619893,191.85025180475702,-0.10087468855809946,19.174937711619894,-0.10986885248981637,553,229,47,0.8297101449275363,0.5643496214728149,0.10087468855809946,13.778236098637292
2021-07-27,2021-07-27,0,410.3122863769531,0,0.0,200.72946926895642,,,200.72946926895642,190.72946926895642,0.0,19.072946926895643,-0.10986885248981637,554,229,48,0.8267148014440433,0.5639614855570839,0.10041494210553098,13.878651040742822
2021-07-28,2021-07-28,1,410.14398193359375,1,0.4891676180295495,-2.842170943040401e-14,2021-07-28,410.14398193359375,200.6291546916106,190.72946926895642,-0.10031457734580532,19.062915469161062,-0.10986885248981637,555,229,48,0.8267148014440433,0.5642611683848797,0.10031457734580532,13.978965618088628
2021-07-29,2021-07-29,0,411.8449401855469,0,0.0,201.36047778389218,,,201.36047778389218,191.36047778389218,0.0,19.13604777838922,-0.10986885248981637,556,230,48,0.8273381294964028,0.5638736263736264,0.10073060419404313,14.07969622228267
2021-07-30,2021-07-30,1,409.8449096679688,1,0.4910634318308616,-2.842170943040401e-14,2021-07-30,409.8449096679688,201.2598478599622,191.36047778389218,-0.10062992392998112,19.12598478599622,-0.10986885248981637,557,230,48,0.8273381294964028,0.5641729581331503,0.10062992392998112,14.180326146212652
2021-08-02,2021-08-02,1,408.9850769042969,1,0.4910634318308616,-2.842170943040401e-14,2021-07-30,409.8449096679688,200.83761543223284,191.36047778389218,-0.5228623516593506,19.083761543223282,-0.10986885248981637,557,230,48,0.8273381294964028,0.5644718792866941,0.0,14.180326146212652
2021-08-03,2021-08-03,0,412.3123779296875,0,0.0,202.37029552684928,,,202.37029552684928,192.37029552684928,0.0,19.237029552684927,-0.10986885248981637,558,231,48,0.8279569892473119,0.5640849897189856,0.10123576564624777,14.2815619118589
2021-08-04,2021-08-04,1,410.2842102050781,1,0.4929976731136522,0.0,2021-08-04,410.2842102050781,202.26916094637608,192.37029552684928,-0.10113458047318805,19.22691609463761,-0.10986885248981637,559,231,48,0.8279569892473119,0.5643835616438356,0.10113458047318805,14.382696492332087
2021-08-05,2021-08-05,1,412.8824462890625,1,0.4929976731136522,0.0,2021-08-04,410.2842102050781,203.5500852899803,192.37029552684928,1.1797897631310386,19.35500852899803,-0.10986885248981637,559,231,48,0.8279569892473119,0.5646817248459959,0.0,14.382696492332087
2021-08-06,2021-08-06,1,413.564697265625,1,0.4929976731136522,0.0,2021-08-04,410.2842102050781,203.88643343390513,192.37029552684928,1.5161379070558618,19.388643343390513,-0.10986885248981637,559,231,48,0.8279569892473119,0.5649794801641587,0.0,14.382696492332087
2021-08-09,2021-08-09,1,413.2283020019531,1,0.4929976731136522,0.0,2021-08-04,410.2842102050781,203.72059135166845,192.37029552684928,1.3502958248191825,19.372059135166843,-0.10986885248981637,559,231,48,0.8279569892473119,0.5652768284347232,0.0,14.382696492332087
2021-08-10,2021-08-10,0,413.7423095703125,0,0.0,203.872008888889,,,203.872008888889,193.872008888889,0.0,19.387200888888902,-0.10986885248981637,560,232,48,0.8285714285714286,0.5648907103825137,0.10198699794341622,14.484683490275504
2021-08-11,2021-08-11,0,414.7704162597656,0,0.0,203.872008888889,,,203.872008888889,193.872008888889,0.0,19.387200888888902,-0.10986885248981637,560,232,48,0.8285714285714286,0.5645051194539249,0.0,14.484683490275504
2021-08-12,2021-08-12,0,416.0134887695313,0,0.0,203.872008888889,,,203.872008888889,193.872008888889,0.0,19.387200888888902,-0.10986885248981637,560,232,48,0.8285714285714286,0.5641200545702592,0.0,14.484683490275504
2021-08-13,2021-08-13,0,416.7705078125,0,0.0,203.872008888889,,,203.872008888889,193.872008888889,0.0,19.387200888888902,-0.10986885248981637,560,232,48,0.8285714285714286,0.5637355146557601,0.0,14.484683490275504
2021-08-16,2021-08-16,0,417.7518615722656,0,0.0,203.872008888889,,,203.872008888889,193.872008888889,0.0,19.387200888888902,-0.10986885248981637,560,232,48,0.8285714285714286,0.5633514986376021,0.0,14.484683490275504
2021-08-17,2021-08-17,0,415.0134887695313,0,0.0,203.872008888889,,,203.872008888889,193.872008888889,0.0,19.387200888888902,-0.10986885248981637,560,232,48,0.8285714285714286,0.5629680054458815,0.0,14.484683490275504
2021-08-18,2021-08-18,0,410.4710998535156,0,0.0,203.872008888889,,,203.872008888889,193.872008888889,0.0,19.387200888888902,-0.10986885248981637,560,232,48,0.8285714285714286,0.5625850340136055,0.0,14.484683490275504
2021-08-19,2021-08-19,1,411.1066284179688,1,0.49566246258575064,-2.842170943040401e-14,2021-08-19,411.1066284179688,203.77012382697552,193.872008888889,-0.10188506191348777,19.37701238269755,-0.10986885248981637,561,232,48,0.8285714285714286,0.5628823929299797,0.10188506191348777,14.586568552188991
2021-08-20,2021-08-20,1,414.3778381347656,1,0.49566246258575064,-2.842170943040401e-14,2021-08-19,411.1066284179688,205.39153969083748,193.872008888889,1.5195308019484675,19.53915396908375,-0.10986885248981637,561,232,48,0.8285714285714286,0.5631793478260869,0.0,14.586568552188991
2021-08-23,2021-08-23,1,418.0230102539063,1,0.49566246258575064,-2.842170943040401e-14,2021-08-19,411.1066284179688,207.19831467995965,193.872008888889,3.3263057910706424,19.719831467995967,-0.10986885248981637,561,232,48,0.8285714285714286,0.5634758995247794,0.0,14.586568552188991
2021-08-24,2021-08-24,0,418.68658447265625,0,0.0,207.42345989957803,,,207.42345989957803,197.42345989957803,0.0,19.742345989957805,-0.10986885248981637,562,233,48,0.8291814946619217,0.5630936227951153,0.10376361175566685,14.690332163944658
2021-08-25,2021-08-25,0,419.5650939941406,0,0.0,207.42345989957803,,,207.42345989957803,197.42345989957803,0.0,19.742345989957805,-0.10986885248981637,562,233,48,0.8291814946619217,0.5627118644067797,0.0,14.690332163944658
2021-08-26,2021-08-26,0,417.0882263183594,0,0.0,207.42345989957803,,,207.42345989957803,197.42345989957803,0.0,19.742345989957805,-0.10986885248981637,562,233,48,0.8291814946619217,0.5623306233062331,0.0,14.690332163944658
2021-08-27,2021-08-27,0,420.8174743652344,0,0.0,207.42345989957803,,,207.42345989957803,197.42345989957803,0.0,19.742345989957805,-0.10986885248981637,562,233,48,0.8291814946619217,0.5619498984427894,0.0,14.690332163944658
2021-08-30,2021-08-30,0,422.66802978515625,0,0.0,207.42345989957803,,,207.42345989957803,197.42345989957803,0.0,19.742345989957805,-0.10986885248981637,562,233,48,0.8291814946619217,0.5615696887686062,0.0,14.690332163944658
2021-08-31,2021-08-31,0,422.0418701171875,0,0.0,207.42345989957803,,,207.42345989957803,197.42345989957803,0.0,19.742345989957805,-0.10986885248981637,562,233,48,0.8291814946619217,0.5611899932386748,0.0,14.690332163944658
2021-09-01,2021-09-01,0,422.2661743164063,0,0.0,207.42345989957803,,,207.42345989957803,197.42345989957803,0.0,19.742345989957805,-0.10986885248981637,562,233,48,0.8291814946619217,0.5608108108108109,0.0,14.690332163944658
2021-09-02,2021-09-02,0,423.5652465820313,0,0.0,207.42345989957803,,,207.42345989957803,197.42345989957803,0.0,19.742345989957805,-0.10986885248981637,562,233,48,0.8291814946619217,0.5604321404456448,0.0,14.690332163944658
2021-09-03,2021-09-03,1,423.4624328613281,1,0.48958250817840454,-2.842170943040401e-14,2021-09-03,423.4624328613281,207.31979999957824,197.42345989957803,-0.10365989999978914,19.731979999957822,-0.10986885248981637,563,233,48,0.8291814946619217,0.5607287449392713,0.10365989999978914,14.793992063944447
2021-09-07,2021-09-07,1,421.9483642578125,1,0.48958250817840454,-2.842170943040401e-14,2021-09-03,423.4624328613281,206.57853849511488,197.42345989957803,-0.8449214044631417,19.65785384951149,-0.10986885248981637,563,233,48,0.8291814946619217,0.5610249494268374,0.0,14.793992063944447
2021-09-08,2021-09-08,0,421.4343872070313,0,0.0,206.22374086928656,,,206.22374086928656,196.22374086928656,0.0,19.622374086928655,-0.10986885248981637,564,233,49,0.8262411347517731,0.5606469002695418,0.10316345216072366,14.89715551610517
2021-09-09,2021-09-09,1,419.6304931640625,1,0.4911956683005762,0.0,2021-09-09,419.6304931640625,206.12068052902205,196.22374086928656,-0.10306034026451102,19.612068052902206,-0.10986885248981637,565,233,49,0.8262411347517731,0.560942760942761,0.10306034026451102,15.000215856369682
2021-09-10,2021-09-10,1,416.3218688964844,1,0.4911956683005762,0.0,2021-09-09,419.6304931640625,204.49549862075352,196.22374086928656,-1.728242248533041,19.44954986207535,-0.10986885248981637,565,233,49,0.8262411347517731,0.5612382234185733,0.0,15.000215856369682
2021-09-13,2021-09-13,0,417.3873901367188,0,0.0,204.91636859941968,,,204.91636859941968,194.91636859941968,0.0,19.49163685994197,-0.10986885248981637,566,233,50,0.823321554770318,0.5608607935440484,0.10250943901921945,15.1027252953889
2021-09-14,2021-09-14,1,415.1349792480469,1,0.49336715010043086,0.0,2021-09-14,415.1349792480469,204.8139616186104,194.91636859941968,-0.1024069808093052,19.48139616186104,-0.10986885248981637,567,233,50,0.823321554770318,0.5611559139784946,0.1024069808093052,15.205132276198206
2021-09-15,2021-09-15,0,418.6023864746094,0,0.0,206.42140410699707,,,206.42140410699707,196.42140410699707,0.0,19.642140410699707,-0.10986885248981637,568,234,50,0.823943661971831,0.5607790463398253,0.1032623332201086,15.308394609418315
2021-09-16,2021-09-16,0,417.9388732910156,0,0.0,206.42140410699707,,,206.42140410699707,196.42140410699707,0.0,19.642140410699707,-0.10986885248981637,568,234,50,0.823943661971831,0.5604026845637584,0.0,15.308394609418315
2021-09-17,2021-09-17,0,413.86767578125,0,0.0,206.42140410699707,,,206.42140410699707,196.42140410699707,0.0,19.642140410699707,-0.10986885248981637,568,234,50,0.823943661971831,0.5600268276324615,0.0,15.308394609418315
2021-09-20,2021-09-20,0,406.966796875,0,0.0,206.42140410699707,,,206.42140410699707,196.42140410699707,0.0,19.642140410699707,-0.10986885248981637,568,234,50,0.823943661971831,0.5596514745308311,0.0,15.308394609418315
2021-09-21,2021-09-21,1,406.5823669433594,1,0.5074451372192608,-2.842170943040401e-14,2021-09-21,406.5823669433594,206.31824498450482,196.42140410699707,-0.10315912249225243,19.63182449845048,-0.10986885248981637,569,234,50,0.823943661971831,0.5599464166108507,0.10315912249225243,15.411553731910567
2021-09-22,2021-09-22,0,410.5484924316406,0,0.0,208.2266706590959,,,208.2266706590959,198.2266706590959,0.0,19.82266706590959,-0.10986885248981637,570,235,50,0.8245614035087719,0.5595716198125836,0.10416541803856726,15.515719149949135
2021-09-23,2021-09-23,1,415.5366516113281,1,0.5008525927794355,0.0,2021-09-23,415.5366516113281,208.1226093544187,198.2266706590959,-0.10406130467720935,19.81226093544187,-0.10986885248981637,571,235,50,0.8245614035087719,0.559866220735786,0.10406130467720935,15.619780454626344
2021-09-24,2021-09-24,0,416.22113037109375,0,0.0,208.36119959979177,,,208.36119959979177,198.36119959979177,0.0,19.83611995997918,-0.10986885248981637,572,236,50,0.8251748251748252,0.5594919786096256,0.10423271615797489,15.72401317078432
2021-09-27,2021-09-27,0,415.0302734375,0,0.0,208.36119959979177,,,208.36119959979177,198.36119959979177,0.0,19.83611995997918,-0.10986885248981637,572,236,50,0.8251748251748252,0.5591182364729459,0.0,15.72401317078432
2021-09-28,2021-09-28,1,406.6666870117188,1,0.5121075261772262,-2.842170943040401e-14,2021-09-28,406.6666870117188,208.25707106425963,198.36119959979177,-0.10412853553212983,19.825707106425963,-0.10986885248981637,573,236,50,0.8251748251748252,0.5594125500667557,0.10412853553212983,15.82814170631645
2021-09-29,2021-09-29,0,407.3512268066406,0,0.0,208.50332523068428,,,208.50332523068428,198.50332523068428,0.0,19.850332523068428,-0.10986885248981637,574,237,50,0.8257839721254355,0.5590393595730487,0.10430381452260347,15.932445520839053
2021-09-30,2021-09-30,0,402.3724060058594,0,0.0,208.50332523068428,,,208.50332523068428,198.50332523068428,0.0,19.850332523068428,-0.10986885248981637,574,237,50,0.8257839721254355,0.5586666666666666,0.0,15.932445520839053
2021-10-01,2021-10-01,0,407.15423583984375,0,0.0,208.50332523068428,,,208.50332523068428,198.50332523068428,0.0,19.850332523068428,-0.10986885248981637,574,237,50,0.8257839721254355,0.558294470353098,0.0,15.932445520839053
2021-10-04,2021-10-04,0,401.9036560058594,0,0.0,208.50332523068428,,,208.50332523068428,198.50332523068428,0.0,19.850332523068428,-0.10986885248981637,574,237,50,0.8257839721254355,0.5579227696404794,0.0,15.932445520839053
2021-10-05,2021-10-05,0,406.0853576660156,0,0.0,208.50332523068428,,,208.50332523068428,198.50332523068428,0.0,19.850332523068428,-0.10986885248981637,574,237,50,0.8257839721254355,0.5575515635395875,0.0,15.932445520839053
2021-10-06,2021-10-06,1,407.7730712890625,1,0.5110664247863494,0.0,2021-10-06,407.7730712890625,208.39912566785037,198.50332523068428,-0.10419956283392519,19.83991256678504,-0.10986885248981637,575,237,50,0.8257839721254355,0.557845744680851,0.10419956283392519,16.03664508367298
2021-10-07,2021-10-07,0,411.2985229492188,0,0.0,210.09576521074177,,,210.09576521074177,200.09576521074177,0.0,20.009576521074177,-0.10986885248981637,576,238,50,0.8263888888888888,0.5574750830564784,0.10510043282178179,16.141745516494762
2021-10-08,2021-10-08,0,410.5484924316406,0,0.0,210.09576521074177,,,210.09576521074177,200.09576521074177,0.0,20.009576521074177,-0.10986885248981637,576,238,50,0.8263888888888888,0.5571049136786188,0.0,16.141745516494762
2021-10-11,2021-10-11,0,407.5762023925781,0,0.0,210.09576521074177,,,210.09576521074177,200.09576521074177,0.0,20.009576521074177,-0.10986885248981637,576,238,50,0.8263888888888888,0.5567352355673524,0.0,16.141745516494762
2021-10-12,2021-10-12,0,406.5729064941406,0,0.0,210.09576521074177,,,210.09576521074177,200.09576521074177,0.0,20.009576521074177,-0.10986885248981637,576,238,50,0.8263888888888888,0.5563660477453581,0.0,16.141745516494762
2021-10-13,2021-10-13,1,408.0356750488281,1,0.5146382600018982,2.842170943040401e-14,2021-10-13,408.0356750488281,209.99076982582886,200.09576521074177,-0.10499538491291442,19.999076982582885,-0.10986885248981637,577,238,50,0.8263888888888888,0.5566600397614314,0.10499538491291442,16.246740901407676
2021-10-14,2021-10-14,1,414.8990783691406,1,0.5146382600018982,2.842170943040401e-14,2021-10-13,408.0356750488281,213.52293976828574,200.09576521074177,3.4271745575439603,20.352293976828573,-0.10986885248981637,577,238,50,0.8263888888888888,0.5569536423841059,0.0,16.246740901407676
2021-10-15,2021-10-15,1,418.058837890625,1,0.5146382600018982,2.842170943040401e-14,2021-10-13,408.0356750488281,215.1490729104469,200.09576521074177,5.053307699705126,20.51490729104469,-0.10986885248981637,577,238,50,0.8263888888888888,0.557246856386499,0.0,16.246740901407676
2021-10-18,2021-10-18,1,419.2965393066406,1,0.5146382600018982,2.842170943040401e-14,2021-10-13,408.0356750488281,215.78604141358707,200.09576521074177,5.690276202845293,20.578604141358706,-0.10986885248981637,577,238,50,0.8263888888888888,0.5575396825396826,0.0,16.246740901407676
2021-10-19,2021-10-19,1,422.5313415527344,1,0.5146382600018982,2.842170943040401e-14,2021-10-13,408.0356750488281,217.45079441296699,200.09576521074177,7.355029202225207,20.7450794412967,-0.10986885248981637,577,238,50,0.8263888888888888,0.55783212161269,0.0,16.246740901407676
2021-10-20,2021-10-20,0,424.19091796875,0,0.0,218.1957234940794,,,218.1957234940794,208.1957234940794,0.0,20.81957234940794,-0.10986885248981637,578,239,50,0.8269896193771626,0.5574636723910171,0.10915243796602271,16.3558933393737
2021-10-21,2021-10-21,0,425.2973327636719,0,0.0,218.1957234940794,,,218.1957234940794,208.1957234940794,0.0,20.81957234940794,-0.10986885248981637,578,239,50,0.8269896193771626,0.5570957095709571,0.0,16.3558933393737
2021-10-22,2021-10-22,0,424.8566284179688,0,0.0,218.1957234940794,,,218.1957234940794,208.1957234940794,0.0,20.81957234940794,-0.10986885248981637,578,239,50,0.8269896193771626,0.5567282321899736,0.0,16.3558933393737
2021-10-25,2021-10-25,0,427.135009765625,0,0.0,218.1957234940794,,,218.1957234940794,208.1957234940794,0.0,20.81957234940794,-0.10986885248981637,578,239,50,0.8269896193771626,0.5563612392880686,0.0,16.3558933393737
2021-10-26,2021-10-26,0,427.5194396972656,0,0.0,218.1957234940794,,,218.1957234940794,208.1957234940794,0.0,20.81957234940794,-0.10986885248981637,578,239,50,0.8269896193771626,0.5559947299077734,0.0,16.3558933393737
2021-10-27,2021-10-27,1,425.62548828125,1,0.5123910248765282,-2.842170943040401e-14,2021-10-27,425.62548828125,218.0866801540024,208.1957234940794,-0.10904334007700123,20.80866801540024,-0.10986885248981637,579,239,50,0.8269896193771626,0.5562870309414089,0.10904334007700123,16.4649366794507
2021-10-28,2021-10-28,0,429.7322082519531,0,0.0,220.08083114536757,,,220.08083114536757,210.08083114536757,0.0,21.008083114536756,-0.10986885248981637,580,240,50,0.8275862068965517,0.555921052631579,0.11009546330433596,16.575032142755038
2021-10-29,2021-10-29,1,430.6042785644531,1,0.5108422202766872,-5.684341886080802e-14,2021-10-29,430.6042785644531,219.9708457225063,210.08083114536757,-0.1099854228612532,20.997084572250632,-0.10986885248981637,581,240,50,0.8275862068965517,0.5562130177514792,0.1099854228612532,16.685017565616292
2021-11-01,2021-11-01,1,431.3450317382813,1,0.5108422202766872,-5.684341886080802e-14,2021-10-29,430.6042785644531,220.3492537185017,210.08083114536757,0.26842257313413537,21.03492537185017,-0.10986885248981637,581,240,50,0.8275862068965517,0.5565045992115637,0.0,16.685017565616292
2021-11-02,2021-11-02,1,433.0890502929688,1,0.5108422202766872,-5.684341886080802e-14,2021-10-29,430.6042785644531,221.240172029182,210.08083114536757,1.1593408838144268,21.1240172029182,-0.10986885248981637,581,240,50,0.8275862068965517,0.556795797767564,0.0,16.685017565616292
2021-11-03,2021-11-03,1,435.7330627441406,1,0.5108422202766872,-5.684341886080802e-14,2021-10-29,430.6042785644531,222.5908452201778,210.08083114536757,2.5100140748102473,21.25908452201778,-0.10986885248981637,581,240,50,0.8275862068965517,0.5570866141732284,0.0,16.685017565616292
2021-11-04,2021-11-04,0,437.78656005859375,0,0.0,223.52803841845144,,,223.52803841845144,213.52803841845144,0.0,21.352803841845144,-0.10986885248981637,582,241,50,0.8281786941580757,0.5567213114754098,0.11181992917381266,16.796837494790104
2021-11-05,2021-11-05,1,439.3054504394531,1,0.5085671712696334,0.0,2021-11-05,439.3054504394531,223.4163302533248,213.52803841845144,-0.1117081651266624,21.341633025332477,-0.10986885248981637,583,241,50,0.8281786941580757,0.5570117955439057,0.1117081651266624,16.908545659916765
2021-11-08,2021-11-08,1,439.6804809570313,1,0.5085671712696334,0.0,2021-11-05,439.3054504394531,223.6070584627893,213.52803841845144,0.07902004433784734,21.36070584627893,-0.10986885248981637,583,241,50,0.8281786941580757,0.5573018991486575,0.0,16.908545659916765
2021-11-09,2021-11-09,0,438.2271728515625,0,0.0,222.7565196937725,,,222.7565196937725,212.7565196937725,0.0,21.27565196937725,-0.10986885248981637,584,241,51,0.8253424657534246,0.5569371727748691,0.11143397683530391,17.01997963675207
2021-11-10,2021-11-10,1,434.7017211914063,1,0.5121792397900136,-2.842170943040401e-14,2021-11-10,434.7017211914063,222.6451970952249,212.7565196937725,-0.11132259854761246,21.26451970952249,-0.10986885248981637,585,241,51,0.8253424657534246,0.5572269457161544,0.11132259854761246,17.13130223529968
2021-11-11,2021-11-11,1,434.8423156738281,1,0.5121792397900136,-2.842170943040401e-14,2021-11-10,434.7017211914063,222.71720667035035,212.7565196937725,-0.03931302342214922,21.271720667035034,-0.10986885248981637,585,241,51,0.8253424657534246,0.5575163398692811,0.0,17.13130223529968
2021-11-12,2021-11-12,1,438.12396240234375,1,0.5121792397900136,-2.842170943040401e-14,2021-11-10,434.7017211914063,224.39799799702087,212.7565196937725,1.6414783032483664,21.439799799702087,-0.10986885248981637,585,241,51,0.8253424657534246,0.557805355976486,0.0,17.13130223529968
2021-11-15,2021-11-15,1,438.2740783691406,1,0.5121792397900136,-2.842170943040401e-14,2021-11-10,434.7017211914063,224.47488427877525,212.7565196937725,1.7183645850027498,21.447488427877524,-0.10986885248981637,585,241,51,0.8253424657534246,0.5580939947780679,0.0,17.13130223529968
2021-11-16,2021-11-16,1,440.0086975097656,1,0.5121792397900136,-2.842170943040401e-14,2021-11-10,434.7017211914063,225.36332019154577,212.7565196937725,2.606800497773268,21.536332019154578,-0.10986885248981637,585,241,51,0.8253424657534246,0.558382257012394,0.0,17.13130223529968
2021-11-17,2021-11-17,1,438.9397888183594,1,0.5121792397900136,-2.842170943040401e-14,2021-11-10,434.7017211914063,224.81584735057638,212.7565196937725,2.059327656803877,21.481584735057638,-0.10986885248981637,585,241,51,0.8253424657534246,0.5586701434159062,0.0,17.13130223529968
2021-11-18,2021-11-18,1,440.4306335449219,1,0.5121792397900136,-2.842170943040401e-14,2021-11-10,434.7017211914063,225.5794270692721,212.7565196937725,2.8229073754996006,21.55794270692721,-0.10986885248981637,585,241,51,0.8253424657534246,0.5589576547231271,0.0,17.13130223529968
2021-11-19,2021-11-19,1,439.6429443359375,1,0.5121792397900136,-2.842170943040401e-14,2021-11-10,434.7017211914063,225.17598900902368,212.7565196937725,2.4194693152511815,21.517598900902367,-0.10986885248981637,585,241,51,0.8253424657534246,0.5592447916666666,0.0,17.13130223529968
2021-11-22,2021-11-22,1,438.4053039550781,1,0.5121792397900136,-2.842170943040401e-14,2021-11-10,434.7017211914063,224.5420952996217,212.7565196937725,1.7855756058492072,21.45420952996217,-0.10986885248981637,585,241,51,0.8253424657534246,0.5595315549772284,0.0,17.13130223529968
2021-11-23,2021-11-23,1,438.9866943359375,1,0.5121792397900136,-2.842170943040401e-14,2021-11-10,434.7017211914063,224.8398713829115,212.7565196937725,2.0833516891389974,21.48398713829115,-0.10986885248981637,585,241,51,0.8253424657534246,0.5598179453836151,0.0,17.13130223529968
2021-11-24,2021-11-24,0,440.1585998535156,0,0.0,225.32737701148037,,,225.32737701148037,215.32737701148037,0.0,21.532737701148037,-0.10986885248981637,586,242,51,0.825938566552901,0.5594541910331384,0.11272004853000521,17.244022283829686
2021-11-26,2021-11-26,1,430.34173583984375,1,0.5233393623491892,-2.842170943040401e-14,2021-11-26,430.34173583984375,225.21476962666702,215.32737701148037,-0.11260738481333353,21.521476962666704,-0.10986885248981637,587,242,51,0.825938566552901,0.5597402597402598,0.11260738481333353,17.35662966864302
2021-11-29,2021-11-29,0,435.62060546875,0,0.0,227.86342118723724,,,227.86342118723724,217.86342118723724,0.0,21.786342118723724,-0.10986885248981637,588,243,51,0.826530612244898,0.5593770279039585,0.11398870494609167,17.47061837358911
2021-11-30,2021-11-30,0,427.1444091796875,0,0.0,227.86342118723724,,,227.86342118723724,217.86342118723724,0.0,21.786342118723724,-0.10986885248981637,588,243,51,0.826530612244898,0.5590142671854734,0.0,17.47061837358911
2021-12-01,2021-12-01,0,422.4000549316406,0,0.0,227.86342118723724,,,227.86342118723724,217.86342118723724,0.0,21.786342118723724,-0.10986885248981637,588,243,51,0.826530612244898,0.5586519766688269,0.0,17.47061837358911
2021-12-02,2021-12-02,0,428.8696899414063,0,0.0,227.86342118723724,,,227.86342118723724,217.86342118723724,0.0,21.786342118723724,-0.10986885248981637,588,243,51,0.826530612244898,0.5582901554404145,0.0,17.47061837358911
2021-12-03,2021-12-03,0,425.1379699707031,0,0.0,227.86342118723724,,,227.86342118723724,217.86342118723724,0.0,21.786342118723724,-0.10986885248981637,588,243,51,0.826530612244898,0.5579288025889968,0.0,17.47061837358911
2021-12-06,2021-12-06,0,430.1730346679688,0,0.0,227.86342118723724,,,227.86342118723724,217.86342118723724,0.0,21.786342118723724,-0.10986885248981637,588,243,51,0.826530612244898,0.5575679172056921,0.0,17.47061837358911
2021-12-07,2021-12-07,1,439.071044921875,1,0.5187077331746034,-2.842170943040401e-14,2021-12-07,439.071044921875,227.74954641403022,217.86342118723724,-0.11387477320701513,21.77495464140302,-0.10986885248981637,589,243,51,0.826530612244898,0.5578539107950873,0.11387477320701513,17.584493146796127
2021-12-08,2021-12-08,0,440.2336730957031,0,0.0,228.23843433328224,,,228.23843433328224,218.23843433328224,0.0,21.823843433328225,-0.10986885248981637,590,244,51,0.8271186440677966,0.5574935400516796,0.11417630531930079,17.69866945211543
2021-12-09,2021-12-09,1,437.2613830566406,1,0.5217116831871215,0.0,2021-12-09,437.2613830566406,228.12437214720865,218.23843433328224,-0.11406218607360433,21.812437214720866,-0.10986885248981637,591,244,51,0.8271186440677966,0.5577792123950936,0.11406218607360433,17.81273163818903
2021-12-10,2021-12-10,1,441.3775024414063,1,0.5217116831871215,0.0,2021-12-09,437.2613830566406,230.2717997196339,218.23843433328224,2.0333653863516394,22.02717997196339,-0.10986885248981637,591,244,51,0.8271186440677966,0.5580645161290323,0.0,17.81273163818903
2021-12-13,2021-12-13,1,437.4676513671875,1,0.5217116831871215,0.0,2021-12-09,437.2613830566406,228.23198473469222,218.23843433328224,-0.00644959859003183,21.823198473469223,-0.10986885248981637,591,244,51,0.8271186440677966,0.5583494519664732,0.0,17.81273163818903
2021-12-14,2021-12-14,1,434.4577941894531,1,0.5217116831871215,0.0,2021-12-09,437.2613830566406,226.6617070803436,218.23843433328224,-1.5767272529386471,21.66617070803436,-0.10986885248981637,591,244,51,0.8271186440677966,0.5586340206185567,0.0,17.81273163818903
2021-12-15,2021-12-15,0,441.2463073730469,0,0.0,230.08825204283443,,,230.08825204283443,220.08825204283443,0.0,22.008825204283443,-0.10986885248981637,592,245,51,0.8277027027027027,0.5582743077913715,0.11510167685984714,17.92783331504888
2021-12-16,2021-12-16,0,437.3551940917969,0,0.0,230.08825204283443,,,230.08825204283443,220.08825204283443,0.0,22.008825204283443,-0.10986885248981637,592,245,51,0.8277027027027027,0.5579150579150579,0.0,17.92783331504888
2021-12-17,2021-12-17,0,432.7005004882813,0,0.0,230.08825204283443,,,230.08825204283443,220.08825204283443,0.0,22.008825204283443,-0.10986885248981637,592,245,51,0.8277027027027027,0.557556270096463,0.0,17.92783331504888
2021-12-20,2021-12-20,0,428.0993957519531,0,0.0,230.08825204283443,,,230.08825204283443,220.08825204283443,0.0,22.008825204283443,-0.10986885248981637,592,245,51,0.8277027027027027,0.5571979434447301,0.0,17.92783331504888
2021-12-21,2021-12-21,1,435.7019653320313,1,0.5278224192421895,0.0,2021-12-21,435.7019653320313,229.97326541012936,220.08825204283443,-0.11498663270506468,21.997326541012935,-0.10986885248981637,593,245,51,0.8277027027027027,0.5574823378291587,0.11498663270506468,18.042819947753944
2021-12-22,2021-12-22,1,440.0585021972656,1,0.5278224192421895,0.0,2021-12-21,435.7019653320313,232.2727432378551,220.08825204283443,2.1844911950206876,22.22727432378551,-0.10986885248981637,593,245,51,0.8277027027027027,0.5577663671373556,0.0,18.042819947753944
2021-12-23,2021-12-23,1,442.7965393066406,1,0.5278224192421895,0.0,2021-12-21,435.7019653320313,233.71794060890034,220.08825204283443,3.6296885660659126,22.371794060890032,-0.10986885248981637,593,245,51,0.8277027027027027,0.5580500320718409,0.0,18.042819947753944
2021-12-27,2021-12-27,1,449.0631103515625,1,0.5278224192421895,0.0,2021-12-21,435.7019653320313,237.02557729818403,220.08825204283443,6.93732525534961,22.702557729818402,-0.10986885248981637,593,245,51,0.8277027027027027,0.5583333333333333,0.0,18.042819947753944
2021-12-28,2021-12-28,1,448.6960754394531,1,0.5278224192421895,0.0,2021-12-21,435.7019653320313,236.83184804292813,220.08825204283443,6.743596000093707,22.683184804292814,-0.10986885248981637,593,245,51,0.8277027027027027,0.5586162716207559,0.0,18.042819947753944
2021-12-29,2021-12-29,1,449.2700500488281,1,0.5278224192421895,0.0,2021-12-21,435.7019653320313,237.13480470983203,220.08825204283443,7.046552666997603,22.713480470983203,-0.10986885248981637,593,245,51,0.8277027027027027,0.558898847631242,0.0,18.042819947753944
2021-12-30,2021-12-30,1,448.0279846191406,1,0.5278224192421895,0.0,2021-12-21,435.7019653320313,236.4792147298773,220.08825204283443,6.390962687042877,22.64792147298773,-0.10986885248981637,593,245,51,0.8277027027027027,0.5591810620601407,0.0,18.042819947753944
2021-12-31,2021-12-31,1,446.89892578125,1,0.5278224192421895,0.0,2021-12-21,435.7019653320313,235.8832721625951,220.08825204283443,5.795020119760669,22.588327216259508,-0.10986885248981637,593,245,51,0.8277027027027027,0.559462915601023,0.0,18.042819947753944
2022-01-03,2022-01-03,0,449.4864196777344,0,0.0,237.13038494608645,,,237.13038494608645,227.13038494608645,0.0,22.713038494608647,-0.10986885248981637,594,246,51,0.8282828282828283,0.5591054313099042,0.11862450472540594,18.16144445247935
2022-01-04,2022-01-04,0,449.3359375,0,0.0,237.13038494608645,,,237.13038494608645,227.13038494608645,0.0,22.713038494608647,-0.10986885248981637,594,246,51,0.8282828282828283,0.5587484035759898,0.0,18.16144445247935
2022-01-05,2022-01-05,0,440.7076721191406,0,0.0,237.13038494608645,,,237.13038494608645,227.13038494608645,0.0,22.713038494608647,-0.10986885248981637,594,246,51,0.8282828282828283,0.5583918315252074,0.0,18.16144445247935
2022-01-06,2022-01-06,0,440.2936401367188,0,0.0,237.13038494608645,,,237.13038494608645,227.13038494608645,0.0,22.713038494608647,-0.10986885248981637,594,246,51,0.8282828282828283,0.5580357142857143,0.0,18.16144445247935
2022-01-07,2022-01-07,0,438.552978515625,0,0.0,237.13038494608645,,,237.13038494608645,227.13038494608645,0.0,22.713038494608647,-0.10986885248981637,594,246,51,0.8282828282828283,0.5576800509878904,0.0,18.16144445247935
2022-01-10,2022-01-10,1,438.0072021484375,1,0.5411141137498044,-2.842170943040401e-14,2022-01-10,438.0072021484375,237.01187900658317,227.13038494608645,-0.11850593950329161,22.70118790065832,-0.10986885248981637,595,246,51,0.8282828282828283,0.5579617834394904,0.11850593950329161,18.27995039198264
2022-01-11,2022-01-11,0,441.9967346191406,0,0.0,239.0510859980769,,,239.0510859980769,229.0510859980769,0.0,22.90510859980769,-0.10986885248981637,596,247,51,0.8288590604026845,0.5576066199872692,0.1195853356668719,18.399535727649514
2022-01-12,2022-01-12,0,443.1917114257813,0,0.0,239.0510859980769,,,239.0510859980769,229.0510859980769,0.0,22.90510859980769,-0.10986885248981637,596,247,51,0.8288590604026845,0.5572519083969466,0.0,18.399535727649514
2022-01-13,2022-01-13,0,437.0851440429688,0,0.0,239.0510859980769,,,239.0510859980769,229.0510859980769,0.0,22.90510859980769,-0.10986885248981637,596,247,51,0.8288590604026845,0.5568976478067387,0.0,18.399535727649514
2022-01-14,2022-01-14,0,437.263916015625,0,0.0,239.0510859980769,,,239.0510859980769,229.0510859980769,0.0,22.90510859980769,-0.10986885248981637,596,247,51,0.8288590604026845,0.5565438373570522,0.0,18.399535727649514
2022-01-18,2022-01-18,0,429.5201110839844,0,0.0,239.0510859980769,,,239.0510859980769,229.0510859980769,0.0,22.90510859980769,-0.10986885248981637,596,247,51,0.8288590604026845,0.5561904761904762,0.0,18.399535727649514
2022-01-19,2022-01-19,0,425.0601501464844,0,0.0,239.0510859980769,,,239.0510859980769,229.0510859980769,0.0,22.90510859980769,-0.10986885248981637,596,247,51,0.8288590604026845,0.5558375634517766,0.0,18.399535727649514
2022-01-20,2022-01-20,0,420.3555908203125,0,0.0,239.0510859980769,,,239.0510859980769,229.0510859980769,0.0,22.90510859980769,-0.10986885248981637,596,247,51,0.8288590604026845,0.5554850982878884,0.0,18.399535727649514
2022-01-21,2022-01-21,1,412.103759765625,1,0.5797851015090715,0.0,2022-01-21,412.103759765625,238.9316201879829,229.0510859980769,-0.11946581009399146,22.89316201879829,-0.10986885248981637,597,247,51,0.8288590604026845,0.555766793409379,0.11946581009399146,18.519001537743506
2022-01-24,2022-01-24,0,413.8538208007813,0,0.0,239.82630636314664,,,239.82630636314664,229.82630636314664,0.0,22.982630636314664,-0.10986885248981637,598,248,51,0.8294314381270903,0.5554148195060165,0.11997313975144905,18.638974677494954
2022-01-25,2022-01-25,1,408.8011169433594,1,0.5863644770075088,-2.842170943040401e-14,2022-01-25,408.8011169433594,239.70645313657835,229.82630636314664,-0.11985322656828919,22.970645313657833,-0.10986885248981637,599,248,51,0.8294314381270903,0.5556962025316455,0.11985322656828919,18.758827904063242
2022-01-26,2022-01-26,1,407.7755432128906,1,0.5863644770075088,-2.842170943040401e-14,2022-01-25,408.8011169433594,239.1050931324794,229.82630636314664,-0.7212132306672394,22.91050931324794,-0.10986885248981637,599,248,51,0.8294314381270903,0.5559772296015181,0.0,18.758827904063242
2022-01-27,2022-01-27,1,405.7619323730469,1,0.5863644770075088,-2.842170943040401e-14,2022-01-25,408.8011169433594,237.92438326547776,229.82630636314664,-1.9019230976688781,22.792438326547774,-0.10986885248981637,599,248,51,0.8294314381270903,0.5562579013906448,0.0,18.758827904063242
2022-01-28,2022-01-28,1,415.8392639160156,1,0.5863644770075088,-2.842170943040401e-14,2022-01-25,408.8011169433594,243.8333725053019,229.82630636314664,4.007066142155259,23.38333725053019,-0.10986885248981637,599,248,51,0.8294314381270903,0.556538218572331,0.0,18.758827904063242
2022-01-31,2022-01-31,1,423.3289184570313,1,0.5863644770075088,-2.842170943040401e-14,2022-01-25,408.8011169433594,248.22503987321147,229.82630636314664,8.398733510064837,23.82250398732115,-0.10986885248981637,599,248,51,0.8294314381270903,0.5568181818181818,0.0,18.758827904063242
2022-02-01,2022-02-01,1,426.1893005371094,1,0.5863644770075088,-2.842170943040401e-14,2022-01-25,408.8011169433594,249.90226631563812,229.82630636314664,10.07595995249148,23.99022663156381,-0.10986885248981637,599,248,51,0.8294314381270903,0.5570977917981073,0.0,18.758827904063242
2022-02-02,2022-02-02,0,430.3293762207031,0,0.0,252.20369469880575,,,252.20369469880575,242.20369469880575,0.0,24.220369469880573,-0.10986885248981637,600,249,51,0.83,0.5567465321563683,0.12616492981431005,18.88499283387755
2022-02-03,2022-02-03,1,420.2144775390625,1,0.5998785604606818,0.0,2022-02-03,420.2144775390625,252.0776558708703,242.20369469880575,-0.12603882793543517,24.20776558708703,-0.10986885248981637,601,249,51,0.83,0.5570258349086327,0.12603882793543517,19.011031661812986
2022-02-04,2022-02-04,1,422.1904296875,1,0.5998785604606818,0.0,2022-02-03,420.2144775390625,253.26298720121417,242.20369469880575,1.0592925024084359,24.326298720121418,-0.10986885248981637,601,249,51,0.83,0.5573047858942065,0.0,19.011031661812986
2022-02-07,2022-02-07,1,420.8355102539063,1,0.5998785604606818,0.0,2022-02-03,420.2144775390625,252.4502000818498,242.20369469880575,0.24650538304406314,24.24502000818498,-0.10986885248981637,601,249,51,0.83,0.5575833857772183,0.0,19.011031661812986
2022-02-08,2022-02-08,1,424.298095703125,1,0.5998785604606818,0.0,2022-02-03,420.2144775390625,254.5273308565992,242.20369469880575,2.3236361577934694,24.452733085659922,-0.10986885248981637,601,249,51,0.83,0.5578616352201258,0.0,19.011031661812986
2022-02-09,2022-02-09,0,430.5080871582031,0,0.0,258.12344530534904,,,258.12344530534904,248.12344530534904,0.0,24.812344530534904,-0.10986885248981637,602,250,51,0.8305647840531561,0.5575109993714645,0.1291262857955723,19.140157947608557
2022-02-10,2022-02-10,0,422.7737731933594,0,0.0,258.12344530534904,,,258.12344530534904,248.12344530534904,0.0,24.812344530534904,-0.10986885248981637,602,250,51,0.8305647840531561,0.5571608040201005,0.0,19.140157947608557
2022-02-11,2022-02-11,1,414.4371337890625,1,0.6225176921830097,0.0,2022-02-11,414.4371337890625,257.9944480813084,248.12344530534904,-0.1289972240406542,24.79944480813084,-0.10986885248981637,603,250,51,0.8305647840531561,0.5574387947269304,0.1289972240406542,19.26915517164921
2022-02-14,2022-02-14,1,413.0823059082031,1,0.6225176921830097,0.0,2022-02-11,414.4371337890625,257.15104375561066,248.12344530534904,-0.9724015497384016,24.715104375561065,-0.10986885248981637,603,250,51,0.8305647840531561,0.5577164366373902,0.0,19.26915517164921
2022-02-15,2022-02-15,0,419.7439575195313,0,0.0,261.1673907229505,,,261.1673907229505,251.16739072295047,0.0,25.116739072295047,-0.10986885248981637,604,251,51,0.8311258278145696,0.5573667711598747,0.13064901987141092,19.39980419152062
2022-02-16,2022-02-16,0,420.2144775390625,0,0.0,261.1673907229505,,,261.1673907229505,251.16739072295047,0.0,25.116739072295047,-0.10986885248981637,604,251,51,0.8311258278145696,0.5570175438596491,0.0,19.39980419152062
2022-02-17,2022-02-17,0,411.238037109375,0,0.0,261.1673907229505,,,261.1673907229505,251.16739072295047,0.0,25.116739072295047,-0.10986885248981637,604,251,51,0.8311258278145696,0.5566687539135879,0.0,19.39980419152062
2022-02-18,2022-02-18,0,408.5753173828125,0,0.0,261.1673907229505,,,261.1673907229505,251.16739072295047,0.0,25.116739072295047,-0.10986885248981637,604,251,51,0.8311258278145696,0.5563204005006258,0.0,19.39980419152062
2022-02-22,2022-02-22,0,404.1906433105469,0,0.0,261.1673907229505,,,261.1673907229505,251.16739072295047,0.0,25.116739072295047,-0.10986885248981637,604,251,51,0.8311258278145696,0.555972482801751,0.0,19.39980419152062
2022-02-23,2022-02-23,1,397.0208129882813,1,0.6574891384712166,0.0,2022-02-23,397.0208129882813,261.03687228680707,251.16739072295047,-0.13051843614340353,25.103687228680705,-0.10986885248981637,605,251,51,0.8311258278145696,0.55625,0.13051843614340353,19.530322627664024
2022-02-24,2022-02-24,1,402.9956359863281,1,0.6574891384712166,0.0,2022-02-23,397.0208129882813,264.9652535123109,251.16739072295047,3.7978627893604093,25.49652535123109,-0.10986885248981637,605,251,51,0.8311258278145696,0.5565271705184259,0.0,19.530322627664024
2022-02-25,2022-02-25,1,411.8872680664063,1,0.6574891384712166,0.0,2022-02-23,397.0208129882813,270.8114050282445,251.16739072295047,9.644014305294036,26.08114050282445,-0.10986885248981637,605,251,51,0.8311258278145696,0.5568039950062422,0.0,19.530322627664024
2022-02-28,2022-02-28,1,410.83349609375,1,0.6574891384712166,0.0,2022-02-23,397.0208129882813,270.1185614017976,251.16739072295047,8.95117067884712,26.01185614017976,-0.10986885248981637,605,251,51,0.8311258278145696,0.5570804741110418,0.0,19.530322627664024
2022-03-01,2022-03-01,1,404.5764465332031,1,0.6574891384712166,0.0,2022-02-23,397.0208129882813,266.00461927686194,251.16739072295047,4.837228553911474,25.600461927686194,-0.10986885248981637,605,251,51,0.8311258278145696,0.557356608478803,0.0,19.530322627664024
2022-03-02,2022-03-02,0,412.0190124511719,0,0.0,270.7625765175173,,,270.7625765175173,260.7625765175173,0.0,26.076257651751728,-0.10986885248981637,606,252,51,0.8316831683168316,0.5570093457943925,0.13544901276514124,19.665771640429163
2022-03-03,2022-03-03,1,409.96783447265625,1,0.6601182827774368,0.0,2022-03-03,409.96783447265625,270.6272628860743,260.7625765175173,-0.13531363144303715,26.06272628860743,-0.10986885248981637,607,252,51,0.8316831683168316,0.5572851805728518,0.13531363144303715,19.8010852718722
2022-03-04,2022-03-04,1,406.6370239257813,1,0.6601182827774368,0.0,2022-03-03,409.96783447265625,268.42853394761426,260.7625765175173,-2.3340425699030587,25.842853394761427,-0.10986885248981637,607,252,51,0.8316831683168316,0.5575606720597387,0.0,19.8010852718722
2022-03-07,2022-03-07,0,394.6497192382813,0,0.0,260.38523721469073,,,260.38523721469073,250.38523721469073,0.0,25.038523721469073,-0.10986885248981637,608,252,52,0.8289473684210527,0.5572139303482587,0.13025774748108593,19.931343019353285
2022-03-08,2022-03-08,1,391.6575317382813,1,0.664496629248463,0.0,2022-03-08,391.6575317382813,260.2551096598608,250.38523721469073,-0.1301275548299304,25.02551096598608,-0.10986885248981637,609,252,52,0.8289473684210527,0.5574891236793039,0.1301275548299304,20.061470574183215
2022-03-09,2022-03-09,0,402.1582336425781,0,0.0,267.09917428466895,,,267.09917428466895,257.09917428466895,0.0,25.709917428466895,-0.10986885248981637,610,253,52,0.8295081967213115,0.5571428571428572,0.1336163953400045,20.19508696952322
2022-03-10,2022-03-10,1,400.34228515625,1,0.6668436019311704,0.0,2022-03-10,400.34228515625,266.9656914389495,257.09917428466895,-0.13348284571947475,25.696569143894948,-0.10986885248981637,611,253,52,0.8295081967213115,0.5574177529484792,0.13348284571947475,20.328569815242695
2022-03-11,2022-03-11,0,395.2518615722656,0,0.0,263.43938945332957,,,263.43938945332957,253.43938945332957,0.0,25.343938945332958,-0.10986885248981637,612,253,53,0.826797385620915,0.5570719602977667,0.131785587520425,20.46035540276312
2022-03-14,2022-03-14,1,392.3632507324219,1,0.6710815426623722,0.0,2022-03-14,392.3632507324219,263.3077355855368,253.43938945332957,-0.13165386779276841,25.33077355855368,-0.10986885248981637,613,253,53,0.826797385620915,0.5573465592064476,0.13165386779276841,20.592009270555888
2022-03-15,2022-03-15,1,400.9914855957031,1,0.6710815426623722,0.0,2022-03-14,392.3632507324219,269.09798474804086,253.43938945332957,5.658595294711271,25.909798474804084,-0.10986885248981637,613,253,53,0.826797385620915,0.5576208178438662,0.0,20.592009270555888
2022-03-16,2022-03-16,1,409.8831481933594,1,0.6710815426623722,0.0,2022-03-14,392.3632507324219,275.0650154009093,253.43938945332957,11.62562594757973,26.50650154009093,-0.10986885248981637,613,253,53,0.826797385620915,0.5578947368421052,0.0,20.592009270555888
2022-03-17,2022-03-17,1,415.0111999511719,1,0.6710815426623722,0.0,2022-03-14,392.3632507324219,278.50635628539465,253.43938945332957,15.066966832065058,26.850635628539465,-0.10986885248981637,613,253,53,0.826797385620915,0.5581683168316832,0.0,20.592009270555888
2022-03-18,2022-03-18,0,419.55670166015625,0,0.0,281.4159802051421,,,281.4159802051421,271.4159802051421,0.0,27.14159802051421,-0.10986885248981637,614,254,53,0.8273615635179153,0.5578231292517006,0.14077837929221715,20.732787649848106
2022-03-21,2022-03-21,1,419.4339904785156,1,0.6706069343902702,5.684341886080802e-14,2022-03-21,419.4339904785156,281.2753425338752,271.4159802051421,-0.14063767126693758,27.127534253387516,-0.10986885248981637,615,254,53,0.8273615635179153,0.5580964153275649,0.14063767126693758,20.873425321115043
2022-03-22,2022-03-22,0,424.3420104980469,0,0.0,284.4244114457026,,,284.4244114457026,274.4244114457026,0.0,27.44244114457026,-0.10986885248981637,616,255,53,0.827922077922078,0.55775169857937,0.14228334739654955,21.015708668511593
2022-03-23,2022-03-23,1,418.8771667480469,1,0.6786769317544161,-5.684341886080802e-14,2022-03-23,418.8771667480469,284.28227031054735,274.4244114457026,-0.1421411351552737,27.428227031054735,-0.10986885248981637,617,255,53,0.827922077922078,0.5580246913580247,0.1421411351552737,21.157849803666867
2022-03-24,2022-03-24,1,425.19146728515625,1,0.6786769317544161,-5.684341886080802e-14,2022-03-23,418.8771667480469,288.567640425248,274.4244114457026,4.143228979545366,27.856764042524798,-0.10986885248981637,617,255,53,0.827922077922078,0.5582973473164713,0.0,21.157849803666867
2022-03-25,2022-03-25,1,427.2678833007813,1,0.6786769317544161,-5.684341886080802e-14,2022-03-23,418.8771667480469,289.97685607577813,274.4244114457026,5.5524446300755095,27.997685607577814,-0.10986885248981637,617,255,53,0.827922077922078,0.5585696670776819,0.0,21.157849803666867
2022-03-28,2022-03-28,1,430.3070983886719,1,0.6786769317544161,-5.684341886080802e-14,2022-03-23,418.8771667480469,292.03950124656944,274.4244114457026,7.615089800866823,28.203950124656945,-0.10986885248981637,617,255,53,0.827922077922078,0.558841651263093,0.0,21.157849803666867
2022-03-29,2022-03-29,1,435.6303405761719,1,0.6786769317544161,-5.684341886080802e-14,2022-03-23,418.8771667480469,295.6522629213676,274.4244114457026,11.227851475664973,28.56522629213676,-0.10986885248981637,617,255,53,0.827922077922078,0.5591133004926109,0.0,21.157849803666867
2022-03-30,2022-03-30,0,432.9403991699219,0,0.0,293.6797484103041,,,293.6797484103041,283.6797484103041,0.0,28.36797484103041,-0.10986885248981637,618,256,53,0.8284789644012945,0.5587692307692308,0.1469133308705874,21.304763134537453
2022-03-31,2022-03-31,1,426.2768859863281,1,0.6885969931026448,-5.684341886080802e-14,2022-03-31,426.2768859863281,293.5329819193444,283.6797484103041,-0.14676649095967223,28.353298191934442,-0.10986885248981637,619,256,53,0.8284789644012945,0.559040590405904,0.14676649095967223,21.451529625497123
2022-04-01,2022-04-01,1,427.4849853515625,1,0.6885969931026448,-5.684341886080802e-14,2022-03-31,426.2768859863281,294.364875509614,283.6797484103041,0.685127099309929,28.436487550961402,-0.10986885248981637,619,256,53,0.8284789644012945,0.5593116164720344,0.0,21.451529625497123
2022-04-04,2022-04-04,0,431.1470947265625,0,0.0,296.73814971714523,,,296.73814971714523,286.73814971714523,0.0,28.673814971714524,-0.10986885248981637,620,257,53,0.8290322580645161,0.558968058968059,0.14844329650682606,21.59997292200395
2022-04-05,2022-04-05,0,425.7011413574219,0,0.0,296.73814971714523,,,296.73814971714523,286.73814971714523,0.0,28.673814971714524,-0.10986885248981637,620,257,53,0.8290322580645161,0.5586249232658073,0.0,21.59997292200395
2022-04-06,2022-04-06,1,421.44439697265625,1,0.7037461096178566,-5.684341886080802e-14,2022-04-06,421.44439697265625,296.58985478975035,286.73814971714523,-0.1482949273948752,28.658985478975033,-0.10986885248981637,621,257,53,0.8290322580645161,0.5588957055214724,0.1482949273948752,21.748267849398825
2022-04-07,2022-04-07,0,423.5680541992188,0,0.0,297.93532811595503,,,297.93532811595503,287.93532811595503,0.0,28.793532811595504,-0.10986885248981637,622,258,53,0.8295819935691319,0.5585530349478848,0.14904218515055284,21.897310034549378
2022-04-08,2022-04-08,0,422.4354553222656,0,0.0,297.93532811595503,,,297.93532811595503,287.93532811595503,0.0,28.793532811595504,-0.10986885248981637,622,258,53,0.8295819935691319,0.5582107843137255,0.0,21.897310034549378
2022-04-11,2022-04-11,0,415.2149963378906,0,0.0,297.93532811595503,,,297.93532811595503,287.93532811595503,0.0,28.793532811595504,-0.10986885248981637,622,258,53,0.8295819935691319,0.5578689528475199,0.0,21.897310034549378
2022-04-12,2022-04-12,1,413.6766052246094,1,0.719853216588886,-5.684341886080802e-14,2022-04-12,413.6766052246094,297.7864348985058,287.93532811595503,-0.1488932174492529,28.778643489850577,-0.10986885248981637,623,258,53,0.8295819935691319,0.5581395348837209,0.1488932174492529,22.04620325199863
2022-04-13,2022-04-13,0,418.4146423339844,0,0.0,301.04652758893087,,,301.04652758893087,291.04652758893087,0.0,29.10465275889309,-0.10986885248981637,624,259,53,0.8301282051282052,0.5577981651376147,0.15059856307600347,22.196801815074632
2022-04-14,2022-04-14,1,413.2046203613281,1,0.7282011495564517,-5.684341886080802e-14,2022-04-14,413.2046203613281,300.8960795491563,291.04652758893087,-0.15044803977457819,29.08960795491563,-0.10986885248981637,625,259,53,0.8301282051282052,0.5580684596577017,0.15044803977457819,22.34724985484921
2022-04-18,2022-04-18,1,413.37451171875,1,0.7282011495564517,-5.684341886080802e-14,2022-04-14,413.2046203613281,301.01979463093056,291.04652758893087,-0.026732958000313695,29.101979463093056,-0.10986885248981637,625,259,53,0.8301282051282052,0.5583384239462431,0.0,22.34724985484921
2022-04-19,2022-04-19,1,420.0474853515625,1,0.7282011495564517,-5.684341886080802e-14,2022-04-14,413.2046203613281,305.8790617013045,291.04652758893087,4.832534112373646,29.587906170130452,-0.10986885248981637,625,259,53,0.8301282051282052,0.5586080586080586,0.0,22.34724985484921
2022-04-20,2022-04-20,0,419.7360229492188,0,0.0,305.49942829466335,,,305.49942829466335,295.49942829466335,0.0,29.549942829466335,-0.10986885248981637,626,260,53,0.8306709265175719,0.5582672361195851,0.15282612721093716,22.500075982060146
2022-04-21,2022-04-21,0,413.4595031738281,0,0.0,305.49942829466335,,,305.49942829466335,295.49942829466335,0.0,29.549942829466335,-0.10986885248981637,626,260,53,0.8306709265175719,0.5579268292682927,0.0,22.500075982060146
2022-04-22,2022-04-22,0,402.114501953125,0,0.0,305.49942829466335,,,305.49942829466335,295.49942829466335,0.0,29.549942829466335,-0.10986885248981637,626,260,53,0.8306709265175719,0.5575868372943327,0.0,22.500075982060146
2022-04-25,2022-04-25,0,404.4458312988281,0,0.0,305.49942829466335,,,305.49942829466335,295.49942829466335,0.0,29.549942829466335,-0.10986885248981637,626,260,53,0.8306709265175719,0.5572472594397077,0.0,22.500075982060146
2022-04-26,2022-04-26,0,392.7327270507813,0,0.0,305.49942829466335,,,305.49942829466335,295.49942829466335,0.0,29.549942829466335,-0.10986885248981637,626,260,53,0.8306709265175719,0.5569080949482653,0.0,22.500075982060146
2022-04-27,2022-04-27,1,393.83697509765625,1,0.7753125638888797,0.0,2022-04-27,393.83697509765625,305.34675491720475,295.49942829466335,-0.15267337745860238,29.534675491720474,-0.10986885248981637,627,260,53,0.8306709265175719,0.5571776155717761,0.15267337745860238,22.652749359518747
2022-04-28,2022-04-28,0,403.7851257324219,0,0.0,312.90315125125176,,,312.90315125125176,302.90315125125176,0.0,30.290315125125176,-0.10986885248981637,628,261,53,0.8312101910828026,0.556838905775076,0.15652984054589883,22.809279200064648
2022-04-29,2022-04-29,0,388.8630065917969,0,0.0,312.90315125125176,,,312.90315125125176,302.90315125125176,0.0,30.290315125125176,-0.10986885248981637,628,261,53,0.8312101910828026,0.5565006075334143,0.0,22.809279200064648
2022-05-02,2022-05-02,0,391.2036743164063,0,0.0,312.90315125125176,,,312.90315125125176,302.90315125125176,0.0,30.290315125125176,-0.10986885248981637,628,261,53,0.8312101910828026,0.5561627200971463,0.0,22.809279200064648
2022-05-03,2022-05-03,1,392.99700927734375,1,0.7957993839123865,0.0,2022-05-03,392.99700927734375,312.7467778623206,302.90315125125176,-0.1563733889311603,30.274677786232058,-0.10986885248981637,629,261,53,0.8312101910828026,0.5564320388349514,0.1563733889311603,22.96565258899581
2022-05-04,2022-05-04,0,404.9649353027344,0,0.0,322.1097105970254,,,322.1097105970254,312.1097105970254,0.0,31.210971059702544,-0.10986885248981637,630,262,53,0.8317460317460318,0.5560946027895695,0.1611354230100177,23.126788012005825
2022-05-05,2022-05-05,0,390.5713806152344,0,0.0,322.1097105970254,,,322.1097105970254,312.1097105970254,0.0,31.210971059702544,-0.10986885248981637,630,262,53,0.8317460317460318,0.5557575757575758,0.0,23.126788012005825
2022-05-06,2022-05-06,0,388.2400207519531,0,0.0,322.1097105970254,,,322.1097105970254,312.1097105970254,0.0,31.210971059702544,-0.10986885248981637,630,262,53,0.8317460317460318,0.5554209569957601,0.0,23.126788012005825
2022-05-09,2022-05-09,0,375.8096923828125,0,0.0,322.1097105970254,,,322.1097105970254,312.1097105970254,0.0,31.210971059702544,-0.10986885248981637,630,262,53,0.8317460317460318,0.5550847457627118,0.0,23.126788012005825
2022-05-10,2022-05-10,0,376.6779174804688,0,0.0,322.1097105970254,,,322.1097105970254,312.1097105970254,0.0,31.210971059702544,-0.10986885248981637,630,262,53,0.8317460317460318,0.5547489413188142,0.0,23.126788012005825
2022-05-11,2022-05-11,1,370.6940307617188,1,0.8685026180954578,0.0,2022-05-11,370.6940307617188,321.94873622891095,312.1097105970254,-0.16097436811445548,31.194873622891095,-0.10986885248981637,631,262,53,0.8317460317460318,0.5550181378476421,0.16097436811445548,23.28776238012028
2022-05-12,2022-05-12,1,370.3070068359375,1,0.8685026180954578,0.0,2022-05-11,370.6940307617188,321.61260493610433,312.1097105970254,-0.49710566092106817,31.161260493610435,-0.10986885248981637,631,262,53,0.8317460317460318,0.5552870090634441,0.0,23.28776238012028
2022-05-13,2022-05-13,0,379.1602478027344,0,0.0,329.1370170604502,,,329.1370170604502,319.1370170604502,0.0,31.913701706045018,-0.10986885248981637,632,263,53,0.8322784810126582,0.5549516908212561,0.1646508339471987,23.45241321406748
2022-05-16,2022-05-16,1,377.6218566894531,1,0.8711692000010253,0.0,2022-05-16,377.6218566894531,328.9725307950527,319.1370170604502,-0.16448626539752637,31.89725307950527,-0.10986885248981637,633,263,53,0.8322784810126582,0.5552202776101388,0.16448626539752637,23.61689947946501
2022-05-17,2022-05-17,0,385.3896789550781,0,0.0,335.57174849479543,,,335.57174849479543,325.57174849479543,0.0,32.557174849479544,-0.10986885248981637,634,264,53,0.832807570977918,0.5548854041013269,0.1678698091519737,23.78476928861698
2022-05-18,2022-05-18,1,369.8539733886719,1,0.9068553283300556,0.0,2022-05-18,369.8539733886719,335.40404647155964,325.57174849479543,-0.16770202323577982,32.54040464715597,-0.10986885248981637,635,264,53,0.832807570977918,0.5551537070524413,0.16770202323577982,23.95247131185276
2022-05-19,2022-05-19,1,367.5887451171875,1,0.9068553283300556,0.0,2022-05-18,369.8539733886719,333.3498121436802,325.57174849479543,-2.2219363511152217,32.33498121436802,-0.10986885248981637,635,264,53,0.832807570977918,0.555421686746988,0.0,23.95247131185276
2022-05-20,2022-05-20,1,367.749267578125,1,0.9068553283300556,0.0,2022-05-18,369.8539733886719,333.495382792698,325.57174849479543,-2.0763657020973945,32.3495382792698,-0.10986885248981637,635,264,53,0.832807570977918,0.555689343768814,0.0,23.95247131185276
2022-05-23,2022-05-23,0,374.6298522949219,0,0.0,339.565210166299,,,339.565210166299,329.565210166299,0.0,32.9565210166299,-0.10986885248981637,636,265,53,0.8333333333333334,0.5553549939831528,0.1698675388525758,24.122338850705336
2022-05-24,2022-05-24,1,371.7699279785156,1,0.9129181433677106,-5.684341886080802e-14,2022-05-24,371.7699279785156,339.39551241009394,329.565210166299,-0.169697756205047,32.9395512410094,-0.10986885248981637,637,265,53,0.8333333333333334,0.555622369212267,0.169697756205047,24.292036606910383
2022-05-25,2022-05-25,0,375.0545959472656,0,0.0,342.2229483210077,,,342.2229483210077,332.2229483210077,0.0,33.22229483210077,-0.10986885248981637,638,266,53,0.8338557993730408,0.5552884615384616,0.1711970726968523,24.463233679607235
2022-05-26,2022-05-26,1,382.5486450195313,1,0.8941396782162543,0.0,2022-05-26,382.5486450195313,342.0519223598278,332.2229483210077,-0.17102596117991392,33.20519223598278,-0.10986885248981637,639,266,53,0.8338557993730408,0.5555555555555556,0.17102596117991392,24.63425964078715
2022-05-27,2022-05-27,0,391.9399108886719,0,0.0,350.27380128920345,,,350.27380128920345,340.27380128920345,0.0,34.02738012892034,-0.10986885248981637,640,267,53,0.834375,0.5552220888355343,0.17522451290105223,24.809484153688203
2022-05-31,2022-05-31,0,389.7406921386719,0,0.0,350.27380128920345,,,350.27380128920345,340.27380128920345,0.0,34.02738012892034,-0.10986885248981637,640,267,53,0.834375,0.5548890221955609,0.0,24.809484153688203
2022-06-01,2022-06-01,0,386.5883483886719,0,0.0,350.27380128920345,,,350.27380128920345,340.27380128920345,0.0,34.02738012892034,-0.10986885248981637,640,267,53,0.834375,0.5545563549160671,0.0,24.809484153688203
2022-06-02,2022-06-02,0,393.9502258300781,0,0.0,350.27380128920345,,,350.27380128920345,340.27380128920345,0.0,34.02738012892034,-0.10986885248981637,640,267,53,0.834375,0.5542240862792092,0.0,24.809484153688203
2022-06-03,2022-06-03,0,387.4849853515625,0,0.0,350.27380128920345,,,350.27380128920345,340.27380128920345,0.0,34.02738012892034,-0.10986885248981637,640,267,53,0.834375,0.5538922155688623,0.0,24.809484153688203
2022-06-06,2022-06-06,0,388.6647338867188,0,0.0,350.27380128920345,,,350.27380128920345,340.27380128920345,0.0,34.02738012892034,-0.10986885248981637,640,267,53,0.834375,0.5535607420706165,0.0,24.809484153688203
2022-06-07,2022-06-07,1,392.39300537109375,1,0.8922145581625534,0.0,2022-06-07,392.39300537109375,350.0987519132468,340.27380128920345,-0.1750493759566234,34.00987519132468,-0.10986885248981637,641,267,53,0.834375,0.5538277511961722,0.1750493759566234,24.984533529644825
2022-06-08,2022-06-08,0,388.1267700195313,0,0.0,346.11920844672306,,,346.11920844672306,336.11920844672306,0.0,33.611920844672305,-0.10986885248981637,642,267,54,0.8317757009345794,0.5534967124925284,0.17314617731201754,25.15767970695684
2022-06-09,2022-06-09,0,378.8960571289063,0,0.0,346.11920844672306,,,346.11920844672306,336.11920844672306,0.0,33.611920844672305,-0.10986885248981637,642,267,54,0.8317757009345794,0.5531660692951016,0.0,25.15767970695684
2022-06-10,2022-06-10,0,367.9096374511719,0,0.0,346.11920844672306,,,346.11920844672306,336.11920844672306,0.0,33.611920844672305,-0.10986885248981637,642,267,54,0.8317757009345794,0.5528358208955224,0.0,25.15767970695684
2022-06-13,2022-06-13,0,353.9407958984375,0,0.0,346.11920844672306,,,346.11920844672306,336.11920844672306,0.0,33.611920844672305,-0.10986885248981637,642,267,54,0.8317757009345794,0.5525059665871122,0.0,25.15767970695684
2022-06-14,2022-06-14,1,352.87420654296875,1,0.9803670229065989,-5.684341886080802e-14,2022-06-14,352.87420654296875,345.94623532905854,336.11920844672306,-0.1729731176645293,33.59462353290586,-0.10986885248981637,643,267,54,0.8317757009345794,0.552772808586762,0.1729731176645293,25.33065282462137
2022-06-15,2022-06-15,0,357.90496826171875,0,0.0,350.7027891041128,,,350.7027891041128,340.7027891041128,0.0,34.07027891041128,-0.10986885248981637,644,268,54,0.8322981366459627,0.5524433849821215,0.175439114109111,25.50609193873048
2022-06-16,2022-06-16,0,346.05975341796875,0,0.0,350.7027891041128,,,350.7027891041128,340.7027891041128,0.0,34.07027891041128,-0.10986885248981637,644,268,54,0.8322981366459627,0.5521143537820131,0.0,25.50609193873048
2022-06-17,2022-06-17,1,346.80572509765625,1,1.0107316574509773,0.0,2022-06-17,346.80572509765625,350.5275253414421,340.7027891041128,-0.17526376267072105,34.052752534144204,-0.10986885248981637,645,268,54,0.8322981366459627,0.5523809523809524,0.17526376267072105,25.681355701401202
2022-06-21,2022-06-21,0,355.5361328125,0,0.0,359.17194898888823,,,359.17194898888823,349.17194898888823,0.0,34.91719489888882,-0.10986885248981637,646,269,54,0.8328173374613003,0.5520523497917906,0.17967581240064445,25.861031513801848
2022-06-22,2022-06-22,1,354.8915405273437,1,1.0115553958515597,-5.684341886080802e-14,2022-06-22,354.8915405273437,358.99245276250696,349.17194898888823,-0.1794962263812535,34.899245276250696,-0.10986885248981637,647,269,54,0.8328173374613003,0.5523186682520809,0.1794962263812535,26.0405277401831
2022-06-23,2022-06-23,0,358.37042236328125,0,0.0,362.330278687952,,,362.330278687952,352.330278687952,0.0,35.2330278687952,-0.10986885248981637,648,270,54,0.8333333333333334,0.5519904931669638,0.18125576722758982,26.22178350741069
2022-06-24,2022-06-24,0,369.7643432617188,0,0.0,362.330278687952,,,362.330278687952,352.330278687952,0.0,35.2330278687952,-0.10986885248981637,648,270,54,0.8333333333333334,0.5516627078384798,0.0,26.22178350741069
2022-06-27,2022-06-27,0,368.3519592285156,0,0.0,362.330278687952,,,362.330278687952,352.330278687952,0.0,35.2330278687952,-0.10986885248981637,648,270,54,0.8333333333333334,0.5513353115727003,0.0,26.22178350741069
2022-06-28,2022-06-28,1,360.825439453125,1,1.003668712036464,-5.684341886080802e-14,2022-06-28,360.825439453125,362.14920408590905,352.330278687952,-0.18107460204295456,35.214920408590906,-0.10986885248981637,649,270,54,0.8333333333333334,0.5516014234875445,0.18107460204295456,26.402858109453646
2022-06-29,2022-06-29,0,360.5316467285156,0,0.0,361.6734063536345,,,361.6734063536345,351.6734063536345,0.0,35.16734063536345,-0.10986885248981637,650,270,55,0.8307692307692308,0.5512744516893895,0.18092716676019738,26.583785276213845
2022-06-30,2022-06-30,1,357.6025695800781,1,1.0108782508137808,0.0,2022-06-30,357.6025695800781,361.4926600236227,351.6734063536345,-0.18074633001181137,35.14926600236227,-0.10986885248981637,651,270,55,0.8307692307692308,0.5515402843601895,0.18074633001181137,26.764531606225656
2022-07-01,2022-07-01,0,361.3847961425781,0,0.0,365.1333725800065,,,365.1333725800065,355.1333725800065,0.0,35.51333725800065,-0.10986885248981637,652,271,55,0.8312883435582822,0.5512137359384252,0.18265801529765208,26.947189621523307
2022-07-05,2022-07-05,1,362.0672302246094,1,1.007964451533055,5.684341886080802e-14,2022-07-05,362.0672302246094,364.9508971314408,355.1333725800065,-0.18247544856572037,35.49508971314408,-0.10986885248981637,653,271,55,0.8312883435582822,0.5514792899408284,0.18247544856572037,27.12966507008903
2022-07-06,2022-07-06,1,363.2900390625,1,1.007964451533055,5.684341886080802e-14,2022-07-05,362.0672302246094,366.183444971055,355.1333725800065,1.0500723910484786,35.6183444971055,-0.10986885248981637,653,271,55,0.8312883435582822,0.5517445298639858,0.0,27.12966507008903
2022-07-07,2022-07-07,1,368.7311401367188,1,1.007964451533055,5.684341886080802e-14,2022-07-05,362.0672302246094,371.6678814310659,355.1333725800065,6.534508851059376,36.16678814310659,-0.10986885248981637,653,271,55,0.8312883435582822,0.5520094562647754,0.0,27.12966507008903
2022-07-08,2022-07-08,1,368.427734375,1,1.007964451533055,5.684341886080802e-14,2022-07-05,362.0672302246094,371.362059208863,355.1333725800065,6.228686628856484,36.1362059208863,-0.10986885248981637,653,271,55,0.8312883435582822,0.5522740696987596,0.0,27.12966507008903
2022-07-11,2022-07-11,0,364.2190551757813,0,0.0,366.93630025804987,,,366.93630025804987,356.93630025804987,0.0,35.693630025804985,-0.10986885248981637,654,272,55,0.8318042813455657,0.551948051948052,0.18355993009407195,27.313225000183103
2022-07-12,2022-07-12,0,360.9960632324219,0,0.0,366.93630025804987,,,366.93630025804987,356.93630025804987,0.0,35.693630025804985,-0.10986885248981637,654,272,55,0.8318042813455657,0.551622418879056,0.0,27.313225000183103
2022-07-13,2022-07-13,1,359.1003112792969,1,1.0213105148519435,-5.684341886080802e-14,2022-07-13,359.1003112792969,366.7529237961518,356.93630025804987,-0.1833764618980759,35.67529237961518,-0.10986885248981637,655,272,55,0.8318042813455657,0.5518867924528302,0.1833764618980759,27.496601462081177
2022-07-14,2022-07-14,1,358.22821044921875,1,1.0213105148519435,-5.684341886080802e-14,2022-07-13,359.1003112792969,365.8622380483819,356.93630025804987,-1.0740622096679269,35.58622380483819,-0.10986885248981637,655,272,55,0.8318042813455657,0.5521508544490277,0.0,27.496601462081177
2022-07-15,2022-07-15,0,365.0721435546875,0,0.0,372.6655928824945,,,372.6655928824945,362.6655928824945,0.0,36.26655928824945,-0.10986885248981637,656,273,55,0.8323170731707317,0.5518256772673734,0.18642600944597026,27.683027471527147
2022-07-18,2022-07-18,1,362.0578002929688,1,1.0287842242440015,0.0,2022-07-18,362.0578002929688,372.4793532058915,362.6655928824945,-0.18623967660294577,36.24793532058915,-0.10986885248981637,657,273,55,0.8323170731707317,0.5520894643908181,0.18623967660294577,27.869267148130092
2022-07-19,2022-07-19,1,371.84027099609375,1,1.0287842242440015,0.0,2022-07-18,362.0578002929688,382.5434047393956,362.6655928824945,9.877811856901138,37.254340473939564,-0.10986885248981637,657,273,55,0.8323170731707317,0.5523529411764706,0.0,27.869267148130092
2022-07-20,2022-07-20,0,374.21002197265625,0,0.0,384.78887647589016,,,384.78887647589016,374.78887647589016,0.0,37.47888764758902,-0.10986885248981637,658,274,55,0.8328267477203647,0.5520282186948854,0.19249068357973498,28.061757831709826
2022-07-21,2022-07-21,0,378.020751953125,0,0.0,384.78887647589016,,,384.78887647589016,374.78887647589016,0.0,37.47888764758902,-0.10986885248981637,658,274,55,0.8328267477203647,0.5517038777908343,0.0,28.061757831709826
2022-07-22,2022-07-22,0,374.5134582519531,0,0.0,384.78887647589016,,,384.78887647589016,374.78887647589016,0.0,37.47888764758902,-0.10986885248981637,658,274,55,0.8328267477203647,0.5513799177921316,0.0,28.061757831709826
2022-07-25,2022-07-25,0,374.9684448242188,0,0.0,384.78887647589016,,,384.78887647589016,374.78887647589016,0.0,37.47888764758902,-0.10986885248981637,658,274,55,0.8328267477203647,0.551056338028169,0.0,28.061757831709826
2022-07-26,2022-07-26,1,370.5322265625,1,1.037957161661145,-5.684341886080802e-14,2022-07-26,370.5322265625,384.59657818679676,374.78887647589016,-0.1922982890933984,37.45965781867967,-0.10986885248981637,659,274,55,0.8328267477203647,0.5513196480938416,0.1922982890933984,28.254056120803224
2022-07-27,2022-07-27,1,380.153564453125,1,1.037957161661145,-5.684341886080802e-14,2022-07-26,370.5322265625,394.58311475513267,374.78887647589016,9.794238279242508,38.45831147551327,-0.10986885248981637,659,274,55,0.8328267477203647,0.5515826494724502,0.0,28.254056120803224
2022-07-28,2022-07-28,1,384.9215393066406,1,1.037957161661145,-5.684341886080802e-14,2022-07-26,370.5322265625,399.5320684009595,374.78887647589016,14.743191925069313,38.953206840095945,-0.10986885248981637,659,274,55,0.8328267477203647,0.5518453427065027,0.0,28.254056120803224
2022-07-29,2022-07-29,0,390.5332336425781,0,0.0,405.1540883426361,,,405.1540883426361,395.1540883426361,0.0,39.51540883426361,-0.10986885248981637,660,275,55,0.8333333333333334,0.5515222482435597,0.20267838336299956,28.456734504166224
2022-08-01,2022-08-01,0,389.3767700195313,0,0.0,405.1540883426361,,,405.1540883426361,395.1540883426361,0.0,39.51540883426361,-0.10986885248981637,660,275,55,0.8333333333333334,0.5511995318899942,0.0,28.456734504166224
2022-08-02,2022-08-02,0,386.8080139160156,0,0.0,405.1540883426361,,,405.1540883426361,395.1540883426361,0.0,39.51540883426361,-0.10986885248981637,660,275,55,0.8333333333333334,0.5508771929824562,0.0,28.456734504166224
2022-08-03,2022-08-03,0,392.8651428222656,0,0.0,405.1540883426361,,,405.1540883426361,395.1540883426361,0.0,39.51540883426361,-0.10986885248981637,660,275,55,0.8333333333333334,0.5505552308591467,0.0,28.456734504166224
2022-08-04,2022-08-04,0,392.5997314453125,0,0.0,405.1540883426361,,,405.1540883426361,395.1540883426361,0.0,39.51540883426361,-0.10986885248981637,660,275,55,0.8333333333333334,0.5502336448598131,0.0,28.456734504166224
2022-08-05,2022-08-05,0,391.9362182617188,0,0.0,405.1540883426361,,,405.1540883426361,395.1540883426361,0.0,39.51540883426361,-0.10986885248981637,660,275,55,0.8333333333333334,0.5499124343257443,0.0,28.456734504166224
2022-08-08,2022-08-08,1,391.4811706542969,1,1.0344089138682133,0.0,2022-08-08,391.4811706542969,404.9516125363679,395.1540883426361,-0.20247580626818396,39.495161253636795,-0.10986885248981637,661,275,55,0.8333333333333334,0.5501750291715286,0.20247580626818396,28.659210310434407
2022-08-09,2022-08-09,1,389.9266052246094,1,1.0344089138682133,0.0,2022-08-08,391.4811706542969,403.3435561987078,395.1540883426361,-1.8105321439283002,39.33435561987078,-0.10986885248981637,661,275,55,0.8333333333333334,0.5504373177842565,0.0,28.659210310434407
2022-08-10,2022-08-10,1,398.1165771484375,1,1.0344089138682133,0.0,2022-08-08,391.4811706542969,411.815336161046,395.1540883426361,6.661247818409889,40.1815336161046,-0.10986885248981637,661,275,55,0.8333333333333334,0.5506993006993007,0.0,28.659210310434407
2022-08-11,2022-08-11,1,398.1165771484375,1,1.0344089138682133,0.0,2022-08-08,391.4811706542969,411.815336161046,395.1540883426361,6.661247818409889,40.1815336161046,-0.10986885248981637,661,275,55,0.8333333333333334,0.5509609784507863,0.0,28.659210310434407
2022-08-12,2022-08-12,1,404.8562927246094,1,1.0344089138682133,0.0,2022-08-08,391.4811706542969,418.78695802997464,395.1540883426361,13.63286968733854,40.87869580299746,-0.10986885248981637,661,275,55,0.8333333333333334,0.5512223515715948,0.0,28.659210310434407
2022-08-15,2022-08-15,1,406.5246276855469,1,1.0344089138682133,0.0,2022-08-08,391.4811706542969,420.5126985848863,395.1540883426361,15.35861024225022,41.05126985848863,-0.10986885248981637,661,275,55,0.8333333333333334,0.5514834205933682,0.0,28.659210310434407
2022-08-16,2022-08-16,1,407.3209533691406,1,1.0344089138682133,0.0,2022-08-08,391.4811706542969,421.33642497033793,395.1540883426361,16.18233662770183,41.13364249703379,-0.10986885248981637,661,275,55,0.8333333333333334,0.5517441860465117,0.0,28.659210310434407
2022-08-17,2022-08-17,1,404.42974853515625,1,1.0344089138682133,0.0,2022-08-08,391.4811706542969,418.3457369182456,395.1540883426361,13.191648575609518,40.83457369182456,-0.10986885248981637,661,275,55,0.8333333333333334,0.5520046484601976,0.0,28.659210310434407
2022-08-18,2022-08-18,1,405.6051940917969,1,1.0344089138682133,0.0,2022-08-08,391.4811706542969,419.5616282798015,395.1540883426361,14.40753993716538,40.95616282798015,-0.10986885248981637,661,275,55,0.8333333333333334,0.5522648083623694,0.0,28.659210310434407
2022-08-19,2022-08-19,1,400.1546630859375,1,1.0344089138682133,0.0,2022-08-08,391.4811706542969,413.92355042202547,395.1540883426361,8.769462079389369,40.392355042202546,-0.10986885248981637,661,275,55,0.8333333333333334,0.5525246662797446,0.0,28.659210310434407
2022-08-22,2022-08-22,0,391.8224487304688,0,0.0,405.1019813036577,,,405.1019813036577,395.1019813036577,0.0,39.510198130365765,-0.10986885248981637,662,275,56,0.8308157099697885,0.5522041763341067,0.20265231681023396,28.86186262724464
2022-08-23,2022-08-23,1,390.87451171875,1,1.0358811316641447,-5.684341886080802e-14,2022-08-23,390.87451171875,404.8995315378887,395.1019813036577,-0.20244976576894438,39.489953153788875,-0.10986885248981637,663,275,56,0.8308157099697885,0.552463768115942,0.20244976576894438,29.064312393013584
2022-08-24,2022-08-24,1,392.1257629394531,1,1.0358811316641447,-5.684341886080802e-14,2022-08-23,390.87451171875,406.1956790683868,395.1019813036577,1.0936977647291592,39.61956790683868,-0.10986885248981637,663,275,56,0.8308157099697885,0.5527230590961761,0.0,29.064312393013584
2022-08-25,2022-08-25,0,397.6615905761719,0,0.0,411.72417339617596,,,411.72417339617596,401.72417339617596,0.0,40.172417339617596,-0.10986885248981637,664,276,56,0.8313253012048193,0.5524030110017372,0.20596506923270436,29.270277462246288
2022-08-26,2022-08-26,0,384.2011413574219,0,0.0,411.72417339617596,,,411.72417339617596,401.72417339617596,0.0,40.172417339617596,-0.10986885248981637,664,276,56,0.8313253012048193,0.5520833333333334,0.0,29.270277462246288
2022-08-29,2022-08-29,0,381.6607971191406,0,0.0,411.72417339617596,,,411.72417339617596,401.72417339617596,0.0,40.172417339617596,-0.10986885248981637,664,276,56,0.8313253012048193,0.551764025448236,0.0,29.270277462246288
2022-08-30,2022-08-30,0,377.4709167480469,0,0.0,411.72417339617596,,,411.72417339617596,401.72417339617596,0.0,40.172417339617596,-0.10986885248981637,664,276,56,0.8313253012048193,0.5514450867052023,0.0,29.270277462246288
2022-08-31,2022-08-31,1,374.5987243652344,1,1.0985579699621462,0.0,2022-08-31,374.5987243652344,411.5184141890814,401.72417339617596,-0.2057592070945407,40.15184141890814,-0.10986885248981637,665,276,56,0.8313253012048193,0.5517042172154824,0.2057592070945407,29.47603666934083
2022-09-01,2022-09-01,1,375.7741394042969,1,1.0985579699621462,0.0,2022-08-31,374.5987243652344,412.8096757482569,401.72417339617596,1.085502352080955,40.28096757482569,-0.10986885248981637,665,276,56,0.8313253012048193,0.5519630484988453,0.0,29.47603666934083
2022-09-02,2022-09-02,1,371.8118591308594,1,1.0985579699621462,0.0,2022-08-31,374.5987243652344,408.45688117464834,401.72417339617596,-3.2672922215275935,39.84568811746483,-0.10986885248981637,665,276,56,0.8313253012048193,0.5522215810732833,0.0,29.47603666934083
2022-09-06,2022-09-06,1,370.408935546875,1,1.0985579699621462,0.0,2022-08-31,374.5987243652344,406.91568829021446,401.72417339617596,-4.808485105961477,39.69156882902145,-0.10986885248981637,665,276,56,0.8313253012048193,0.552479815455594,0.0,29.47603666934083
2022-09-07,2022-09-07,1,377.0633544921875,1,1.0985579699621462,0.0,2022-08-31,374.5987243652344,414.2259532580546,401.72417339617596,2.5017798618786355,40.42259532580546,-0.10986885248981637,665,276,56,0.8313253012048193,0.5527377521613833,0.0,29.47603666934083
2022-09-08,2022-09-08,1,379.5279846191406,1,1.0985579699621462,0.0,2022-08-31,374.5987243652344,416.93349232702775,401.72417339617596,5.209318930851811,40.69334923270277,-0.10986885248981637,665,276,56,0.8313253012048193,0.5529953917050692,0.0,29.47603666934083
2022-09-09,2022-09-09,1,385.4240112304688,1,1.0985579699621462,0.0,2022-08-31,374.5987243652344,423.4106193520112,401.72417339617596,11.686445955835286,41.341061935201125,-0.10986885248981637,665,276,56,0.8313253012048193,0.5532527345998849,0.0,29.47603666934083
2022-09-12,2022-09-12,0,389.56640625,0,0.0,427.747299775241,,,427.747299775241,417.747299775241,0.0,41.7747299775241,-0.10986885248981637,666,277,56,0.8318318318318318,0.5529344073647872,0.2139806402077244,29.69001730954855
2022-09-13,2022-09-13,0,372.6271057128906,0,0.0,427.747299775241,,,427.747299775241,417.747299775241,0.0,41.7747299775241,-0.10986885248981637,666,277,56,0.8318318318318318,0.5526164462334675,0.0,29.69001730954855
2022-09-14,2022-09-14,0,374.0489807128906,0,0.0,427.747299775241,,,427.747299775241,417.747299775241,0.0,41.7747299775241,-0.10986885248981637,666,277,56,0.8318318318318318,0.5522988505747126,0.0,29.69001730954855
2022-09-15,2022-09-15,0,369.8023071289063,0,0.0,427.747299775241,,,427.747299775241,417.747299775241,0.0,41.7747299775241,-0.10986885248981637,666,277,56,0.8318318318318318,0.5519816197587594,0.0,29.69001730954855
2022-09-16,2022-09-16,1,366.9810485839844,1,1.1650016660489615,-5.684341886080802e-14,2022-09-16,366.9810485839844,427.53353300873664,417.747299775241,-0.21376676650436835,41.75335330087366,-0.10986885248981637,667,277,56,0.8318318318318318,0.5522388059701493,0.21376676650436835,29.90378407605292
2022-09-19,2022-09-19,0,369.8269348144531,0,0.0,430.6335707110142,,,430.6335707110142,420.6335707110142,0.0,42.06335707110142,-0.10986885248981637,668,278,56,0.8323353293413174,0.5519219736087206,0.2154244976043093,30.11920857365723
2022-09-20,2022-09-20,0,365.5819396972656,0,0.0,430.6335707110142,,,430.6335707110142,420.6335707110142,0.0,42.06335707110142,-0.10986885248981637,668,278,56,0.8323353293413174,0.551605504587156,0.0,30.11920857365723
2022-09-21,2022-09-21,1,359.2048034667969,1,1.1982533567929718,5.684341886080802e-14,2022-09-21,359.2048034667969,430.4183615302491,420.6335707110142,-0.21520918076512455,42.04183615302491,-0.10986885248981637,669,278,56,0.8323353293413174,0.5518624641833811,0.21520918076512455,30.334417754422354
2022-09-22,2022-09-22,1,356.1875,1,1.1982533567929718,5.684341886080802e-14,2022-09-21,359.2048034667969,426.8028675226967,420.6335707110142,-3.830703188317524,41.68028675226967,-0.10986885248981637,669,278,56,0.8323353293413174,0.5521191294387171,0.0,30.334417754422354
2022-09-23,2022-09-23,1,350.2196655273437,1,1.1982533567929718,5.684341886080802e-14,2022-09-21,359.2048034667969,419.6518898330515,420.6335707110142,-10.981680877962756,40.96518898330515,-0.10986885248981637,669,278,56,0.8323353293413174,0.5523755008586148,0.0,30.334417754422354
2022-09-26,2022-09-26,1,346.75506591796875,1,1.1982533567929718,5.684341886080802e-14,2022-09-21,359.2048034667969,415.50042172117435,420.6335707110142,-15.133148989839892,40.550042172117436,-0.10986885248981637,669,278,56,0.8323353293413174,0.5526315789473685,0.0,30.334417754422354
2022-09-27,2022-09-27,1,345.869873046875,1,1.1982533567929718,5.684341886080802e-14,2022-09-21,359.2048034667969,414.439736391977,420.6335707110142,-16.19383431903722,40.4439736391977,-0.10986885248981637,669,278,56,0.8323353293413174,0.5528873642081189,0.0,30.334417754422354
2022-09-28,2022-09-28,0,352.6753234863281,0,0.0,422.3830930304272,,,422.3830930304272,412.3830930304272,0.0,41.23830930304272,-0.10986885248981637,670,278,57,0.8298507462686567,0.5525714285714286,0.21129719511276995,30.545714949535125
2022-09-29,2022-09-29,1,345.3083190917969,1,1.2225943705534745,0.0,2022-09-29,345.3083190917969,422.1720070269137,412.3830930304272,-0.21108600351345685,41.21720070269137,-0.10986885248981637,671,278,57,0.8298507462686567,0.5528269560251285,0.21108600351345685,30.756800953048582
2022-09-30,2022-09-30,1,339.9686584472656,1,1.2225943705534745,0.0,2022-09-29,345.3083190917969,415.6437679822439,412.3830930304272,-6.739325048183274,40.56437679822439,-0.10986885248981637,671,278,57,0.8298507462686567,0.553082191780822,0.0,30.756800953048582
2022-10-03,2022-10-03,1,348.9442749023437,1,1.2225943705534745,0.0,2022-09-29,345.3083190917969,426.6173061324695,412.3830930304272,4.234213102042305,41.661730613246945,-0.10986885248981637,671,278,57,0.8298507462686567,0.5533371363377068,0.0,30.756800953048582
2022-10-04,2022-10-04,0,359.7568359375,0,0.0,439.61676404412475,,,439.61676404412475,429.61676404412475,0.0,42.96167640441247,-0.10986885248981637,672,279,57,0.8303571428571429,0.5530216647662486,0.2199183411926587,30.976719294241242
2022-10-05,2022-10-05,0,358.9192199707031,0,0.0,439.61676404412475,,,439.61676404412475,429.61676404412475,0.0,42.96167640441247,-0.10986885248981637,672,279,57,0.8303571428571429,0.5527065527065527,0.0,30.976719294241242
2022-10-06,2022-10-06,0,355.2167053222656,0,0.0,439.61676404412475,,,439.61676404412475,429.61676404412475,0.0,42.96167640441247,-0.10986885248981637,672,279,57,0.8303571428571429,0.5523917995444191,0.0,30.976719294241242
2022-10-07,2022-10-07,1,345.3083190917969,1,1.2724774968267116,0.0,2022-10-07,345.3083190917969,439.3970655113691,429.61676404412475,-0.21969853275568454,42.93970655113691,-0.10986885248981637,673,279,57,0.8303571428571429,0.5526465566306203,0.21969853275568454,31.196417826996928
2022-10-10,2022-10-10,1,342.6717834472656,1,1.2724774968267116,0.0,2022-10-07,345.3083190917969,436.04213323412154,429.61676404412475,-3.5746308100032267,42.604213323412154,-0.10986885248981637,673,279,57,0.8303571428571429,0.552901023890785,0.0,31.196417826996928
2022-10-11,2022-10-11,1,340.50164794921875,1,1.2724774968267116,0.0,2022-10-07,345.3083190917969,433.2806846477921,429.61676404412475,-6.3360793963326625,42.32806846477921,-0.10986885248981637,673,279,57,0.8303571428571429,0.5531552018192155,0.0,31.196417826996928
2022-10-12,2022-10-12,1,339.37847900390625,1,1.2724774968267116,0.0,2022-10-07,345.3083190917969,431.8514774397473,429.61676404412475,-7.765286604377435,42.18514774397473,-0.10986885248981637,673,279,57,0.8303571428571429,0.553409090909091,0.0,31.196417826996928
2022-10-13,2022-10-13,0,348.3351135253906,0,0.0,443.0269690189797,,,443.0269690189797,433.0269690189797,0.0,43.30269690189797,-0.10986885248981637,674,280,57,0.8308605341246291,0.5530948324815446,0.22162429665781874,31.418042123654747
2022-10-14,2022-10-14,1,340.39697265625,1,1.3008504828361946,0.0,2022-10-14,340.39697265625,442.80556623586176,433.0269690189797,-0.22140278311793088,43.28055662358618,-0.10986885248981637,675,280,57,0.8308605341246291,0.5533484676503972,0.22140278311793088,31.639444906772678
2022-10-17,2022-10-17,0,349.1441650390625,0,0.0,453.95726349266926,,,453.95726349266926,443.95726349266926,0.0,44.39572634926692,-0.10986885248981637,676,281,57,0.8313609467455622,0.553034600113443,0.22709217783525223,31.86653708460793
2022-10-18,2022-10-18,0,353.24639892578125,0,0.0,453.95726349266926,,,453.95726349266926,443.95726349266926,0.0,44.39572634926692,-0.10986885248981637,676,281,57,0.8313609467455622,0.5527210884353742,0.0,31.86653708460793
2022-10-19,2022-10-19,0,350.7431335449219,0,0.0,453.95726349266926,,,453.95726349266926,443.95726349266926,0.0,44.39572634926692,-0.10986885248981637,676,281,57,0.8313609467455622,0.5524079320113314,0.0,31.86653708460793
2022-10-20,2022-10-20,1,347.80206298828125,1,1.3045649999747426,-5.684341886080802e-14,2022-10-20,347.80206298828125,453.7303982935225,443.95726349266926,-0.2268651991467613,44.37303982935225,-0.10986885248981637,677,281,57,0.8313609467455622,0.5526613816534541,0.2268651991467613,32.09340228375469
2022-10-21,2022-10-21,1,356.25421142578125,1,1.3045649999747426,-5.684341886080802e-14,2022-10-20,347.80206298828125,464.7567753196762,443.95726349266926,10.79951182700692,45.47567753196762,-0.10986885248981637,677,281,57,0.8313609467455622,0.5529145444255801,0.0,32.09340228375469
2022-10-24,2022-10-24,1,360.6134338378906,1,1.3045649999747426,-5.684341886080802e-14,2022-10-20,347.80206298828125,470.44366430561956,443.95726349266926,16.48640081295029,46.04436643056196,-0.10986885248981637,677,281,57,0.8313609467455622,0.5531674208144797,0.0,32.09340228375469
2022-10-25,2022-10-25,0,366.3719482421875,0,0.0,477.717042638991,,,477.717042638991,467.717042638991,0.0,46.7717042638991,-0.10986885248981637,678,282,57,0.831858407079646,0.5528547201808932,0.23897801032465787,32.33238029407935
2022-10-26,2022-10-26,0,363.6116027832031,0,0.0,477.717042638991,,,477.717042638991,467.717042638991,0.0,46.7717042638991,-0.10986885248981637,678,282,57,0.831858407079646,0.5525423728813559,0.0,32.33238029407935
2022-10-27,2022-10-27,1,361.6700134277344,1,1.3202042905408105,-5.684341886080802e-14,2022-10-27,361.6700134277344,477.4783034872474,467.717042638991,-0.23873915174362373,46.74783034872474,-0.10986885248981637,679,282,57,0.831858407079646,0.5527950310559007,0.23873915174362373,32.57111944582297
2022-10-28,2022-10-28,0,370.2743225097656,0,0.0,488.5933303798571,,,488.5933303798571,478.5933303798571,0.0,47.85933303798571,-0.10986885248981637,680,283,57,0.8323529411764706,0.5524830699774267,0.24441887462724218,32.815538320450216
2022-10-31,2022-10-31,0,367.5997924804688,0,0.0,488.5933303798571,,,488.5933303798571,478.5933303798571,0.0,47.85933303798571,-0.10986885248981637,680,283,57,0.8323529411764706,0.5521714608009024,0.0,32.815538320450216
2022-11-01,2022-11-01,0,365.99127197265625,0,0.0,488.5933303798571,,,488.5933303798571,478.5933303798571,0.0,47.85933303798571,-0.10986885248981637,680,283,57,0.8323529411764706,0.5518602029312288,0.0,32.815538320450216
2022-11-02,2022-11-02,0,356.80615234375,0,0.0,488.5933303798571,,,488.5933303798571,478.5933303798571,0.0,47.85933303798571,-0.10986885248981637,680,283,57,0.8323529411764706,0.5515492957746478,0.0,32.815538320450216
2022-11-03,2022-11-03,1,353.1321716308594,1,1.382907576918377,-5.684341886080802e-14,2022-11-03,353.1321716308594,488.3491558019561,478.5933303798571,-0.24417457790097807,47.83491558019561,-0.10986885248981637,681,283,57,0.8323529411764706,0.5518018018018018,0.24417457790097807,33.059712898351194
2022-11-04,2022-11-04,1,358.2148742675781,1,1.382907576918377,-5.684341886080802e-14,2022-11-03,353.1321716308594,495.37806378949745,478.5933303798571,6.784733409640367,48.537806378949746,-0.10986885248981637,681,283,57,0.8323529411764706,0.5520540236353405,0.0,33.059712898351194
2022-11-07,2022-11-07,0,361.6414184570313,0,0.0,499.86659938288204,,,499.86659938288204,489.86659938288204,0.0,48.986659938288206,-0.10986885248981637,682,284,57,0.8328445747800587,0.5517435320584927,0.250058328855869,33.309771227207065
2022-11-08,2022-11-08,0,363.5926513671875,0,0.0,499.86659938288204,,,499.86659938288204,489.86659938288204,0.0,48.986659938288206,-0.10986885248981637,682,284,57,0.8328445747800587,0.551433389544688,0.0,33.309771227207065
2022-11-09,2022-11-09,1,356.10186767578125,1,1.4030164858395875,-5.684341886080802e-14,2022-11-09,356.10186767578125,499.61679098738836,489.86659938288204,-0.2498083954936942,48.961679098738834,-0.10986885248981637,683,284,57,0.8328445747800587,0.5516853932584269,0.2498083954936942,33.55957962270076
2022-11-10,2022-11-10,0,375.6711730957031,0,0.0,526.8093126834146,,,526.8093126834146,516.8093126834146,0.0,51.68093126834147,-0.10986885248981637,684,285,57,0.8333333333333334,0.5513756316676025,0.2635364245539844,33.82311604725474
2022-11-11,2022-11-11,0,379.30706787109375,0,0.0,526.8093126834146,,,526.8093126834146,516.8093126834146,0.0,51.68093126834147,-0.10986885248981637,684,285,57,0.8333333333333334,0.5510662177328844,0.0,33.82311604725474
2022-11-14,2022-11-14,0,376.0804443359375,0,0.0,526.8093126834146,,,526.8093126834146,516.8093126834146,0.0,51.68093126834147,-0.10986885248981637,684,285,57,0.8333333333333334,0.5507571508693214,0.0,33.82311604725474
2022-11-15,2022-11-15,0,379.2880859375,0,0.0,526.8093126834146,,,526.8093126834146,516.8093126834146,0.0,51.68093126834147,-0.10986885248981637,684,285,57,0.8333333333333334,0.5504484304932735,0.0,33.82311604725474
2022-11-16,2022-11-16,0,376.3945617675781,0,0.0,526.8093126834146,,,526.8093126834146,516.8093126834146,0.0,51.68093126834147,-0.10986885248981637,684,285,57,0.8333333333333334,0.550140056022409,0.0,33.82311604725474
2022-11-17,2022-11-17,1,375.2427978515625,1,1.4032142460249764,0.0,2022-11-17,375.2427978515625,526.5460396635829,516.8093126834146,-0.2632730198317914,51.65460396635829,-0.10986885248981637,685,285,57,0.8333333333333334,0.5503919372900336,0.2632730198317914,34.086389067086536
2022-11-18,2022-11-18,0,376.9465942382813,0,0.0,528.6723626102397,,,528.6723626102397,518.6723626102397,0.0,51.86723626102397,-0.10986885248981637,686,286,57,0.8338192419825073,0.5500839395635143,0.2644684155128763,34.35085748259941
2022-11-21,2022-11-21,1,375.5759887695313,1,1.4069274243599927,0.0,2022-11-21,375.5759887695313,528.4081585309742,518.6723626102397,-0.2642040792654871,51.840815853097425,-0.10986885248981637,687,286,57,0.8338192419825073,0.5503355704697986,0.2642040792654871,34.6150615618649
2022-11-22,2022-11-22,1,380.6300964355469,1,1.4069274243599927,0.0,2022-11-21,375.5759887695313,535.5189212119597,518.6723626102397,6.846558601719944,52.55189212119596,-0.10986885248981637,687,286,57,0.8338192419825073,0.5505869200670765,0.0,34.6150615618649
2022-11-23,2022-11-23,0,383.0287170410156,0,0.0,538.6241595192673,,,538.6241595192673,528.6241595192673,0.0,52.862415951926735,-0.10986885248981637,688,287,57,0.8343023255813954,0.5502793296089385,0.2694468031612143,34.884508365026115
2022-11-25,2022-11-25,1,382.9429626464844,1,1.4058359456659821,-1.1368683772161603e-13,2022-11-25,382.9429626464844,538.3549820282532,528.6241595192673,-0.26917749101412664,52.83549820282532,-0.10986885248981637,689,287,57,0.8343023255813954,0.5505304299274149,0.26917749101412664,35.15368585604024
2022-11-28,2022-11-28,1,376.8323669433594,1,1.4058359456659821,-1.1368683772161603e-13,2022-11-25,382.9429626464844,529.7644869393679,528.6241595192673,-8.859672579899417,51.97644869393679,-0.10986885248981637,689,287,57,0.8343023255813954,0.55078125,0.0,35.15368585604024
2022-11-29,2022-11-29,1,376.1851501464844,1,1.4058359456659821,-1.1368683772161603e-13,2022-11-25,382.9429626464844,528.8546063016822,528.6241595192673,-9.769553217585077,51.885460630168225,-0.10986885248981637,689,287,57,0.8343023255813954,0.551031790295594,0.0,35.15368585604024
2022-11-30,2022-11-30,0,388.03521728515625,0,0.0,545.2410997154605,,,545.2410997154605,535.2410997154605,0.0,53.524109971546046,-0.10986885248981637,690,288,57,0.8347826086956521,0.5507246376811594,0.27275692832189125,35.42644278436213
2022-12-01,2022-12-01,0,387.7496643066406,0,0.0,545.2410997154605,,,545.2410997154605,535.2410997154605,0.0,53.524109971546046,-0.10986885248981637,690,288,57,0.8347826086956521,0.5504178272980501,0.0,35.42644278436213
2022-12-02,2022-12-02,0,387.3023071289063,0,0.0,545.2410997154605,,,545.2410997154605,535.2410997154605,0.0,53.524109971546046,-0.10986885248981637,690,288,57,0.8347826086956521,0.5501113585746102,0.0,35.42644278436213
2022-12-05,2022-12-05,0,380.33502197265625,0,0.0,545.2410997154605,,,545.2410997154605,535.2410997154605,0.0,53.524109971546046,-0.10986885248981637,690,288,57,0.8347826086956521,0.5498052309404563,0.0,35.42644278436213
2022-12-06,2022-12-06,1,374.8525695800781,1,1.4538212076770554,0.0,2022-12-06,374.8525695800781,544.9686154077566,535.2410997154605,-0.2724843077038783,53.49686154077566,-0.10986885248981637,691,288,57,0.8347826086956521,0.550055617352614,0.2724843077038783,35.69892709206601
2022-12-07,2022-12-07,1,374.21490478515625,1,1.4538212076770554,0.0,2022-12-06,374.8525695800781,544.0415648055101,535.2410997154605,-1.1995349099503598,53.40415648055101,-0.10986885248981637,691,288,57,0.8347826086956521,0.5503057254030017,0.0,35.69892709206601
2022-12-08,2022-12-08,0,377.14642333984375,0,0.0,548.0293169166881,,,548.0293169166881,538.0293169166881,0.0,53.80293169166881,-0.10986885248981637,692,289,57,0.8352601156069365,0.55,0.2741517343255068,35.973078826391514
2022-12-09,2022-12-09,1,374.32904052734375,1,1.4632993433408956,0.0,2022-12-09,374.32904052734375,547.7554391970896,538.0293169166881,-0.2738777195985448,53.77554391970896,-0.10986885248981637,693,289,57,0.8352601156069365,0.5502498611882287,0.2738777195985448,36.24695654599006
2022-12-12,2022-12-12,1,379.7258605957031,1,1.4632993433408956,0.0,2022-12-09,374.32904052734375,555.6526024592489,538.0293169166881,7.6232855425607795,54.56526024592489,-0.10986885248981637,693,289,57,0.8352601156069365,0.5504994450610433,0.0,36.24695654599006
2022-12-13,2022-12-13,1,382.6002807617188,1,1.4632993433408956,0.0,2022-12-09,374.32904052734375,559.8587396006654,538.0293169166881,11.829422683977327,54.98587396006654,-0.10986885248981637,693,289,57,0.8352601156069365,0.5507487520798668,0.0,36.24695654599006
2022-12-14,2022-12-14,0,380.1542053222656,0,0.0,556.0012593168431,,,556.0012593168431,546.0012593168431,0.0,54.6001259316843,-0.10986885248981637,694,290,57,0.8357348703170029,0.5504434589800443,0.27813969950817563,36.52509624549823
2022-12-15,2022-12-15,0,370.8550109863281,0,0.0,556.0012593168431,,,556.0012593168431,546.0012593168431,0.0,54.6001259316843,-0.10986885248981637,694,290,57,0.8357348703170029,0.5501385041551247,0.0,36.52509624549823
2022-12-16,2022-12-16,0,366.4765625,0,0.0,556.0012593168431,,,556.0012593168431,546.0012593168431,0.0,54.6001259316843,-0.10986885248981637,694,290,57,0.8357348703170029,0.5498338870431894,0.0,36.52509624549823
2022-12-19,2022-12-19,1,363.3690185546875,1,1.529363730095765,-1.1368683772161603e-13,2022-12-19,363.3690185546875,555.723397618034,546.0012593168431,-0.27786169880901707,54.572339761803406,-0.10986885248981637,695,290,57,0.8357348703170029,0.5500830105146652,0.27786169880901707,36.80295794430725
2022-12-20,2022-12-20,1,363.8662414550781,1,1.529363730095765,-1.1368683772161603e-13,2022-12-19,363.3690185546875,556.4838322876644,546.0012593168431,0.4825729708213821,54.64838322876644,-0.10986885248981637,695,290,57,0.8357348703170029,0.5503318584070797,0.0,36.80295794430725
2022-12-21,2022-12-21,0,369.3069152832031,0,0.0,564.5221992069263,,,564.5221992069263,554.5221992069263,0.0,55.45221992069263,-0.10986885248981637,696,291,57,0.8362068965517241,0.5500276395798784,0.2824023007538401,37.08536024506109
2022-12-22,2022-12-22,1,364.0383911132813,1,1.5499466345893247,-1.1368683772161603e-13,2022-12-22,364.0383911132813,564.2400791673426,554.5221992069263,-0.2821200395836714,55.42400791673426,-0.10986885248981637,697,291,57,0.8362068965517241,0.5502762430939226,0.2821200395836714,37.36748028464476
2022-12-23,2022-12-23,0,366.1324157714844,0,0.0,567.201962786252,,,567.201962786252,557.201962786252,0.0,55.7201962786252,-0.10986885248981637,698,292,57,0.836676217765043,0.5499723909442297,0.2837428528195358,37.6512231374643
2022-12-27,2022-12-27,0,364.6885070800781,0,0.0,567.201962786252,,,567.201962786252,557.201962786252,0.0,55.7201962786252,-0.10986885248981637,698,292,57,0.836676217765043,0.5496688741721855,0.0,37.6512231374643
2022-12-28,2022-12-28,1,360.1561889648437,1,1.574090688720121,0.0,2022-12-28,360.1561889648437,566.9185035344848,557.201962786252,-0.2834592517672424,55.69185035344848,-0.10986885248981637,699,292,57,0.836676217765043,0.5499172642029785,0.2834592517672424,37.93468238923154
2022-12-29,2022-12-29,0,366.63916015625,0,0.0,576.8347264780573,,,576.8347264780573,566.8347264780573,0.0,56.68347264780573,-0.10986885248981637,700,293,57,0.8371428571428572,0.5496141124586549,0.28856164406105916,38.2232440332926
2022-12-30,2022-12-30,0,365.6734008789063,0,0.0,576.8347264780573,,,576.8347264780573,566.8347264780573,0.0,56.68347264780573,-0.10986885248981637,700,293,57,0.8371428571428572,0.5493112947658402,0.0,38.2232440332926
2023-01-03,2023-01-03,1,364.1339721679688,1,1.5833360722121268,-1.1368683772161603e-13,2023-01-03,364.1339721679688,576.5464532514316,566.8347264780573,-0.28827322662571586,56.65464532514316,-0.10986885248981637,701,293,57,0.8371428571428572,0.5495594713656388,0.28827322662571586,38.51151725991832
2023-01-04,2023-01-04,0,366.9451293945313,0,0.0,580.7069611629613,,,580.7069611629613,570.7069611629613,0.0,57.07069611629613,-0.10986885248981637,702,294,57,0.8376068376068376,0.5492570170610898,0.2904987299464539,38.80201598986478
2023-01-05,2023-01-05,0,362.757080078125,0,0.0,580.7069611629613,,,580.7069611629613,570.7069611629613,0.0,57.07069611629613,-0.10986885248981637,702,294,57,0.8376068376068376,0.5489548954895489,0.0,38.80201598986478
2023-01-06,2023-01-06,0,371.0758361816406,0,0.0,580.7069611629613,,,580.7069611629613,570.7069611629613,0.0,57.07069611629613,-0.10986885248981637,702,294,57,0.8376068376068376,0.548653106102254,0.0,38.80201598986478
2023-01-09,2023-01-09,0,370.865478515625,0,0.0,580.7069611629613,,,580.7069611629613,570.7069611629613,0.0,57.07069611629613,-0.10986885248981637,702,294,57,0.8376068376068376,0.5483516483516484,0.0,38.80201598986478
2023-01-10,2023-01-10,1,373.4663391113281,1,1.5541340463713096,0.0,2023-01-10,373.4663391113281,580.416752786568,570.7069611629613,-0.290208376393284,57.041675278656804,-0.10986885248981637,703,294,57,0.8376068376068376,0.5485996705107083,0.290208376393284,39.09222436625806
2023-01-11,2023-01-11,1,378.1898498535156,1,1.5541340463713096,0.0,2023-01-10,373.4663391113281,587.7577216494022,570.7069611629613,7.050760486440904,57.77577216494022,-0.10986885248981637,703,294,57,0.8376068376068376,0.5488474204171241,0.0,39.09222436625806
2023-01-12,2023-01-12,1,379.5668029785156,1,1.5541340463713096,0.0,2023-01-10,373.4663391113281,589.8976913812221,570.7069611629613,9.190730218260764,57.98976913812221,-0.10986885248981637,703,294,57,0.8376068376068376,0.5490948985189249,0.0,39.09222436625806
2023-01-13,2023-01-13,1,381.0392456054688,1,1.5541340463713096,0.0,2023-01-10,373.4663391113281,592.1860645990985,570.7069611629613,11.479103436137134,58.21860645990985,-0.10986885248981637,703,294,57,0.8376068376068376,0.5493421052631579,0.0,39.09222436625806
2023-01-17,2023-01-17,1,380.34124755859375,1,1.5541340463713096,0.0,2023-01-10,373.4663391113281,591.1012820701493,570.7069611629613,10.394320907187957,58.11012820701493,-0.10986885248981637,703,294,57,0.8376068376068376,0.5495890410958905,0.0,39.09222436625806
2023-01-18,2023-01-18,1,374.33642578125,1,1.5541340463713096,0.0,2023-01-10,373.4663391113281,581.7689841035875,570.7069611629613,1.0620229406261754,57.17689841035875,-0.10986885248981637,703,294,57,0.8376068376068376,0.5498357064622125,0.0,39.09222436625806
2023-01-19,2023-01-19,1,371.611328125,1,1.5541340463713096,0.0,2023-01-10,373.4663391113281,577.5338170563227,570.7069611629613,-3.1731441066386057,56.75338170563227,-0.10986885248981637,703,294,57,0.8376068376068376,0.5500821018062397,0.0,39.09222436625806
2023-01-20,2023-01-20,1,378.5340576171875,1,1.5541340463713096,0.0,2023-01-10,373.4663391113281,588.29266665395,570.7069611629613,7.585705490988712,57.829266665395004,-0.10986885248981637,703,294,57,0.8376068376068376,0.550328227571116,0.0,39.09222436625806
2023-01-23,2023-01-23,1,383.0759582519531,1,1.5541340463713096,0.0,2023-01-10,373.4663391113281,595.3513890656748,570.7069611629613,14.644427902713428,58.535138906567475,-0.10986885248981637,703,294,57,0.8376068376068376,0.5505740841990159,0.0,39.09222436625806
2023-01-24,2023-01-24,1,382.6648254394531,1,1.5541340463713096,0.0,2023-01-10,373.4663391113281,594.7124335641881,570.7069611629613,14.005472401226793,58.47124335641881,-0.10986885248981637,703,294,57,0.8376068376068376,0.5508196721311476,0.0,39.09222436625806
2023-01-25,2023-01-25,1,382.8082580566406,1,1.5541340463713096,0.0,2023-01-10,373.4663391113281,594.9353470779193,570.7069611629613,14.228385914958007,58.49353470779194,-0.10986885248981637,703,294,57,0.8376068376068376,0.5510649918077554,0.0,39.09222436625806
2023-01-26,2023-01-26,0,387.0154113769531,0,0.0,601.1730903776754,,,601.1730903776754,591.1730903776754,0.0,59.11730903776754,-0.10986885248981637,704,295,57,0.8380681818181818,0.550764192139738,0.3007369136456605,39.392961279903716
2023-01-27,2023-01-27,0,387.9046630859375,0,0.0,601.1730903776754,,,601.1730903776754,591.1730903776754,0.0,59.11730903776754,-0.10986885248981637,704,295,57,0.8380681818181818,0.5504637206764866,0.0,39.392961279903716
2023-01-30,2023-01-30,1,383.0377807617188,1,1.568703360947161,0.0,2023-01-30,383.0377807617188,600.8726540506501,591.1730903776754,-0.3004363270253251,59.08726540506501,-0.10986885248981637,705,295,57,0.8380681818181818,0.5507088331515813,0.3004363270253251,39.69339760692904
2023-01-31,2023-01-31,1,388.6696472167969,1,1.568703360947161,0.0,2023-01-30,383.0377807617188,609.7073818871366,591.1730903776754,8.53429150946121,59.97073818871367,-0.10986885248981637,705,295,57,0.8380681818181818,0.5509536784741145,0.0,39.69339760692904
2023-02-01,2023-02-01,1,392.8003234863281,1,1.568703360947161,0.0,2023-01-30,383.0377807617188,616.187187634135,591.1730903776754,15.014097256459506,60.6187187634135,-0.10986885248981637,705,295,57,0.8380681818181818,0.55119825708061,0.0,39.69339760692904
2023-02-02,2023-02-02,0,398.518310546875,0,0.0,624.8444346472903,,,624.8444346472903,614.8444346472903,0.0,61.48444346472903,-0.10986885248981637,706,296,57,0.8385269121813032,0.5508982035928144,0.31257850657693365,40.00597611350597
2023-02-03,2023-02-03,0,394.2824096679688,0,0.0,624.8444346472903,,,624.8444346472903,614.8444346472903,0.0,61.48444346472903,-0.10986885248981637,706,296,57,0.8385269121813032,0.5505984766050055,0.0,40.00597611350597
2023-02-06,2023-02-06,1,391.872802734375,1,1.5937114395416168,0.0,2023-02-06,391.872802734375,624.5321685630088,614.8444346472903,-0.3122660842815044,61.45321685630088,-0.10986885248981637,707,296,57,0.8385269121813032,0.5508428493746601,0.3122660842815044,40.31824219778748
2023-02-07,2023-02-07,0,396.998046875,0,0.0,632.3839786159763,,,632.3839786159763,622.3839786159763,0.0,62.238397861597626,-0.10986885248981637,708,297,57,0.8389830508474576,0.5505434782608696,0.31635016439018326,40.63459236217766
2023-02-08,2023-02-08,0,392.6568908691406,0,0.0,632.3839786159763,,,632.3839786159763,622.3839786159763,0.0,62.238397861597626,-0.10986885248981637,708,297,57,0.8389830508474576,0.5502444323737099,0.0,40.63459236217766
2023-02-09,2023-02-09,1,389.2528991699219,1,1.6237976544080557,-1.1368683772161603e-13,2023-02-09,389.2528991699219,632.0679446436544,622.3839786159763,-0.3160339723218273,62.206794464365444,-0.10986885248981637,709,297,57,0.8389830508474576,0.5504885993485342,0.3160339723218273,40.95062633449949
2023-02-10,2023-02-10,1,390.1613464355469,1,1.6237976544080557,-1.1368683772161603e-13,2023-02-09,389.2528991699219,633.5430791827297,622.3839786159763,1.159100566753443,62.354307918272966,-0.10986885248981637,709,297,57,0.8389830508474576,0.550732501356484,0.0,40.95062633449949
2023-02-13,2023-02-13,0,394.7413940429688,0,0.0,640.6596596698663,,,640.6596596698663,630.6596596698663,0.0,63.065965966986624,-0.10986885248981637,710,298,57,0.8394366197183099,0.5504338394793926,0.3204900748723694,41.27111640937186
2023-02-14,2023-02-14,1,394.5597839355469,1,1.6229213315605076,0.0,2023-02-14,394.5597839355469,640.3394899249039,630.6596596698663,-0.32016974496245193,63.033948992490394,-0.10986885248981637,711,298,57,0.8394366197183099,0.5506775067750678,0.32016974496245193,41.591286154334306
2023-02-15,2023-02-15,0,395.8410034179688,0,0.0,642.0975989491607,,,642.0975989491607,632.0975989491607,0.0,63.20975989491606,-0.10986885248981637,712,299,57,0.8398876404494382,0.5503791982665223,0.32120940417666866,41.912495558510976
2023-02-16,2023-02-16,0,390.3907775878906,0,0.0,642.0975989491607,,,642.0975989491607,632.0975989491607,0.0,63.20975989491606,-0.10986885248981637,712,299,57,0.8398876404494382,0.550081212777477,0.0,41.912495558510976
2023-02-17,2023-02-17,0,389.4154357910156,0,0.0,642.0975989491607,,,642.0975989491607,632.0975989491607,0.0,63.20975989491606,-0.10986885248981637,712,299,57,0.8398876404494382,0.5497835497835498,0.0,41.912495558510976
2023-02-21,2023-02-21,0,381.6033935546875,0,0.0,642.0975989491607,,,642.0975989491607,632.0975989491607,0.0,63.20975989491606,-0.10986885248981637,712,299,57,0.8398876404494382,0.5494862087614927,0.0,41.912495558510976
2023-02-22,2023-02-22,0,381.0775146484375,0,0.0,642.0975989491607,,,642.0975989491607,632.0975989491607,0.0,63.20975989491606,-0.10986885248981637,712,299,57,0.8398876404494382,0.5491891891891892,0.0,41.912495558510976
2023-02-23,2023-02-23,0,383.1046142578125,0,0.0,642.0975989491607,,,642.0975989491607,632.0975989491607,0.0,63.20975989491606,-0.10986885248981637,712,299,57,0.8398876404494382,0.548892490545651,0.0,41.912495558510976
2023-02-24,2023-02-24,0,379.01214599609375,0,0.0,642.0975989491607,,,642.0975989491607,632.0975989491607,0.0,63.20975989491606,-0.10986885248981637,712,299,57,0.8398876404494382,0.5485961123110151,0.0,41.912495558510976
2023-02-27,2023-02-27,0,380.3030395507813,0,0.0,642.0975989491607,,,642.0975989491607,632.0975989491607,0.0,63.20975989491606,-0.10986885248981637,712,299,57,0.8398876404494382,0.5483000539665407,0.0,41.912495558510976
2023-02-28,2023-02-28,0,378.8974609375,0,0.0,642.0975989491607,,,642.0975989491607,632.0975989491607,0.0,63.20975989491606,-0.10986885248981637,712,299,57,0.8398876404494382,0.5480043149946062,0.0,41.912495558510976
2023-03-01,2023-03-01,0,377.4440307617188,0,0.0,642.0975989491607,,,642.0975989491607,632.0975989491607,0.0,63.20975989491606,-0.10986885248981637,712,299,57,0.8398876404494382,0.5477088948787062,0.0,41.912495558510976
2023-03-02,2023-03-02,1,380.3794860839844,1,1.6872011611377098,0.0,2023-03-02,380.3794860839844,641.7767105938638,632.0975989491607,-0.3208883552969319,63.17767105938637,-0.10986885248981637,713,299,57,0.8398876404494382,0.5479525862068966,0.3208883552969319,42.233383913807906
2023-03-03,2023-03-03,1,386.47998046875,1,1.6872011611377098,0.0,2023-03-02,380.3794860839844,652.0694718033544,632.0975989491607,9.971872854193732,64.20694718033545,-0.10986885248981637,713,299,57,0.8398876404494382,0.5481960150780829,0.0,42.233383913807906
2023-03-06,2023-03-06,0,386.7476806640625,0,0.0,652.1948753157806,,,652.1948753157806,642.1948753157806,0.0,64.21948753157805,-0.10986885248981637,714,300,57,0.8403361344537815,0.5479009687836384,0.3262605679418612,42.559644481749764
2023-03-07,2023-03-07,0,380.8194274902344,0,0.0,652.1948753157806,,,652.1948753157806,642.1948753157806,0.0,64.21948753157805,-0.10986885248981637,714,300,57,0.8403361344537815,0.5476062399139322,0.0,42.559644481749764
2023-03-08,2023-03-08,0,381.4408874511719,0,0.0,652.1948753157806,,,652.1948753157806,642.1948753157806,0.0,64.21948753157805,-0.10986885248981637,714,300,57,0.8403361344537815,0.5473118279569893,0.0,42.559644481749764
2023-03-09,2023-03-09,0,374.4033508300781,0,0.0,652.1948753157806,,,652.1948753157806,642.1948753157806,0.0,64.21948753157805,-0.10986885248981637,714,300,57,0.8403361344537815,0.5470177324019344,0.0,42.559644481749764
2023-03-10,2023-03-10,1,369.0009460449219,1,1.7665779663502539,0.0,2023-03-10,369.0009460449219,651.8689408453579,642.1948753157806,-0.3259344704226789,64.1868940845358,-0.10986885248981637,715,300,57,0.8403361344537815,0.5472610096670247,0.3259344704226789,42.885578952172445
2023-03-13,2023-03-13,1,368.4750061035156,1,1.7665779663502539,0.0,2023-03-10,369.0009460449219,650.939826933246,642.1948753157806,-1.2550483825345948,64.09398269332459,-0.10986885248981637,715,300,57,0.8403361344537815,0.5475040257648953,0.0,42.885578952172445
2023-03-14,2023-03-14,0,374.5659484863281,0,0.0,661.369101565261,,,661.369101565261,651.369101565261,0.0,65.1369101565261,-0.10986885248981637,716,301,57,0.840782122905028,0.5472103004291845,0.3308499757705158,43.216428927942964
2023-03-15,2023-03-15,1,372.2232971191406,1,1.7759194209236713,0.0,2023-03-15,372.2232971191406,661.0385822741239,651.369101565261,-0.33051929113706197,65.10385822741239,-0.10986885248981637,717,301,57,0.840782122905028,0.5474530831099196,0.33051929113706197,43.54694821908003
2023-03-16,2023-03-16,0,378.75396728515625,0,0.0,672.300207990471,,,672.300207990471,662.300207990471,0.0,66.2300207990471,-0.10986885248981637,718,302,57,0.841225626740947,0.5471596998928189,0.3363182631267989,43.88326648220683
2023-03-17,2023-03-17,1,374.3253784179688,1,1.7951340321019384,0.0,2023-03-17,374.3253784179688,671.9642258775323,662.300207990471,-0.3359821129387661,66.19642258775323,-0.10986885248981637,719,302,57,0.841225626740947,0.547402249598286,0.3359821129387661,44.219248595145594
2023-03-20,2023-03-20,1,377.92474365234375,1,1.7951340321019384,0.0,2023-03-17,374.3253784179688,678.4255689037233,662.300207990471,6.125360913252236,66.84255689037232,-0.10986885248981637,719,302,57,0.841225626740947,0.547644539614561,0.0,44.219248595145594
2023-03-21,2023-03-21,0,382.8870849609375,0,0.0,686.9899698473523,,,686.9899698473523,676.9899698473523,0.0,67.69899698473523,-0.10986885248981637,720,303,57,0.8416666666666667,0.5473515248796148,0.34366681833284257,44.562915413478436
2023-03-22,2023-03-22,1,376.3602294921875,1,1.8244399719135143,-1.1368683772161603e-13,2023-03-22,376.3602294921875,686.6466465240902,676.9899698473523,-0.3433233232620452,67.66466465240902,-0.10986885248981637,721,303,57,0.8416666666666667,0.5475935828877005,0.3433233232620452,44.906238736740484
2023-03-23,2023-03-23,1,377.3776245117188,1,1.8244399719135143,-1.1368683772161603e-13,2023-03-22,376.3602294921875,688.5028226649489,676.9899698473523,1.5128528175966338,67.85028226649489,-0.10986885248981637,721,303,57,0.8416666666666667,0.5478353821485836,0.0,44.906238736740484
2023-03-24,2023-03-24,1,379.85400390625,1,1.8244399719135143,-1.1368683772161603e-13,2023-03-22,376.3602294921875,693.0208282179545,676.9899698473523,6.030858370602284,68.30208282179545,-0.10986885248981637,721,303,57,0.8416666666666667,0.5480769230769231,0.0,44.906238736740484
2023-03-27,2023-03-27,1,380.564208984375,1,1.8244399719135143,-1.1368683772161603e-13,2023-03-22,376.3602294921875,694.3165547507418,676.9899698473523,7.326584903389569,68.43165547507418,-0.10986885248981637,721,303,57,0.8416666666666667,0.5483182060864923,0.0,44.906238736740484
2023-03-28,2023-03-28,1,379.7100830078125,1,1.8244399719135143,-1.1368683772161603e-13,2023-03-22,376.3602294921875,692.7582531780515,676.9899698473523,5.768283330699258,68.27582531780516,-0.10986885248981637,721,303,57,0.8416666666666667,0.5485592315901814,0.0,44.906238736740484
2023-03-29,2023-03-29,1,385.2290344238281,1,1.8244399719135143,-1.1368683772161603e-13,2023-03-22,376.3602294921875,702.8272487444791,676.9899698473523,15.837278897126847,69.28272487444791,-0.10986885248981637,721,303,57,0.8416666666666667,0.5488,0.0,44.906238736740484
2023-03-30,2023-03-30,1,387.4846496582031,1,1.8244399719135143,-1.1368683772161603e-13,2023-03-22,376.3602294921875,706.9424833393299,676.9899698473523,19.952513491977637,69.69424833393299,-0.10986885248981637,721,303,57,0.8416666666666667,0.5490405117270789,0.0,44.906238736740484
2023-03-31,2023-03-31,1,392.9461059570313,1,1.8244399719135143,-1.1368683772161603e-13,2023-03-22,376.3602294921875,716.9065825157709,676.9899698473523,29.91661266841862,70.69065825157709,-0.10986885248981637,721,303,57,0.8416666666666667,0.5492807671816728,0.0,44.906238736740484
2023-04-03,2023-04-03,0,394.4434509277344,0,0.0,719.2785793327993,,,719.2785793327993,709.2785793327993,0.0,70.92785793327992,-0.10986885248981637,722,304,57,0.8421052631578947,0.5489882854100107,0.3598191992660327,45.26605793600652
2023-04-04,2023-04-04,1,392.2550659179688,1,1.832784792952192,-1.1368683772161603e-13,2023-04-04,392.2550659179688,718.9191197729128,709.2785793327993,-0.3594595598864565,70.89191197729129,-0.10986885248981637,723,304,57,0.8421052631578947,0.5492283129324108,0.3594595598864565,45.62551749589298
2023-04-05,2023-04-05,1,391.2279968261719,1,1.832784792952192,-1.1368683772161603e-13,2023-04-04,392.2550659179688,717.0367231601562,709.2785793327993,-2.2418561726431356,70.70367231601561,-0.10986885248981637,723,304,57,0.8421052631578947,0.549468085106383,0.0,45.62551749589298
2023-04-06,2023-04-06,0,392.754150390625,0,0.0,719.4739172876932,,,719.4739172876932,709.4739172876932,0.0,70.94739172876932,-0.10986885248981637,724,305,57,0.8425414364640884,0.5491759702286018,0.35991691710239787,45.985434412995374
2023-04-10,2023-04-10,0,393.15716552734375,0,0.0,719.4739172876932,,,719.4739172876932,709.4739172876932,0.0,70.94739172876932,-0.10986885248981637,724,305,57,0.8425414364640884,0.5488841657810839,0.0,45.985434412995374
2023-04-11,2023-04-11,0,393.2628479003906,0,0.0,719.4739172876932,,,719.4739172876932,709.4739172876932,0.0,70.94739172876932,-0.10986885248981637,724,305,57,0.8425414364640884,0.5485926712692512,0.0,45.985434412995374
2023-04-12,2023-04-12,1,391.6599426269531,1,1.8360681852843423,0.0,2023-04-12,391.6599426269531,719.1143601076394,709.4739172876932,-0.3595571800538197,70.91143601076394,-0.10986885248981637,725,305,57,0.8425414364640884,0.5488322717622081,0.3595571800538197,46.344991593049194
2023-04-13,2023-04-13,1,396.86224365234375,1,1.8360681852843423,0.0,2023-04-12,391.6599426269531,728.6661395106313,709.4739172876932,9.192222222938064,71.86661395106313,-0.10986885248981637,725,305,57,0.8425414364640884,0.5490716180371353,0.0,46.344991593049194
2023-04-14,2023-04-14,0,395.8928527832031,0,0.0,726.5228286408087,,,726.5228286408087,716.5228286408087,0.0,71.65228286408087,-0.10986885248981637,726,306,57,0.8429752066115702,0.5487804878048781,0.36344313588834853,46.70843472893754
2023-04-17,2023-04-17,0,397.3133850097656,0,0.0,726.5228286408087,,,726.5228286408087,716.5228286408087,0.0,71.65228286408087,-0.10986885248981637,726,306,57,0.8429752066115702,0.548489666136725,0.0,46.70843472893754
2023-04-18,2023-04-18,0,397.5724792480469,0,0.0,726.5228286408087,,,726.5228286408087,716.5228286408087,0.0,71.65228286408087,-0.10986885248981637,726,306,57,0.8429752066115702,0.5481991525423728,0.0,46.70843472893754
2023-04-19,2023-04-19,0,397.50531005859375,0,0.0,726.5228286408087,,,726.5228286408087,716.5228286408087,0.0,71.65228286408087,-0.10986885248981637,726,306,57,0.8429752066115702,0.547908946532557,0.0,46.70843472893754
2023-04-20,2023-04-20,0,395.3361206054688,0,0.0,726.5228286408087,,,726.5228286408087,716.5228286408087,0.0,71.65228286408087,-0.10986885248981637,726,306,57,0.8429752066115702,0.5476190476190477,0.0,46.70843472893754
2023-04-21,2023-04-21,0,395.6433410644531,0,0.0,726.5228286408087,,,726.5228286408087,716.5228286408087,0.0,71.65228286408087,-0.10986885248981637,726,306,57,0.8429752066115702,0.5473294553146484,0.0,46.70843472893754
2023-04-24,2023-04-24,0,396.0559997558594,0,0.0,726.5228286408087,,,726.5228286408087,716.5228286408087,0.0,71.65228286408087,-0.10986885248981637,726,306,57,0.8429752066115702,0.5470401691331924,0.0,46.70843472893754
2023-04-25,2023-04-25,0,389.7690124511719,0,0.0,726.5228286408087,,,726.5228286408087,716.5228286408087,0.0,71.65228286408087,-0.10986885248981637,726,306,57,0.8429752066115702,0.5467511885895404,0.0,46.70843472893754
2023-04-26,2023-04-26,1,388.11810302734375,1,1.8709762391971343,0.0,2023-04-26,388.11810302734375,726.1597487664255,716.5228286408087,-0.36307987438321276,71.61597487664255,-0.10986885248981637,727,306,57,0.8429752066115702,0.5469904963041182,0.36307987438321276,47.07151460332075
2023-04-27,2023-04-27,0,395.8448486328125,0,0.0,740.2459980474781,,,740.2459980474781,730.2459980474781,0.0,73.02459980474781,-0.10986885248981637,728,307,57,0.8434065934065934,0.5467018469656992,0.3703081531002892,47.44182275642104
2023-04-28,2023-04-28,1,399.2234802246094,1,1.853287936874864,0.0,2023-04-28,399.2234802246094,739.8760600174694,730.2459980474781,-0.3699380300087347,72.98760600174694,-0.10986885248981637,729,307,57,0.8434065934065934,0.5469409282700421,0.3699380300087347,47.81176078642977
2023-05-01,2023-05-01,0,398.8204040527344,0,0.0,738.7594792885866,,,738.7594792885866,728.7594792885866,0.0,72.87594792885866,-0.10986885248981637,730,307,58,0.8410958904109589,0.5466526093832367,0.3695645219052459,48.18132530833502
2023-05-02,2023-05-02,0,394.3378601074219,0,0.0,738.7594792885866,,,738.7594792885866,728.7594792885866,0.0,72.87594792885866,-0.10986885248981637,730,307,58,0.8410958904109589,0.5463645943097998,0.0,48.18132530833502
2023-05-03,2023-05-03,0,391.631103515625,0,0.0,738.7594792885866,,,738.7594792885866,728.7594792885866,0.0,72.87594792885866,-0.10986885248981637,730,307,58,0.8410958904109589,0.5460768825697736,0.0,48.18132530833502
2023-05-04,2023-05-04,1,388.8572387695313,1,1.8988724151902545,-1.1368683772161603e-13,2023-05-04,388.8572387695313,738.3902841465133,728.7594792885866,-0.3691951420732567,72.83902841465132,-0.10986885248981637,731,307,58,0.8410958904109589,0.5463157894736842,0.3691951420732567,48.55052045040828
2023-05-05,2023-05-05,0,396.0559997558594,0,0.0,751.6837829005959,,,751.6837829005959,741.6837829005959,0.0,74.1683782900596,-0.10986885248981637,732,308,58,0.8415300546448088,0.5460284061020515,0.37602990640349976,48.92655035681178
2023-05-08,2023-05-08,0,396.1615905761719,0,0.0,751.6837829005959,,,751.6837829005959,741.6837829005959,0.0,74.1683782900596,-0.10986885248981637,732,308,58,0.8415300546448088,0.5457413249211357,0.0,48.92655035681178
2023-05-09,2023-05-09,0,394.4241943359375,0,0.0,751.6837829005959,,,751.6837829005959,741.6837829005959,0.0,74.1683782900596,-0.10986885248981637,732,308,58,0.8415300546448088,0.5454545454545454,0.0,48.92655035681178
2023-05-10,2023-05-10,1,396.2671508789063,1,1.8959636880569166,0.0,2023-05-10,396.2671508789063,751.3081288361778,741.6837829005959,-0.3756540644180889,74.13081288361778,-0.10986885248981637,733,308,58,0.8415300546448088,0.5456932773109243,0.3756540644180889,49.30220442122987
2023-05-11,2023-05-11,0,395.5760803222656,0,0.0,749.6228852128244,,,749.6228852128244,739.6228852128244,0.0,73.96228852128243,-0.10986885248981637,734,308,59,0.8392370572207084,0.5454068241469816,0.37499894207745094,49.67720336330732
2023-05-12,2023-05-12,0,395.0577087402344,0,0.0,749.6228852128244,,,749.6228852128244,739.6228852128244,0.0,73.96228852128243,-0.10986885248981637,734,308,59,0.8392370572207084,0.5451206715634838,0.0,49.67720336330732
2023-05-15,2023-05-15,0,396.4207458496094,0,0.0,749.6228852128244,,,749.6228852128244,739.6228852128244,0.0,73.96228852128243,-0.10986885248981637,734,308,59,0.8392370572207084,0.5448348190875721,0.0,49.67720336330732
2023-05-16,2023-05-16,1,393.77154541015625,1,1.902748611004533,0.0,2023-05-16,393.77154541015625,749.2482610822832,739.6228852128244,-0.37462413054114163,73.92482610822832,-0.10986885248981637,735,308,59,0.8392370572207084,0.5450733752620545,0.37462413054114163,50.051827493848464
2023-05-17,2023-05-17,1,398.5515441894531,1,1.902748611004533,0.0,2023-05-16,393.77154541015625,758.3433971201937,739.6228852128244,8.720511907369351,74.83433971201937,-0.10986885248981637,735,308,59,0.8392370572207084,0.5453116815086433,0.0,50.051827493848464
2023-05-18,2023-05-18,0,402.3908996582031,0,0.0,765.2659010428076,,,765.2659010428076,755.2659010428076,0.0,75.52659010428076,-0.10986885248981637,736,309,59,0.8396739130434783,0.5450261780104712,0.3828243627027552,50.43465185655122
2023-05-19,2023-05-19,0,401.805419921875,0,0.0,765.2659010428076,,,765.2659010428076,755.2659010428076,0.0,75.52659010428076,-0.10986885248981637,736,309,59,0.8396739130434783,0.5447409733124019,0.0,50.43465185655122
2023-05-22,2023-05-22,0,401.9685974121094,0,0.0,765.2659010428076,,,765.2659010428076,755.2659010428076,0.0,75.52659010428076,-0.10986885248981637,736,309,59,0.8396739130434783,0.5444560669456067,0.0,50.43465185655122
2023-05-23,2023-05-23,1,397.4573059082031,1,1.9244418153677338,0.0,2023-05-23,397.4573059082031,764.8834593131511,755.2659010428076,-0.3824417296565756,75.48834593131511,-0.10986885248981637,737,309,59,0.8396739130434783,0.5446941975953999,0.3824417296565756,50.8170935862078
2023-05-24,2023-05-24,1,394.5778198242188,1,1.9244418153677338,0.0,2023-05-23,397.4573059082031,759.3420558863622,755.2659010428076,-5.923845156445436,74.93420558863622,-0.10986885248981637,737,309,59,0.8396739130434783,0.544932079414838,0.0,50.8170935862078
2023-05-25,2023-05-25,1,397.9948120117188,1,1.9244418153677338,0.0,2023-05-23,397.4573059082031,765.9178585347721,755.2659010428076,0.6519574919644398,75.5917858534772,-0.10986885248981637,737,309,59,0.8396739130434783,0.5451697127937337,0.0,50.8170935862078
2023-05-26,2023-05-26,1,403.1491088867188,1,1.9244418153677338,0.0,2023-05-23,397.4573059082031,775.8370029698414,755.2659010428076,10.571101927033697,76.58370029698413,-0.10986885248981637,737,309,59,0.8396739130434783,0.5454070981210856,0.0,50.8170935862078
2023-05-30,2023-05-30,1,403.302734375,1,1.9244418153677338,0.0,2023-05-23,397.4573059082031,776.132646283396,755.2659010428076,10.866745240588289,76.61326462833959,-0.10986885248981637,737,309,59,0.8396739130434783,0.5456442357850808,0.0,50.8170935862078
2023-05-31,2023-05-31,1,401.0663757324219,1,1.9244418153677338,0.0,2023-05-23,397.4573059082031,771.8289041974596,755.2659010428076,6.563003154651897,76.18289041974596,-0.10986885248981637,737,309,59,0.8396739130434783,0.545881126173097,0.0,50.8170935862078
2023-06-01,2023-06-01,1,404.8768005371094,1,1.9244418153677338,0.0,2023-05-23,397.4573059082031,779.1618450259147,755.2659010428076,13.89594398310699,76.91618450259146,-0.10986885248981637,737,309,59,0.8396739130434783,0.546117769671704,0.0,50.8170935862078
2023-06-02,2023-06-02,0,410.7318420410156,0,0.0,790.034316960882,,,790.034316960882,780.034316960882,0.0,78.0034316960882,-0.10986885248981637,738,310,59,0.8401084010840109,0.5458333333333333,0.3952147658633727,51.21230835207117
2023-06-05,2023-06-05,0,409.9447326660156,0,0.0,790.034316960882,,,790.034316960882,780.034316960882,0.0,78.0034316960882,-0.10986885248981637,738,310,59,0.8401084010840109,0.5455491931285789,0.0,51.21230835207117
2023-06-06,2023-06-06,0,410.83740234375,0,0.0,790.034316960882,,,790.034316960882,780.034316960882,0.0,78.0034316960882,-0.10986885248981637,738,310,59,0.8401084010840109,0.5452653485952134,0.0,51.21230835207117
2023-06-07,2023-06-07,1,409.4168090820313,1,1.9286933992347703,0.0,2023-06-07,409.4168090820313,789.639497212276,780.034316960882,-0.394819748606138,77.96394972122759,-0.10986885248981637,739,310,59,0.8401084010840109,0.5455018200728029,0.394819748606138,51.60712810067731
2023-06-08,2023-06-08,1,411.8932495117188,1,1.9286933992347703,0.0,2023-06-07,409.4168090820313,794.4157915226124,780.034316960882,4.381474561730287,78.44157915226124,-0.10986885248981637,739,310,59,0.8401084010840109,0.5457380457380457,0.0,51.60712810067731
2023-06-09,2023-06-09,1,412.63232421875,1,1.9286933992347703,0.0,2023-06-07,409.4168090820313,795.8412400316048,780.034316960882,5.806923070722704,78.58412400316048,-0.10986885248981637,739,310,59,0.8401084010840109,0.545974025974026,0.0,51.60712810067731
2023-06-12,2023-06-12,1,416.3756103515625,1,1.9286933992347703,0.0,2023-06-07,409.4168090820313,803.0608912874073,780.034316960882,13.02657432652525,79.30608912874074,-0.10986885248981637,739,310,59,0.8401084010840109,0.5462097611630322,0.0,51.60712810067731
2023-06-13,2023-06-13,1,419.1207580566406,1,1.9286933992347703,0.0,2023-06-07,409.4168090820313,808.3554395461159,780.034316960882,18.321122585233823,79.8355439546116,-0.10986885248981637,739,310,59,0.8401084010840109,0.5464452516865594,0.0,51.60712810067731
2023-06-14,2023-06-14,1,419.6198425292969,1,1.9286933992347703,0.0,2023-06-07,409.4168090820313,809.3180204741886,780.034316960882,19.28370351330655,79.93180204741887,-0.10986885248981637,739,310,59,0.8401084010840109,0.5466804979253111,0.0,51.60712810067731
2023-06-15,2023-06-15,0,424.8222351074219,0,0.0,818.9421647794964,,,818.9421647794964,808.9421647794964,0.0,80.89421647794964,-0.10986885248981637,740,311,59,0.8405405405405405,0.5463970969414205,0.4096759203499232,52.016804021027234
2023-06-16,2023-06-16,1,423.3751220703125,1,1.9333514315335525,-1.1368683772161603e-13,2023-06-16,423.3751220703125,818.5328983303311,808.9421647794964,-0.40926644916516564,80.85328983303312,-0.10986885248981637,741,311,59,0.8405405405405405,0.5466321243523317,0.40926644916516564,52.4260704701924
2023-06-20,2023-06-20,0,421.1785888671875,0,0.0,813.8790846037996,,,813.8790846037996,803.8790846037996,0.0,80.38790846037996,-0.10986885248981637,742,311,60,0.8382749326145552,0.5463490419471776,0.4071431138588293,52.83321358405123
2023-06-21,2023-06-21,1,419.02056884765625,1,1.9413661497971473,-1.1368683772161603e-13,2023-06-21,419.02056884765625,813.4723484295848,803.8790846037996,-0.40673617421479247,80.34723484295849,-0.10986885248981637,743,311,60,0.8382749326145552,0.546583850931677,0.40673617421479247,53.23994975826602
2023-06-22,2023-06-22,0,420.5331726074219,0,0.0,816.0006617337663,,,816.0006617337663,806.0006617337663,0.0,80.60006617337663,-0.10986885248981637,744,312,60,0.8387096774193549,0.5463010863942059,0.40820443308342486,53.64815419134945
2023-06-23,2023-06-23,1,417.3539123535156,1,1.9541996400653736,0.0,2023-06-23,417.3539123535156,815.5928653011157,806.0006617337663,-0.40779643265055787,80.55928653011156,-0.10986885248981637,745,312,60,0.8387096774193549,0.546535677352637,0.40779643265055787,54.055950624000005
2023-06-26,2023-06-26,1,415.6487121582031,1,1.9541996400653736,0.0,2023-06-23,417.3539123535156,812.2605636931967,806.0006617337663,-3.740098040569579,80.22605636931966,-0.10986885248981637,745,312,60,0.8387096774193549,0.5467700258397933,0.0,54.055950624000005
2023-06-27,2023-06-27,1,420.2055969238281,1,1.9541996400653736,0.0,2023-06-23,417.3539123535156,821.1656262620004,806.0006617337663,5.164964528234135,81.11656262620004,-0.10986885248981637,745,312,60,0.8387096774193549,0.547004132231405,0.0,54.055950624000005
2023-06-28,2023-06-28,1,420.4176025390625,1,1.9541996400653736,0.0,2023-06-23,417.3539123535156,821.5799275589833,806.0006617337663,5.579265825217034,81.15799275589833,-0.10986885248981637,745,312,60,0.8387096774193549,0.5472379969024265,0.0,54.055950624000005
2023-06-29,2023-06-29,1,422.0745544433594,1,1.9541996400653736,0.0,2023-06-23,417.3539123535156,824.8179423739658,806.0006617337663,8.817280640199568,81.48179423739658,-0.10986885248981637,745,312,60,0.8387096774193549,0.5474716202270382,0.0,54.055950624000005
2023-06-30,2023-06-30,1,427.0553588867188,1,1.9541996400653736,0.0,2023-06-23,417.3539123535156,834.5514286244148,806.0006617337663,18.550766890648575,82.45514286244148,-0.10986885248981637,745,312,60,0.8387096774193549,0.5477050025786487,0.0,54.055950624000005
2023-07-03,2023-07-03,1,427.5466613769531,1,1.9541996400653736,0.0,2023-06-23,417.3539123535156,835.511531773994,806.0006617337663,19.510870040227715,82.5511531773994,-0.10986885248981637,745,312,60,0.8387096774193549,0.547938144329897,0.0,54.055950624000005
2023-07-05,2023-07-05,1,426.9108276367188,1,1.9541996400653736,0.0,2023-06-23,417.3539123535156,834.2689857076866,806.0006617337663,18.268323973920374,82.42689857076866,-0.10986885248981637,745,312,60,0.8387096774193549,0.5481710458526533,0.0,54.055950624000005
2023-07-06,2023-07-06,1,423.5678405761719,1,1.9541996400653736,0.0,2023-06-23,417.3539123535156,827.7361215972227,806.0006617337663,11.735459863456425,81.77361215972226,-0.10986885248981637,745,312,60,0.8387096774193549,0.5484037075180227,0.0,54.055950624000005
2023-07-07,2023-07-07,0,422.4984130859375,0,0.0,825.2334236573403,,,825.2334236573403,815.2334236573403,0.0,81.52334236573402,-0.10986885248981637,746,313,60,0.839142091152815,0.5481214616572311,0.4128231233903653,54.46877374739037
2023-07-10,2023-07-10,1,423.5678405761719,1,1.947317369583053,-1.1368683772161603e-13,2023-07-10,423.5678405761719,824.8210131507649,815.2334236573403,-0.41241050657538253,81.48210131507649,-0.10986885248981637,747,313,60,0.839142091152815,0.5483539094650206,0.41241050657538253,54.881184253965756
2023-07-11,2023-07-11,1,426.2653503417969,1,1.947317369583053,-1.1368683772161603e-13,2023-07-10,423.5678405761719,830.0739207719863,815.2334236573403,4.840497114646042,82.00739207719863,-0.10986885248981637,747,313,60,0.839142091152815,0.548586118251928,0.0,54.881184253965756
2023-07-12,2023-07-12,1,429.695068359375,1,1.947317369583053,-1.1368683772161603e-13,2023-07-10,423.5678405761719,836.7526702403882,815.2334236573403,11.519246583047904,82.67526702403882,-0.10986885248981637,747,313,60,0.839142091152815,0.5488180883864338,0.0,54.881184253965756
2023-07-13,2023-07-13,1,433.10546875,1,1.947317369583053,-1.1368683772161603e-13,2023-07-10,423.5678405761719,843.3938021582851,815.2334236573403,18.16037850094483,83.33938021582851,-0.10986885248981637,747,313,60,0.839142091152815,0.5490498202362609,0.0,54.881184253965756
2023-07-14,2023-07-14,1,432.8357238769531,1,1.947317369583053,-1.1368683772161603e-13,2023-07-10,423.5678405761719,842.8685232816449,815.2334236573403,17.635099624304644,83.28685232816449,-0.10986885248981637,747,313,60,0.839142091152815,0.5492813141683778,0.0,54.881184253965756
2023-07-17,2023-07-17,1,434.338623046875,1,1.947317369583053,-1.1368683772161603e-13,2023-07-10,423.5678405761719,845.7951449399657,815.2334236573403,20.5617212826254,83.57951449399657,-0.10986885248981637,747,313,60,0.839142091152815,0.5495125705489995,0.0,54.881184253965756
2023-07-18,2023-07-18,1,437.5660400390625,1,1.947317369583053,-1.1368683772161603e-13,2023-07-10,423.5678405761719,852.0799501077399,815.2334236573403,26.846526450399665,84.207995010774,-0.10986885248981637,747,313,60,0.839142091152815,0.5497435897435897,0.0,54.881184253965756
2023-07-19,2023-07-19,0,438.5390319824219,0,0.0,853.5476868823982,,,853.5476868823982,843.5476868823982,0.0,84.35476868823983,-0.10986885248981637,748,314,60,0.839572192513369,0.5494618144541261,0.42698733710975406,55.308171591075514
2023-07-20,2023-07-20,0,435.6295471191406,0,0.0,853.5476868823982,,,853.5476868823982,843.5476868823982,0.0,84.35476868823983,-0.10986885248981637,748,314,60,0.839572192513369,0.5491803278688525,0.0,55.308171591075514
2023-07-21,2023-07-21,0,435.6295471191406,0,0.0,853.5476868823982,,,853.5476868823982,843.5476868823982,0.0,84.35476868823983,-0.10986885248981637,748,314,60,0.839572192513369,0.5488991295442909,0.0,55.308171591075514
2023-07-24,2023-07-24,0,437.5756530761719,0,0.0,853.5476868823982,,,853.5476868823982,843.5476868823982,0.0,84.35476868823983,-0.10986885248981637,748,314,60,0.839572192513369,0.548618219037871,0.0,55.308171591075514
2023-07-25,2023-07-25,0,438.770263671875,0,0.0,853.5476868823982,,,853.5476868823982,843.5476868823982,0.0,84.35476868823983,-0.10986885248981637,748,314,60,0.839572192513369,0.5483375959079284,0.0,55.308171591075514
2023-07-26,2023-07-26,0,438.837646484375,0,0.0,853.5476868823982,,,853.5476868823982,843.5476868823982,0.0,84.35476868823983,-0.10986885248981637,748,314,60,0.839572192513369,0.5480572597137015,0.0,55.308171591075514
2023-07-27,2023-07-27,1,435.92822265625,1,1.9570220095429907,0.0,2023-07-27,435.92822265625,853.1211263192387,843.5476868823982,-0.4265605631596193,84.31211263192387,-0.10986885248981637,749,314,60,0.839572192513369,0.5482881962187021,0.4265605631596193,55.73473215423513
2023-07-28,2023-07-28,1,440.1961059570313,1,1.9570220095429907,0.0,2023-07-27,435.92822265625,861.4734678730287,843.5476868823982,7.925780990630364,85.14734678730287,-0.10986885248981637,749,314,60,0.839572192513369,0.5485188968335035,0.0,55.73473215423513
2023-07-31,2023-07-31,1,441.03424072265625,1,1.9570220095429907,0.0,2023-07-27,435.92822265625,863.1137160563198,843.5476868823982,9.566029173921557,85.31137160563199,-0.10986885248981637,749,314,60,0.839572192513369,0.5487493619193466,0.0,55.73473215423513
2023-08-01,2023-08-01,1,439.7722473144531,1,1.9570220095429907,0.0,2023-07-27,435.92822265625,860.6439671805681,843.5476868823982,7.096280298169808,85.06439671805681,-0.10986885248981637,749,314,60,0.839572192513369,0.5489795918367347,0.0,55.73473215423513
2023-08-02,2023-08-02,0,433.6546325683594,0,0.0,848.2473246463196,,,848.2473246463196,838.2473246463196,0.0,83.82473246463196,-0.10986885248981637,750,314,61,0.8373333333333334,0.5486996430392657,0.424335830238279,56.15906798447341
2023-08-03,2023-08-03,0,432.4118347167969,0,0.0,848.2473246463196,,,848.2473246463196,838.2473246463196,0.0,83.82473246463196,-0.10986885248981637,750,314,61,0.8373333333333334,0.5484199796126402,0.0,56.15906798447341
2023-08-04,2023-08-04,0,430.4560852050781,0,0.0,848.2473246463196,,,848.2473246463196,838.2473246463196,0.0,83.82473246463196,-0.10986885248981637,750,314,61,0.8373333333333334,0.5481406011207336,0.0,56.15906798447341
2023-08-07,2023-08-07,0,434.21331787109375,0,0.0,848.2473246463196,,,848.2473246463196,838.2473246463196,0.0,83.82473246463196,-0.10986885248981637,750,314,61,0.8373333333333334,0.5478615071283096,0.0,56.15906798447341
2023-08-08,2023-08-08,0,432.3251037597656,0,0.0,848.2473246463196,,,848.2473246463196,838.2473246463196,0.0,83.82473246463196,-0.10986885248981637,750,314,61,0.8373333333333334,0.5475826972010178,0.0,56.15906798447341
2023-08-09,2023-08-09,0,429.4349060058594,0,0.0,848.2473246463196,,,848.2473246463196,838.2473246463196,0.0,83.82473246463196,-0.10986885248981637,750,314,61,0.8373333333333334,0.5473041709053916,0.0,56.15906798447341
2023-08-10,2023-08-10,0,429.5890502929688,0,0.0,848.2473246463196,,,848.2473246463196,838.2473246463196,0.0,83.82473246463196,-0.10986885248981637,750,314,61,0.8373333333333334,0.547025927808846,0.0,56.15906798447341
2023-08-11,2023-08-11,0,429.3385925292969,0,0.0,848.2473246463196,,,848.2473246463196,838.2473246463196,0.0,83.82473246463196,-0.10986885248981637,750,314,61,0.8373333333333334,0.5467479674796748,0.0,56.15906798447341
2023-08-14,2023-08-14,0,431.7085266113281,0,0.0,848.2473246463196,,,848.2473246463196,838.2473246463196,0.0,83.82473246463196,-0.10986885248981637,750,314,61,0.8373333333333334,0.5464702894870492,0.0,56.15906798447341
2023-08-15,2023-08-15,0,426.67962646484375,0,0.0,848.2473246463196,,,848.2473246463196,838.2473246463196,0.0,83.82473246463196,-0.10986885248981637,750,314,61,0.8373333333333334,0.5461928934010152,0.0,56.15906798447341
2023-08-16,2023-08-16,0,423.548583984375,0,0.0,848.2473246463196,,,848.2473246463196,838.2473246463196,0.0,83.82473246463196,-0.10986885248981637,750,314,61,0.8373333333333334,0.5459157787924911,0.0,56.15906798447341
2023-08-17,2023-08-17,0,420.32122802734375,0,0.0,848.2473246463196,,,848.2473246463196,838.2473246463196,0.0,83.82473246463196,-0.10986885248981637,750,314,61,0.8373333333333334,0.5456389452332657,0.0,56.15906798447341
2023-08-18,2023-08-18,0,420.5234680175781,0,0.0,848.2473246463196,,,848.2473246463196,838.2473246463196,0.0,83.82473246463196,-0.10986885248981637,750,314,61,0.8373333333333334,0.5453623922959959,0.0,56.15906798447341
2023-08-21,2023-08-21,0,423.259521484375,0,0.0,848.2473246463196,,,848.2473246463196,838.2473246463196,0.0,83.82473246463196,-0.10986885248981637,750,314,61,0.8373333333333334,0.5450861195542046,0.0,56.15906798447341
2023-08-22,2023-08-22,1,422.1130676269531,1,2.0085220713638807,0.0,2023-08-22,422.1130676269531,847.8234129398497,838.2473246463196,-0.4239117064699249,83.78234129398497,-0.10986885248981637,751,314,61,0.8373333333333334,0.5453164556962026,0.4239117064699249,56.58297969094333
2023-08-23,2023-08-23,1,426.8144836425781,1,2.0085220713638807,0.0,2023-08-22,422.1130676269531,857.2663107738962,838.2473246463196,9.018986127576524,84.72663107738961,-0.10986885248981637,751,314,61,0.8373333333333334,0.5455465587044535,0.0,56.58297969094333
2023-08-24,2023-08-24,0,420.8992309570313,0,0.0,844.9627024996822,,,844.9627024996822,834.9627024996822,0.0,83.49627024996822,-0.10986885248981637,752,314,62,0.8351063829787234,0.5452706120384421,0.4226926975986405,57.005672388541974
2023-08-25,2023-08-25,1,423.866455078125,1,1.9924681988053972,-1.1368683772161603e-13,2023-08-25,423.866455078125,844.5404322835404,834.9627024996822,-0.4222702161417703,83.45404322835404,-0.10986885248981637,753,314,62,0.8351063829787234,0.5455005055611729,0.4222702161417703,57.42794260468374
2023-08-28,2023-08-28,1,426.5543518066406,1,1.9924681988053972,-1.1368683772161603e-13,2023-08-25,423.866455078125,849.8959810367809,834.9627024996822,4.933278537098671,83.98959810367809,-0.10986885248981637,753,314,62,0.8351063829787234,0.5457301667508843,0.0,57.42794260468374
2023-08-29,2023-08-29,1,432.7201232910156,1,1.9924681988053972,-1.1368683772161603e-13,2023-08-25,423.866455078125,862.1810846404992,834.9627024996822,17.218382140816985,85.21810846404992,-0.10986885248981637,753,314,62,0.8351063829787234,0.545959595959596,0.0,57.42794260468374
2023-08-30,2023-08-30,0,434.50244140625,0,0.0,865.2994306568559,,,865.2994306568559,855.2994306568559,0.0,85.52994306568559,-0.10986885248981637,754,315,62,0.8355437665782494,0.5456839979808178,0.43286614840262927,57.860808753086374
2023-08-31,2023-08-31,0,433.8665466308594,0,0.0,865.2994306568559,,,865.2994306568559,855.2994306568559,0.0,85.52994306568559,-0.10986885248981637,754,315,62,0.8355437665782494,0.5454086781029264,0.0,57.860808753086374
2023-09-01,2023-09-01,0,434.67584228515625,0,0.0,865.2994306568559,,,865.2994306568559,855.2994306568559,0.0,85.52994306568559,-0.10986885248981637,754,315,62,0.8355437665782494,0.5451336359051941,0.0,57.860808753086374
2023-09-05,2023-09-05,0,432.7971801757813,0,0.0,865.2994306568559,,,865.2994306568559,855.2994306568559,0.0,85.52994306568559,-0.10986885248981637,754,315,62,0.8355437665782494,0.5448588709677419,0.0,57.860808753086374
2023-09-06,2023-09-06,1,429.8877258300781,1,2.01184389595746,-1.1368683772161603e-13,2023-09-06,429.8877258300781,864.8669971582767,855.2994306568559,-0.43243349857913843,85.48669971582767,-0.10986885248981637,755,315,62,0.8355437665782494,0.545088161209068,0.43243349857913843,58.29324225166551
2023-09-07,2023-09-07,1,428.5678405761719,1,2.01184389595746,-1.1368683772161603e-13,2023-09-06,429.8877258300781,862.2115940668411,855.2994306568559,-3.087836590014712,85.22115940668411,-0.10986885248981637,755,315,62,0.8355437665782494,0.5453172205438066,0.0,58.29324225166551
2023-09-08,2023-09-08,1,429.21331787109375,1,2.01184389595746,-1.1368683772161603e-13,2023-09-06,429.8877258300781,863.5101936226089,855.2994306568559,-1.789237034246975,85.35101936226089,-0.10986885248981637,755,315,62,0.8355437665782494,0.5455460493205838,0.0,58.29324225166551
2023-09-11,2023-09-11,1,432.0361328125,1,2.01184389595746,-1.1368683772161603e-13,2023-09-06,429.8877258300781,869.1892566318945,855.2994306568559,3.889825975038667,85.91892566318946,-0.10986885248981637,755,315,62,0.8355437665782494,0.545774647887324,0.0,58.29324225166551
2023-09-12,2023-09-12,0,429.6661376953125,0,0.0,863.9889858237209,,,863.9889858237209,853.9889858237209,0.0,85.39889858237208,-0.10986885248981637,756,315,63,0.8333333333333334,0.5455002513826043,0.432210598210966,58.725452849876476
2023-09-13,2023-09-13,1,430.16705322265625,1,2.007492672324977,0.0,2023-09-13,430.16705322265625,863.5572072201109,853.9889858237209,-0.43177860361005543,85.35572072201109,-0.10986885248981637,757,315,63,0.8333333333333334,0.5457286432160804,0.43177860361005543,59.15723145348653
2023-09-14,2023-09-14,0,433.8761596679688,0,0.0,870.5677096243342,,,870.5677096243342,860.5677096243342,0.0,86.05677096243342,-0.10986885248981637,758,316,63,0.8337730870712401,0.5454545454545454,0.4355016056149746,59.592733059101505
2023-09-15,2023-09-15,0,428.648681640625,0,0.0,870.5677096243342,,,870.5677096243342,860.5677096243342,0.0,86.05677096243342,-0.10986885248981637,758,316,63,0.8337730870712401,0.5451807228915663,0.0,59.592733059101505
2023-09-18,2023-09-18,0,428.900146484375,0,0.0,870.5677096243342,,,870.5677096243342,860.5677096243342,0.0,86.05677096243342,-0.10986885248981637,758,316,63,0.8337730870712401,0.5449071751128951,0.0,59.592733059101505
2023-09-19,2023-09-19,1,428.0105895996094,1,2.032969894779157,0.0,2023-09-19,428.0105895996094,870.1326433026828,860.5677096243342,-0.4350663216513414,86.01326433026829,-0.10986885248981637,759,316,63,0.8337730870712401,0.545135406218656,0.4350663216513414,60.027799380752846
2023-09-20,2023-09-20,0,424.0757751464844,0,0.0,861.7022173359488,,,861.7022173359488,851.7022173359488,0.0,85.17022173359489,-0.10986885248981637,760,316,64,0.8315789473684211,0.5448621553884712,0.43106664198896893,60.458866022741816
2023-09-21,2023-09-21,0,417.06646728515625,0,0.0,861.7022173359488,,,861.7022173359488,851.7022173359488,0.0,85.17022173359489,-0.10986885248981637,760,316,64,0.8315789473684211,0.5445891783567134,0.0,60.458866022741816
2023-09-22,2023-09-22,0,416.1287231445313,0,0.0,861.7022173359488,,,861.7022173359488,851.7022173359488,0.0,85.17022173359489,-0.10986885248981637,760,316,64,0.8315789473684211,0.5443164747120681,0.0,60.458866022741816
2023-09-25,2023-09-25,0,417.8786010742188,0,0.0,861.7022173359488,,,861.7022173359488,851.7022173359488,0.0,85.17022173359489,-0.10986885248981637,760,316,64,0.8315789473684211,0.544044044044044,0.0,60.458866022741816
2023-09-26,2023-09-26,0,411.7395324707031,0,0.0,861.7022173359488,,,861.7022173359488,851.7022173359488,0.0,85.17022173359489,-0.10986885248981637,760,316,64,0.8315789473684211,0.5437718859429714,0.0,60.458866022741816
2023-09-27,2023-09-27,1,411.9038391113281,1,2.090953032638267,-1.1368683772161603e-13,2023-09-27,411.9038391113281,861.2715815451762,851.7022173359488,-0.4306357907725882,85.12715815451762,-0.10986885248981637,761,316,64,0.8315789473684211,0.544,0.4306357907725882,60.88950181351441
2023-09-28,2023-09-28,1,414.2917785644531,1,2.090953032638267,-1.1368683772161603e-13,2023-09-27,411.9038391113281,866.2646507864446,851.7022173359488,4.56243345049577,85.62646507864446,-0.10986885248981637,761,316,64,0.8315789473684211,0.5442278860569715,0.0,60.88950181351441
2023-09-29,2023-09-29,0,413.2863159179688,0,0.0,863.7301944787654,,,863.7301944787654,853.7301944787654,0.0,85.37301944787654,-0.10986885248981637,762,317,64,0.8320209973753281,0.5439560439560439,0.4320811378082869,61.321582951322696
2023-10-02,2023-10-02,0,413.1219787597656,0,0.0,863.7301944787654,,,863.7301944787654,853.7301944787654,0.0,85.37301944787654,-0.10986885248981637,762,317,64,0.8320209973753281,0.5436844732900649,0.0,61.321582951322696
2023-10-03,2023-10-03,0,407.5919189453125,0,0.0,863.7301944787654,,,863.7301944787654,853.7301944787654,0.0,85.37301944787654,-0.10986885248981637,762,317,64,0.8320209973753281,0.5434131736526946,0.0,61.321582951322696
2023-10-04,2023-10-04,0,410.5599670410156,0,0.0,863.7301944787654,,,863.7301944787654,853.7301944787654,0.0,85.37301944787654,-0.10986885248981637,762,317,64,0.8320209973753281,0.543142144638404,0.0,61.321582951322696
2023-10-05,2023-10-05,0,410.4052734375,0,0.0,863.7301944787654,,,863.7301944787654,853.7301944787654,0.0,85.37301944787654,-0.10986885248981637,762,317,64,0.8320209973753281,0.5428713858424726,0.0,61.321582951322696
2023-10-06,2023-10-06,0,415.2779235839844,0,0.0,863.7301944787654,,,863.7301944787654,853.7301944787654,0.0,85.37301944787654,-0.10986885248981637,762,317,64,0.8320209973753281,0.5426008968609866,0.0,61.321582951322696
2023-10-09,2023-10-09,0,417.9366149902344,0,0.0,863.7301944787654,,,863.7301944787654,853.7301944787654,0.0,85.37301944787654,-0.10986885248981637,762,317,64,0.8320209973753281,0.5423306772908366,0.0,61.321582951322696
2023-10-10,2023-10-10,0,420.1118469238281,0,0.0,863.7301944787654,,,863.7301944787654,853.7301944787654,0.0,85.37301944787654,-0.10986885248981637,762,317,64,0.8320209973753281,0.5420607267297163,0.0,61.321582951322696
2023-10-11,2023-10-11,0,421.8328247070313,0,0.0,863.7301944787654,,,863.7301944787654,853.7301944787654,0.0,85.37301944787654,-0.10986885248981637,762,317,64,0.8320209973753281,0.5417910447761194,0.0,61.321582951322696
2023-10-12,2023-10-12,0,419.2611083984375,0,0.0,863.7301944787654,,,863.7301944787654,853.7301944787654,0.0,85.37301944787654,-0.10986885248981637,762,317,64,0.8320209973753281,0.5415216310293386,0.0,61.321582951322696
2023-10-13,2023-10-13,1,417.1728820800781,1,2.0694023564083164,0.0,2023-10-13,417.1728820800781,863.2985452061623,853.7301944787654,-0.43164927260308117,85.32985452061624,-0.10986885248981637,763,317,64,0.8320209973753281,0.5417495029821073,0.43164927260308117,61.75323222392578
2023-10-16,2023-10-16,1,421.5620727539063,1,2.0694023564083164,0.0,2023-10-13,417.1728820800781,872.3815467293078,853.7301944787654,8.651352250542445,86.23815467293079,-0.10986885248981637,763,317,64,0.8320209973753281,0.5419771485345256,0.0,61.75323222392578
2023-10-17,2023-10-17,0,421.542724609375,0,0.0,871.9053368796059,,,871.9053368796059,861.9053368796059,0.0,86.1905336879606,-0.10986885248981637,764,318,64,0.8324607329842932,0.541708043694141,0.4361707538167113,62.18940297774249
2023-10-18,2023-10-18,0,415.9256286621094,0,0.0,871.9053368796059,,,871.9053368796059,861.9053368796059,0.0,86.1905336879606,-0.10986885248981637,764,318,64,0.8324607329842932,0.541439205955335,0.0,62.18940297774249
2023-10-19,2023-10-19,0,412.2712097167969,0,0.0,871.9053368796059,,,871.9053368796059,861.9053368796059,0.0,86.1905336879606,-0.10986885248981637,764,318,64,0.8324607329842932,0.5411706349206349,0.0,62.18940297774249
2023-10-20,2023-10-20,0,407.2051086425781,0,0.0,871.9053368796059,,,871.9053368796059,861.9053368796059,0.0,86.1905336879606,-0.10986885248981637,764,318,64,0.8324607329842932,0.5409023301933564,0.0,62.18940297774249
2023-10-23,2023-10-23,0,406.49945068359375,0,0.0,871.9053368796059,,,871.9053368796059,861.9053368796059,0.0,86.1905336879606,-0.10986885248981637,764,318,64,0.8324607329842932,0.5406342913776016,0.0,62.18940297774249
2023-10-24,2023-10-24,0,409.5641784667969,0,0.0,871.9053368796059,,,871.9053368796059,861.9053368796059,0.0,86.1905336879606,-0.10986885248981637,764,318,64,0.8324607329842932,0.5403665180782565,0.0,62.18940297774249
2023-10-25,2023-10-25,0,403.6860046386719,0,0.0,871.9053368796059,,,871.9053368796059,861.9053368796059,0.0,86.1905336879606,-0.10986885248981637,764,318,64,0.8324607329842932,0.5400990099009901,0.0,62.18940297774249
2023-10-26,2023-10-26,1,398.8520812988281,1,2.1849443514014006,-1.1368683772161603e-13,2023-10-26,398.8520812988281,871.4696020785666,861.9053368796059,-0.43573480103928336,86.14696020785667,-0.10986885248981637,765,318,64,0.8324607329842932,0.5403265710044532,0.43573480103928336,62.62513777878177
2023-10-27,2023-10-27,0,397.0441284179688,0,0.0,867.0855659811111,,,867.0855659811111,857.0855659811111,0.0,85.70855659811112,-0.10986885248981637,766,318,65,0.8302872062663186,0.5400593471810089,0.43375966282196665,63.05889744160374
2023-10-30,2023-10-30,1,401.79107666015625,1,2.1569723426043486,-1.1368683772161603e-13,2023-10-30,401.79107666015625,866.6522398611805,857.0855659811111,-0.43332611993059034,85.66522398611805,-0.10986885248981637,767,318,65,0.8302872062663186,0.5402867029164607,0.43332611993059034,63.49222356153433
2023-10-31,2023-10-31,1,404.3144836425781,1,2.1569723426043486,-1.1368683772161603e-13,2023-10-30,401.79107666015625,872.0951589313992,857.0855659811111,5.009592950288046,86.20951589313992,-0.10986885248981637,767,318,65,0.8302872062663186,0.5405138339920948,0.0,63.49222356153433
2023-11-01,2023-11-01,1,408.6263122558594,1,2.1569723426043486,-1.1368683772161603e-13,2023-10-30,401.79107666015625,881.3956539962969,857.0855659811111,14.31008801518579,87.13956539962969,-0.10986885248981637,767,318,65,0.8302872062663186,0.5407407407407407,0.0,63.49222356153433
2023-11-02,2023-11-02,1,416.4573974609375,1,2.1569723426043486,-1.1368683772161603e-13,2023-10-30,401.79107666015625,898.2870881962285,857.0855659811111,31.2015222151174,88.82870881962285,-0.10986885248981637,767,318,65,0.8302872062663186,0.5409674234945706,0.0,63.49222356153433
2023-11-03,2023-11-03,1,420.25689697265625,1,2.1569723426043486,-1.1368683772161603e-13,2023-10-30,401.79107666015625,906.4825035587446,857.0855659811111,39.39693757763349,89.64825035587447,-0.10986885248981637,767,318,65,0.8302872062663186,0.5411938825851011,0.0,63.49222356153433
2023-11-06,2023-11-06,1,421.2236633300781,1,2.1569723426043486,-1.1368683772161603e-13,2023-10-30,401.79107666015625,908.567791853464,857.0855659811111,41.48222587235285,89.8567791853464,-0.10986885248981637,767,318,65,0.8302872062663186,0.5414201183431953,0.0,63.49222356153433
2023-11-07,2023-11-07,0,422.4225158691406,0,0.0,910.6981067812712,,,910.6981067812712,900.6981067812712,0.0,90.06981067812713,-0.10986885248981637,768,319,65,0.8307291666666666,0.5411532774765895,0.45557684181154146,63.94780040334587
2023-11-08,2023-11-08,1,422.7319030761719,1,2.1532393904148055,-1.1368683772161603e-13,2023-11-08,422.7319030761719,910.2429852886269,900.6981067812712,-0.4551214926443135,90.02429852886269,-0.10986885248981637,769,319,65,0.8307291666666666,0.5413793103448276,0.4551214926443135,64.40292189599019
2023-11-09,2023-11-09,1,419.4351196289063,1,2.1532393904148055,-1.1368683772161603e-13,2023-11-08,422.7319030761719,903.1442213083071,900.6981067812712,-7.553885472964059,89.3144221308307,-0.10986885248981637,769,319,65,0.8307291666666666,0.5416051206302314,0.0,64.40292189599019
2023-11-10,2023-11-10,1,425.9803771972656,1,2.1532393904148055,-1.1368683772161603e-13,2023-11-08,422.7319030761719,917.2377277249091,900.6981067812712,6.539620943637881,90.7237727724909,-0.10986885248981637,769,319,65,0.8307291666666666,0.5418307086614174,0.0,64.40292189599019
2023-11-13,2023-11-13,1,425.5742492675781,1,2.1532393904148055,-1.1368683772161603e-13,2023-11-08,422.7319030761719,916.3632370691583,900.6981067812712,5.665130287887162,90.63632370691583,-0.10986885248981637,769,319,65,0.8307291666666666,0.5420560747663551,0.0,64.40292189599019
2023-11-14,2023-11-14,1,433.8307189941406,1,2.1532393904148055,-1.1368683772161603e-13,2023-11-08,422.7319030761719,934.14139291016,900.6981067812712,23.44328612888881,92.414139291016,-0.10986885248981637,769,319,65,0.8307291666666666,0.5422812192723697,0.0,64.40292189599019
2023-11-15,2023-11-15,1,434.7491760253906,1,2.1532393904148055,-1.1368683772161603e-13,2023-11-08,422.7319030761719,936.119050768251,900.6981067812712,25.420943986979804,92.6119050768251,-0.10986885248981637,769,319,65,0.8307291666666666,0.5425061425061425,0.0,64.40292189599019
2023-11-16,2023-11-16,1,435.2809753417969,1,2.1532393904148055,-1.1368683772161603e-13,2023-11-08,422.7319030761719,937.2641420041326,900.6981067812712,26.56603522286144,92.72641420041326,-0.10986885248981637,769,319,65,0.8307291666666666,0.5427308447937131,0.0,64.40292189599019
2023-11-17,2023-11-17,1,435.8222961425781,1,2.1532393904148055,-1.1368683772161603e-13,2023-11-08,422.7319030761719,938.4297352752257,900.6981067812712,27.73162849395447,92.84297352752256,-0.10986885248981637,769,319,65,0.8307291666666666,0.5429553264604811,0.0,64.40292189599019
2023-11-20,2023-11-20,1,439.17718505859375,1,2.1532393904148055,-1.1368683772161603e-13,2023-11-08,422.7319030761719,945.6536142396565,900.6981067812712,34.95550745838528,93.56536142396564,-0.10986885248981637,769,319,65,0.8307291666666666,0.543179587831207,0.0,64.40292189599019
2023-11-21,2023-11-21,0,438.219970703125,0,0.0,943.1207063330985,,,943.1207063330985,933.1207063330985,0.0,93.31207063330984,-0.10986885248981637,770,320,65,0.8311688311688312,0.5429131927415399,0.4717962512921954,64.87471814728238
2023-11-22,2023-11-22,1,439.911865234375,1,2.1428141774263247,-1.1368683772161603e-13,2023-11-22,439.911865234375,942.6493816422774,933.1207063330985,-0.47132469082113876,93.26493816422774,-0.10986885248981637,771,320,65,0.8311688311688312,0.5431372549019607,0.47132469082113876,65.34604283810351
2023-11-24,2023-11-24,0,440.1825866699219,0,0.0,942.7578726288142,,,942.7578726288142,932.7578726288142,0.0,93.27578726288142,-0.10986885248981637,772,320,66,0.8290155440414507,0.5428711415972562,0.4716147436862503,65.81765758178976
2023-11-27,2023-11-27,0,439.3898620605469,0,0.0,942.7578726288142,,,942.7578726288142,932.7578726288142,0.0,93.27578726288142,-0.10986885248981637,772,320,66,0.8290155440414507,0.5426052889324192,0.0,65.81765758178976
2023-11-28,2023-11-28,1,439.8248901367188,1,2.1424133794958125,-1.1368683772161603e-13,2023-11-28,439.8248901367188,942.2867292641821,932.7578726288142,-0.4711433646320911,93.22867292641821,-0.10986885248981637,773,320,66,0.8290155440414507,0.5428291727851199,0.4711433646320911,66.28880094642184
2023-11-29,2023-11-29,0,439.5154724121094,0,0.0,941.15301667683,,,941.15301667683,931.15301667683,0.0,93.115301667683,-0.10986885248981637,774,320,67,0.8268733850129198,0.5425636007827789,0.4708119142955629,66.75961286071741
2023-11-30,2023-11-30,1,441.24603271484375,1,2.1318779220550605,1.1368683772161603e-13,2023-11-30,441.24603271484375,940.6826753391605,931.15301667683,-0.4703413376695802,93.06826753391604,-0.10986885248981637,775,320,67,0.8268733850129198,0.5427872860635696,0.4703413376695802,67.22995419838699
2023-12-01,2023-12-01,1,443.8564453125,1,2.1318779220550605,1.1368683772161603e-13,2023-11-30,441.24603271484375,946.2477563235582,931.15301667683,5.094739646728115,93.62477563235582,-0.10986885248981637,775,320,67,0.8268733850129198,0.543010752688172,0.0,67.22995419838699
2023-12-04,2023-12-04,0,441.5264587402344,0,0.0,940.8098691367647,,,940.8098691367647,930.8098691367647,0.0,93.08098691367647,-0.10986885248981637,776,320,68,0.8247422680412371,0.5427454811919883,0.4706402546957302,67.70059445308272
2023-12-05,2023-12-05,1,441.4394226074219,1,2.130167019820924,-1.1368683772161603e-13,2023-12-05,441.4394226074219,940.3396992871212,930.8098691367647,-0.4701698496435607,93.03396992871212,-0.10986885248981637,777,320,68,0.8247422680412371,0.54296875,0.4701698496435607,68.17076430272627
2023-12-06,2023-12-06,0,439.66058349609375,0,0.0,936.0821996411631,,,936.0821996411631,926.0821996411631,0.0,92.60821996411632,-0.10986885248981637,778,320,69,0.8226221079691517,0.5427037579306979,0.46827523743930133,68.63903954016557
2023-12-07,2023-12-07,1,443.0153198242188,1,2.1119233366832035,-1.1368683772161603e-13,2023-12-07,443.0153198242188,935.6143924449407,926.0821996411631,-0.4678071962224704,92.56143924449407,-0.10986885248981637,779,320,69,0.8226221079691517,0.5429268292682927,0.4678071962224704,69.10684673638804
2023-12-08,2023-12-08,1,444.919921875,1,2.1119233366832035,-1.1368683772161603e-13,2023-12-07,443.0153198242188,939.6367659630802,926.0821996411631,3.5545663219170183,92.96367659630802,-0.10986885248981637,779,320,69,0.8226221079691517,0.5431496830814238,0.0,69.10684673638804
2023-12-11,2023-12-11,1,446.6504211425781,1,2.1119233366832035,-1.1368683772161603e-13,2023-12-07,443.0153198242188,943.2914477503915,926.0821996411631,7.209248109228365,93.32914477503915,-0.10986885248981637,779,320,69,0.8226221079691517,0.5433723196881092,0.0,69.10684673638804
2023-12-12,2023-12-12,1,448.69036865234375,1,2.1119233366832035,-1.1368683772161603e-13,2023-12-07,443.0153198242188,947.5996605018744,926.0821996411631,11.517460860711235,93.75996605018744,-0.10986885248981637,779,320,69,0.8226221079691517,0.5435947394057477,0.0,69.10684673638804
2023-12-13,2023-12-13,1,454.8779296875,1,2.1119233366832035,-1.1368683772161603e-13,2023-12-07,443.0153198242188,960.6673150491725,926.0821996411631,24.585115408009397,95.06673150491726,-0.10986885248981637,779,320,69,0.8226221079691517,0.5438169425511198,0.0,69.10684673638804
2023-12-14,2023-12-14,0,456.337890625,0,0.0,963.2687653034128,,,963.2687653034128,953.2687653034128,0.0,95.32687653034128,-0.10986885248981637,780,321,69,0.823076923076923,0.5435523114355231,0.48187532031186237,69.5887220566999
2023-12-15,2023-12-15,0,455.58642578125,0,0.0,963.2687653034128,,,963.2687653034128,953.2687653034128,0.0,95.32687653034128,-0.10986885248981637,780,321,69,0.823076923076923,0.5432879377431906,0.0,69.5887220566999
2023-12-18,2023-12-18,1,458.1491394042969,1,2.101471527087134,0.0,2023-12-18,458.1491394042969,962.787371617604,953.2687653034128,-0.481393685808802,95.2787371617604,-0.10986885248981637,781,321,69,0.823076923076923,0.543509965969859,0.481393685808802,70.07011574250869
2023-12-19,2023-12-19,1,460.93505859375,1,2.101471527087134,0.0,2023-12-18,458.1491394042969,968.6419014710054,953.2687653034128,5.373136167592657,95.86419014710054,-0.10986885248981637,781,321,69,0.823076923076923,0.543731778425656,0.0,70.07011574250869
2023-12-20,2023-12-20,1,454.5478210449219,1,2.101471527087134,0.0,2023-12-18,458.1491394042969,955.2193036254013,953.2687653034128,-8.049461678011516,94.52193036254013,-0.10986885248981637,781,321,69,0.823076923076923,0.5439533754249636,0.0,70.07011574250869
2023-12-21,2023-12-21,0,458.8577575683594,0,0.0,963.7943742567016,,,963.7943742567016,953.7943742567016,0.0,95.37943742567016,-0.10986885248981637,782,322,69,0.8235294117647058,0.5436893203883495,0.48213825625647905,70.55225399876517
2023-12-22,2023-12-22,1,459.7798767089844,1,2.0951606773070615,-1.1368683772161603e-13,2023-12-22,459.7798767089844,963.3127178977528,953.7943742567016,-0.4816563589488765,95.33127178977529,-0.10986885248981637,783,322,69,0.8235294117647058,0.5439107229500243,0.4816563589488765,71.03391035771405
2023-12-26,2023-12-26,1,461.7213134765625,1,2.0951606773070615,-1.1368683772161603e-13,2023-12-22,459.7798767089844,967.3803398706606,953.7943742567016,3.5859656139588965,95.73803398706606,-0.10986885248981637,783,322,69,0.8235294117647058,0.5441319107662463,0.0,71.03391035771405
2023-12-27,2023-12-27,1,462.5562133789063,1,2.0951606773070615,-1.1368683772161603e-13,2023-12-22,459.7798767089844,969.1295893155389,953.7943742567016,5.33521505883717,95.91295893155389,-0.10986885248981637,783,322,69,0.8235294117647058,0.5443528841492972,0.0,71.03391035771405
2023-12-28,2023-12-28,1,462.7309265136719,1,2.0951606773070615,-1.1368683772161603e-13,2023-12-22,459.7798767089844,969.4956414053088,953.7943742567016,5.701267148607107,95.94956414053088,-0.10986885248981637,783,322,69,0.8235294117647058,0.5445736434108527,0.0,71.03391035771405
2023-12-29,2023-12-29,0,461.3913269042969,0,0.0,966.2056204979201,,,966.2056204979201,956.2056204979201,0.0,95.62056204979201,-0.10986885248981637,784,323,69,0.8239795918367347,0.5443099273607748,0.48334448249020523,71.51725484020426
2024-01-02,2024-01-02,0,458.8091735839844,0,0.0,966.2056204979201,,,966.2056204979201,956.2056204979201,0.0,95.62056204979201,-0.10986885248981637,784,323,69,0.8239795918367347,0.5440464666021297,0.0,71.51725484020426
2024-01-03,2024-01-03,0,455.0623168945313,0,0.0,966.2056204979201,,,966.2056204979201,956.2056204979201,0.0,95.62056204979201,-0.10986885248981637,784,323,69,0.8239795918367347,0.5437832607643929,0.0,71.51725484020426
2024-01-04,2024-01-04,0,453.5964965820313,0,0.0,966.2056204979201,,,966.2056204979201,956.2056204979201,0.0,95.62056204979201,-0.10986885248981637,784,323,69,0.8239795918367347,0.5435203094777563,0.0,71.51725484020426
2024-01-05,2024-01-05,0,454.21771240234375,0,0.0,966.2056204979201,,,966.2056204979201,956.2056204979201,0.0,95.62056204979201,-0.10986885248981637,784,323,69,0.8239795918367347,0.5432576123731271,0.0,71.51725484020426
2024-01-08,2024-01-08,1,460.7021484375,1,2.096197646122706,-1.1368683772161603e-13,2024-01-08,460.7021484375,965.722759118361,956.2056204979201,-0.48286137955918057,95.5722759118361,-0.10986885248981637,785,323,69,0.8239795918367347,0.5434782608695652,0.48286137955918057,72.00011621976344
2024-01-09,2024-01-09,0,460.0032348632813,0,0.0,963.7755692801759,,,963.7755692801759,953.7755692801759,0.0,95.37755692801758,-0.10986885248981637,786,323,70,0.821882951653944,0.5432158377595364,0.4821288490646203,72.48224506882806
2024-01-10,2024-01-10,1,462.6047058105469,1,2.082326250078225,-1.1368683772161603e-13,2024-01-10,462.6047058105469,963.2939223190164,953.7755692801759,-0.4816469611595082,95.32939223190164,-0.10986885248981637,787,323,70,0.821882951653944,0.5434362934362934,0.4816469611595082,72.96389202998758
2024-01-11,2024-01-11,0,462.40087890625,0,0.0,962.3880534616239,,,962.3880534616239,952.3880534616239,0.0,95.2388053461624,-0.10986885248981637,788,323,71,0.8197969543147208,0.543174143753015,0.48143474410286347,73.44532677409045
2024-01-12,2024-01-12,0,462.7212219238281,0,0.0,962.3880534616239,,,962.3880534616239,952.3880534616239,0.0,95.2388053461624,-0.10986885248981637,788,323,71,0.8197969543147208,0.5429122468659595,0.0,73.44532677409045
2024-01-16,2024-01-16,0,461.0224304199219,0,0.0,962.3880534616239,,,962.3880534616239,952.3880534616239,0.0,95.2388053461624,-0.10986885248981637,788,323,71,0.8197969543147208,0.5426506024096386,0.0,73.44532677409045
2024-01-17,2024-01-17,0,458.4598083496094,0,0.0,962.3880534616239,,,962.3880534616239,952.3880534616239,0.0,95.2388053461624,-0.10986885248981637,788,323,71,0.8197969543147208,0.5423892100192679,0.0,73.44532677409045
2024-01-18,2024-01-18,1,462.5368041992188,1,2.0796336446718,0.0,2024-01-18,462.5368041992188,961.9070999116681,952.3880534616239,-0.48095354995583406,95.19070999116681,-0.10986885248981637,789,323,71,0.8197969543147208,0.54260953298026,0.48095354995583406,73.92628032404627
2024-01-19,2024-01-19,0,468.30279541015625,0,0.0,973.411300104201,,,973.411300104201,963.411300104201,0.0,96.3411300104201,-0.10986885248981637,790,324,71,0.8202531645569621,0.5423484119345524,0.4869491246144077,74.41322944866069
2024-01-22,2024-01-22,1,469.29290771484375,1,2.073171832966494,0.0,2024-01-22,469.29290771484375,972.9248376853583,963.411300104201,-0.48646241884267916,96.29248376853583,-0.10986885248981637,791,324,71,0.8202531645569621,0.5425685425685426,0.48646241884267916,74.89969186750336
2024-01-23,2024-01-23,0,470.6616516113281,0,0.0,975.2745977386054,,,975.2745977386054,965.2745977386054,0.0,96.52745977386054,-0.10986885248981637,792,325,71,0.8207070707070707,0.5423076923076923,0.48788123948904727,75.3875731069924
2024-01-24,2024-01-24,0,471.17620849609375,0,0.0,975.2745977386054,,,975.2745977386054,965.2745977386054,0.0,96.52745977386054,-0.10986885248981637,792,325,71,0.8207070707070707,0.5420470927438732,0.0,75.3875731069924
2024-01-25,2024-01-25,0,473.7388305664063,0,0.0,975.2745977386054,,,975.2745977386054,965.2745977386054,0.0,96.52745977386054,-0.10986885248981637,792,325,71,0.8207070707070707,0.5417867435158501,0.0,75.3875731069924
2024-01-26,2024-01-26,0,473.1369934082031,0,0.0,975.2745977386054,,,975.2745977386054,965.2745977386054,0.0,96.52745977386054,-0.10986885248981637,792,325,71,0.8207070707070707,0.5415266442630821,0.0,75.3875731069924
2024-01-29,2024-01-29,1,476.8840026855469,1,2.0440761246908576,-1.1368683772161603e-13,2024-01-29,476.8840026855469,974.7872041365371,965.2745977386054,-0.4873936020682686,96.4787204136537,-0.10986885248981637,793,325,71,0.8207070707070707,0.541746641074856,0.4873936020682686,75.87496670906067
2024-01-30,2024-01-30,0,476.5151062011719,0,0.0,973.5461350645236,,,973.5461350645236,963.5461350645236,0.0,96.35461350645235,-0.10986885248981637,794,325,72,0.818639798488665,0.5414868105515588,0.48701657582017194,76.36198328488085
2024-01-31,2024-01-31,0,468.7396240234375,0,0.0,973.5461350645236,,,973.5461350645236,963.5461350645236,0.0,96.35461350645235,-0.10986885248981637,794,325,72,0.818639798488665,0.5412272291466922,0.0,76.36198328488085
2024-02-01,2024-02-01,1,474.8745727539063,1,2.0490876140596397,0.0,2024-02-01,474.8745727539063,973.0596052618927,963.5461350645236,-0.48652980263094636,96.30596052618927,-0.10986885248981637,795,325,72,0.818639798488665,0.541447053186392,0.48652980263094636,76.84851308751179
2024-02-02,2024-02-02,1,479.8738098144531,1,2.0490876140596397,0.0,2024-02-01,474.8745727539063,983.303480002407,963.5461350645236,9.757344937883397,97.3303480002407,-0.10986885248981637,795,325,72,0.818639798488665,0.5416666666666666,0.0,76.84851308751179
2024-02-05,2024-02-05,0,478.1265258789063,0,0.0,979.2332805607667,,,979.2332805607667,969.2332805607667,0.0,96.92332805607667,-0.10986885248981637,796,326,72,0.8190954773869347,0.5414073719483006,0.4898615710659163,77.3383746585777
2024-02-06,2024-02-06,0,479.5146179199219,0,0.0,979.2332805607667,,,979.2332805607667,969.2332805607667,0.0,96.92332805607667,-0.10986885248981637,796,326,72,0.8190954773869347,0.5411483253588517,0.0,77.3383746585777
2024-02-07,2024-02-07,0,483.5139465332031,0,0.0,979.2332805607667,,,979.2332805607667,969.2332805607667,0.0,96.92332805607667,-0.10986885248981637,796,326,72,0.8190954773869347,0.5408895265423243,0.0,77.3383746585777
2024-02-08,2024-02-08,0,483.7275085449219,0,0.0,979.2332805607667,,,979.2332805607667,969.2332805607667,0.0,96.92332805607667,-0.10986885248981637,796,326,72,0.8190954773869347,0.5406309751434034,0.0,77.3383746585777
2024-02-09,2024-02-09,1,486.523193359375,1,2.0117106891623666,-1.1368683772161603e-13,2024-02-09,486.523193359375,978.7439086064635,969.2332805607667,-0.4893719543032318,96.87439086064634,-0.10986885248981637,797,326,72,0.8190954773869347,0.5408504538939322,0.4893719543032318,77.82774661288094
2024-02-12,2024-02-12,0,486.3096008300781,0,0.0,977.8250651210357,,,977.8250651210357,967.8250651210357,0.0,96.78250651210357,-0.10986885248981637,798,326,73,0.8170426065162907,0.5405921680993314,0.48915711111607596,78.31690372399702
2024-02-13,2024-02-13,1,479.6116638183594,1,2.0377661150724546,1.1368683772161603e-13,2024-02-13,479.6116638183594,977.3363969225744,967.8250651210357,-0.4886681984612872,96.73363969225744,-0.10986885248981637,799,326,73,0.8170426065162907,0.5408114558472553,0.4886681984612872,78.8055719224583
2024-02-14,2024-02-14,1,483.9701843261719,1,2.0377661150724546,1.1368683772161603e-13,2024-02-13,479.6116638183594,986.2180423252431,967.8250651210357,8.392977204207423,97.62180423252431,-0.10986885248981637,799,326,73,0.8170426065162907,0.541030534351145,0.0,78.8055719224583
2024-02-15,2024-02-15,0,487.3094482421875,0,0.0,992.5261698419927,,,992.5261698419927,982.5261698419927,0.0,98.25261698419926,-0.10986885248981637,800,327,73,0.8175,0.5407725321888412,0.4965113405912919,79.3020832630496
2024-02-16,2024-02-16,1,484.8827209472656,1,2.0459177279540564,0.0,2024-02-16,484.8827209472656,992.0301547646104,982.5261698419927,-0.4960150773823052,98.20301547646105,-0.10986885248981637,801,327,73,0.8175,0.5409914204003813,0.4960150773823052,79.7980983404319
2024-02-20,2024-02-20,1,482.2132263183594,1,2.0459177279540564,0.0,2024-02-16,484.8827209472656,986.568588378653,982.5261698419927,-5.957581463339745,97.6568588378653,-0.10986885248981637,801,327,73,0.8175,0.5412101000476417,0.0,79.7980983404319
2024-02-21,2024-02-21,1,482.6500244140625,1,2.0459177279540564,0.0,2024-02-16,484.8827209472656,987.4622413461885,982.5261698419927,-5.063928495804186,97.74622413461886,-0.10986885248981637,801,327,73,0.8175,0.5414285714285715,0.0,79.7980983404319
2024-02-22,2024-02-22,1,492.6387023925781,1,2.0459177279540564,0.0,2024-02-16,484.8827209472656,1007.898254701258,982.5261698419927,15.372084859265277,99.7898254701258,-0.10986885248981637,801,327,73,0.8175,0.5416468348405521,0.0,79.7980983404319
2024-02-23,2024-02-23,0,492.97845458984375,0,0.0,1008.0890630648827,,,1008.0890630648827,998.0890630648827,0.0,99.80890630648827,-0.10986885248981637,802,328,73,0.8179551122194514,0.5413891531874405,0.5042966798723776,80.30239502030429
2024-02-26,2024-02-26,0,491.1728820800781,0,0.0,1008.0890630648827,,,1008.0890630648827,998.0890630648827,0.0,99.80890630648827,-0.10986885248981637,802,328,73,0.8179551122194514,0.54113171659534,0.0,80.30239502030429
2024-02-27,2024-02-27,0,492.0852966308594,0,0.0,1008.0890630648827,,,1008.0890630648827,998.0890630648827,0.0,99.80890630648827,-0.10986885248981637,802,328,73,0.8179551122194514,0.5408745247148289,0.0,80.30239502030429
2024-02-28,2024-02-28,0,491.43499755859375,0,0.0,1008.0890630648827,,,1008.0890630648827,998.0890630648827,0.0,99.80890630648827,-0.10986885248981637,802,328,73,0.8179551122194514,0.5406175771971496,0.0,80.30239502030429
2024-02-29,2024-02-29,1,493.2017211914063,1,2.0429475955511416,-2.2737367544323206e-13,2024-02-29,493.2017211914063,1007.5852704296678,998.0890630648827,-0.5037926352148341,99.75852704296679,-0.10986885248981637,803,328,73,0.8179551122194514,0.5408357075023742,0.5037926352148341,80.80618765551912
2024-03-01,2024-03-01,0,497.83203125,0,0.0,1016.5362288549128,,,1016.5362288549128,1006.5362288549128,0.0,100.65362288549127,-0.10986885248981637,804,329,73,0.818407960199005,0.540579022306597,0.5085223756152641,81.31471003113438
2024-03-04,2024-03-04,0,497.2981262207031,0,0.0,1016.5362288549128,,,1016.5362288549128,1006.5362288549128,0.0,100.65362288549127,-0.10986885248981637,804,329,73,0.818407960199005,0.5403225806451613,0.0,81.31471003113438
2024-03-05,2024-03-05,1,492.3280944824219,1,2.063721786618081,-1.1368683772161603e-13,2024-03-05,492.3280944824219,1016.028214747539,1006.5362288549128,-0.5080141073737695,100.6028214747539,-0.10986885248981637,805,329,73,0.818407960199005,0.5405405405405406,0.5080141073737695,81.82272413850815
2024-03-06,2024-03-06,1,494.8227844238281,1,2.063721786618081,-1.1368683772161603e-13,2024-03-05,492.3280944824219,1021.176560730476,1006.5362288549128,4.640331875563261,101.1176560730476,-0.10986885248981637,805,329,73,0.818407960199005,0.5407582938388625,0.0,81.82272413850815
2024-03-07,2024-03-07,1,499.7346496582031,1,2.063721786618081,-1.1368683772161603e-13,2024-03-05,492.3280944824219,1031.3132840275875,1006.5362288549128,14.777055172674904,102.13132840275875,-0.10986885248981637,805,329,73,0.818407960199005,0.5409758408337281,0.0,81.82272413850815
2024-03-08,2024-03-08,1,496.7351379394531,1,2.063721786618081,-1.1368683772161603e-13,2024-03-05,492.3280944824219,1025.123126344387,1006.5362288549128,8.586897489474309,101.5123126344387,-0.10986885248981637,805,329,73,0.818407960199005,0.5411931818181818,0.0,81.82272413850815
2024-03-11,2024-03-11,1,496.3079833984375,1,2.063721786618081,-1.1368683772161603e-13,2024-03-05,492.3280944824219,1024.24159821184,1006.5362288549128,7.70536935692739,101.424159821184,-0.10986885248981637,805,329,73,0.818407960199005,0.5414103170847137,0.0,81.82272413850815
2024-03-12,2024-03-12,0,501.6470031738281,0,0.0,1034.742219716678,,,1034.742219716678,1024.742219716678,0.0,102.47422197166779,-0.10986885248981637,806,330,73,0.8188585607940446,0.5411542100283823,0.5176299248207493,82.3403540633289
2024-03-13,2024-03-13,0,500.8606262207031,0,0.0,1034.742219716678,,,1034.742219716678,1024.742219716678,0.0,102.47422197166779,-0.10986885248981637,806,330,73,0.8188585607940446,0.5408983451536643,0.0,82.3403540633289
2024-03-14,2024-03-14,1,499.87054443359375,1,2.068985897808768,0.0,2024-03-14,499.87054443359375,1034.2251071630965,1024.742219716678,-0.5171125535815483,102.42251071630965,-0.10986885248981637,807,330,73,0.8188585607940446,0.5411153119092628,0.5171125535815483,82.85746661691046
2024-03-15,2024-03-15,0,496.4381713867188,0,0.0,1026.6100139452267,,,1026.6100139452267,1016.6100139452267,0.0,101.66100139452267,-0.10986885248981637,808,330,74,0.8168316831683168,0.540859707132735,0.5135617878665466,83.37102840477701
2024-03-18,2024-03-18,0,499.3885192871094,0,0.0,1026.6100139452267,,,1026.6100139452267,1016.6100139452267,0.0,101.66100139452267,-0.10986885248981637,808,330,74,0.8168316831683168,0.540604343720491,0.0,83.37102840477701
2024-03-19,2024-03-19,0,502.1636962890625,0,0.0,1026.6100139452267,,,1026.6100139452267,1016.6100139452267,0.0,101.66100139452267,-0.10986885248981637,808,330,74,0.8168316831683168,0.5403492213308164,0.0,83.37102840477701
2024-03-20,2024-03-20,0,506.8083801269531,0,0.0,1026.6100139452267,,,1026.6100139452267,1016.6100139452267,0.0,101.66100139452267,-0.10986885248981637,808,330,74,0.8168316831683168,0.5400943396226415,0.0,83.37102840477701
2024-03-21,2024-03-21,0,508.4832153320313,0,0.0,1026.6100139452267,,,1026.6100139452267,1016.6100139452267,0.0,101.66100139452267,-0.10986885248981637,808,330,74,0.8168316831683168,0.5398396982555398,0.0,83.37102840477701
2024-03-22,2024-03-22,0,507.5191955566406,0,0.0,1026.6100139452267,,,1026.6100139452267,1016.6100139452267,0.0,101.66100139452267,-0.10986885248981637,808,330,74,0.8168316831683168,0.5395852968897267,0.0,83.37102840477701
2024-03-25,2024-03-25,0,506.1170654296875,0,0.0,1026.6100139452267,,,1026.6100139452267,1016.6100139452267,0.0,101.66100139452267,-0.10986885248981637,808,330,74,0.8168316831683168,0.5393311351860575,0.0,83.37102840477701
2024-03-26,2024-03-26,0,505.1822204589844,0,0.0,1026.6100139452267,,,1026.6100139452267,1016.6100139452267,0.0,101.66100139452267,-0.10986885248981637,808,330,74,0.8168316831683168,0.5390772128060264,0.0,83.37102840477701
2024-03-27,2024-03-27,0,509.42767333984375,0,0.0,1026.6100139452267,,,1026.6100139452267,1016.6100139452267,0.0,101.66100139452267,-0.10986885248981637,808,330,74,0.8168316831683168,0.5388235294117647,0.0,83.37102840477701
2024-03-28,2024-03-28,0,509.3304138183594,0,0.0,1026.6100139452267,,,1026.6100139452267,1016.6100139452267,0.0,101.66100139452267,-0.10986885248981637,808,330,74,0.8168316831683168,0.5385700846660395,0.0,83.37102840477701
2024-04-01,2024-04-01,1,508.4441223144531,1,2.0181115690583087,0.0,2024-04-01,508.4441223144531,1026.0969654624955,1016.6100139452267,-0.5130484827312478,101.60969654624955,-0.10986885248981637,809,330,74,0.8168316831683168,0.538787023977433,0.5130484827312478,83.88407688750826
2024-04-02,2024-04-02,1,505.2115783691406,1,2.0181115690583087,0.0,2024-04-01,508.4441223144531,1019.5733311289711,1016.6100139452267,-7.036682816255704,100.9573331128971,-0.10986885248981637,809,330,74,0.8168316831683168,0.5390037593984962,0.0,83.88407688750826
2024-04-03,2024-04-03,1,505.7664489746094,1,2.0181115690583087,0.0,2024-04-01,508.4441223144531,1020.6931219171979,1016.6100139452267,-5.916892028028853,101.06931219171979,-0.10986885248981637,809,330,74,0.8168316831683168,0.5392202912165336,0.0,83.88407688750826
2024-04-04,2024-04-04,1,499.593017578125,1,2.0181115690583087,0.0,2024-04-01,508.4441223144531,1008.2344485951651,1016.6100139452267,-18.375565350061688,99.82344485951651,-0.10986885248981637,809,330,74,0.8168316831683168,0.5394366197183098,0.0,83.88407688750826
2024-04-05,2024-04-05,0,504.8122253417969,0,0.0,1018.258008468268,,,1018.258008468268,1008.258008468268,0.0,100.82580084682681,-0.10986885248981637,810,330,75,0.8148148148148148,0.5391834819333646,0.5093836960821752,84.39346058359044
2024-04-08,2024-04-08,0,505.0946044921875,0,0.0,1018.258008468268,,,1018.258008468268,1008.258008468268,0.0,100.82580084682681,-0.10986885248981637,810,330,75,0.8148148148148148,0.5389305816135085,0.0,84.39346058359044
2024-04-09,2024-04-09,1,505.6789245605469,1,2.0126390175065687,0.0,2024-04-09,505.6789245605469,1017.7491339013174,1008.258008468268,-0.5088745669506587,100.77491339013173,-0.10986885248981637,811,330,75,0.8148148148148148,0.5391467416783873,0.5088745669506587,84.90233515054109
2024-04-10,2024-04-10,1,500.6154479980469,1,2.0126390175065687,0.0,2024-04-09,505.6789245605469,1007.5581834073998,1008.258008468268,-10.699825060868172,99.75581834073998,-0.10986885248981637,811,330,75,0.8148148148148148,0.5393626991565136,0.0,84.90233515054109
2024-04-11,2024-04-11,0,504.3935546875,0,0.0,1014.6545672687243,,,1014.6545672687243,1004.6545672687243,0.0,100.46545672687243,-0.10986885248981637,812,330,76,0.812807881773399,0.5391100702576113,0.5075810741714479,85.40991622471255
2024-04-12,2024-04-12,1,497.4313354492188,1,2.0387688134003663,0.0,2024-04-12,497.4313354492188,1014.1474935219634,1004.6545672687243,-0.5070737467609817,100.41474935219634,-0.10986885248981637,813,330,76,0.812807881773399,0.5393258426966292,0.5070737467609817,85.91698997147353
2024-04-15,2024-04-15,0,491.1995239257813,0,0.0,1000.9415494017215,,,1000.9415494017215,990.9415494017215,0.0,99.09415494017216,-0.10986885248981637,814,330,77,0.8108108108108109,0.5390734674777726,0.500721135268495,86.41771110674202
2024-04-16,2024-04-16,0,490.3036193847656,0,0.0,1000.9415494017215,,,1000.9415494017215,990.9415494017215,0.0,99.09415494017216,-0.10986885248981637,814,330,77,0.8108108108108109,0.538821328344247,0.0,86.41771110674202
2024-04-17,2024-04-17,0,487.40185546875,0,0.0,1000.9415494017215,,,1000.9415494017215,990.9415494017215,0.0,99.09415494017216,-0.10986885248981637,814,330,77,0.8108108108108109,0.5385694249649369,0.0,86.41771110674202
2024-04-18,2024-04-18,0,486.39892578125,0,0.0,1000.9415494017215,,,1000.9415494017215,990.9415494017215,0.0,99.09415494017216,-0.10986885248981637,814,330,77,0.8108108108108109,0.5383177570093458,0.0,86.41771110674202
2024-04-19,2024-04-19,0,482.1535034179688,0,0.0,1000.9415494017215,,,1000.9415494017215,990.9415494017215,0.0,99.09415494017216,-0.10986885248981637,814,330,77,0.8108108108108109,0.5380663241475946,0.0,86.41771110674202
2024-04-22,2024-04-22,0,486.59368896484375,0,0.0,1000.9415494017215,,,1000.9415494017215,990.9415494017215,0.0,99.09415494017216,-0.10986885248981637,814,330,77,0.8108108108108109,0.5378151260504201,0.0,86.41771110674202
2024-04-23,2024-04-23,1,492.367919921875,1,2.0318978720142753,-1.1368683772161603e-13,2024-04-23,492.367919921875,1000.4413287373528,990.9415494017215,-0.5002206643686765,99.04413287373528,-0.10986885248981637,815,330,77,0.8108108108108109,0.5380307979468035,0.5002206643686765,86.9179317711107
2024-04-24,2024-04-24,0,492.1342468261719,0,0.0,999.4665456070109,,,999.4665456070109,989.4665456070109,0.0,98.94665456070109,-0.10986885248981637,816,330,78,0.8088235294117647,0.5377798507462687,0.4999832644357234,87.41791503554643
2024-04-25,2024-04-25,1,490.2646484375,1,2.0376077803279005,0.0,2024-04-25,490.2646484375,998.9670620759729,989.4665456070109,-0.49948353103798643,98.89670620759729,-0.10986885248981637,817,330,78,0.8088235294117647,0.5379953379953379,0.49948353103798643,87.91739856658441
2024-04-26,2024-04-26,0,494.9093627929688,0,0.0,1007.9269525999847,,,1007.9269525999847,997.9269525999847,0.0,99.79269525999847,-0.10986885248981637,818,331,78,0.8092909535452323,0.5377446411929171,0.5042155840920384,88.42161415067645
2024-04-29,2024-04-29,0,496.662109375,0,0.0,1007.9269525999847,,,1007.9269525999847,997.9269525999847,0.0,99.79269525999847,-0.10986885248981637,818,331,78,0.8092909535452323,0.5374941779226828,0.0,88.42161415067645
2024-04-30,2024-04-30,0,488.7943420410156,0,0.0,1007.9269525999847,,,1007.9269525999847,997.9269525999847,0.0,99.79269525999847,-0.10986885248981637,818,331,78,0.8092909535452323,0.537243947858473,0.0,88.42161415067645
2024-05-01,2024-05-01,1,487.2071533203125,1,2.0677513335219206,-1.1368683772161603e-13,2024-05-01,487.2071533203125,1007.423240979495,997.9269525999847,-0.5037116204897475,99.74232409794949,-0.10986885248981637,819,331,78,0.8092909535452323,0.5374592833876222,0.5037116204897475,88.9253257711662
2024-05-02,2024-05-02,1,491.7642211914063,1,2.0677513335219206,-1.1368683772161603e-13,2024-05-01,487.2071533203125,1016.846124146899,997.9269525999847,8.919171546914304,100.6846124146899,-0.10986885248981637,819,331,78,0.8092909535452323,0.5376744186046511,0.0,88.9253257711662
2024-05-03,2024-05-03,1,497.85980224609375,1,2.0677513335219206,-1.1368683772161603e-13,2024-05-01,487.2071533203125,1029.45027000132,997.9269525999847,21.52331740133514,101.945027000132,-0.10986885248981637,819,331,78,0.8092909535452323,0.5378893537889354,0.0,88.9253257711662
2024-05-06,2024-05-06,1,503.00103759765625,1,2.0677513335219206,-1.1368683772161603e-13,2024-05-01,487.2071533203125,1040.0810662554632,997.9269525999847,32.154113655478575,103.00810662554632,-0.10986885248981637,819,331,78,0.8092909535452323,0.5381040892193308,0.0,88.9253257711662
2024-05-07,2024-05-07,1,503.5561218261719,1,2.0677513335219206,-1.1368683772161603e-13,2024-05-01,487.2071533203125,1041.2288424091935,997.9269525999847,33.301889809208895,103.12288424091935,-0.10986885248981637,819,331,78,0.8092909535452323,0.5383186251741756,0.0,88.9253257711662
2024-05-08,2024-05-08,1,503.6047973632813,1,2.0677513335219206,-1.1368683772161603e-13,2024-05-01,487.2071533203125,1041.3294913159616,997.9269525999847,33.402538715976796,103.13294913159616,-0.10986885248981637,819,331,78,0.8092909535452323,0.5385329619312906,0.0,88.9253257711662
2024-05-09,2024-05-09,1,506.5064697265625,1,2.0677513335219206,-1.1368683772161603e-13,2024-05-01,487.2071533203125,1047.3294282145798,997.9269525999847,39.40247561459524,103.73294282145798,-0.10986885248981637,819,331,78,0.8092909535452323,0.5387470997679814,0.0,88.9253257711662
2024-05-10,2024-05-10,0,507.158935546875,0,0.0,1048.154226001966,,,1048.154226001966,1038.154226001966,0.0,103.8154226001966,-0.10986885248981637,820,332,78,0.8097560975609757,0.5384972170686456,0.5243392826423043,89.4496650538085
2024-05-13,2024-05-13,1,507.22705078125,1,2.0654072159262173,0.0,2024-05-13,507.22705078125,1047.6304107965677,1038.154226001966,-0.5238152053982839,103.76304107965677,-0.10986885248981637,821,332,78,0.8097560975609757,0.5387111729253593,0.5238152053982839,89.97348025920678
2024-05-14,2024-05-14,1,509.5542907714844,1,2.0654072159262173,0.0,2024-05-13,507.22705078125,1052.4371090655898,1038.154226001966,4.282883063623752,104.24371090655897,-0.10986885248981637,821,332,78,0.8097560975609757,0.5389249304911955,0.0,89.97348025920678
2024-05-15,2024-05-15,1,515.8640747070312,1,2.0654072159262173,0.0,2024-05-13,507.22705078125,1065.4693823370037,1038.154226001966,17.315156335037695,105.54693823370037,-0.10986885248981637,821,332,78,0.8097560975609757,0.539138490041686,0.0,89.97348025920678
2024-05-16,2024-05-16,0,514.8027954101562,0,0.0,1062.7457697149152,,,1062.7457697149152,1052.7457697149152,0.0,105.27457697149153,-0.10986885248981637,822,333,78,0.8102189781021898,0.5388888888888889,0.5316387042095625,90.50511896341634
2024-05-17,2024-05-17,0,515.542724609375,0,0.0,1062.7457697149152,,,1062.7457697149152,1052.7457697149152,0.0,105.27457697149153,-0.10986885248981637,822,333,78,0.8102189781021898,0.5386395187413234,0.0,90.50511896341634
2024-05-20,2024-05-20,0,516.1368408203125,0,0.0,1062.7457697149152,,,1062.7457697149152,1052.7457697149152,0.0,105.27457697149153,-0.10986885248981637,822,333,78,0.8102189781021898,0.5383903792784459,0.0,90.50511896341634
2024-05-21,2024-05-21,0,517.402587890625,0,0.0,1062.7457697149152,,,1062.7457697149152,1052.7457697149152,0.0,105.27457697149153,-0.10986885248981637,822,333,78,0.8102189781021898,0.5381414701803051,0.0,90.50511896341634
2024-05-22,2024-05-22,1,515.912841796875,1,2.0589033191810686,0.0,2024-05-22,515.912841796875,1062.2146623837234,1052.7457697149152,-0.5311073311918617,105.22146623837234,-0.10986885248981637,823,333,78,0.8102189781021898,0.538354898336414,0.5311073311918617,91.0362262946082
2024-05-23,2024-05-23,1,512.1444091796875,1,2.0589033191810686,0.0,2024-05-22,515.912841796875,1054.455823960086,1052.7457697149152,-8.289945754829233,104.4455823960086,-0.10986885248981637,823,333,78,0.8102189781021898,0.538568129330254,0.0,91.0362262946082
2024-05-24,2024-05-24,1,515.5331420898438,1,2.0589033191810686,0.0,2024-05-22,515.912841796875,1061.4328973966249,1052.7457697149152,-1.3128723182904023,105.14328973966249,-0.10986885248981637,823,333,78,0.8102189781021898,0.538781163434903,0.0,91.0362262946082
2024-05-28,2024-05-28,1,515.893310546875,1,2.0589033191810686,0.0,2024-05-22,515.912841796875,1062.1744494282707,1052.7457697149152,-0.5713202866445781,105.21744494282707,-0.10986885248981637,823,333,78,0.8102189781021898,0.5389940009229349,0.0,91.0362262946082
2024-05-29,2024-05-29,1,512.2808227539062,1,2.0589033191810686,0.0,2024-05-22,515.912841796875,1054.7366863208263,1052.7457697149152,-8.009083394089004,104.47366863208262,-0.10986885248981637,823,333,78,0.8102189781021898,0.5392066420664207,0.0,91.0362262946082
2024-05-30,2024-05-30,0,508.8824768066406,0,0.0,1047.2159506599903,,,1047.2159506599903,1037.2159506599903,0.0,103.72159506599903,-0.10986885248981637,824,333,79,0.808252427184466,0.5389580451821115,0.5238699102851377,91.56009620489334
2024-05-31,2024-05-31,1,513.5174560546875,1,2.0382804752139583,0.0,2024-05-31,513.5174560546875,1046.6926043578114,1037.2159506599903,-0.5233463021789058,103.66926043578114,-0.10986885248981637,825,333,79,0.808252427184466,0.5391705069124424,0.5233463021789058,92.08344250707225
2024-06-03,2024-06-03,1,513.9360961914062,1,2.0382804752139583,0.0,2024-05-31,513.5174560546875,1047.5459103746261,1037.2159506599903,0.3299597146358073,103.75459103746262,-0.10986885248981637,825,333,79,0.808252427184466,0.539382772915707,0.0,92.08344250707225
2024-06-04,2024-06-04,1,514.5106201171875,1,2.0382804752139583,0.0,2024-05-31,513.5174560546875,1048.7169512750893,1037.2159506599903,1.5010006150989474,103.87169512750893,-0.10986885248981637,825,333,79,0.808252427184466,0.5395948434622467,0.0,92.08344250707225
2024-06-05,2024-06-05,0,520.6256713867188,0,0.0,1060.650550312266,,,1060.650550312266,1050.650550312266,0.0,105.06505503122659,-0.10986885248981637,826,334,79,0.8087167070217918,0.5393465255407272,0.5305905704413536,92.6140330775136
2024-06-06,2024-06-06,0,520.6159057617188,0,0.0,1060.650550312266,,,1060.650550312266,1050.650550312266,0.0,105.06505503122659,-0.10986885248981637,826,334,79,0.8087167070217918,0.5390984360625575,0.0,92.6140330775136
2024-06-07,2024-06-07,0,519.9829711914062,0,0.0,1060.650550312266,,,1060.650550312266,1050.650550312266,0.0,105.06505503122659,-0.10986885248981637,826,334,79,0.8087167070217918,0.5388505747126436,0.0,92.6140330775136
2024-06-10,2024-06-10,0,521.589599609375,0,0.0,1060.650550312266,,,1060.650550312266,1050.650550312266,0.0,105.06505503122659,-0.10986885248981637,826,334,79,0.8087167070217918,0.5386029411764706,0.0,92.6140330775136
2024-06-11,2024-06-11,1,522.845703125,1,2.027597212200447,-2.2737367544323206e-13,2024-06-11,522.845703125,1060.1204900672324,1050.650550312266,-0.5300602450336163,105.01204900672323,-0.10986885248981637,827,334,79,0.8087167070217918,0.5388148828663298,0.5300602450336163,93.1440933225472
2024-06-12,2024-06-12,0,527.139892578125,0,0.0,1068.2929629427338,,,1068.2929629427338,1058.2929629427338,0.0,105.82929629427338,-0.10986885248981637,828,335,79,0.8091787439613527,0.5385674931129476,0.5344136883155247,93.67850701086273
2024-06-13,2024-06-13,0,528.2013549804688,0,0.0,1068.2929629427338,,,1068.2929629427338,1058.2929629427338,0.0,105.82929629427338,-0.10986885248981637,828,335,79,0.8091787439613527,0.5383203304268013,0.0,93.67850701086273
2024-06-14,2024-06-14,1,528.5225219726562,1,2.0202716800331078,-2.2737367544323206e-13,2024-06-14,528.5225219726562,1067.7590834010332,1058.2929629427338,-0.5338795417005168,105.77590834010331,-0.10986885248981637,829,335,79,0.8091787439613527,0.5385321100917431,0.5338795417005168,94.21238655256325
2024-06-17,2024-06-17,0,532.7291870117188,0,0.0,1075.7195608020131,,,1075.7195608020131,1065.7195608020131,0.0,106.57195608020132,-0.10986885248981637,830,336,79,0.8096385542168675,0.5382851902796882,0.5381288448234184,94.75051539738666
2024-06-18,2024-06-18,0,534.0827026367188,0,0.0,1075.7195608020131,,,1075.7195608020131,1065.7195608020131,0.0,106.57195608020132,-0.10986885248981637,830,336,79,0.8096385542168675,0.538038496791934,0.0,94.75051539738666
2024-06-20,2024-06-20,1,532.6317138671875,1,2.0186217640153563,0.0,2024-06-20,532.6317138671875,1075.1819698171046,1065.7195608020131,-0.5375909849085523,106.51819698171046,-0.10986885248981637,831,336,79,0.8096385542168675,0.538250114521301,0.5375909849085523,95.28810638229521
2024-06-21,2024-06-21,0,531.9176635742188,0,0.0,1073.2037020689386,,,1073.2037020689386,1063.2037020689386,0.0,106.32037020689386,-0.10986885248981637,832,336,80,0.8076923076923077,0.538003663003663,0.5368702861775582,95.82497666847277
2024-06-24,2024-06-24,0,530.1885986328125,0,0.0,1073.2037020689386,,,1073.2037020689386,1063.2037020689386,0.0,106.32037020689386,-0.10986885248981637,832,336,80,0.8076923076923077,0.5377574370709383,0.0,95.82497666847277
2024-06-25,2024-06-25,0,532.230224609375,0,0.0,1073.2037020689386,,,1073.2037020689386,1063.2037020689386,0.0,106.32037020689386,-0.10986885248981637,832,336,80,0.8076923076923077,0.5375114364135407,0.0,95.82497666847277
2024-06-26,2024-06-26,0,532.8946533203125,0,0.0,1073.2037020689386,,,1073.2037020689386,1063.2037020689386,0.0,106.32037020689386,-0.10986885248981637,832,336,80,0.8076923076923077,0.5372656607224509,0.0,95.82497666847277
2024-06-27,2024-06-27,0,533.7346801757812,0,0.0,1073.2037020689386,,,1073.2037020689386,1063.2037020689386,0.0,106.32037020689386,-0.10986885248981637,832,336,80,0.8076923076923077,0.5370201096892139,0.0,95.82497666847277
2024-06-28,2024-06-28,0,531.6343994140625,0,0.0,1073.2037020689386,,,1073.2037020689386,1063.2037020689386,0.0,106.32037020689386,-0.10986885248981637,832,336,80,0.8076923076923077,0.5367747830059388,0.0,95.82497666847277
2024-07-01,2024-07-01,0,532.7285766601562,0,0.0,1073.2037020689386,,,1073.2037020689386,1063.2037020689386,0.0,106.32037020689386,-0.10986885248981637,832,336,80,0.8076923076923077,0.5365296803652968,0.0,95.82497666847277
2024-07-02,2024-07-02,0,536.3136596679688,0,0.0,1073.2037020689386,,,1073.2037020689386,1063.2037020689386,0.0,106.32037020689386,-0.10986885248981637,832,336,80,0.8076923076923077,0.5362848014605203,0.0,95.82497666847277
2024-07-03,2024-07-03,0,538.7070922851562,0,0.0,1073.2037020689386,,,1073.2037020689386,1063.2037020689386,0.0,106.32037020689386,-0.10986885248981637,832,336,80,0.8076923076923077,0.5360401459854015,0.0,95.82497666847277
2024-07-05,2024-07-05,0,541.8134765625,0,0.0,1073.2037020689386,,,1073.2037020689386,1063.2037020689386,0.0,106.32037020689386,-0.10986885248981637,832,336,80,0.8076923076923077,0.5357957136342909,0.0,95.82497666847277
2024-07-08,2024-07-08,1,542.438720703125,1,1.977490410334873,0.0,2024-07-08,542.438720703125,1072.6673683847462,1063.2037020689386,-0.5363336841923732,106.26673683847461,-0.10986885248981637,833,336,80,0.8076923076923077,0.536007292616226,0.5363336841923732,96.36131035266514
2024-07-09,2024-07-09,1,542.9661254882812,1,1.977490410334873,0.0,2024-07-08,542.438720703125,1073.7103062897575,1063.2037020689386,0.5066042208189125,106.37103062897575,-0.10986885248981637,833,336,80,0.8076923076923077,0.5362186788154898,0.0,96.36131035266514
2024-07-10,2024-07-10,1,548.3389282226562,1,1.977490410334873,0.0,2024-07-08,542.438720703125,1084.334972173605,1063.2037020689386,11.131270104666369,107.4334972173605,-0.10986885248981637,833,336,80,0.8076923076923077,0.5364298724954463,0.0,96.36131035266514
2024-07-11,2024-07-11,1,543.61083984375,1,1.977490410334873,0.0,2024-07-08,542.438720703125,1074.9852227451022,1063.2037020689386,1.7815206761636497,106.49852227451022,-0.10986885248981637,833,336,80,0.8076923076923077,0.5366408739189804,0.0,96.36131035266514
2024-07-12,2024-07-12,1,547.0397338867188,1,1.977490410334873,0.0,2024-07-08,542.438720703125,1081.765827833127,1063.2037020689386,8.562125764188563,107.17658278331271,-0.10986885248981637,833,336,80,0.8076923076923077,0.5368516833484986,0.0,96.36131035266514
2024-07-15,2024-07-15,1,548.5440673828125,1,1.977490410334873,0.0,2024-07-08,542.438720703125,1084.740632895598,1063.2037020689386,11.53693082665954,107.47406328955981,-0.10986885248981637,833,336,80,0.8076923076923077,0.53706230104593,0.0,96.36131035266514
2024-07-16,2024-07-16,1,551.797119140625,1,1.977490410334873,0.0,2024-07-08,542.438720703125,1091.1735115509953,1063.2037020689386,17.96980948205673,108.11735115509953,-0.10986885248981637,833,336,80,0.8076923076923077,0.5372727272727272,0.0,96.36131035266514
2024-07-17,2024-07-17,1,544.0602416992188,1,1.977490410334873,0.0,2024-07-08,542.438720703125,1075.8739106046783,1063.2037020689386,2.6702085357397163,106.58739106046782,-0.10986885248981637,833,336,80,0.8076923076923077,0.5374829622898682,0.0,96.36131035266514
2024-07-18,2024-07-18,1,539.8792114257812,1,1.977490410334873,0.0,2024-07-08,542.438720703125,1067.6059633336358,1063.2037020689386,-5.597738735302714,105.76059633336358,-0.10986885248981637,833,336,80,0.8076923076923077,0.5376930063578564,0.0,96.36131035266514
2024-07-19,2024-07-19,1,536.2941284179688,1,1.977490410334873,0.0,2024-07-08,542.438720703125,1060.516496065432,1063.2037020689386,-12.687206003506576,105.0516496065432,-0.10986885248981637,833,336,80,0.8076923076923077,0.5379028597367227,0.0,96.36131035266514
2024-07-22,2024-07-22,0,541.8232421875,0,0.0,1070.9145403895695,,,1070.9145403895695,1060.9145403895695,0.0,106.09145403895695,-0.10986885248981637,834,336,81,0.8057553956834532,0.5376588021778584,0.5357251327611654,96.89703548542631
2024-07-23,2024-07-23,1,540.9733276367188,1,1.9786176065098113,0.0,2024-07-23,540.9733276367188,1070.3793507142125,1060.9145403895695,-0.5351896753571063,106.03793507142124,-0.10986885248981637,835,336,81,0.8057553956834532,0.5378684807256235,0.5351896753571063,97.43222516078342
2024-07-24,2024-07-24,1,528.7134399414062,1,1.9786176065098113,0.0,2024-07-23,540.9733276367188,1046.121721066434,1060.9145403895695,-24.792819323135564,103.6121721066434,-0.10986885248981637,835,336,81,0.8057553956834532,0.5380779691749773,0.0,97.43222516078342
2024-07-25,2024-07-25,0,525.958740234375,0,0.0,1040.150888113592,,,1040.150888113592,1030.150888113592,0.0,103.01508881135919,-0.10986885248981637,836,336,82,0.8038277511961722,0.5378341640235614,0.5203356118627274,97.95256077264615
2024-07-26,2024-07-26,0,531.849365234375,0,0.0,1040.150888113592,,,1040.150888113592,1030.150888113592,0.0,103.01508881135919,-0.10986885248981637,836,336,82,0.8038277511961722,0.5375905797101449,0.0,97.95256077264615
2024-07-29,2024-07-29,0,532.1619262695312,0,0.0,1040.150888113592,,,1040.150888113592,1030.150888113592,0.0,103.01508881135919,-0.10986885248981637,836,336,82,0.8038277511961722,0.5373472159348122,0.0,97.95256077264615
2024-07-30,2024-07-30,0,529.4657592773438,0,0.0,1040.150888113592,,,1040.150888113592,1030.150888113592,0.0,103.01508881135919,-0.10986885248981637,836,336,82,0.8038277511961722,0.53710407239819,0.0,97.95256077264615
2024-07-31,2024-07-31,0,538.072021484375,0,0.0,1040.150888113592,,,1040.150888113592,1030.150888113592,0.0,103.01508881135919,-0.10986885248981637,836,336,82,0.8038277511961722,0.5368611488014473,0.0,97.95256077264615
2024-08-01,2024-08-01,0,530.452392578125,0,0.0,1040.150888113592,,,1040.150888113592,1030.150888113592,0.0,103.01508881135919,-0.10986885248981637,836,336,82,0.8038277511961722,0.536618444846293,0.0,97.95256077264615
2024-08-02,2024-08-02,0,520.576171875,0,0.0,1040.150888113592,,,1040.150888113592,1030.150888113592,0.0,103.01508881135919,-0.10986885248981637,836,336,82,0.8038277511961722,0.5363759602349751,0.0,97.95256077264615
2024-08-05,2024-08-05,1,505.4150695800781,1,2.056984714446833,0.0,2024-08-05,505.4150695800781,1039.6310725773033,1030.150888113592,-0.5198155362886516,102.96310725773033,-0.10986885248981637,837,336,82,0.8038277511961722,0.5365853658536586,0.5198155362886516,98.4723763089348
2024-08-06,2024-08-06,1,510.0748901367188,1,2.056984714446833,0.0,2024-08-05,505.4150695800781,1049.2162522343783,1030.150888113592,9.065364120786407,103.92162522343783,-0.10986885248981637,837,336,82,0.8038277511961722,0.5367945823927766,0.0,98.4723763089348
2024-08-07,2024-08-07,0,506.6654968261719,0,0.0,1041.6820807178915,,,1041.6820807178915,1031.6820807178915,0.0,103.16820807178915,-0.10986885248981637,838,337,82,0.8042959427207638,0.5365523465703971,0.521101591154523,98.99347790008932
2024-08-08,2024-08-08,0,518.378173828125,0,0.0,1041.6820807178915,,,1041.6820807178915,1031.6820807178915,0.0,103.16820807178915,-0.10986885248981637,838,337,82,0.8042959427207638,0.5363103292737934,0.0,98.99347790008932
2024-08-09,2024-08-09,0,520.6640625,0,0.0,1041.6820807178915,,,1041.6820807178915,1031.6820807178915,0.0,103.16820807178915,-0.10986885248981637,838,337,82,0.8042959427207638,0.5360685302073941,0.0,98.99347790008932
2024-08-12,2024-08-12,0,520.9376831054688,0,0.0,1041.6820807178915,,,1041.6820807178915,1031.6820807178915,0.0,103.16820807178915,-0.10986885248981637,838,337,82,0.8042959427207638,0.5358269490761605,0.0,98.99347790008932
2024-08-13,2024-08-13,0,529.5047607421875,0,0.0,1041.6820807178915,,,1041.6820807178915,1031.6820807178915,0.0,103.16820807178915,-0.10986885248981637,838,337,82,0.8042959427207638,0.5355855855855856,0.0,98.99347790008932
2024-08-14,2024-08-14,0,531.1753540039062,0,0.0,1041.6820807178915,,,1041.6820807178915,1031.6820807178915,0.0,103.16820807178915,-0.10986885248981637,838,337,82,0.8042959427207638,0.535344439441693,0.0,98.99347790008932
2024-08-15,2024-08-15,1,540.27978515625,1,1.9270783926642778,0.0,2024-08-15,540.27978515625,1041.1614999679075,1031.6820807178915,-0.5205807499839538,103.11614999679075,-0.10986885248981637,839,337,82,0.8042959427207638,0.5355535553555355,0.5205807499839538,99.51405865007327
2024-08-16,2024-08-16,0,541.4910278320312,0,0.0,1042.9739117269,,,1042.9739117269,1032.9739117269,0.0,103.29739117269,-0.10986885248981637,840,338,82,0.8047619047619048,0.5353126405757984,0.5217478297783392,100.0358064798516
2024-08-19,2024-08-19,0,546.66845703125,0,0.0,1042.9739117269,,,1042.9739117269,1032.9739117269,0.0,103.29739117269,-0.10986885248981637,840,338,82,0.8047619047619048,0.5350719424460432,0.0,100.0358064798516
2024-08-20,2024-08-20,0,545.7794799804688,0,0.0,1042.9739117269,,,1042.9739117269,1032.9739117269,0.0,103.29739117269,-0.10986885248981637,840,338,82,0.8047619047619048,0.5348314606741573,0.0,100.0358064798516
2024-08-21,2024-08-21,0,547.6550903320312,0,0.0,1042.9739117269,,,1042.9739117269,1032.9739117269,0.0,103.29739117269,-0.10986885248981637,840,338,82,0.8047619047619048,0.5345911949685535,0.0,100.0358064798516
2024-08-22,2024-08-22,0,543.3568725585938,0,0.0,1042.9739117269,,,1042.9739117269,1032.9739117269,0.0,103.29739117269,-0.10986885248981637,840,338,82,0.8047619047619048,0.5343511450381679,0.0,100.0358064798516
2024-08-23,2024-08-23,0,549.130126953125,0,0.0,1042.9739117269,,,1042.9739117269,1032.9739117269,0.0,103.29739117269,-0.10986885248981637,840,338,82,0.8047619047619048,0.5341113105924596,0.0,100.0358064798516
2024-08-26,2024-08-26,0,547.8211669921875,0,0.0,1042.9739117269,,,1042.9739117269,1032.9739117269,0.0,103.29739117269,-0.10986885248981637,840,338,82,0.8047619047619048,0.5338716913414087,0.0,100.0358064798516
2024-08-27,2024-08-27,0,548.5733642578125,0,0.0,1042.9739117269,,,1042.9739117269,1032.9739117269,0.0,103.29739117269,-0.10986885248981637,840,338,82,0.8047619047619048,0.5336322869955157,0.0,100.0358064798516
2024-08-28,2024-08-28,1,545.3887329101562,1,1.9113938783108941,0.0,2024-08-28,545.3887329101562,1042.4526853842078,1032.9739117269,-0.5212263426921039,103.24526853842079,-0.10986885248981637,841,338,82,0.8047619047619048,0.5338413267593007,0.5212263426921039,100.5570328225437
2024-08-29,2024-08-29,0,545.4375610351562,0,0.0,1042.0247421558406,,,1042.0247421558406,1032.0247421558406,0.0,103.20247421558406,-0.10986885248981637,842,338,83,0.8028503562945368,0.5336021505376344,0.5212730075817111,101.07830583012542
2024-08-30,2024-08-30,0,550.644287109375,0,0.0,1042.0247421558406,,,1042.0247421558406,1032.0247421558406,0.0,103.20247421558406,-0.10986885248981637,842,338,83,0.8028503562945368,0.5333631885356024,0.0,101.07830583012542
2024-09-03,2024-09-03,0,539.3126831054688,0,0.0,1042.0247421558406,,,1042.0247421558406,1032.0247421558406,0.0,103.20247421558406,-0.10986885248981637,842,338,83,0.8028503562945368,0.5331244404655326,0.0,101.07830583012542
2024-09-04,2024-09-04,0,538.208740234375,0,0.0,1042.0247421558406,,,1042.0247421558406,1032.0247421558406,0.0,103.20247421558406,-0.10986885248981637,842,338,83,0.8028503562945368,0.5328859060402684,0.0,101.07830583012542
2024-09-05,2024-09-05,0,536.8997802734375,0,0.0,1042.0247421558406,,,1042.0247421558406,1032.0247421558406,0.0,103.20247421558406,-0.10986885248981637,842,338,83,0.8028503562945368,0.5326475849731663,0.0,101.07830583012542
2024-09-06,2024-09-06,0,527.8637084960938,0,0.0,1042.0247421558406,,,1042.0247421558406,1032.0247421558406,0.0,103.20247421558406,-0.10986885248981637,842,338,83,0.8028503562945368,0.5324094769780957,0.0,101.07830583012542
2024-09-09,2024-09-09,0,533.773681640625,0,0.0,1042.0247421558406,,,1042.0247421558406,1032.0247421558406,0.0,103.20247421558406,-0.10986885248981637,842,338,83,0.8028503562945368,0.532171581769437,0.0,101.07830583012542
2024-09-10,2024-09-10,0,536.0986938476562,0,0.0,1042.0247421558406,,,1042.0247421558406,1032.0247421558406,0.0,103.20247421558406,-0.10986885248981637,842,338,83,0.8028503562945368,0.5319338990620813,0.0,101.07830583012542
2024-09-11,2024-09-11,0,541.5985107421875,0,0.0,1042.0247421558406,,,1042.0247421558406,1032.0247421558406,0.0,103.20247421558406,-0.10986885248981637,842,338,83,0.8028503562945368,0.5316964285714286,0.0,101.07830583012542
2024-09-12,2024-09-12,0,546.1605834960938,0,0.0,1042.0247421558406,,,1042.0247421558406,1032.0247421558406,0.0,103.20247421558406,-0.10986885248981637,842,338,83,0.8028503562945368,0.5314591700133868,0.0,101.07830583012542
2024-09-13,2024-09-13,0,549.0130004882812,0,0.0,1042.0247421558406,,,1042.0247421558406,1032.0247421558406,0.0,103.20247421558406,-0.10986885248981637,842,338,83,0.8028503562945368,0.5312221231043711,0.0,101.07830583012542
2024-09-16,2024-09-16,0,549.82373046875,0,0.0,1042.0247421558406,,,1042.0247421558406,1032.0247421558406,0.0,103.20247421558406,-0.10986885248981637,842,338,83,0.8028503562945368,0.5309852875613018,0.0,101.07830583012542
2024-09-17,2024-09-17,0,550.0484619140625,0,0.0,1042.0247421558406,,,1042.0247421558406,1032.0247421558406,0.0,103.20247421558406,-0.10986885248981637,842,338,83,0.8028503562945368,0.5307486631016043,0.0,101.07830583012542
2024-09-18,2024-09-18,1,548.4171752929688,1,1.8991089941783474,-2.2737367544323206e-13,2024-09-18,548.4171752929688,1041.5039901607602,1032.0247421558406,-0.5207519950803802,103.15039901607602,-0.10986885248981637,843,338,83,0.8028503562945368,0.5309576837416481,0.5207519950803802,101.59905782520579
2024-09-19,2024-09-19,0,557.7755126953125,0,0.0,1058.7468546456607,,,1058.7468546456607,1048.7468546456607,0.0,104.87468546456607,-0.10986885248981637,844,339,83,0.8033175355450237,0.5307212822796082,0.5296382464460535,102.12869607165185
2024-09-20,2024-09-20,0,556.8114013671875,0,0.0,1058.7468546456607,,,1058.7468546456607,1048.7468546456607,0.0,104.87468546456607,-0.10986885248981637,844,339,83,0.8033175355450237,0.5304850912327548,0.0,102.12869607165185
2024-09-23,2024-09-23,0,558.2026977539062,0,0.0,1058.7468546456607,,,1058.7468546456607,1048.7468546456607,0.0,104.87468546456607,-0.10986885248981637,844,339,83,0.8033175355450237,0.5302491103202847,0.0,102.12869607165185
2024-09-24,2024-09-24,0,559.7999267578125,0,0.0,1058.7468546456607,,,1058.7468546456607,1048.7468546456607,0.0,104.87468546456607,-0.10986885248981637,844,339,83,0.8033175355450237,0.5300133392618942,0.0,102.12869607165185
2024-09-25,2024-09-25,0,558.5653076171875,0,0.0,1058.7468546456607,,,1058.7468546456607,1048.7468546456607,0.0,104.87468546456607,-0.10986885248981637,844,339,83,0.8033175355450237,0.5297777777777778,0.0,102.12869607165185
2024-09-26,2024-09-26,0,560.7798461914062,0,0.0,1058.7468546456607,,,1058.7468546456607,1048.7468546456607,0.0,104.87468546456607,-0.10986885248981637,844,339,83,0.8033175355450237,0.5295424255886273,0.0,102.12869607165185
2024-09-27,2024-09-27,1,559.9664306640625,1,1.8897878298130073,-2.2737367544323206e-13,2024-09-27,559.9664306640625,1058.2177457727744,1048.7468546456607,-0.5291088728863873,104.82177457727744,-0.10986885248981637,845,339,83,0.8033175355450237,0.5297513321492007,0.5291088728863873,102.65780494453823
2024-09-30,2024-09-30,0,562.2103881835938,0,0.0,1061.92712020911,,,1061.92712020911,1051.92712020911,0.0,105.19271202091099,-0.10986885248981637,846,340,83,0.8037825059101655,0.5295162006213937,0.531229174691901,103.18903411923013
2024-10-01,2024-10-01,0,557.1738891601562,0,0.0,1061.92712020911,,,1061.92712020911,1051.92712020911,0.0,105.19271202091099,-0.10986885248981637,846,340,83,0.8037825059101655,0.5292812777284827,0.0,103.18903411923013
2024-10-02,2024-10-02,0,557.4091186523438,0,0.0,1061.92712020911,,,1061.92712020911,1051.92712020911,0.0,105.19271202091099,-0.10986885248981637,846,340,83,0.8037825059101655,0.5290465631929047,0.0,103.18903411923013
2024-10-03,2024-10-03,0,556.3900146484375,0,0.0,1061.92712020911,,,1061.92712020911,1051.92712020911,0.0,105.19271202091099,-0.10986885248981637,846,340,83,0.8037825059101655,0.5288120567375887,0.0,103.18903411923013
2024-10-04,2024-10-04,0,561.4461059570312,0,0.0,1061.92712020911,,,1061.92712020911,1051.92712020911,0.0,105.19271202091099,-0.10986885248981637,846,340,83,0.8037825059101655,0.5285777580859548,0.0,103.18903411923013
2024-10-07,2024-10-07,0,556.370361328125,0,0.0,1061.92712020911,,,1061.92712020911,1051.92712020911,0.0,105.19271202091099,-0.10986885248981637,846,340,83,0.8037825059101655,0.5283436669619131,0.0,103.18903411923013
2024-10-08,2024-10-08,0,561.63232421875,0,0.0,1061.92712020911,,,1061.92712020911,1051.92712020911,0.0,105.19271202091099,-0.10986885248981637,846,340,83,0.8037825059101655,0.5281097830898628,0.0,103.18903411923013
2024-10-09,2024-10-09,0,565.5224609375,0,0.0,1061.92712020911,,,1061.92712020911,1051.92712020911,0.0,105.19271202091099,-0.10986885248981637,846,340,83,0.8037825059101655,0.5278761061946903,0.0,103.18903411923013
2024-10-10,2024-10-10,0,564.53271484375,0,0.0,1061.92712020911,,,1061.92712020911,1051.92712020911,0.0,105.19271202091099,-0.10986885248981637,846,340,83,0.8037825059101655,0.5276426360017691,0.0,103.18903411923013
2024-10-11,2024-10-11,0,567.9132690429688,0,0.0,1061.92712020911,,,1061.92712020911,1051.92712020911,0.0,105.19271202091099,-0.10986885248981637,846,340,83,0.8037825059101655,0.5274093722369585,0.0,103.18903411923013
2024-10-14,2024-10-14,0,572.557861328125,0,0.0,1061.92712020911,,,1061.92712020911,1051.92712020911,0.0,105.19271202091099,-0.10986885248981637,846,340,83,0.8037825059101655,0.5271763146266019,0.0,103.18903411923013
2024-10-15,2024-10-15,0,568.1092529296875,0,0.0,1061.92712020911,,,1061.92712020911,1051.92712020911,0.0,105.19271202091099,-0.10986885248981637,846,340,83,0.8037825059101655,0.5269434628975265,0.0,103.18903411923013
2024-10-16,2024-10-16,0,570.5784912109375,0,0.0,1061.92712020911,,,1061.92712020911,1051.92712020911,0.0,105.19271202091099,-0.10986885248981637,846,340,83,0.8037825059101655,0.5267108167770419,0.0,103.18903411923013
2024-10-17,2024-10-17,0,570.62744140625,0,0.0,1061.92712020911,,,1061.92712020911,1051.92712020911,0.0,105.19271202091099,-0.10986885248981637,846,340,83,0.8037825059101655,0.5264783759929391,0.0,103.18903411923013
2024-10-18,2024-10-18,0,572.8223876953125,0,0.0,1061.92712020911,,,1061.92712020911,1051.92712020911,0.0,105.19271202091099,-0.10986885248981637,846,340,83,0.8037825059101655,0.5262461402734891,0.0,103.18903411923013
2024-10-21,2024-10-21,1,571.8817749023438,1,1.8559717560143583,0.0,2024-10-21,571.8817749023438,1061.3964219981108,1051.92712020911,-0.5306982109990555,105.13964219981108,-0.10986885248981637,847,340,83,0.8037825059101655,0.5264550264550265,0.5306982109990555,103.71973233022918
2024-10-22,2024-10-22,0,571.5780029296875,0,0.0,1060.3022134816938,,,1060.3022134816938,1050.3022134816938,0.0,105.03022134816938,-0.10986885248981637,848,340,84,0.8018867924528302,0.5262230057293962,0.530416314898296,104.25014864512747
2024-10-23,2024-10-23,0,566.355224609375,0,0.0,1060.3022134816938,,,1060.3022134816938,1050.3022134816938,0.0,105.03022134816938,-0.10986885248981637,848,340,84,0.8018867924528302,0.5259911894273128,0.0,104.25014864512747
2024-10-24,2024-10-24,0,567.5801391601562,0,0.0,1060.3022134816938,,,1060.3022134816938,1050.3022134816938,0.0,105.03022134816938,-0.10986885248981637,848,340,84,0.8018867924528302,0.5257595772787318,0.0,104.25014864512747
2024-10-25,2024-10-25,1,567.3840942382812,1,1.8678217068118375,-2.2737367544323206e-13,2024-10-25,567.3840942382812,1059.7723273180347,1050.3022134816938,-0.5298861636590175,104.97723273180347,-0.10986885248981637,849,340,84,0.8018867924528302,0.5259683098591549,0.5298861636590175,104.78003480878648
2024-10-28,2024-10-28,1,569.13818359375,1,1.8678217068118375,-2.2737367544323206e-13,2024-10-25,567.3840942382812,1063.0486534918668,1050.3022134816938,2.746440010173086,105.30486534918668,-0.10986885248981637,849,340,84,0.8018867924528302,0.5261768587769468,0.0,104.78003480878648
2024-10-29,2024-10-29,1,570.0592041015625,1,1.8678217068118375,-2.2737367544323206e-13,2024-10-25,567.3840942382812,1064.7689555887778,1050.3022134816938,4.466742107084014,105.47689555887777,-0.10986885248981637,849,340,84,0.8018867924528302,0.5263852242744064,0.0,104.78003480878648
2024-10-30,2024-10-30,1,568.3345947265625,1,1.8678217068118375,-2.2737367544323206e-13,2024-10-25,567.3840942382812,1061.5476927623818,1050.3022134816938,1.2454792806879993,105.15476927623817,-0.10986885248981637,849,340,84,0.8018867924528302,0.5265934065934066,0.0,104.78003480878648
2024-10-31,2024-10-31,0,557.1934814453125,0,0.0,1040.2177104978443,,,1040.2177104978443,1030.2177104978443,0.0,103.02177104978443,-0.10986885248981637,850,340,85,0.8,0.5263620386643234,0.5203690397688068,105.30040384855529
2024-11-01,2024-11-01,0,559.5452270507812,0,0.0,1040.2177104978443,,,1040.2177104978443,1030.2177104978443,0.0,103.02177104978443,-0.10986885248981637,850,340,85,0.8,0.5261308739569609,0.0,105.30040384855529
2024-11-04,2024-11-04,0,558.3399047851562,0,0.0,1040.2177104978443,,,1040.2177104978443,1030.2177104978443,0.0,103.02177104978443,-0.10986885248981637,850,340,85,0.8,0.5258999122036875,0.0,105.30040384855529
2024-11-05,2024-11-05,1,565.09130859375,1,1.83987586741404,0.0,2024-11-05,565.09130859375,1039.6978615670607,1030.2177104978443,-0.5198489307835303,102.96978615670608,-0.10986885248981637,851,340,85,0.8,0.5261079420798596,0.5198489307835303,105.82025277933882
2024-11-06,2024-11-06,1,579.142578125,1,1.83987586741404,0.0,2024-11-05,565.09130859375,1065.5504532841378,1030.2177104978443,25.332742786293544,105.55504532841378,-0.10986885248981637,851,340,85,0.8,0.5263157894736842,0.0,105.82025277933882
2024-11-07,2024-11-07,1,583.62060546875,1,1.83987586741404,0.0,2024-11-05,565.09130859375,1073.7894677275237,1030.2177104978443,33.571757229679484,106.37894677275237,-0.10986885248981637,851,340,85,0.8,0.5265234546251644,0.0,105.82025277933882
2024-11-08,2024-11-08,1,586.1487426757812,1,1.83987586741404,0.0,2024-11-05,565.09130859375,1078.440926364252,1030.2177104978443,38.22321586640768,106.84409263642519,-0.10986885248981637,851,340,85,0.8,0.5267309377738826,0.0,105.82025277933882
2024-11-11,2024-11-11,1,586.7070922851562,1,1.83987586741404,0.0,2024-11-05,565.09130859375,1079.468220336121,1030.2177104978443,39.25050983827676,106.94682203361211,-0.10986885248981637,851,340,85,0.8,0.5269382391590013,0.0,105.82025277933882
2024-11-12,2024-11-12,0,584.8845825195312,0,0.0,1075.576971085921,,,1075.576971085921,1065.576971085921,0.0,106.55769710859211,-0.10986885248981637,852,341,85,0.8004694835680751,0.526707530647986,0.5380575143001106,106.35831029363892
2024-11-13,2024-11-13,0,585.1688232421875,0,0.0,1075.576971085921,,,1075.576971085921,1065.576971085921,0.0,106.55769710859211,-0.10986885248981637,852,341,85,0.8004694835680751,0.5264770240700218,0.0,106.35831029363892
2024-11-14,2024-11-14,0,581.4060668945312,0,0.0,1075.576971085921,,,1075.576971085921,1065.576971085921,0.0,106.55769710859211,-0.10986885248981637,852,341,85,0.8004694835680751,0.526246719160105,0.0,106.35831029363892
2024-11-15,2024-11-15,1,573.958984375,1,1.8730248687210316,0.0,2024-11-15,573.958984375,1075.039451360241,1065.576971085921,-0.5375197256801205,106.5039451360241,-0.10986885248981637,853,341,85,0.8004694835680751,0.5264538696982947,0.5375197256801205,106.89583001931905
2024-11-18,2024-11-18,1,576.3108520507812,1,1.8730248687210316,0.0,2024-11-15,573.958984375,1079.4445580049205,1065.576971085921,3.8675869189994425,106.94445580049205,-0.10986885248981637,853,341,85,0.8004694835680751,0.5266608391608392,0.0,106.89583001931905
2024-11-19,2024-11-19,1,578.4174194335938,1,1.8730248687210316,0.0,2024-11-15,573.958984375,1083.3902111005648,1065.576971085921,7.813240014643718,107.33902111005648,-0.10986885248981637,853,341,85,0.8004694835680751,0.526867627785059,0.0,106.89583001931905
2024-11-20,2024-11-20,1,578.6134643554688,1,1.8730248687210316,0.0,2024-11-15,573.958984375,1083.757408114623,1065.576971085921,8.180437028702038,107.37574081146231,-0.10986885248981637,853,341,85,0.8004694835680751,0.5270742358078603,0.0,106.89583001931905
2024-11-21,2024-11-21,1,581.7196655273438,1,1.8730248687210316,0.0,2024-11-15,573.958984375,1089.5754001567955,1065.576971085921,13.998429070874401,107.95754001567954,-0.10986885248981637,853,341,85,0.8004694835680751,0.5272806634657354,0.0,106.89583001931905
2024-11-22,2024-11-22,1,583.5225830078125,1,1.8730248687210316,0.0,2024-11-15,573.958984375,1092.9523094339652,1065.576971085921,17.375338348044117,108.29523094339652,-0.10986885248981637,853,341,85,0.8004694835680751,0.5274869109947644,0.0,106.89583001931905
2024-11-25,2024-11-25,1,585.5020141601562,1,1.8730248687210316,0.0,2024-11-15,573.958984375,1096.6598332082262,1065.576971085921,21.08286212230518,108.66598332082262,-0.10986885248981637,853,341,85,0.8004694835680751,0.5276929786306149,0.0,106.89583001931905
2024-11-26,2024-11-26,1,588.5591430664062,1,1.8730248687210316,0.0,2024-11-15,573.958984375,1102.3859116765184,1065.576971085921,26.808940590597324,109.23859116765183,-0.10986885248981637,853,341,85,0.8004694835680751,0.527898866608544,0.0,106.89583001931905
2024-11-27,2024-11-27,1,586.7757568359375,1,1.8730248687210316,0.0,2024-11-15,573.958984375,1099.0455849163159,1065.576971085921,23.46861383039481,108.90455849163159,-0.10986885248981637,853,341,85,0.8004694835680751,0.5281045751633987,0.0,106.89583001931905
2024-11-29,2024-11-29,1,590.4208984375,1,1.8730248687210316,0.0,2024-11-15,573.958984375,1105.873025786052,1065.576971085921,30.296054700130973,109.5873025786052,-0.10986885248981637,853,341,85,0.8004694835680751,0.5283101045296167,0.0,106.89583001931905
2024-12-02,2024-12-02,1,591.4791259765625,1,1.8730248687210316,0.0,2024-11-15,573.958984375,1107.8551122834815,1065.576971085921,32.27814119756044,109.78551122834816,-0.10986885248981637,853,341,85,0.8004694835680751,0.5285154549412276,0.0,106.89583001931905
2024-12-03,2024-12-03,0,591.7534790039062,0,0.0,1107.814797835342,,,1107.814797835342,1097.814797835342,0.0,109.7814797835342,-0.10986885248981637,854,342,85,0.8009367681498829,0.5282854656222803,0.5541844911632526,107.4500145104823
2024-12-04,2024-12-04,1,595.4280395507812,1,1.8596053489303017,2.2737367544323206e-13,2024-12-04,595.4280395507812,1107.2611672517162,1097.814797835342,-0.553630583625858,109.72611672517162,-0.10986885248981637,855,342,85,0.8009367681498829,0.5284906481078729,0.553630583625858,108.00364509410817
2024-12-05,2024-12-05,0,594.4481201171875,0,0.0,1104.886184379569,,,1104.886184379569,1094.886184379569,0.0,109.48861843795689,-0.10986885248981637,856,342,86,0.7990654205607477,0.5282608695652173,0.5527194519157422,108.55636454602391
2024-12-06,2024-12-06,1,595.5750732421875,1,1.854231426038564,0.0,2024-12-06,595.5750732421875,1104.3340173708834,1094.886184379569,-0.5521670086854418,109.43340173708835,-0.10986885248981637,857,342,86,0.7990654205607477,0.5284658843980878,0.5521670086854418,109.10853155470936
2024-12-09,2024-12-09,1,592.508056640625,1,1.854231426038564,0.0,2024-12-06,595.5750732421875,1098.6470588040843,1094.886184379569,-6.23912557548459,108.86470588040842,-0.10986885248981637,857,342,86,0.7990654205607477,0.5286707211120765,0.0,109.10853155470936
2024-12-10,2024-12-10,1,590.6658935546875,1,1.854231426038564,0.0,2024-12-06,595.5750732421875,1095.231262118251,1094.886184379569,-9.654922261317948,108.52312621182509,-0.10986885248981637,857,342,86,0.7990654205607477,0.5288753799392097,0.0,109.10853155470936
2024-12-11,2024-12-11,1,595.2319946289062,1,1.854231426038564,0.0,2024-12-06,595.5750732421875,1103.6978702245356,1094.886184379569,-1.1883141550333083,109.36978702245355,-0.10986885248981637,857,342,86,0.7990654205607477,0.5290798611111112,0.0,109.10853155470936
2024-12-12,2024-12-12,1,592.1651611328125,1,1.854231426038564,0.0,2024-12-06,595.5750732421875,1098.0112511776508,1094.886184379569,-6.874933201918052,108.80112511776508,-0.10986885248981637,857,342,86,0.7990654205607477,0.5292841648590022,0.0,109.10853155470936
2024-12-13,2024-12-13,1,592.0475463867188,1,1.854231426038564,0.0,2024-12-06,595.5750732421875,1097.7931662192784,1094.886184379569,-7.093018160290453,108.77931662192785,-0.10986885248981637,857,342,86,0.7990654205607477,0.5294882914137033,0.0,109.10853155470936
2024-12-16,2024-12-16,1,594.5755004882812,1,1.854231426038564,0.0,2024-12-06,595.5750732421875,1102.4805781579787,1094.886184379569,-2.4056062215901735,109.24805781579786,-0.10986885248981637,857,342,86,0.7990654205607477,0.5296922410056351,0.0,109.10853155470936
2024-12-17,2024-12-17,1,592.1257934570312,1,1.854231426038564,0.0,2024-12-06,595.5750732421875,1097.9382543960473,1094.886184379569,-6.94792998352153,108.79382543960473,-0.10986885248981637,857,342,86,0.7990654205607477,0.529896013864818,0.0,109.10853155470936
2024-12-18,2024-12-18,0,574.4784545898438,0,0.0,1064.683396080515,,,1064.683396080515,1054.683396080515,0.0,105.4683396080515,-0.10986885248981637,858,342,87,0.7972027972027972,0.5296665223040277,0.5326080020412781,109.64113955675063
2024-12-19,2024-12-19,1,574.302001953125,1,1.852947259109784,0.0,2024-12-19,574.302001953125,1064.1513204203047,1054.683396080515,-0.5320756602101524,105.41513204203048,-0.10986885248981637,859,342,87,0.7972027972027972,0.5298701298701298,0.5320756602101524,110.17321521696078
2024-12-20,2024-12-20,0,581.199951171875,0,0.0,1076.3943900904067,,,1076.3943900904067,1066.3943900904067,0.0,106.63943900904067,-0.10986885248981637,860,343,87,0.7976744186046512,0.529640848117698,0.5384664282593331,110.71168164522011
2024-12-23,2024-12-23,0,584.6802978515625,0,0.0,1076.3943900904067,,,1076.3943900904067,1066.3943900904067,0.0,106.63943900904067,-0.10986885248981637,860,343,87,0.7976744186046512,0.5294117647058824,0.0,110.71168164522011
2024-12-24,2024-12-24,1,591.1790771484375,1,1.819848677745649,-2.2737367544323206e-13,2024-12-24,591.1790771484375,1075.856461859477,1066.3943900904067,-0.5379282309297386,106.5856461859477,-0.10986885248981637,861,343,87,0.7976744186046512,0.5296152183311716,0.5379282309297386,111.24960987614985
2024-12-26,2024-12-26,1,591.2184448242188,1,1.819848677745649,-2.2737367544323206e-13,2024-12-24,591.1790771484375,1075.9281050721931,1066.3943900904067,-0.4662850182134852,106.59281050721931,-0.10986885248981637,861,343,87,0.7976744186046512,0.5298184961106309,0.0,111.24960987614985
2024-12-27,2024-12-27,0,584.9949951171875,0,0.0,1064.07006716766,,,1064.07006716766,1054.07006716766,0.0,105.407006716766,-0.10986885248981637,862,343,88,0.7958236658932715,0.5295896328293737,0.532301184175918,111.78191106032577
2024-12-30,2024-12-30,1,578.3192749023438,1,1.8390158242577028,0.0,2024-12-30,578.3192749023438,1063.5382980186507,1054.07006716766,-0.5317691490093254,105.35382980186507,-0.10986885248981637,863,343,88,0.7958236658932715,0.5297927461139896,0.5317691490093254,112.31368020933509
2024-12-31,2024-12-31,1,576.2152709960938,1,1.8390158242577028,0.0,2024-12-30,578.3192749023438,1059.6690015407569,1054.07006716766,-4.401065626903166,104.96690015407569,-0.10986885248981637,863,343,88,0.7958236658932715,0.5299956840742339,0.0,112.31368020933509
2025-01-02,2025-01-02,1,574.799560546875,1,1.8390158242577028,0.0,2024-12-30,578.3192749023438,1057.0654876220767,1054.07006716766,-7.00457954558333,104.70654876220767,-0.10986885248981637,863,343,88,0.7958236658932715,0.5301984469370147,0.0,112.31368020933509
2025-01-03,2025-01-03,1,581.9865112304688,1,1.8390158242577028,0.0,2024-12-30,578.3192749023438,1070.2824036573654,1054.07006716766,6.2123364897053746,106.02824036573654,-0.10986885248981637,863,343,88,0.7958236658932715,0.5304010349288486,0.0,112.31368020933509
2025-01-06,2025-01-06,1,585.3390502929688,1,1.8390158242577028,0.0,2024-12-30,578.3192749023438,1076.4477760447448,1054.07006716766,12.377708877084796,106.64477760447448,-0.10986885248981637,863,343,88,0.7958236658932715,0.530603448275862,0.0,112.31368020933509
2025-01-07,2025-01-07,1,578.7222900390625,1,1.8390158242577028,0.0,2024-12-30,578.3192749023438,1064.279449232492,1054.07006716766,0.20938206483192368,105.4279449232492,-0.10986885248981637,863,343,88,0.7958236658932715,0.5308056872037915,0.0,112.31368020933509
2025-01-08,2025-01-08,1,579.5678100585938,1,1.8390158242577028,0.0,2024-12-30,578.3192749023438,1065.8343739281365,1054.07006716766,1.7643067604764822,105.58343739281365,-0.10986885248981637,863,343,88,0.7958236658932715,0.5310077519379846,0.0,112.31368020933509
2025-01-10,2025-01-10,1,570.7192993164062,1,1.8390158242577028,0.0,2024-12-30,578.3192749023438,1049.5618226521394,1054.07006716766,-14.50824451552062,103.95618226521394,-0.10986885248981637,863,343,88,0.7958236658932715,0.5312096427034008,0.0,112.31368020933509
2025-01-13,2025-01-13,1,571.604248046875,1,1.8390158242577028,0.0,2024-12-30,578.3192749023438,1051.1892573711282,1054.07006716766,-12.880809796531867,104.11892573711282,-0.10986885248981637,863,343,88,0.7958236658932715,0.5314113597246127,0.0,112.31368020933509
2025-01-14,2025-01-14,1,572.3906860351562,1,1.8390158242577028,0.0,2024-12-30,578.3192749023438,1052.6355292763749,1054.07006716766,-11.434537891285164,104.26355292763749,-0.10986885248981637,863,343,88,0.7958236658932715,0.5316129032258065,0.0,112.31368020933509
2025-01-15,2025-01-15,1,582.8025512695312,1,1.8390158242577028,0.0,2024-12-30,578.3192749023438,1071.783114202429,1054.07006716766,7.713047034768986,106.1783114202429,-0.10986885248981637,863,343,88,0.7958236658932715,0.5318142734307825,0.0,112.31368020933509
2025-01-16,2025-01-16,0,581.6817626953125,0,0.0,1069.1871052956542,,,1069.1871052956542,1059.1871052956542,0.0,105.91871052956542,-0.10986885248981637,864,344,88,0.7962962962962963,0.5315857327030511,0.5348609831393968,112.84854119247449
2025-01-17,2025-01-17,1,587.521728515625,1,1.8189161813745252,0.0,2025-01-17,587.521728515625,1068.652778906201,1059.1871052956542,-0.5343263894531005,105.8652778906201,-0.10986885248981637,865,344,88,0.7962962962962963,0.531786941580756,0.5343263894531005,113.38286758192758
2025-01-21,2025-01-21,1,592.899658203125,1,1.8189161813745252,0.0,2025-01-17,587.521728515625,1078.4347822370894,1059.1871052956542,9.2476769414352,106.84347822370894,-0.10986885248981637,865,344,88,0.7962962962962963,0.5319879776728209,0.0,113.38286758192758
2025-01-22,2025-01-22,1,596.232666015625,1,1.8189161813745252,0.0,2025-01-17,587.521728515625,1084.4972440798933,1059.1871052956542,15.310138784239141,107.44972440798934,-0.10986885248981637,865,344,88,0.7962962962962963,0.5321888412017167,0.0,113.38286758192758
2025-01-23,2025-01-23,0,599.4868774414062,0,0.0,1089.8711737089106,,,1089.8711737089106,1079.8711737089106,0.0,107.98711737089107,-0.10986885248981637,866,345,88,0.7967667436489607,0.531960531960532,0.5452081909499303,113.92807577287752
2025-01-24,2025-01-24,0,597.7367553710938,0,0.0,1089.8711737089106,,,1089.8711737089106,1079.8711737089106,0.0,107.98711737089107,-0.10986885248981637,866,345,88,0.7967667436489607,0.5317324185248714,0.0,113.92807577287752
2025-01-27,2025-01-27,1,589.2815551757812,1,1.8485671253170999,-2.2737367544323206e-13,2025-01-27,589.2815551757812,1089.3265104536838,1079.8711737089106,-0.544663255226842,107.93265104536837,-0.10986885248981637,867,345,88,0.7967667436489607,0.5319331333047578,0.544663255226842,114.47273902810436
2025-01-28,2025-01-28,0,594.3449096679688,0,0.0,1098.1371178812124,,,1098.1371178812124,1088.1371178812124,0.0,108.81371178812124,-0.10986885248981637,868,346,88,0.7972350230414746,0.5317052270779777,0.5493432305558843,115.02208225866025
2025-01-29,2025-01-29,1,591.680419921875,1,1.8550357367990602,0.0,2025-01-29,591.680419921875,1097.5883237193527,1088.1371178812124,-0.5487941618596763,108.75883237193527,-0.10986885248981637,869,346,88,0.7972350230414746,0.5319057815845825,0.5487941618596763,115.57087642051992
2025-01-30,2025-01-30,0,594.8561401367188,0,0.0,1102.927658508859,,,1102.927658508859,1092.927658508859,0.0,109.2927658508859,-0.10986885248981637,870,347,88,0.7977011494252874,0.5316780821917808,0.5517396991039815,116.1226161196239
2025-01-31,2025-01-31,1,591.6903686523438,1,1.8630968639637253,0.0,2025-01-31,591.6903686523438,1102.3764702737221,1092.927658508859,-0.5511882351368611,109.23764702737222,-0.10986885248981637,871,347,88,0.7977011494252874,0.5318784766795036,0.5511882351368611,116.67380435476076
2025-02-03,2025-02-03,0,587.7085571289062,0,0.0,1094.4104907266553,,,1094.4104907266553,1084.4104907266553,0.0,108.44104907266554,-0.10986885248981637,872,347,89,0.7958715596330275,0.5316509837467921,0.5474789848557556,117.22128333961652
2025-02-04,2025-02-04,0,591.651123046875,0,0.0,1094.4104907266553,,,1094.4104907266553,1084.4104907266553,0.0,108.44104907266554,-0.10986885248981637,872,347,89,0.7958715596330275,0.5314236853356135,0.0,117.22128333961652
2025-02-05,2025-02-05,0,594.0498657226562,0,0.0,1094.4104907266553,,,1094.4104907266553,1084.4104907266553,0.0,108.44104907266554,-0.10986885248981637,872,347,89,0.7958715596330275,0.5311965811965812,0.0,117.22128333961652
2025-02-06,2025-02-06,0,596.1145629882812,0,0.0,1094.4104907266553,,,1094.4104907266553,1084.4104907266553,0.0,108.44104907266554,-0.10986885248981637,872,347,89,0.7958715596330275,0.5309696710807348,0.0,117.22128333961652
2025-02-07,2025-02-07,0,590.6580200195312,0,0.0,1094.4104907266553,,,1094.4104907266553,1084.4104907266553,0.0,108.44104907266554,-0.10986885248981637,872,347,89,0.7958715596330275,0.5307429547395388,0.0,117.22128333961652
2025-02-10,2025-02-10,0,594.6693725585938,0,0.0,1094.4104907266553,,,1094.4104907266553,1084.4104907266553,0.0,108.44104907266554,-0.10986885248981637,872,347,89,0.7958715596330275,0.5305164319248826,0.0,117.22128333961652
2025-02-11,2025-02-11,0,595.12158203125,0,0.0,1094.4104907266553,,,1094.4104907266553,1084.4104907266553,0.0,108.44104907266554,-0.10986885248981637,872,347,89,0.7958715596330275,0.5302901023890785,0.0,117.22128333961652
2025-02-12,2025-02-12,0,593.2044067382812,0,0.0,1094.4104907266553,,,1094.4104907266553,1084.4104907266553,0.0,108.44104907266554,-0.10986885248981637,872,347,89,0.7958715596330275,0.5300639658848614,0.0,117.22128333961652
2025-02-13,2025-02-13,0,599.4672241210938,0,0.0,1094.4104907266553,,,1094.4104907266553,1084.4104907266553,0.0,108.44104907266554,-0.10986885248981637,872,347,89,0.7958715596330275,0.5298380221653879,0.0,117.22128333961652
2025-02-14,2025-02-14,0,599.4376831054688,0,0.0,1094.4104907266553,,,1094.4104907266553,1084.4104907266553,0.0,108.44104907266554,-0.10986885248981637,872,347,89,0.7958715596330275,0.5296122709842352,0.0,117.22128333961652
2025-02-18,2025-02-18,0,601.197509765625,0,0.0,1094.4104907266553,,,1094.4104907266553,1084.4104907266553,0.0,108.44104907266554,-0.10986885248981637,872,347,89,0.7958715596330275,0.5293867120954003,0.0,117.22128333961652
2025-02-19,2025-02-19,0,602.6133422851562,0,0.0,1094.4104907266553,,,1094.4104907266553,1084.4104907266553,0.0,108.44104907266554,-0.10986885248981637,872,347,89,0.7958715596330275,0.5291613452532993,0.0,117.22128333961652
2025-02-20,2025-02-20,0,600.1062622070312,0,0.0,1094.4104907266553,,,1094.4104907266553,1084.4104907266553,0.0,108.44104907266554,-0.10986885248981637,872,347,89,0.7958715596330275,0.528936170212766,0.0,117.22128333961652
2025-02-21,2025-02-21,1,589.842041015625,1,1.8545025326843483,-2.2737367544323206e-13,2025-02-21,589.842041015625,1093.8635589471817,1084.4104907266553,-0.546931779473591,108.38635589471816,-0.10986885248981637,873,347,89,0.7958715596330275,0.529136537643556,0.546931779473591,117.76821511909012
2025-02-24,2025-02-24,0,587.157958984375,0,0.0,1088.3414790612849,,,1088.3414790612849,1078.3414790612849,0.0,107.83414790612849,-0.10986885248981637,874,347,90,0.7940503432494279,0.5289115646258503,0.5444429610111481,118.31265808010126
2025-02-25,2025-02-25,1,584.2379150390625,1,1.8619085688720125,0.0,2025-02-25,584.2379150390625,1087.7975802711494,1078.3414790612849,-0.5438987901355747,107.77975802711494,-0.10986885248981637,875,347,90,0.7940503432494279,0.5291117722056948,0.5438987901355747,118.85655687023683
2025-02-26,2025-02-26,0,584.5328979492188,0,0.0,1087.8026380735002,,,1087.8026380735002,1077.8026380735002,0.0,107.78026380735002,-0.10986885248981637,876,347,91,0.7922374429223744,0.5288870008496177,0.54417340573962,119.40073027597644
2025-02-27,2025-02-27,0,575.2026977539062,0,0.0,1087.8026380735002,,,1087.8026380735002,1077.8026380735002,0.0,107.78026380735002,-0.10986885248981637,876,347,91,0.7922374429223744,0.5286624203821656,0.0,119.40073027597644
2025-02-28,2025-02-28,0,584.178955078125,0,0.0,1087.8026380735002,,,1087.8026380735002,1077.8026380735002,0.0,107.78026380735002,-0.10986885248981637,876,347,91,0.7922374429223744,0.5284380305602716,0.0,119.40073027597644
2025-03-03,2025-03-03,0,573.9441528320312,0,0.0,1087.8026380735002,,,1087.8026380735002,1077.8026380735002,0.0,107.78026380735002,-0.10986885248981637,876,347,91,0.7922374429223744,0.5282138311412813,0.0,119.40073027597644
2025-03-04,2025-03-04,0,567.1504516601562,0,0.0,1087.8026380735002,,,1087.8026380735002,1077.8026380735002,0.0,107.78026380735002,-0.10986885248981637,876,347,91,0.7922374429223744,0.5279898218829516,0.0,119.40073027597644
2025-03-05,2025-03-05,0,573.2461547851562,0,0.0,1087.8026380735002,,,1087.8026380735002,1077.8026380735002,0.0,107.78026380735002,-0.10986885248981637,876,347,91,0.7922374429223744,0.5277660025434506,0.0,119.40073027597644
2025-03-06,2025-03-06,0,563.0702514648438,0,0.0,1087.8026380735002,,,1087.8026380735002,1077.8026380735002,0.0,107.78026380735002,-0.10986885248981637,876,347,91,0.7922374429223744,0.527542372881356,0.0,119.40073027597644
2025-03-07,2025-03-07,0,566.2262573242188,0,0.0,1087.8026380735002,,,1087.8026380735002,1077.8026380735002,0.0,107.78026380735002,-0.10986885248981637,876,347,91,0.7922374429223744,0.5273189326556544,0.0,119.40073027597644
2025-03-10,2025-03-10,0,551.1444702148438,0,0.0,1087.8026380735002,,,1087.8026380735002,1077.8026380735002,0.0,107.78026380735002,-0.10986885248981637,876,347,91,0.7922374429223744,0.5270956816257409,0.0,119.40073027597644
2025-03-11,2025-03-11,0,546.5628662109375,0,0.0,1087.8026380735002,,,1087.8026380735002,1077.8026380735002,0.0,107.78026380735002,-0.10986885248981637,876,347,91,0.7922374429223744,0.5268726195514177,0.0,119.40073027597644
2025-03-12,2025-03-12,0,549.4632568359375,0,0.0,1087.8026380735002,,,1087.8026380735002,1077.8026380735002,0.0,107.78026380735002,-0.10986885248981637,876,347,91,0.7922374429223744,0.5266497461928934,0.0,119.40073027597644
2025-03-13,2025-03-13,0,542.138671875,0,0.0,1087.8026380735002,,,1087.8026380735002,1077.8026380735002,0.0,107.78026380735002,-0.10986885248981637,876,347,91,0.7922374429223744,0.5264270613107822,0.0,119.40073027597644
2025-03-14,2025-03-14,1,553.3368530273438,1,1.964913420497383,0.0,2025-03-14,553.3368530273438,1087.2590085692157,1077.8026380735002,-0.5436295042846079,107.72590085692157,-0.10986885248981637,877,347,91,0.7922374429223744,0.5266272189349113,0.5436295042846079,119.94435978026105
2025-03-17,2025-03-17,1,557.6039428710938,1,1.964913420497383,0.0,2025-03-14,553.3368530273438,1095.6434706696682,1077.8026380735002,7.84083259616793,108.56434706696682,-0.10986885248981637,877,347,91,0.7922374429223744,0.5268272074355724,0.0,119.94435978026105
2025-03-18,2025-03-18,1,551.5770874023438,1,1.964913420497383,0.0,2025-03-14,553.3368530273438,1083.8012214757232,1077.8026380735002,-4.001416597777078,107.38012214757232,-0.10986885248981637,877,347,91,0.7922374429223744,0.527027027027027,0.0,119.94435978026105
2025-03-19,2025-03-19,1,557.584228515625,1,1.964913420497383,0.0,2025-03-14,553.3368530273438,1095.6047336680313,1077.8026380735002,7.802095594530984,108.56047336680312,-0.10986885248981637,877,347,91,0.7922374429223744,0.5272266779231743,0.0,119.94435978026105
2025-03-20,2025-03-20,1,555.9718627929688,1,1.964913420497383,0.0,2025-03-14,553.3368530273438,1092.4365746208339,1077.8026380735002,4.633936547333606,108.24365746208339,-0.10986885248981637,877,347,91,0.7922374429223744,0.5274261603375527,0.0,119.94435978026105
2025-03-21,2025-03-21,1,556.1552734375,1,1.964913420497383,0.0,2025-03-14,553.3368530273438,1092.7969606577356,1077.8026380735002,4.994322584235279,108.27969606577355,-0.10986885248981637,877,347,91,0.7922374429223744,0.5276254744833404,0.0,119.94435978026105
2025-03-24,2025-03-24,1,566.1151733398438,1,1.964913420497383,0.0,2025-03-14,553.3368530273438,1112.3673016426612,1077.8026380735002,24.56466356916096,110.23673016426612,-0.10986885248981637,877,347,91,0.7922374429223744,0.5278246205733558,0.0,119.94435978026105
2025-03-25,2025-03-25,0,567.47607421875,0,0.0,1114.4838333665691,,,1114.4838333665691,1104.4838333665691,0.0,110.44838333665692,-0.10986885248981637,878,348,91,0.7927107061503417,0.5276021913190054,0.5575206770217954,120.50188045728285
2025-03-26,2025-03-26,0,560.7013549804688,0,0.0,1114.4838333665691,,,1114.4838333665691,1104.4838333665691,0.0,110.44838333665692,-0.10986885248981637,878,348,91,0.7927107061503417,0.527379949452401,0.0,120.50188045728285
2025-03-27,2025-03-27,0,559.2122802734375,0,0.0,1114.4838333665691,,,1114.4838333665691,1104.4838333665691,0.0,110.44838333665692,-0.10986885248981637,878,348,91,0.7927107061503417,0.5271578947368422,0.0,120.50188045728285
2025-03-28,2025-03-28,1,547.9506225585938,1,2.0328964400665286,0.0,2025-03-28,547.9506225585938,1113.9268699316033,1104.4838333665691,-0.5569634349658017,110.39268699316032,-0.10986885248981637,879,348,91,0.7927107061503417,0.5273569023569024,0.5569634349658017,121.05884389224866
2025-03-31,2025-03-31,1,551.62890625,1,2.0328964400665286,0.0,2025-03-28,547.9506225585938,1121.4044397534178,1104.4838333665691,6.920606386848739,111.14044397534178,-0.10986885248981637,879,348,91,0.7927107061503417,0.5275557425326042,0.0,121.05884389224866
2025-04-01,2025-04-01,1,553.18701171875,1,2.0328964400665286,0.0,2025-03-28,547.9506225585938,1124.571906814088,1104.4838333665691,10.088073447518845,111.45719068140879,-0.10986885248981637,879,348,91,0.7927107061503417,0.5277544154751892,0.0,121.05884389224866
2025-04-02,2025-04-02,0,556.687744140625,0,0.0,1131.122689025497,,,1131.122689025497,1121.122689025497,0.0,112.1122689025497,-0.10986885248981637,880,349,91,0.7931818181818182,0.5275325767129045,0.5658442666460716,121.62468815889473
2025-04-03,2025-04-03,0,529.2538452148438,0,0.0,1131.122689025497,,,1131.122689025497,1121.122689025497,0.0,112.1122689025497,-0.10986885248981637,880,349,91,0.7931818181818182,0.5273109243697479,0.0,121.62468815889473
2025-04-04,2025-04-04,1,498.2696838378906,1,2.268966880770851,0.0,2025-04-04,498.2696838378906,1130.5574103203369,1121.122689025497,-0.5652787051601684,112.0557410320337,-0.10986885248981637,881,349,91,0.7931818181818182,0.5275094498110038,0.5652787051601684,122.1899668640549
2025-04-07,2025-04-07,0,497.3821716308594,0,0.0,1127.979402679045,,,1127.979402679045,1117.979402679045,0.0,111.79794026790451,-0.10986885248981637,882,349,92,0.7913832199546486,0.5272879932829555,0.5642718372581516,122.75423870131304
2025-04-08,2025-04-08,1,489.591796875,1,2.302766717146356,-2.2737367544323206e-13,2025-04-08,489.591796875,1127.4156948316293,1117.979402679045,-0.5637078474158147,111.74156948316292,-0.10986885248981637,883,349,92,0.7913832199546486,0.5274863617289132,0.5637078474158147,123.31794654872886
2025-04-09,2025-04-09,0,541.0084838867188,0,0.0,1245.1934222229524,,,1245.1934222229524,1235.1934222229524,0.0,123.51934222229525,-0.10986885248981637,884,350,92,0.7918552036199095,0.527265100671141,0.6229081651940734,123.94085471392293
2025-04-10,2025-04-10,0,517.3019409179688,0,0.0,1245.1934222229524,,,1245.1934222229524,1235.1934222229524,0.0,123.51934222229525,-0.10986885248981637,884,350,92,0.7918552036199095,0.5270440251572327,0.0,123.94085471392293
2025-04-11,2025-04-11,0,526.5320434570312,0,0.0,1245.1934222229524,,,1245.1934222229524,1235.1934222229524,0.0,123.51934222229525,-0.10986885248981637,884,350,92,0.7918552036199095,0.5268231349538978,0.0,123.94085471392293
2025-04-14,2025-04-14,0,531.6401977539062,0,0.0,1245.1934222229524,,,1245.1934222229524,1235.1934222229524,0.0,123.51934222229525,-0.10986885248981637,884,350,92,0.7918552036199095,0.5266024298282362,0.0,123.94085471392293
2025-04-15,2025-04-15,0,530.151123046875,0,0.0,1245.1934222229524,,,1245.1934222229524,1235.1934222229524,0.0,123.51934222229525,-0.10986885248981637,884,350,92,0.7918552036199095,0.5263819095477387,0.0,123.94085471392293
2025-04-16,2025-04-16,1,518.366943359375,1,2.400946188020684,0.0,2025-04-16,518.366943359375,1244.5711366546252,1235.1934222229524,-0.6222855683273126,123.45711366546251,-0.10986885248981637,885,350,92,0.7918552036199095,0.5265801590623692,0.6222855683273126,124.56314028225025
2025-04-17,2025-04-17,1,519.1065063476562,1,2.400946188020684,0.0,2025-04-16,518.366943359375,1246.3467875921403,1235.1934222229524,1.1533653691878256,123.63467875921404,-0.10986885248981637,885,350,92,0.7918552036199095,0.5267782426778242,0.0,124.56314028225025
2025-04-21,2025-04-21,1,506.7503356933594,1,2.400946188020684,0.0,2025-04-16,518.366943359375,1216.6802867611732,1235.1934222229524,-28.513135461779328,120.66802867611732,-0.10986885248981637,885,350,92,0.7918552036199095,0.5269761606022585,0.0,124.56314028225025
2025-04-22,2025-04-22,1,519.9348754882812,1,2.400946188020684,0.0,2025-04-16,518.366943359375,1248.3356573225979,1235.1934222229524,3.1422350996453345,123.83356573225979,-0.10986885248981637,885,350,92,0.7918552036199095,0.5271739130434783,0.0,124.56314028225025
2025-04-23,2025-04-23,1,527.991455078125,1,2.400946188020684,0.0,2025-04-16,518.366943359375,1267.6790713773185,1235.1934222229524,22.48564915436593,125.76790713773184,-0.10986885248981637,885,350,92,0.7918552036199095,0.5273715002089427,0.0,124.56314028225025
2025-04-24,2025-04-24,0,539.105224609375,0,0.0,1293.7154526509296,,,1293.7154526509296,1283.7154526509296,0.0,128.37154526509295,-0.10986885248981637,886,351,92,0.7923250564334086,0.5271512113617377,0.6471813169839568,125.2103215992342
2025-04-25,2025-04-25,0,543.0003662109375,0,0.0,1293.7154526509296,,,1293.7154526509296,1283.7154526509296,0.0,128.37154526509295,-0.10986885248981637,886,351,92,0.7923250564334086,0.5269311064718163,0.0,125.2103215992342
2025-04-28,2025-04-28,0,543.2073974609375,0,0.0,1293.7154526509296,,,1293.7154526509296,1283.7154526509296,0.0,128.37154526509295,-0.10986885248981637,886,351,92,0.7923250564334086,0.5267111853088481,0.0,125.2103215992342
2025-04-29,2025-04-29,0,546.6293334960938,0,0.0,1293.7154526509296,,,1293.7154526509296,1283.7154526509296,0.0,128.37154526509295,-0.10986885248981637,886,351,92,0.7923250564334086,0.5264914476428869,0.0,125.2103215992342
2025-04-30,2025-04-30,1,546.84619140625,1,2.364593442383907,2.2737367544323206e-13,2025-04-30,546.84619140625,1293.0689181918337,1283.7154526509296,-0.6465344590959168,128.30689181918336,-0.10986885248981637,887,351,92,0.7923250564334086,0.5266889074228523,0.6465344590959168,125.85685605833012
2025-05-01,2025-05-01,0,550.7216796875,0,0.0,1301.5817559315294,,,1301.5817559315294,1291.5817559315294,0.0,129.15817559315295,-0.10986885248981637,888,352,92,0.7927927927927928,0.5264693622342643,0.6511164361838565,126.50797249451398
2025-05-02,2025-05-02,0,558.8966674804688,0,0.0,1301.5817559315294,,,1301.5817559315294,1291.5817559315294,0.0,129.15817559315295,-0.10986885248981637,888,352,92,0.7927927927927928,0.52625,0.0,126.50797249451398
2025-05-05,2025-05-05,0,555.6918334960938,0,0.0,1301.5817559315294,,,1301.5817559315294,1291.5817559315294,0.0,129.15817559315295,-0.10986885248981637,888,352,92,0.7927927927927928,0.5260308204914619,0.0,126.50797249451398
2025-05-06,2025-05-06,0,551.0470581054688,0,0.0,1301.5817559315294,,,1301.5817559315294,1291.5817559315294,0.0,129.15817559315295,-0.10986885248981637,888,352,92,0.7927927927927928,0.525811823480433,0.0,126.50797249451398
2025-05-07,2025-05-07,0,553.3645629882812,0,0.0,1301.5817559315294,,,1301.5817559315294,1291.5817559315294,0.0,129.15817559315295,-0.10986885248981637,888,352,92,0.7927927927927928,0.5255930087390761,0.0,126.50797249451398
2025-05-08,2025-05-08,1,557.2203369140625,1,2.3346802047661495,0.0,2025-05-08,557.2203369140625,1300.9312902863862,1291.5817559315294,-0.6504656451431932,129.09312902863863,-0.10986885248981637,889,352,92,0.7927927927927928,0.5257903494176372,0.6504656451431932,127.15843813965718
2025-05-09,2025-05-09,1,556.51025390625,1,2.3346802047661495,0.0,2025-05-08,557.2203369140625,1299.2734735443055,1291.5817559315294,-2.3082823872239335,128.92734735443054,-0.10986885248981637,889,352,92,0.7927927927927928,0.525987525987526,0.0,127.15843813965718
2025-05-12,2025-05-12,1,574.9014892578125,1,2.3346802047661495,0.0,2025-05-08,557.2203369140625,1342.211126660794,1291.5817559315294,40.62937072926456,133.2211126660794,-0.10986885248981637,889,352,92,0.7927927927927928,0.5261845386533666,0.0,127.15843813965718
2025-05-13,2025-05-13,1,578.6981811523438,1,2.3346802047661495,0.0,2025-05-08,557.2203369140625,1351.0751880705523,1291.5817559315294,49.493432139022836,134.10751880705521,-0.10986885248981637,889,352,92,0.7927927927927928,0.5263813876194433,0.0,127.15843813965718
2025-05-14,2025-05-14,0,579.4376831054688,0,0.0,1352.125287797578,,,1352.125287797578,1342.125287797578,0.0,134.2125287797578,-0.10986885248981637,890,353,92,0.7932584269662921,0.5261627906976745,0.6764008443209496,127.83483898397813
2025-05-15,2025-05-15,0,582.2678833007812,0,0.0,1352.125287797578,,,1352.125287797578,1342.125287797578,0.0,134.2125287797578,-0.10986885248981637,890,353,92,0.7932584269662921,0.5259443752594437,0.0,127.83483898397813
2025-05-16,2025-05-16,0,585.9559936523438,0,0.0,1352.125287797578,,,1352.125287797578,1342.125287797578,0.0,134.2125287797578,-0.10986885248981637,890,353,92,0.7932584269662921,0.5257261410788382,0.0,127.83483898397813
2025-05-19,2025-05-19,0,586.596923828125,0,0.0,1352.125287797578,,,1352.125287797578,1342.125287797578,0.0,134.2125287797578,-0.10986885248981637,890,353,92,0.7932584269662921,0.5255080879303193,0.0,127.83483898397813
2025-05-20,2025-05-20,0,584.6246948242188,0,0.0,1352.125287797578,,,1352.125287797578,1342.125287797578,0.0,134.2125287797578,-0.10986885248981637,890,353,92,0.7932584269662921,0.525290215588723,0.0,127.83483898397813
2025-05-21,2025-05-21,1,574.7732543945312,1,2.351274268041044,-2.2737367544323206e-13,2025-05-21,574.7732543945312,1351.44956301607,1342.125287797578,-0.6757247815080352,134.144956301607,-0.10986885248981637,891,353,92,0.7932584269662921,0.5254869457107335,0.6757247815080352,128.51056376548615
2025-05-22,2025-05-22,1,575.0001831054688,1,2.351274268041044,-2.2737367544323206e-13,2025-05-21,574.7732543945312,1351.9831346547771,1342.125287797578,-0.14215314280089086,134.19831346547772,-0.10986885248981637,891,353,92,0.7932584269662921,0.5256835128417564,0.0,128.51056376548615
2025-05-23,2025-05-23,1,571.0753173828125,1,2.351274268041044,-2.2737367544323206e-13,2025-05-21,574.7732543945312,1342.7546988755792,1342.125287797578,-9.370588921998872,133.2754698875579,-0.10986885248981637,891,353,92,0.7932584269662921,0.525879917184265,0.0,128.51056376548615
2025-05-27,2025-05-27,0,582.9483642578125,0,0.0,1369.9861527317737,,,1369.9861527317737,1359.9861527317737,0.0,135.99861527317736,-0.10986885248981637,892,354,92,0.7937219730941704,0.5256622516556292,0.685335744238006,129.19589950972417
2025-05-28,2025-05-28,1,579.5757446289062,1,2.3625928356569283,0.0,2025-05-28,579.5757446289062,1369.3015019807833,1359.9861527317737,-0.6846507509903916,135.93015019807834,-0.10986885248981637,893,354,92,0.7937219730941704,0.5258585022755482,0.6846507509903916,129.88055026071456
2025-05-29,2025-05-29,1,581.8635864257812,1,2.3625928356569283,0.0,2025-05-28,579.5757446289062,1374.7067406191968,1359.9861527317737,4.720587887423102,136.47067406191968,-0.10986885248981637,893,354,92,0.7937219730941704,0.5260545905707196,0.0,129.88055026071456
2025-05-30,2025-05-30,1,581.2127685546875,1,2.3625928356569283,0.0,2025-05-28,579.5757446289062,1373.1691229796331,1359.9861527317737,3.182970247859424,136.3169122979633,-0.10986885248981637,893,354,92,0.7937219730941704,0.5262505167424556,0.0,129.88055026071456
2025-06-02,2025-06-02,1,584.4866943359375,1,2.3625928356569283,0.0,2025-05-28,579.5757446289062,1380.9040765748869,1359.9861527317737,10.917923843113153,137.0904076574887,-0.10986885248981637,893,354,92,0.7937219730941704,0.5264462809917355,0.0,129.88055026071456
2025-06-03,2025-06-03,1,587.8197631835938,1,2.3625928356569283,0.0,2025-05-28,579.5757446289062,1388.778761155111,1359.9861527317737,18.792608423337235,137.8778761155111,-0.10986885248981637,893,354,92,0.7937219730941704,0.5266418835192069,0.0,129.88055026071456
2025-06-04,2025-06-04,1,587.6619873046875,1,2.3625928356569283,0.0,2025-05-28,579.5757446289062,1388.4060009939674,1359.9861527317737,18.419848262193675,137.84060009939674,-0.10986885248981637,893,354,92,0.7937219730941704,0.5268373245251858,0.0,129.88055026071456
2025-06-05,2025-06-05,1,584.8218994140625,1,2.3625928356569283,0.0,2025-05-28,579.5757446289062,1381.6960296909408,1359.9861527317737,11.709876959167099,137.1696029690941,-0.10986885248981637,893,354,92,0.7937219730941704,0.5270326042096575,0.0,129.88055026071456
2025-06-06,2025-06-06,1,590.8274536132812,1,2.3625928356569283,0.0,2025-05-28,579.5757446289062,1395.8847090161644,1359.9861527317737,25.898556284390672,138.58847090161643,-0.10986885248981637,893,354,92,0.7937219730941704,0.5272277227722773,0.0,129.88055026071456
2025-06-09,2025-06-09,1,591.3599243164062,1,2.3625928356569283,0.0,2025-05-28,579.5757446289062,1397.1427204845647,1359.9861527317737,27.156567752791027,138.71427204845648,-0.10986885248981637,893,354,92,0.7937219730941704,0.5274226804123712,0.0,129.88055026071456
2025-06-10,2025-06-10,1,594.7127685546875,1,2.3625928356569283,0.0,2025-05-28,579.5757446289062,1405.0641262610018,1359.9861527317737,35.07797352922807,139.50641262610017,-0.10986885248981637,893,354,92,0.7937219730941704,0.5276174773289365,0.0,129.88055026071456
2025-06-11,2025-06-11,0,593.0166625976562,0,0.0,1400.3563900191655,,,1400.3563900191655,1390.3563900191655,0.0,139.03563900191654,-0.10986885248981637,894,355,92,0.7941834451901566,0.5274000824062629,0.7005284592392024,130.58107871995375
2025-06-12,2025-06-12,1,595.3734741210938,1,2.3508883458479684,2.2737367544323206e-13,2025-06-12,595.3734741210938,1399.6565617382964,1390.3563900191655,-0.6998282808691482,138.96565617382964,-0.10986885248981637,895,355,92,0.7941834451901566,0.5275947281713345,0.6998282808691482,131.2809070008229
2025-06-13,2025-06-13,0,588.7171630859375,0,0.0,1383.316313540559,,,1383.316313540559,1373.316313540559,0.0,137.3316313540559,-0.10986885248981637,896,355,93,0.7924107142857143,0.5273775216138329,0.6920041588497041,131.9729111596726
2025-06-16,2025-06-16,0,594.318359375,0,0.0,1383.316313540559,,,1383.316313540559,1373.316313540559,0.0,137.3316313540559,-0.10986885248981637,896,355,93,0.7924107142857143,0.5271604938271605,0.0,131.9729111596726
2025-06-17,2025-06-17,1,589.2398681640625,1,2.346455282036472,-2.2737367544323206e-13,2025-06-17,589.2398681640625,1382.6250010400388,1373.316313540559,-0.6913125005200196,137.2625001040039,-0.10986885248981637,897,355,93,0.7924107142857143,0.5273549979432333,0.6913125005200196,132.66422366019262
2025-06-18,2025-06-18,1,589.1509399414062,1,2.346455282036472,-2.2737367544323206e-13,2025-06-17,589.2398681640625,1382.416334942265,1373.316313540559,-0.899978598293877,137.2416334942265,-0.10986885248981637,897,355,93,0.7924107142857143,0.5275493421052632,0.0,132.66422366019262
2025-06-20,2025-06-20,1,587.7673950195312,1,2.346455282036472,-2.2737367544323206e-13,2025-06-17,589.2398681640625,1379.1699086523965,1373.316313540559,-4.146404888162273,136.91699086523965,-0.10986885248981637,897,355,93,0.7924107142857143,0.5277435265104808,0.0,132.66422366019262
2025-06-23,2025-06-23,1,593.5730590820312,1,2.346455282036472,-2.2737367544323206e-13,2025-06-17,589.2398681640625,1392.7926397575789,1373.316313540559,9.476326217020038,138.27926397575789,-0.10986885248981637,897,355,93,0.7924107142857143,0.5279375513557929,0.0,132.66422366019262
2025-06-24,2025-06-24,1,600.13037109375,1,2.346455282036472,-2.2737367544323206e-13,2025-06-17,589.2398681640625,1408.1790791634376,1373.316313540559,24.862765622878747,139.81790791634376,-0.10986885248981637,897,355,93,0.7924107142857143,0.5281314168377823,0.0,132.66422366019262
2025-06-25,2025-06-25,0,600.4666137695312,0,0.0,1408.2635735372876,,,1408.2635735372876,1398.2635735372876,0.0,139.82635735372875,-0.10986885248981637,898,356,93,0.7928730512249443,0.5279146141215106,0.7044840287830355,133.36870768897566
2025-06-26,2025-06-26,1,605.1646118164062,1,2.3259122661116387,-2.2737367544323206e-13,2025-06-26,605.1646118164062,1407.5597936404674,1398.2635735372876,-0.7037798968202339,139.75597936404674,-0.10986885248981637,899,356,93,0.7928730512249443,0.5281083299138285,0.7037798968202339,134.0724875857959
2025-06-27,2025-06-27,1,608.1712036132812,1,2.3259122661116387,-2.2737367544323206e-13,2025-06-26,605.1646118164062,1414.5528623800096,1398.2635735372876,6.2892888427219615,140.45528623800095,-0.10986885248981637,899,356,93,0.7928730512249443,0.5283018867924528,0.0,134.0724875857959
2025-06-30,2025-06-30,1,611.0790405273438,1,2.3259122661116387,-2.2737367544323206e-13,2025-06-26,605.1646118164062,1421.31623592628,1398.2635735372876,13.052662388992221,141.131623592628,-0.10986885248981637,899,356,93,0.7928730512249443,0.5284952849528495,0.0,134.0724875857959
2025-07-01,2025-07-01,0,610.88134765625,0,0.0,1420.145991442654,,,1420.145991442654,1410.145991442654,0.0,141.0145991442654,-0.10986885248981637,900,357,93,0.7933333333333333,0.5282786885245901,0.7104282098262402,134.78291579562213
2025-07-02,2025-07-02,1,613.6505737304688,1,2.3131018434107324,0.0,2025-07-02,613.6505737304688,1419.4362733060009,1410.145991442654,-0.7097181366530004,140.9436273306001,-0.10986885248981637,901,357,93,0.7933333333333333,0.5284719377304383,0.7097181366530004,135.49263393227514
2025-07-03,2025-07-03,1,618.4869995117188,1,2.3131018434107324,0.0,2025-07-02,613.6505737304688,1430.6234186961294,1410.145991442654,10.477427253475534,142.06234186961294,-0.10986885248981637,901,357,93,0.7933333333333333,0.5286650286650286,0.0,135.49263393227514
2025-07-07,2025-07-07,1,613.8780517578125,1,2.3131018434107324,0.0,2025-07-02,613.6505737304688,1419.962453150385,1410.145991442654,-0.18353829226884055,140.9962453150385,-0.10986885248981637,901,357,93,0.7933333333333333,0.528857961522718,0.0,135.49263393227514
2025-07-08,2025-07-08,1,613.541748046875,1,2.3131018434107324,0.0,2025-07-02,613.6505737304688,1419.1845484166697,1410.145991442654,-0.9614430259841721,140.91845484166697,-0.10986885248981637,901,357,93,0.7933333333333333,0.529050736497545,0.0,135.49263393227514
2025-07-09,2025-07-09,1,617.2210083007812,1,2.3131018434107324,0.0,2025-07-02,613.6505737304688,1427.695052092368,1410.145991442654,7.549060649714201,141.7695052092368,-0.10986885248981637,901,357,93,0.7933333333333333,0.5292433537832311,0.0,135.49263393227514
2025-07-10,2025-07-10,1,618.9617919921875,1,2.3131018434107324,0.0,2025-07-02,613.6505737304688,1431.7216620579393,1410.145991442654,11.575670615285398,142.17216620579393,-0.10986885248981637,901,357,93,0.7933333333333333,0.5294358135731807,0.0,135.49263393227514
2025-07-11,2025-07-11,1,616.7858276367188,1,2.3131018434107324,0.0,2025-07-02,613.6505737304688,1426.6884348961084,1410.145991442654,6.5424434534545615,141.66884348961085,-0.10986885248981637,901,357,93,0.7933333333333333,0.5296281160604822,0.0,135.49263393227514
2025-07-14,2025-07-14,1,617.9627685546875,1,2.3131018434107324,0.0,2025-07-02,613.6505737304688,1429.4108191030475,1410.145991442654,9.26482766039363,141.94108191030475,-0.10986885248981637,901,357,93,0.7933333333333333,0.5298202614379085,0.0,135.49263393227514
2025-07-15,2025-07-15,1,615.3220825195312,1,2.3131018434107324,0.0,2025-07-02,613.6505737304688,1423.3026433672585,1410.145991442654,3.1566519246046116,141.33026433672586,-0.10986885248981637,901,357,93,0.7933333333333333,0.5300122498979175,0.0,135.49263393227514
2025-07-16,2025-07-16,1,617.3792114257812,1,2.3131018434107324,0.0,2025-07-02,613.6505737304688,1428.060992032439,1410.145991442654,7.915000589785004,141.8060992032439,-0.10986885248981637,901,357,93,0.7933333333333333,0.5302040816326531,0.0,135.49263393227514
2025-07-17,2025-07-17,1,621.1573486328125,1,2.3131018434107324,0.0,2025-07-02,613.6505737304688,1436.8002081706816,1410.145991442654,16.654216728027688,142.68002081706817,-0.10986885248981637,901,357,93,0.7933333333333333,0.5303957568339454,0.0,135.49263393227514
2025-07-18,2025-07-18,1,620.7025146484375,1,2.3131018434107324,0.0,2025-07-02,613.6505737304688,1435.7481308429778,1410.145991442654,15.602139400323958,142.57481308429777,-0.10986885248981637,901,357,93,0.7933333333333333,0.5305872756933115,0.0,135.49263393227514
2025-07-21,2025-07-21,1,621.87939453125,1,2.3131018434107324,0.0,2025-07-02,613.6505737304688,1438.4703738693845,1410.145991442654,18.32438242673062,142.84703738693844,-0.10986885248981637,901,357,93,0.7933333333333333,0.5307786384019568,0.0,135.49263393227514
2025-07-22,2025-07-22,1,621.9683837890625,1,2.3131018434107324,0.0,2025-07-02,613.6505737304688,1438.6762150856744,1410.145991442654,18.530223643020474,142.86762150856742,-0.10986885248981637,901,357,93,0.7933333333333333,0.5309698451507743,0.0,135.49263393227514
2025-07-23,2025-07-23,1,627.2597045898438,1,2.3131018434107324,0.0,2025-07-02,613.6505737304688,1450.915578984039,1410.145991442654,30.769587541385146,144.0915578984039,-0.10986885248981637,901,357,93,0.7933333333333333,0.5311608961303462,0.0,135.49263393227514
2025-07-24,2025-07-24,1,627.4674682617188,1,2.3131018434107324,0.0,2025-07-02,613.6505737304688,1451.396157516447,1410.145991442654,31.250166073793036,144.1396157516447,-0.10986885248981637,901,357,93,0.7933333333333333,0.5313517915309446,0.0,135.49263393227514
2025-07-25,2025-07-25,1,630.1181030273438,1,2.3131018434107324,0.0,2025-07-02,613.6505737304688,1457.5273456790226,1410.145991442654,37.381354236368686,144.75273456790225,-0.10986885248981637,901,357,93,0.7933333333333333,0.5315425315425315,0.0,135.49263393227514
2025-07-28,2025-07-28,1,629.9598388671875,1,2.3131018434107324,0.0,2025-07-02,613.6505737304688,1457.1612645584194,1410.145991442654,37.015273115765474,144.71612645584193,-0.10986885248981637,901,357,93,0.7933333333333333,0.53173311635476,0.0,135.49263393227514
2025-07-29,2025-07-29,1,628.2982788085938,1,2.3131018434107324,0.0,2025-07-02,613.6505737304688,1453.3179069239486,1410.145991442654,33.171915481294725,144.33179069239486,-0.10986885248981637,901,357,93,0.7933333333333333,0.5319235461569743,0.0,135.49263393227514
2025-07-30,2025-07-30,1,627.5070190429688,1,2.3131018434107324,0.0,2025-07-02,613.6505737304688,1451.4876425014645,1410.145991442654,31.341651058810623,144.14876425014646,-0.10986885248981637,901,357,93,0.7933333333333333,0.5321138211382114,0.0,135.49263393227514
2025-07-31,2025-07-31,1,625.1531982421875,1,2.3131018434107324,0.0,2025-07-02,613.6505737304688,1446.043015268119,1410.145991442654,25.897023825465123,143.6043015268119,-0.10986885248981637,901,357,93,0.7933333333333333,0.5323039414872003,0.0,135.49263393227514
2025-08-01,2025-08-01,1,614.9066162109375,1,2.3131018434107324,0.0,2025-07-02,613.6505737304688,1422.3416274829754,1410.145991442654,2.195636040321469,141.23416274829754,-0.10986885248981637,901,357,93,0.7933333333333333,0.5324939073923639,0.0,135.49263393227514
2025-08-04,2025-08-04,1,624.2530517578125,1,2.3131018434107324,0.0,2025-07-02,613.6505737304688,1443.9608847757715,1410.145991442654,23.814893333117663,143.39608847757717,-0.10986885248981637,901,357,93,0.7933333333333333,0.5326837190418189,0.0,135.49263393227514
2025-08-05,2025-08-05,1,621.0880737304688,1,2.3131018434107324,0.0,2025-07-02,613.6505737304688,1436.6399682663682,1410.145991442654,16.49397682371433,142.66399682663683,-0.10986885248981637,901,357,93,0.7933333333333333,0.5328733766233766,0.0,135.49263393227514
2025-08-06,2025-08-06,1,625.8455200195312,1,2.3131018434107324,0.0,2025-07-02,613.6505737304688,1447.6444260475262,1410.145991442654,27.498434604872283,143.76444260475262,-0.10986885248981637,901,357,93,0.7933333333333333,0.5330628803245436,0.0,135.49263393227514
2025-08-07,2025-08-07,1,625.3212890625,1,2.3131018434107324,0.0,2025-07-02,613.6505737304688,1446.4318264544443,1410.145991442654,26.28583501179038,143.64318264544443,-0.10986885248981637,901,357,93,0.7933333333333333,0.5332522303325223,0.0,135.49263393227514
2025-08-08,2025-08-08,0,630.1972045898438,0,0.0,1456.9814604912335,,,1456.9814604912335,1446.9814604912335,0.0,144.69814604912335,-0.10986885248981637,902,358,93,0.7937915742793792,0.5330360762059181,0.728855157824529,136.22148909009968
2025-08-11,2025-08-11,1,628.9509887695312,1,2.315368541948412,-2.2737367544323206e-13,2025-08-11,628.9509887695312,1456.2533338243213,1446.9814604912335,-0.7281266669121608,144.62533338243213,-0.10986885248981637,903,358,93,0.7937915742793792,0.5332252836304701,0.7281266669121608,136.94961575701186
2025-08-12,2025-08-12,1,635.6467895507812,1,2.315368541948412,-2.2737367544323206e-13,2025-08-11,628.9509887695312,1471.7565803163811,1446.9814604912335,14.775119825147655,146.1756580316381,-0.10986885248981637,903,358,93,0.7937915742793792,0.5334143377885784,0.0,136.94961575701186
2025-08-13,2025-08-13,1,637.8228149414062,1,2.315368541948412,-2.2737367544323206e-13,2025-08-11,628.9509887695312,1476.7948810523153,1446.9814604912335,19.813420561081827,146.67948810523154,-0.10986885248981637,903,358,93,0.7937915742793792,0.5336032388663967,0.0,136.94961575701186
2025-08-14,2025-08-14,1,637.882080078125,1,2.315368541948412,-2.2737367544323206e-13,2025-08-11,628.9509887695312,1476.932101685508,1446.9814604912335,19.95064119427461,146.69321016855082,-0.10986885248981637,903,358,93,0.7937915742793792,0.5337919870497774,0.0,136.94961575701186
2025-08-15,2025-08-15,1,636.3886108398438,1,2.315368541948412,-2.2737367544323206e-13,2025-08-11,628.9509887695312,1473.474169992824,1446.9814604912335,16.492709501590568,146.34741699928242,-0.10986885248981637,903,358,93,0.7937915742793792,0.5339805825242718,0.0,136.94961575701186
2025-08-18,2025-08-18,1,636.2501831054688,1,2.315368541948412,-2.2737367544323206e-13,2025-08-11,628.9509887695312,1473.153658771319,1446.9814604912335,16.17219828008551,146.3153658771319,-0.10986885248981637,903,358,93,0.7937915742793792,0.5341690254751315,0.0,136.94961575701186
2025-08-19,2025-08-19,1,632.7984008789062,1,2.315368541948412,-2.2737367544323206e-13,2025-08-11,628.9509887695312,1465.1615107902796,1446.9814604912335,8.180050299046158,145.51615107902796,-0.10986885248981637,903,358,93,0.7937915742793792,0.534357316087308,0.0,136.94961575701186
2025-08-20,2025-08-20,0,631.1170043945312,0,0.0,1460.5378240346831,,,1460.5378240346831,1450.5378240346831,0.0,145.05378240346832,-0.10986885248981637,904,359,93,0.7942477876106194,0.5341414141414141,0.7306342291319077,137.68024998614376
2025-08-21,2025-08-21,1,628.5850830078125,1,2.3223712422340483,0.0,2025-08-21,628.5850830078125,1459.8079200746458,1450.5378240346831,-0.7299039600373229,144.98079200746457,-0.10986885248981637,905,359,93,0.7942477876106194,0.534329563812601,0.7299039600373229,138.41015394618108
2025-08-22,2025-08-22,1,638.2381591796875,1,2.3223712422340483,0.0,2025-08-21,628.5850830078125,1482.2259465753032,1450.5378240346831,21.68812254062001,147.22259465753032,-0.10986885248981637,905,359,93,0.7942477876106194,0.534517561566411,0.0,138.41015394618108
2025-08-25,2025-08-25,1,635.4292602539062,1,2.3223712422340483,0.0,2025-08-21,628.5850830078125,1475.7026404877267,1450.5378240346831,15.164816453043581,146.57026404877269,-0.10986885248981637,905,359,93,0.7942477876106194,0.5347054075867635,0.0,138.41015394618108
2025-08-26,2025-08-26,1,638.0897827148438,1,2.3223712422340483,0.0,2025-08-21,628.5850830078125,1481.8813613403256,1450.5378240346831,21.343537305642453,147.18813613403256,-0.10986885248981637,905,359,93,0.7942477876106194,0.5348931020572811,0.0,138.41015394618108
2025-08-27,2025-08-27,1,639.5436401367188,1,2.3223712422340483,0.0,2025-08-21,628.5850830078125,1485.2577580071968,1450.5378240346831,24.71993397251364,147.52577580071969,-0.10986885248981637,905,359,93,0.7942477876106194,0.5350806451612903,0.0,138.41015394618108
2025-08-28,2025-08-28,1,641.8085327148438,1,2.3223712422340483,0.0,2025-08-21,628.5850830078125,1490.5176793973835,1450.5378240346831,29.97985536270036,148.05176793973834,-0.10986885248981637,905,359,93,0.7942477876106194,0.5352680370818218,0.0,138.41015394618108
2025-08-29,2025-08-29,1,637.9810180664062,1,2.3223712422340483,0.0,2025-08-21,628.5850830078125,1481.6287694486227,1450.5378240346831,21.090945413939576,147.16287694486226,-0.10986885248981637,905,359,93,0.7942477876106194,0.5354552780016116,0.0,138.41015394618108
2025-09-02,2025-09-02,0,633.2533569335938,0,0.0,1469.9140604981558,,,1469.9140604981558,1459.9140604981558,0.0,145.99140604981557,-0.10986885248981637,906,360,93,0.7947019867549668,0.5352396294804672,0.7353246925953756,139.14547863877647
2025-09-03,2025-09-03,0,636.6853637695312,0,0.0,1469.9140604981558,,,1469.9140604981558,1459.9140604981558,0.0,145.99140604981557,-0.10986885248981637,906,360,93,0.7947019867549668,0.535024154589372,0.0,139.14547863877647
2025-09-04,2025-09-04,1,642.0064086914062,1,2.288418699366857,-2.2737367544323206e-13,2025-09-04,642.0064086914062,1469.1794707627744,1459.9140604981558,-0.7345897353813873,145.91794707627744,-0.10986885248981637,907,360,93,0.7947019867549668,0.5352112676056338,0.7345897353813873,139.88006837415784
2025-09-05,2025-09-05,1,640.1470336914062,1,2.288418699366857,-2.2737367544323206e-13,2025-09-04,642.0064086914062,1464.9244422436393,1459.9140604981558,-4.989618254516454,145.49244422436394,-0.10986885248981637,907,360,93,0.7947019867549668,0.5353982300884956,0.0,139.88006837415784
2025-09-08,2025-09-08,0,641.7195434570312,0,0.0,1467.7887414947343,,,1467.7887414947343,1457.7887414947343,0.0,145.77887414947344,-0.10986885248981637,908,360,94,0.7929515418502202,0.5351829513470044,0.7342615014981163,140.61432987565595
2025-09-09,2025-09-09,0,643.203125,0,0.0,1467.7887414947343,,,1467.7887414947343,1457.7887414947343,0.0,145.77887414947344,-0.10986885248981637,908,360,94,0.7929515418502202,0.534967845659164,0.0,140.61432987565595
2025-09-10,2025-09-10,1,645.0625610351562,1,2.274283616047336,0.0,2025-09-10,645.0625610351562,1467.0552138877904,1457.7887414947343,-0.7335276069438952,145.70552138877903,-0.10986885248981637,909,360,94,0.7929515418502202,0.5351546805946163,0.7335276069438952,141.34785748259986
2025-09-11,2025-09-11,1,650.423095703125,1,2.274283616047336,0.0,2025-09-10,645.0625610351562,1479.2465900564055,1457.7887414947343,11.457848561671184,146.92465900564054,-0.10986885248981637,909,360,94,0.7929515418502202,0.5353413654618474,0.0,141.34785748259986
2025-09-12,2025-09-12,1,650.20556640625,1,2.274283616047336,0.0,2025-09-10,645.0625610351562,1478.7518667405125,1457.7887414947343,10.963125245778187,146.87518667405124,-0.10986885248981637,909,360,94,0.7929515418502202,0.5355279004415897,0.0,141.34785748259986
2025-09-15,2025-09-15,1,653.6671142578125,1,2.274283616047336,0.0,2025-09-10,645.0625610351562,1486.6244083054848,1457.7887414947343,18.835666810750567,147.6624408305485,-0.10986885248981637,909,360,94,0.7929515418502202,0.5357142857142857,0.0,141.34785748259986
2025-09-16,2025-09-16,1,652.7671508789062,1,2.274283616047336,0.0,2025-09-10,645.0625610351562,1484.5776363377959,1457.7887414947343,16.788894843061584,147.4577636337796,-0.10986885248981637,909,360,94,0.7929515418502202,0.5359005214600883,0.0,141.34785748259986
2025-09-17,2025-09-17,1,651.9561157226562,1,2.274283616047336,0.0,2025-09-10,645.0625610351562,1482.733112369898,1457.7887414947343,14.944370875163699,147.2733112369898,-0.10986885248981637,909,360,94,0.7929515418502202,0.5360866078588613,0.0,141.34785748259986
2025-09-18,2025-09-18,1,655.0023803710938,1,2.274283616047336,0.0,2025-09-10,645.0625610351562,1489.6611821499837,1457.7887414947343,21.872440655249406,147.96611821499837,-0.10986885248981637,909,360,94,0.7929515418502202,0.5362725450901804,0.0,141.34785748259986
2025-09-19,2025-09-19,1,658.2465209960938,1,2.274283616047336,0.0,2025-09-10,645.0625610351562,1497.0392780215748,1457.7887414947343,29.25053652684049,148.70392780215747,-0.10986885248981637,909,360,94,0.7929515418502202,0.5364583333333334,0.0,141.34785748259986
2025-09-22,2025-09-22,1,661.3607177734375,1,2.274283616047336,0.0,2025-09-10,645.0625610351562,1504.121844729435,1457.7887414947343,36.333103234700715,149.4121844729435,-0.10986885248981637,909,360,94,0.7929515418502202,0.5366439727673208,0.0,141.34785748259986
2025-09-23,2025-09-23,1,657.7605590820312,1,2.274283616047336,0.0,2025-09-10,645.0625610351562,1495.9340628023992,1457.7887414947343,28.145321307664958,148.59340628023992,-0.10986885248981637,909,360,94,0.7929515418502202,0.5368294635708567,0.0,141.34785748259986
2025-09-24,2025-09-24,1,655.6677856445312,1,2.274283616047336,0.0,2025-09-10,645.0625610351562,1491.174502461394,1457.7887414947343,23.38576096665973,148.1174502461394,-0.10986885248981637,909,360,94,0.7929515418502202,0.5370148059223689,0.0,141.34785748259986
2025-09-25,2025-09-25,1,652.6429443359375,1,2.274283616047336,0.0,2025-09-10,645.0625610351562,1484.295155432116,1457.7887414947343,16.50641393738168,147.4295155432116,-0.10986885248981637,909,360,94,0.7929515418502202,0.5372,0.0,141.34785748259986
2025-09-26,2025-09-26,0,656.3819580078125,0,0.0,1492.0523335997552,,,1492.0523335997552,1482.0523335997552,0.0,148.20523335997552,-0.10986885248981637,910,361,94,0.7934065934065934,0.536985205917633,0.7463993664831191,142.094256849083
2025-09-29,2025-09-29,1,658.2266845703125,1,2.265642999923566,-2.2737367544323206e-13,2025-09-29,658.2266845703125,1491.3066802596254,1482.0523335997552,-0.7456533401298129,148.13066802596254,-0.10986885248981637,911,361,94,0.7934065934065934,0.5371702637889688,0.7456533401298129,142.83991018921282
2025-09-30,2025-09-30,1,660.7061157226562,1,2.265642999923566,-2.2737367544323206e-13,2025-09-29,658.2266845703125,1496.9241860937254,1482.0523335997552,4.871852493970216,148.69241860937254,-0.10986885248981637,911,361,94,0.7934065934065934,0.5373551737914503,0.0,142.83991018921282
2025-10-01,2025-10-01,1,662.9574584960938,1,2.265642999923566,-2.2737367544323206e-13,2025-09-29,658.2266845703125,1502.0249250887925,1482.0523335997552,9.97259148903732,149.20249250887926,-0.10986885248981637,911,361,94,0.7934065934065934,0.5375399361022364,0.0,142.83991018921282
2025-10-02,2025-10-02,0,663.7210693359375,0,0.0,1503.0031171454289,,,1503.0031171454289,1493.0031171454289,0.0,149.3003117145429,-0.10986885248981637,912,362,94,0.793859649122807,0.5373253493013972,0.7518774973213752,143.5917876865342
2025-10-03,2025-10-03,1,663.7112426757812,1,2.2634119999134845,-2.2737367544323206e-13,2025-10-03,663.7112426757812,1502.251991149854,1493.0031171454289,-0.7511259955749271,149.2251991149854,-0.10986885248981637,913,362,94,0.793859649122807,0.5375099760574621,0.7511259955749271,144.34291368210913
2025-10-06,2025-10-06,1,666.0914916992188,1,2.2634119999134845,-2.2737367544323206e-13,2025-10-03,663.7112426757812,1507.6394753522848,1493.0031171454289,4.636358206855942,149.76394753522848,-0.10986885248981637,913,362,94,0.793859649122807,0.5376944555245313,0.0,144.34291368210913
2025-10-07,2025-10-07,1,663.6219482421875,1,2.2634119999134845,-2.2737367544323206e-13,2025-10-03,663.7112426757812,1502.0498810573322,1493.0031171454289,-0.9532360880966341,149.2049881057332,-0.10986885248981637,913,362,94,0.793859649122807,0.5378787878787878,0.0,144.34291368210913
2025-10-08,2025-10-08,0,667.5791625976562,0,0.0,1510.2511841719722,,,1510.2511841719722,1500.2511841719722,0.0,150.02511841719723,-0.10986885248981637,914,363,94,0.7943107221006565,0.5376644081307294,0.7555033437578652,145.09841702586698
2025-10-09,2025-10-09,1,665.6452026367188,1,2.267719244388238,-2.2737367544323206e-13,2025-10-09,665.6452026367188,1509.4964359539952,1500.2511841719722,-0.7547482179769978,149.94964359539952,-0.10986885248981637,915,363,94,0.7943107221006565,0.5378486055776892,0.7547482179769978,145.853165243844
2025-10-10,2025-10-10,1,647.6542358398438,1,2.267719244388238,-2.2737367544323206e-13,2025-10-09,665.6452026367188,1468.697974323572,1500.2511841719722,-41.55320984840016,145.8697974323572,-0.10986885248981637,915,363,94,0.7943107221006565,0.5380326563122262,0.0,145.853165243844
2025-10-13,2025-10-13,1,657.5919189453125,1,2.267719244388238,-2.2737367544323206e-13,2025-10-09,665.6452026367188,1491.2338495464753,1500.2511841719722,-19.017334625496847,148.12338495464752,-0.10986885248981637,915,363,94,0.7943107221006565,0.5382165605095541,0.0,145.853165243844
2025-10-14,2025-10-14,1,656.78857421875,1,2.267719244388238,-2.2737367544323206e-13,2025-10-09,665.6452026367188,1489.4120892501717,1500.2511841719722,-20.839094921800484,147.94120892501718,-0.10986885248981637,915,363,94,0.7943107221006565,0.538400318344608,0.0,145.853165243844
2025-10-15,2025-10-15,1,659.7044067382812,1,2.267719244388238,-2.2737367544323206e-13,2025-10-09,665.6452026367188,1496.0243787681259,1500.2511841719722,-14.226805403846287,148.6024378768126,-0.10986885248981637,915,363,94,0.7943107221006565,0.5385839299920445,0.0,145.853165243844
2025-10-16,2025-10-16,1,655.2117309570312,1,2.267719244388238,-2.2737367544323206e-13,2025-10-09,665.6452026367188,1485.8362514401883,1500.2511841719722,-24.414932731783825,147.58362514401884,-0.10986885248981637,915,363,94,0.7943107221006565,0.5387673956262425,0.0,145.853165243844
2025-10-17,2025-10-17,1,658.9308471679688,1,2.267719244388238,-2.2737367544323206e-13,2025-10-09,665.6452026367188,1494.2701628438474,1500.2511841719722,-15.981021328124756,148.42701628438473,-0.10986885248981637,915,363,94,0.7943107221006565,0.5389507154213037,0.0,145.853165243844
2025-10-20,2025-10-20,1,665.7840576171875,1,2.267719244388238,-2.2737367544323206e-13,2025-10-09,665.6452026367188,1509.8113200653834,1500.2511841719722,-0.43986410658878783,149.98113200653833,-0.10986885248981637,915,363,94,0.7943107221006565,0.5391338895510528,0.0,145.853165243844
2025-10-21,2025-10-21,0,665.7741088867188,0,0.0,1509.0338647582732,,,1509.0338647582732,1499.0338647582732,0.0,149.90338647582732,-0.10986885248981637,916,363,95,0.7925764192139738,0.5389197776012709,0.7548943795689212,146.6080596234129
2025-10-22,2025-10-22,1,662.3128051757812,1,2.277292108968843,2.2737367544323206e-13,2025-10-22,662.3128051757812,1508.2797248958254,1499.0338647582732,-0.7541398624479126,149.82797248958255,-0.10986885248981637,917,363,95,0.7925764192139738,0.5391028185788012,0.7541398624479126,147.36219948586083
2025-10-23,2025-10-23,0,666.2402954101562,0,0.0,1516.4651555309126,,,1516.4651555309126,1506.4651555309126,0.0,150.64651555309126,-0.10986885248981637,918,364,95,0.7930283224400871,0.5388888888888889,0.7586118837073099,148.12081136956814
2025-10-24,2025-10-24,0,671.6851806640625,0,0.0,1516.4651555309126,,,1516.4651555309126,1506.4651555309126,0.0,150.64651555309126,-0.10986885248981637,918,364,95,0.7930283224400871,0.5386751289170963,0.0,148.12081136956814
2025-10-27,2025-10-27,0,679.6094970703125,0,0.0,1516.4651555309126,,,1516.4651555309126,1506.4651555309126,0.0,150.64651555309126,-0.10986885248981637,918,364,95,0.7930283224400871,0.5384615384615384,0.0,148.12081136956814
2025-10-28,2025-10-28,0,681.4144897460938,0,0.0,1516.4651555309126,,,1516.4651555309126,1506.4651555309126,0.0,150.64651555309126,-0.10986885248981637,918,364,95,0.7930283224400871,0.53824811732065,0.0,148.12081136956814
2025-10-29,2025-10-29,0,681.7418823242188,0,0.0,1516.4651555309126,,,1516.4651555309126,1506.4651555309126,0.0,150.64651555309126,-0.10986885248981637,918,364,95,0.7930283224400871,0.5380348652931854,0.0,148.12081136956814
2025-10-30,2025-10-30,0,674.2440185546875,0,0.0,1516.4651555309126,,,1516.4651555309126,1506.4651555309126,0.0,150.64651555309126,-0.10986885248981637,918,364,95,0.7930283224400871,0.5378217821782179,0.0,148.12081136956814
2025-10-31,2025-10-31,1,676.4556274414062,1,2.2406603484295227,0.0,2025-10-31,676.4556274414062,1515.7073018799726,1506.4651555309126,-0.7578536509399864,150.57073018799727,-0.10986885248981637,919,364,95,0.7930283224400871,0.5380047505938242,0.7578536509399864,148.87866502050812
2025-11-03,2025-11-03,0,677.7251586914062,0,0.0,1517.7926142678334,,,1517.7926142678334,1507.7926142678334,0.0,150.77926142678334,-0.10986885248981637,920,365,95,0.7934782608695652,0.5377918480411555,0.75927594510647,149.6379409656146
2025-11-04,2025-11-04,1,669.6917114257812,1,2.2652723205867984,-2.2737367544323206e-13,2025-11-04,669.6917114257812,1517.034097219224,1507.7926142678334,-0.7585170486096121,150.70340972192238,-0.10986885248981637,921,365,95,0.7934782608695652,0.5379746835443038,0.7585170486096121,150.3964580142242
2025-11-05,2025-11-05,1,672.012451171875,1,2.2652723205867984,-2.2737367544323206e-13,2025-11-04,669.6917114257812,1522.2912047293355,1507.7926142678334,4.498590461501998,151.22912047293354,-0.10986885248981637,921,365,95,0.7934782608695652,0.5381573744563068,0.0,150.3964580142242
2025-11-06,2025-11-06,1,664.8021850585938,1,2.2652723205867984,-2.2737367544323206e-13,2025-11-04,669.6917114257812,1505.9579884788545,1507.7926142678334,-11.834625788978975,149.59579884788545,-0.10986885248981637,921,365,95,0.7934782608695652,0.5383399209486166,0.0,150.3964580142242
2025-11-07,2025-11-07,1,665.4567260742188,1,2.2652723205867984,-2.2737367544323206e-13,2025-11-04,669.6917114257812,1507.4407021242387,1507.7926142678334,-10.351912143594838,149.74407021242388,-0.10986885248981637,921,365,95,0.7934782608695652,0.5385223231924141,0.0,150.3964580142242
2025-11-10,2025-11-10,0,675.8407592773438,0,0.0,1530.1978834327742,,,1530.1978834327742,1520.1978834327742,0.0,152.0197883432774,-0.10986885248981637,922,366,95,0.7939262472885033,0.5383096366508688,0.7654816825576661,151.16193969678187
2025-11-11,2025-11-11,0,677.3878784179688,0,0.0,1530.1978834327742,,,1530.1978834327742,1520.1978834327742,0.0,152.0197883432774,-0.10986885248981637,922,366,95,0.7939262472885033,0.5380971180418476,0.0,151.16193969678187
2025-11-12,2025-11-12,0,677.7647705078125,0,0.0,1530.1978834327742,,,1530.1978834327742,1520.1978834327742,0.0,152.0197883432774,-0.10986885248981637,922,366,95,0.7939262472885033,0.5378847671665351,0.0,151.16193969678187
2025-11-13,2025-11-13,0,666.5180053710938,0,0.0,1530.1978834327742,,,1530.1978834327742,1520.1978834327742,0.0,152.0197883432774,-0.10986885248981637,922,366,95,0.7939262472885033,0.53767258382643,0.0,151.16193969678187
2025-11-14,2025-11-14,0,666.4088745117188,0,0.0,1530.1978834327742,,,1530.1978834327742,1520.1978834327742,0.0,152.0197883432774,-0.10986885248981637,922,366,95,0.7939262472885033,0.5374605678233438,0.0,151.16193969678187
2025-11-17,2025-11-17,0,660.2002563476562,0,0.0,1530.1978834327742,,,1530.1978834327742,1520.1978834327742,0.0,152.0197883432774,-0.10986885248981637,922,366,95,0.7939262472885033,0.5372487189594009,0.0,151.16193969678187
2025-11-18,2025-11-18,0,654.6561889648438,0,0.0,1530.1978834327742,,,1530.1978834327742,1520.1978834327742,0.0,152.0197883432774,-0.10986885248981637,922,366,95,0.7939262472885033,0.5370370370370371,0.0,151.16193969678187
2025-11-19,2025-11-19,0,657.185302734375,0,0.0,1530.1978834327742,,,1530.1978834327742,1520.1978834327742,0.0,152.0197883432774,-0.10986885248981637,922,366,95,0.7939262472885033,0.5368255218589996,0.0,151.16193969678187
2025-11-20,2025-11-20,0,647.1683349609375,0,0.0,1530.1978834327742,,,1530.1978834327742,1520.1978834327742,0.0,152.0197883432774,-0.10986885248981637,922,366,95,0.7939262472885033,0.5366141732283465,0.0,151.16193969678187
2025-11-21,2025-11-21,0,653.6148681640625,0,0.0,1530.1978834327742,,,1530.1978834327742,1520.1978834327742,0.0,152.0197883432774,-0.10986885248981637,922,366,95,0.7939262472885033,0.5364029909484455,0.0,151.16193969678187
2025-11-24,2025-11-24,1,663.2351684570312,1,2.3060194024503637,0.0,2025-11-24,663.2351684570312,1529.4331668493496,1520.1978834327742,-0.7647165834246749,151.94331668493496,-0.10986885248981637,923,366,95,0.7939262472885033,0.5365853658536586,0.7647165834246749,151.92665628020654
2025-11-25,2025-11-25,0,669.4734497070312,0,0.0,1543.0468550675669,,,1543.0468550675669,1533.0468550675669,0.0,153.3046855067567,-0.10986885248981637,924,367,95,0.7943722943722944,0.5363743609909556,0.7719093822248959,152.69856566243143
2025-11-26,2025-11-26,0,674.09521484375,0,0.0,1543.0468550675669,,,1543.0468550675669,1533.0468550675669,0.0,153.3046855067567,-0.10986885248981637,924,367,95,0.7943722943722944,0.5361635220125787,0.0,152.69856566243143
2025-11-28,2025-11-28,1,677.7747192382812,1,2.2754990315104298,-2.2737367544323206e-13,2025-11-28,677.7747192382812,1542.2757172089623,1533.0468550675669,-0.7711378586044813,153.22757172089624,-0.10986885248981637,925,367,95,0.7943722943722944,0.5363457760314342,0.7711378586044813,153.4697035210359
2025-12-01,2025-12-01,0,674.6802978515625,0,0.0,1534.4667471582284,,,1534.4667471582284,1524.4667471582284,0.0,152.44667471582284,-0.10986885248981637,926,367,96,0.7926565874730022,0.5361351139041634,0.7676171821701994,154.2373207032061
2025-12-02,2025-12-02,0,675.9300537109375,0,0.0,1534.4667471582284,,,1534.4667471582284,1524.4667471582284,0.0,152.44667471582284,-0.10986885248981637,926,367,96,0.7926565874730022,0.535924617196702,0.0,154.2373207032061
2025-12-03,2025-12-03,0,678.2706298828125,0,0.0,1534.4667471582284,,,1534.4667471582284,1524.4667471582284,0.0,152.44667471582284,-0.10986885248981637,926,367,96,0.7926565874730022,0.5357142857142857,0.0,154.2373207032061
2025-12-04,2025-12-04,0,678.7665405273438,0,0.0,1534.4667471582284,,,1534.4667471582284,1524.4667471582284,0.0,152.44667471582284,-0.10986885248981637,926,367,96,0.7926565874730022,0.5355041192624559,0.0,154.2373207032061
2025-12-05,2025-12-05,0,680.0557861328125,0,0.0,1534.4667471582284,,,1534.4667471582284,1524.4667471582284,0.0,152.44667471582284,-0.10986885248981637,926,367,96,0.7926565874730022,0.5352941176470588,0.0,154.2373207032061
2025-12-08,2025-12-08,0,678.0127563476562,0,0.0,1534.4667471582284,,,1534.4667471582284,1524.4667471582284,0.0,152.44667471582284,-0.10986885248981637,926,367,96,0.7926565874730022,0.5350842806742454,0.0,154.2373207032061
2025-12-09,2025-12-09,1,677.4276123046875,1,2.2640055842893654,-2.2737367544323206e-13,2025-12-09,677.4276123046875,1533.6998972096235,1524.4667471582284,-0.7668499486048119,152.36998972096234,-0.10986885248981637,927,367,96,0.7926565874730022,0.5352664576802508,0.7668499486048119,155.0041706518109
2025-12-10,2025-12-10,1,681.92041015625,1,2.2640055842893654,-2.2737367544323206e-13,2025-12-09,677.4276123046875,1543.8716166346442,1524.4667471582284,9.404869476415872,153.3871616634644,-0.10986885248981637,927,367,96,0.7926565874730022,0.5354484919702311,0.0,155.0041706518109
2025-12-11,2025-12-11,1,683.5072631835938,1,2.2640055842893654,-2.2737367544323206e-13,2025-12-09,677.4276123046875,1547.464260749997,1524.4667471582284,12.99751359176874,153.7464260749997,-0.10986885248981637,927,367,96,0.7926565874730022,0.5356303837118246,0.0,155.0041706518109
2025-12-12,2025-12-12,1,676.1581420898438,1,2.2640055842893654,-2.2737367544323206e-13,2025-12-09,677.4276123046875,1530.8258095541282,1524.4667471582284,-3.6409376041000714,152.08258095541282,-0.10986885248981637,927,367,96,0.7926565874730022,0.535812133072407,0.0,155.0041706518109
2025-12-15,2025-12-15,0,675.1365356445312,0,0.0,1527.7486304135664,,,1527.7486304135664,1517.7486304135664,0.0,151.77486304135664,-0.10986885248981637,928,367,97,0.790948275862069,0.5356025039123631,0.7642564434284975,155.76842709523942
2025-12-16,2025-12-16,0,673.2918701171875,0,0.0,1527.7486304135664,,,1527.7486304135664,1517.7486304135664,0.0,151.77486304135664,-0.10986885248981637,928,367,97,0.790948275862069,0.5353930387172467,0.0,155.76842709523942
2025-12-17,2025-12-17,0,665.8832397460938,0,0.0,1527.7486304135664,,,1527.7486304135664,1517.7486304135664,0.0,151.77486304135664,-0.10986885248981637,928,367,97,0.790948275862069,0.5351837372947615,0.0,155.76842709523942
2025-12-18,2025-12-18,0,670.9114990234375,0,0.0,1527.7486304135664,,,1527.7486304135664,1517.7486304135664,0.0,151.77486304135664,-0.10986885248981637,928,367,97,0.790948275862069,0.5349745994529113,0.0,155.76842709523942
2025-12-19,2025-12-19,0,676.9923095703125,0,0.0,1527.7486304135664,,,1527.7486304135664,1517.7486304135664,0.0,151.77486304135664,-0.10986885248981637,928,367,97,0.790948275862069,0.534765625,0.0,155.76842709523942
2025-12-22,2025-12-22,0,681.2098388671875,0,0.0,1527.7486304135664,,,1527.7486304135664,1517.7486304135664,0.0,151.77486304135664,-0.10986885248981637,928,367,97,0.790948275862069,0.534556813744631,0.0,155.76842709523942
2025-12-23,2025-12-23,0,684.3233032226562,0,0.0,1527.7486304135664,,,1527.7486304135664,1517.7486304135664,0.0,151.77486304135664,-0.10986885248981637,928,367,97,0.790948275862069,0.5343481654957065,0.0,155.76842709523942
2025-12-24,2025-12-24,0,686.7305297851562,0,0.0,1527.7486304135664,,,1527.7486304135664,1517.7486304135664,0.0,151.77486304135664,-0.10986885248981637,928,367,97,0.790948275862069,0.5341396800624268,0.0,155.76842709523942
2025-12-26,2025-12-26,0,686.660888671875,0,0.0,1527.7486304135664,,,1527.7486304135664,1517.7486304135664,0.0,151.77486304135664,-0.10986885248981637,928,367,97,0.790948275862069,0.5339313572542902,0.0,155.76842709523942
2025-12-29,2025-12-29,0,684.2138671875,0,0.0,1527.7486304135664,,,1527.7486304135664,1517.7486304135664,0.0,151.77486304135664,-0.10986885248981637,928,367,97,0.790948275862069,0.5337231968810916,0.0,155.76842709523942
2025-12-30,2025-12-30,0,683.3782958984375,0,0.0,1527.7486304135664,,,1527.7486304135664,1517.7486304135664,0.0,151.77486304135664,-0.10986885248981637,928,367,97,0.790948275862069,0.5335151987529229,0.0,155.76842709523942
2025-12-31,2025-12-31,0,678.3152465820312,0,0.0,1527.7486304135664,,,1527.7486304135664,1517.7486304135664,0.0,151.77486304135664,-0.10986885248981637,928,367,97,0.790948275862069,0.5333073626801714,0.0,155.76842709523942
2026-01-02,2026-01-02,0,679.55859375,0,0.0,1527.7486304135664,,,1527.7486304135664,1517.7486304135664,0.0,151.77486304135664,-0.10986885248981637,928,367,97,0.790948275862069,0.5330996884735203,0.0,155.76842709523942
2026-01-05,2026-01-05,0,684.0845947265625,0,0.0,1527.7486304135664,,,1527.7486304135664,1517.7486304135664,0.0,151.77486304135664,-0.10986885248981637,928,367,97,0.790948275862069,0.5328921759439471,0.0,155.76842709523942
2026-01-06,2026-01-06,1,688.1529541015625,1,2.2189618292611164,-2.2737367544323206e-13,2026-01-06,688.1529541015625,1526.985137844644,1517.7486304135664,-0.7634925689223221,151.6985137844644,-0.10986885248981637,929,367,97,0.790948275862069,0.5330739299610895,0.7634925689223221,156.53191966416173
2026-01-07,2026-01-07,1,685.9347534179688,1,2.2189618292611164,-2.2737367544323206e-13,2026-01-06,688.1529541015625,1522.0630351981085,1517.7486304135664,-5.685595215457772,151.20630351981086,-0.10986885248981637,929,367,97,0.790948275862069,0.5332555425904317,0.0,156.53191966416173
2026-01-08,2026-01-08,1,685.8651123046875,1,2.2189618292611164,-2.2737367544323206e-13,2026-01-06,688.1529541015625,1521.90850422599,1517.7486304135664,-5.8401261875762085,151.190850422599,-0.10986885248981637,929,367,97,0.790948275862069,0.5334370139968896,0.0,156.53191966416173
2026-01-09,2026-01-09,0,690.4010009765625,0,0.0,1531.2074813166334,,,1531.2074813166334,1521.2074813166334,0.0,152.12074813166333,-0.10986885248981637,930,368,97,0.7913978494623656,0.53322969296541,0.7659867340253295,157.29790639818705
2026-01-12,2026-01-12,1,691.4852294921875,1,2.213268186958188,-2.2737367544323206e-13,2026-01-12,691.4852294921875,1530.4422601865401,1521.2074813166334,-0.7652211300932702,152.044226018654,-0.10986885248981637,931,368,97,0.7913978494623656,0.5334110334110335,0.7652211300932702,158.06312752828032
2026-01-13,2026-01-13,1,690.1026000976562,1,2.213268186958188,-2.2737367544323206e-13,2026-01-12,691.4852294921875,1527.3821305332708,1521.2074813166334,-3.8253507833625844,151.7382130533271,-0.10986885248981637,931,368,97,0.7913978494623656,0.5335922330097087,0.0,158.06312752828032
2026-01-14,2026-01-14,1,686.7105712890625,1,2.213268186958188,-2.2737367544323206e-13,2026-01-12,691.4852294921875,1519.8746610819646,1521.2074813166334,-11.332820234668763,150.98746610819646,-0.10986885248981637,931,368,97,0.7913978494623656,0.5337732919254659,0.0,158.06312752828032
2026-01-15,2026-01-15,1,688.5806884765625,1,2.213268186958188,-2.2737367544323206e-13,2026-01-12,691.4852294921875,1524.013731958942,1521.2074813166334,-7.193749357691505,151.4013731958942,-0.10986885248981637,931,368,97,0.7913978494623656,0.5339542103220799,0.0,158.06312752828032
2026-01-16,2026-01-16,0,688.0037231445312,0,0.0,1521.975384568107,,,1521.975384568107,1511.975384568107,0.0,151.19753845681072,-0.10986885248981637,932,368,98,0.7896995708154506,0.5337470907680373,0.7613683764722898,158.8244959047526
2026-01-20,2026-01-20,0,673.9981689453125,0,0.0,1521.975384568107,,,1521.975384568107,1511.975384568107,0.0,151.19753845681072,-0.10986885248981637,932,368,98,0.7896995708154506,0.5335401318340443,0.0,158.8244959047526
2026-01-21,2026-01-21,1,681.77685546875,1,2.231250247023447,-2.2737367544323206e-13,2026-01-21,681.77685546875,1521.2147771795173,1511.975384568107,-0.7606073885897588,151.12147771795173,-0.10986885248981637,933,368,98,0.7896995708154506,0.5337209302325582,0.7606073885897588,159.58510329334237
2026-01-22,2026-01-22,0,685.3379516601562,0,0.0,1528.3958936992985,,,1528.3958936992985,1518.3958936992985,0.0,151.83958936992985,-0.10986885248981637,934,369,98,0.7901498929336188,0.5335141418055017,0.7645802369681335,160.3496835303105
2026-01-23,2026-01-23,1,685.5865478515625,1,2.2282118609935426,-2.2737367544323206e-13,2026-01-23,685.5865478515625,1527.6320776604682,1518.3958936992985,-0.7638160388302342,151.76320776604683,-0.10986885248981637,935,369,98,0.7901498929336188,0.533694810224632,0.7638160388302342,161.11349956914074
2026-01-26,2026-01-26,1,689.068115234375,1,2.2282118609935426,-2.2737367544323206e-13,2026-01-23,685.5865478515625,1535.3897473976995,1518.3958936992985,6.993853698401019,152.53897473976994,-0.10986885248981637,935,369,98,0.7901498929336188,0.5338753387533876,0.0,161.11349956914074
2026-01-27,2026-01-27,1,691.8134765625,1,2.2282118609935426,-2.2737367544323206e-13,2026-01-23,685.5865478515625,1541.5069940717406,1518.3958936992985,13.111100372442118,153.15069940717405,-0.10986885248981637,935,369,98,0.7901498929336188,0.5340557275541795,0.0,161.11349956914074
2026-01-28,2026-01-28,1,691.7438354492188,1,2.2282118609935426,-2.2737367544323206e-13,2026-01-23,685.5865478515625,1541.3518189171143,1518.3958936992985,12.955925217815869,153.13518189171143,-0.10986885248981637,935,369,98,0.7901498929336188,0.5342359767891682,0.0,161.11349956914074
2026-01-29,2026-01-29,1,690.3711547851562,1,2.2282118609935426,-2.2737367544323206e-13,2026-01-23,685.5865478515625,1538.2931955800939,1518.3958936992985,9.897301880795434,152.8293195580094,-0.10986885248981637,935,369,98,0.7901498929336188,0.534416086620263,0.0,161.11349956914074
2026-01-30,2026-01-30,1,688.3121337890625,1,2.2282118609935426,-2.2737367544323206e-13,2026-01-23,685.5865478515625,1533.705260574563,1518.3958936992985,5.309366875264552,152.3705260574563,-0.10986885248981637,935,369,98,0.7901498929336188,0.5345960572091225,0.0,161.11349956914074
2026-02-02,2026-02-02,1,691.73388671875,1,2.2282118609935426,-2.2737367544323206e-13,2026-01-23,685.5865478515625,1541.329651037882,1518.3958936992985,12.933757338583613,153.1329651037882,-0.10986885248981637,935,369,98,0.7901498929336188,0.5347758887171561,0.0,161.11349956914074
2026-02-03,2026-02-03,1,685.885009765625,1,2.2282118609935426,-2.2737367544323206e-13,2026-01-23,685.5865478515625,1528.2971140374373,1518.3958936992985,-0.09877966186117848,151.82971140374372,-0.10986885248981637,935,369,98,0.7901498929336188,0.5349555813055233,0.0,161.11349956914074
2026-02-04,2026-02-04,0,682.5626831054688,0,0.0,1520.1338192339983,,,1520.1338192339983,1510.1338192339983,0.0,151.01338192339983,-0.10986885248981637,936,369,99,0.7884615384615384,0.5347490347490348,0.760447133183591,161.87394670232433
2026-02-05,2026-02-05,0,674.0379638671875,0,0.0,1520.1338192339983,,,1520.1338192339983,1510.1338192339983,0.0,151.01338192339983,-0.10986885248981637,936,369,99,0.7884615384615384,0.534542647626399,0.0,161.87394670232433
2026-02-06,2026-02-06,1,686.96923828125,1,2.2117062125944456,-2.2737367544323206e-13,2026-02-06,686.96923828125,1519.3741321679145,1510.1338192339983,-0.7596870660839574,150.93741321679144,-0.10986885248981637,937,369,99,0.7884615384615384,0.5347222222222222,0.7596870660839574,162.6336337684083
2026-02-09,2026-02-09,1,690.2816162109375,1,2.2117062125944456,-2.2737367544323206e-13,2026-02-06,686.96923828125,1526.7001390134649,1510.1338192339983,6.566319779466452,151.6700139013465,-0.10986885248981637,937,369,99,0.7884615384615384,0.5349016583108369,0.0,162.6336337684083
2026-02-10,2026-02-10,0,688.4613037109375,0,0.0,1521.9128054770774,,,1521.9128054770774,1511.9128054770774,0.0,151.19128054770775,-0.10986885248981637,938,370,99,0.7889125799573561,0.5346954510408636,0.7613370712741759,163.39497083968246
2026-02-11,2026-02-11,0,688.3021850585938,0,0.0,1521.9128054770774,,,1521.9128054770774,1511.9128054770774,0.0,151.19128054770775,-0.10986885248981637,938,370,99,0.7889125799573561,0.5344894026974952,0.0,163.39497083968246
2026-02-12,2026-02-12,1,677.668701171875,1,2.2446842044378132,-2.2737367544323206e-13,2026-02-12,677.668701171875,1521.1522293623962,1511.9128054770774,-0.7605761146811982,151.1152229362396,-0.10986885248981637,939,370,99,0.7889125799573561,0.5346687211093991,0.7605761146811982,164.15554695436364
2026-02-13,2026-02-13,1,678.1461181640625,1,2.2446842044378132,-2.2737367544323206e-13,2026-02-12,677.668701171875,1522.2238797436896,1511.9128054770774,0.3110742666122679,151.22238797436896,-0.10986885248981637,939,370,99,0.7889125799573561,0.5348479014247208,0.0,164.15554695436364
2026-02-17,2026-02-17,1,679.2402954101562,1,2.2446842044378132,-2.2737367544323206e-13,2026-02-12,677.668701171875,1524.6799621248515,1511.9128054770774,2.7671566477741454,151.46799621248516,-0.10986885248981637,939,370,99,0.7889125799573561,0.5350269438029254,0.0,164.15554695436364
2026-02-18,2026-02-18,1,682.662109375,1,2.2446842044378132,-2.2737367544323206e-13,2026-02-12,677.668701171875,1532.3608538822612,1511.9128054770774,10.4480484051838,152.23608538822612,-0.10986885248981637,939,370,99,0.7889125799573561,0.535205848403232,0.0,164.15554695436364
2026-02-19,2026-02-19,1,680.8616943359375,1,2.2446842044378132,-2.2737367544323206e-13,2026-02-12,677.668701171875,1528.3194906826452,1511.9128054770774,6.406685205567856,151.83194906826452,-0.10986885248981637,939,370,99,0.7889125799573561,0.5353846153846153,0.0,164.15554695436364
2026-02-20,2026-02-20,0,685.7855834960938,0,0.0,1538.602380871398,,,1538.602380871398,1528.602380871398,0.0,152.8602380871398,-0.10986885248981637,940,371,99,0.7893617021276595,0.5351787773933102,0.7696860334524254,164.92523298781606
2026-02-23,2026-02-23,1,678.7827758789062,1,2.2655752602857375,0.0,2026-02-23,678.7827758789062,1537.8334641393285,1528.602380871398,-0.7689167320696643,152.78334641393286,-0.10986885248981637,941,371,99,0.7893617021276595,0.5353574173712529,0.7689167320696643,165.69414971988573
2026-02-24,2026-02-24,0,683.7164916992188,0,0.0,1548.2366630587874,,,1548.2366630587874,1538.2366630587874,0.0,153.82366630587873,-0.10986885248981637,942,372,99,0.7898089171974523,0.5351517479830964,0.7745055843215545,166.4686553042073
2026-02-25,2026-02-25,0,689.4859008789062,0,0.0,1548.2366630587874,,,1548.2366630587874,1538.2366630587874,0.0,153.82366630587873,-0.10986885248981637,942,372,99,0.7898089171974523,0.5349462365591398,0.0,166.4686553042073
2026-02-26,2026-02-26,1,685.6561889648438,1,2.2569079904744145,-2.2737367544323206e-13,2026-02-26,685.6561889648438,1547.4629315929908,1538.2366630587874,-0.7737314657964955,153.74629315929909,-0.10986885248981637,943,372,99,0.7898089171974523,0.5351247600767755,0.7737314657964955,167.24238677000378
2026-02-27,2026-02-27,1,682.3637084960938,1,2.2569079904744145,-2.2737367544323206e-13,2026-02-26,685.6561889648438,1540.0321061145878,1538.2366630587874,-8.20455694419949,153.00321061145877,-0.10986885248981637,943,372,99,0.7898089171974523,0.5353031465848043,0.0,167.24238677000378
2026-03-02,2026-03-02,1,682.7516479492188,1,2.2569079904744145,-2.2737367544323206e-13,2026-02-26,685.6561889648438,1540.907649766166,1538.2366630587874,-7.329013292621235,153.0907649766166,-0.10986885248981637,943,372,99,0.7898089171974523,0.5354813962408899,0.0,167.24238677000378
2026-03-03,2026-03-03,1,676.7337036132812,1,2.2569079904744145,-2.2737367544323206e-13,2026-02-26,685.6561889648438,1527.3257031081585,1538.2366630587874,-20.910959950628843,151.73257031081585,-0.10986885248981637,943,372,99,0.7898089171974523,0.535659509202454,0.0,167.24238677000378
2026-03-04,2026-03-04,0,681.50830078125,0,0.0,1537.3324788430396,,,1537.3324788430396,1527.3324788430396,0.0,152.73324788430395,-0.10986885248981637,944,372,100,0.788135593220339,0.5354541970103488,0.7690507648039219,168.0114375348077
2026-03-05,2026-03-05,1,677.7084350585938,1,2.267293894035446,0.0,2026-03-05,677.7084350585938,1536.5641967446672,1527.3324788430396,-0.7682820983723336,152.65641967446672,-0.10986885248981637,945,372,100,0.788135593220339,0.535632183908046,0.7682820983723336,168.77971963318004
2026-03-06,2026-03-06,1,668.8256225585938,1,2.267293894035446,0.0,2026-03-05,677.7084350585938,1516.4242502015557,1527.3324788430396,-20.908228641483927,150.64242502015557,-0.10986885248981637,945,372,100,0.788135593220339,0.5358100344695519,0.0,168.77971963318004
2026-03-09,2026-03-09,0,674.6845092773438,0,0.0,1528.9432142506803,,,1528.9432142506803,1518.9432142506803,0.0,151.89432142506803,-0.10986885248981637,946,372,101,0.7864693446088795,0.5356049004594181,0.7648540341424114,169.54457366732245
2026-03-10,2026-03-10,0,673.6002807617188,0,0.0,1528.9432142506803,,,1528.9432142506803,1518.9432142506803,0.0,151.89432142506803,-0.10986885248981637,946,372,101,0.7864693446088795,0.535399923459625,0.0,169.54457366732245
2026-03-11,2026-03-11,0,672.7548217773438,0,0.0,1528.9432142506803,,,1528.9432142506803,1518.9432142506803,0.0,151.89432142506803,-0.10986885248981637,946,372,101,0.7864693446088795,0.535195103289977,0.0,169.54457366732245
2026-03-12,2026-03-12,0,662.5390625,0,0.0,1528.9432142506803,,,1528.9432142506803,1518.9432142506803,0.0,151.89432142506803,-0.10986885248981637,946,372,101,0.7864693446088795,0.5349904397705545,0.0,169.54457366732245
2026-03-13,2026-03-13,0,658.7890014648438,0,0.0,1528.9432142506803,,,1528.9432142506803,1518.9432142506803,0.0,151.89432142506803,-0.10986885248981637,946,372,101,0.7864693446088795,0.5347859327217125,0.0,169.54457366732245
2026-03-16,2026-03-16,0,665.493408203125,0,0.0,1528.9432142506803,,,1528.9432142506803,1518.9432142506803,0.0,151.89432142506803,-0.10986885248981637,946,372,101,0.7864693446088795,0.534581581964081,0.0,169.54457366732245
2026-03-17,2026-03-17,0,667.2440185546875,0,0.0,1528.9432142506803,,,1528.9432142506803,1518.9432142506803,0.0,151.89432142506803,-0.10986885248981637,946,372,101,0.7864693446088795,0.5343773873185638,0.0,169.54457366732245
2026-03-18,2026-03-18,1,657.9335327148438,1,2.3226953008194937,-2.2737367544323206e-13,2026-03-18,657.9335327148438,1528.179124688336,1518.9432142506803,-0.7640895623441681,151.8179124688336,-0.10986885248981637,947,372,101,0.7864693446088795,0.5345551737304315,0.7640895623441681,170.30866322966662
2026-03-19,2026-03-19,0,656.3121337890625,0,0.0,1523.6509024681588,,,1523.6509024681588,1513.6509024681588,0.0,151.3650902468159,-0.10986885248981637,948,372,102,0.7848101265822784,0.5343511450381679,0.7622065545113352,171.07086978417794
2026-03-20,2026-03-20,0,646.9034423828125,0,0.0,1523.6509024681588,,,1523.6509024681588,1513.6509024681588,0.0,151.3650902468159,-0.10986885248981637,948,372,102,0.7848101265822784,0.5341472720335749,0.0,171.07086978417794
2026-03-23,2026-03-23,0,653.6959228515625,0,0.0,1523.6509024681588,,,1523.6509024681588,1513.6509024681588,0.0,151.3650902468159,-0.10986885248981637,948,372,102,0.7848101265822784,0.5339435545385202,0.0,171.07086978417794
2026-03-24,2026-03-24,0,651.5015869140625,0,0.0,1523.6509024681588,,,1523.6509024681588,1513.6509024681588,0.0,151.3650902468159,-0.10986885248981637,948,372,102,0.7848101265822784,0.5337399923751429,0.0,171.07086978417794
2026-03-25,2026-03-25,1,655.1322021484375,1,2.3245528959576904,-2.2737367544323206e-13,2026-03-25,655.1322021484375,1522.8894577392891,1513.6509024681588,-0.7614447288696446,151.2889457739289,-0.10986885248981637,949,372,102,0.7848101265822784,0.5339176829268293,0.7614447288696446,171.83231451304758
2026-03-26,2026-03-26,0,643.432373046875,0,0.0,1494.9447398259827,,,1494.9447398259827,1484.9447398259827,0.0,148.49447398259827,-0.10986885248981637,950,372,103,0.783157894736842,0.5337142857142857,0.7478462930595211,172.5801608061071
2026-03-27,2026-03-27,0,632.4606323242188,0,0.0,1494.9447398259827,,,1494.9447398259827,1484.9447398259827,0.0,148.49447398259827,-0.10986885248981637,950,372,103,0.783157894736842,0.5335110434120335,0.0,172.5801608061071
2026-03-30,2026-03-30,0,630.3460693359375,0,0.0,1494.9447398259827,,,1494.9447398259827,1484.9447398259827,0.0,148.49447398259827,-0.10986885248981637,950,372,103,0.783157894736842,0.5333079558431671,0.0,172.5801608061071
2026-03-31,2026-03-31,0,648.6688842773438,0,0.0,1494.9447398259827,,,1494.9447398259827,1484.9447398259827,0.0,148.49447398259827,-0.10986885248981637,950,372,103,0.783157894736842,0.5331050228310502,0.0,172.5801608061071
2026-04-01,2026-04-01,1,653.5562744140625,1,2.2862570516136254,0.0,2026-04-01,653.5562744140625,1494.19764100548,1484.9447398259827,-0.74709882050274,148.41976410054798,-0.10986885248981637,951,372,103,0.783157894736842,0.5332826169646253,0.74709882050274,173.32725962660984
2026-04-02,2026-04-02,1,654.144775390625,1,2.2862570516136254,0.0,2026-04-01,653.5562744140625,1495.5431055130275,1484.9447398259827,0.5983656870448637,148.55431055130276,-0.10986885248981637,951,372,103,0.783157894736842,0.5334600760456274,0.0,173.32725962660984
2026-04-06,2026-04-06,0,657.23681640625,0,0.0,1501.8609999358343,,,1501.8609999358343,1491.8609999358343,0.0,149.18609999358344,-0.10986885248981637,952,373,103,0.7836134453781513,0.5332573166096541,0.7513061530444394,174.0785657796543
2026-04-07,2026-04-07,0,657.5260009765625,0,0.0,1501.8609999358343,,,1501.8609999358343,1491.8609999358343,0.0,149.18609999358344,-0.10986885248981637,952,373,103,0.7836134453781513,0.5330547112462006,0.0,174.0785657796543
2026-04-08,2026-04-08,1,674.27294921875,1,2.2262652631293416,0.0,2026-04-08,674.27294921875,1501.1104447134776,1491.8609999358343,-0.7505552223567388,149.11104447134775,-0.10986885248981637,953,373,103,0.7836134453781513,0.5332320546904672,0.7505552223567388,174.82912100201105
2026-04-09,2026-04-09,1,678.162841796875,1,2.2262652631293416,0.0,2026-04-08,674.27294921875,1509.770377437462,1491.8609999358343,7.909377501627673,149.9770377437462,-0.10986885248981637,953,373,103,0.7836134453781513,0.5334092634776006,0.0,174.82912100201105
2026-04-10,2026-04-10,1,677.7140502929688,1,2.2262652631293416,0.0,2026-04-08,674.27294921875,1508.7712485019279,1491.8609999358343,6.910248566093528,149.87712485019279,-0.10986885248981637,953,373,103,0.7836134453781513,0.5335863377609108,0.0,174.82912100201105
2026-04-13,2026-04-13,0,684.3369750976562,0,0.0,1522.753878116954,,,1522.753878116954,1512.753878116954,0.0,151.2753878116954,-0.10986885248981637,954,374,103,0.7840670859538784,0.5333839150227617,0.7617578179674607,175.5908788199785
2026-04-14,2026-04-14,1,692.675537109375,1,2.197266685680268,0.0,2026-04-14,692.675537109375,1521.992881676116,1512.753878116954,-0.7609964408380581,151.1992881676116,-0.10986885248981637,955,374,103,0.7840670859538784,0.5335608646188851,0.7609964408380581,176.35187526081657
2026-04-15,2026-04-15,1,698.1414184570312,1,2.197266685680268,0.0,2026-04-14,692.675537109375,1534.002880669202,1512.753878116954,11.24900255224807,152.4002880669202,-0.10986885248981637,955,374,103,0.7840670859538784,0.533737680060652,0.0,176.35187526081657
2026-04-16,2026-04-16,1,699.8569946289062,1,2.197266685680268,0.0,2026-04-14,692.675537109375,1537.77245903841,1512.753878116954,15.01858092145599,152.777245903841,-0.10986885248981637,955,374,103,0.7840670859538784,0.5339143615005684,0.0,176.35187526081657
2026-04-17,2026-04-17,1,708.3152465820312,1,2.197266685680268,0.0,2026-04-14,692.675537109375,1556.3574942741016,1512.753878116954,33.60361615714751,154.63574942741016,-0.10986885248981637,955,374,103,0.7840670859538784,0.5340909090909091,0.0,176.35187526081657
2026-04-20,2026-04-20,0,706.8988037109375,0,0.0,1552.4685689455073,,,1552.4685689455073,1542.4685689455073,0.0,154.24685689455072,-0.10986885248981637,956,375,103,0.7845188284518828,0.5338886785308595,0.7766225957706391,177.12849785658722
2026-04-21,2026-04-21,1,702.2708129882812,1,2.209536113257363,0.0,2026-04-21,702.2708129882812,1551.6927225842153,1542.4685689455073,-0.7758463612921077,154.16927225842153,-0.10986885248981637,957,375,103,0.7845188284518828,0.5340651021953066,0.7758463612921077,177.90434421787933
2026-04-22,2026-04-22,0,709.3825073242188,0,0.0,1566.6225649118942,,,1566.6225649118942,1556.6225649118942,0.0,155.66225649118942,-0.10986885248981637,958,376,103,0.7849686847599165,0.5338630344305714,0.7837031340229585,178.6880473519023
2026-04-23,2026-04-23,1,706.6295776367188,1,2.215927120297184,0.0,2026-04-23,706.6295776367188,1565.8396450893495,1556.6225649118942,-0.7829198225446747,155.58396450893494,-0.10986885248981637,959,376,103,0.7849686847599165,0.5340393343419062,0.7829198225446747,179.47096717444697
2026-04-24,2026-04-24,0,712.10546875,0,0.0,1577.1848338047062,,,1577.1848338047062,1567.1848338047062,0.0,156.71848338047062,-0.10986885248981637,960,377,103,0.7854166666666667,0.5338374291115312,0.7889869103575319,180.2599540848045
2026-04-27,2026-04-27,1,713.332275390625,1,2.2099051029532046,-2.2737367544323206e-13,2026-04-27,713.332275390625,1576.3966354869626,1567.1848338047062,-0.7881983177434815,156.63966354869626,-0.10986885248981637,961,377,103,0.7854166666666667,0.5340136054421769,0.7881983177434815,181.04815240254797
2026-04-28,2026-04-28,0,709.8612060546875,0,0.0,1567.9415386979456,,,1567.9415386979456,1557.9415386979456,0.0,155.79415386979457,-0.10986885248981637,962,377,104,0.7837837837837838,0.533811862485833,0.7843629508243851,181.83251535337234
2026-04-29,2026-04-29,0,709.7515258789062,0,0.0,1567.9415386979456,,,1567.9415386979456,1557.9415386979456,0.0,155.79415386979457,-0.10986885248981637,962,377,104,0.7837837837837838,0.5336102719033232,0.0,181.83251535337234
2026-04-30,2026-04-30,1,716.8132934570312,1,2.1862847327510235,0.0,2026-04-30,716.8132934570312,1567.1579597180867,1557.9415386979456,-0.7835789798590433,155.71579597180866,-0.10986885248981637,963,377,104,0.7837837837837838,0.5337863344658361,0.7835789798590433,182.6160943332314
2026-05-01,2026-05-01,1,718.7982177734375,1,2.1862847327510235,0.0,2026-04-30,716.8132934570312,1571.4975694467119,1557.9415386979456,3.5560307487661484,156.1497569446712,-0.10986885248981637,963,377,104,0.7837837837837838,0.5339622641509434,0.0,182.6160943332314
2026-05-04,2026-05-04,1,716.1649780273438,1,2.1862847327510235,0.0,2026-04-30,716.8132934570312,1565.740557592154,1557.9415386979456,-2.2009811057918105,155.57405575921538,-0.10986885248981637,963,377,104,0.7837837837837838,0.5341380611090155,0.0,182.6160943332314
2026-05-05,2026-05-05,1,721.9102172851562,1,2.1862847327510235,0.0,2026-04-30,716.8132934570312,1578.301286467511,1557.9415386979456,10.359747769565388,156.83012864675112,-0.10986885248981637,963,377,104,0.7837837837837838,0.5343137254901961,0.0,182.6160943332314
2026-05-06,2026-05-06,1,731.9443359375,1,2.1862847327510235,0.0,2026-04-30,716.8132934570312,1600.2387268837426,1557.9415386979456,32.29718818579693,159.02387268837427,-0.10986885248981637,963,377,104,0.7837837837837838,0.5344892574444026,0.0,182.6160943332314
2026-05-07,2026-05-07,0,729.7001342773438,0,0.0,1594.5345969254,,,1594.5345969254,1584.5345969254,0.0,158.45345969253998,-0.10986885248981637,964,378,104,0.7842323651452282,0.5342878673700076,0.7976661315284642,183.41376046475986
2026-05-08,2026-05-08,0,735.724609375,0,0.0,1594.5345969254,,,1594.5345969254,1584.5345969254,0.0,158.45345969253998,-0.10986885248981637,964,378,104,0.7842323651452282,0.5340866290018832,0.0,183.41376046475986
2026-05-11,2026-05-11,1,737.4002685546875,1,2.1612925788393222,-2.2737367544323206e-13,2026-05-11,737.4002685546875,1593.7377280613691,1584.5345969254,-0.7968688640306847,158.3737728061369,-0.10986885248981637,965,378,104,0.7842323651452282,0.5342620481927711,0.7968688640306847,184.21062932879053
2026-05-12,2026-05-12,0,736.2831420898438,0,0.0,1590.5276292778155,,,1590.5276292778155,1580.5276292778155,0.0,158.05276292778154,-0.10986885248981637,966,378,105,0.782608695652174,0.5340609710199473,0.7956616454616388,185.00629097425218
2026-05-13,2026-05-13,0,740.4025268554688,0,0.0,1590.5276292778155,,,1590.5276292778155,1580.5276292778155,0.0,158.05276292778154,-0.10986885248981637,966,378,105,0.782608695652174,0.5338600451467269,0.0,185.00629097425218
2026-05-14,2026-05-14,1,746.2474975585938,1,2.1303023033206823,0.0,2026-05-14,746.2474975585938,1589.7327628963674,1580.5276292778155,-0.7948663814481837,157.97327628963674,-0.10986885248981637,967,378,105,0.782608695652174,0.5340353516359534,0.7948663814481837,185.80115735570035
2026-05-15,2026-05-15,1,737.2706298828125,1,2.1303023033206823,0.0,2026-05-14,746.2474975585938,1570.6093210100457,1580.5276292778155,-19.918308267769827,156.06093210100457,-0.10986885248981637,967,378,105,0.782608695652174,0.5342105263157895,0.0,185.80115735570035
2026-05-18,2026-05-18,0,736.751953125,0,0.0,1568.7196305268399,,,1568.7196305268399,1558.7196305268399,0.0,155.87196305268398,-0.10986885248981637,968,378,106,0.78099173553719,0.5340097707628711,0.7847521913590995,186.58590954705946
2026-05-19,2026-05-19,1,731.8446044921875,1,2.1424434272948583,-2.2737367544323206e-13,2026-05-19,731.8446044921875,1567.935662695492,1558.7196305268399,-0.7839678313477462,155.79356626954922,-0.10986885248981637,969,378,106,0.78099173553719,0.5341848234410218,0.7839678313477462,187.3698773784072
2026-05-20,2026-05-20,0,739.3452758789062,0,0.0,1583.213424094862,,,1583.213424094862,1573.213424094862,0.0,157.3213424094862,-0.10986885248981637,970,379,106,0.7814432989690722,0.5339842283139317,0.7920027134041332,188.16188009181135
2026-05-21,2026-05-21,0,740.8114624023438,0,0.0,1583.213424094862,,,1583.213424094862,1573.213424094862,0.0,157.3213424094862,-0.10986885248981637,970,379,106,0.7814432989690722,0.5337837837837838,0.0,188.16188009181135
2026-05-22,2026-05-22,0,743.7239990234375,0,0.0,1583.213424094862,,,1583.213424094862,1573.213424094862,0.0,157.3213424094862,-0.10986885248981637,970,379,106,0.7814432989690722,0.5335834896810506,0.0,188.16188009181135
2026-05-26,2026-05-26,1,748.6613159179688,1,2.113668997373112,0.0,2026-05-26,748.6613159179688,1582.4222129883678,1573.213424094862,-0.7912111064941839,157.2422212988368,-0.10986885248981637,971,379,106,0.7814432989690722,0.5337584396099024,0.7912111064941839,188.95309119830554
2026-05-27,2026-05-27,1,748.5316162109375,1,2.113668997373112,0.0,2026-05-26,748.6613159179688,1582.1480707386474,1573.213424094862,-1.0653533562145823,157.21480707386473,-0.10986885248981637,971,379,106,0.7814432989690722,0.5339332583427071,0.0,188.95309119830554
2026-05-28,2026-05-28,1,752.6609497070312,1,2.113668997373112,0.0,2026-05-26,748.6613159179688,1590.8761149291552,1573.213424094862,7.662690834293135,158.08761149291553,-0.10986885248981637,971,379,106,0.7814432989690722,0.5341079460269865,0.0,188.95309119830554
2026-05-29,2026-05-29,1,754.5361328125,1,2.113668997373112,0.0,2026-05-26,748.6613159179688,1594.8396313235824,1573.213424094862,11.626207228720322,158.48396313235824,-0.10986885248981637,971,379,106,0.7814432989690722,0.5342825028100412,0.0,188.95309119830554
2026-06-01,2026-06-01,0,756.5908203125,0,0.0,1598.3829693113266,,,1598.3829693113266,1588.3829693113266,0.0,158.83829693113267,-0.10986885248981637,972,380,106,0.7818930041152263,0.5340823970037453,0.7995912802958112,189.75268247860134
2026-06-02,2026-06-02,1,757.6182250976562,1,2.108692906663892,-4.547473508864641e-13,2026-06-02,757.6182250976562,1597.5841772227152,1588.3829693113266,-0.7987920886113579,158.75841772227153,-0.10986885248981637,973,380,106,0.7818930041152263,0.5342568326469487,0.7987920886113579,190.5514745672127
2026-06-03,2026-06-03,0,752.3018798828125,0,0.0,1585.5804509599081,,,1585.5804509599081,1575.5804509599081,0.0,157.55804509599082,-0.10986885248981637,974,380,107,0.7802874743326489,0.5340568862275449,0.793186818889399,191.3446613861021
2026-06-04,2026-06-04,0,755.1445922851562,0,0.0,1585.5804509599081,,,1585.5804509599081,1575.5804509599081,0.0,157.55804509599082,-0.10986885248981637,974,380,107,0.7802874743326489,0.533857089412645,0.0,191.3446613861021
2026-06-05,2026-06-05,0,735.65478515625,0,0.0,1585.5804509599081,,,1585.5804509599081,1575.5804509599081,0.0,157.55804509599082,-0.10986885248981637,974,380,107,0.7802874743326489,0.5336574420344053,0.0,191.3446613861021
2026-06-08,2026-06-08,1,737.3204345703125,1,2.149388491931609,0.0,2026-06-08,737.3204345703125,1584.7880569314425,1575.5804509599081,-0.7923940284657213,157.47880569314424,-0.10986885248981637,975,380,107,0.7802874743326489,0.5338317757009345,0.7923940284657213,192.1370554145678
2026-06-09,2026-06-09,0,735.1560668945312,0,0.0,1579.345921961831,,,1579.345921961831,1569.345921961831,0.0,156.9345921961831,-0.10986885248981637,976,380,108,0.7786885245901639,0.5336322869955157,0.7900679949784047,192.92712340954623
2026-06-10,2026-06-10,0,723.56591796875,0,0.0,1579.345921961831,,,1579.345921961831,1569.345921961831,0.0,156.9345921961831,-0.10986885248981637,976,380,108,0.7786885245901639,0.5334329473290997,0.0,192.92712340954623
2026-06-11,2026-06-11,1,735.8642578125,1,2.145173687783911,-2.2737367544323206e-13,2026-06-11,735.8642578125,1578.556643640011,1569.345921961831,-0.7892783218200057,156.85566436400111,-0.10986885248981637,977,380,108,0.7786885245901639,0.5336071695294996,0.7892783218200057,193.71640173136623
2026-06-12,2026-06-12,0,739.843994140625,0,0.0,1586.3003223607748,,,1586.3003223607748,1576.3003223607748,0.0,157.63003223607748,-0.10986885248981637,978,381,108,0.7791411042944786,0.5334079880552445,0.7935469346477114,194.50994866601394
2026-06-15,2026-06-15,1,752.890380859375,1,2.105894309297369,-2.2737367544323206e-13,2026-06-15,752.890380859375,1585.5075685764866,1576.3003223607748,-0.7927537842882434,157.55075685764865,-0.10986885248981637,979,381,108,0.7791411042944786,0.5335820895522388,0.7927537842882434,195.30270245030218
2026-06-16,2026-06-16,0,748.4019775390625,0,0.0,1575.267437833626,,,1575.267437833626,1565.267437833626,0.0,156.5267437833626,-0.10986885248981637,980,381,109,0.7775510204081633,0.5333830660201417,0.7880277327832047,196.09073018308538
2026-06-17,2026-06-17,1,739.0560302734375,1,2.1303935469577717,-2.2737367544323206e-13,2026-06-17,739.0560302734375,1574.4801977347586,1565.267437833626,-0.7872400988673794,156.44801977347586,-0.10986885248981637,981,381,109,0.7775510204081633,0.5335570469798657,0.7872400988673794,196.87797028195277
2026-06-18,2026-06-18,0,746.739990234375,0,0.0,1590.0546314223964,,,1590.0546314223964,1580.0546314223964,0.0,158.00546314223965,-0.10986885248981637,982,382,109,0.7780040733197556,0.5333581811405144,0.7954250282253109,197.67339531017808
2026-06-22,2026-06-22,0,744.3900146484375,0,0.0,1590.0546314223964,,,1590.0546314223964,1580.0546314223964,0.0,158.00546314223965,-0.10986885248981637,982,382,109,0.7780040733197556,0.5331594634873323,0.0,197.67339531017808
2026-06-23,2026-06-23,1,733.5800170898438,1,2.1664439657535604,-2.2737367544323206e-13,2026-06-23,733.5800170898438,1589.2600014216855,1580.0546314223964,-0.7946300007108429,157.92600014216856,-0.10986885248981637,983,382,109,0.7780040733197556,0.5333333333333333,0.7946300007108429,198.46802531088892
2026-06-24,2026-06-24,1,733.239990234375,1,2.1664439657535604,-2.2737367544323206e-13,2026-06-23,733.5800170898438,1588.523352292461,1580.0546314223964,-1.5312791299354311,157.85233522924608,-0.10986885248981637,983,382,109,0.7780040733197556,0.5335070737155622,0.0,198.46802531088892
2026-06-25,2026-06-25,1,734.2999877929688,1,2.1664439657535604,-2.2737367544323206e-13,2026-06-23,733.5800170898438,1590.8197776069899,1580.0546314223964,0.7651461845935292,158.08197776069898,-0.10986885248981637,983,382,109,0.7780040733197556,0.5336806847785635,0.0,198.46802531088892
2026-06-26,2026-06-26,1,728.989990234375,1,2.1664439657535604,-2.2737367544323206e-13,2026-06-23,733.5800170898438,1579.3159654380083,1580.0546314223964,-10.73866598438801,156.93159654380082,-0.10986885248981637,983,382,109,0.7780040733197556,0.5338541666666666,0.0,198.46802531088892
2026-06-29,2026-06-29,0,741.0,0,0.0,1604.5323111340763,,,1604.5323111340763,1594.5323111340763,0.0,159.45323111340764,-0.10986885248981637,984,383,109,0.7784552845528455,0.5336556340647081,0.8026674893116942,199.2706928002006
2026-06-30,2026-06-30,0,746.77001953125,0,0.0,1604.5323111340763,,,1604.5323111340763,1594.5323111340763,0.0,159.45323111340764,-0.10986885248981637,984,383,109,0.7784552845528455,0.533457249070632,0.0,199.2706928002006
2026-07-01,2026-07-01,0,745.760009765625,0,0.0,1604.5323111340763,,,1604.5323111340763,1594.5323111340763,0.0,159.45323111340764,-0.10986885248981637,984,383,109,0.7784552845528455,0.5332590115198811,0.0,199.2706928002006
2026-07-02,2026-07-02,0,744.780029296875,0,0.0,1604.5323111340763,,,1604.5323111340763,1594.5323111340763,0.0,159.45323111340764,-0.10986885248981637,984,383,109,0.7784552845528455,0.5330609212481426,0.0,199.2706928002006
2026-07-06,2026-07-06,0,751.280029296875,0,0.0,1604.5323111340763,,,1604.5323111340763,1594.5323111340763,0.0,159.45323111340764,-0.10986885248981637,984,383,109,0.7784552845528455,0.532862978091348,0.0,199.2706928002006
2026-07-07,2026-07-07,0,747.7100219726562,0,0.0,1604.5323111340763,,,1604.5323111340763,1594.5323111340763,0.0,159.45323111340764,-0.10986885248981637,984,383,109,0.7784552845528455,0.5326651818856719,0.0,199.2706928002006
2026-07-08,2026-07-08,0,745.4000244140625,0,0.0,1604.5323111340763,,,1604.5323111340763,1594.5323111340763,0.0,159.45323111340764,-0.10986885248981637,984,383,109,0.7784552845528455,0.5324675324675324,0.0,199.2706928002006
2026-07-09,2026-07-09,0,751.7100219726562,0,0.0,1604.5323111340763,,,1604.5323111340763,1594.5323111340763,0.0,159.45323111340764,-0.10986885248981637,984,383,109,0.7784552845528455,0.5322700296735905,0.0,199.2706928002006
2026-07-10,2026-07-10,0,754.9500122070312,0,0.0,1604.5323111340763,,,1604.5323111340763,1594.5323111340763,0.0,159.45323111340764,-0.10986885248981637,984,383,109,0.7784552845528455,0.5320726733407489,0.0,199.2706928002006
2026-07-13,2026-07-13,0,749.1699829101562,0,0.0,1604.5323111340763,,,1604.5323111340763,1594.5323111340763,0.0,159.45323111340764,-0.10986885248981637,984,383,109,0.7784552845528455,0.5318754633061527,0.0,199.2706928002006
2026-07-14,2026-07-14,0,751.8300170898438,0,0.0,1604.5323111340763,,,1604.5323111340763,1594.5323111340763,0.0,159.45323111340764,-0.10986885248981637,984,383,109,0.7784552845528455,0.5316783994071879,0.0,199.2706928002006
2026-07-15,2026-07-15,0,754.8099975585938,0,0.0,1604.5323111340763,,,1604.5323111340763,1594.5323111340763,0.0,159.45323111340764,-0.10986885248981637,984,383,109,0.7784552845528455,0.5314814814814814,0.0,199.2706928002006
2026-07-16,2026-07-16,0,750.719970703125,0,0.0,1604.5323111340763,,,1604.5323111340763,1594.5323111340763,0.0,159.45323111340764,-0.10986885248981637,984,383,109,0.7784552845528455,0.5312847093669012,0.0,199.2706928002006
2026-07-17,2026-07-17,0,743.2899780273438,0,0.0,1604.5323111340763,,,1604.5323111340763,1594.5323111340763,0.0,159.45323111340764,-0.10986885248981637,984,383,109,0.7784552845528455,0.5310880829015544,0.0,199.2706928002006
2026-07-20,2026-07-20,0,742.0900268554688,0,0.0,1604.5323111340763,,,1604.5323111340763,1594.5323111340763,0.0,159.45323111340764,-0.10986885248981637,984,383,109,0.7784552845528455,0.5308916019237884,0.0,199.2706928002006
2026-07-21,2026-07-21,0,748.280029296875,0,0.0,1604.5323111340763,,,1604.5323111340763,1594.5323111340763,0.0,159.45323111340764,-0.10986885248981637,984,383,109,0.7784552845528455,0.5306952662721893,0.0,199.2706928002006
2026-07-22,2026-07-22,1,747.4099731445312,1,2.145717214829026,0.0,2026-07-22,747.4099731445312,1603.7304459111208,1594.5323111340763,-0.8018652229555604,159.3730445911121,-0.10986885248981637,985,383,109,0.7784552845528455,0.5308687615526803,0.8018652229555604,200.07255802315618
2026-07-23,2026-07-23,1,738.1799926757812,1,2.145717214829026,0.0,2026-07-22,747.4099731445312,1583.9255179267882,1594.5323111340763,-20.606793207288167,157.39255179267883,-0.10986885248981637,985,383,109,0.7784552845528455,0.5310421286031042,0.0,200.07255802315618
2026-07-24,2026-07-24,0,738.9299926757812,0,0.0,1584.742038434991,,,1584.742038434991,1574.742038434991,0.0,157.47420384349908,-0.10986885248981637,986,383,110,0.7768762677484787,0.5308459549316586,0.792767402918955,200.86532542607515
2026-07-27,2026-07-27,0,739.0900268554688,0,0.0,1584.742038434991,,,1584.742038434991,1574.742038434991,0.0,157.47420384349908,-0.10986885248981637,986,383,110,0.7768762677484787,0.5306499261447563,0.0,200.86532542607515
2026-07-28,2026-07-28,0,740.8599853515625,0,0.0,1584.742038434991,,,1584.742038434991,1574.742038434991,0.0,157.47420384349908,-0.10986885248981637,986,383,110,0.7768762677484787,0.530454042081949,0.0,200.86532542607515
2026-07-29,2026-07-29,0,729.4600219726562,0,0.0,1584.742038434991,,,1584.742038434991,1574.742038434991,0.0,157.47420384349908,-0.10986885248981637,986,383,110,0.7768762677484787,0.5302583025830259,0.0,200.86532542607515
2026-07-30,2026-07-30,1,741.6900024414062,1,2.135595812521987,-2.2737367544323206e-13,2026-07-30,741.6900024414062,1583.9500634032893,1574.742038434991,-0.7919750317016447,157.39500634032893,-0.10986885248981637,987,383,110,0.7768762677484787,0.5304315750645519,0.7919750317016447,201.65730045777678
2026-07-31,2026-07-31,0,747.030029296875,0,0.0,1594.5565252933861,,,1594.5565252933861,1584.5565252933861,0.0,158.4556525293386,-0.10986885248981637,988,384,110,0.7773279352226721,0.5302359882005899,0.7976771011972918,202.45497755897406
2026-08-03,2026-08-03,0,757.6699829101562,0,0.0,1594.5565252933861,,,1594.5565252933861,1584.5565252933861,0.0,158.4556525293386,-0.10986885248981637,988,384,110,0.7773279352226721,0.5300405455215629,0.0,202.45497755897406
2026-08-04,2026-08-04,0,771.3300170898438,0,0.0,1594.5565252933861,,,1594.5565252933861,1584.5565252933861,0.0,158.4556525293386,-0.10986885248981637,988,384,110,0.7773279352226721,0.5298452468680914,0.0,202.45497755897406
2026-08-05,2026-08-05,0,769.7899780273438,0,0.0,1594.5565252933861,,,1594.5565252933861,1584.5565252933861,0.0,158.4556525293386,-0.10986885248981637,988,384,110,0.7773279352226721,0.5296500920810313,0.0,202.45497755897406
2026-08-06,2026-08-06,0,768.5599975585938,0,0.0,1594.5565252933861,,,1594.5565252933861,1584.5565252933861,0.0,158.4556525293386,-0.10986885248981637,988,384,110,0.7773279352226721,0.5294550810014728,0.0,202.45497755897406
2026-08-07,2026-08-07,0,773.260009765625,0,0.0,1594.5565252933861,,,1594.5565252933861,1584.5565252933861,0.0,158.4556525293386,-0.10986885248981637,988,384,110,0.7773279352226721,0.5292602134707398,0.0,202.45497755897406
2026-08-10,2026-08-10,0,773.030029296875,0,0.0,1594.5565252933861,,,1594.5565252933861,1584.5565252933861,0.0,158.4556525293386,-0.10986885248981637,988,384,110,0.7773279352226721,0.52906548933039,0.0,202.45497755897406
2026-08-11,2026-08-11,0,770.5599975585938,0,0.0,1594.5565252933861,,,1594.5565252933861,1584.5565252933861,0.0,158.4556525293386,-0.10986885248981637,988,384,110,0.7773279352226721,0.5288709084222141,0.0,202.45497755897406
2026-08-12,2026-08-12,0,772.489990234375,0,0.0,1594.5565252933861,,,1594.5565252933861,1584.5565252933861,0.0,158.4556525293386,-0.10986885248981637,988,384,110,0.7773279352226721,0.5286764705882353,0.0,202.45497755897406
2026-08-13,2026-08-13,0,777.8800048828125,0,0.0,1594.5565252933861,,,1594.5565252933861,1584.5565252933861,0.0,158.4556525293386,-0.10986885248981637,988,384,110,0.7773279352226721,0.5284821756707093,0.0,202.45497755897406
2026-08-14,2026-08-14,0,776.3400268554688,0,0.0,1594.5565252933861,,,1594.5565252933861,1584.5565252933861,0.0,158.4556525293386,-0.10986885248981637,988,384,110,0.7773279352226721,0.5282880235121235,0.0,202.45497755897406
2026-08-17,2026-08-17,0,772.6699829101562,0,0.0,1594.5565252933861,,,1594.5565252933861,1584.5565252933861,0.0,158.4556525293386,-0.10986885248981637,988,384,110,0.7773279352226721,0.5280940139551965,0.0,202.45497755897406
2026-08-18,2026-08-18,1,767.4500122070312,1,2.07669505520929,-2.2737367544323206e-13,2026-08-18,767.4500122070312,1593.7596454706509,1584.5565252933861,-0.7968798227353255,158.37596454706508,-0.10986885248981637,989,384,110,0.7773279352226721,0.5282672540381792,0.7968798227353255,203.25185738170939
2026-08-19,2026-08-19,0,769.0599975585938,0,0.0,1596.3045425421556,,,1596.3045425421556,1586.3045425421556,0.0,158.63045425421555,-0.10986885248981637,990,385,110,0.7777777777777778,0.5280733944954128,0.7985515470446002,204.050408928754
2026-08-20,2026-08-20,1,762.5999755859375,1,2.0921936011362803,-2.2737367544323206e-13,2026-08-20,762.5999755859375,1595.5067891475817,1586.3045425421556,-0.797753394573791,158.55067891475818,-0.10986885248981637,991,385,110,0.7777777777777778,0.5282465150403521,0.797753394573791,204.84816232332778
