date,action,position,position_changed,transaction_cost,trade_count,model,model_sha256
2015-10-16,0,0,False,,0,v28_seed_202_FROZEN.zip,eb9c2dcd1e9cc1ac1ae85f1a4e759aae4aad57b10c9a0ce7a1320dfefd2245ad
2015-10-19,0,0,False,,0,v28_seed_202_FROZEN.zip,eb9c2dcd1e9cc1ac1ae85f1a4e759aae4aad57b10c9a0ce7a1320dfefd2245ad
2015-10-20,0,0,False,,0,v28_seed_202_FROZEN.zip,eb9c2dcd1e9cc1ac1ae85f1a4e759aae4aad57b10c9a0ce7a1320dfefd2245ad
2015-10-21,0,0,False,,0,v28_seed_202_FROZEN.zip,eb9c2dcd1e9cc1ac1ae85f1a4e759aae4aad57b10c9a0ce7a1320dfefd2245ad
2015-10-22,0,0,False,,0,v28_seed_202_FROZEN.zip,eb9c2dcd1e9cc1ac1ae85f1a4e759aae4aad57b10c9a0ce7a1320dfefd2245ad
2015-10-23,0,0,False,,0,v28_seed_202_FROZEN.zip,eb9c2dcd1e9cc1ac1ae85f1a4e759aae4aad57b10c9a0ce7a1320dfefd2245ad
2015-10-26,0,0,False,,0,v28_seed_202_FROZEN.zip,eb9c2dcd1e9cc1ac1ae85f1a4e759aae4aad57b10c9a0ce7a1320dfefd2245ad
2015-10-27,0,0,False,,0,v28_seed_202_FROZEN.zip,eb9c2dcd1e9cc1ac1ae85f1a4e759aae4aad57b10c9a0ce7a1320dfefd2245ad
2015-10-28,1,1,True,,1,v28_seed_202_FROZEN.zip,eb9c2dcd1e9cc1ac1ae85f1a4e759aae4aad57b10c9a0ce7a1320dfefd2245ad
2015-10-29,0,0,True,,2,v28_seed_202_FROZEN.zip,eb9c2dcd1e9cc1ac1ae85f1a4e759aae4aad57b10c9a0ce7a1320dfefd2245ad
2015-10-30,0,0,False,,2,v28_seed_202_FROZEN.zip,eb9c2dcd1e9cc1ac1ae85f1a4e759aae4aad57b10c9a0ce7a1320dfefd2245ad
2015-11-02,0,0,False,,2,v28_seed_202_FROZEN.zip,eb9c2dcd1e9cc1ac1ae85f1a4e759aae4aad57b10c9a0ce7a1320dfefd2245ad
2015-11-03,1,1,True,,3,v28_seed_202_FROZEN.zip,eb9c2dcd1e9cc1ac1ae85f1a4e759aae4aad57b10c9a0ce7a1320dfefd2245ad
2015-11-04,0,0,True,,4,v28_seed_202_FROZEN.zip,eb9c2dcd1e9cc1ac1ae85f1a4e759aae4aad57b10c9a0ce7a1320dfefd2245ad
2015-11-05,0,0,False,,4,v28_seed_202_FROZEN.zip,eb9c2dcd1e9cc1ac1ae85f1a4e759aae4aad57b10c9a0ce7a1320dfefd2245ad
2015-11-06,1,1,True,,5,v28_seed_202_FROZEN.zip,eb9c2dcd1e9cc1ac1ae85f1a4e759aae4aad57b10c9a0ce7a1320dfefd2245ad
2015-11-09,0,0,True,,6,v28_seed_202_FROZEN.zip,eb9c2dcd1e9cc1ac1ae85f1a4e759aae4aad57b10c9a0ce7a1320dfefd2245ad
2015-11-10,0,0,False,,6,v28_seed_202_FROZEN.zip,eb9c2dcd1e9cc1ac1ae85f1a4e759aae4aad57b10c9a0ce7a1320dfefd2245ad
2015-11-11,1,1,True,,7,v28_seed_202_FROZEN.zip,eb9c2dcd1e9cc1ac1ae85f1a4e759aae4aad57b10c9a0ce7a1320dfefd2245ad
2015-11-12,1,1,False,,7,v28_seed_202_FROZEN.zip,eb9c2dcd1e9cc1ac1ae85f1a4e759aae4aad57b10c9a0ce7a1320dfefd2245ad
2015-11-13,1,1,False,,7,v28_seed_202_FROZEN.zip,eb9c2dcd1e9cc1ac1ae85f1a4e759aae4aad57b10c9a0ce7a1320dfefd2245ad
2015-11-16,1,1,False,,7,v28_seed_202_FROZEN.zip,eb9c2dcd1e9cc1ac1ae85f1a4e759aae4aad57b10c9a0ce7a1320dfefd2245ad
2015-11-17,1,1,False,,7,v28_seed_202_FROZEN.zip,eb9c2dcd1e9cc1ac1ae85f1a4e759aae4aad57b10c9a0ce7a1320dfefd2245ad
2015-11-18,0,0,True,,8,v28_seed_202_FROZEN.zip,eb9c2dcd1e9cc1ac1ae85f1a4e759aae4aad57b10c9a0ce7a1320dfefd2245ad
2015-11-19,1,1,True,,9,v28_seed_202_FROZEN.zip,eb9c2dcd1e9cc1ac1ae85f1a4e759aae4aad57b10c9a0ce7a1320dfefd2245ad
2015-11-20,1,1,False,,9,v28_seed_202_FROZEN.zip,eb9c2dcd1e9cc1ac1ae85f1a4e759aae4aad57b10c9a0ce7a1320dfefd2245ad
2015-11-23,1,1,False,,9,v28_seed_202_FROZEN.zip,eb9c2dcd1e9cc1ac1ae85f1a4e759aae4aad57b10c9a0ce7a1320dfefd2245ad
2015-11-24,1,1,False,,9,v28_seed_202_FROZEN.zip,eb9c2dcd1e9cc1ac1ae85f1a4e759aae4aad57b10c9a0ce7a1320dfefd2245ad
2015-11-25,1,1,False,,9,v28_seed_202_FROZEN.zip,eb9c2dcd1e9cc1ac1ae85f1a4e759aae4aad57b10c9a0ce7a1320dfefd2245ad
2015-11-27,1,1,False,,9,v28_seed_202_FROZEN.zip,eb9c2dcd1e9cc1ac1ae85f1a4e759aae4aad57b10c9a0ce7a1320dfefd2245ad
2015-11-30,1,1,False,,9,v28_seed_202_FROZEN.zip,eb9c2dcd1e9cc1ac1ae85f1a4e759aae4aad57b10c9a0ce7a1320dfefd2245ad
2015-12-01,0,0,True,,10,v28_seed_202_FROZEN.zip,eb9c2dcd1e9cc1ac1ae85f1a4e759aae4aad57b10c9a0ce7a1320dfefd2245ad
2015-12-02,0,0,False,,10,v28_seed_202_FROZEN.zip,eb9c2dcd1e9cc1ac1ae85f1a4e759aae4aad57b10c9a0ce7a1320dfefd2245ad
2015-12-03,0,0,False,,10,v28_seed_202_FROZEN.zip,eb9c2dcd1e9cc1ac1ae85f1a4e759aae4aad57b10c9a0ce7a1320dfefd2245ad
2015-12-04,0,0,False,,10,v28_seed_202_FROZEN.zip,eb9c2dcd1e9cc1ac1ae85f1a4e759aae4aad57b10c9a0ce7a1320dfefd2245ad
2015-12-07,0,0,False,,10,v28_seed_202_FROZEN.zip,eb9c2dcd1e9cc1ac1ae85f1a4e759aae4aad57b10c9a0ce7a1320dfefd2245ad
2015-12-08,1,1,True,,11,v28_seed_202_FROZEN.zip,eb9c2dcd1e9cc1ac1ae85f1a4e759aae4aad57b10c9a0ce7a1320dfefd2245ad
2015-12-09,0,0,True,,12,v28_seed_202_FROZEN.zip,eb9c2dcd1e9cc1ac1ae85f1a4e759aae4aad57b10c9a0ce7a1320dfefd2245ad
2015-12-10,0,0,False,,12,v28_seed_202_FROZEN.zip,eb9c2dcd1e9cc1ac1ae85f1a4e759aae4aad57b10c9a0ce7a1320dfefd2245ad
2015-12-11,0,0,False,,12,v28_seed_202_FROZEN.zip,eb9c2dcd1e9cc1ac1ae85f1a4e759aae4aad57b10c9a0ce7a1320dfefd2245ad
2015-12-14,1,1,True,,13,v28_seed_202_FROZEN.zip,eb9c2dcd1e9cc1ac1ae85f1a4e759aae4aad57b10c9a0ce7a1320dfefd2245ad
2015-12-15,1,1,False,,13,v28_seed_202_FROZEN.zip,eb9c2dcd1e9cc1ac1ae85f1a4e759aae4aad57b10c9a0ce7a1320dfefd2245ad
2015-12-16,0,0,True,,14,v28_seed_202_FROZEN.zip,eb9c2dcd1e9cc1ac1ae85f1a4e759aae4aad57b10c9a0ce7a1320dfefd2245ad
2015-12-17,0,0,False,,14,v28_seed_202_FROZEN.zip,eb9c2dcd1e9cc1ac1ae85f1a4e759aae4aad57b10c9a0ce7a1320dfefd2245ad
2015-12-18,0,0,False,,14,v28_seed_202_FROZEN.zip,eb9c2dcd1e9cc1ac1ae85f1a4e759aae4aad57b10c9a0ce7a1320dfefd2245ad
2015-12-21,1,1,True,,15,v28_seed_202_FROZEN.zip,eb9c2dcd1e9cc1ac1ae85f1a4e759aae4aad57b10c9a0ce7a1320dfefd2245ad
2015-12-22,1,1,False,,15,v28_seed_202_FROZEN.zip,eb9c2dcd1e9cc1ac1ae85f1a4e759aae4aad57b10c9a0ce7a1320dfefd2245ad
2015-12-23,1,1,False,,15,v28_seed_202_FROZEN.zip,eb9c2dcd1e9cc1ac1ae85f1a4e759aae4aad57b10c9a0ce7a1320dfefd2245ad
2015-12-24,0,0,True,,16,v28_seed_202_FROZEN.zip,eb9c2dcd1e9cc1ac1ae85f1a4e759aae4aad57b10c9a0ce7a1320dfefd2245ad
2015-12-28,1,1,True,,17,v28_seed_202_FROZEN.zip,eb9c2dcd1e9cc1ac1ae85f1a4e759aae4aad57b10c9a0ce7a1320dfefd2245ad
2015-12-29,0,0,True,,18,v28_seed_202_FROZEN.zip,eb9c2dcd1e9cc1ac1ae85f1a4e759aae4aad57b10c9a0ce7a1320dfefd2245ad
2015-12-30,0,0,False,,18,v28_seed_202_FROZEN.zip,eb9c2dcd1e9cc1ac1ae85f1a4e759aae4aad57b10c9a0ce7a1320dfefd2245ad
2015-12-31,1,1,True,,19,v28_seed_202_FROZEN.zip,eb9c2dcd1e9cc1ac1ae85f1a4e759aae4aad57b10c9a0ce7a1320dfefd2245ad
2016-01-04,0,0,True,,20,v28_seed_202_FROZEN.zip,eb9c2dcd1e9cc1ac1ae85f1a4e759aae4aad57b10c9a0ce7a1320dfefd2245ad
2016-01-05,0,0,False,,20,v28_seed_202_FROZEN.zip,eb9c2dcd1e9cc1ac1ae85f1a4e759aae4aad57b10c9a0ce7a1320dfefd2245ad
2016-01-06,0,0,False,,20,v28_seed_202_FROZEN.zip,eb9c2dcd1e9cc1ac1ae85f1a4e759aae4aad57b10c9a0ce7a1320dfefd2245ad
2016-01-07,0,0,False,,20,v28_seed_202_FROZEN.zip,eb9c2dcd1e9cc1ac1ae85f1a4e759aae4aad57b10c9a0ce7a1320dfefd2245ad
2016-01-08,0,0,False,,20,v28_seed_202_FROZEN.zip,eb9c2dcd1e9cc1ac1ae85f1a4e759aae4aad57b10c9a0ce7a1320dfefd2245ad
2016-01-11,0,0,False,,20,v28_seed_202_FROZEN.zip,eb9c2dcd1e9cc1ac1ae85f1a4e759aae4aad57b10c9a0ce7a1320dfefd2245ad
2016-01-12,0,0,False,,20,v28_seed_202_FROZEN.zip,eb9c2dcd1e9cc1ac1ae85f1a4e759aae4aad57b10c9a0ce7a1320dfefd2245ad
2016-01-13,0,0,False,,20,v28_seed_202_FROZEN.zip,eb9c2dcd1e9cc1ac1ae85f1a4e759aae4aad57b10c9a0ce7a1320dfefd2245ad
2016-01-14,0,0,False,,20,v28_seed_202_FROZEN.zip,eb9c2dcd1e9cc1ac1ae85f1a4e759aae4aad57b10c9a0ce7a1320dfefd2245ad
2016-01-15,1,1,True,,21,v28_seed_202_FROZEN.zip,eb9c2dcd1e9cc1ac1ae85f1a4e759aae4aad57b10c9a0ce7a1320dfefd2245ad
2016-01-19,0,0,True,,22,v28_seed_202_FROZEN.zip,eb9c2dcd1e9cc1ac1ae85f1a4e759aae4aad57b10c9a0ce7a1320dfefd2245ad
2016-01-20,0,0,False,,22,v28_seed_202_FROZEN.zip,eb9c2dcd1e9cc1ac1ae85f1a4e759aae4aad57b10c9a0ce7a1320dfefd2245ad
2016-01-21,0,0,False,,22,v28_seed_202_FROZEN.zip,eb9c2dcd1e9cc1ac1ae85f1a4e759aae4aad57b10c9a0ce7a1320dfefd2245ad
2016-01-22,0,0,False,,22,v28_seed_202_FROZEN.zip,eb9c2dcd1e9cc1ac1ae85f1a4e759aae4aad57b10c9a0ce7a1320dfefd2245ad
2016-01-25,1,1,True,,23,v28_seed_202_FROZEN.zip,eb9c2dcd1e9cc1ac1ae85f1a4e759aae4aad57b10c9a0ce7a1320dfefd2245ad
2016-01-26,0,0,True,,24,v28_seed_202_FROZEN.zip,eb9c2dcd1e9cc1ac1ae85f1a4e759aae4aad57b10c9a0ce7a1320dfefd2245ad
2016-01-27,1,1,True,,25,v28_seed_202_FROZEN.zip,eb9c2dcd1e9cc1ac1ae85f1a4e759aae4aad57b10c9a0ce7a1320dfefd2245ad
2016-01-28,1,1,False,,25,v28_seed_202_FROZEN.zip,eb9c2dcd1e9cc1ac1ae85f1a4e759aae4aad57b10c9a0ce7a1320dfefd2245ad
2016-01-29,1,1,False,,25,v28_seed_202_FROZEN.zip,eb9c2dcd1e9cc1ac1ae85f1a4e759aae4aad57b10c9a0ce7a1320dfefd2245ad
2016-02-01,1,1,False,,25,v28_seed_202_FROZEN.zip,eb9c2dcd1e9cc1ac1ae85f1a4e759aae4aad57b10c9a0ce7a1320dfefd2245ad
2016-02-02,0,0,True,,26,v28_seed_202_FROZEN.zip,eb9c2dcd1e9cc1ac1ae85f1a4e759aae4aad57b10c9a0ce7a1320dfefd2245ad
2016-02-03,1,1,True,,27,v28_seed_202_FROZEN.zip,eb9c2dcd1e9cc1ac1ae85f1a4e759aae4aad57b10c9a0ce7a1320dfefd2245ad
2016-02-04,0,0,True,,28,v28_seed_202_FROZEN.zip,eb9c2dcd1e9cc1ac1ae85f1a4e759aae4aad57b10c9a0ce7a1320dfefd2245ad
2016-02-05,0,0,False,,28,v28_seed_202_FROZEN.zip,eb9c2dcd1e9cc1ac1ae85f1a4e759aae4aad57b10c9a0ce7a1320dfefd2245ad
2016-02-08,1,1,True,,29,v28_seed_202_FROZEN.zip,eb9c2dcd1e9cc1ac1ae85f1a4e759aae4aad57b10c9a0ce7a1320dfefd2245ad
2016-02-09,0,0,True,,30,v28_seed_202_FROZEN.zip,eb9c2dcd1e9cc1ac1ae85f1a4e759aae4aad57b10c9a0ce7a1320dfefd2245ad
2016-02-10,0,0,False,,30,v28_seed_202_FROZEN.zip,eb9c2dcd1e9cc1ac1ae85f1a4e759aae4aad57b10c9a0ce7a1320dfefd2245ad
2016-02-11,1,1,True,,31,v28_seed_202_FROZEN.zip,eb9c2dcd1e9cc1ac1ae85f1a4e759aae4aad57b10c9a0ce7a1320dfefd2245ad
2016-02-12,0,0,True,,32,v28_seed_202_FROZEN.zip,eb9c2dcd1e9cc1ac1ae85f1a4e759aae4aad57b10c9a0ce7a1320dfefd2245ad
2016-02-16,0,0,False,,32,v28_seed_202_FROZEN.zip,eb9c2dcd1e9cc1ac1ae85f1a4e759aae4aad57b10c9a0ce7a1320dfefd2245ad
2016-02-17,1,1,True,,33,v28_seed_202_FROZEN.zip,eb9c2dcd1e9cc1ac1ae85f1a4e759aae4aad57b10c9a0ce7a1320dfefd2245ad
2016-02-18,1,1,False,,33,v28_seed_202_FROZEN.zip,eb9c2dcd1e9cc1ac1ae85f1a4e759aae4aad57b10c9a0ce7a1320dfefd2245ad
2016-02-19,1,1,False,,33,v28_seed_202_FROZEN.zip,eb9c2dcd1e9cc1ac1ae85f1a4e759aae4aad57b10c9a0ce7a1320dfefd2245ad
2016-02-22,1,1,False,,33,v28_seed_202_FROZEN.zip,eb9c2dcd1e9cc1ac1ae85f1a4e759aae4aad57b10c9a0ce7a1320dfefd2245ad
2016-02-23,0,0,True,,34,v28_seed_202_FROZEN.zip,eb9c2dcd1e9cc1ac1ae85f1a4e759aae4aad57b10c9a0ce7a1320dfefd2245ad
2016-02-24,1,1,True,,35,v28_seed_202_FROZEN.zip,eb9c2dcd1e9cc1ac1ae85f1a4e759aae4aad57b10c9a0ce7a1320dfefd2245ad
2016-02-25,1,1,False,,35,v28_seed_202_FROZEN.zip,eb9c2dcd1e9cc1ac1ae85f1a4e759aae4aad57b10c9a0ce7a1320dfefd2245ad
2016-02-26,1,1,False,,35,v28_seed_202_FROZEN.zip,eb9c2dcd1e9cc1ac1ae85f1a4e759aae4aad57b10c9a0ce7a1320dfefd2245ad
2016-02-29,1,1,False,,35,v28_seed_202_FROZEN.zip,eb9c2dcd1e9cc1ac1ae85f1a4e759aae4aad57b10c9a0ce7a1320dfefd2245ad
2016-03-01,1,1,False,,35,v28_seed_202_FROZEN.zip,eb9c2dcd1e9cc1ac1ae85f1a4e759aae4aad57b10c9a0ce7a1320dfefd2245ad
2016-03-02,1,1,False,,35,v28_seed_202_FROZEN.zip,eb9c2dcd1e9cc1ac1ae85f1a4e759aae4aad57b10c9a0ce7a1320dfefd2245ad
2016-03-03,1,1,False,,35,v28_seed_202_FROZEN.zip,eb9c2dcd1e9cc1ac1ae85f1a4e759aae4aad57b10c9a0ce7a1320dfefd2245ad
2016-03-04,1,1,False,,35,v28_seed_202_FROZEN.zip,eb9c2dcd1e9cc1ac1ae85f1a4e759aae4aad57b10c9a0ce7a1320dfefd2245ad
2016-03-07,1,1,False,,35,v28_seed_202_FROZEN.zip,eb9c2dcd1e9cc1ac1ae85f1a4e759aae4aad57b10c9a0ce7a1320dfefd2245ad
2016-03-08,1,1,False,,35,v28_seed_202_FROZEN.zip,eb9c2dcd1e9cc1ac1ae85f1a4e759aae4aad57b10c9a0ce7a1320dfefd2245ad
2016-03-09,1,1,False,,35,v28_seed_202_FROZEN.zip,eb9c2dcd1e9cc1ac1ae85f1a4e759aae4aad57b10c9a0ce7a1320dfefd2245ad
2016-03-10,1,1,False,,35,v28_seed_202_FROZEN.zip,eb9c2dcd1e9cc1ac1ae85f1a4e759aae4aad57b10c9a0ce7a1320dfefd2245ad
2016-03-11,0,0,True,,36,v28_seed_202_FROZEN.zip,eb9c2dcd1e9cc1ac1ae85f1a4e759aae4aad57b10c9a0ce7a1320dfefd2245ad
2016-03-14,1,1,True,,37,v28_seed_202_FROZEN.zip,eb9c2dcd1e9cc1ac1ae85f1a4e759aae4aad57b10c9a0ce7a1320dfefd2245ad
2016-03-15,1,1,False,,37,v28_seed_202_FROZEN.zip,eb9c2dcd1e9cc1ac1ae85f1a4e759aae4aad57b10c9a0ce7a1320dfefd2245ad
2016-03-16,1,1,False,,37,v28_seed_202_FROZEN.zip,eb9c2dcd1e9cc1ac1ae85f1a4e759aae4aad57b10c9a0ce7a1320dfefd2245ad
2016-03-17,1,1,False,,37,v28_seed_202_FROZEN.zip,eb9c2dcd1e9cc1ac1ae85f1a4e759aae4aad57b10c9a0ce7a1320dfefd2245ad
2016-03-18,1,1,False,,37,v28_seed_202_FROZEN.zip,eb9c2dcd1e9cc1ac1ae85f1a4e759aae4aad57b10c9a0ce7a1320dfefd2245ad
2016-03-21,1,1,False,,37,v28_seed_202_FROZEN.zip,eb9c2dcd1e9cc1ac1ae85f1a4e759aae4aad57b10c9a0ce7a1320dfefd2245ad
2016-03-22,0,0,True,,38,v28_seed_202_FROZEN.zip,eb9c2dcd1e9cc1ac1ae85f1a4e759aae4aad57b10c9a0ce7a1320dfefd2245ad
2016-03-23,0,0,False,,38,v28_seed_202_FROZEN.zip,eb9c2dcd1e9cc1ac1ae85f1a4e759aae4aad57b10c9a0ce7a1320dfefd2245ad
2016-03-24,1,1,True,,39,v28_seed_202_FROZEN.zip,eb9c2dcd1e9cc1ac1ae85f1a4e759aae4aad57b10c9a0ce7a1320dfefd2245ad
2016-03-28,1,1,False,,39,v28_seed_202_FROZEN.zip,eb9c2dcd1e9cc1ac1ae85f1a4e759aae4aad57b10c9a0ce7a1320dfefd2245ad
2016-03-29,1,1,False,,39,v28_seed_202_FROZEN.zip,eb9c2dcd1e9cc1ac1ae85f1a4e759aae4aad57b10c9a0ce7a1320dfefd2245ad
2016-03-30,1,1,False,,39,v28_seed_202_FROZEN.zip,eb9c2dcd1e9cc1ac1ae85f1a4e759aae4aad57b10c9a0ce7a1320dfefd2245ad
2016-03-31,1,1,False,,39,v28_seed_202_FROZEN.zip,eb9c2dcd1e9cc1ac1ae85f1a4e759aae4aad57b10c9a0ce7a1320dfefd2245ad
2016-04-01,1,1,False,,39,v28_seed_202_FROZEN.zip,eb9c2dcd1e9cc1ac1ae85f1a4e759aae4aad57b10c9a0ce7a1320dfefd2245ad
2016-04-04,1,1,False,,39,v28_seed_202_FROZEN.zip,eb9c2dcd1e9cc1ac1ae85f1a4e759aae4aad57b10c9a0ce7a1320dfefd2245ad
2016-04-05,1,1,False,,39,v28_seed_202_FROZEN.zip,eb9c2dcd1e9cc1ac1ae85f1a4e759aae4aad57b10c9a0ce7a1320dfefd2245ad
2016-04-06,0,0,True,,40,v28_seed_202_FROZEN.zip,eb9c2dcd1e9cc1ac1ae85f1a4e759aae4aad57b10c9a0ce7a1320dfefd2245ad
2016-04-07,1,1,True,,41,v28_seed_202_FROZEN.zip,eb9c2dcd1e9cc1ac1ae85f1a4e759aae4aad57b10c9a0ce7a1320dfefd2245ad
2016-04-08,1,1,False,,41,v28_seed_202_FROZEN.zip,eb9c2dcd1e9cc1ac1ae85f1a4e759aae4aad57b10c9a0ce7a1320dfefd2245ad
2016-04-11,1,1,False,,41,v28_seed_202_FROZEN.zip,eb9c2dcd1e9cc1ac1ae85f1a4e759aae4aad57b10c9a0ce7a1320dfefd2245ad
2016-04-12,1,1,False,,41,v28_seed_202_FROZEN.zip,eb9c2dcd1e9cc1ac1ae85f1a4e759aae4aad57b10c9a0ce7a1320dfefd2245ad
2016-04-13,1,1,False,,41,v28_seed_202_FROZEN.zip,eb9c2dcd1e9cc1ac1ae85f1a4e759aae4aad57b10c9a0ce7a1320dfefd2245ad
2016-04-14,1,1,False,,41,v28_seed_202_FROZEN.zip,eb9c2dcd1e9cc1ac1ae85f1a4e759aae4aad57b10c9a0ce7a1320dfefd2245ad
2016-04-15,1,1,False,,41,v28_seed_202_FROZEN.zip,eb9c2dcd1e9cc1ac1ae85f1a4e759aae4aad57b10c9a0ce7a1320dfefd2245ad
2016-04-18,1,1,False,,41,v28_seed_202_FROZEN.zip,eb9c2dcd1e9cc1ac1ae85f1a4e759aae4aad57b10c9a0ce7a1320dfefd2245ad
2016-04-19,1,1,False,,41,v28_seed_202_FROZEN.zip,eb9c2dcd1e9cc1ac1ae85f1a4e759aae4aad57b10c9a0ce7a1320dfefd2245ad
2016-04-20,1,1,False,,41,v28_seed_202_FROZEN.zip,eb9c2dcd1e9cc1ac1ae85f1a4e759aae4aad57b10c9a0ce7a1320dfefd2245ad
2016-04-21,1,1,False,,41,v28_seed_202_FROZEN.zip,eb9c2dcd1e9cc1ac1ae85f1a4e759aae4aad57b10c9a0ce7a1320dfefd2245ad
2016-04-22,1,1,False,,41,v28_seed_202_FROZEN.zip,eb9c2dcd1e9cc1ac1ae85f1a4e759aae4aad57b10c9a0ce7a1320dfefd2245ad
2016-04-25,1,1,False,,41,v28_seed_202_FROZEN.zip,eb9c2dcd1e9cc1ac1ae85f1a4e759aae4aad57b10c9a0ce7a1320dfefd2245ad
2016-04-26,1,1,False,,41,v28_seed_202_FROZEN.zip,eb9c2dcd1e9cc1ac1ae85f1a4e759aae4aad57b10c9a0ce7a1320dfefd2245ad
2016-04-27,1,1,False,,41,v28_seed_202_FROZEN.zip,eb9c2dcd1e9cc1ac1ae85f1a4e759aae4aad57b10c9a0ce7a1320dfefd2245ad
2016-04-28,1,1,False,,41,v28_seed_202_FROZEN.zip,eb9c2dcd1e9cc1ac1ae85f1a4e759aae4aad57b10c9a0ce7a1320dfefd2245ad
2016-04-29,1,1,False,,41,v28_seed_202_FROZEN.zip,eb9c2dcd1e9cc1ac1ae85f1a4e759aae4aad57b10c9a0ce7a1320dfefd2245ad
2016-05-02,0,0,True,,42,v28_seed_202_FROZEN.zip,eb9c2dcd1e9cc1ac1ae85f1a4e759aae4aad57b10c9a0ce7a1320dfefd2245ad
2016-05-03,0,0,False,,42,v28_seed_202_FROZEN.zip,eb9c2dcd1e9cc1ac1ae85f1a4e759aae4aad57b10c9a0ce7a1320dfefd2245ad
2016-05-04,1,1,True,,43,v28_seed_202_FROZEN.zip,eb9c2dcd1e9cc1ac1ae85f1a4e759aae4aad57b10c9a0ce7a1320dfefd2245ad
2016-05-05,1,1,False,,43,v28_seed_202_FROZEN.zip,eb9c2dcd1e9cc1ac1ae85f1a4e759aae4aad57b10c9a0ce7a1320dfefd2245ad
2016-05-06,1,1,False,,43,v28_seed_202_FROZEN.zip,eb9c2dcd1e9cc1ac1ae85f1a4e759aae4aad57b10c9a0ce7a1320dfefd2245ad
2016-05-09,1,1,False,,43,v28_seed_202_FROZEN.zip,eb9c2dcd1e9cc1ac1ae85f1a4e759aae4aad57b10c9a0ce7a1320dfefd2245ad
2016-05-10,0,0,True,,44,v28_seed_202_FROZEN.zip,eb9c2dcd1e9cc1ac1ae85f1a4e759aae4aad57b10c9a0ce7a1320dfefd2245ad
2016-05-11,1,1,True,,45,v28_seed_202_FROZEN.zip,eb9c2dcd1e9cc1ac1ae85f1a4e759aae4aad57b10c9a0ce7a1320dfefd2245ad
2016-05-12,1,1,False,,45,v28_seed_202_FROZEN.zip,eb9c2dcd1e9cc1ac1ae85f1a4e759aae4aad57b10c9a0ce7a1320dfefd2245ad
2016-05-13,1,1,False,,45,v28_seed_202_FROZEN.zip,eb9c2dcd1e9cc1ac1ae85f1a4e759aae4aad57b10c9a0ce7a1320dfefd2245ad
2016-05-16,0,0,True,,46,v28_seed_202_FROZEN.zip,eb9c2dcd1e9cc1ac1ae85f1a4e759aae4aad57b10c9a0ce7a1320dfefd2245ad
2016-05-17,0,0,False,,46,v28_seed_202_FROZEN.zip,eb9c2dcd1e9cc1ac1ae85f1a4e759aae4aad57b10c9a0ce7a1320dfefd2245ad
2016-05-18,1,1,True,,47,v28_seed_202_FROZEN.zip,eb9c2dcd1e9cc1ac1ae85f1a4e759aae4aad57b10c9a0ce7a1320dfefd2245ad
2016-05-19,1,1,False,,47,v28_seed_202_FROZEN.zip,eb9c2dcd1e9cc1ac1ae85f1a4e759aae4aad57b10c9a0ce7a1320dfefd2245ad
2016-05-20,1,1,False,,47,v28_seed_202_FROZEN.zip,eb9c2dcd1e9cc1ac1ae85f1a4e759aae4aad57b10c9a0ce7a1320dfefd2245ad
2016-05-23,1,1,False,,47,v28_seed_202_FROZEN.zip,eb9c2dcd1e9cc1ac1ae85f1a4e759aae4aad57b10c9a0ce7a1320dfefd2245ad
2016-05-24,1,1,False,,47,v28_seed_202_FROZEN.zip,eb9c2dcd1e9cc1ac1ae85f1a4e759aae4aad57b10c9a0ce7a1320dfefd2245ad
2016-05-25,1,1,False,,47,v28_seed_202_FROZEN.zip,eb9c2dcd1e9cc1ac1ae85f1a4e759aae4aad57b10c9a0ce7a1320dfefd2245ad
2016-05-26,1,1,False,,47,v28_seed_202_FROZEN.zip,eb9c2dcd1e9cc1ac1ae85f1a4e759aae4aad57b10c9a0ce7a1320dfefd2245ad
2016-05-27,1,1,False,,47,v28_seed_202_FROZEN.zip,eb9c2dcd1e9cc1ac1ae85f1a4e759aae4aad57b10c9a0ce7a1320dfefd2245ad
2016-05-31,1,1,False,,47,v28_seed_202_FROZEN.zip,eb9c2dcd1e9cc1ac1ae85f1a4e759aae4aad57b10c9a0ce7a1320dfefd2245ad
2016-06-01,0,0,True,,48,v28_seed_202_FROZEN.zip,eb9c2dcd1e9cc1ac1ae85f1a4e759aae4aad57b10c9a0ce7a1320dfefd2245ad
2016-06-02,0,0,False,,48,v28_seed_202_FROZEN.zip,eb9c2dcd1e9cc1ac1ae85f1a4e759aae4aad57b10c9a0ce7a1320dfefd2245ad
2016-06-03,1,1,True,,49,v28_seed_202_FROZEN.zip,eb9c2dcd1e9cc1ac1ae85f1a4e759aae4aad57b10c9a0ce7a1320dfefd2245ad
2016-06-06,0,0,True,,50,v28_seed_202_FROZEN.zip,eb9c2dcd1e9cc1ac1ae85f1a4e759aae4aad57b10c9a0ce7a1320dfefd2245ad
2016-06-07,1,1,True,,51,v28_seed_202_FROZEN.zip,eb9c2dcd1e9cc1ac1ae85f1a4e759aae4aad57b10c9a0ce7a1320dfefd2245ad
2016-06-08,0,0,True,,52,v28_seed_202_FROZEN.zip,eb9c2dcd1e9cc1ac1ae85f1a4e759aae4aad57b10c9a0ce7a1320dfefd2245ad
2016-06-09,0,0,False,,52,v28_seed_202_FROZEN.zip,eb9c2dcd1e9cc1ac1ae85f1a4e759aae4aad57b10c9a0ce7a1320dfefd2245ad
2016-06-10,0,0,False,,52,v28_seed_202_FROZEN.zip,eb9c2dcd1e9cc1ac1ae85f1a4e759aae4aad57b10c9a0ce7a1320dfefd2245ad
2016-06-13,0,0,False,,52,v28_seed_202_FROZEN.zip,eb9c2dcd1e9cc1ac1ae85f1a4e759aae4aad57b10c9a0ce7a1320dfefd2245ad
2016-06-14,1,1,True,,53,v28_seed_202_FROZEN.zip,eb9c2dcd1e9cc1ac1ae85f1a4e759aae4aad57b10c9a0ce7a1320dfefd2245ad
2016-06-15,1,1,False,,53,v28_seed_202_FROZEN.zip,eb9c2dcd1e9cc1ac1ae85f1a4e759aae4aad57b10c9a0ce7a1320dfefd2245ad
2016-06-16,1,1,False,,53,v28_seed_202_FROZEN.zip,eb9c2dcd1e9cc1ac1ae85f1a4e759aae4aad57b10c9a0ce7a1320dfefd2245ad
2016-06-17,1,1,False,,53,v28_seed_202_FROZEN.zip,eb9c2dcd1e9cc1ac1ae85f1a4e759aae4aad57b10c9a0ce7a1320dfefd2245ad
2016-06-20,0,0,True,,54,v28_seed_202_FROZEN.zip,eb9c2dcd1e9cc1ac1ae85f1a4e759aae4aad57b10c9a0ce7a1320dfefd2245ad
2016-06-21,1,1,True,,55,v28_seed_202_FROZEN.zip,eb9c2dcd1e9cc1ac1ae85f1a4e759aae4aad57b10c9a0ce7a1320dfefd2245ad
2016-06-22,0,0,True,,56,v28_seed_202_FROZEN.zip,eb9c2dcd1e9cc1ac1ae85f1a4e759aae4aad57b10c9a0ce7a1320dfefd2245ad
2016-06-23,0,0,False,,56,v28_seed_202_FROZEN.zip,eb9c2dcd1e9cc1ac1ae85f1a4e759aae4aad57b10c9a0ce7a1320dfefd2245ad
2016-06-24,0,0,False,,56,v28_seed_202_FROZEN.zip,eb9c2dcd1e9cc1ac1ae85f1a4e759aae4aad57b10c9a0ce7a1320dfefd2245ad
2016-06-27,1,1,True,,57,v28_seed_202_FROZEN.zip,eb9c2dcd1e9cc1ac1ae85f1a4e759aae4aad57b10c9a0ce7a1320dfefd2245ad
2016-06-28,1,1,False,,57,v28_seed_202_FROZEN.zip,eb9c2dcd1e9cc1ac1ae85f1a4e759aae4aad57b10c9a0ce7a1320dfefd2245ad
2016-06-29,0,0,True,,58,v28_seed_202_FROZEN.zip,eb9c2dcd1e9cc1ac1ae85f1a4e759aae4aad57b10c9a0ce7a1320dfefd2245ad
2016-06-30,1,1,True,,59,v28_seed_202_FROZEN.zip,eb9c2dcd1e9cc1ac1ae85f1a4e759aae4aad57b10c9a0ce7a1320dfefd2245ad
2016-07-01,0,0,True,,60,v28_seed_202_FROZEN.zip,eb9c2dcd1e9cc1ac1ae85f1a4e759aae4aad57b10c9a0ce7a1320dfefd2245ad
2016-07-05,0,0,False,,60,v28_seed_202_FROZEN.zip,eb9c2dcd1e9cc1ac1ae85f1a4e759aae4aad57b10c9a0ce7a1320dfefd2245ad
2016-07-06,1,1,True,,61,v28_seed_202_FROZEN.zip,eb9c2dcd1e9cc1ac1ae85f1a4e759aae4aad57b10c9a0ce7a1320dfefd2245ad
2016-07-07,1,1,False,,61,v28_seed_202_FROZEN.zip,eb9c2dcd1e9cc1ac1ae85f1a4e759aae4aad57b10c9a0ce7a1320dfefd2245ad
2016-07-08,1,1,False,,61,v28_seed_202_FROZEN.zip,eb9c2dcd1e9cc1ac1ae85f1a4e759aae4aad57b10c9a0ce7a1320dfefd2245ad
2016-07-11,1,1,False,,61,v28_seed_202_FROZEN.zip,eb9c2dcd1e9cc1ac1ae85f1a4e759aae4aad57b10c9a0ce7a1320dfefd2245ad
2016-07-12,0,0,True,,62,v28_seed_202_FROZEN.zip,eb9c2dcd1e9cc1ac1ae85f1a4e759aae4aad57b10c9a0ce7a1320dfefd2245ad
2016-07-13,1,1,True,,63,v28_seed_202_FROZEN.zip,eb9c2dcd1e9cc1ac1ae85f1a4e759aae4aad57b10c9a0ce7a1320dfefd2245ad
2016-07-14,1,1,False,,63,v28_seed_202_FROZEN.zip,eb9c2dcd1e9cc1ac1ae85f1a4e759aae4aad57b10c9a0ce7a1320dfefd2245ad
2016-07-15,1,1,False,,63,v28_seed_202_FROZEN.zip,eb9c2dcd1e9cc1ac1ae85f1a4e759aae4aad57b10c9a0ce7a1320dfefd2245ad
2016-07-18,1,1,False,,63,v28_seed_202_FROZEN.zip,eb9c2dcd1e9cc1ac1ae85f1a4e759aae4aad57b10c9a0ce7a1320dfefd2245ad
2016-07-19,1,1,False,,63,v28_seed_202_FROZEN.zip,eb9c2dcd1e9cc1ac1ae85f1a4e759aae4aad57b10c9a0ce7a1320dfefd2245ad
2016-07-20,0,0,True,,64,v28_seed_202_FROZEN.zip,eb9c2dcd1e9cc1ac1ae85f1a4e759aae4aad57b10c9a0ce7a1320dfefd2245ad
2016-07-21,1,1,True,,65,v28_seed_202_FROZEN.zip,eb9c2dcd1e9cc1ac1ae85f1a4e759aae4aad57b10c9a0ce7a1320dfefd2245ad
2016-07-22,0,0,True,,66,v28_seed_202_FROZEN.zip,eb9c2dcd1e9cc1ac1ae85f1a4e759aae4aad57b10c9a0ce7a1320dfefd2245ad
2016-07-25,0,0,False,,66,v28_seed_202_FROZEN.zip,eb9c2dcd1e9cc1ac1ae85f1a4e759aae4aad57b10c9a0ce7a1320dfefd2245ad
2016-07-26,1,1,True,,67,v28_seed_202_FROZEN.zip,eb9c2dcd1e9cc1ac1ae85f1a4e759aae4aad57b10c9a0ce7a1320dfefd2245ad
2016-07-27,0,0,True,,68,v28_seed_202_FROZEN.zip,eb9c2dcd1e9cc1ac1ae85f1a4e759aae4aad57b10c9a0ce7a1320dfefd2245ad
2016-07-28,1,1,True,,69,v28_seed_202_FROZEN.zip,eb9c2dcd1e9cc1ac1ae85f1a4e759aae4aad57b10c9a0ce7a1320dfefd2245ad
2016-07-29,0,0,True,,70,v28_seed_202_FROZEN.zip,eb9c2dcd1e9cc1ac1ae85f1a4e759aae4aad57b10c9a0ce7a1320dfefd2245ad
2016-08-01,0,0,False,,70,v28_seed_202_FROZEN.zip,eb9c2dcd1e9cc1ac1ae85f1a4e759aae4aad57b10c9a0ce7a1320dfefd2245ad
2016-08-02,1,1,True,,71,v28_seed_202_FROZEN.zip,eb9c2dcd1e9cc1ac1ae85f1a4e759aae4aad57b10c9a0ce7a1320dfefd2245ad
2016-08-03,0,0,True,,72,v28_seed_202_FROZEN.zip,eb9c2dcd1e9cc1ac1ae85f1a4e759aae4aad57b10c9a0ce7a1320dfefd2245ad
2016-08-04,1,1,True,,73,v28_seed_202_FROZEN.zip,eb9c2dcd1e9cc1ac1ae85f1a4e759aae4aad57b10c9a0ce7a1320dfefd2245ad
2016-08-05,0,0,True,,74,v28_seed_202_FROZEN.zip,eb9c2dcd1e9cc1ac1ae85f1a4e759aae4aad57b10c9a0ce7a1320dfefd2245ad
2016-08-08,1,1,True,,75,v28_seed_202_FROZEN.zip,eb9c2dcd1e9cc1ac1ae85f1a4e759aae4aad57b10c9a0ce7a1320dfefd2245ad
2016-08-09,1,1,False,,75,v28_seed_202_FROZEN.zip,eb9c2dcd1e9cc1ac1ae85f1a4e759aae4aad57b10c9a0ce7a1320dfefd2245ad
2016-08-10,1,1,False,,75,v28_seed_202_FROZEN.zip,eb9c2dcd1e9cc1ac1ae85f1a4e759aae4aad57b10c9a0ce7a1320dfefd2245ad
2016-08-11,0,0,True,,76,v28_seed_202_FROZEN.zip,eb9c2dcd1e9cc1ac1ae85f1a4e759aae4aad57b10c9a0ce7a1320dfefd2245ad
2016-08-12,1,1,True,,77,v28_seed_202_FROZEN.zip,eb9c2dcd1e9cc1ac1ae85f1a4e759aae4aad57b10c9a0ce7a1320dfefd2245ad
2016-08-15,0,0,True,,78,v28_seed_202_FROZEN.zip,eb9c2dcd1e9cc1ac1ae85f1a4e759aae4aad57b10c9a0ce7a1320dfefd2245ad
2016-08-16,1,1,True,,79,v28_seed_202_FROZEN.zip,eb9c2dcd1e9cc1ac1ae85f1a4e759aae4aad57b10c9a0ce7a1320dfefd2245ad
2016-08-17,1,1,False,,79,v28_seed_202_FROZEN.zip,eb9c2dcd1e9cc1ac1ae85f1a4e759aae4aad57b10c9a0ce7a1320dfefd2245ad
2016-08-18,0,0,True,,80,v28_seed_202_FROZEN.zip,eb9c2dcd1e9cc1ac1ae85f1a4e759aae4aad57b10c9a0ce7a1320dfefd2245ad
2016-08-19,0,0,False,,80,v28_seed_202_FROZEN.zip,eb9c2dcd1e9cc1ac1ae85f1a4e759aae4aad57b10c9a0ce7a1320dfefd2245ad
2016-08-22,1,1,True,,81,v28_seed_202_FROZEN.zip,eb9c2dcd1e9cc1ac1ae85f1a4e759aae4aad57b10c9a0ce7a1320dfefd2245ad
2016-08-23,1,1,False,,81,v28_seed_202_FROZEN.zip,eb9c2dcd1e9cc1ac1ae85f1a4e759aae4aad57b10c9a0ce7a1320dfefd2245ad
2016-08-24,1,1,False,,81,v28_seed_202_FROZEN.zip,eb9c2dcd1e9cc1ac1ae85f1a4e759aae4aad57b10c9a0ce7a1320dfefd2245ad
2016-08-25,1,1,False,,81,v28_seed_202_FROZEN.zip,eb9c2dcd1e9cc1ac1ae85f1a4e759aae4aad57b10c9a0ce7a1320dfefd2245ad
2016-08-26,1,1,False,,81,v28_seed_202_FROZEN.zip,eb9c2dcd1e9cc1ac1ae85f1a4e759aae4aad57b10c9a0ce7a1320dfefd2245ad
2016-08-29,0,0,True,,82,v28_seed_202_FROZEN.zip,eb9c2dcd1e9cc1ac1ae85f1a4e759aae4aad57b10c9a0ce7a1320dfefd2245ad
2016-08-30,0,0,False,,82,v28_seed_202_FROZEN.zip,eb9c2dcd1e9cc1ac1ae85f1a4e759aae4aad57b10c9a0ce7a1320dfefd2245ad
2016-08-31,1,1,True,,83,v28_seed_202_FROZEN.zip,eb9c2dcd1e9cc1ac1ae85f1a4e759aae4aad57b10c9a0ce7a1320dfefd2245ad
2016-09-01,1,1,False,,83,v28_seed_202_FROZEN.zip,eb9c2dcd1e9cc1ac1ae85f1a4e759aae4aad57b10c9a0ce7a1320dfefd2245ad
2016-09-02,0,0,True,,84,v28_seed_202_FROZEN.zip,eb9c2dcd1e9cc1ac1ae85f1a4e759aae4aad57b10c9a0ce7a1320dfefd2245ad
2016-09-06,0,0,False,,84,v28_seed_202_FROZEN.zip,eb9c2dcd1e9cc1ac1ae85f1a4e759aae4aad57b10c9a0ce7a1320dfefd2245ad
2016-09-07,0,0,False,,84,v28_seed_202_FROZEN.zip,eb9c2dcd1e9cc1ac1ae85f1a4e759aae4aad57b10c9a0ce7a1320dfefd2245ad
2016-09-08,0,0,False,,84,v28_seed_202_FROZEN.zip,eb9c2dcd1e9cc1ac1ae85f1a4e759aae4aad57b10c9a0ce7a1320dfefd2245ad
2016-09-09,1,1,True,,85,v28_seed_202_FROZEN.zip,eb9c2dcd1e9cc1ac1ae85f1a4e759aae4aad57b10c9a0ce7a1320dfefd2245ad
2016-09-12,0,0,True,,86,v28_seed_202_FROZEN.zip,eb9c2dcd1e9cc1ac1ae85f1a4e759aae4aad57b10c9a0ce7a1320dfefd2245ad
2016-09-13,0,0,False,,86,v28_seed_202_FROZEN.zip,eb9c2dcd1e9cc1ac1ae85f1a4e759aae4aad57b10c9a0ce7a1320dfefd2245ad
2016-09-14,1,1,True,,87,v28_seed_202_FROZEN.zip,eb9c2dcd1e9cc1ac1ae85f1a4e759aae4aad57b10c9a0ce7a1320dfefd2245ad
2016-09-15,1,1,False,,87,v28_seed_202_FROZEN.zip,eb9c2dcd1e9cc1ac1ae85f1a4e759aae4aad57b10c9a0ce7a1320dfefd2245ad
2016-09-16,0,0,True,,88,v28_seed_202_FROZEN.zip,eb9c2dcd1e9cc1ac1ae85f1a4e759aae4aad57b10c9a0ce7a1320dfefd2245ad
2016-09-19,1,1,True,,89,v28_seed_202_FROZEN.zip,eb9c2dcd1e9cc1ac1ae85f1a4e759aae4aad57b10c9a0ce7a1320dfefd2245ad
2016-09-20,1,1,False,,89,v28_seed_202_FROZEN.zip,eb9c2dcd1e9cc1ac1ae85f1a4e759aae4aad57b10c9a0ce7a1320dfefd2245ad
2016-09-21,1,1,False,,89,v28_seed_202_FROZEN.zip,eb9c2dcd1e9cc1ac1ae85f1a4e759aae4aad57b10c9a0ce7a1320dfefd2245ad
2016-09-22,0,0,True,,90,v28_seed_202_FROZEN.zip,eb9c2dcd1e9cc1ac1ae85f1a4e759aae4aad57b10c9a0ce7a1320dfefd2245ad
2016-09-23,1,1,True,,91,v28_seed_202_FROZEN.zip,eb9c2dcd1e9cc1ac1ae85f1a4e759aae4aad57b10c9a0ce7a1320dfefd2245ad
2016-09-26,1,1,False,,91,v28_seed_202_FROZEN.zip,eb9c2dcd1e9cc1ac1ae85f1a4e759aae4aad57b10c9a0ce7a1320dfefd2245ad
2016-09-27,1,1,False,,91,v28_seed_202_FROZEN.zip,eb9c2dcd1e9cc1ac1ae85f1a4e759aae4aad57b10c9a0ce7a1320dfefd2245ad
2016-09-28,1,1,False,,91,v28_seed_202_FROZEN.zip,eb9c2dcd1e9cc1ac1ae85f1a4e759aae4aad57b10c9a0ce7a1320dfefd2245ad
2016-09-29,1,1,False,,91,v28_seed_202_FROZEN.zip,eb9c2dcd1e9cc1ac1ae85f1a4e759aae4aad57b10c9a0ce7a1320dfefd2245ad
2016-09-30,0,0,True,,92,v28_seed_202_FROZEN.zip,eb9c2dcd1e9cc1ac1ae85f1a4e759aae4aad57b10c9a0ce7a1320dfefd2245ad
2016-10-03,0,0,False,,92,v28_seed_202_FROZEN.zip,eb9c2dcd1e9cc1ac1ae85f1a4e759aae4aad57b10c9a0ce7a1320dfefd2245ad
2016-10-04,1,1,True,,93,v28_seed_202_FROZEN.zip,eb9c2dcd1e9cc1ac1ae85f1a4e759aae4aad57b10c9a0ce7a1320dfefd2245ad
2016-10-05,1,1,False,,93,v28_seed_202_FROZEN.zip,eb9c2dcd1e9cc1ac1ae85f1a4e759aae4aad57b10c9a0ce7a1320dfefd2245ad
2016-10-06,0,0,True,,94,v28_seed_202_FROZEN.zip,eb9c2dcd1e9cc1ac1ae85f1a4e759aae4aad57b10c9a0ce7a1320dfefd2245ad
2016-10-07,1,1,True,,95,v28_seed_202_FROZEN.zip,eb9c2dcd1e9cc1ac1ae85f1a4e759aae4aad57b10c9a0ce7a1320dfefd2245ad
2016-10-10,0,0,True,,96,v28_seed_202_FROZEN.zip,eb9c2dcd1e9cc1ac1ae85f1a4e759aae4aad57b10c9a0ce7a1320dfefd2245ad
2016-10-11,0,0,False,,96,v28_seed_202_FROZEN.zip,eb9c2dcd1e9cc1ac1ae85f1a4e759aae4aad57b10c9a0ce7a1320dfefd2245ad
2016-10-12,0,0,False,,96,v28_seed_202_FROZEN.zip,eb9c2dcd1e9cc1ac1ae85f1a4e759aae4aad57b10c9a0ce7a1320dfefd2245ad
2016-10-13,0,0,False,,96,v28_seed_202_FROZEN.zip,eb9c2dcd1e9cc1ac1ae85f1a4e759aae4aad57b10c9a0ce7a1320dfefd2245ad
2016-10-14,1,1,True,,97,v28_seed_202_FROZEN.zip,eb9c2dcd1e9cc1ac1ae85f1a4e759aae4aad57b10c9a0ce7a1320dfefd2245ad
2016-10-17,0,0,True,,98,v28_seed_202_FROZEN.zip,eb9c2dcd1e9cc1ac1ae85f1a4e759aae4aad57b10c9a0ce7a1320dfefd2245ad
2016-10-18,0,0,False,,98,v28_seed_202_FROZEN.zip,eb9c2dcd1e9cc1ac1ae85f1a4e759aae4aad57b10c9a0ce7a1320dfefd2245ad
2016-10-19,0,0,False,,98,v28_seed_202_FROZEN.zip,eb9c2dcd1e9cc1ac1ae85f1a4e759aae4aad57b10c9a0ce7a1320dfefd2245ad
2016-10-20,0,0,False,,98,v28_seed_202_FROZEN.zip,eb9c2dcd1e9cc1ac1ae85f1a4e759aae4aad57b10c9a0ce7a1320dfefd2245ad
2016-10-21,1,1,True,,99,v28_seed_202_FROZEN.zip,eb9c2dcd1e9cc1ac1ae85f1a4e759aae4aad57b10c9a0ce7a1320dfefd2245ad
2016-10-24,0,0,True,,100,v28_seed_202_FROZEN.zip,eb9c2dcd1e9cc1ac1ae85f1a4e759aae4aad57b10c9a0ce7a1320dfefd2245ad
2016-10-25,0,0,False,,100,v28_seed_202_FROZEN.zip,eb9c2dcd1e9cc1ac1ae85f1a4e759aae4aad57b10c9a0ce7a1320dfefd2245ad
2016-10-26,1,1,True,,101,v28_seed_202_FROZEN.zip,eb9c2dcd1e9cc1ac1ae85f1a4e759aae4aad57b10c9a0ce7a1320dfefd2245ad
2016-10-27,0,0,True,,102,v28_seed_202_FROZEN.zip,eb9c2dcd1e9cc1ac1ae85f1a4e759aae4aad57b10c9a0ce7a1320dfefd2245ad
2016-10-28,1,1,True,,103,v28_seed_202_FROZEN.zip,eb9c2dcd1e9cc1ac1ae85f1a4e759aae4aad57b10c9a0ce7a1320dfefd2245ad
2016-10-31,0,0,True,,104,v28_seed_202_FROZEN.zip,eb9c2dcd1e9cc1ac1ae85f1a4e759aae4aad57b10c9a0ce7a1320dfefd2245ad
2016-11-01,0,0,False,,104,v28_seed_202_FROZEN.zip,eb9c2dcd1e9cc1ac1ae85f1a4e759aae4aad57b10c9a0ce7a1320dfefd2245ad
2016-11-02,0,0,False,,104,v28_seed_202_FROZEN.zip,eb9c2dcd1e9cc1ac1ae85f1a4e759aae4aad57b10c9a0ce7a1320dfefd2245ad
2016-11-03,0,0,False,,104,v28_seed_202_FROZEN.zip,eb9c2dcd1e9cc1ac1ae85f1a4e759aae4aad57b10c9a0ce7a1320dfefd2245ad
2016-11-04,1,1,True,,105,v28_seed_202_FROZEN.zip,eb9c2dcd1e9cc1ac1ae85f1a4e759aae4aad57b10c9a0ce7a1320dfefd2245ad
2016-11-07,1,1,False,,105,v28_seed_202_FROZEN.zip,eb9c2dcd1e9cc1ac1ae85f1a4e759aae4aad57b10c9a0ce7a1320dfefd2245ad
2016-11-08,1,1,False,,105,v28_seed_202_FROZEN.zip,eb9c2dcd1e9cc1ac1ae85f1a4e759aae4aad57b10c9a0ce7a1320dfefd2245ad
2016-11-09,1,1,False,,105,v28_seed_202_FROZEN.zip,eb9c2dcd1e9cc1ac1ae85f1a4e759aae4aad57b10c9a0ce7a1320dfefd2245ad
2016-11-10,0,0,True,,106,v28_seed_202_FROZEN.zip,eb9c2dcd1e9cc1ac1ae85f1a4e759aae4aad57b10c9a0ce7a1320dfefd2245ad
2016-11-11,0,0,False,,106,v28_seed_202_FROZEN.zip,eb9c2dcd1e9cc1ac1ae85f1a4e759aae4aad57b10c9a0ce7a1320dfefd2245ad
2016-11-14,1,1,True,,107,v28_seed_202_FROZEN.zip,eb9c2dcd1e9cc1ac1ae85f1a4e759aae4aad57b10c9a0ce7a1320dfefd2245ad
2016-11-15,1,1,False,,107,v28_seed_202_FROZEN.zip,eb9c2dcd1e9cc1ac1ae85f1a4e759aae4aad57b10c9a0ce7a1320dfefd2245ad
2016-11-16,1,1,False,,107,v28_seed_202_FROZEN.zip,eb9c2dcd1e9cc1ac1ae85f1a4e759aae4aad57b10c9a0ce7a1320dfefd2245ad
2016-11-17,1,1,False,,107,v28_seed_202_FROZEN.zip,eb9c2dcd1e9cc1ac1ae85f1a4e759aae4aad57b10c9a0ce7a1320dfefd2245ad
2016-11-18,1,1,False,,107,v28_seed_202_FROZEN.zip,eb9c2dcd1e9cc1ac1ae85f1a4e759aae4aad57b10c9a0ce7a1320dfefd2245ad
2016-11-21,1,1,False,,107,v28_seed_202_FROZEN.zip,eb9c2dcd1e9cc1ac1ae85f1a4e759aae4aad57b10c9a0ce7a1320dfefd2245ad
2016-11-22,0,0,True,,108,v28_seed_202_FROZEN.zip,eb9c2dcd1e9cc1ac1ae85f1a4e759aae4aad57b10c9a0ce7a1320dfefd2245ad
2016-11-23,1,1,True,,109,v28_seed_202_FROZEN.zip,eb9c2dcd1e9cc1ac1ae85f1a4e759aae4aad57b10c9a0ce7a1320dfefd2245ad
2016-11-25,0,0,True,,110,v28_seed_202_FROZEN.zip,eb9c2dcd1e9cc1ac1ae85f1a4e759aae4aad57b10c9a0ce7a1320dfefd2245ad
2016-11-28,1,1,True,,111,v28_seed_202_FROZEN.zip,eb9c2dcd1e9cc1ac1ae85f1a4e759aae4aad57b10c9a0ce7a1320dfefd2245ad
2016-11-29,1,1,False,,111,v28_seed_202_FROZEN.zip,eb9c2dcd1e9cc1ac1ae85f1a4e759aae4aad57b10c9a0ce7a1320dfefd2245ad
2016-11-30,0,0,True,,112,v28_seed_202_FROZEN.zip,eb9c2dcd1e9cc1ac1ae85f1a4e759aae4aad57b10c9a0ce7a1320dfefd2245ad
2016-12-01,1,1,True,,113,v28_seed_202_FROZEN.zip,eb9c2dcd1e9cc1ac1ae85f1a4e759aae4aad57b10c9a0ce7a1320dfefd2245ad
2016-12-02,1,1,False,,113,v28_seed_202_FROZEN.zip,eb9c2dcd1e9cc1ac1ae85f1a4e759aae4aad57b10c9a0ce7a1320dfefd2245ad
2016-12-05,1,1,False,,113,v28_seed_202_FROZEN.zip,eb9c2dcd1e9cc1ac1ae85f1a4e759aae4aad57b10c9a0ce7a1320dfefd2245ad
2016-12-06,1,1,False,,113,v28_seed_202_FROZEN.zip,eb9c2dcd1e9cc1ac1ae85f1a4e759aae4aad57b10c9a0ce7a1320dfefd2245ad
2016-12-07,0,0,True,,114,v28_seed_202_FROZEN.zip,eb9c2dcd1e9cc1ac1ae85f1a4e759aae4aad57b10c9a0ce7a1320dfefd2245ad
2016-12-08,0,0,False,,114,v28_seed_202_FROZEN.zip,eb9c2dcd1e9cc1ac1ae85f1a4e759aae4aad57b10c9a0ce7a1320dfefd2245ad
2016-12-09,1,1,True,,115,v28_seed_202_FROZEN.zip,eb9c2dcd1e9cc1ac1ae85f1a4e759aae4aad57b10c9a0ce7a1320dfefd2245ad
2016-12-12,1,1,False,,115,v28_seed_202_FROZEN.zip,eb9c2dcd1e9cc1ac1ae85f1a4e759aae4aad57b10c9a0ce7a1320dfefd2245ad
2016-12-13,0,0,True,,116,v28_seed_202_FROZEN.zip,eb9c2dcd1e9cc1ac1ae85f1a4e759aae4aad57b10c9a0ce7a1320dfefd2245ad
2016-12-14,1,1,True,,117,v28_seed_202_FROZEN.zip,eb9c2dcd1e9cc1ac1ae85f1a4e759aae4aad57b10c9a0ce7a1320dfefd2245ad
2016-12-15,0,0,True,,118,v28_seed_202_FROZEN.zip,eb9c2dcd1e9cc1ac1ae85f1a4e759aae4aad57b10c9a0ce7a1320dfefd2245ad
2016-12-16,0,0,False,,118,v28_seed_202_FROZEN.zip,eb9c2dcd1e9cc1ac1ae85f1a4e759aae4aad57b10c9a0ce7a1320dfefd2245ad
2016-12-19,1,1,True,,119,v28_seed_202_FROZEN.zip,eb9c2dcd1e9cc1ac1ae85f1a4e759aae4aad57b10c9a0ce7a1320dfefd2245ad
2016-12-20,0,0,True,,120,v28_seed_202_FROZEN.zip,eb9c2dcd1e9cc1ac1ae85f1a4e759aae4aad57b10c9a0ce7a1320dfefd2245ad
2016-12-21,1,1,True,,121,v28_seed_202_FROZEN.zip,eb9c2dcd1e9cc1ac1ae85f1a4e759aae4aad57b10c9a0ce7a1320dfefd2245ad
2016-12-22,1,1,False,,121,v28_seed_202_FROZEN.zip,eb9c2dcd1e9cc1ac1ae85f1a4e759aae4aad57b10c9a0ce7a1320dfefd2245ad
2016-12-23,1,1,False,,121,v28_seed_202_FROZEN.zip,eb9c2dcd1e9cc1ac1ae85f1a4e759aae4aad57b10c9a0ce7a1320dfefd2245ad
2016-12-27,0,0,True,,122,v28_seed_202_FROZEN.zip,eb9c2dcd1e9cc1ac1ae85f1a4e759aae4aad57b10c9a0ce7a1320dfefd2245ad
2016-12-28,1,1,True,,123,v28_seed_202_FROZEN.zip,eb9c2dcd1e9cc1ac1ae85f1a4e759aae4aad57b10c9a0ce7a1320dfefd2245ad
2016-12-29,0,0,True,,124,v28_seed_202_FROZEN.zip,eb9c2dcd1e9cc1ac1ae85f1a4e759aae4aad57b10c9a0ce7a1320dfefd2245ad
2016-12-30,0,0,False,,124,v28_seed_202_FROZEN.zip,eb9c2dcd1e9cc1ac1ae85f1a4e759aae4aad57b10c9a0ce7a1320dfefd2245ad
2017-01-03,1,1,True,,125,v28_seed_202_FROZEN.zip,eb9c2dcd1e9cc1ac1ae85f1a4e759aae4aad57b10c9a0ce7a1320dfefd2245ad
2017-01-04,1,1,False,,125,v28_seed_202_FROZEN.zip,eb9c2dcd1e9cc1ac1ae85f1a4e759aae4aad57b10c9a0ce7a1320dfefd2245ad
2017-01-05,1,1,False,,125,v28_seed_202_FROZEN.zip,eb9c2dcd1e9cc1ac1ae85f1a4e759aae4aad57b10c9a0ce7a1320dfefd2245ad
2017-01-06,1,1,False,,125,v28_seed_202_FROZEN.zip,eb9c2dcd1e9cc1ac1ae85f1a4e759aae4aad57b10c9a0ce7a1320dfefd2245ad
2017-01-09,1,1,False,,125,v28_seed_202_FROZEN.zip,eb9c2dcd1e9cc1ac1ae85f1a4e759aae4aad57b10c9a0ce7a1320dfefd2245ad
2017-01-10,1,1,False,,125,v28_seed_202_FROZEN.zip,eb9c2dcd1e9cc1ac1ae85f1a4e759aae4aad57b10c9a0ce7a1320dfefd2245ad
2017-01-11,1,1,False,,125,v28_seed_202_FROZEN.zip,eb9c2dcd1e9cc1ac1ae85f1a4e759aae4aad57b10c9a0ce7a1320dfefd2245ad
2017-01-12,1,1,False,,125,v28_seed_202_FROZEN.zip,eb9c2dcd1e9cc1ac1ae85f1a4e759aae4aad57b10c9a0ce7a1320dfefd2245ad
2017-01-13,1,1,False,,125,v28_seed_202_FROZEN.zip,eb9c2dcd1e9cc1ac1ae85f1a4e759aae4aad57b10c9a0ce7a1320dfefd2245ad
2017-01-17,1,1,False,,125,v28_seed_202_FROZEN.zip,eb9c2dcd1e9cc1ac1ae85f1a4e759aae4aad57b10c9a0ce7a1320dfefd2245ad
2017-01-18,1,1,False,,125,v28_seed_202_FROZEN.zip,eb9c2dcd1e9cc1ac1ae85f1a4e759aae4aad57b10c9a0ce7a1320dfefd2245ad
2017-01-19,1,1,False,,125,v28_seed_202_FROZEN.zip,eb9c2dcd1e9cc1ac1ae85f1a4e759aae4aad57b10c9a0ce7a1320dfefd2245ad
2017-01-20,0,0,True,,126,v28_seed_202_FROZEN.zip,eb9c2dcd1e9cc1ac1ae85f1a4e759aae4aad57b10c9a0ce7a1320dfefd2245ad
2017-01-23,1,1,True,,127,v28_seed_202_FROZEN.zip,eb9c2dcd1e9cc1ac1ae85f1a4e759aae4aad57b10c9a0ce7a1320dfefd2245ad
2017-01-24,1,1,False,,127,v28_seed_202_FROZEN.zip,eb9c2dcd1e9cc1ac1ae85f1a4e759aae4aad57b10c9a0ce7a1320dfefd2245ad
2017-01-25,0,0,True,,128,v28_seed_202_FROZEN.zip,eb9c2dcd1e9cc1ac1ae85f1a4e759aae4aad57b10c9a0ce7a1320dfefd2245ad
2017-01-26,1,1,True,,129,v28_seed_202_FROZEN.zip,eb9c2dcd1e9cc1ac1ae85f1a4e759aae4aad57b10c9a0ce7a1320dfefd2245ad
2017-01-27,1,1,False,,129,v28_seed_202_FROZEN.zip,eb9c2dcd1e9cc1ac1ae85f1a4e759aae4aad57b10c9a0ce7a1320dfefd2245ad
2017-01-30,1,1,False,,129,v28_seed_202_FROZEN.zip,eb9c2dcd1e9cc1ac1ae85f1a4e759aae4aad57b10c9a0ce7a1320dfefd2245ad
2017-01-31,1,1,False,,129,v28_seed_202_FROZEN.zip,eb9c2dcd1e9cc1ac1ae85f1a4e759aae4aad57b10c9a0ce7a1320dfefd2245ad
2017-02-01,1,1,False,,129,v28_seed_202_FROZEN.zip,eb9c2dcd1e9cc1ac1ae85f1a4e759aae4aad57b10c9a0ce7a1320dfefd2245ad
2017-02-02,1,1,False,,129,v28_seed_202_FROZEN.zip,eb9c2dcd1e9cc1ac1ae85f1a4e759aae4aad57b10c9a0ce7a1320dfefd2245ad
2017-02-03,1,1,False,,129,v28_seed_202_FROZEN.zip,eb9c2dcd1e9cc1ac1ae85f1a4e759aae4aad57b10c9a0ce7a1320dfefd2245ad
2017-02-06,1,1,False,,129,v28_seed_202_FROZEN.zip,eb9c2dcd1e9cc1ac1ae85f1a4e759aae4aad57b10c9a0ce7a1320dfefd2245ad
2017-02-07,1,1,False,,129,v28_seed_202_FROZEN.zip,eb9c2dcd1e9cc1ac1ae85f1a4e759aae4aad57b10c9a0ce7a1320dfefd2245ad
2017-02-08,1,1,False,,129,v28_seed_202_FROZEN.zip,eb9c2dcd1e9cc1ac1ae85f1a4e759aae4aad57b10c9a0ce7a1320dfefd2245ad
2017-02-09,1,1,False,,129,v28_seed_202_FROZEN.zip,eb9c2dcd1e9cc1ac1ae85f1a4e759aae4aad57b10c9a0ce7a1320dfefd2245ad
2017-02-10,1,1,False,,129,v28_seed_202_FROZEN.zip,eb9c2dcd1e9cc1ac1ae85f1a4e759aae4aad57b10c9a0ce7a1320dfefd2245ad
2017-02-13,0,0,True,,130,v28_seed_202_FROZEN.zip,eb9c2dcd1e9cc1ac1ae85f1a4e759aae4aad57b10c9a0ce7a1320dfefd2245ad
2017-02-14,1,1,True,,131,v28_seed_202_FROZEN.zip,eb9c2dcd1e9cc1ac1ae85f1a4e759aae4aad57b10c9a0ce7a1320dfefd2245ad
2017-02-15,0,0,True,,132,v28_seed_202_FROZEN.zip,eb9c2dcd1e9cc1ac1ae85f1a4e759aae4aad57b10c9a0ce7a1320dfefd2245ad
2017-02-16,0,0,False,,132,v28_seed_202_FROZEN.zip,eb9c2dcd1e9cc1ac1ae85f1a4e759aae4aad57b10c9a0ce7a1320dfefd2245ad
2017-02-17,1,1,True,,133,v28_seed_202_FROZEN.zip,eb9c2dcd1e9cc1ac1ae85f1a4e759aae4aad57b10c9a0ce7a1320dfefd2245ad
2017-02-21,0,0,True,,134,v28_seed_202_FROZEN.zip,eb9c2dcd1e9cc1ac1ae85f1a4e759aae4aad57b10c9a0ce7a1320dfefd2245ad
2017-02-22,0,0,False,,134,v28_seed_202_FROZEN.zip,eb9c2dcd1e9cc1ac1ae85f1a4e759aae4aad57b10c9a0ce7a1320dfefd2245ad
2017-02-23,0,0,False,,134,v28_seed_202_FROZEN.zip,eb9c2dcd1e9cc1ac1ae85f1a4e759aae4aad57b10c9a0ce7a1320dfefd2245ad
2017-02-24,1,1,True,,135,v28_seed_202_FROZEN.zip,eb9c2dcd1e9cc1ac1ae85f1a4e759aae4aad57b10c9a0ce7a1320dfefd2245ad
2017-02-27,0,0,True,,136,v28_seed_202_FROZEN.zip,eb9c2dcd1e9cc1ac1ae85f1a4e759aae4aad57b10c9a0ce7a1320dfefd2245ad
2017-02-28,1,1,True,,137,v28_seed_202_FROZEN.zip,eb9c2dcd1e9cc1ac1ae85f1a4e759aae4aad57b10c9a0ce7a1320dfefd2245ad
2017-03-01,1,1,False,,137,v28_seed_202_FROZEN.zip,eb9c2dcd1e9cc1ac1ae85f1a4e759aae4aad57b10c9a0ce7a1320dfefd2245ad
2017-03-02,1,1,False,,137,v28_seed_202_FROZEN.zip,eb9c2dcd1e9cc1ac1ae85f1a4e759aae4aad57b10c9a0ce7a1320dfefd2245ad
2017-03-03,1,1,False,,137,v28_seed_202_FROZEN.zip,eb9c2dcd1e9cc1ac1ae85f1a4e759aae4aad57b10c9a0ce7a1320dfefd2245ad
2017-03-06,0,0,True,,138,v28_seed_202_FROZEN.zip,eb9c2dcd1e9cc1ac1ae85f1a4e759aae4aad57b10c9a0ce7a1320dfefd2245ad
2017-03-07,0,0,False,,138,v28_seed_202_FROZEN.zip,eb9c2dcd1e9cc1ac1ae85f1a4e759aae4aad57b10c9a0ce7a1320dfefd2245ad
2017-03-08,1,1,True,,139,v28_seed_202_FROZEN.zip,eb9c2dcd1e9cc1ac1ae85f1a4e759aae4aad57b10c9a0ce7a1320dfefd2245ad
2017-03-09,1,1,False,,139,v28_seed_202_FROZEN.zip,eb9c2dcd1e9cc1ac1ae85f1a4e759aae4aad57b10c9a0ce7a1320dfefd2245ad
2017-03-10,1,1,False,,139,v28_seed_202_FROZEN.zip,eb9c2dcd1e9cc1ac1ae85f1a4e759aae4aad57b10c9a0ce7a1320dfefd2245ad
2017-03-13,0,0,True,,140,v28_seed_202_FROZEN.zip,eb9c2dcd1e9cc1ac1ae85f1a4e759aae4aad57b10c9a0ce7a1320dfefd2245ad
2017-03-14,1,1,True,,141,v28_seed_202_FROZEN.zip,eb9c2dcd1e9cc1ac1ae85f1a4e759aae4aad57b10c9a0ce7a1320dfefd2245ad
2017-03-15,1,1,False,,141,v28_seed_202_FROZEN.zip,eb9c2dcd1e9cc1ac1ae85f1a4e759aae4aad57b10c9a0ce7a1320dfefd2245ad
2017-03-16,0,0,True,,142,v28_seed_202_FROZEN.zip,eb9c2dcd1e9cc1ac1ae85f1a4e759aae4aad57b10c9a0ce7a1320dfefd2245ad
2017-03-17,0,0,False,,142,v28_seed_202_FROZEN.zip,eb9c2dcd1e9cc1ac1ae85f1a4e759aae4aad57b10c9a0ce7a1320dfefd2245ad
2017-03-20,0,0,False,,142,v28_seed_202_FROZEN.zip,eb9c2dcd1e9cc1ac1ae85f1a4e759aae4aad57b10c9a0ce7a1320dfefd2245ad
2017-03-21,1,1,True,,143,v28_seed_202_FROZEN.zip,eb9c2dcd1e9cc1ac1ae85f1a4e759aae4aad57b10c9a0ce7a1320dfefd2245ad
2017-03-22,0,0,True,,144,v28_seed_202_FROZEN.zip,eb9c2dcd1e9cc1ac1ae85f1a4e759aae4aad57b10c9a0ce7a1320dfefd2245ad
2017-03-23,0,0,False,,144,v28_seed_202_FROZEN.zip,eb9c2dcd1e9cc1ac1ae85f1a4e759aae4aad57b10c9a0ce7a1320dfefd2245ad
2017-03-24,1,1,True,,145,v28_seed_202_FROZEN.zip,eb9c2dcd1e9cc1ac1ae85f1a4e759aae4aad57b10c9a0ce7a1320dfefd2245ad
2017-03-27,1,1,False,,145,v28_seed_202_FROZEN.zip,eb9c2dcd1e9cc1ac1ae85f1a4e759aae4aad57b10c9a0ce7a1320dfefd2245ad
2017-03-28,0,0,True,,146,v28_seed_202_FROZEN.zip,eb9c2dcd1e9cc1ac1ae85f1a4e759aae4aad57b10c9a0ce7a1320dfefd2245ad
2017-03-29,0,0,False,,146,v28_seed_202_FROZEN.zip,eb9c2dcd1e9cc1ac1ae85f1a4e759aae4aad57b10c9a0ce7a1320dfefd2245ad
2017-03-30,0,0,False,,146,v28_seed_202_FROZEN.zip,eb9c2dcd1e9cc1ac1ae85f1a4e759aae4aad57b10c9a0ce7a1320dfefd2245ad
2017-03-31,0,0,False,,146,v28_seed_202_FROZEN.zip,eb9c2dcd1e9cc1ac1ae85f1a4e759aae4aad57b10c9a0ce7a1320dfefd2245ad
2017-04-03,1,1,True,,147,v28_seed_202_FROZEN.zip,eb9c2dcd1e9cc1ac1ae85f1a4e759aae4aad57b10c9a0ce7a1320dfefd2245ad
2017-04-04,0,0,True,,148,v28_seed_202_FROZEN.zip,eb9c2dcd1e9cc1ac1ae85f1a4e759aae4aad57b10c9a0ce7a1320dfefd2245ad
2017-04-05,0,0,False,,148,v28_seed_202_FROZEN.zip,eb9c2dcd1e9cc1ac1ae85f1a4e759aae4aad57b10c9a0ce7a1320dfefd2245ad
2017-04-06,0,0,False,,148,v28_seed_202_FROZEN.zip,eb9c2dcd1e9cc1ac1ae85f1a4e759aae4aad57b10c9a0ce7a1320dfefd2245ad
2017-04-07,0,0,False,,148,v28_seed_202_FROZEN.zip,eb9c2dcd1e9cc1ac1ae85f1a4e759aae4aad57b10c9a0ce7a1320dfefd2245ad
2017-04-10,0,0,False,,148,v28_seed_202_FROZEN.zip,eb9c2dcd1e9cc1ac1ae85f1a4e759aae4aad57b10c9a0ce7a1320dfefd2245ad
2017-04-11,0,0,False,,148,v28_seed_202_FROZEN.zip,eb9c2dcd1e9cc1ac1ae85f1a4e759aae4aad57b10c9a0ce7a1320dfefd2245ad
2017-04-12,0,0,False,,148,v28_seed_202_FROZEN.zip,eb9c2dcd1e9cc1ac1ae85f1a4e759aae4aad57b10c9a0ce7a1320dfefd2245ad
2017-04-13,1,1,True,,149,v28_seed_202_FROZEN.zip,eb9c2dcd1e9cc1ac1ae85f1a4e759aae4aad57b10c9a0ce7a1320dfefd2245ad
2017-04-17,0,0,True,,150,v28_seed_202_FROZEN.zip,eb9c2dcd1e9cc1ac1ae85f1a4e759aae4aad57b10c9a0ce7a1320dfefd2245ad
2017-04-18,0,0,False,,150,v28_seed_202_FROZEN.zip,eb9c2dcd1e9cc1ac1ae85f1a4e759aae4aad57b10c9a0ce7a1320dfefd2245ad
2017-04-19,1,1,True,,151,v28_seed_202_FROZEN.zip,eb9c2dcd1e9cc1ac1ae85f1a4e759aae4aad57b10c9a0ce7a1320dfefd2245ad
2017-04-20,1,1,False,,151,v28_seed_202_FROZEN.zip,eb9c2dcd1e9cc1ac1ae85f1a4e759aae4aad57b10c9a0ce7a1320dfefd2245ad
2017-04-21,1,1,False,,151,v28_seed_202_FROZEN.zip,eb9c2dcd1e9cc1ac1ae85f1a4e759aae4aad57b10c9a0ce7a1320dfefd2245ad
2017-04-24,1,1,False,,151,v28_seed_202_FROZEN.zip,eb9c2dcd1e9cc1ac1ae85f1a4e759aae4aad57b10c9a0ce7a1320dfefd2245ad
2017-04-25,0,0,True,,152,v28_seed_202_FROZEN.zip,eb9c2dcd1e9cc1ac1ae85f1a4e759aae4aad57b10c9a0ce7a1320dfefd2245ad
2017-04-26,1,1,True,,153,v28_seed_202_FROZEN.zip,eb9c2dcd1e9cc1ac1ae85f1a4e759aae4aad57b10c9a0ce7a1320dfefd2245ad
2017-04-27,1,1,False,,153,v28_seed_202_FROZEN.zip,eb9c2dcd1e9cc1ac1ae85f1a4e759aae4aad57b10c9a0ce7a1320dfefd2245ad
2017-04-28,1,1,False,,153,v28_seed_202_FROZEN.zip,eb9c2dcd1e9cc1ac1ae85f1a4e759aae4aad57b10c9a0ce7a1320dfefd2245ad
2017-05-01,1,1,False,,153,v28_seed_202_FROZEN.zip,eb9c2dcd1e9cc1ac1ae85f1a4e759aae4aad57b10c9a0ce7a1320dfefd2245ad
2017-05-02,1,1,False,,153,v28_seed_202_FROZEN.zip,eb9c2dcd1e9cc1ac1ae85f1a4e759aae4aad57b10c9a0ce7a1320dfefd2245ad
2017-05-03,0,0,True,,154,v28_seed_202_FROZEN.zip,eb9c2dcd1e9cc1ac1ae85f1a4e759aae4aad57b10c9a0ce7a1320dfefd2245ad
2017-05-04,1,1,True,,155,v28_seed_202_FROZEN.zip,eb9c2dcd1e9cc1ac1ae85f1a4e759aae4aad57b10c9a0ce7a1320dfefd2245ad
2017-05-05,1,1,False,,155,v28_seed_202_FROZEN.zip,eb9c2dcd1e9cc1ac1ae85f1a4e759aae4aad57b10c9a0ce7a1320dfefd2245ad
2017-05-08,1,1,False,,155,v28_seed_202_FROZEN.zip,eb9c2dcd1e9cc1ac1ae85f1a4e759aae4aad57b10c9a0ce7a1320dfefd2245ad
2017-05-09,0,0,True,,156,v28_seed_202_FROZEN.zip,eb9c2dcd1e9cc1ac1ae85f1a4e759aae4aad57b10c9a0ce7a1320dfefd2245ad
2017-05-10,0,0,False,,156,v28_seed_202_FROZEN.zip,eb9c2dcd1e9cc1ac1ae85f1a4e759aae4aad57b10c9a0ce7a1320dfefd2245ad
2017-05-11,0,0,False,,156,v28_seed_202_FROZEN.zip,eb9c2dcd1e9cc1ac1ae85f1a4e759aae4aad57b10c9a0ce7a1320dfefd2245ad
2017-05-12,1,1,True,,157,v28_seed_202_FROZEN.zip,eb9c2dcd1e9cc1ac1ae85f1a4e759aae4aad57b10c9a0ce7a1320dfefd2245ad
2017-05-15,0,0,True,,158,v28_seed_202_FROZEN.zip,eb9c2dcd1e9cc1ac1ae85f1a4e759aae4aad57b10c9a0ce7a1320dfefd2245ad
2017-05-16,0,0,False,,158,v28_seed_202_FROZEN.zip,eb9c2dcd1e9cc1ac1ae85f1a4e759aae4aad57b10c9a0ce7a1320dfefd2245ad
2017-05-17,0,0,False,,158,v28_seed_202_FROZEN.zip,eb9c2dcd1e9cc1ac1ae85f1a4e759aae4aad57b10c9a0ce7a1320dfefd2245ad
2017-05-18,0,0,False,,158,v28_seed_202_FROZEN.zip,eb9c2dcd1e9cc1ac1ae85f1a4e759aae4aad57b10c9a0ce7a1320dfefd2245ad
2017-05-19,1,1,True,,159,v28_seed_202_FROZEN.zip,eb9c2dcd1e9cc1ac1ae85f1a4e759aae4aad57b10c9a0ce7a1320dfefd2245ad
2017-05-22,1,1,False,,159,v28_seed_202_FROZEN.zip,eb9c2dcd1e9cc1ac1ae85f1a4e759aae4aad57b10c9a0ce7a1320dfefd2245ad
2017-05-23,1,1,False,,159,v28_seed_202_FROZEN.zip,eb9c2dcd1e9cc1ac1ae85f1a4e759aae4aad57b10c9a0ce7a1320dfefd2245ad
2017-05-24,1,1,False,,159,v28_seed_202_FROZEN.zip,eb9c2dcd1e9cc1ac1ae85f1a4e759aae4aad57b10c9a0ce7a1320dfefd2245ad
2017-05-25,1,1,False,,159,v28_seed_202_FROZEN.zip,eb9c2dcd1e9cc1ac1ae85f1a4e759aae4aad57b10c9a0ce7a1320dfefd2245ad
2017-05-26,1,1,False,,159,v28_seed_202_FROZEN.zip,eb9c2dcd1e9cc1ac1ae85f1a4e759aae4aad57b10c9a0ce7a1320dfefd2245ad
2017-05-30,1,1,False,,159,v28_seed_202_FROZEN.zip,eb9c2dcd1e9cc1ac1ae85f1a4e759aae4aad57b10c9a0ce7a1320dfefd2245ad
2017-05-31,1,1,False,,159,v28_seed_202_FROZEN.zip,eb9c2dcd1e9cc1ac1ae85f1a4e759aae4aad57b10c9a0ce7a1320dfefd2245ad
2017-06-01,1,1,False,,159,v28_seed_202_FROZEN.zip,eb9c2dcd1e9cc1ac1ae85f1a4e759aae4aad57b10c9a0ce7a1320dfefd2245ad
2017-06-02,0,0,True,,160,v28_seed_202_FROZEN.zip,eb9c2dcd1e9cc1ac1ae85f1a4e759aae4aad57b10c9a0ce7a1320dfefd2245ad
2017-06-05,0,0,False,,160,v28_seed_202_FROZEN.zip,eb9c2dcd1e9cc1ac1ae85f1a4e759aae4aad57b10c9a0ce7a1320dfefd2245ad
2017-06-06,0,0,False,,160,v28_seed_202_FROZEN.zip,eb9c2dcd1e9cc1ac1ae85f1a4e759aae4aad57b10c9a0ce7a1320dfefd2245ad
2017-06-07,1,1,True,,161,v28_seed_202_FROZEN.zip,eb9c2dcd1e9cc1ac1ae85f1a4e759aae4aad57b10c9a0ce7a1320dfefd2245ad
2017-06-08,0,0,True,,162,v28_seed_202_FROZEN.zip,eb9c2dcd1e9cc1ac1ae85f1a4e759aae4aad57b10c9a0ce7a1320dfefd2245ad
2017-06-09,1,1,True,,163,v28_seed_202_FROZEN.zip,eb9c2dcd1e9cc1ac1ae85f1a4e759aae4aad57b10c9a0ce7a1320dfefd2245ad
2017-06-12,1,1,False,,163,v28_seed_202_FROZEN.zip,eb9c2dcd1e9cc1ac1ae85f1a4e759aae4aad57b10c9a0ce7a1320dfefd2245ad
2017-06-13,1,1,False,,163,v28_seed_202_FROZEN.zip,eb9c2dcd1e9cc1ac1ae85f1a4e759aae4aad57b10c9a0ce7a1320dfefd2245ad
2017-06-14,1,1,False,,163,v28_seed_202_FROZEN.zip,eb9c2dcd1e9cc1ac1ae85f1a4e759aae4aad57b10c9a0ce7a1320dfefd2245ad
2017-06-15,1,1,False,,163,v28_seed_202_FROZEN.zip,eb9c2dcd1e9cc1ac1ae85f1a4e759aae4aad57b10c9a0ce7a1320dfefd2245ad
2017-06-16,1,1,False,,163,v28_seed_202_FROZEN.zip,eb9c2dcd1e9cc1ac1ae85f1a4e759aae4aad57b10c9a0ce7a1320dfefd2245ad
2017-06-19,0,0,True,,164,v28_seed_202_FROZEN.zip,eb9c2dcd1e9cc1ac1ae85f1a4e759aae4aad57b10c9a0ce7a1320dfefd2245ad
2017-06-20,1,1,True,,165,v28_seed_202_FROZEN.zip,eb9c2dcd1e9cc1ac1ae85f1a4e759aae4aad57b10c9a0ce7a1320dfefd2245ad
2017-06-21,1,1,False,,165,v28_seed_202_FROZEN.zip,eb9c2dcd1e9cc1ac1ae85f1a4e759aae4aad57b10c9a0ce7a1320dfefd2245ad
2017-06-22,1,1,False,,165,v28_seed_202_FROZEN.zip,eb9c2dcd1e9cc1ac1ae85f1a4e759aae4aad57b10c9a0ce7a1320dfefd2245ad
2017-06-23,1,1,False,,165,v28_seed_202_FROZEN.zip,eb9c2dcd1e9cc1ac1ae85f1a4e759aae4aad57b10c9a0ce7a1320dfefd2245ad
2017-06-26,0,0,True,,166,v28_seed_202_FROZEN.zip,eb9c2dcd1e9cc1ac1ae85f1a4e759aae4aad57b10c9a0ce7a1320dfefd2245ad
2017-06-27,1,1,True,,167,v28_seed_202_FROZEN.zip,eb9c2dcd1e9cc1ac1ae85f1a4e759aae4aad57b10c9a0ce7a1320dfefd2245ad
2017-06-28,0,0,True,,168,v28_seed_202_FROZEN.zip,eb9c2dcd1e9cc1ac1ae85f1a4e759aae4aad57b10c9a0ce7a1320dfefd2245ad
2017-06-29,1,1,True,,169,v28_seed_202_FROZEN.zip,eb9c2dcd1e9cc1ac1ae85f1a4e759aae4aad57b10c9a0ce7a1320dfefd2245ad
2017-06-30,1,1,False,,169,v28_seed_202_FROZEN.zip,eb9c2dcd1e9cc1ac1ae85f1a4e759aae4aad57b10c9a0ce7a1320dfefd2245ad
2017-07-03,1,1,False,,169,v28_seed_202_FROZEN.zip,eb9c2dcd1e9cc1ac1ae85f1a4e759aae4aad57b10c9a0ce7a1320dfefd2245ad
2017-07-05,0,0,True,,170,v28_seed_202_FROZEN.zip,eb9c2dcd1e9cc1ac1ae85f1a4e759aae4aad57b10c9a0ce7a1320dfefd2245ad
2017-07-06,1,1,True,,171,v28_seed_202_FROZEN.zip,eb9c2dcd1e9cc1ac1ae85f1a4e759aae4aad57b10c9a0ce7a1320dfefd2245ad
2017-07-07,0,0,True,,172,v28_seed_202_FROZEN.zip,eb9c2dcd1e9cc1ac1ae85f1a4e759aae4aad57b10c9a0ce7a1320dfefd2245ad
2017-07-10,1,1,True,,173,v28_seed_202_FROZEN.zip,eb9c2dcd1e9cc1ac1ae85f1a4e759aae4aad57b10c9a0ce7a1320dfefd2245ad
2017-07-11,1,1,False,,173,v28_seed_202_FROZEN.zip,eb9c2dcd1e9cc1ac1ae85f1a4e759aae4aad57b10c9a0ce7a1320dfefd2245ad
2017-07-12,1,1,False,,173,v28_seed_202_FROZEN.zip,eb9c2dcd1e9cc1ac1ae85f1a4e759aae4aad57b10c9a0ce7a1320dfefd2245ad
2017-07-13,1,1,False,,173,v28_seed_202_FROZEN.zip,eb9c2dcd1e9cc1ac1ae85f1a4e759aae4aad57b10c9a0ce7a1320dfefd2245ad
2017-07-14,1,1,False,,173,v28_seed_202_FROZEN.zip,eb9c2dcd1e9cc1ac1ae85f1a4e759aae4aad57b10c9a0ce7a1320dfefd2245ad
2017-07-17,1,1,False,,173,v28_seed_202_FROZEN.zip,eb9c2dcd1e9cc1ac1ae85f1a4e759aae4aad57b10c9a0ce7a1320dfefd2245ad
2017-07-18,1,1,False,,173,v28_seed_202_FROZEN.zip,eb9c2dcd1e9cc1ac1ae85f1a4e759aae4aad57b10c9a0ce7a1320dfefd2245ad
2017-07-19,1,1,False,,173,v28_seed_202_FROZEN.zip,eb9c2dcd1e9cc1ac1ae85f1a4e759aae4aad57b10c9a0ce7a1320dfefd2245ad
2017-07-20,1,1,False,,173,v28_seed_202_FROZEN.zip,eb9c2dcd1e9cc1ac1ae85f1a4e759aae4aad57b10c9a0ce7a1320dfefd2245ad
2017-07-21,0,0,True,,174,v28_seed_202_FROZEN.zip,eb9c2dcd1e9cc1ac1ae85f1a4e759aae4aad57b10c9a0ce7a1320dfefd2245ad
2017-07-24,0,0,False,,174,v28_seed_202_FROZEN.zip,eb9c2dcd1e9cc1ac1ae85f1a4e759aae4aad57b10c9a0ce7a1320dfefd2245ad
2017-07-25,1,1,True,,175,v28_seed_202_FROZEN.zip,eb9c2dcd1e9cc1ac1ae85f1a4e759aae4aad57b10c9a0ce7a1320dfefd2245ad
2017-07-26,1,1,False,,175,v28_seed_202_FROZEN.zip,eb9c2dcd1e9cc1ac1ae85f1a4e759aae4aad57b10c9a0ce7a1320dfefd2245ad
2017-07-27,0,0,True,,176,v28_seed_202_FROZEN.zip,eb9c2dcd1e9cc1ac1ae85f1a4e759aae4aad57b10c9a0ce7a1320dfefd2245ad
2017-07-28,0,0,False,,176,v28_seed_202_FROZEN.zip,eb9c2dcd1e9cc1ac1ae85f1a4e759aae4aad57b10c9a0ce7a1320dfefd2245ad
2017-07-31,0,0,False,,176,v28_seed_202_FROZEN.zip,eb9c2dcd1e9cc1ac1ae85f1a4e759aae4aad57b10c9a0ce7a1320dfefd2245ad
2017-08-01,0,0,False,,176,v28_seed_202_FROZEN.zip,eb9c2dcd1e9cc1ac1ae85f1a4e759aae4aad57b10c9a0ce7a1320dfefd2245ad
2017-08-02,0,0,False,,176,v28_seed_202_FROZEN.zip,eb9c2dcd1e9cc1ac1ae85f1a4e759aae4aad57b10c9a0ce7a1320dfefd2245ad
2017-08-03,1,1,True,,177,v28_seed_202_FROZEN.zip,eb9c2dcd1e9cc1ac1ae85f1a4e759aae4aad57b10c9a0ce7a1320dfefd2245ad
2017-08-04,0,0,True,,178,v28_seed_202_FROZEN.zip,eb9c2dcd1e9cc1ac1ae85f1a4e759aae4aad57b10c9a0ce7a1320dfefd2245ad
2017-08-07,0,0,False,,178,v28_seed_202_FROZEN.zip,eb9c2dcd1e9cc1ac1ae85f1a4e759aae4aad57b10c9a0ce7a1320dfefd2245ad
2017-08-08,0,0,False,,178,v28_seed_202_FROZEN.zip,eb9c2dcd1e9cc1ac1ae85f1a4e759aae4aad57b10c9a0ce7a1320dfefd2245ad
2017-08-09,0,0,False,,178,v28_seed_202_FROZEN.zip,eb9c2dcd1e9cc1ac1ae85f1a4e759aae4aad57b10c9a0ce7a1320dfefd2245ad
2017-08-10,0,0,False,,178,v28_seed_202_FROZEN.zip,eb9c2dcd1e9cc1ac1ae85f1a4e759aae4aad57b10c9a0ce7a1320dfefd2245ad
2017-08-11,1,1,True,,179,v28_seed_202_FROZEN.zip,eb9c2dcd1e9cc1ac1ae85f1a4e759aae4aad57b10c9a0ce7a1320dfefd2245ad
2017-08-14,1,1,False,,179,v28_seed_202_FROZEN.zip,eb9c2dcd1e9cc1ac1ae85f1a4e759aae4aad57b10c9a0ce7a1320dfefd2245ad
2017-08-15,1,1,False,,179,v28_seed_202_FROZEN.zip,eb9c2dcd1e9cc1ac1ae85f1a4e759aae4aad57b10c9a0ce7a1320dfefd2245ad
2017-08-16,0,0,True,,180,v28_seed_202_FROZEN.zip,eb9c2dcd1e9cc1ac1ae85f1a4e759aae4aad57b10c9a0ce7a1320dfefd2245ad
2017-08-17,0,0,False,,180,v28_seed_202_FROZEN.zip,eb9c2dcd1e9cc1ac1ae85f1a4e759aae4aad57b10c9a0ce7a1320dfefd2245ad
2017-08-18,0,0,False,,180,v28_seed_202_FROZEN.zip,eb9c2dcd1e9cc1ac1ae85f1a4e759aae4aad57b10c9a0ce7a1320dfefd2245ad
2017-08-21,0,0,False,,180,v28_seed_202_FROZEN.zip,eb9c2dcd1e9cc1ac1ae85f1a4e759aae4aad57b10c9a0ce7a1320dfefd2245ad
2017-08-22,0,0,False,,180,v28_seed_202_FROZEN.zip,eb9c2dcd1e9cc1ac1ae85f1a4e759aae4aad57b10c9a0ce7a1320dfefd2245ad
2017-08-23,0,0,False,,180,v28_seed_202_FROZEN.zip,eb9c2dcd1e9cc1ac1ae85f1a4e759aae4aad57b10c9a0ce7a1320dfefd2245ad
2017-08-24,1,1,True,,181,v28_seed_202_FROZEN.zip,eb9c2dcd1e9cc1ac1ae85f1a4e759aae4aad57b10c9a0ce7a1320dfefd2245ad
2017-08-25,0,0,True,,182,v28_seed_202_FROZEN.zip,eb9c2dcd1e9cc1ac1ae85f1a4e759aae4aad57b10c9a0ce7a1320dfefd2245ad
2017-08-28,0,0,False,,182,v28_seed_202_FROZEN.zip,eb9c2dcd1e9cc1ac1ae85f1a4e759aae4aad57b10c9a0ce7a1320dfefd2245ad
2017-08-29,1,1,True,,183,v28_seed_202_FROZEN.zip,eb9c2dcd1e9cc1ac1ae85f1a4e759aae4aad57b10c9a0ce7a1320dfefd2245ad
2017-08-30,1,1,False,,183,v28_seed_202_FROZEN.zip,eb9c2dcd1e9cc1ac1ae85f1a4e759aae4aad57b10c9a0ce7a1320dfefd2245ad
2017-08-31,1,1,False,,183,v28_seed_202_FROZEN.zip,eb9c2dcd1e9cc1ac1ae85f1a4e759aae4aad57b10c9a0ce7a1320dfefd2245ad
2017-09-01,1,1,False,,183,v28_seed_202_FROZEN.zip,eb9c2dcd1e9cc1ac1ae85f1a4e759aae4aad57b10c9a0ce7a1320dfefd2245ad
2017-09-05,1,1,False,,183,v28_seed_202_FROZEN.zip,eb9c2dcd1e9cc1ac1ae85f1a4e759aae4aad57b10c9a0ce7a1320dfefd2245ad
2017-09-06,1,1,False,,183,v28_seed_202_FROZEN.zip,eb9c2dcd1e9cc1ac1ae85f1a4e759aae4aad57b10c9a0ce7a1320dfefd2245ad
2017-09-07,0,0,True,,184,v28_seed_202_FROZEN.zip,eb9c2dcd1e9cc1ac1ae85f1a4e759aae4aad57b10c9a0ce7a1320dfefd2245ad
2017-09-08,1,1,True,,185,v28_seed_202_FROZEN.zip,eb9c2dcd1e9cc1ac1ae85f1a4e759aae4aad57b10c9a0ce7a1320dfefd2245ad
2017-09-11,1,1,False,,185,v28_seed_202_FROZEN.zip,eb9c2dcd1e9cc1ac1ae85f1a4e759aae4aad57b10c9a0ce7a1320dfefd2245ad
2017-09-12,1,1,False,,185,v28_seed_202_FROZEN.zip,eb9c2dcd1e9cc1ac1ae85f1a4e759aae4aad57b10c9a0ce7a1320dfefd2245ad
2017-09-13,1,1,False,,185,v28_seed_202_FROZEN.zip,eb9c2dcd1e9cc1ac1ae85f1a4e759aae4aad57b10c9a0ce7a1320dfefd2245ad
2017-09-14,1,1,False,,185,v28_seed_202_FROZEN.zip,eb9c2dcd1e9cc1ac1ae85f1a4e759aae4aad57b10c9a0ce7a1320dfefd2245ad
2017-09-15,1,1,False,,185,v28_seed_202_FROZEN.zip,eb9c2dcd1e9cc1ac1ae85f1a4e759aae4aad57b10c9a0ce7a1320dfefd2245ad
2017-09-18,1,1,False,,185,v28_seed_202_FROZEN.zip,eb9c2dcd1e9cc1ac1ae85f1a4e759aae4aad57b10c9a0ce7a1320dfefd2245ad
2017-09-19,1,1,False,,185,v28_seed_202_FROZEN.zip,eb9c2dcd1e9cc1ac1ae85f1a4e759aae4aad57b10c9a0ce7a1320dfefd2245ad
2017-09-20,1,1,False,,185,v28_seed_202_FROZEN.zip,eb9c2dcd1e9cc1ac1ae85f1a4e759aae4aad57b10c9a0ce7a1320dfefd2245ad
2017-09-21,1,1,False,,185,v28_seed_202_FROZEN.zip,eb9c2dcd1e9cc1ac1ae85f1a4e759aae4aad57b10c9a0ce7a1320dfefd2245ad
2017-09-22,0,0,True,,186,v28_seed_202_FROZEN.zip,eb9c2dcd1e9cc1ac1ae85f1a4e759aae4aad57b10c9a0ce7a1320dfefd2245ad
2017-09-25,1,1,True,,187,v28_seed_202_FROZEN.zip,eb9c2dcd1e9cc1ac1ae85f1a4e759aae4aad57b10c9a0ce7a1320dfefd2245ad
2017-09-26,1,1,False,,187,v28_seed_202_FROZEN.zip,eb9c2dcd1e9cc1ac1ae85f1a4e759aae4aad57b10c9a0ce7a1320dfefd2245ad
2017-09-27,0,0,True,,188,v28_seed_202_FROZEN.zip,eb9c2dcd1e9cc1ac1ae85f1a4e759aae4aad57b10c9a0ce7a1320dfefd2245ad
2017-09-28,1,1,True,,189,v28_seed_202_FROZEN.zip,eb9c2dcd1e9cc1ac1ae85f1a4e759aae4aad57b10c9a0ce7a1320dfefd2245ad
2017-09-29,0,0,True,,190,v28_seed_202_FROZEN.zip,eb9c2dcd1e9cc1ac1ae85f1a4e759aae4aad57b10c9a0ce7a1320dfefd2245ad
2017-10-02,0,0,False,,190,v28_seed_202_FROZEN.zip,eb9c2dcd1e9cc1ac1ae85f1a4e759aae4aad57b10c9a0ce7a1320dfefd2245ad
2017-10-03,0,0,False,,190,v28_seed_202_FROZEN.zip,eb9c2dcd1e9cc1ac1ae85f1a4e759aae4aad57b10c9a0ce7a1320dfefd2245ad
2017-10-04,1,1,True,,191,v28_seed_202_FROZEN.zip,eb9c2dcd1e9cc1ac1ae85f1a4e759aae4aad57b10c9a0ce7a1320dfefd2245ad
2017-10-05,0,0,True,,192,v28_seed_202_FROZEN.zip,eb9c2dcd1e9cc1ac1ae85f1a4e759aae4aad57b10c9a0ce7a1320dfefd2245ad
2017-10-06,0,0,False,,192,v28_seed_202_FROZEN.zip,eb9c2dcd1e9cc1ac1ae85f1a4e759aae4aad57b10c9a0ce7a1320dfefd2245ad
2017-10-09,0,0,False,,192,v28_seed_202_FROZEN.zip,eb9c2dcd1e9cc1ac1ae85f1a4e759aae4aad57b10c9a0ce7a1320dfefd2245ad
2017-10-10,0,0,False,,192,v28_seed_202_FROZEN.zip,eb9c2dcd1e9cc1ac1ae85f1a4e759aae4aad57b10c9a0ce7a1320dfefd2245ad
2017-10-11,0,0,False,,192,v28_seed_202_FROZEN.zip,eb9c2dcd1e9cc1ac1ae85f1a4e759aae4aad57b10c9a0ce7a1320dfefd2245ad
2017-10-12,1,1,True,,193,v28_seed_202_FROZEN.zip,eb9c2dcd1e9cc1ac1ae85f1a4e759aae4aad57b10c9a0ce7a1320dfefd2245ad
2017-10-13,0,0,True,,194,v28_seed_202_FROZEN.zip,eb9c2dcd1e9cc1ac1ae85f1a4e759aae4aad57b10c9a0ce7a1320dfefd2245ad
2017-10-16,0,0,False,,194,v28_seed_202_FROZEN.zip,eb9c2dcd1e9cc1ac1ae85f1a4e759aae4aad57b10c9a0ce7a1320dfefd2245ad
2017-10-17,0,0,False,,194,v28_seed_202_FROZEN.zip,eb9c2dcd1e9cc1ac1ae85f1a4e759aae4aad57b10c9a0ce7a1320dfefd2245ad
2017-10-18,1,1,True,,195,v28_seed_202_FROZEN.zip,eb9c2dcd1e9cc1ac1ae85f1a4e759aae4aad57b10c9a0ce7a1320dfefd2245ad
2017-10-19,1,1,False,,195,v28_seed_202_FROZEN.zip,eb9c2dcd1e9cc1ac1ae85f1a4e759aae4aad57b10c9a0ce7a1320dfefd2245ad
2017-10-20,0,0,True,,196,v28_seed_202_FROZEN.zip,eb9c2dcd1e9cc1ac1ae85f1a4e759aae4aad57b10c9a0ce7a1320dfefd2245ad
2017-10-23,0,0,False,,196,v28_seed_202_FROZEN.zip,eb9c2dcd1e9cc1ac1ae85f1a4e759aae4aad57b10c9a0ce7a1320dfefd2245ad
2017-10-24,0,0,False,,196,v28_seed_202_FROZEN.zip,eb9c2dcd1e9cc1ac1ae85f1a4e759aae4aad57b10c9a0ce7a1320dfefd2245ad
2017-10-25,0,0,False,,196,v28_seed_202_FROZEN.zip,eb9c2dcd1e9cc1ac1ae85f1a4e759aae4aad57b10c9a0ce7a1320dfefd2245ad
2017-10-26,0,0,False,,196,v28_seed_202_FROZEN.zip,eb9c2dcd1e9cc1ac1ae85f1a4e759aae4aad57b10c9a0ce7a1320dfefd2245ad
2017-10-27,0,0,False,,196,v28_seed_202_FROZEN.zip,eb9c2dcd1e9cc1ac1ae85f1a4e759aae4aad57b10c9a0ce7a1320dfefd2245ad
2017-10-30,1,1,True,,197,v28_seed_202_FROZEN.zip,eb9c2dcd1e9cc1ac1ae85f1a4e759aae4aad57b10c9a0ce7a1320dfefd2245ad
2017-10-31,0,0,True,,198,v28_seed_202_FROZEN.zip,eb9c2dcd1e9cc1ac1ae85f1a4e759aae4aad57b10c9a0ce7a1320dfefd2245ad
2017-11-01,1,1,True,,199,v28_seed_202_FROZEN.zip,eb9c2dcd1e9cc1ac1ae85f1a4e759aae4aad57b10c9a0ce7a1320dfefd2245ad
2017-11-02,1,1,False,,199,v28_seed_202_FROZEN.zip,eb9c2dcd1e9cc1ac1ae85f1a4e759aae4aad57b10c9a0ce7a1320dfefd2245ad
2017-11-03,0,0,True,,200,v28_seed_202_FROZEN.zip,eb9c2dcd1e9cc1ac1ae85f1a4e759aae4aad57b10c9a0ce7a1320dfefd2245ad
2017-11-06,0,0,False,,200,v28_seed_202_FROZEN.zip,eb9c2dcd1e9cc1ac1ae85f1a4e759aae4aad57b10c9a0ce7a1320dfefd2245ad
2017-11-07,1,1,True,,201,v28_seed_202_FROZEN.zip,eb9c2dcd1e9cc1ac1ae85f1a4e759aae4aad57b10c9a0ce7a1320dfefd2245ad
2017-11-08,1,1,False,,201,v28_seed_202_FROZEN.zip,eb9c2dcd1e9cc1ac1ae85f1a4e759aae4aad57b10c9a0ce7a1320dfefd2245ad
2017-11-09,0,0,True,,202,v28_seed_202_FROZEN.zip,eb9c2dcd1e9cc1ac1ae85f1a4e759aae4aad57b10c9a0ce7a1320dfefd2245ad
2017-11-10,0,0,False,,202,v28_seed_202_FROZEN.zip,eb9c2dcd1e9cc1ac1ae85f1a4e759aae4aad57b10c9a0ce7a1320dfefd2245ad
2017-11-13,0,0,False,,202,v28_seed_202_FROZEN.zip,eb9c2dcd1e9cc1ac1ae85f1a4e759aae4aad57b10c9a0ce7a1320dfefd2245ad
2017-11-14,0,0,False,,202,v28_seed_202_FROZEN.zip,eb9c2dcd1e9cc1ac1ae85f1a4e759aae4aad57b10c9a0ce7a1320dfefd2245ad
2017-11-15,0,0,False,,202,v28_seed_202_FROZEN.zip,eb9c2dcd1e9cc1ac1ae85f1a4e759aae4aad57b10c9a0ce7a1320dfefd2245ad
2017-11-16,0,0,False,,202,v28_seed_202_FROZEN.zip,eb9c2dcd1e9cc1ac1ae85f1a4e759aae4aad57b10c9a0ce7a1320dfefd2245ad
2017-11-17,1,1,True,,203,v28_seed_202_FROZEN.zip,eb9c2dcd1e9cc1ac1ae85f1a4e759aae4aad57b10c9a0ce7a1320dfefd2245ad
2017-11-20,1,1,False,,203,v28_seed_202_FROZEN.zip,eb9c2dcd1e9cc1ac1ae85f1a4e759aae4aad57b10c9a0ce7a1320dfefd2245ad
2017-11-21,1,1,False,,203,v28_seed_202_FROZEN.zip,eb9c2dcd1e9cc1ac1ae85f1a4e759aae4aad57b10c9a0ce7a1320dfefd2245ad
2017-11-22,1,1,False,,203,v28_seed_202_FROZEN.zip,eb9c2dcd1e9cc1ac1ae85f1a4e759aae4aad57b10c9a0ce7a1320dfefd2245ad
2017-11-24,1,1,False,,203,v28_seed_202_FROZEN.zip,eb9c2dcd1e9cc1ac1ae85f1a4e759aae4aad57b10c9a0ce7a1320dfefd2245ad
2017-11-27,1,1,False,,203,v28_seed_202_FROZEN.zip,eb9c2dcd1e9cc1ac1ae85f1a4e759aae4aad57b10c9a0ce7a1320dfefd2245ad
2017-11-28,1,1,False,,203,v28_seed_202_FROZEN.zip,eb9c2dcd1e9cc1ac1ae85f1a4e759aae4aad57b10c9a0ce7a1320dfefd2245ad
2017-11-29,1,1,False,,203,v28_seed_202_FROZEN.zip,eb9c2dcd1e9cc1ac1ae85f1a4e759aae4aad57b10c9a0ce7a1320dfefd2245ad
2017-11-30,0,0,True,,204,v28_seed_202_FROZEN.zip,eb9c2dcd1e9cc1ac1ae85f1a4e759aae4aad57b10c9a0ce7a1320dfefd2245ad
2017-12-01,0,0,False,,204,v28_seed_202_FROZEN.zip,eb9c2dcd1e9cc1ac1ae85f1a4e759aae4aad57b10c9a0ce7a1320dfefd2245ad
2017-12-04,0,0,False,,204,v28_seed_202_FROZEN.zip,eb9c2dcd1e9cc1ac1ae85f1a4e759aae4aad57b10c9a0ce7a1320dfefd2245ad
2017-12-05,0,0,False,,204,v28_seed_202_FROZEN.zip,eb9c2dcd1e9cc1ac1ae85f1a4e759aae4aad57b10c9a0ce7a1320dfefd2245ad
2017-12-06,0,0,False,,204,v28_seed_202_FROZEN.zip,eb9c2dcd1e9cc1ac1ae85f1a4e759aae4aad57b10c9a0ce7a1320dfefd2245ad
2017-12-07,1,1,True,,205,v28_seed_202_FROZEN.zip,eb9c2dcd1e9cc1ac1ae85f1a4e759aae4aad57b10c9a0ce7a1320dfefd2245ad
2017-12-08,0,0,True,,206,v28_seed_202_FROZEN.zip,eb9c2dcd1e9cc1ac1ae85f1a4e759aae4aad57b10c9a0ce7a1320dfefd2245ad
2017-12-11,1,1,True,,207,v28_seed_202_FROZEN.zip,eb9c2dcd1e9cc1ac1ae85f1a4e759aae4aad57b10c9a0ce7a1320dfefd2245ad
2017-12-12,0,0,True,,208,v28_seed_202_FROZEN.zip,eb9c2dcd1e9cc1ac1ae85f1a4e759aae4aad57b10c9a0ce7a1320dfefd2245ad
2017-12-13,1,1,True,,209,v28_seed_202_FROZEN.zip,eb9c2dcd1e9cc1ac1ae85f1a4e759aae4aad57b10c9a0ce7a1320dfefd2245ad
2017-12-14,1,1,False,,209,v28_seed_202_FROZEN.zip,eb9c2dcd1e9cc1ac1ae85f1a4e759aae4aad57b10c9a0ce7a1320dfefd2245ad
2017-12-15,0,0,True,,210,v28_seed_202_FROZEN.zip,eb9c2dcd1e9cc1ac1ae85f1a4e759aae4aad57b10c9a0ce7a1320dfefd2245ad
2017-12-18,0,0,False,,210,v28_seed_202_FROZEN.zip,eb9c2dcd1e9cc1ac1ae85f1a4e759aae4aad57b10c9a0ce7a1320dfefd2245ad
2017-12-19,1,1,True,,211,v28_seed_202_FROZEN.zip,eb9c2dcd1e9cc1ac1ae85f1a4e759aae4aad57b10c9a0ce7a1320dfefd2245ad
2017-12-20,0,0,True,,212,v28_seed_202_FROZEN.zip,eb9c2dcd1e9cc1ac1ae85f1a4e759aae4aad57b10c9a0ce7a1320dfefd2245ad
2017-12-21,0,0,False,,212,v28_seed_202_FROZEN.zip,eb9c2dcd1e9cc1ac1ae85f1a4e759aae4aad57b10c9a0ce7a1320dfefd2245ad
2017-12-22,0,0,False,,212,v28_seed_202_FROZEN.zip,eb9c2dcd1e9cc1ac1ae85f1a4e759aae4aad57b10c9a0ce7a1320dfefd2245ad
2017-12-26,0,0,False,,212,v28_seed_202_FROZEN.zip,eb9c2dcd1e9cc1ac1ae85f1a4e759aae4aad57b10c9a0ce7a1320dfefd2245ad
2017-12-27,0,0,False,,212,v28_seed_202_FROZEN.zip,eb9c2dcd1e9cc1ac1ae85f1a4e759aae4aad57b10c9a0ce7a1320dfefd2245ad
2017-12-28,0,0,False,,212,v28_seed_202_FROZEN.zip,eb9c2dcd1e9cc1ac1ae85f1a4e759aae4aad57b10c9a0ce7a1320dfefd2245ad
2017-12-29,1,1,True,,213,v28_seed_202_FROZEN.zip,eb9c2dcd1e9cc1ac1ae85f1a4e759aae4aad57b10c9a0ce7a1320dfefd2245ad
2018-01-02,1,1,False,,213,v28_seed_202_FROZEN.zip,eb9c2dcd1e9cc1ac1ae85f1a4e759aae4aad57b10c9a0ce7a1320dfefd2245ad
2018-01-03,0,0,True,,214,v28_seed_202_FROZEN.zip,eb9c2dcd1e9cc1ac1ae85f1a4e759aae4aad57b10c9a0ce7a1320dfefd2245ad
2018-01-04,1,1,True,,215,v28_seed_202_FROZEN.zip,eb9c2dcd1e9cc1ac1ae85f1a4e759aae4aad57b10c9a0ce7a1320dfefd2245ad
2018-01-05,1,1,False,,215,v28_seed_202_FROZEN.zip,eb9c2dcd1e9cc1ac1ae85f1a4e759aae4aad57b10c9a0ce7a1320dfefd2245ad
2018-01-08,1,1,False,,215,v28_seed_202_FROZEN.zip,eb9c2dcd1e9cc1ac1ae85f1a4e759aae4aad57b10c9a0ce7a1320dfefd2245ad
2018-01-09,1,1,False,,215,v28_seed_202_FROZEN.zip,eb9c2dcd1e9cc1ac1ae85f1a4e759aae4aad57b10c9a0ce7a1320dfefd2245ad
2018-01-10,0,0,True,,216,v28_seed_202_FROZEN.zip,eb9c2dcd1e9cc1ac1ae85f1a4e759aae4aad57b10c9a0ce7a1320dfefd2245ad
2018-01-11,1,1,True,,217,v28_seed_202_FROZEN.zip,eb9c2dcd1e9cc1ac1ae85f1a4e759aae4aad57b10c9a0ce7a1320dfefd2245ad
2018-01-12,0,0,True,,218,v28_seed_202_FROZEN.zip,eb9c2dcd1e9cc1ac1ae85f1a4e759aae4aad57b10c9a0ce7a1320dfefd2245ad
2018-01-16,1,1,True,,219,v28_seed_202_FROZEN.zip,eb9c2dcd1e9cc1ac1ae85f1a4e759aae4aad57b10c9a0ce7a1320dfefd2245ad
2018-01-17,0,0,True,,220,v28_seed_202_FROZEN.zip,eb9c2dcd1e9cc1ac1ae85f1a4e759aae4aad57b10c9a0ce7a1320dfefd2245ad
2018-01-18,1,1,True,,221,v28_seed_202_FROZEN.zip,eb9c2dcd1e9cc1ac1ae85f1a4e759aae4aad57b10c9a0ce7a1320dfefd2245ad
2018-01-19,0,0,True,,222,v28_seed_202_FROZEN.zip,eb9c2dcd1e9cc1ac1ae85f1a4e759aae4aad57b10c9a0ce7a1320dfefd2245ad
2018-01-22,0,0,False,,222,v28_seed_202_FROZEN.zip,eb9c2dcd1e9cc1ac1ae85f1a4e759aae4aad57b10c9a0ce7a1320dfefd2245ad
2018-01-23,0,0,False,,222,v28_seed_202_FROZEN.zip,eb9c2dcd1e9cc1ac1ae85f1a4e759aae4aad57b10c9a0ce7a1320dfefd2245ad
2018-01-24,1,1,True,,223,v28_seed_202_FROZEN.zip,eb9c2dcd1e9cc1ac1ae85f1a4e759aae4aad57b10c9a0ce7a1320dfefd2245ad
2018-01-25,1,1,False,,223,v28_seed_202_FROZEN.zip,eb9c2dcd1e9cc1ac1ae85f1a4e759aae4aad57b10c9a0ce7a1320dfefd2245ad
2018-01-26,0,0,True,,224,v28_seed_202_FROZEN.zip,eb9c2dcd1e9cc1ac1ae85f1a4e759aae4aad57b10c9a0ce7a1320dfefd2245ad
2018-01-29,0,0,False,,224,v28_seed_202_FROZEN.zip,eb9c2dcd1e9cc1ac1ae85f1a4e759aae4aad57b10c9a0ce7a1320dfefd2245ad
2018-01-30,0,0,False,,224,v28_seed_202_FROZEN.zip,eb9c2dcd1e9cc1ac1ae85f1a4e759aae4aad57b10c9a0ce7a1320dfefd2245ad
2018-01-31,1,1,True,,225,v28_seed_202_FROZEN.zip,eb9c2dcd1e9cc1ac1ae85f1a4e759aae4aad57b10c9a0ce7a1320dfefd2245ad
2018-02-01,0,0,True,,226,v28_seed_202_FROZEN.zip,eb9c2dcd1e9cc1ac1ae85f1a4e759aae4aad57b10c9a0ce7a1320dfefd2245ad
2018-02-02,0,0,False,,226,v28_seed_202_FROZEN.zip,eb9c2dcd1e9cc1ac1ae85f1a4e759aae4aad57b10c9a0ce7a1320dfefd2245ad
2018-02-05,1,1,True,,227,v28_seed_202_FROZEN.zip,eb9c2dcd1e9cc1ac1ae85f1a4e759aae4aad57b10c9a0ce7a1320dfefd2245ad
2018-02-06,1,1,False,,227,v28_seed_202_FROZEN.zip,eb9c2dcd1e9cc1ac1ae85f1a4e759aae4aad57b10c9a0ce7a1320dfefd2245ad
2018-02-07,0,0,True,,228,v28_seed_202_FROZEN.zip,eb9c2dcd1e9cc1ac1ae85f1a4e759aae4aad57b10c9a0ce7a1320dfefd2245ad
2018-02-08,0,0,False,,228,v28_seed_202_FROZEN.zip,eb9c2dcd1e9cc1ac1ae85f1a4e759aae4aad57b10c9a0ce7a1320dfefd2245ad
2018-02-09,1,1,True,,229,v28_seed_202_FROZEN.zip,eb9c2dcd1e9cc1ac1ae85f1a4e759aae4aad57b10c9a0ce7a1320dfefd2245ad
2018-02-12,0,0,True,,230,v28_seed_202_FROZEN.zip,eb9c2dcd1e9cc1ac1ae85f1a4e759aae4aad57b10c9a0ce7a1320dfefd2245ad
2018-02-13,1,1,True,,231,v28_seed_202_FROZEN.zip,eb9c2dcd1e9cc1ac1ae85f1a4e759aae4aad57b10c9a0ce7a1320dfefd2245ad
2018-02-14,1,1,False,,231,v28_seed_202_FROZEN.zip,eb9c2dcd1e9cc1ac1ae85f1a4e759aae4aad57b10c9a0ce7a1320dfefd2245ad
2018-02-15,1,1,False,,231,v28_seed_202_FROZEN.zip,eb9c2dcd1e9cc1ac1ae85f1a4e759aae4aad57b10c9a0ce7a1320dfefd2245ad
2018-02-16,0,0,True,,232,v28_seed_202_FROZEN.zip,eb9c2dcd1e9cc1ac1ae85f1a4e759aae4aad57b10c9a0ce7a1320dfefd2245ad
2018-02-20,0,0,False,,232,v28_seed_202_FROZEN.zip,eb9c2dcd1e9cc1ac1ae85f1a4e759aae4aad57b10c9a0ce7a1320dfefd2245ad
2018-02-21,1,1,True,,233,v28_seed_202_FROZEN.zip,eb9c2dcd1e9cc1ac1ae85f1a4e759aae4aad57b10c9a0ce7a1320dfefd2245ad
2018-02-22,1,1,False,,233,v28_seed_202_FROZEN.zip,eb9c2dcd1e9cc1ac1ae85f1a4e759aae4aad57b10c9a0ce7a1320dfefd2245ad
2018-02-23,1,1,False,,233,v28_seed_202_FROZEN.zip,eb9c2dcd1e9cc1ac1ae85f1a4e759aae4aad57b10c9a0ce7a1320dfefd2245ad
2018-02-26,0,0,True,,234,v28_seed_202_FROZEN.zip,eb9c2dcd1e9cc1ac1ae85f1a4e759aae4aad57b10c9a0ce7a1320dfefd2245ad
2018-02-27,0,0,False,,234,v28_seed_202_FROZEN.zip,eb9c2dcd1e9cc1ac1ae85f1a4e759aae4aad57b10c9a0ce7a1320dfefd2245ad
2018-02-28,0,0,False,,234,v28_seed_202_FROZEN.zip,eb9c2dcd1e9cc1ac1ae85f1a4e759aae4aad57b10c9a0ce7a1320dfefd2245ad
2018-03-01,1,1,True,,235,v28_seed_202_FROZEN.zip,eb9c2dcd1e9cc1ac1ae85f1a4e759aae4aad57b10c9a0ce7a1320dfefd2245ad
2018-03-02,1,1,False,,235,v28_seed_202_FROZEN.zip,eb9c2dcd1e9cc1ac1ae85f1a4e759aae4aad57b10c9a0ce7a1320dfefd2245ad
2018-03-05,1,1,False,,235,v28_seed_202_FROZEN.zip,eb9c2dcd1e9cc1ac1ae85f1a4e759aae4aad57b10c9a0ce7a1320dfefd2245ad
2018-03-06,0,0,True,,236,v28_seed_202_FROZEN.zip,eb9c2dcd1e9cc1ac1ae85f1a4e759aae4aad57b10c9a0ce7a1320dfefd2245ad
2018-03-07,0,0,False,,236,v28_seed_202_FROZEN.zip,eb9c2dcd1e9cc1ac1ae85f1a4e759aae4aad57b10c9a0ce7a1320dfefd2245ad
2018-03-08,1,1,True,,237,v28_seed_202_FROZEN.zip,eb9c2dcd1e9cc1ac1ae85f1a4e759aae4aad57b10c9a0ce7a1320dfefd2245ad
2018-03-09,1,1,False,,237,v28_seed_202_FROZEN.zip,eb9c2dcd1e9cc1ac1ae85f1a4e759aae4aad57b10c9a0ce7a1320dfefd2245ad
2018-03-12,0,0,True,,238,v28_seed_202_FROZEN.zip,eb9c2dcd1e9cc1ac1ae85f1a4e759aae4aad57b10c9a0ce7a1320dfefd2245ad
2018-03-13,1,1,True,,239,v28_seed_202_FROZEN.zip,eb9c2dcd1e9cc1ac1ae85f1a4e759aae4aad57b10c9a0ce7a1320dfefd2245ad
2018-03-14,1,1,False,,239,v28_seed_202_FROZEN.zip,eb9c2dcd1e9cc1ac1ae85f1a4e759aae4aad57b10c9a0ce7a1320dfefd2245ad
2018-03-15,0,0,True,,240,v28_seed_202_FROZEN.zip,eb9c2dcd1e9cc1ac1ae85f1a4e759aae4aad57b10c9a0ce7a1320dfefd2245ad
2018-03-16,0,0,False,,240,v28_seed_202_FROZEN.zip,eb9c2dcd1e9cc1ac1ae85f1a4e759aae4aad57b10c9a0ce7a1320dfefd2245ad
2018-03-19,0,0,False,,240,v28_seed_202_FROZEN.zip,eb9c2dcd1e9cc1ac1ae85f1a4e759aae4aad57b10c9a0ce7a1320dfefd2245ad
2018-03-20,0,0,False,,240,v28_seed_202_FROZEN.zip,eb9c2dcd1e9cc1ac1ae85f1a4e759aae4aad57b10c9a0ce7a1320dfefd2245ad
2018-03-21,0,0,False,,240,v28_seed_202_FROZEN.zip,eb9c2dcd1e9cc1ac1ae85f1a4e759aae4aad57b10c9a0ce7a1320dfefd2245ad
2018-03-22,0,0,False,,240,v28_seed_202_FROZEN.zip,eb9c2dcd1e9cc1ac1ae85f1a4e759aae4aad57b10c9a0ce7a1320dfefd2245ad
2018-03-23,0,0,False,,240,v28_seed_202_FROZEN.zip,eb9c2dcd1e9cc1ac1ae85f1a4e759aae4aad57b10c9a0ce7a1320dfefd2245ad
2018-03-26,0,0,False,,240,v28_seed_202_FROZEN.zip,eb9c2dcd1e9cc1ac1ae85f1a4e759aae4aad57b10c9a0ce7a1320dfefd2245ad
2018-03-27,1,1,True,,241,v28_seed_202_FROZEN.zip,eb9c2dcd1e9cc1ac1ae85f1a4e759aae4aad57b10c9a0ce7a1320dfefd2245ad
2018-03-28,1,1,False,,241,v28_seed_202_FROZEN.zip,eb9c2dcd1e9cc1ac1ae85f1a4e759aae4aad57b10c9a0ce7a1320dfefd2245ad
2018-03-29,0,0,True,,242,v28_seed_202_FROZEN.zip,eb9c2dcd1e9cc1ac1ae85f1a4e759aae4aad57b10c9a0ce7a1320dfefd2245ad
2018-04-02,0,0,False,,242,v28_seed_202_FROZEN.zip,eb9c2dcd1e9cc1ac1ae85f1a4e759aae4aad57b10c9a0ce7a1320dfefd2245ad
2018-04-03,0,0,False,,242,v28_seed_202_FROZEN.zip,eb9c2dcd1e9cc1ac1ae85f1a4e759aae4aad57b10c9a0ce7a1320dfefd2245ad
2018-04-04,1,1,True,,243,v28_seed_202_FROZEN.zip,eb9c2dcd1e9cc1ac1ae85f1a4e759aae4aad57b10c9a0ce7a1320dfefd2245ad
2018-04-05,0,0,True,,244,v28_seed_202_FROZEN.zip,eb9c2dcd1e9cc1ac1ae85f1a4e759aae4aad57b10c9a0ce7a1320dfefd2245ad
2018-04-06,0,0,False,,244,v28_seed_202_FROZEN.zip,eb9c2dcd1e9cc1ac1ae85f1a4e759aae4aad57b10c9a0ce7a1320dfefd2245ad
2018-04-09,1,1,True,,245,v28_seed_202_FROZEN.zip,eb9c2dcd1e9cc1ac1ae85f1a4e759aae4aad57b10c9a0ce7a1320dfefd2245ad
2018-04-10,0,0,True,,246,v28_seed_202_FROZEN.zip,eb9c2dcd1e9cc1ac1ae85f1a4e759aae4aad57b10c9a0ce7a1320dfefd2245ad
2018-04-11,1,1,True,,247,v28_seed_202_FROZEN.zip,eb9c2dcd1e9cc1ac1ae85f1a4e759aae4aad57b10c9a0ce7a1320dfefd2245ad
2018-04-12,0,0,True,,248,v28_seed_202_FROZEN.zip,eb9c2dcd1e9cc1ac1ae85f1a4e759aae4aad57b10c9a0ce7a1320dfefd2245ad
2018-04-13,1,1,True,,249,v28_seed_202_FROZEN.zip,eb9c2dcd1e9cc1ac1ae85f1a4e759aae4aad57b10c9a0ce7a1320dfefd2245ad
2018-04-16,0,0,True,,250,v28_seed_202_FROZEN.zip,eb9c2dcd1e9cc1ac1ae85f1a4e759aae4aad57b10c9a0ce7a1320dfefd2245ad
2018-04-17,1,1,True,,251,v28_seed_202_FROZEN.zip,eb9c2dcd1e9cc1ac1ae85f1a4e759aae4aad57b10c9a0ce7a1320dfefd2245ad
2018-04-18,1,1,False,,251,v28_seed_202_FROZEN.zip,eb9c2dcd1e9cc1ac1ae85f1a4e759aae4aad57b10c9a0ce7a1320dfefd2245ad
2018-04-19,0,0,True,,252,v28_seed_202_FROZEN.zip,eb9c2dcd1e9cc1ac1ae85f1a4e759aae4aad57b10c9a0ce7a1320dfefd2245ad
2018-04-20,0,0,False,,252,v28_seed_202_FROZEN.zip,eb9c2dcd1e9cc1ac1ae85f1a4e759aae4aad57b10c9a0ce7a1320dfefd2245ad
2018-04-23,0,0,False,,252,v28_seed_202_FROZEN.zip,eb9c2dcd1e9cc1ac1ae85f1a4e759aae4aad57b10c9a0ce7a1320dfefd2245ad
2018-04-24,0,0,False,,252,v28_seed_202_FROZEN.zip,eb9c2dcd1e9cc1ac1ae85f1a4e759aae4aad57b10c9a0ce7a1320dfefd2245ad
2018-04-25,1,1,True,,253,v28_seed_202_FROZEN.zip,eb9c2dcd1e9cc1ac1ae85f1a4e759aae4aad57b10c9a0ce7a1320dfefd2245ad
2018-04-26,0,0,True,,254,v28_seed_202_FROZEN.zip,eb9c2dcd1e9cc1ac1ae85f1a4e759aae4aad57b10c9a0ce7a1320dfefd2245ad
2018-04-27,0,0,False,,254,v28_seed_202_FROZEN.zip,eb9c2dcd1e9cc1ac1ae85f1a4e759aae4aad57b10c9a0ce7a1320dfefd2245ad
2018-04-30,0,0,False,,254,v28_seed_202_FROZEN.zip,eb9c2dcd1e9cc1ac1ae85f1a4e759aae4aad57b10c9a0ce7a1320dfefd2245ad
2018-05-01,0,0,False,,254,v28_seed_202_FROZEN.zip,eb9c2dcd1e9cc1ac1ae85f1a4e759aae4aad57b10c9a0ce7a1320dfefd2245ad
2018-05-02,1,1,True,,255,v28_seed_202_FROZEN.zip,eb9c2dcd1e9cc1ac1ae85f1a4e759aae4aad57b10c9a0ce7a1320dfefd2245ad
2018-05-03,1,1,False,,255,v28_seed_202_FROZEN.zip,eb9c2dcd1e9cc1ac1ae85f1a4e759aae4aad57b10c9a0ce7a1320dfefd2245ad
2018-05-04,1,1,False,,255,v28_seed_202_FROZEN.zip,eb9c2dcd1e9cc1ac1ae85f1a4e759aae4aad57b10c9a0ce7a1320dfefd2245ad
2018-05-07,1,1,False,,255,v28_seed_202_FROZEN.zip,eb9c2dcd1e9cc1ac1ae85f1a4e759aae4aad57b10c9a0ce7a1320dfefd2245ad
2018-05-08,1,1,False,,255,v28_seed_202_FROZEN.zip,eb9c2dcd1e9cc1ac1ae85f1a4e759aae4aad57b10c9a0ce7a1320dfefd2245ad
2018-05-09,1,1,False,,255,v28_seed_202_FROZEN.zip,eb9c2dcd1e9cc1ac1ae85f1a4e759aae4aad57b10c9a0ce7a1320dfefd2245ad
2018-05-10,1,1,False,,255,v28_seed_202_FROZEN.zip,eb9c2dcd1e9cc1ac1ae85f1a4e759aae4aad57b10c9a0ce7a1320dfefd2245ad
2018-05-11,1,1,False,,255,v28_seed_202_FROZEN.zip,eb9c2dcd1e9cc1ac1ae85f1a4e759aae4aad57b10c9a0ce7a1320dfefd2245ad
2018-05-14,0,0,True,,256,v28_seed_202_FROZEN.zip,eb9c2dcd1e9cc1ac1ae85f1a4e759aae4aad57b10c9a0ce7a1320dfefd2245ad
2018-05-15,1,1,True,,257,v28_seed_202_FROZEN.zip,eb9c2dcd1e9cc1ac1ae85f1a4e759aae4aad57b10c9a0ce7a1320dfefd2245ad
2018-05-16,1,1,False,,257,v28_seed_202_FROZEN.zip,eb9c2dcd1e9cc1ac1ae85f1a4e759aae4aad57b10c9a0ce7a1320dfefd2245ad
2018-05-17,1,1,False,,257,v28_seed_202_FROZEN.zip,eb9c2dcd1e9cc1ac1ae85f1a4e759aae4aad57b10c9a0ce7a1320dfefd2245ad
2018-05-18,1,1,False,,257,v28_seed_202_FROZEN.zip,eb9c2dcd1e9cc1ac1ae85f1a4e759aae4aad57b10c9a0ce7a1320dfefd2245ad
2018-05-21,0,0,True,,258,v28_seed_202_FROZEN.zip,eb9c2dcd1e9cc1ac1ae85f1a4e759aae4aad57b10c9a0ce7a1320dfefd2245ad
2018-05-22,1,1,True,,259,v28_seed_202_FROZEN.zip,eb9c2dcd1e9cc1ac1ae85f1a4e759aae4aad57b10c9a0ce7a1320dfefd2245ad
2018-05-23,0,0,True,,260,v28_seed_202_FROZEN.zip,eb9c2dcd1e9cc1ac1ae85f1a4e759aae4aad57b10c9a0ce7a1320dfefd2245ad
2018-05-24,0,0,False,,260,v28_seed_202_FROZEN.zip,eb9c2dcd1e9cc1ac1ae85f1a4e759aae4aad57b10c9a0ce7a1320dfefd2245ad
2018-05-25,0,0,False,,260,v28_seed_202_FROZEN.zip,eb9c2dcd1e9cc1ac1ae85f1a4e759aae4aad57b10c9a0ce7a1320dfefd2245ad
2018-05-29,1,1,True,,261,v28_seed_202_FROZEN.zip,eb9c2dcd1e9cc1ac1ae85f1a4e759aae4aad57b10c9a0ce7a1320dfefd2245ad
2018-05-30,0,0,True,,262,v28_seed_202_FROZEN.zip,eb9c2dcd1e9cc1ac1ae85f1a4e759aae4aad57b10c9a0ce7a1320dfefd2245ad
2018-05-31,0,0,False,,262,v28_seed_202_FROZEN.zip,eb9c2dcd1e9cc1ac1ae85f1a4e759aae4aad57b10c9a0ce7a1320dfefd2245ad
2018-06-01,0,0,False,,262,v28_seed_202_FROZEN.zip,eb9c2dcd1e9cc1ac1ae85f1a4e759aae4aad57b10c9a0ce7a1320dfefd2245ad
2018-06-04,0,0,False,,262,v28_seed_202_FROZEN.zip,eb9c2dcd1e9cc1ac1ae85f1a4e759aae4aad57b10c9a0ce7a1320dfefd2245ad
2018-06-05,1,1,True,,263,v28_seed_202_FROZEN.zip,eb9c2dcd1e9cc1ac1ae85f1a4e759aae4aad57b10c9a0ce7a1320dfefd2245ad
2018-06-06,1,1,False,,263,v28_seed_202_FROZEN.zip,eb9c2dcd1e9cc1ac1ae85f1a4e759aae4aad57b10c9a0ce7a1320dfefd2245ad
2018-06-07,1,1,False,,263,v28_seed_202_FROZEN.zip,eb9c2dcd1e9cc1ac1ae85f1a4e759aae4aad57b10c9a0ce7a1320dfefd2245ad
2018-06-08,1,1,False,,263,v28_seed_202_FROZEN.zip,eb9c2dcd1e9cc1ac1ae85f1a4e759aae4aad57b10c9a0ce7a1320dfefd2245ad
2018-06-11,1,1,False,,263,v28_seed_202_FROZEN.zip,eb9c2dcd1e9cc1ac1ae85f1a4e759aae4aad57b10c9a0ce7a1320dfefd2245ad
2018-06-12,0,0,True,,264,v28_seed_202_FROZEN.zip,eb9c2dcd1e9cc1ac1ae85f1a4e759aae4aad57b10c9a0ce7a1320dfefd2245ad
2018-06-13,1,1,True,,265,v28_seed_202_FROZEN.zip,eb9c2dcd1e9cc1ac1ae85f1a4e759aae4aad57b10c9a0ce7a1320dfefd2245ad
2018-06-14,0,0,True,,266,v28_seed_202_FROZEN.zip,eb9c2dcd1e9cc1ac1ae85f1a4e759aae4aad57b10c9a0ce7a1320dfefd2245ad
2018-06-15,0,0,False,,266,v28_seed_202_FROZEN.zip,eb9c2dcd1e9cc1ac1ae85f1a4e759aae4aad57b10c9a0ce7a1320dfefd2245ad
2018-06-18,0,0,False,,266,v28_seed_202_FROZEN.zip,eb9c2dcd1e9cc1ac1ae85f1a4e759aae4aad57b10c9a0ce7a1320dfefd2245ad
2018-06-19,1,1,True,,267,v28_seed_202_FROZEN.zip,eb9c2dcd1e9cc1ac1ae85f1a4e759aae4aad57b10c9a0ce7a1320dfefd2245ad
2018-06-20,0,0,True,,268,v28_seed_202_FROZEN.zip,eb9c2dcd1e9cc1ac1ae85f1a4e759aae4aad57b10c9a0ce7a1320dfefd2245ad
2018-06-21,1,1,True,,269,v28_seed_202_FROZEN.zip,eb9c2dcd1e9cc1ac1ae85f1a4e759aae4aad57b10c9a0ce7a1320dfefd2245ad
2018-06-22,0,0,True,,270,v28_seed_202_FROZEN.zip,eb9c2dcd1e9cc1ac1ae85f1a4e759aae4aad57b10c9a0ce7a1320dfefd2245ad
2018-06-25,1,1,True,,271,v28_seed_202_FROZEN.zip,eb9c2dcd1e9cc1ac1ae85f1a4e759aae4aad57b10c9a0ce7a1320dfefd2245ad
2018-06-26,0,0,True,,272,v28_seed_202_FROZEN.zip,eb9c2dcd1e9cc1ac1ae85f1a4e759aae4aad57b10c9a0ce7a1320dfefd2245ad
2018-06-27,0,0,False,,272,v28_seed_202_FROZEN.zip,eb9c2dcd1e9cc1ac1ae85f1a4e759aae4aad57b10c9a0ce7a1320dfefd2245ad
2018-06-28,1,1,True,,273,v28_seed_202_FROZEN.zip,eb9c2dcd1e9cc1ac1ae85f1a4e759aae4aad57b10c9a0ce7a1320dfefd2245ad
2018-06-29,0,0,True,,274,v28_seed_202_FROZEN.zip,eb9c2dcd1e9cc1ac1ae85f1a4e759aae4aad57b10c9a0ce7a1320dfefd2245ad
2018-07-02,1,1,True,,275,v28_seed_202_FROZEN.zip,eb9c2dcd1e9cc1ac1ae85f1a4e759aae4aad57b10c9a0ce7a1320dfefd2245ad
2018-07-03,1,1,False,,275,v28_seed_202_FROZEN.zip,eb9c2dcd1e9cc1ac1ae85f1a4e759aae4aad57b10c9a0ce7a1320dfefd2245ad
2018-07-05,1,1,False,,275,v28_seed_202_FROZEN.zip,eb9c2dcd1e9cc1ac1ae85f1a4e759aae4aad57b10c9a0ce7a1320dfefd2245ad
2018-07-06,1,1,False,,275,v28_seed_202_FROZEN.zip,eb9c2dcd1e9cc1ac1ae85f1a4e759aae4aad57b10c9a0ce7a1320dfefd2245ad
2018-07-09,1,1,False,,275,v28_seed_202_FROZEN.zip,eb9c2dcd1e9cc1ac1ae85f1a4e759aae4aad57b10c9a0ce7a1320dfefd2245ad
2018-07-10,1,1,False,,275,v28_seed_202_FROZEN.zip,eb9c2dcd1e9cc1ac1ae85f1a4e759aae4aad57b10c9a0ce7a1320dfefd2245ad
2018-07-11,1,1,False,,275,v28_seed_202_FROZEN.zip,eb9c2dcd1e9cc1ac1ae85f1a4e759aae4aad57b10c9a0ce7a1320dfefd2245ad
2018-07-12,1,1,False,,275,v28_seed_202_FROZEN.zip,eb9c2dcd1e9cc1ac1ae85f1a4e759aae4aad57b10c9a0ce7a1320dfefd2245ad
2018-07-13,1,1,False,,275,v28_seed_202_FROZEN.zip,eb9c2dcd1e9cc1ac1ae85f1a4e759aae4aad57b10c9a0ce7a1320dfefd2245ad
2018-07-16,1,1,False,,275,v28_seed_202_FROZEN.zip,eb9c2dcd1e9cc1ac1ae85f1a4e759aae4aad57b10c9a0ce7a1320dfefd2245ad
2018-07-17,1,1,False,,275,v28_seed_202_FROZEN.zip,eb9c2dcd1e9cc1ac1ae85f1a4e759aae4aad57b10c9a0ce7a1320dfefd2245ad
2018-07-18,1,1,False,,275,v28_seed_202_FROZEN.zip,eb9c2dcd1e9cc1ac1ae85f1a4e759aae4aad57b10c9a0ce7a1320dfefd2245ad
2018-07-19,1,1,False,,275,v28_seed_202_FROZEN.zip,eb9c2dcd1e9cc1ac1ae85f1a4e759aae4aad57b10c9a0ce7a1320dfefd2245ad
2018-07-20,1,1,False,,275,v28_seed_202_FROZEN.zip,eb9c2dcd1e9cc1ac1ae85f1a4e759aae4aad57b10c9a0ce7a1320dfefd2245ad
2018-07-23,1,1,False,,275,v28_seed_202_FROZEN.zip,eb9c2dcd1e9cc1ac1ae85f1a4e759aae4aad57b10c9a0ce7a1320dfefd2245ad
2018-07-24,0,0,True,,276,v28_seed_202_FROZEN.zip,eb9c2dcd1e9cc1ac1ae85f1a4e759aae4aad57b10c9a0ce7a1320dfefd2245ad
2018-07-25,0,0,False,,276,v28_seed_202_FROZEN.zip,eb9c2dcd1e9cc1ac1ae85f1a4e759aae4aad57b10c9a0ce7a1320dfefd2245ad
2018-07-26,0,0,False,,276,v28_seed_202_FROZEN.zip,eb9c2dcd1e9cc1ac1ae85f1a4e759aae4aad57b10c9a0ce7a1320dfefd2245ad
2018-07-27,0,0,False,,276,v28_seed_202_FROZEN.zip,eb9c2dcd1e9cc1ac1ae85f1a4e759aae4aad57b10c9a0ce7a1320dfefd2245ad
2018-07-30,1,1,True,,277,v28_seed_202_FROZEN.zip,eb9c2dcd1e9cc1ac1ae85f1a4e759aae4aad57b10c9a0ce7a1320dfefd2245ad
2018-07-31,0,0,True,,278,v28_seed_202_FROZEN.zip,eb9c2dcd1e9cc1ac1ae85f1a4e759aae4aad57b10c9a0ce7a1320dfefd2245ad
2018-08-01,1,1,True,,279,v28_seed_202_FROZEN.zip,eb9c2dcd1e9cc1ac1ae85f1a4e759aae4aad57b10c9a0ce7a1320dfefd2245ad
2018-08-02,1,1,False,,279,v28_seed_202_FROZEN.zip,eb9c2dcd1e9cc1ac1ae85f1a4e759aae4aad57b10c9a0ce7a1320dfefd2245ad
2018-08-03,1,1,False,,279,v28_seed_202_FROZEN.zip,eb9c2dcd1e9cc1ac1ae85f1a4e759aae4aad57b10c9a0ce7a1320dfefd2245ad
2018-08-06,1,1,False,,279,v28_seed_202_FROZEN.zip,eb9c2dcd1e9cc1ac1ae85f1a4e759aae4aad57b10c9a0ce7a1320dfefd2245ad
2018-08-07,1,1,False,,279,v28_seed_202_FROZEN.zip,eb9c2dcd1e9cc1ac1ae85f1a4e759aae4aad57b10c9a0ce7a1320dfefd2245ad
2018-08-08,1,1,False,,279,v28_seed_202_FROZEN.zip,eb9c2dcd1e9cc1ac1ae85f1a4e759aae4aad57b10c9a0ce7a1320dfefd2245ad
2018-08-09,1,1,False,,279,v28_seed_202_FROZEN.zip,eb9c2dcd1e9cc1ac1ae85f1a4e759aae4aad57b10c9a0ce7a1320dfefd2245ad
2018-08-10,0,0,True,,280,v28_seed_202_FROZEN.zip,eb9c2dcd1e9cc1ac1ae85f1a4e759aae4aad57b10c9a0ce7a1320dfefd2245ad
2018-08-13,1,1,True,,281,v28_seed_202_FROZEN.zip,eb9c2dcd1e9cc1ac1ae85f1a4e759aae4aad57b10c9a0ce7a1320dfefd2245ad
2018-08-14,0,0,True,,282,v28_seed_202_FROZEN.zip,eb9c2dcd1e9cc1ac1ae85f1a4e759aae4aad57b10c9a0ce7a1320dfefd2245ad
2018-08-15,0,0,False,,282,v28_seed_202_FROZEN.zip,eb9c2dcd1e9cc1ac1ae85f1a4e759aae4aad57b10c9a0ce7a1320dfefd2245ad
2018-08-16,0,0,False,,282,v28_seed_202_FROZEN.zip,eb9c2dcd1e9cc1ac1ae85f1a4e759aae4aad57b10c9a0ce7a1320dfefd2245ad
2018-08-17,0,0,False,,282,v28_seed_202_FROZEN.zip,eb9c2dcd1e9cc1ac1ae85f1a4e759aae4aad57b10c9a0ce7a1320dfefd2245ad
2018-08-20,0,0,False,,282,v28_seed_202_FROZEN.zip,eb9c2dcd1e9cc1ac1ae85f1a4e759aae4aad57b10c9a0ce7a1320dfefd2245ad
2018-08-21,0,0,False,,282,v28_seed_202_FROZEN.zip,eb9c2dcd1e9cc1ac1ae85f1a4e759aae4aad57b10c9a0ce7a1320dfefd2245ad
2018-08-22,1,1,True,,283,v28_seed_202_FROZEN.zip,eb9c2dcd1e9cc1ac1ae85f1a4e759aae4aad57b10c9a0ce7a1320dfefd2245ad
2018-08-23,1,1,False,,283,v28_seed_202_FROZEN.zip,eb9c2dcd1e9cc1ac1ae85f1a4e759aae4aad57b10c9a0ce7a1320dfefd2245ad
2018-08-24,1,1,False,,283,v28_seed_202_FROZEN.zip,eb9c2dcd1e9cc1ac1ae85f1a4e759aae4aad57b10c9a0ce7a1320dfefd2245ad
2018-08-27,0,0,True,,284,v28_seed_202_FROZEN.zip,eb9c2dcd1e9cc1ac1ae85f1a4e759aae4aad57b10c9a0ce7a1320dfefd2245ad
2018-08-28,1,1,True,,285,v28_seed_202_FROZEN.zip,eb9c2dcd1e9cc1ac1ae85f1a4e759aae4aad57b10c9a0ce7a1320dfefd2245ad
2018-08-29,0,0,True,,286,v28_seed_202_FROZEN.zip,eb9c2dcd1e9cc1ac1ae85f1a4e759aae4aad57b10c9a0ce7a1320dfefd2245ad
2018-08-30,1,1,True,,287,v28_seed_202_FROZEN.zip,eb9c2dcd1e9cc1ac1ae85f1a4e759aae4aad57b10c9a0ce7a1320dfefd2245ad
2018-08-31,0,0,True,,288,v28_seed_202_FROZEN.zip,eb9c2dcd1e9cc1ac1ae85f1a4e759aae4aad57b10c9a0ce7a1320dfefd2245ad
2018-09-04,1,1,True,,289,v28_seed_202_FROZEN.zip,eb9c2dcd1e9cc1ac1ae85f1a4e759aae4aad57b10c9a0ce7a1320dfefd2245ad
2018-09-05,0,0,True,,290,v28_seed_202_FROZEN.zip,eb9c2dcd1e9cc1ac1ae85f1a4e759aae4aad57b10c9a0ce7a1320dfefd2245ad
2018-09-06,0,0,False,,290,v28_seed_202_FROZEN.zip,eb9c2dcd1e9cc1ac1ae85f1a4e759aae4aad57b10c9a0ce7a1320dfefd2245ad
2018-09-07,1,1,True,,291,v28_seed_202_FROZEN.zip,eb9c2dcd1e9cc1ac1ae85f1a4e759aae4aad57b10c9a0ce7a1320dfefd2245ad
2018-09-10,0,0,True,,292,v28_seed_202_FROZEN.zip,eb9c2dcd1e9cc1ac1ae85f1a4e759aae4aad57b10c9a0ce7a1320dfefd2245ad
2018-09-11,1,1,True,,293,v28_seed_202_FROZEN.zip,eb9c2dcd1e9cc1ac1ae85f1a4e759aae4aad57b10c9a0ce7a1320dfefd2245ad
2018-09-12,1,1,False,,293,v28_seed_202_FROZEN.zip,eb9c2dcd1e9cc1ac1ae85f1a4e759aae4aad57b10c9a0ce7a1320dfefd2245ad
2018-09-13,1,1,False,,293,v28_seed_202_FROZEN.zip,eb9c2dcd1e9cc1ac1ae85f1a4e759aae4aad57b10c9a0ce7a1320dfefd2245ad
2018-09-14,0,0,True,,294,v28_seed_202_FROZEN.zip,eb9c2dcd1e9cc1ac1ae85f1a4e759aae4aad57b10c9a0ce7a1320dfefd2245ad
2018-09-17,1,1,True,,295,v28_seed_202_FROZEN.zip,eb9c2dcd1e9cc1ac1ae85f1a4e759aae4aad57b10c9a0ce7a1320dfefd2245ad
2018-09-18,0,0,True,,296,v28_seed_202_FROZEN.zip,eb9c2dcd1e9cc1ac1ae85f1a4e759aae4aad57b10c9a0ce7a1320dfefd2245ad
2018-09-19,1,1,True,,297,v28_seed_202_FROZEN.zip,eb9c2dcd1e9cc1ac1ae85f1a4e759aae4aad57b10c9a0ce7a1320dfefd2245ad
2018-09-20,0,0,True,,298,v28_seed_202_FROZEN.zip,eb9c2dcd1e9cc1ac1ae85f1a4e759aae4aad57b10c9a0ce7a1320dfefd2245ad
2018-09-21,0,0,False,,298,v28_seed_202_FROZEN.zip,eb9c2dcd1e9cc1ac1ae85f1a4e759aae4aad57b10c9a0ce7a1320dfefd2245ad
2018-09-24,1,1,True,,299,v28_seed_202_FROZEN.zip,eb9c2dcd1e9cc1ac1ae85f1a4e759aae4aad57b10c9a0ce7a1320dfefd2245ad
2018-09-25,0,0,True,,300,v28_seed_202_FROZEN.zip,eb9c2dcd1e9cc1ac1ae85f1a4e759aae4aad57b10c9a0ce7a1320dfefd2245ad
2018-09-26,0,0,False,,300,v28_seed_202_FROZEN.zip,eb9c2dcd1e9cc1ac1ae85f1a4e759aae4aad57b10c9a0ce7a1320dfefd2245ad
2018-09-27,1,1,True,,301,v28_seed_202_FROZEN.zip,eb9c2dcd1e9cc1ac1ae85f1a4e759aae4aad57b10c9a0ce7a1320dfefd2245ad
2018-09-28,1,1,False,,301,v28_seed_202_FROZEN.zip,eb9c2dcd1e9cc1ac1ae85f1a4e759aae4aad57b10c9a0ce7a1320dfefd2245ad
2018-10-01,0,0,True,,302,v28_seed_202_FROZEN.zip,eb9c2dcd1e9cc1ac1ae85f1a4e759aae4aad57b10c9a0ce7a1320dfefd2245ad
2018-10-02,0,0,False,,302,v28_seed_202_FROZEN.zip,eb9c2dcd1e9cc1ac1ae85f1a4e759aae4aad57b10c9a0ce7a1320dfefd2245ad
2018-10-03,0,0,False,,302,v28_seed_202_FROZEN.zip,eb9c2dcd1e9cc1ac1ae85f1a4e759aae4aad57b10c9a0ce7a1320dfefd2245ad
2018-10-04,0,0,False,,302,v28_seed_202_FROZEN.zip,eb9c2dcd1e9cc1ac1ae85f1a4e759aae4aad57b10c9a0ce7a1320dfefd2245ad
2018-10-05,0,0,False,,302,v28_seed_202_FROZEN.zip,eb9c2dcd1e9cc1ac1ae85f1a4e759aae4aad57b10c9a0ce7a1320dfefd2245ad
2018-10-08,0,0,False,,302,v28_seed_202_FROZEN.zip,eb9c2dcd1e9cc1ac1ae85f1a4e759aae4aad57b10c9a0ce7a1320dfefd2245ad
2018-10-09,0,0,False,,302,v28_seed_202_FROZEN.zip,eb9c2dcd1e9cc1ac1ae85f1a4e759aae4aad57b10c9a0ce7a1320dfefd2245ad
2018-10-10,0,0,False,,302,v28_seed_202_FROZEN.zip,eb9c2dcd1e9cc1ac1ae85f1a4e759aae4aad57b10c9a0ce7a1320dfefd2245ad
2018-10-11,1,1,True,,303,v28_seed_202_FROZEN.zip,eb9c2dcd1e9cc1ac1ae85f1a4e759aae4aad57b10c9a0ce7a1320dfefd2245ad
2018-10-12,0,0,True,,304,v28_seed_202_FROZEN.zip,eb9c2dcd1e9cc1ac1ae85f1a4e759aae4aad57b10c9a0ce7a1320dfefd2245ad
2018-10-15,1,1,True,,305,v28_seed_202_FROZEN.zip,eb9c2dcd1e9cc1ac1ae85f1a4e759aae4aad57b10c9a0ce7a1320dfefd2245ad
2018-10-16,1,1,False,,305,v28_seed_202_FROZEN.zip,eb9c2dcd1e9cc1ac1ae85f1a4e759aae4aad57b10c9a0ce7a1320dfefd2245ad
2018-10-17,0,0,True,,306,v28_seed_202_FROZEN.zip,eb9c2dcd1e9cc1ac1ae85f1a4e759aae4aad57b10c9a0ce7a1320dfefd2245ad
2018-10-18,0,0,False,,306,v28_seed_202_FROZEN.zip,eb9c2dcd1e9cc1ac1ae85f1a4e759aae4aad57b10c9a0ce7a1320dfefd2245ad
2018-10-19,0,0,False,,306,v28_seed_202_FROZEN.zip,eb9c2dcd1e9cc1ac1ae85f1a4e759aae4aad57b10c9a0ce7a1320dfefd2245ad
2018-10-22,0,0,False,,306,v28_seed_202_FROZEN.zip,eb9c2dcd1e9cc1ac1ae85f1a4e759aae4aad57b10c9a0ce7a1320dfefd2245ad
2018-10-23,0,0,False,,306,v28_seed_202_FROZEN.zip,eb9c2dcd1e9cc1ac1ae85f1a4e759aae4aad57b10c9a0ce7a1320dfefd2245ad
2018-10-24,1,1,True,,307,v28_seed_202_FROZEN.zip,eb9c2dcd1e9cc1ac1ae85f1a4e759aae4aad57b10c9a0ce7a1320dfefd2245ad
2018-10-25,0,0,True,,308,v28_seed_202_FROZEN.zip,eb9c2dcd1e9cc1ac1ae85f1a4e759aae4aad57b10c9a0ce7a1320dfefd2245ad
2018-10-26,0,0,False,,308,v28_seed_202_FROZEN.zip,eb9c2dcd1e9cc1ac1ae85f1a4e759aae4aad57b10c9a0ce7a1320dfefd2245ad
2018-10-29,1,1,True,,309,v28_seed_202_FROZEN.zip,eb9c2dcd1e9cc1ac1ae85f1a4e759aae4aad57b10c9a0ce7a1320dfefd2245ad
2018-10-30,0,0,True,,310,v28_seed_202_FROZEN.zip,eb9c2dcd1e9cc1ac1ae85f1a4e759aae4aad57b10c9a0ce7a1320dfefd2245ad
2018-10-31,0,0,False,,310,v28_seed_202_FROZEN.zip,eb9c2dcd1e9cc1ac1ae85f1a4e759aae4aad57b10c9a0ce7a1320dfefd2245ad
2018-11-01,0,0,False,,310,v28_seed_202_FROZEN.zip,eb9c2dcd1e9cc1ac1ae85f1a4e759aae4aad57b10c9a0ce7a1320dfefd2245ad
2018-11-02,0,0,False,,310,v28_seed_202_FROZEN.zip,eb9c2dcd1e9cc1ac1ae85f1a4e759aae4aad57b10c9a0ce7a1320dfefd2245ad
2018-11-05,1,1,True,,311,v28_seed_202_FROZEN.zip,eb9c2dcd1e9cc1ac1ae85f1a4e759aae4aad57b10c9a0ce7a1320dfefd2245ad
2018-11-06,1,1,False,,311,v28_seed_202_FROZEN.zip,eb9c2dcd1e9cc1ac1ae85f1a4e759aae4aad57b10c9a0ce7a1320dfefd2245ad
2018-11-07,1,1,False,,311,v28_seed_202_FROZEN.zip,eb9c2dcd1e9cc1ac1ae85f1a4e759aae4aad57b10c9a0ce7a1320dfefd2245ad
2018-11-08,1,1,False,,311,v28_seed_202_FROZEN.zip,eb9c2dcd1e9cc1ac1ae85f1a4e759aae4aad57b10c9a0ce7a1320dfefd2245ad
2018-11-09,0,0,True,,312,v28_seed_202_FROZEN.zip,eb9c2dcd1e9cc1ac1ae85f1a4e759aae4aad57b10c9a0ce7a1320dfefd2245ad
2018-11-12,0,0,False,,312,v28_seed_202_FROZEN.zip,eb9c2dcd1e9cc1ac1ae85f1a4e759aae4aad57b10c9a0ce7a1320dfefd2245ad
2018-11-13,0,0,False,,312,v28_seed_202_FROZEN.zip,eb9c2dcd1e9cc1ac1ae85f1a4e759aae4aad57b10c9a0ce7a1320dfefd2245ad
2018-11-14,1,1,True,,313,v28_seed_202_FROZEN.zip,eb9c2dcd1e9cc1ac1ae85f1a4e759aae4aad57b10c9a0ce7a1320dfefd2245ad
2018-11-15,1,1,False,,313,v28_seed_202_FROZEN.zip,eb9c2dcd1e9cc1ac1ae85f1a4e759aae4aad57b10c9a0ce7a1320dfefd2245ad
2018-11-16,0,0,True,,314,v28_seed_202_FROZEN.zip,eb9c2dcd1e9cc1ac1ae85f1a4e759aae4aad57b10c9a0ce7a1320dfefd2245ad
2018-11-19,0,0,False,,314,v28_seed_202_FROZEN.zip,eb9c2dcd1e9cc1ac1ae85f1a4e759aae4aad57b10c9a0ce7a1320dfefd2245ad
2018-11-20,0,0,False,,314,v28_seed_202_FROZEN.zip,eb9c2dcd1e9cc1ac1ae85f1a4e759aae4aad57b10c9a0ce7a1320dfefd2245ad
2018-11-21,1,1,True,,315,v28_seed_202_FROZEN.zip,eb9c2dcd1e9cc1ac1ae85f1a4e759aae4aad57b10c9a0ce7a1320dfefd2245ad
2018-11-23,1,1,False,,315,v28_seed_202_FROZEN.zip,eb9c2dcd1e9cc1ac1ae85f1a4e759aae4aad57b10c9a0ce7a1320dfefd2245ad
2018-11-26,1,1,False,,315,v28_seed_202_FROZEN.zip,eb9c2dcd1e9cc1ac1ae85f1a4e759aae4aad57b10c9a0ce7a1320dfefd2245ad
2018-11-27,1,1,False,,315,v28_seed_202_FROZEN.zip,eb9c2dcd1e9cc1ac1ae85f1a4e759aae4aad57b10c9a0ce7a1320dfefd2245ad
2018-11-28,0,0,True,,316,v28_seed_202_FROZEN.zip,eb9c2dcd1e9cc1ac1ae85f1a4e759aae4aad57b10c9a0ce7a1320dfefd2245ad
2018-11-29,1,1,True,,317,v28_seed_202_FROZEN.zip,eb9c2dcd1e9cc1ac1ae85f1a4e759aae4aad57b10c9a0ce7a1320dfefd2245ad
2018-11-30,1,1,False,,317,v28_seed_202_FROZEN.zip,eb9c2dcd1e9cc1ac1ae85f1a4e759aae4aad57b10c9a0ce7a1320dfefd2245ad
2018-12-03,0,0,True,,318,v28_seed_202_FROZEN.zip,eb9c2dcd1e9cc1ac1ae85f1a4e759aae4aad57b10c9a0ce7a1320dfefd2245ad
2018-12-04,0,0,False,,318,v28_seed_202_FROZEN.zip,eb9c2dcd1e9cc1ac1ae85f1a4e759aae4aad57b10c9a0ce7a1320dfefd2245ad
2018-12-06,0,0,False,,318,v28_seed_202_FROZEN.zip,eb9c2dcd1e9cc1ac1ae85f1a4e759aae4aad57b10c9a0ce7a1320dfefd2245ad
2018-12-07,0,0,False,,318,v28_seed_202_FROZEN.zip,eb9c2dcd1e9cc1ac1ae85f1a4e759aae4aad57b10c9a0ce7a1320dfefd2245ad
2018-12-10,0,0,False,,318,v28_seed_202_FROZEN.zip,eb9c2dcd1e9cc1ac1ae85f1a4e759aae4aad57b10c9a0ce7a1320dfefd2245ad
2018-12-11,0,0,False,,318,v28_seed_202_FROZEN.zip,eb9c2dcd1e9cc1ac1ae85f1a4e759aae4aad57b10c9a0ce7a1320dfefd2245ad
2018-12-12,1,1,True,,319,v28_seed_202_FROZEN.zip,eb9c2dcd1e9cc1ac1ae85f1a4e759aae4aad57b10c9a0ce7a1320dfefd2245ad
2018-12-13,0,0,True,,320,v28_seed_202_FROZEN.zip,eb9c2dcd1e9cc1ac1ae85f1a4e759aae4aad57b10c9a0ce7a1320dfefd2245ad
2018-12-14,0,0,False,,320,v28_seed_202_FROZEN.zip,eb9c2dcd1e9cc1ac1ae85f1a4e759aae4aad57b10c9a0ce7a1320dfefd2245ad
2018-12-17,0,0,False,,320,v28_seed_202_FROZEN.zip,eb9c2dcd1e9cc1ac1ae85f1a4e759aae4aad57b10c9a0ce7a1320dfefd2245ad
2018-12-18,0,0,False,,320,v28_seed_202_FROZEN.zip,eb9c2dcd1e9cc1ac1ae85f1a4e759aae4aad57b10c9a0ce7a1320dfefd2245ad
2018-12-19,0,0,False,,320,v28_seed_202_FROZEN.zip,eb9c2dcd1e9cc1ac1ae85f1a4e759aae4aad57b10c9a0ce7a1320dfefd2245ad
2018-12-20,0,0,False,,320,v28_seed_202_FROZEN.zip,eb9c2dcd1e9cc1ac1ae85f1a4e759aae4aad57b10c9a0ce7a1320dfefd2245ad
2018-12-21,0,0,False,,320,v28_seed_202_FROZEN.zip,eb9c2dcd1e9cc1ac1ae85f1a4e759aae4aad57b10c9a0ce7a1320dfefd2245ad
2018-12-24,1,1,True,,321,v28_seed_202_FROZEN.zip,eb9c2dcd1e9cc1ac1ae85f1a4e759aae4aad57b10c9a0ce7a1320dfefd2245ad
2018-12-26,0,0,True,,322,v28_seed_202_FROZEN.zip,eb9c2dcd1e9cc1ac1ae85f1a4e759aae4aad57b10c9a0ce7a1320dfefd2245ad
2018-12-27,0,0,False,,322,v28_seed_202_FROZEN.zip,eb9c2dcd1e9cc1ac1ae85f1a4e759aae4aad57b10c9a0ce7a1320dfefd2245ad
2018-12-28,0,0,False,,322,v28_seed_202_FROZEN.zip,eb9c2dcd1e9cc1ac1ae85f1a4e759aae4aad57b10c9a0ce7a1320dfefd2245ad
2018-12-31,0,0,False,,322,v28_seed_202_FROZEN.zip,eb9c2dcd1e9cc1ac1ae85f1a4e759aae4aad57b10c9a0ce7a1320dfefd2245ad
2019-01-02,0,0,False,,322,v28_seed_202_FROZEN.zip,eb9c2dcd1e9cc1ac1ae85f1a4e759aae4aad57b10c9a0ce7a1320dfefd2245ad
2019-01-03,1,1,True,,323,v28_seed_202_FROZEN.zip,eb9c2dcd1e9cc1ac1ae85f1a4e759aae4aad57b10c9a0ce7a1320dfefd2245ad
2019-01-04,1,1,False,,323,v28_seed_202_FROZEN.zip,eb9c2dcd1e9cc1ac1ae85f1a4e759aae4aad57b10c9a0ce7a1320dfefd2245ad
2019-01-07,1,1,False,,323,v28_seed_202_FROZEN.zip,eb9c2dcd1e9cc1ac1ae85f1a4e759aae4aad57b10c9a0ce7a1320dfefd2245ad
2019-01-08,1,1,False,,323,v28_seed_202_FROZEN.zip,eb9c2dcd1e9cc1ac1ae85f1a4e759aae4aad57b10c9a0ce7a1320dfefd2245ad
2019-01-09,1,1,False,,323,v28_seed_202_FROZEN.zip,eb9c2dcd1e9cc1ac1ae85f1a4e759aae4aad57b10c9a0ce7a1320dfefd2245ad
2019-01-10,1,1,False,,323,v28_seed_202_FROZEN.zip,eb9c2dcd1e9cc1ac1ae85f1a4e759aae4aad57b10c9a0ce7a1320dfefd2245ad
2019-01-11,1,1,False,,323,v28_seed_202_FROZEN.zip,eb9c2dcd1e9cc1ac1ae85f1a4e759aae4aad57b10c9a0ce7a1320dfefd2245ad
2019-01-14,1,1,False,,323,v28_seed_202_FROZEN.zip,eb9c2dcd1e9cc1ac1ae85f1a4e759aae4aad57b10c9a0ce7a1320dfefd2245ad
2019-01-15,1,1,False,,323,v28_seed_202_FROZEN.zip,eb9c2dcd1e9cc1ac1ae85f1a4e759aae4aad57b10c9a0ce7a1320dfefd2245ad
2019-01-16,1,1,False,,323,v28_seed_202_FROZEN.zip,eb9c2dcd1e9cc1ac1ae85f1a4e759aae4aad57b10c9a0ce7a1320dfefd2245ad
2019-01-17,1,1,False,,323,v28_seed_202_FROZEN.zip,eb9c2dcd1e9cc1ac1ae85f1a4e759aae4aad57b10c9a0ce7a1320dfefd2245ad
2019-01-18,0,0,True,,324,v28_seed_202_FROZEN.zip,eb9c2dcd1e9cc1ac1ae85f1a4e759aae4aad57b10c9a0ce7a1320dfefd2245ad
2019-01-22,0,0,False,,324,v28_seed_202_FROZEN.zip,eb9c2dcd1e9cc1ac1ae85f1a4e759aae4aad57b10c9a0ce7a1320dfefd2245ad
2019-01-23,0,0,False,,324,v28_seed_202_FROZEN.zip,eb9c2dcd1e9cc1ac1ae85f1a4e759aae4aad57b10c9a0ce7a1320dfefd2245ad
2019-01-24,1,1,True,,325,v28_seed_202_FROZEN.zip,eb9c2dcd1e9cc1ac1ae85f1a4e759aae4aad57b10c9a0ce7a1320dfefd2245ad
2019-01-25,1,1,False,,325,v28_seed_202_FROZEN.zip,eb9c2dcd1e9cc1ac1ae85f1a4e759aae4aad57b10c9a0ce7a1320dfefd2245ad
2019-01-28,1,1,False,,325,v28_seed_202_FROZEN.zip,eb9c2dcd1e9cc1ac1ae85f1a4e759aae4aad57b10c9a0ce7a1320dfefd2245ad
2019-01-29,1,1,False,,325,v28_seed_202_FROZEN.zip,eb9c2dcd1e9cc1ac1ae85f1a4e759aae4aad57b10c9a0ce7a1320dfefd2245ad
2019-01-30,1,1,False,,325,v28_seed_202_FROZEN.zip,eb9c2dcd1e9cc1ac1ae85f1a4e759aae4aad57b10c9a0ce7a1320dfefd2245ad
2019-01-31,1,1,False,,325,v28_seed_202_FROZEN.zip,eb9c2dcd1e9cc1ac1ae85f1a4e759aae4aad57b10c9a0ce7a1320dfefd2245ad
2019-02-01,1,1,False,,325,v28_seed_202_FROZEN.zip,eb9c2dcd1e9cc1ac1ae85f1a4e759aae4aad57b10c9a0ce7a1320dfefd2245ad
2019-02-04,1,1,False,,325,v28_seed_202_FROZEN.zip,eb9c2dcd1e9cc1ac1ae85f1a4e759aae4aad57b10c9a0ce7a1320dfefd2245ad
2019-02-05,0,0,True,,326,v28_seed_202_FROZEN.zip,eb9c2dcd1e9cc1ac1ae85f1a4e759aae4aad57b10c9a0ce7a1320dfefd2245ad
2019-02-06,0,0,False,,326,v28_seed_202_FROZEN.zip,eb9c2dcd1e9cc1ac1ae85f1a4e759aae4aad57b10c9a0ce7a1320dfefd2245ad
2019-02-07,1,1,True,,327,v28_seed_202_FROZEN.zip,eb9c2dcd1e9cc1ac1ae85f1a4e759aae4aad57b10c9a0ce7a1320dfefd2245ad
2019-02-08,1,1,False,,327,v28_seed_202_FROZEN.zip,eb9c2dcd1e9cc1ac1ae85f1a4e759aae4aad57b10c9a0ce7a1320dfefd2245ad
2019-02-11,1,1,False,,327,v28_seed_202_FROZEN.zip,eb9c2dcd1e9cc1ac1ae85f1a4e759aae4aad57b10c9a0ce7a1320dfefd2245ad
2019-02-12,1,1,False,,327,v28_seed_202_FROZEN.zip,eb9c2dcd1e9cc1ac1ae85f1a4e759aae4aad57b10c9a0ce7a1320dfefd2245ad
2019-02-13,1,1,False,,327,v28_seed_202_FROZEN.zip,eb9c2dcd1e9cc1ac1ae85f1a4e759aae4aad57b10c9a0ce7a1320dfefd2245ad
2019-02-14,1,1,False,,327,v28_seed_202_FROZEN.zip,eb9c2dcd1e9cc1ac1ae85f1a4e759aae4aad57b10c9a0ce7a1320dfefd2245ad
2019-02-15,1,1,False,,327,v28_seed_202_FROZEN.zip,eb9c2dcd1e9cc1ac1ae85f1a4e759aae4aad57b10c9a0ce7a1320dfefd2245ad
2019-02-19,1,1,False,,327,v28_seed_202_FROZEN.zip,eb9c2dcd1e9cc1ac1ae85f1a4e759aae4aad57b10c9a0ce7a1320dfefd2245ad
2019-02-20,1,1,False,,327,v28_seed_202_FROZEN.zip,eb9c2dcd1e9cc1ac1ae85f1a4e759aae4aad57b10c9a0ce7a1320dfefd2245ad
2019-02-21,1,1,False,,327,v28_seed_202_FROZEN.zip,eb9c2dcd1e9cc1ac1ae85f1a4e759aae4aad57b10c9a0ce7a1320dfefd2245ad
2019-02-22,0,0,True,,328,v28_seed_202_FROZEN.zip,eb9c2dcd1e9cc1ac1ae85f1a4e759aae4aad57b10c9a0ce7a1320dfefd2245ad
2019-02-25,0,0,False,,328,v28_seed_202_FROZEN.zip,eb9c2dcd1e9cc1ac1ae85f1a4e759aae4aad57b10c9a0ce7a1320dfefd2245ad
2019-02-26,1,1,True,,329,v28_seed_202_FROZEN.zip,eb9c2dcd1e9cc1ac1ae85f1a4e759aae4aad57b10c9a0ce7a1320dfefd2245ad
2019-02-27,1,1,False,,329,v28_seed_202_FROZEN.zip,eb9c2dcd1e9cc1ac1ae85f1a4e759aae4aad57b10c9a0ce7a1320dfefd2245ad
2019-02-28,1,1,False,,329,v28_seed_202_FROZEN.zip,eb9c2dcd1e9cc1ac1ae85f1a4e759aae4aad57b10c9a0ce7a1320dfefd2245ad
2019-03-01,0,0,True,,330,v28_seed_202_FROZEN.zip,eb9c2dcd1e9cc1ac1ae85f1a4e759aae4aad57b10c9a0ce7a1320dfefd2245ad
2019-03-04,1,1,True,,331,v28_seed_202_FROZEN.zip,eb9c2dcd1e9cc1ac1ae85f1a4e759aae4aad57b10c9a0ce7a1320dfefd2245ad
2019-03-05,1,1,False,,331,v28_seed_202_FROZEN.zip,eb9c2dcd1e9cc1ac1ae85f1a4e759aae4aad57b10c9a0ce7a1320dfefd2245ad
2019-03-06,0,0,True,,332,v28_seed_202_FROZEN.zip,eb9c2dcd1e9cc1ac1ae85f1a4e759aae4aad57b10c9a0ce7a1320dfefd2245ad
2019-03-07,0,0,False,,332,v28_seed_202_FROZEN.zip,eb9c2dcd1e9cc1ac1ae85f1a4e759aae4aad57b10c9a0ce7a1320dfefd2245ad
2019-03-08,1,1,True,,333,v28_seed_202_FROZEN.zip,eb9c2dcd1e9cc1ac1ae85f1a4e759aae4aad57b10c9a0ce7a1320dfefd2245ad
2019-03-11,1,1,False,,333,v28_seed_202_FROZEN.zip,eb9c2dcd1e9cc1ac1ae85f1a4e759aae4aad57b10c9a0ce7a1320dfefd2245ad
2019-03-12,1,1,False,,333,v28_seed_202_FROZEN.zip,eb9c2dcd1e9cc1ac1ae85f1a4e759aae4aad57b10c9a0ce7a1320dfefd2245ad
2019-03-13,1,1,False,,333,v28_seed_202_FROZEN.zip,eb9c2dcd1e9cc1ac1ae85f1a4e759aae4aad57b10c9a0ce7a1320dfefd2245ad
2019-03-14,1,1,False,,333,v28_seed_202_FROZEN.zip,eb9c2dcd1e9cc1ac1ae85f1a4e759aae4aad57b10c9a0ce7a1320dfefd2245ad
2019-03-15,0,0,True,,334,v28_seed_202_FROZEN.zip,eb9c2dcd1e9cc1ac1ae85f1a4e759aae4aad57b10c9a0ce7a1320dfefd2245ad
2019-03-18,0,0,False,,334,v28_seed_202_FROZEN.zip,eb9c2dcd1e9cc1ac1ae85f1a4e759aae4aad57b10c9a0ce7a1320dfefd2245ad
2019-03-19,0,0,False,,334,v28_seed_202_FROZEN.zip,eb9c2dcd1e9cc1ac1ae85f1a4e759aae4aad57b10c9a0ce7a1320dfefd2245ad
2019-03-20,1,1,True,,335,v28_seed_202_FROZEN.zip,eb9c2dcd1e9cc1ac1ae85f1a4e759aae4aad57b10c9a0ce7a1320dfefd2245ad
2019-03-21,0,0,True,,336,v28_seed_202_FROZEN.zip,eb9c2dcd1e9cc1ac1ae85f1a4e759aae4aad57b10c9a0ce7a1320dfefd2245ad
2019-03-22,0,0,False,,336,v28_seed_202_FROZEN.zip,eb9c2dcd1e9cc1ac1ae85f1a4e759aae4aad57b10c9a0ce7a1320dfefd2245ad
2019-03-25,1,1,True,,337,v28_seed_202_FROZEN.zip,eb9c2dcd1e9cc1ac1ae85f1a4e759aae4aad57b10c9a0ce7a1320dfefd2245ad
2019-03-26,0,0,True,,338,v28_seed_202_FROZEN.zip,eb9c2dcd1e9cc1ac1ae85f1a4e759aae4aad57b10c9a0ce7a1320dfefd2245ad
2019-03-27,1,1,True,,339,v28_seed_202_FROZEN.zip,eb9c2dcd1e9cc1ac1ae85f1a4e759aae4aad57b10c9a0ce7a1320dfefd2245ad
2019-03-28,1,1,False,,339,v28_seed_202_FROZEN.zip,eb9c2dcd1e9cc1ac1ae85f1a4e759aae4aad57b10c9a0ce7a1320dfefd2245ad
2019-03-29,1,1,False,,339,v28_seed_202_FROZEN.zip,eb9c2dcd1e9cc1ac1ae85f1a4e759aae4aad57b10c9a0ce7a1320dfefd2245ad
2019-04-01,0,0,True,,340,v28_seed_202_FROZEN.zip,eb9c2dcd1e9cc1ac1ae85f1a4e759aae4aad57b10c9a0ce7a1320dfefd2245ad
2019-04-02,1,1,True,,341,v28_seed_202_FROZEN.zip,eb9c2dcd1e9cc1ac1ae85f1a4e759aae4aad57b10c9a0ce7a1320dfefd2245ad
2019-04-03,1,1,False,,341,v28_seed_202_FROZEN.zip,eb9c2dcd1e9cc1ac1ae85f1a4e759aae4aad57b10c9a0ce7a1320dfefd2245ad
2019-04-04,1,1,False,,341,v28_seed_202_FROZEN.zip,eb9c2dcd1e9cc1ac1ae85f1a4e759aae4aad57b10c9a0ce7a1320dfefd2245ad
2019-04-05,1,1,False,,341,v28_seed_202_FROZEN.zip,eb9c2dcd1e9cc1ac1ae85f1a4e759aae4aad57b10c9a0ce7a1320dfefd2245ad
2019-04-08,1,1,False,,341,v28_seed_202_FROZEN.zip,eb9c2dcd1e9cc1ac1ae85f1a4e759aae4aad57b10c9a0ce7a1320dfefd2245ad
2019-04-09,1,1,False,,341,v28_seed_202_FROZEN.zip,eb9c2dcd1e9cc1ac1ae85f1a4e759aae4aad57b10c9a0ce7a1320dfefd2245ad
2019-04-10,1,1,False,,341,v28_seed_202_FROZEN.zip,eb9c2dcd1e9cc1ac1ae85f1a4e759aae4aad57b10c9a0ce7a1320dfefd2245ad
2019-04-11,1,1,False,,341,v28_seed_202_FROZEN.zip,eb9c2dcd1e9cc1ac1ae85f1a4e759aae4aad57b10c9a0ce7a1320dfefd2245ad
2019-04-12,0,0,True,,342,v28_seed_202_FROZEN.zip,eb9c2dcd1e9cc1ac1ae85f1a4e759aae4aad57b10c9a0ce7a1320dfefd2245ad
2019-04-15,0,0,False,,342,v28_seed_202_FROZEN.zip,eb9c2dcd1e9cc1ac1ae85f1a4e759aae4aad57b10c9a0ce7a1320dfefd2245ad
2019-04-16,0,0,False,,342,v28_seed_202_FROZEN.zip,eb9c2dcd1e9cc1ac1ae85f1a4e759aae4aad57b10c9a0ce7a1320dfefd2245ad
2019-04-17,0,0,False,,342,v28_seed_202_FROZEN.zip,eb9c2dcd1e9cc1ac1ae85f1a4e759aae4aad57b10c9a0ce7a1320dfefd2245ad
2019-04-18,0,0,False,,342,v28_seed_202_FROZEN.zip,eb9c2dcd1e9cc1ac1ae85f1a4e759aae4aad57b10c9a0ce7a1320dfefd2245ad
2019-04-22,1,1,True,,343,v28_seed_202_FROZEN.zip,eb9c2dcd1e9cc1ac1ae85f1a4e759aae4aad57b10c9a0ce7a1320dfefd2245ad
2019-04-23,1,1,False,,343,v28_seed_202_FROZEN.zip,eb9c2dcd1e9cc1ac1ae85f1a4e759aae4aad57b10c9a0ce7a1320dfefd2245ad
2019-04-24,1,1,False,,343,v28_seed_202_FROZEN.zip,eb9c2dcd1e9cc1ac1ae85f1a4e759aae4aad57b10c9a0ce7a1320dfefd2245ad
2019-04-25,1,1,False,,343,v28_seed_202_FROZEN.zip,eb9c2dcd1e9cc1ac1ae85f1a4e759aae4aad57b10c9a0ce7a1320dfefd2245ad
2019-04-26,1,1,False,,343,v28_seed_202_FROZEN.zip,eb9c2dcd1e9cc1ac1ae85f1a4e759aae4aad57b10c9a0ce7a1320dfefd2245ad
2019-04-29,1,1,False,,343,v28_seed_202_FROZEN.zip,eb9c2dcd1e9cc1ac1ae85f1a4e759aae4aad57b10c9a0ce7a1320dfefd2245ad
2019-04-30,0,0,True,,344,v28_seed_202_FROZEN.zip,eb9c2dcd1e9cc1ac1ae85f1a4e759aae4aad57b10c9a0ce7a1320dfefd2245ad
2019-05-01,1,1,True,,345,v28_seed_202_FROZEN.zip,eb9c2dcd1e9cc1ac1ae85f1a4e759aae4aad57b10c9a0ce7a1320dfefd2245ad
2019-05-02,1,1,False,,345,v28_seed_202_FROZEN.zip,eb9c2dcd1e9cc1ac1ae85f1a4e759aae4aad57b10c9a0ce7a1320dfefd2245ad
2019-05-03,1,1,False,,345,v28_seed_202_FROZEN.zip,eb9c2dcd1e9cc1ac1ae85f1a4e759aae4aad57b10c9a0ce7a1320dfefd2245ad
2019-05-06,1,1,False,,345,v28_seed_202_FROZEN.zip,eb9c2dcd1e9cc1ac1ae85f1a4e759aae4aad57b10c9a0ce7a1320dfefd2245ad
2019-05-07,0,0,True,,346,v28_seed_202_FROZEN.zip,eb9c2dcd1e9cc1ac1ae85f1a4e759aae4aad57b10c9a0ce7a1320dfefd2245ad
2019-05-08,0,0,False,,346,v28_seed_202_FROZEN.zip,eb9c2dcd1e9cc1ac1ae85f1a4e759aae4aad57b10c9a0ce7a1320dfefd2245ad
2019-05-09,1,1,True,,347,v28_seed_202_FROZEN.zip,eb9c2dcd1e9cc1ac1ae85f1a4e759aae4aad57b10c9a0ce7a1320dfefd2245ad
2019-05-10,0,0,True,,348,v28_seed_202_FROZEN.zip,eb9c2dcd1e9cc1ac1ae85f1a4e759aae4aad57b10c9a0ce7a1320dfefd2245ad
2019-05-13,0,0,False,,348,v28_seed_202_FROZEN.zip,eb9c2dcd1e9cc1ac1ae85f1a4e759aae4aad57b10c9a0ce7a1320dfefd2245ad
2019-05-14,0,0,False,,348,v28_seed_202_FROZEN.zip,eb9c2dcd1e9cc1ac1ae85f1a4e759aae4aad57b10c9a0ce7a1320dfefd2245ad
2019-05-15,0,0,False,,348,v28_seed_202_FROZEN.zip,eb9c2dcd1e9cc1ac1ae85f1a4e759aae4aad57b10c9a0ce7a1320dfefd2245ad
2019-05-16,0,0,False,,348,v28_seed_202_FROZEN.zip,eb9c2dcd1e9cc1ac1ae85f1a4e759aae4aad57b10c9a0ce7a1320dfefd2245ad
2019-05-17,0,0,False,,348,v28_seed_202_FROZEN.zip,eb9c2dcd1e9cc1ac1ae85f1a4e759aae4aad57b10c9a0ce7a1320dfefd2245ad
2019-05-20,1,1,True,,349,v28_seed_202_FROZEN.zip,eb9c2dcd1e9cc1ac1ae85f1a4e759aae4aad57b10c9a0ce7a1320dfefd2245ad
2019-05-21,0,0,True,,350,v28_seed_202_FROZEN.zip,eb9c2dcd1e9cc1ac1ae85f1a4e759aae4aad57b10c9a0ce7a1320dfefd2245ad
2019-05-22,0,0,False,,350,v28_seed_202_FROZEN.zip,eb9c2dcd1e9cc1ac1ae85f1a4e759aae4aad57b10c9a0ce7a1320dfefd2245ad
2019-05-23,0,0,False,,350,v28_seed_202_FROZEN.zip,eb9c2dcd1e9cc1ac1ae85f1a4e759aae4aad57b10c9a0ce7a1320dfefd2245ad
2019-05-24,0,0,False,,350,v28_seed_202_FROZEN.zip,eb9c2dcd1e9cc1ac1ae85f1a4e759aae4aad57b10c9a0ce7a1320dfefd2245ad
2019-05-28,0,0,False,,350,v28_seed_202_FROZEN.zip,eb9c2dcd1e9cc1ac1ae85f1a4e759aae4aad57b10c9a0ce7a1320dfefd2245ad
2019-05-29,0,0,False,,350,v28_seed_202_FROZEN.zip,eb9c2dcd1e9cc1ac1ae85f1a4e759aae4aad57b10c9a0ce7a1320dfefd2245ad
2019-05-30,0,0,False,,350,v28_seed_202_FROZEN.zip,eb9c2dcd1e9cc1ac1ae85f1a4e759aae4aad57b10c9a0ce7a1320dfefd2245ad
2019-05-31,0,0,False,,350,v28_seed_202_FROZEN.zip,eb9c2dcd1e9cc1ac1ae85f1a4e759aae4aad57b10c9a0ce7a1320dfefd2245ad
2019-06-03,1,1,True,,351,v28_seed_202_FROZEN.zip,eb9c2dcd1e9cc1ac1ae85f1a4e759aae4aad57b10c9a0ce7a1320dfefd2245ad
2019-06-04,1,1,False,,351,v28_seed_202_FROZEN.zip,eb9c2dcd1e9cc1ac1ae85f1a4e759aae4aad57b10c9a0ce7a1320dfefd2245ad
2019-06-05,1,1,False,,351,v28_seed_202_FROZEN.zip,eb9c2dcd1e9cc1ac1ae85f1a4e759aae4aad57b10c9a0ce7a1320dfefd2245ad
2019-06-06,1,1,False,,351,v28_seed_202_FROZEN.zip,eb9c2dcd1e9cc1ac1ae85f1a4e759aae4aad57b10c9a0ce7a1320dfefd2245ad
2019-06-07,0,0,True,,352,v28_seed_202_FROZEN.zip,eb9c2dcd1e9cc1ac1ae85f1a4e759aae4aad57b10c9a0ce7a1320dfefd2245ad
2019-06-10,0,0,False,,352,v28_seed_202_FROZEN.zip,eb9c2dcd1e9cc1ac1ae85f1a4e759aae4aad57b10c9a0ce7a1320dfefd2245ad
2019-06-11,0,0,False,,352,v28_seed_202_FROZEN.zip,eb9c2dcd1e9cc1ac1ae85f1a4e759aae4aad57b10c9a0ce7a1320dfefd2245ad
2019-06-12,1,1,True,,353,v28_seed_202_FROZEN.zip,eb9c2dcd1e9cc1ac1ae85f1a4e759aae4aad57b10c9a0ce7a1320dfefd2245ad
2019-06-13,1,1,False,,353,v28_seed_202_FROZEN.zip,eb9c2dcd1e9cc1ac1ae85f1a4e759aae4aad57b10c9a0ce7a1320dfefd2245ad
2019-06-14,1,1,False,,353,v28_seed_202_FROZEN.zip,eb9c2dcd1e9cc1ac1ae85f1a4e759aae4aad57b10c9a0ce7a1320dfefd2245ad
2019-06-17,1,1,False,,353,v28_seed_202_FROZEN.zip,eb9c2dcd1e9cc1ac1ae85f1a4e759aae4aad57b10c9a0ce7a1320dfefd2245ad
2019-06-18,0,0,True,,354,v28_seed_202_FROZEN.zip,eb9c2dcd1e9cc1ac1ae85f1a4e759aae4aad57b10c9a0ce7a1320dfefd2245ad
2019-06-19,1,1,True,,355,v28_seed_202_FROZEN.zip,eb9c2dcd1e9cc1ac1ae85f1a4e759aae4aad57b10c9a0ce7a1320dfefd2245ad
2019-06-20,1,1,False,,355,v28_seed_202_FROZEN.zip,eb9c2dcd1e9cc1ac1ae85f1a4e759aae4aad57b10c9a0ce7a1320dfefd2245ad
2019-06-21,0,0,True,,356,v28_seed_202_FROZEN.zip,eb9c2dcd1e9cc1ac1ae85f1a4e759aae4aad57b10c9a0ce7a1320dfefd2245ad
2019-06-24,0,0,False,,356,v28_seed_202_FROZEN.zip,eb9c2dcd1e9cc1ac1ae85f1a4e759aae4aad57b10c9a0ce7a1320dfefd2245ad
2019-06-25,0,0,False,,356,v28_seed_202_FROZEN.zip,eb9c2dcd1e9cc1ac1ae85f1a4e759aae4aad57b10c9a0ce7a1320dfefd2245ad
2019-06-26,0,0,False,,356,v28_seed_202_FROZEN.zip,eb9c2dcd1e9cc1ac1ae85f1a4e759aae4aad57b10c9a0ce7a1320dfefd2245ad
2019-06-27,1,1,True,,357,v28_seed_202_FROZEN.zip,eb9c2dcd1e9cc1ac1ae85f1a4e759aae4aad57b10c9a0ce7a1320dfefd2245ad
2019-06-28,1,1,False,,357,v28_seed_202_FROZEN.zip,eb9c2dcd1e9cc1ac1ae85f1a4e759aae4aad57b10c9a0ce7a1320dfefd2245ad
2019-07-01,1,1,False,,357,v28_seed_202_FROZEN.zip,eb9c2dcd1e9cc1ac1ae85f1a4e759aae4aad57b10c9a0ce7a1320dfefd2245ad
2019-07-02,0,0,True,,358,v28_seed_202_FROZEN.zip,eb9c2dcd1e9cc1ac1ae85f1a4e759aae4aad57b10c9a0ce7a1320dfefd2245ad
2019-07-03,1,1,True,,359,v28_seed_202_FROZEN.zip,eb9c2dcd1e9cc1ac1ae85f1a4e759aae4aad57b10c9a0ce7a1320dfefd2245ad
2019-07-05,0,0,True,,360,v28_seed_202_FROZEN.zip,eb9c2dcd1e9cc1ac1ae85f1a4e759aae4aad57b10c9a0ce7a1320dfefd2245ad
2019-07-08,0,0,False,,360,v28_seed_202_FROZEN.zip,eb9c2dcd1e9cc1ac1ae85f1a4e759aae4aad57b10c9a0ce7a1320dfefd2245ad
2019-07-09,1,1,True,,361,v28_seed_202_FROZEN.zip,eb9c2dcd1e9cc1ac1ae85f1a4e759aae4aad57b10c9a0ce7a1320dfefd2245ad
2019-07-10,1,1,False,,361,v28_seed_202_FROZEN.zip,eb9c2dcd1e9cc1ac1ae85f1a4e759aae4aad57b10c9a0ce7a1320dfefd2245ad
2019-07-11,0,0,True,,362,v28_seed_202_FROZEN.zip,eb9c2dcd1e9cc1ac1ae85f1a4e759aae4aad57b10c9a0ce7a1320dfefd2245ad
2019-07-12,0,0,False,,362,v28_seed_202_FROZEN.zip,eb9c2dcd1e9cc1ac1ae85f1a4e759aae4aad57b10c9a0ce7a1320dfefd2245ad
2019-07-15,0,0,False,,362,v28_seed_202_FROZEN.zip,eb9c2dcd1e9cc1ac1ae85f1a4e759aae4aad57b10c9a0ce7a1320dfefd2245ad
2019-07-16,0,0,False,,362,v28_seed_202_FROZEN.zip,eb9c2dcd1e9cc1ac1ae85f1a4e759aae4aad57b10c9a0ce7a1320dfefd2245ad
2019-07-17,1,1,True,,363,v28_seed_202_FROZEN.zip,eb9c2dcd1e9cc1ac1ae85f1a4e759aae4aad57b10c9a0ce7a1320dfefd2245ad
2019-07-18,0,0,True,,364,v28_seed_202_FROZEN.zip,eb9c2dcd1e9cc1ac1ae85f1a4e759aae4aad57b10c9a0ce7a1320dfefd2245ad
2019-07-19,0,0,False,,364,v28_seed_202_FROZEN.zip,eb9c2dcd1e9cc1ac1ae85f1a4e759aae4aad57b10c9a0ce7a1320dfefd2245ad
2019-07-22,1,1,True,,365,v28_seed_202_FROZEN.zip,eb9c2dcd1e9cc1ac1ae85f1a4e759aae4aad57b10c9a0ce7a1320dfefd2245ad
2019-07-23,0,0,True,,366,v28_seed_202_FROZEN.zip,eb9c2dcd1e9cc1ac1ae85f1a4e759aae4aad57b10c9a0ce7a1320dfefd2245ad
2019-07-24,1,1,True,,367,v28_seed_202_FROZEN.zip,eb9c2dcd1e9cc1ac1ae85f1a4e759aae4aad57b10c9a0ce7a1320dfefd2245ad
2019-07-25,1,1,False,,367,v28_seed_202_FROZEN.zip,eb9c2dcd1e9cc1ac1ae85f1a4e759aae4aad57b10c9a0ce7a1320dfefd2245ad
2019-07-26,1,1,False,,367,v28_seed_202_FROZEN.zip,eb9c2dcd1e9cc1ac1ae85f1a4e759aae4aad57b10c9a0ce7a1320dfefd2245ad
2019-07-29,0,0,True,,368,v28_seed_202_FROZEN.zip,eb9c2dcd1e9cc1ac1ae85f1a4e759aae4aad57b10c9a0ce7a1320dfefd2245ad
2019-07-30,0,0,False,,368,v28_seed_202_FROZEN.zip,eb9c2dcd1e9cc1ac1ae85f1a4e759aae4aad57b10c9a0ce7a1320dfefd2245ad
2019-07-31,0,0,False,,368,v28_seed_202_FROZEN.zip,eb9c2dcd1e9cc1ac1ae85f1a4e759aae4aad57b10c9a0ce7a1320dfefd2245ad
2019-08-01,0,0,False,,368,v28_seed_202_FROZEN.zip,eb9c2dcd1e9cc1ac1ae85f1a4e759aae4aad57b10c9a0ce7a1320dfefd2245ad
2019-08-02,0,0,False,,368,v28_seed_202_FROZEN.zip,eb9c2dcd1e9cc1ac1ae85f1a4e759aae4aad57b10c9a0ce7a1320dfefd2245ad
2019-08-05,1,1,True,,369,v28_seed_202_FROZEN.zip,eb9c2dcd1e9cc1ac1ae85f1a4e759aae4aad57b10c9a0ce7a1320dfefd2245ad
2019-08-06,0,0,True,,370,v28_seed_202_FROZEN.zip,eb9c2dcd1e9cc1ac1ae85f1a4e759aae4aad57b10c9a0ce7a1320dfefd2245ad
2019-08-07,1,1,True,,371,v28_seed_202_FROZEN.zip,eb9c2dcd1e9cc1ac1ae85f1a4e759aae4aad57b10c9a0ce7a1320dfefd2245ad
2019-08-08,1,1,False,,371,v28_seed_202_FROZEN.zip,eb9c2dcd1e9cc1ac1ae85f1a4e759aae4aad57b10c9a0ce7a1320dfefd2245ad
2019-08-09,0,0,True,,372,v28_seed_202_FROZEN.zip,eb9c2dcd1e9cc1ac1ae85f1a4e759aae4aad57b10c9a0ce7a1320dfefd2245ad
2019-08-12,1,1,True,,373,v28_seed_202_FROZEN.zip,eb9c2dcd1e9cc1ac1ae85f1a4e759aae4aad57b10c9a0ce7a1320dfefd2245ad
2019-08-13,0,0,True,,374,v28_seed_202_FROZEN.zip,eb9c2dcd1e9cc1ac1ae85f1a4e759aae4aad57b10c9a0ce7a1320dfefd2245ad
2019-08-14,0,0,False,,374,v28_seed_202_FROZEN.zip,eb9c2dcd1e9cc1ac1ae85f1a4e759aae4aad57b10c9a0ce7a1320dfefd2245ad
2019-08-15,1,1,True,,375,v28_seed_202_FROZEN.zip,eb9c2dcd1e9cc1ac1ae85f1a4e759aae4aad57b10c9a0ce7a1320dfefd2245ad
2019-08-16,1,1,False,,375,v28_seed_202_FROZEN.zip,eb9c2dcd1e9cc1ac1ae85f1a4e759aae4aad57b10c9a0ce7a1320dfefd2245ad
2019-08-19,0,0,True,,376,v28_seed_202_FROZEN.zip,eb9c2dcd1e9cc1ac1ae85f1a4e759aae4aad57b10c9a0ce7a1320dfefd2245ad
2019-08-20,1,1,True,,377,v28_seed_202_FROZEN.zip,eb9c2dcd1e9cc1ac1ae85f1a4e759aae4aad57b10c9a0ce7a1320dfefd2245ad
2019-08-21,0,0,True,,378,v28_seed_202_FROZEN.zip,eb9c2dcd1e9cc1ac1ae85f1a4e759aae4aad57b10c9a0ce7a1320dfefd2245ad
2019-08-22,0,0,False,,378,v28_seed_202_FROZEN.zip,eb9c2dcd1e9cc1ac1ae85f1a4e759aae4aad57b10c9a0ce7a1320dfefd2245ad
2019-08-23,1,1,True,,379,v28_seed_202_FROZEN.zip,eb9c2dcd1e9cc1ac1ae85f1a4e759aae4aad57b10c9a0ce7a1320dfefd2245ad
2019-08-26,0,0,True,,380,v28_seed_202_FROZEN.zip,eb9c2dcd1e9cc1ac1ae85f1a4e759aae4aad57b10c9a0ce7a1320dfefd2245ad
2019-08-27,1,1,True,,381,v28_seed_202_FROZEN.zip,eb9c2dcd1e9cc1ac1ae85f1a4e759aae4aad57b10c9a0ce7a1320dfefd2245ad
2019-08-28,1,1,False,,381,v28_seed_202_FROZEN.zip,eb9c2dcd1e9cc1ac1ae85f1a4e759aae4aad57b10c9a0ce7a1320dfefd2245ad
2019-08-29,1,1,False,,381,v28_seed_202_FROZEN.zip,eb9c2dcd1e9cc1ac1ae85f1a4e759aae4aad57b10c9a0ce7a1320dfefd2245ad
2019-08-30,0,0,True,,382,v28_seed_202_FROZEN.zip,eb9c2dcd1e9cc1ac1ae85f1a4e759aae4aad57b10c9a0ce7a1320dfefd2245ad
2019-09-03,0,0,False,,382,v28_seed_202_FROZEN.zip,eb9c2dcd1e9cc1ac1ae85f1a4e759aae4aad57b10c9a0ce7a1320dfefd2245ad
2019-09-04,1,1,True,,383,v28_seed_202_FROZEN.zip,eb9c2dcd1e9cc1ac1ae85f1a4e759aae4aad57b10c9a0ce7a1320dfefd2245ad
2019-09-05,1,1,False,,383,v28_seed_202_FROZEN.zip,eb9c2dcd1e9cc1ac1ae85f1a4e759aae4aad57b10c9a0ce7a1320dfefd2245ad
2019-09-06,1,1,False,,383,v28_seed_202_FROZEN.zip,eb9c2dcd1e9cc1ac1ae85f1a4e759aae4aad57b10c9a0ce7a1320dfefd2245ad
2019-09-09,1,1,False,,383,v28_seed_202_FROZEN.zip,eb9c2dcd1e9cc1ac1ae85f1a4e759aae4aad57b10c9a0ce7a1320dfefd2245ad
2019-09-10,1,1,False,,383,v28_seed_202_FROZEN.zip,eb9c2dcd1e9cc1ac1ae85f1a4e759aae4aad57b10c9a0ce7a1320dfefd2245ad
2019-09-11,1,1,False,,383,v28_seed_202_FROZEN.zip,eb9c2dcd1e9cc1ac1ae85f1a4e759aae4aad57b10c9a0ce7a1320dfefd2245ad
2019-09-12,1,1,False,,383,v28_seed_202_FROZEN.zip,eb9c2dcd1e9cc1ac1ae85f1a4e759aae4aad57b10c9a0ce7a1320dfefd2245ad
2019-09-13,1,1,False,,383,v28_seed_202_FROZEN.zip,eb9c2dcd1e9cc1ac1ae85f1a4e759aae4aad57b10c9a0ce7a1320dfefd2245ad
2019-09-16,1,1,False,,383,v28_seed_202_FROZEN.zip,eb9c2dcd1e9cc1ac1ae85f1a4e759aae4aad57b10c9a0ce7a1320dfefd2245ad
2019-09-17,1,1,False,,383,v28_seed_202_FROZEN.zip,eb9c2dcd1e9cc1ac1ae85f1a4e759aae4aad57b10c9a0ce7a1320dfefd2245ad
2019-09-18,1,1,False,,383,v28_seed_202_FROZEN.zip,eb9c2dcd1e9cc1ac1ae85f1a4e759aae4aad57b10c9a0ce7a1320dfefd2245ad
2019-09-19,0,0,True,,384,v28_seed_202_FROZEN.zip,eb9c2dcd1e9cc1ac1ae85f1a4e759aae4aad57b10c9a0ce7a1320dfefd2245ad
2019-09-20,0,0,False,,384,v28_seed_202_FROZEN.zip,eb9c2dcd1e9cc1ac1ae85f1a4e759aae4aad57b10c9a0ce7a1320dfefd2245ad
2019-09-23,1,1,True,,385,v28_seed_202_FROZEN.zip,eb9c2dcd1e9cc1ac1ae85f1a4e759aae4aad57b10c9a0ce7a1320dfefd2245ad
2019-09-24,1,1,False,,385,v28_seed_202_FROZEN.zip,eb9c2dcd1e9cc1ac1ae85f1a4e759aae4aad57b10c9a0ce7a1320dfefd2245ad
2019-09-25,0,0,True,,386,v28_seed_202_FROZEN.zip,eb9c2dcd1e9cc1ac1ae85f1a4e759aae4aad57b10c9a0ce7a1320dfefd2245ad
2019-09-26,1,1,True,,387,v28_seed_202_FROZEN.zip,eb9c2dcd1e9cc1ac1ae85f1a4e759aae4aad57b10c9a0ce7a1320dfefd2245ad
2019-09-27,0,0,True,,388,v28_seed_202_FROZEN.zip,eb9c2dcd1e9cc1ac1ae85f1a4e759aae4aad57b10c9a0ce7a1320dfefd2245ad
2019-09-30,0,0,False,,388,v28_seed_202_FROZEN.zip,eb9c2dcd1e9cc1ac1ae85f1a4e759aae4aad57b10c9a0ce7a1320dfefd2245ad
2019-10-01,0,0,False,,388,v28_seed_202_FROZEN.zip,eb9c2dcd1e9cc1ac1ae85f1a4e759aae4aad57b10c9a0ce7a1320dfefd2245ad
2019-10-02,0,0,False,,388,v28_seed_202_FROZEN.zip,eb9c2dcd1e9cc1ac1ae85f1a4e759aae4aad57b10c9a0ce7a1320dfefd2245ad
2019-10-03,1,1,True,,389,v28_seed_202_FROZEN.zip,eb9c2dcd1e9cc1ac1ae85f1a4e759aae4aad57b10c9a0ce7a1320dfefd2245ad
2019-10-04,0,0,True,,390,v28_seed_202_FROZEN.zip,eb9c2dcd1e9cc1ac1ae85f1a4e759aae4aad57b10c9a0ce7a1320dfefd2245ad
2019-10-07,0,0,False,,390,v28_seed_202_FROZEN.zip,eb9c2dcd1e9cc1ac1ae85f1a4e759aae4aad57b10c9a0ce7a1320dfefd2245ad
2019-10-08,0,0,False,,390,v28_seed_202_FROZEN.zip,eb9c2dcd1e9cc1ac1ae85f1a4e759aae4aad57b10c9a0ce7a1320dfefd2245ad
2019-10-09,0,0,False,,390,v28_seed_202_FROZEN.zip,eb9c2dcd1e9cc1ac1ae85f1a4e759aae4aad57b10c9a0ce7a1320dfefd2245ad
2019-10-10,1,1,True,,391,v28_seed_202_FROZEN.zip,eb9c2dcd1e9cc1ac1ae85f1a4e759aae4aad57b10c9a0ce7a1320dfefd2245ad
2019-10-11,0,0,True,,392,v28_seed_202_FROZEN.zip,eb9c2dcd1e9cc1ac1ae85f1a4e759aae4aad57b10c9a0ce7a1320dfefd2245ad
2019-10-14,1,1,True,,393,v28_seed_202_FROZEN.zip,eb9c2dcd1e9cc1ac1ae85f1a4e759aae4aad57b10c9a0ce7a1320dfefd2245ad
2019-10-15,1,1,False,,393,v28_seed_202_FROZEN.zip,eb9c2dcd1e9cc1ac1ae85f1a4e759aae4aad57b10c9a0ce7a1320dfefd2245ad
2019-10-16,0,0,True,,394,v28_seed_202_FROZEN.zip,eb9c2dcd1e9cc1ac1ae85f1a4e759aae4aad57b10c9a0ce7a1320dfefd2245ad
2019-10-17,0,0,False,,394,v28_seed_202_FROZEN.zip,eb9c2dcd1e9cc1ac1ae85f1a4e759aae4aad57b10c9a0ce7a1320dfefd2245ad
2019-10-18,1,1,True,,395,v28_seed_202_FROZEN.zip,eb9c2dcd1e9cc1ac1ae85f1a4e759aae4aad57b10c9a0ce7a1320dfefd2245ad
2019-10-21,0,0,True,,396,v28_seed_202_FROZEN.zip,eb9c2dcd1e9cc1ac1ae85f1a4e759aae4aad57b10c9a0ce7a1320dfefd2245ad
2019-10-22,1,1,True,,397,v28_seed_202_FROZEN.zip,eb9c2dcd1e9cc1ac1ae85f1a4e759aae4aad57b10c9a0ce7a1320dfefd2245ad
2019-10-23,0,0,True,,398,v28_seed_202_FROZEN.zip,eb9c2dcd1e9cc1ac1ae85f1a4e759aae4aad57b10c9a0ce7a1320dfefd2245ad
2019-10-24,1,1,True,,399,v28_seed_202_FROZEN.zip,eb9c2dcd1e9cc1ac1ae85f1a4e759aae4aad57b10c9a0ce7a1320dfefd2245ad
2019-10-25,1,1,False,,399,v28_seed_202_FROZEN.zip,eb9c2dcd1e9cc1ac1ae85f1a4e759aae4aad57b10c9a0ce7a1320dfefd2245ad
2019-10-28,0,0,True,,400,v28_seed_202_FROZEN.zip,eb9c2dcd1e9cc1ac1ae85f1a4e759aae4aad57b10c9a0ce7a1320dfefd2245ad
2019-10-29,1,1,True,,401,v28_seed_202_FROZEN.zip,eb9c2dcd1e9cc1ac1ae85f1a4e759aae4aad57b10c9a0ce7a1320dfefd2245ad
2019-10-30,1,1,False,,401,v28_seed_202_FROZEN.zip,eb9c2dcd1e9cc1ac1ae85f1a4e759aae4aad57b10c9a0ce7a1320dfefd2245ad
2019-10-31,0,0,True,,402,v28_seed_202_FROZEN.zip,eb9c2dcd1e9cc1ac1ae85f1a4e759aae4aad57b10c9a0ce7a1320dfefd2245ad
2019-11-01,0,0,False,,402,v28_seed_202_FROZEN.zip,eb9c2dcd1e9cc1ac1ae85f1a4e759aae4aad57b10c9a0ce7a1320dfefd2245ad
2019-11-04,1,1,True,,403,v28_seed_202_FROZEN.zip,eb9c2dcd1e9cc1ac1ae85f1a4e759aae4aad57b10c9a0ce7a1320dfefd2245ad
2019-11-05,1,1,False,,403,v28_seed_202_FROZEN.zip,eb9c2dcd1e9cc1ac1ae85f1a4e759aae4aad57b10c9a0ce7a1320dfefd2245ad
2019-11-06,1,1,False,,403,v28_seed_202_FROZEN.zip,eb9c2dcd1e9cc1ac1ae85f1a4e759aae4aad57b10c9a0ce7a1320dfefd2245ad
2019-11-07,1,1,False,,403,v28_seed_202_FROZEN.zip,eb9c2dcd1e9cc1ac1ae85f1a4e759aae4aad57b10c9a0ce7a1320dfefd2245ad
2019-11-08,1,1,False,,403,v28_seed_202_FROZEN.zip,eb9c2dcd1e9cc1ac1ae85f1a4e759aae4aad57b10c9a0ce7a1320dfefd2245ad
2019-11-11,1,1,False,,403,v28_seed_202_FROZEN.zip,eb9c2dcd1e9cc1ac1ae85f1a4e759aae4aad57b10c9a0ce7a1320dfefd2245ad
2019-11-12,1,1,False,,403,v28_seed_202_FROZEN.zip,eb9c2dcd1e9cc1ac1ae85f1a4e759aae4aad57b10c9a0ce7a1320dfefd2245ad
2019-11-13,1,1,False,,403,v28_seed_202_FROZEN.zip,eb9c2dcd1e9cc1ac1ae85f1a4e759aae4aad57b10c9a0ce7a1320dfefd2245ad
2019-11-14,1,1,False,,403,v28_seed_202_FROZEN.zip,eb9c2dcd1e9cc1ac1ae85f1a4e759aae4aad57b10c9a0ce7a1320dfefd2245ad
2019-11-15,0,0,True,,404,v28_seed_202_FROZEN.zip,eb9c2dcd1e9cc1ac1ae85f1a4e759aae4aad57b10c9a0ce7a1320dfefd2245ad
2019-11-18,0,0,False,,404,v28_seed_202_FROZEN.zip,eb9c2dcd1e9cc1ac1ae85f1a4e759aae4aad57b10c9a0ce7a1320dfefd2245ad
2019-11-19,0,0,False,,404,v28_seed_202_FROZEN.zip,eb9c2dcd1e9cc1ac1ae85f1a4e759aae4aad57b10c9a0ce7a1320dfefd2245ad
2019-11-20,0,0,False,,404,v28_seed_202_FROZEN.zip,eb9c2dcd1e9cc1ac1ae85f1a4e759aae4aad57b10c9a0ce7a1320dfefd2245ad
2019-11-21,1,1,True,,405,v28_seed_202_FROZEN.zip,eb9c2dcd1e9cc1ac1ae85f1a4e759aae4aad57b10c9a0ce7a1320dfefd2245ad
2019-11-22,1,1,False,,405,v28_seed_202_FROZEN.zip,eb9c2dcd1e9cc1ac1ae85f1a4e759aae4aad57b10c9a0ce7a1320dfefd2245ad
2019-11-25,1,1,False,,405,v28_seed_202_FROZEN.zip,eb9c2dcd1e9cc1ac1ae85f1a4e759aae4aad57b10c9a0ce7a1320dfefd2245ad
2019-11-26,1,1,False,,405,v28_seed_202_FROZEN.zip,eb9c2dcd1e9cc1ac1ae85f1a4e759aae4aad57b10c9a0ce7a1320dfefd2245ad
2019-11-27,1,1,False,,405,v28_seed_202_FROZEN.zip,eb9c2dcd1e9cc1ac1ae85f1a4e759aae4aad57b10c9a0ce7a1320dfefd2245ad
2019-11-29,1,1,False,,405,v28_seed_202_FROZEN.zip,eb9c2dcd1e9cc1ac1ae85f1a4e759aae4aad57b10c9a0ce7a1320dfefd2245ad
2019-12-02,0,0,True,,406,v28_seed_202_FROZEN.zip,eb9c2dcd1e9cc1ac1ae85f1a4e759aae4aad57b10c9a0ce7a1320dfefd2245ad
2019-12-03,0,0,False,,406,v28_seed_202_FROZEN.zip,eb9c2dcd1e9cc1ac1ae85f1a4e759aae4aad57b10c9a0ce7a1320dfefd2245ad
2019-12-04,0,0,False,,406,v28_seed_202_FROZEN.zip,eb9c2dcd1e9cc1ac1ae85f1a4e759aae4aad57b10c9a0ce7a1320dfefd2245ad
2019-12-05,1,1,True,,407,v28_seed_202_FROZEN.zip,eb9c2dcd1e9cc1ac1ae85f1a4e759aae4aad57b10c9a0ce7a1320dfefd2245ad
2019-12-06,1,1,False,,407,v28_seed_202_FROZEN.zip,eb9c2dcd1e9cc1ac1ae85f1a4e759aae4aad57b10c9a0ce7a1320dfefd2245ad
2019-12-09,0,0,True,,408,v28_seed_202_FROZEN.zip,eb9c2dcd1e9cc1ac1ae85f1a4e759aae4aad57b10c9a0ce7a1320dfefd2245ad
2019-12-10,1,1,True,,409,v28_seed_202_FROZEN.zip,eb9c2dcd1e9cc1ac1ae85f1a4e759aae4aad57b10c9a0ce7a1320dfefd2245ad
2019-12-11,1,1,False,,409,v28_seed_202_FROZEN.zip,eb9c2dcd1e9cc1ac1ae85f1a4e759aae4aad57b10c9a0ce7a1320dfefd2245ad
2019-12-12,1,1,False,,409,v28_seed_202_FROZEN.zip,eb9c2dcd1e9cc1ac1ae85f1a4e759aae4aad57b10c9a0ce7a1320dfefd2245ad
2019-12-13,1,1,False,,409,v28_seed_202_FROZEN.zip,eb9c2dcd1e9cc1ac1ae85f1a4e759aae4aad57b10c9a0ce7a1320dfefd2245ad
2019-12-16,1,1,False,,409,v28_seed_202_FROZEN.zip,eb9c2dcd1e9cc1ac1ae85f1a4e759aae4aad57b10c9a0ce7a1320dfefd2245ad
2019-12-17,1,1,False,,409,v28_seed_202_FROZEN.zip,eb9c2dcd1e9cc1ac1ae85f1a4e759aae4aad57b10c9a0ce7a1320dfefd2245ad
2019-12-18,1,1,False,,409,v28_seed_202_FROZEN.zip,eb9c2dcd1e9cc1ac1ae85f1a4e759aae4aad57b10c9a0ce7a1320dfefd2245ad
2019-12-19,0,0,True,,410,v28_seed_202_FROZEN.zip,eb9c2dcd1e9cc1ac1ae85f1a4e759aae4aad57b10c9a0ce7a1320dfefd2245ad
2019-12-20,0,0,False,,410,v28_seed_202_FROZEN.zip,eb9c2dcd1e9cc1ac1ae85f1a4e759aae4aad57b10c9a0ce7a1320dfefd2245ad
2019-12-23,0,0,False,,410,v28_seed_202_FROZEN.zip,eb9c2dcd1e9cc1ac1ae85f1a4e759aae4aad57b10c9a0ce7a1320dfefd2245ad
2019-12-24,1,1,True,,411,v28_seed_202_FROZEN.zip,eb9c2dcd1e9cc1ac1ae85f1a4e759aae4aad57b10c9a0ce7a1320dfefd2245ad
2019-12-26,1,1,False,,411,v28_seed_202_FROZEN.zip,eb9c2dcd1e9cc1ac1ae85f1a4e759aae4aad57b10c9a0ce7a1320dfefd2245ad
2019-12-27,1,1,False,,411,v28_seed_202_FROZEN.zip,eb9c2dcd1e9cc1ac1ae85f1a4e759aae4aad57b10c9a0ce7a1320dfefd2245ad
2019-12-30,1,1,False,,411,v28_seed_202_FROZEN.zip,eb9c2dcd1e9cc1ac1ae85f1a4e759aae4aad57b10c9a0ce7a1320dfefd2245ad
2019-12-31,1,1,False,,411,v28_seed_202_FROZEN.zip,eb9c2dcd1e9cc1ac1ae85f1a4e759aae4aad57b10c9a0ce7a1320dfefd2245ad
2020-01-02,0,0,True,,412,v28_seed_202_FROZEN.zip,eb9c2dcd1e9cc1ac1ae85f1a4e759aae4aad57b10c9a0ce7a1320dfefd2245ad
2020-01-03,1,1,True,,413,v28_seed_202_FROZEN.zip,eb9c2dcd1e9cc1ac1ae85f1a4e759aae4aad57b10c9a0ce7a1320dfefd2245ad
2020-01-06,1,1,False,,413,v28_seed_202_FROZEN.zip,eb9c2dcd1e9cc1ac1ae85f1a4e759aae4aad57b10c9a0ce7a1320dfefd2245ad
2020-01-07,1,1,False,,413,v28_seed_202_FROZEN.zip,eb9c2dcd1e9cc1ac1ae85f1a4e759aae4aad57b10c9a0ce7a1320dfefd2245ad
2020-01-08,1,1,False,,413,v28_seed_202_FROZEN.zip,eb9c2dcd1e9cc1ac1ae85f1a4e759aae4aad57b10c9a0ce7a1320dfefd2245ad
2020-01-09,0,0,True,,414,v28_seed_202_FROZEN.zip,eb9c2dcd1e9cc1ac1ae85f1a4e759aae4aad57b10c9a0ce7a1320dfefd2245ad
2020-01-10,1,1,True,,415,v28_seed_202_FROZEN.zip,eb9c2dcd1e9cc1ac1ae85f1a4e759aae4aad57b10c9a0ce7a1320dfefd2245ad
2020-01-13,0,0,True,,416,v28_seed_202_FROZEN.zip,eb9c2dcd1e9cc1ac1ae85f1a4e759aae4aad57b10c9a0ce7a1320dfefd2245ad
2020-01-14,1,1,True,,417,v28_seed_202_FROZEN.zip,eb9c2dcd1e9cc1ac1ae85f1a4e759aae4aad57b10c9a0ce7a1320dfefd2245ad
2020-01-15,1,1,False,,417,v28_seed_202_FROZEN.zip,eb9c2dcd1e9cc1ac1ae85f1a4e759aae4aad57b10c9a0ce7a1320dfefd2245ad
2020-01-16,1,1,False,,417,v28_seed_202_FROZEN.zip,eb9c2dcd1e9cc1ac1ae85f1a4e759aae4aad57b10c9a0ce7a1320dfefd2245ad
2020-01-17,0,0,True,,418,v28_seed_202_FROZEN.zip,eb9c2dcd1e9cc1ac1ae85f1a4e759aae4aad57b10c9a0ce7a1320dfefd2245ad
2020-01-21,1,1,True,,419,v28_seed_202_FROZEN.zip,eb9c2dcd1e9cc1ac1ae85f1a4e759aae4aad57b10c9a0ce7a1320dfefd2245ad
2020-01-22,0,0,True,,420,v28_seed_202_FROZEN.zip,eb9c2dcd1e9cc1ac1ae85f1a4e759aae4aad57b10c9a0ce7a1320dfefd2245ad
2020-01-23,0,0,False,,420,v28_seed_202_FROZEN.zip,eb9c2dcd1e9cc1ac1ae85f1a4e759aae4aad57b10c9a0ce7a1320dfefd2245ad
2020-01-24,0,0,False,,420,v28_seed_202_FROZEN.zip,eb9c2dcd1e9cc1ac1ae85f1a4e759aae4aad57b10c9a0ce7a1320dfefd2245ad
2020-01-27,0,0,False,,420,v28_seed_202_FROZEN.zip,eb9c2dcd1e9cc1ac1ae85f1a4e759aae4aad57b10c9a0ce7a1320dfefd2245ad
2020-01-28,0,0,False,,420,v28_seed_202_FROZEN.zip,eb9c2dcd1e9cc1ac1ae85f1a4e759aae4aad57b10c9a0ce7a1320dfefd2245ad
2020-01-29,0,0,False,,420,v28_seed_202_FROZEN.zip,eb9c2dcd1e9cc1ac1ae85f1a4e759aae4aad57b10c9a0ce7a1320dfefd2245ad
2020-01-30,0,0,False,,420,v28_seed_202_FROZEN.zip,eb9c2dcd1e9cc1ac1ae85f1a4e759aae4aad57b10c9a0ce7a1320dfefd2245ad
2020-01-31,0,0,False,,420,v28_seed_202_FROZEN.zip,eb9c2dcd1e9cc1ac1ae85f1a4e759aae4aad57b10c9a0ce7a1320dfefd2245ad
2020-02-03,1,1,True,,421,v28_seed_202_FROZEN.zip,eb9c2dcd1e9cc1ac1ae85f1a4e759aae4aad57b10c9a0ce7a1320dfefd2245ad
2020-02-04,1,1,False,,421,v28_seed_202_FROZEN.zip,eb9c2dcd1e9cc1ac1ae85f1a4e759aae4aad57b10c9a0ce7a1320dfefd2245ad
2020-02-05,1,1,False,,421,v28_seed_202_FROZEN.zip,eb9c2dcd1e9cc1ac1ae85f1a4e759aae4aad57b10c9a0ce7a1320dfefd2245ad
2020-02-06,0,0,True,,422,v28_seed_202_FROZEN.zip,eb9c2dcd1e9cc1ac1ae85f1a4e759aae4aad57b10c9a0ce7a1320dfefd2245ad
2020-02-07,0,0,False,,422,v28_seed_202_FROZEN.zip,eb9c2dcd1e9cc1ac1ae85f1a4e759aae4aad57b10c9a0ce7a1320dfefd2245ad
2020-02-10,0,0,False,,422,v28_seed_202_FROZEN.zip,eb9c2dcd1e9cc1ac1ae85f1a4e759aae4aad57b10c9a0ce7a1320dfefd2245ad
2020-02-11,0,0,False,,422,v28_seed_202_FROZEN.zip,eb9c2dcd1e9cc1ac1ae85f1a4e759aae4aad57b10c9a0ce7a1320dfefd2245ad
2020-02-12,1,1,True,,423,v28_seed_202_FROZEN.zip,eb9c2dcd1e9cc1ac1ae85f1a4e759aae4aad57b10c9a0ce7a1320dfefd2245ad
2020-02-13,0,0,True,,424,v28_seed_202_FROZEN.zip,eb9c2dcd1e9cc1ac1ae85f1a4e759aae4aad57b10c9a0ce7a1320dfefd2245ad
2020-02-14,0,0,False,,424,v28_seed_202_FROZEN.zip,eb9c2dcd1e9cc1ac1ae85f1a4e759aae4aad57b10c9a0ce7a1320dfefd2245ad
2020-02-18,0,0,False,,424,v28_seed_202_FROZEN.zip,eb9c2dcd1e9cc1ac1ae85f1a4e759aae4aad57b10c9a0ce7a1320dfefd2245ad
2020-02-19,0,0,False,,424,v28_seed_202_FROZEN.zip,eb9c2dcd1e9cc1ac1ae85f1a4e759aae4aad57b10c9a0ce7a1320dfefd2245ad
2020-02-20,1,1,True,,425,v28_seed_202_FROZEN.zip,eb9c2dcd1e9cc1ac1ae85f1a4e759aae4aad57b10c9a0ce7a1320dfefd2245ad
2020-02-21,0,0,True,,426,v28_seed_202_FROZEN.zip,eb9c2dcd1e9cc1ac1ae85f1a4e759aae4aad57b10c9a0ce7a1320dfefd2245ad
2020-02-24,0,0,False,,426,v28_seed_202_FROZEN.zip,eb9c2dcd1e9cc1ac1ae85f1a4e759aae4aad57b10c9a0ce7a1320dfefd2245ad
2020-02-25,0,0,False,,426,v28_seed_202_FROZEN.zip,eb9c2dcd1e9cc1ac1ae85f1a4e759aae4aad57b10c9a0ce7a1320dfefd2245ad
2020-02-26,0,0,False,,426,v28_seed_202_FROZEN.zip,eb9c2dcd1e9cc1ac1ae85f1a4e759aae4aad57b10c9a0ce7a1320dfefd2245ad
2020-02-27,0,0,False,,426,v28_seed_202_FROZEN.zip,eb9c2dcd1e9cc1ac1ae85f1a4e759aae4aad57b10c9a0ce7a1320dfefd2245ad
2020-02-28,0,0,False,,426,v28_seed_202_FROZEN.zip,eb9c2dcd1e9cc1ac1ae85f1a4e759aae4aad57b10c9a0ce7a1320dfefd2245ad
2020-03-02,0,0,False,,426,v28_seed_202_FROZEN.zip,eb9c2dcd1e9cc1ac1ae85f1a4e759aae4aad57b10c9a0ce7a1320dfefd2245ad
2020-03-03,1,1,True,,427,v28_seed_202_FROZEN.zip,eb9c2dcd1e9cc1ac1ae85f1a4e759aae4aad57b10c9a0ce7a1320dfefd2245ad
2020-03-04,0,0,True,,428,v28_seed_202_FROZEN.zip,eb9c2dcd1e9cc1ac1ae85f1a4e759aae4aad57b10c9a0ce7a1320dfefd2245ad
2020-03-05,0,0,False,,428,v28_seed_202_FROZEN.zip,eb9c2dcd1e9cc1ac1ae85f1a4e759aae4aad57b10c9a0ce7a1320dfefd2245ad
2020-03-06,0,0,False,,428,v28_seed_202_FROZEN.zip,eb9c2dcd1e9cc1ac1ae85f1a4e759aae4aad57b10c9a0ce7a1320dfefd2245ad
2020-03-09,1,1,True,,429,v28_seed_202_FROZEN.zip,eb9c2dcd1e9cc1ac1ae85f1a4e759aae4aad57b10c9a0ce7a1320dfefd2245ad
2020-03-10,0,0,True,,430,v28_seed_202_FROZEN.zip,eb9c2dcd1e9cc1ac1ae85f1a4e759aae4aad57b10c9a0ce7a1320dfefd2245ad
2020-03-11,0,0,False,,430,v28_seed_202_FROZEN.zip,eb9c2dcd1e9cc1ac1ae85f1a4e759aae4aad57b10c9a0ce7a1320dfefd2245ad
2020-03-12,0,0,False,,430,v28_seed_202_FROZEN.zip,eb9c2dcd1e9cc1ac1ae85f1a4e759aae4aad57b10c9a0ce7a1320dfefd2245ad
2020-03-13,1,1,True,,431,v28_seed_202_FROZEN.zip,eb9c2dcd1e9cc1ac1ae85f1a4e759aae4aad57b10c9a0ce7a1320dfefd2245ad
2020-03-16,1,1,False,,431,v28_seed_202_FROZEN.zip,eb9c2dcd1e9cc1ac1ae85f1a4e759aae4aad57b10c9a0ce7a1320dfefd2245ad
2020-03-17,0,0,True,,432,v28_seed_202_FROZEN.zip,eb9c2dcd1e9cc1ac1ae85f1a4e759aae4aad57b10c9a0ce7a1320dfefd2245ad
2020-03-18,0,0,False,,432,v28_seed_202_FROZEN.zip,eb9c2dcd1e9cc1ac1ae85f1a4e759aae4aad57b10c9a0ce7a1320dfefd2245ad
2020-03-19,1,1,True,,433,v28_seed_202_FROZEN.zip,eb9c2dcd1e9cc1ac1ae85f1a4e759aae4aad57b10c9a0ce7a1320dfefd2245ad
2020-03-20,0,0,True,,434,v28_seed_202_FROZEN.zip,eb9c2dcd1e9cc1ac1ae85f1a4e759aae4aad57b10c9a0ce7a1320dfefd2245ad
2020-03-23,1,1,True,,435,v28_seed_202_FROZEN.zip,eb9c2dcd1e9cc1ac1ae85f1a4e759aae4aad57b10c9a0ce7a1320dfefd2245ad
2020-03-24,1,1,False,,435,v28_seed_202_FROZEN.zip,eb9c2dcd1e9cc1ac1ae85f1a4e759aae4aad57b10c9a0ce7a1320dfefd2245ad
2020-03-25,1,1,False,,435,v28_seed_202_FROZEN.zip,eb9c2dcd1e9cc1ac1ae85f1a4e759aae4aad57b10c9a0ce7a1320dfefd2245ad
2020-03-26,0,0,True,,436,v28_seed_202_FROZEN.zip,eb9c2dcd1e9cc1ac1ae85f1a4e759aae4aad57b10c9a0ce7a1320dfefd2245ad
2020-03-27,0,0,False,,436,v28_seed_202_FROZEN.zip,eb9c2dcd1e9cc1ac1ae85f1a4e759aae4aad57b10c9a0ce7a1320dfefd2245ad
2020-03-30,0,0,False,,436,v28_seed_202_FROZEN.zip,eb9c2dcd1e9cc1ac1ae85f1a4e759aae4aad57b10c9a0ce7a1320dfefd2245ad
2020-03-31,0,0,False,,436,v28_seed_202_FROZEN.zip,eb9c2dcd1e9cc1ac1ae85f1a4e759aae4aad57b10c9a0ce7a1320dfefd2245ad
2020-04-01,1,1,True,,437,v28_seed_202_FROZEN.zip,eb9c2dcd1e9cc1ac1ae85f1a4e759aae4aad57b10c9a0ce7a1320dfefd2245ad
2020-04-02,1,1,False,,437,v28_seed_202_FROZEN.zip,eb9c2dcd1e9cc1ac1ae85f1a4e759aae4aad57b10c9a0ce7a1320dfefd2245ad
2020-04-03,1,1,False,,437,v28_seed_202_FROZEN.zip,eb9c2dcd1e9cc1ac1ae85f1a4e759aae4aad57b10c9a0ce7a1320dfefd2245ad
2020-04-06,1,1,False,,437,v28_seed_202_FROZEN.zip,eb9c2dcd1e9cc1ac1ae85f1a4e759aae4aad57b10c9a0ce7a1320dfefd2245ad
2020-04-07,1,1,False,,437,v28_seed_202_FROZEN.zip,eb9c2dcd1e9cc1ac1ae85f1a4e759aae4aad57b10c9a0ce7a1320dfefd2245ad
2020-04-08,0,0,True,,438,v28_seed_202_FROZEN.zip,eb9c2dcd1e9cc1ac1ae85f1a4e759aae4aad57b10c9a0ce7a1320dfefd2245ad
2020-04-09,1,1,True,,439,v28_seed_202_FROZEN.zip,eb9c2dcd1e9cc1ac1ae85f1a4e759aae4aad57b10c9a0ce7a1320dfefd2245ad
2020-04-13,0,0,True,,440,v28_seed_202_FROZEN.zip,eb9c2dcd1e9cc1ac1ae85f1a4e759aae4aad57b10c9a0ce7a1320dfefd2245ad
2020-04-14,0,0,False,,440,v28_seed_202_FROZEN.zip,eb9c2dcd1e9cc1ac1ae85f1a4e759aae4aad57b10c9a0ce7a1320dfefd2245ad
2020-04-15,0,0,False,,440,v28_seed_202_FROZEN.zip,eb9c2dcd1e9cc1ac1ae85f1a4e759aae4aad57b10c9a0ce7a1320dfefd2245ad
2020-04-16,1,1,True,,441,v28_seed_202_FROZEN.zip,eb9c2dcd1e9cc1ac1ae85f1a4e759aae4aad57b10c9a0ce7a1320dfefd2245ad
2020-04-17,0,0,True,,442,v28_seed_202_FROZEN.zip,eb9c2dcd1e9cc1ac1ae85f1a4e759aae4aad57b10c9a0ce7a1320dfefd2245ad
2020-04-20,0,0,False,,442,v28_seed_202_FROZEN.zip,eb9c2dcd1e9cc1ac1ae85f1a4e759aae4aad57b10c9a0ce7a1320dfefd2245ad
2020-04-21,1,1,True,,443,v28_seed_202_FROZEN.zip,eb9c2dcd1e9cc1ac1ae85f1a4e759aae4aad57b10c9a0ce7a1320dfefd2245ad
2020-04-22,1,1,False,,443,v28_seed_202_FROZEN.zip,eb9c2dcd1e9cc1ac1ae85f1a4e759aae4aad57b10c9a0ce7a1320dfefd2245ad
2020-04-23,1,1,False,,443,v28_seed_202_FROZEN.zip,eb9c2dcd1e9cc1ac1ae85f1a4e759aae4aad57b10c9a0ce7a1320dfefd2245ad
2020-04-24,1,1,False,,443,v28_seed_202_FROZEN.zip,eb9c2dcd1e9cc1ac1ae85f1a4e759aae4aad57b10c9a0ce7a1320dfefd2245ad
2020-04-27,1,1,False,,443,v28_seed_202_FROZEN.zip,eb9c2dcd1e9cc1ac1ae85f1a4e759aae4aad57b10c9a0ce7a1320dfefd2245ad
2020-04-28,1,1,False,,443,v28_seed_202_FROZEN.zip,eb9c2dcd1e9cc1ac1ae85f1a4e759aae4aad57b10c9a0ce7a1320dfefd2245ad
2020-04-29,0,0,True,,444,v28_seed_202_FROZEN.zip,eb9c2dcd1e9cc1ac1ae85f1a4e759aae4aad57b10c9a0ce7a1320dfefd2245ad
2020-04-30,0,0,False,,444,v28_seed_202_FROZEN.zip,eb9c2dcd1e9cc1ac1ae85f1a4e759aae4aad57b10c9a0ce7a1320dfefd2245ad
2020-05-01,0,0,False,,444,v28_seed_202_FROZEN.zip,eb9c2dcd1e9cc1ac1ae85f1a4e759aae4aad57b10c9a0ce7a1320dfefd2245ad
2020-05-04,1,1,True,,445,v28_seed_202_FROZEN.zip,eb9c2dcd1e9cc1ac1ae85f1a4e759aae4aad57b10c9a0ce7a1320dfefd2245ad
2020-05-05,1,1,False,,445,v28_seed_202_FROZEN.zip,eb9c2dcd1e9cc1ac1ae85f1a4e759aae4aad57b10c9a0ce7a1320dfefd2245ad
2020-05-06,1,1,False,,445,v28_seed_202_FROZEN.zip,eb9c2dcd1e9cc1ac1ae85f1a4e759aae4aad57b10c9a0ce7a1320dfefd2245ad
2020-05-07,1,1,False,,445,v28_seed_202_FROZEN.zip,eb9c2dcd1e9cc1ac1ae85f1a4e759aae4aad57b10c9a0ce7a1320dfefd2245ad
2020-05-08,1,1,False,,445,v28_seed_202_FROZEN.zip,eb9c2dcd1e9cc1ac1ae85f1a4e759aae4aad57b10c9a0ce7a1320dfefd2245ad
2020-05-11,1,1,False,,445,v28_seed_202_FROZEN.zip,eb9c2dcd1e9cc1ac1ae85f1a4e759aae4aad57b10c9a0ce7a1320dfefd2245ad
2020-05-12,0,0,True,,446,v28_seed_202_FROZEN.zip,eb9c2dcd1e9cc1ac1ae85f1a4e759aae4aad57b10c9a0ce7a1320dfefd2245ad
2020-05-13,1,1,True,,447,v28_seed_202_FROZEN.zip,eb9c2dcd1e9cc1ac1ae85f1a4e759aae4aad57b10c9a0ce7a1320dfefd2245ad
2020-05-14,0,0,True,,448,v28_seed_202_FROZEN.zip,eb9c2dcd1e9cc1ac1ae85f1a4e759aae4aad57b10c9a0ce7a1320dfefd2245ad
2020-05-15,1,1,True,,449,v28_seed_202_FROZEN.zip,eb9c2dcd1e9cc1ac1ae85f1a4e759aae4aad57b10c9a0ce7a1320dfefd2245ad
2020-05-18,0,0,True,,450,v28_seed_202_FROZEN.zip,eb9c2dcd1e9cc1ac1ae85f1a4e759aae4aad57b10c9a0ce7a1320dfefd2245ad
2020-05-19,1,1,True,,451,v28_seed_202_FROZEN.zip,eb9c2dcd1e9cc1ac1ae85f1a4e759aae4aad57b10c9a0ce7a1320dfefd2245ad
2020-05-20,1,1,False,,451,v28_seed_202_FROZEN.zip,eb9c2dcd1e9cc1ac1ae85f1a4e759aae4aad57b10c9a0ce7a1320dfefd2245ad
2020-05-21,1,1,False,,451,v28_seed_202_FROZEN.zip,eb9c2dcd1e9cc1ac1ae85f1a4e759aae4aad57b10c9a0ce7a1320dfefd2245ad
2020-05-22,1,1,False,,451,v28_seed_202_FROZEN.zip,eb9c2dcd1e9cc1ac1ae85f1a4e759aae4aad57b10c9a0ce7a1320dfefd2245ad
2020-05-26,1,1,False,,451,v28_seed_202_FROZEN.zip,eb9c2dcd1e9cc1ac1ae85f1a4e759aae4aad57b10c9a0ce7a1320dfefd2245ad
2020-05-27,1,1,False,,451,v28_seed_202_FROZEN.zip,eb9c2dcd1e9cc1ac1ae85f1a4e759aae4aad57b10c9a0ce7a1320dfefd2245ad
2020-05-28,0,0,True,,452,v28_seed_202_FROZEN.zip,eb9c2dcd1e9cc1ac1ae85f1a4e759aae4aad57b10c9a0ce7a1320dfefd2245ad
2020-05-29,1,1,True,,453,v28_seed_202_FROZEN.zip,eb9c2dcd1e9cc1ac1ae85f1a4e759aae4aad57b10c9a0ce7a1320dfefd2245ad
2020-06-01,0,0,True,,454,v28_seed_202_FROZEN.zip,eb9c2dcd1e9cc1ac1ae85f1a4e759aae4aad57b10c9a0ce7a1320dfefd2245ad
2020-06-02,1,1,True,,455,v28_seed_202_FROZEN.zip,eb9c2dcd1e9cc1ac1ae85f1a4e759aae4aad57b10c9a0ce7a1320dfefd2245ad
2020-06-03,1,1,False,,455,v28_seed_202_FROZEN.zip,eb9c2dcd1e9cc1ac1ae85f1a4e759aae4aad57b10c9a0ce7a1320dfefd2245ad
2020-06-04,1,1,False,,455,v28_seed_202_FROZEN.zip,eb9c2dcd1e9cc1ac1ae85f1a4e759aae4aad57b10c9a0ce7a1320dfefd2245ad
2020-06-05,1,1,False,,455,v28_seed_202_FROZEN.zip,eb9c2dcd1e9cc1ac1ae85f1a4e759aae4aad57b10c9a0ce7a1320dfefd2245ad
2020-06-08,0,0,True,,456,v28_seed_202_FROZEN.zip,eb9c2dcd1e9cc1ac1ae85f1a4e759aae4aad57b10c9a0ce7a1320dfefd2245ad
2020-06-09,1,1,True,,457,v28_seed_202_FROZEN.zip,eb9c2dcd1e9cc1ac1ae85f1a4e759aae4aad57b10c9a0ce7a1320dfefd2245ad
2020-06-10,0,0,True,,458,v28_seed_202_FROZEN.zip,eb9c2dcd1e9cc1ac1ae85f1a4e759aae4aad57b10c9a0ce7a1320dfefd2245ad
2020-06-11,0,0,False,,458,v28_seed_202_FROZEN.zip,eb9c2dcd1e9cc1ac1ae85f1a4e759aae4aad57b10c9a0ce7a1320dfefd2245ad
2020-06-12,1,1,True,,459,v28_seed_202_FROZEN.zip,eb9c2dcd1e9cc1ac1ae85f1a4e759aae4aad57b10c9a0ce7a1320dfefd2245ad
2020-06-15,1,1,False,,459,v28_seed_202_FROZEN.zip,eb9c2dcd1e9cc1ac1ae85f1a4e759aae4aad57b10c9a0ce7a1320dfefd2245ad
2020-06-16,0,0,True,,460,v28_seed_202_FROZEN.zip,eb9c2dcd1e9cc1ac1ae85f1a4e759aae4aad57b10c9a0ce7a1320dfefd2245ad
2020-06-17,1,1,True,,461,v28_seed_202_FROZEN.zip,eb9c2dcd1e9cc1ac1ae85f1a4e759aae4aad57b10c9a0ce7a1320dfefd2245ad
2020-06-18,1,1,False,,461,v28_seed_202_FROZEN.zip,eb9c2dcd1e9cc1ac1ae85f1a4e759aae4aad57b10c9a0ce7a1320dfefd2245ad
2020-06-19,0,0,True,,462,v28_seed_202_FROZEN.zip,eb9c2dcd1e9cc1ac1ae85f1a4e759aae4aad57b10c9a0ce7a1320dfefd2245ad
2020-06-22,1,1,True,,463,v28_seed_202_FROZEN.zip,eb9c2dcd1e9cc1ac1ae85f1a4e759aae4aad57b10c9a0ce7a1320dfefd2245ad
2020-06-23,0,0,True,,464,v28_seed_202_FROZEN.zip,eb9c2dcd1e9cc1ac1ae85f1a4e759aae4aad57b10c9a0ce7a1320dfefd2245ad
2020-06-24,1,1,True,,465,v28_seed_202_FROZEN.zip,eb9c2dcd1e9cc1ac1ae85f1a4e759aae4aad57b10c9a0ce7a1320dfefd2245ad
2020-06-25,1,1,False,,465,v28_seed_202_FROZEN.zip,eb9c2dcd1e9cc1ac1ae85f1a4e759aae4aad57b10c9a0ce7a1320dfefd2245ad
2020-06-26,1,1,False,,465,v28_seed_202_FROZEN.zip,eb9c2dcd1e9cc1ac1ae85f1a4e759aae4aad57b10c9a0ce7a1320dfefd2245ad
2020-06-29,1,1,False,,465,v28_seed_202_FROZEN.zip,eb9c2dcd1e9cc1ac1ae85f1a4e759aae4aad57b10c9a0ce7a1320dfefd2245ad
2020-06-30,1,1,False,,465,v28_seed_202_FROZEN.zip,eb9c2dcd1e9cc1ac1ae85f1a4e759aae4aad57b10c9a0ce7a1320dfefd2245ad
2020-07-01,0,0,True,,466,v28_seed_202_FROZEN.zip,eb9c2dcd1e9cc1ac1ae85f1a4e759aae4aad57b10c9a0ce7a1320dfefd2245ad
2020-07-02,0,0,False,,466,v28_seed_202_FROZEN.zip,eb9c2dcd1e9cc1ac1ae85f1a4e759aae4aad57b10c9a0ce7a1320dfefd2245ad
2020-07-06,0,0,False,,466,v28_seed_202_FROZEN.zip,eb9c2dcd1e9cc1ac1ae85f1a4e759aae4aad57b10c9a0ce7a1320dfefd2245ad
2020-07-07,1,1,True,,467,v28_seed_202_FROZEN.zip,eb9c2dcd1e9cc1ac1ae85f1a4e759aae4aad57b10c9a0ce7a1320dfefd2245ad
2020-07-08,0,0,True,,468,v28_seed_202_FROZEN.zip,eb9c2dcd1e9cc1ac1ae85f1a4e759aae4aad57b10c9a0ce7a1320dfefd2245ad
2020-07-09,1,1,True,,469,v28_seed_202_FROZEN.zip,eb9c2dcd1e9cc1ac1ae85f1a4e759aae4aad57b10c9a0ce7a1320dfefd2245ad
2020-07-10,1,1,False,,469,v28_seed_202_FROZEN.zip,eb9c2dcd1e9cc1ac1ae85f1a4e759aae4aad57b10c9a0ce7a1320dfefd2245ad
2020-07-13,1,1,False,,469,v28_seed_202_FROZEN.zip,eb9c2dcd1e9cc1ac1ae85f1a4e759aae4aad57b10c9a0ce7a1320dfefd2245ad
2020-07-14,1,1,False,,469,v28_seed_202_FROZEN.zip,eb9c2dcd1e9cc1ac1ae85f1a4e759aae4aad57b10c9a0ce7a1320dfefd2245ad
2020-07-15,1,1,False,,469,v28_seed_202_FROZEN.zip,eb9c2dcd1e9cc1ac1ae85f1a4e759aae4aad57b10c9a0ce7a1320dfefd2245ad
2020-07-16,1,1,False,,469,v28_seed_202_FROZEN.zip,eb9c2dcd1e9cc1ac1ae85f1a4e759aae4aad57b10c9a0ce7a1320dfefd2245ad
2020-07-17,1,1,False,,469,v28_seed_202_FROZEN.zip,eb9c2dcd1e9cc1ac1ae85f1a4e759aae4aad57b10c9a0ce7a1320dfefd2245ad
2020-07-20,1,1,False,,469,v28_seed_202_FROZEN.zip,eb9c2dcd1e9cc1ac1ae85f1a4e759aae4aad57b10c9a0ce7a1320dfefd2245ad
2020-07-21,1,1,False,,469,v28_seed_202_FROZEN.zip,eb9c2dcd1e9cc1ac1ae85f1a4e759aae4aad57b10c9a0ce7a1320dfefd2245ad
2020-07-22,1,1,False,,469,v28_seed_202_FROZEN.zip,eb9c2dcd1e9cc1ac1ae85f1a4e759aae4aad57b10c9a0ce7a1320dfefd2245ad
2020-07-23,1,1,False,,469,v28_seed_202_FROZEN.zip,eb9c2dcd1e9cc1ac1ae85f1a4e759aae4aad57b10c9a0ce7a1320dfefd2245ad
2020-07-24,1,1,False,,469,v28_seed_202_FROZEN.zip,eb9c2dcd1e9cc1ac1ae85f1a4e759aae4aad57b10c9a0ce7a1320dfefd2245ad
2020-07-27,1,1,False,,469,v28_seed_202_FROZEN.zip,eb9c2dcd1e9cc1ac1ae85f1a4e759aae4aad57b10c9a0ce7a1320dfefd2245ad
2020-07-28,1,1,False,,469,v28_seed_202_FROZEN.zip,eb9c2dcd1e9cc1ac1ae85f1a4e759aae4aad57b10c9a0ce7a1320dfefd2245ad
2020-07-29,1,1,False,,469,v28_seed_202_FROZEN.zip,eb9c2dcd1e9cc1ac1ae85f1a4e759aae4aad57b10c9a0ce7a1320dfefd2245ad
2020-07-30,1,1,False,,469,v28_seed_202_FROZEN.zip,eb9c2dcd1e9cc1ac1ae85f1a4e759aae4aad57b10c9a0ce7a1320dfefd2245ad
2020-07-31,1,1,False,,469,v28_seed_202_FROZEN.zip,eb9c2dcd1e9cc1ac1ae85f1a4e759aae4aad57b10c9a0ce7a1320dfefd2245ad
2020-08-03,1,1,False,,469,v28_seed_202_FROZEN.zip,eb9c2dcd1e9cc1ac1ae85f1a4e759aae4aad57b10c9a0ce7a1320dfefd2245ad
2020-08-04,1,1,False,,469,v28_seed_202_FROZEN.zip,eb9c2dcd1e9cc1ac1ae85f1a4e759aae4aad57b10c9a0ce7a1320dfefd2245ad
2020-08-05,1,1,False,,469,v28_seed_202_FROZEN.zip,eb9c2dcd1e9cc1ac1ae85f1a4e759aae4aad57b10c9a0ce7a1320dfefd2245ad
2020-08-06,1,1,False,,469,v28_seed_202_FROZEN.zip,eb9c2dcd1e9cc1ac1ae85f1a4e759aae4aad57b10c9a0ce7a1320dfefd2245ad
2020-08-07,1,1,False,,469,v28_seed_202_FROZEN.zip,eb9c2dcd1e9cc1ac1ae85f1a4e759aae4aad57b10c9a0ce7a1320dfefd2245ad
2020-08-10,1,1,False,,469,v28_seed_202_FROZEN.zip,eb9c2dcd1e9cc1ac1ae85f1a4e759aae4aad57b10c9a0ce7a1320dfefd2245ad
2020-08-11,1,1,False,,469,v28_seed_202_FROZEN.zip,eb9c2dcd1e9cc1ac1ae85f1a4e759aae4aad57b10c9a0ce7a1320dfefd2245ad
2020-08-12,1,1,False,,469,v28_seed_202_FROZEN.zip,eb9c2dcd1e9cc1ac1ae85f1a4e759aae4aad57b10c9a0ce7a1320dfefd2245ad
2020-08-13,1,1,False,,469,v28_seed_202_FROZEN.zip,eb9c2dcd1e9cc1ac1ae85f1a4e759aae4aad57b10c9a0ce7a1320dfefd2245ad
2020-08-14,1,1,False,,469,v28_seed_202_FROZEN.zip,eb9c2dcd1e9cc1ac1ae85f1a4e759aae4aad57b10c9a0ce7a1320dfefd2245ad
2020-08-17,1,1,False,,469,v28_seed_202_FROZEN.zip,eb9c2dcd1e9cc1ac1ae85f1a4e759aae4aad57b10c9a0ce7a1320dfefd2245ad
2020-08-18,1,1,False,,469,v28_seed_202_FROZEN.zip,eb9c2dcd1e9cc1ac1ae85f1a4e759aae4aad57b10c9a0ce7a1320dfefd2245ad
2020-08-19,0,0,True,,470,v28_seed_202_FROZEN.zip,eb9c2dcd1e9cc1ac1ae85f1a4e759aae4aad57b10c9a0ce7a1320dfefd2245ad
2020-08-20,1,1,True,,471,v28_seed_202_FROZEN.zip,eb9c2dcd1e9cc1ac1ae85f1a4e759aae4aad57b10c9a0ce7a1320dfefd2245ad
2020-08-21,1,1,False,,471,v28_seed_202_FROZEN.zip,eb9c2dcd1e9cc1ac1ae85f1a4e759aae4aad57b10c9a0ce7a1320dfefd2245ad
2020-08-24,1,1,False,,471,v28_seed_202_FROZEN.zip,eb9c2dcd1e9cc1ac1ae85f1a4e759aae4aad57b10c9a0ce7a1320dfefd2245ad
2020-08-25,1,1,False,,471,v28_seed_202_FROZEN.zip,eb9c2dcd1e9cc1ac1ae85f1a4e759aae4aad57b10c9a0ce7a1320dfefd2245ad
2020-08-26,0,0,True,,472,v28_seed_202_FROZEN.zip,eb9c2dcd1e9cc1ac1ae85f1a4e759aae4aad57b10c9a0ce7a1320dfefd2245ad
2020-08-27,1,1,True,,473,v28_seed_202_FROZEN.zip,eb9c2dcd1e9cc1ac1ae85f1a4e759aae4aad57b10c9a0ce7a1320dfefd2245ad
2020-08-28,1,1,False,,473,v28_seed_202_FROZEN.zip,eb9c2dcd1e9cc1ac1ae85f1a4e759aae4aad57b10c9a0ce7a1320dfefd2245ad
2020-08-31,1,1,False,,473,v28_seed_202_FROZEN.zip,eb9c2dcd1e9cc1ac1ae85f1a4e759aae4aad57b10c9a0ce7a1320dfefd2245ad
2020-09-01,0,0,True,,474,v28_seed_202_FROZEN.zip,eb9c2dcd1e9cc1ac1ae85f1a4e759aae4aad57b10c9a0ce7a1320dfefd2245ad
2020-09-02,0,0,False,,474,v28_seed_202_FROZEN.zip,eb9c2dcd1e9cc1ac1ae85f1a4e759aae4aad57b10c9a0ce7a1320dfefd2245ad
2020-09-03,0,0,False,,474,v28_seed_202_FROZEN.zip,eb9c2dcd1e9cc1ac1ae85f1a4e759aae4aad57b10c9a0ce7a1320dfefd2245ad
2020-09-04,0,0,False,,474,v28_seed_202_FROZEN.zip,eb9c2dcd1e9cc1ac1ae85f1a4e759aae4aad57b10c9a0ce7a1320dfefd2245ad
2020-09-08,1,1,True,,475,v28_seed_202_FROZEN.zip,eb9c2dcd1e9cc1ac1ae85f1a4e759aae4aad57b10c9a0ce7a1320dfefd2245ad
2020-09-09,1,1,False,,475,v28_seed_202_FROZEN.zip,eb9c2dcd1e9cc1ac1ae85f1a4e759aae4aad57b10c9a0ce7a1320dfefd2245ad
2020-09-10,1,1,False,,475,v28_seed_202_FROZEN.zip,eb9c2dcd1e9cc1ac1ae85f1a4e759aae4aad57b10c9a0ce7a1320dfefd2245ad
2020-09-11,1,1,False,,475,v28_seed_202_FROZEN.zip,eb9c2dcd1e9cc1ac1ae85f1a4e759aae4aad57b10c9a0ce7a1320dfefd2245ad
2020-09-14,1,1,False,,475,v28_seed_202_FROZEN.zip,eb9c2dcd1e9cc1ac1ae85f1a4e759aae4aad57b10c9a0ce7a1320dfefd2245ad
2020-09-15,0,0,True,,476,v28_seed_202_FROZEN.zip,eb9c2dcd1e9cc1ac1ae85f1a4e759aae4aad57b10c9a0ce7a1320dfefd2245ad
2020-09-16,0,0,False,,476,v28_seed_202_FROZEN.zip,eb9c2dcd1e9cc1ac1ae85f1a4e759aae4aad57b10c9a0ce7a1320dfefd2245ad
2020-09-17,0,0,False,,476,v28_seed_202_FROZEN.zip,eb9c2dcd1e9cc1ac1ae85f1a4e759aae4aad57b10c9a0ce7a1320dfefd2245ad
2020-09-18,1,1,True,,477,v28_seed_202_FROZEN.zip,eb9c2dcd1e9cc1ac1ae85f1a4e759aae4aad57b10c9a0ce7a1320dfefd2245ad
2020-09-21,0,0,True,,478,v28_seed_202_FROZEN.zip,eb9c2dcd1e9cc1ac1ae85f1a4e759aae4aad57b10c9a0ce7a1320dfefd2245ad
2020-09-22,0,0,False,,478,v28_seed_202_FROZEN.zip,eb9c2dcd1e9cc1ac1ae85f1a4e759aae4aad57b10c9a0ce7a1320dfefd2245ad
2020-09-23,1,1,True,,479,v28_seed_202_FROZEN.zip,eb9c2dcd1e9cc1ac1ae85f1a4e759aae4aad57b10c9a0ce7a1320dfefd2245ad
2020-09-24,1,1,False,,479,v28_seed_202_FROZEN.zip,eb9c2dcd1e9cc1ac1ae85f1a4e759aae4aad57b10c9a0ce7a1320dfefd2245ad
2020-09-25,1,1,False,,479,v28_seed_202_FROZEN.zip,eb9c2dcd1e9cc1ac1ae85f1a4e759aae4aad57b10c9a0ce7a1320dfefd2245ad
2020-09-28,0,0,True,,480,v28_seed_202_FROZEN.zip,eb9c2dcd1e9cc1ac1ae85f1a4e759aae4aad57b10c9a0ce7a1320dfefd2245ad
2020-09-29,0,0,False,,480,v28_seed_202_FROZEN.zip,eb9c2dcd1e9cc1ac1ae85f1a4e759aae4aad57b10c9a0ce7a1320dfefd2245ad
2020-09-30,0,0,False,,480,v28_seed_202_FROZEN.zip,eb9c2dcd1e9cc1ac1ae85f1a4e759aae4aad57b10c9a0ce7a1320dfefd2245ad
2020-10-01,0,0,False,,480,v28_seed_202_FROZEN.zip,eb9c2dcd1e9cc1ac1ae85f1a4e759aae4aad57b10c9a0ce7a1320dfefd2245ad
2020-10-02,1,1,True,,481,v28_seed_202_FROZEN.zip,eb9c2dcd1e9cc1ac1ae85f1a4e759aae4aad57b10c9a0ce7a1320dfefd2245ad
2020-10-05,0,0,True,,482,v28_seed_202_FROZEN.zip,eb9c2dcd1e9cc1ac1ae85f1a4e759aae4aad57b10c9a0ce7a1320dfefd2245ad
2020-10-06,1,1,True,,483,v28_seed_202_FROZEN.zip,eb9c2dcd1e9cc1ac1ae85f1a4e759aae4aad57b10c9a0ce7a1320dfefd2245ad
2020-10-07,1,1,False,,483,v28_seed_202_FROZEN.zip,eb9c2dcd1e9cc1ac1ae85f1a4e759aae4aad57b10c9a0ce7a1320dfefd2245ad
2020-10-08,1,1,False,,483,v28_seed_202_FROZEN.zip,eb9c2dcd1e9cc1ac1ae85f1a4e759aae4aad57b10c9a0ce7a1320dfefd2245ad
2020-10-09,1,1,False,,483,v28_seed_202_FROZEN.zip,eb9c2dcd1e9cc1ac1ae85f1a4e759aae4aad57b10c9a0ce7a1320dfefd2245ad
2020-10-12,0,0,True,,484,v28_seed_202_FROZEN.zip,eb9c2dcd1e9cc1ac1ae85f1a4e759aae4aad57b10c9a0ce7a1320dfefd2245ad
2020-10-13,0,0,False,,484,v28_seed_202_FROZEN.zip,eb9c2dcd1e9cc1ac1ae85f1a4e759aae4aad57b10c9a0ce7a1320dfefd2245ad
2020-10-14,0,0,False,,484,v28_seed_202_FROZEN.zip,eb9c2dcd1e9cc1ac1ae85f1a4e759aae4aad57b10c9a0ce7a1320dfefd2245ad
2020-10-15,0,0,False,,484,v28_seed_202_FROZEN.zip,eb9c2dcd1e9cc1ac1ae85f1a4e759aae4aad57b10c9a0ce7a1320dfefd2245ad
2020-10-16,0,0,False,,484,v28_seed_202_FROZEN.zip,eb9c2dcd1e9cc1ac1ae85f1a4e759aae4aad57b10c9a0ce7a1320dfefd2245ad
2020-10-19,1,1,True,,485,v28_seed_202_FROZEN.zip,eb9c2dcd1e9cc1ac1ae85f1a4e759aae4aad57b10c9a0ce7a1320dfefd2245ad
2020-10-20,0,0,True,,486,v28_seed_202_FROZEN.zip,eb9c2dcd1e9cc1ac1ae85f1a4e759aae4aad57b10c9a0ce7a1320dfefd2245ad
2020-10-21,1,1,True,,487,v28_seed_202_FROZEN.zip,eb9c2dcd1e9cc1ac1ae85f1a4e759aae4aad57b10c9a0ce7a1320dfefd2245ad
2020-10-22,1,1,False,,487,v28_seed_202_FROZEN.zip,eb9c2dcd1e9cc1ac1ae85f1a4e759aae4aad57b10c9a0ce7a1320dfefd2245ad
2020-10-23,0,0,True,,488,v28_seed_202_FROZEN.zip,eb9c2dcd1e9cc1ac1ae85f1a4e759aae4aad57b10c9a0ce7a1320dfefd2245ad
2020-10-26,0,0,False,,488,v28_seed_202_FROZEN.zip,eb9c2dcd1e9cc1ac1ae85f1a4e759aae4aad57b10c9a0ce7a1320dfefd2245ad
2020-10-27,0,0,False,,488,v28_seed_202_FROZEN.zip,eb9c2dcd1e9cc1ac1ae85f1a4e759aae4aad57b10c9a0ce7a1320dfefd2245ad
2020-10-28,0,0,False,,488,v28_seed_202_FROZEN.zip,eb9c2dcd1e9cc1ac1ae85f1a4e759aae4aad57b10c9a0ce7a1320dfefd2245ad
2020-10-29,0,0,False,,488,v28_seed_202_FROZEN.zip,eb9c2dcd1e9cc1ac1ae85f1a4e759aae4aad57b10c9a0ce7a1320dfefd2245ad
2020-10-30,1,1,True,,489,v28_seed_202_FROZEN.zip,eb9c2dcd1e9cc1ac1ae85f1a4e759aae4aad57b10c9a0ce7a1320dfefd2245ad
2020-11-02,1,1,False,,489,v28_seed_202_FROZEN.zip,eb9c2dcd1e9cc1ac1ae85f1a4e759aae4aad57b10c9a0ce7a1320dfefd2245ad
2020-11-03,1,1,False,,489,v28_seed_202_FROZEN.zip,eb9c2dcd1e9cc1ac1ae85f1a4e759aae4aad57b10c9a0ce7a1320dfefd2245ad
2020-11-04,0,0,True,,490,v28_seed_202_FROZEN.zip,eb9c2dcd1e9cc1ac1ae85f1a4e759aae4aad57b10c9a0ce7a1320dfefd2245ad
2020-11-05,1,1,True,,491,v28_seed_202_FROZEN.zip,eb9c2dcd1e9cc1ac1ae85f1a4e759aae4aad57b10c9a0ce7a1320dfefd2245ad
2020-11-06,1,1,False,,491,v28_seed_202_FROZEN.zip,eb9c2dcd1e9cc1ac1ae85f1a4e759aae4aad57b10c9a0ce7a1320dfefd2245ad
2020-11-09,0,0,True,,492,v28_seed_202_FROZEN.zip,eb9c2dcd1e9cc1ac1ae85f1a4e759aae4aad57b10c9a0ce7a1320dfefd2245ad
2020-11-10,0,0,False,,492,v28_seed_202_FROZEN.zip,eb9c2dcd1e9cc1ac1ae85f1a4e759aae4aad57b10c9a0ce7a1320dfefd2245ad
2020-11-11,0,0,False,,492,v28_seed_202_FROZEN.zip,eb9c2dcd1e9cc1ac1ae85f1a4e759aae4aad57b10c9a0ce7a1320dfefd2245ad
2020-11-12,0,0,False,,492,v28_seed_202_FROZEN.zip,eb9c2dcd1e9cc1ac1ae85f1a4e759aae4aad57b10c9a0ce7a1320dfefd2245ad
2020-11-13,1,1,True,,493,v28_seed_202_FROZEN.zip,eb9c2dcd1e9cc1ac1ae85f1a4e759aae4aad57b10c9a0ce7a1320dfefd2245ad
2020-11-16,0,0,True,,494,v28_seed_202_FROZEN.zip,eb9c2dcd1e9cc1ac1ae85f1a4e759aae4aad57b10c9a0ce7a1320dfefd2245ad
2020-11-17,0,0,False,,494,v28_seed_202_FROZEN.zip,eb9c2dcd1e9cc1ac1ae85f1a4e759aae4aad57b10c9a0ce7a1320dfefd2245ad
2020-11-18,0,0,False,,494,v28_seed_202_FROZEN.zip,eb9c2dcd1e9cc1ac1ae85f1a4e759aae4aad57b10c9a0ce7a1320dfefd2245ad
2020-11-19,0,0,False,,494,v28_seed_202_FROZEN.zip,eb9c2dcd1e9cc1ac1ae85f1a4e759aae4aad57b10c9a0ce7a1320dfefd2245ad
2020-11-20,1,1,True,,495,v28_seed_202_FROZEN.zip,eb9c2dcd1e9cc1ac1ae85f1a4e759aae4aad57b10c9a0ce7a1320dfefd2245ad
2020-11-23,0,0,True,,496,v28_seed_202_FROZEN.zip,eb9c2dcd1e9cc1ac1ae85f1a4e759aae4aad57b10c9a0ce7a1320dfefd2245ad
2020-11-24,0,0,False,,496,v28_seed_202_FROZEN.zip,eb9c2dcd1e9cc1ac1ae85f1a4e759aae4aad57b10c9a0ce7a1320dfefd2245ad
2020-11-25,1,1,True,,497,v28_seed_202_FROZEN.zip,eb9c2dcd1e9cc1ac1ae85f1a4e759aae4aad57b10c9a0ce7a1320dfefd2245ad
2020-11-27,1,1,False,,497,v28_seed_202_FROZEN.zip,eb9c2dcd1e9cc1ac1ae85f1a4e759aae4aad57b10c9a0ce7a1320dfefd2245ad
2020-11-30,1,1,False,,497,v28_seed_202_FROZEN.zip,eb9c2dcd1e9cc1ac1ae85f1a4e759aae4aad57b10c9a0ce7a1320dfefd2245ad
2020-12-01,1,1,False,,497,v28_seed_202_FROZEN.zip,eb9c2dcd1e9cc1ac1ae85f1a4e759aae4aad57b10c9a0ce7a1320dfefd2245ad
2020-12-02,1,1,False,,497,v28_seed_202_FROZEN.zip,eb9c2dcd1e9cc1ac1ae85f1a4e759aae4aad57b10c9a0ce7a1320dfefd2245ad
2020-12-03,1,1,False,,497,v28_seed_202_FROZEN.zip,eb9c2dcd1e9cc1ac1ae85f1a4e759aae4aad57b10c9a0ce7a1320dfefd2245ad
2020-12-04,0,0,True,,498,v28_seed_202_FROZEN.zip,eb9c2dcd1e9cc1ac1ae85f1a4e759aae4aad57b10c9a0ce7a1320dfefd2245ad
2020-12-07,1,1,True,,499,v28_seed_202_FROZEN.zip,eb9c2dcd1e9cc1ac1ae85f1a4e759aae4aad57b10c9a0ce7a1320dfefd2245ad
2020-12-08,1,1,False,,499,v28_seed_202_FROZEN.zip,eb9c2dcd1e9cc1ac1ae85f1a4e759aae4aad57b10c9a0ce7a1320dfefd2245ad
2020-12-09,1,1,False,,499,v28_seed_202_FROZEN.zip,eb9c2dcd1e9cc1ac1ae85f1a4e759aae4aad57b10c9a0ce7a1320dfefd2245ad
2020-12-10,1,1,False,,499,v28_seed_202_FROZEN.zip,eb9c2dcd1e9cc1ac1ae85f1a4e759aae4aad57b10c9a0ce7a1320dfefd2245ad
2020-12-11,1,1,False,,499,v28_seed_202_FROZEN.zip,eb9c2dcd1e9cc1ac1ae85f1a4e759aae4aad57b10c9a0ce7a1320dfefd2245ad
2020-12-14,1,1,False,,499,v28_seed_202_FROZEN.zip,eb9c2dcd1e9cc1ac1ae85f1a4e759aae4aad57b10c9a0ce7a1320dfefd2245ad
2020-12-15,0,0,True,,500,v28_seed_202_FROZEN.zip,eb9c2dcd1e9cc1ac1ae85f1a4e759aae4aad57b10c9a0ce7a1320dfefd2245ad
2020-12-16,1,1,True,,501,v28_seed_202_FROZEN.zip,eb9c2dcd1e9cc1ac1ae85f1a4e759aae4aad57b10c9a0ce7a1320dfefd2245ad
2020-12-17,1,1,False,,501,v28_seed_202_FROZEN.zip,eb9c2dcd1e9cc1ac1ae85f1a4e759aae4aad57b10c9a0ce7a1320dfefd2245ad
2020-12-18,1,1,False,,501,v28_seed_202_FROZEN.zip,eb9c2dcd1e9cc1ac1ae85f1a4e759aae4aad57b10c9a0ce7a1320dfefd2245ad
2020-12-21,1,1,False,,501,v28_seed_202_FROZEN.zip,eb9c2dcd1e9cc1ac1ae85f1a4e759aae4aad57b10c9a0ce7a1320dfefd2245ad
2020-12-22,1,1,False,,501,v28_seed_202_FROZEN.zip,eb9c2dcd1e9cc1ac1ae85f1a4e759aae4aad57b10c9a0ce7a1320dfefd2245ad
2020-12-23,1,1,False,,501,v28_seed_202_FROZEN.zip,eb9c2dcd1e9cc1ac1ae85f1a4e759aae4aad57b10c9a0ce7a1320dfefd2245ad
2020-12-24,1,1,False,,501,v28_seed_202_FROZEN.zip,eb9c2dcd1e9cc1ac1ae85f1a4e759aae4aad57b10c9a0ce7a1320dfefd2245ad
2020-12-28,1,1,False,,501,v28_seed_202_FROZEN.zip,eb9c2dcd1e9cc1ac1ae85f1a4e759aae4aad57b10c9a0ce7a1320dfefd2245ad
2020-12-29,1,1,False,,501,v28_seed_202_FROZEN.zip,eb9c2dcd1e9cc1ac1ae85f1a4e759aae4aad57b10c9a0ce7a1320dfefd2245ad
2020-12-30,1,1,False,,501,v28_seed_202_FROZEN.zip,eb9c2dcd1e9cc1ac1ae85f1a4e759aae4aad57b10c9a0ce7a1320dfefd2245ad
2020-12-31,0,0,True,,502,v28_seed_202_FROZEN.zip,eb9c2dcd1e9cc1ac1ae85f1a4e759aae4aad57b10c9a0ce7a1320dfefd2245ad
2021-01-04,1,1,True,,503,v28_seed_202_FROZEN.zip,eb9c2dcd1e9cc1ac1ae85f1a4e759aae4aad57b10c9a0ce7a1320dfefd2245ad
2021-01-05,1,1,False,,503,v28_seed_202_FROZEN.zip,eb9c2dcd1e9cc1ac1ae85f1a4e759aae4aad57b10c9a0ce7a1320dfefd2245ad
2021-01-06,1,1,False,,503,v28_seed_202_FROZEN.zip,eb9c2dcd1e9cc1ac1ae85f1a4e759aae4aad57b10c9a0ce7a1320dfefd2245ad
2021-01-07,0,0,True,,504,v28_seed_202_FROZEN.zip,eb9c2dcd1e9cc1ac1ae85f1a4e759aae4aad57b10c9a0ce7a1320dfefd2245ad
2021-01-08,1,1,True,,505,v28_seed_202_FROZEN.zip,eb9c2dcd1e9cc1ac1ae85f1a4e759aae4aad57b10c9a0ce7a1320dfefd2245ad
2021-01-11,1,1,False,,505,v28_seed_202_FROZEN.zip,eb9c2dcd1e9cc1ac1ae85f1a4e759aae4aad57b10c9a0ce7a1320dfefd2245ad
2021-01-12,1,1,False,,505,v28_seed_202_FROZEN.zip,eb9c2dcd1e9cc1ac1ae85f1a4e759aae4aad57b10c9a0ce7a1320dfefd2245ad
2021-01-13,1,1,False,,505,v28_seed_202_FROZEN.zip,eb9c2dcd1e9cc1ac1ae85f1a4e759aae4aad57b10c9a0ce7a1320dfefd2245ad
2021-01-14,1,1,False,,505,v28_seed_202_FROZEN.zip,eb9c2dcd1e9cc1ac1ae85f1a4e759aae4aad57b10c9a0ce7a1320dfefd2245ad
2021-01-15,1,1,False,,505,v28_seed_202_FROZEN.zip,eb9c2dcd1e9cc1ac1ae85f1a4e759aae4aad57b10c9a0ce7a1320dfefd2245ad
2021-01-19,1,1,False,,505,v28_seed_202_FROZEN.zip,eb9c2dcd1e9cc1ac1ae85f1a4e759aae4aad57b10c9a0ce7a1320dfefd2245ad
2021-01-20,1,1,False,,505,v28_seed_202_FROZEN.zip,eb9c2dcd1e9cc1ac1ae85f1a4e759aae4aad57b10c9a0ce7a1320dfefd2245ad
2021-01-21,0,0,True,,506,v28_seed_202_FROZEN.zip,eb9c2dcd1e9cc1ac1ae85f1a4e759aae4aad57b10c9a0ce7a1320dfefd2245ad
2021-01-22,1,1,True,,507,v28_seed_202_FROZEN.zip,eb9c2dcd1e9cc1ac1ae85f1a4e759aae4aad57b10c9a0ce7a1320dfefd2245ad
2021-01-25,1,1,False,,507,v28_seed_202_FROZEN.zip,eb9c2dcd1e9cc1ac1ae85f1a4e759aae4aad57b10c9a0ce7a1320dfefd2245ad
2021-01-26,0,0,True,,508,v28_seed_202_FROZEN.zip,eb9c2dcd1e9cc1ac1ae85f1a4e759aae4aad57b10c9a0ce7a1320dfefd2245ad
2021-01-27,0,0,False,,508,v28_seed_202_FROZEN.zip,eb9c2dcd1e9cc1ac1ae85f1a4e759aae4aad57b10c9a0ce7a1320dfefd2245ad
2021-01-28,0,0,False,,508,v28_seed_202_FROZEN.zip,eb9c2dcd1e9cc1ac1ae85f1a4e759aae4aad57b10c9a0ce7a1320dfefd2245ad
2021-01-29,1,1,True,,509,v28_seed_202_FROZEN.zip,eb9c2dcd1e9cc1ac1ae85f1a4e759aae4aad57b10c9a0ce7a1320dfefd2245ad
2021-02-01,1,1,False,,509,v28_seed_202_FROZEN.zip,eb9c2dcd1e9cc1ac1ae85f1a4e759aae4aad57b10c9a0ce7a1320dfefd2245ad
2021-02-02,0,0,True,,510,v28_seed_202_FROZEN.zip,eb9c2dcd1e9cc1ac1ae85f1a4e759aae4aad57b10c9a0ce7a1320dfefd2245ad
2021-02-03,1,1,True,,511,v28_seed_202_FROZEN.zip,eb9c2dcd1e9cc1ac1ae85f1a4e759aae4aad57b10c9a0ce7a1320dfefd2245ad
2021-02-04,1,1,False,,511,v28_seed_202_FROZEN.zip,eb9c2dcd1e9cc1ac1ae85f1a4e759aae4aad57b10c9a0ce7a1320dfefd2245ad
2021-02-05,1,1,False,,511,v28_seed_202_FROZEN.zip,eb9c2dcd1e9cc1ac1ae85f1a4e759aae4aad57b10c9a0ce7a1320dfefd2245ad
2021-02-08,1,1,False,,511,v28_seed_202_FROZEN.zip,eb9c2dcd1e9cc1ac1ae85f1a4e759aae4aad57b10c9a0ce7a1320dfefd2245ad
2021-02-09,0,0,True,,512,v28_seed_202_FROZEN.zip,eb9c2dcd1e9cc1ac1ae85f1a4e759aae4aad57b10c9a0ce7a1320dfefd2245ad
2021-02-10,1,1,True,,513,v28_seed_202_FROZEN.zip,eb9c2dcd1e9cc1ac1ae85f1a4e759aae4aad57b10c9a0ce7a1320dfefd2245ad
2021-02-11,1,1,False,,513,v28_seed_202_FROZEN.zip,eb9c2dcd1e9cc1ac1ae85f1a4e759aae4aad57b10c9a0ce7a1320dfefd2245ad
2021-02-12,1,1,False,,513,v28_seed_202_FROZEN.zip,eb9c2dcd1e9cc1ac1ae85f1a4e759aae4aad57b10c9a0ce7a1320dfefd2245ad
2021-02-16,1,1,False,,513,v28_seed_202_FROZEN.zip,eb9c2dcd1e9cc1ac1ae85f1a4e759aae4aad57b10c9a0ce7a1320dfefd2245ad
2021-02-17,0,0,True,,514,v28_seed_202_FROZEN.zip,eb9c2dcd1e9cc1ac1ae85f1a4e759aae4aad57b10c9a0ce7a1320dfefd2245ad
2021-02-18,0,0,False,,514,v28_seed_202_FROZEN.zip,eb9c2dcd1e9cc1ac1ae85f1a4e759aae4aad57b10c9a0ce7a1320dfefd2245ad
2021-02-19,0,0,False,,514,v28_seed_202_FROZEN.zip,eb9c2dcd1e9cc1ac1ae85f1a4e759aae4aad57b10c9a0ce7a1320dfefd2245ad
2021-02-22,0,0,False,,514,v28_seed_202_FROZEN.zip,eb9c2dcd1e9cc1ac1ae85f1a4e759aae4aad57b10c9a0ce7a1320dfefd2245ad
2021-02-23,0,0,False,,514,v28_seed_202_FROZEN.zip,eb9c2dcd1e9cc1ac1ae85f1a4e759aae4aad57b10c9a0ce7a1320dfefd2245ad
2021-02-24,0,0,False,,514,v28_seed_202_FROZEN.zip,eb9c2dcd1e9cc1ac1ae85f1a4e759aae4aad57b10c9a0ce7a1320dfefd2245ad
2021-02-25,0,0,False,,514,v28_seed_202_FROZEN.zip,eb9c2dcd1e9cc1ac1ae85f1a4e759aae4aad57b10c9a0ce7a1320dfefd2245ad
2021-02-26,1,1,True,,515,v28_seed_202_FROZEN.zip,eb9c2dcd1e9cc1ac1ae85f1a4e759aae4aad57b10c9a0ce7a1320dfefd2245ad
2021-03-01,0,0,True,,516,v28_seed_202_FROZEN.zip,eb9c2dcd1e9cc1ac1ae85f1a4e759aae4aad57b10c9a0ce7a1320dfefd2245ad
2021-03-02,0,0,False,,516,v28_seed_202_FROZEN.zip,eb9c2dcd1e9cc1ac1ae85f1a4e759aae4aad57b10c9a0ce7a1320dfefd2245ad
2021-03-03,0,0,False,,516,v28_seed_202_FROZEN.zip,eb9c2dcd1e9cc1ac1ae85f1a4e759aae4aad57b10c9a0ce7a1320dfefd2245ad
2021-03-04,1,1,True,,517,v28_seed_202_FROZEN.zip,eb9c2dcd1e9cc1ac1ae85f1a4e759aae4aad57b10c9a0ce7a1320dfefd2245ad
2021-03-05,1,1,False,,517,v28_seed_202_FROZEN.zip,eb9c2dcd1e9cc1ac1ae85f1a4e759aae4aad57b10c9a0ce7a1320dfefd2245ad
2021-03-08,1,1,False,,517,v28_seed_202_FROZEN.zip,eb9c2dcd1e9cc1ac1ae85f1a4e759aae4aad57b10c9a0ce7a1320dfefd2245ad
2021-03-09,1,1,False,,517,v28_seed_202_FROZEN.zip,eb9c2dcd1e9cc1ac1ae85f1a4e759aae4aad57b10c9a0ce7a1320dfefd2245ad
2021-03-10,1,1,False,,517,v28_seed_202_FROZEN.zip,eb9c2dcd1e9cc1ac1ae85f1a4e759aae4aad57b10c9a0ce7a1320dfefd2245ad
2021-03-11,1,1,False,,517,v28_seed_202_FROZEN.zip,eb9c2dcd1e9cc1ac1ae85f1a4e759aae4aad57b10c9a0ce7a1320dfefd2245ad
2021-03-12,1,1,False,,517,v28_seed_202_FROZEN.zip,eb9c2dcd1e9cc1ac1ae85f1a4e759aae4aad57b10c9a0ce7a1320dfefd2245ad
2021-03-15,1,1,False,,517,v28_seed_202_FROZEN.zip,eb9c2dcd1e9cc1ac1ae85f1a4e759aae4aad57b10c9a0ce7a1320dfefd2245ad
2021-03-16,0,0,True,,518,v28_seed_202_FROZEN.zip,eb9c2dcd1e9cc1ac1ae85f1a4e759aae4aad57b10c9a0ce7a1320dfefd2245ad
2021-03-17,0,0,False,,518,v28_seed_202_FROZEN.zip,eb9c2dcd1e9cc1ac1ae85f1a4e759aae4aad57b10c9a0ce7a1320dfefd2245ad
2021-03-18,0,0,False,,518,v28_seed_202_FROZEN.zip,eb9c2dcd1e9cc1ac1ae85f1a4e759aae4aad57b10c9a0ce7a1320dfefd2245ad
2021-03-19,0,0,False,,518,v28_seed_202_FROZEN.zip,eb9c2dcd1e9cc1ac1ae85f1a4e759aae4aad57b10c9a0ce7a1320dfefd2245ad
2021-03-22,0,0,False,,518,v28_seed_202_FROZEN.zip,eb9c2dcd1e9cc1ac1ae85f1a4e759aae4aad57b10c9a0ce7a1320dfefd2245ad
2021-03-23,0,0,False,,518,v28_seed_202_FROZEN.zip,eb9c2dcd1e9cc1ac1ae85f1a4e759aae4aad57b10c9a0ce7a1320dfefd2245ad
2021-03-24,0,0,False,,518,v28_seed_202_FROZEN.zip,eb9c2dcd1e9cc1ac1ae85f1a4e759aae4aad57b10c9a0ce7a1320dfefd2245ad
2021-03-25,1,1,True,,519,v28_seed_202_FROZEN.zip,eb9c2dcd1e9cc1ac1ae85f1a4e759aae4aad57b10c9a0ce7a1320dfefd2245ad
2021-03-26,1,1,False,,519,v28_seed_202_FROZEN.zip,eb9c2dcd1e9cc1ac1ae85f1a4e759aae4aad57b10c9a0ce7a1320dfefd2245ad
2021-03-29,1,1,False,,519,v28_seed_202_FROZEN.zip,eb9c2dcd1e9cc1ac1ae85f1a4e759aae4aad57b10c9a0ce7a1320dfefd2245ad
2021-03-30,1,1,False,,519,v28_seed_202_FROZEN.zip,eb9c2dcd1e9cc1ac1ae85f1a4e759aae4aad57b10c9a0ce7a1320dfefd2245ad
2021-03-31,1,1,False,,519,v28_seed_202_FROZEN.zip,eb9c2dcd1e9cc1ac1ae85f1a4e759aae4aad57b10c9a0ce7a1320dfefd2245ad
2021-04-01,1,1,False,,519,v28_seed_202_FROZEN.zip,eb9c2dcd1e9cc1ac1ae85f1a4e759aae4aad57b10c9a0ce7a1320dfefd2245ad
2021-04-05,1,1,False,,519,v28_seed_202_FROZEN.zip,eb9c2dcd1e9cc1ac1ae85f1a4e759aae4aad57b10c9a0ce7a1320dfefd2245ad
2021-04-06,0,0,True,,520,v28_seed_202_FROZEN.zip,eb9c2dcd1e9cc1ac1ae85f1a4e759aae4aad57b10c9a0ce7a1320dfefd2245ad
2021-04-07,1,1,True,,521,v28_seed_202_FROZEN.zip,eb9c2dcd1e9cc1ac1ae85f1a4e759aae4aad57b10c9a0ce7a1320dfefd2245ad
2021-04-08,1,1,False,,521,v28_seed_202_FROZEN.zip,eb9c2dcd1e9cc1ac1ae85f1a4e759aae4aad57b10c9a0ce7a1320dfefd2245ad
2021-04-09,1,1,False,,521,v28_seed_202_FROZEN.zip,eb9c2dcd1e9cc1ac1ae85f1a4e759aae4aad57b10c9a0ce7a1320dfefd2245ad
2021-04-12,0,0,True,,522,v28_seed_202_FROZEN.zip,eb9c2dcd1e9cc1ac1ae85f1a4e759aae4aad57b10c9a0ce7a1320dfefd2245ad
2021-04-13,1,1,True,,523,v28_seed_202_FROZEN.zip,eb9c2dcd1e9cc1ac1ae85f1a4e759aae4aad57b10c9a0ce7a1320dfefd2245ad
2021-04-14,0,0,True,,524,v28_seed_202_FROZEN.zip,eb9c2dcd1e9cc1ac1ae85f1a4e759aae4aad57b10c9a0ce7a1320dfefd2245ad
2021-04-15,1,1,True,,525,v28_seed_202_FROZEN.zip,eb9c2dcd1e9cc1ac1ae85f1a4e759aae4aad57b10c9a0ce7a1320dfefd2245ad
2021-04-16,0,0,True,,526,v28_seed_202_FROZEN.zip,eb9c2dcd1e9cc1ac1ae85f1a4e759aae4aad57b10c9a0ce7a1320dfefd2245ad
2021-04-19,0,0,False,,526,v28_seed_202_FROZEN.zip,eb9c2dcd1e9cc1ac1ae85f1a4e759aae4aad57b10c9a0ce7a1320dfefd2245ad
2021-04-20,1,1,True,,527,v28_seed_202_FROZEN.zip,eb9c2dcd1e9cc1ac1ae85f1a4e759aae4aad57b10c9a0ce7a1320dfefd2245ad
2021-04-21,1,1,False,,527,v28_seed_202_FROZEN.zip,eb9c2dcd1e9cc1ac1ae85f1a4e759aae4aad57b10c9a0ce7a1320dfefd2245ad
2021-04-22,1,1,False,,527,v28_seed_202_FROZEN.zip,eb9c2dcd1e9cc1ac1ae85f1a4e759aae4aad57b10c9a0ce7a1320dfefd2245ad
2021-04-23,1,1,False,,527,v28_seed_202_FROZEN.zip,eb9c2dcd1e9cc1ac1ae85f1a4e759aae4aad57b10c9a0ce7a1320dfefd2245ad
2021-04-26,1,1,False,,527,v28_seed_202_FROZEN.zip,eb9c2dcd1e9cc1ac1ae85f1a4e759aae4aad57b10c9a0ce7a1320dfefd2245ad
2021-04-27,1,1,False,,527,v28_seed_202_FROZEN.zip,eb9c2dcd1e9cc1ac1ae85f1a4e759aae4aad57b10c9a0ce7a1320dfefd2245ad
2021-04-28,1,1,False,,527,v28_seed_202_FROZEN.zip,eb9c2dcd1e9cc1ac1ae85f1a4e759aae4aad57b10c9a0ce7a1320dfefd2245ad
2021-04-29,1,1,False,,527,v28_seed_202_FROZEN.zip,eb9c2dcd1e9cc1ac1ae85f1a4e759aae4aad57b10c9a0ce7a1320dfefd2245ad
2021-04-30,1,1,False,,527,v28_seed_202_FROZEN.zip,eb9c2dcd1e9cc1ac1ae85f1a4e759aae4aad57b10c9a0ce7a1320dfefd2245ad
2021-05-03,0,0,True,,528,v28_seed_202_FROZEN.zip,eb9c2dcd1e9cc1ac1ae85f1a4e759aae4aad57b10c9a0ce7a1320dfefd2245ad
2021-05-04,0,0,False,,528,v28_seed_202_FROZEN.zip,eb9c2dcd1e9cc1ac1ae85f1a4e759aae4aad57b10c9a0ce7a1320dfefd2245ad
2021-05-05,1,1,True,,529,v28_seed_202_FROZEN.zip,eb9c2dcd1e9cc1ac1ae85f1a4e759aae4aad57b10c9a0ce7a1320dfefd2245ad
2021-05-06,1,1,False,,529,v28_seed_202_FROZEN.zip,eb9c2dcd1e9cc1ac1ae85f1a4e759aae4aad57b10c9a0ce7a1320dfefd2245ad
2021-05-07,0,0,True,,530,v28_seed_202_FROZEN.zip,eb9c2dcd1e9cc1ac1ae85f1a4e759aae4aad57b10c9a0ce7a1320dfefd2245ad
2021-05-10,0,0,False,,530,v28_seed_202_FROZEN.zip,eb9c2dcd1e9cc1ac1ae85f1a4e759aae4aad57b10c9a0ce7a1320dfefd2245ad
2021-05-11,0,0,False,,530,v28_seed_202_FROZEN.zip,eb9c2dcd1e9cc1ac1ae85f1a4e759aae4aad57b10c9a0ce7a1320dfefd2245ad
2021-05-12,1,1,True,,531,v28_seed_202_FROZEN.zip,eb9c2dcd1e9cc1ac1ae85f1a4e759aae4aad57b10c9a0ce7a1320dfefd2245ad
2021-05-13,1,1,False,,531,v28_seed_202_FROZEN.zip,eb9c2dcd1e9cc1ac1ae85f1a4e759aae4aad57b10c9a0ce7a1320dfefd2245ad
2021-05-14,1,1,False,,531,v28_seed_202_FROZEN.zip,eb9c2dcd1e9cc1ac1ae85f1a4e759aae4aad57b10c9a0ce7a1320dfefd2245ad
2021-05-17,0,0,True,,532,v28_seed_202_FROZEN.zip,eb9c2dcd1e9cc1ac1ae85f1a4e759aae4aad57b10c9a0ce7a1320dfefd2245ad
2021-05-18,1,1,True,,533,v28_seed_202_FROZEN.zip,eb9c2dcd1e9cc1ac1ae85f1a4e759aae4aad57b10c9a0ce7a1320dfefd2245ad
2021-05-19,1,1,False,,533,v28_seed_202_FROZEN.zip,eb9c2dcd1e9cc1ac1ae85f1a4e759aae4aad57b10c9a0ce7a1320dfefd2245ad
2021-05-20,1,1,False,,533,v28_seed_202_FROZEN.zip,eb9c2dcd1e9cc1ac1ae85f1a4e759aae4aad57b10c9a0ce7a1320dfefd2245ad
2021-05-21,1,1,False,,533,v28_seed_202_FROZEN.zip,eb9c2dcd1e9cc1ac1ae85f1a4e759aae4aad57b10c9a0ce7a1320dfefd2245ad
2021-05-24,1,1,False,,533,v28_seed_202_FROZEN.zip,eb9c2dcd1e9cc1ac1ae85f1a4e759aae4aad57b10c9a0ce7a1320dfefd2245ad
2021-05-25,1,1,False,,533,v28_seed_202_FROZEN.zip,eb9c2dcd1e9cc1ac1ae85f1a4e759aae4aad57b10c9a0ce7a1320dfefd2245ad
2021-05-26,1,1,False,,533,v28_seed_202_FROZEN.zip,eb9c2dcd1e9cc1ac1ae85f1a4e759aae4aad57b10c9a0ce7a1320dfefd2245ad
2021-05-27,0,0,True,,534,v28_seed_202_FROZEN.zip,eb9c2dcd1e9cc1ac1ae85f1a4e759aae4aad57b10c9a0ce7a1320dfefd2245ad
2021-05-28,0,0,False,,534,v28_seed_202_FROZEN.zip,eb9c2dcd1e9cc1ac1ae85f1a4e759aae4aad57b10c9a0ce7a1320dfefd2245ad
2021-06-01,1,1,True,,535,v28_seed_202_FROZEN.zip,eb9c2dcd1e9cc1ac1ae85f1a4e759aae4aad57b10c9a0ce7a1320dfefd2245ad
2021-06-02,1,1,False,,535,v28_seed_202_FROZEN.zip,eb9c2dcd1e9cc1ac1ae85f1a4e759aae4aad57b10c9a0ce7a1320dfefd2245ad
2021-06-03,1,1,False,,535,v28_seed_202_FROZEN.zip,eb9c2dcd1e9cc1ac1ae85f1a4e759aae4aad57b10c9a0ce7a1320dfefd2245ad
2021-06-04,1,1,False,,535,v28_seed_202_FROZEN.zip,eb9c2dcd1e9cc1ac1ae85f1a4e759aae4aad57b10c9a0ce7a1320dfefd2245ad
2021-06-07,1,1,False,,535,v28_seed_202_FROZEN.zip,eb9c2dcd1e9cc1ac1ae85f1a4e759aae4aad57b10c9a0ce7a1320dfefd2245ad
2021-06-08,0,0,True,,536,v28_seed_202_FROZEN.zip,eb9c2dcd1e9cc1ac1ae85f1a4e759aae4aad57b10c9a0ce7a1320dfefd2245ad
2021-06-09,1,1,True,,537,v28_seed_202_FROZEN.zip,eb9c2dcd1e9cc1ac1ae85f1a4e759aae4aad57b10c9a0ce7a1320dfefd2245ad
2021-06-10,1,1,False,,537,v28_seed_202_FROZEN.zip,eb9c2dcd1e9cc1ac1ae85f1a4e759aae4aad57b10c9a0ce7a1320dfefd2245ad
2021-06-11,1,1,False,,537,v28_seed_202_FROZEN.zip,eb9c2dcd1e9cc1ac1ae85f1a4e759aae4aad57b10c9a0ce7a1320dfefd2245ad
2021-06-14,1,1,False,,537,v28_seed_202_FROZEN.zip,eb9c2dcd1e9cc1ac1ae85f1a4e759aae4aad57b10c9a0ce7a1320dfefd2245ad
2021-06-15,0,0,True,,538,v28_seed_202_FROZEN.zip,eb9c2dcd1e9cc1ac1ae85f1a4e759aae4aad57b10c9a0ce7a1320dfefd2245ad
2021-06-16,1,1,True,,539,v28_seed_202_FROZEN.zip,eb9c2dcd1e9cc1ac1ae85f1a4e759aae4aad57b10c9a0ce7a1320dfefd2245ad
2021-06-17,0,0,True,,540,v28_seed_202_FROZEN.zip,eb9c2dcd1e9cc1ac1ae85f1a4e759aae4aad57b10c9a0ce7a1320dfefd2245ad
2021-06-18,0,0,False,,540,v28_seed_202_FROZEN.zip,eb9c2dcd1e9cc1ac1ae85f1a4e759aae4aad57b10c9a0ce7a1320dfefd2245ad
2021-06-21,1,1,True,,541,v28_seed_202_FROZEN.zip,eb9c2dcd1e9cc1ac1ae85f1a4e759aae4aad57b10c9a0ce7a1320dfefd2245ad
2021-06-22,1,1,False,,541,v28_seed_202_FROZEN.zip,eb9c2dcd1e9cc1ac1ae85f1a4e759aae4aad57b10c9a0ce7a1320dfefd2245ad
2021-06-23,1,1,False,,541,v28_seed_202_FROZEN.zip,eb9c2dcd1e9cc1ac1ae85f1a4e759aae4aad57b10c9a0ce7a1320dfefd2245ad
2021-06-24,1,1,False,,541,v28_seed_202_FROZEN.zip,eb9c2dcd1e9cc1ac1ae85f1a4e759aae4aad57b10c9a0ce7a1320dfefd2245ad
2021-06-25,1,1,False,,541,v28_seed_202_FROZEN.zip,eb9c2dcd1e9cc1ac1ae85f1a4e759aae4aad57b10c9a0ce7a1320dfefd2245ad
2021-06-28,0,0,True,,542,v28_seed_202_FROZEN.zip,eb9c2dcd1e9cc1ac1ae85f1a4e759aae4aad57b10c9a0ce7a1320dfefd2245ad
2021-06-29,0,0,False,,542,v28_seed_202_FROZEN.zip,eb9c2dcd1e9cc1ac1ae85f1a4e759aae4aad57b10c9a0ce7a1320dfefd2245ad
2021-06-30,1,1,True,,543,v28_seed_202_FROZEN.zip,eb9c2dcd1e9cc1ac1ae85f1a4e759aae4aad57b10c9a0ce7a1320dfefd2245ad
2021-07-01,1,1,False,,543,v28_seed_202_FROZEN.zip,eb9c2dcd1e9cc1ac1ae85f1a4e759aae4aad57b10c9a0ce7a1320dfefd2245ad
2021-07-02,0,0,True,,544,v28_seed_202_FROZEN.zip,eb9c2dcd1e9cc1ac1ae85f1a4e759aae4aad57b10c9a0ce7a1320dfefd2245ad
2021-07-06,1,1,True,,545,v28_seed_202_FROZEN.zip,eb9c2dcd1e9cc1ac1ae85f1a4e759aae4aad57b10c9a0ce7a1320dfefd2245ad
2021-07-07,0,0,True,,546,v28_seed_202_FROZEN.zip,eb9c2dcd1e9cc1ac1ae85f1a4e759aae4aad57b10c9a0ce7a1320dfefd2245ad
2021-07-08,1,1,True,,547,v28_seed_202_FROZEN.zip,eb9c2dcd1e9cc1ac1ae85f1a4e759aae4aad57b10c9a0ce7a1320dfefd2245ad
2021-07-09,1,1,False,,547,v28_seed_202_FROZEN.zip,eb9c2dcd1e9cc1ac1ae85f1a4e759aae4aad57b10c9a0ce7a1320dfefd2245ad
2021-07-12,0,0,True,,548,v28_seed_202_FROZEN.zip,eb9c2dcd1e9cc1ac1ae85f1a4e759aae4aad57b10c9a0ce7a1320dfefd2245ad
2021-07-13,0,0,False,,548,v28_seed_202_FROZEN.zip,eb9c2dcd1e9cc1ac1ae85f1a4e759aae4aad57b10c9a0ce7a1320dfefd2245ad
2021-07-14,1,1,True,,549,v28_seed_202_FROZEN.zip,eb9c2dcd1e9cc1ac1ae85f1a4e759aae4aad57b10c9a0ce7a1320dfefd2245ad
2021-07-15,0,0,True,,550,v28_seed_202_FROZEN.zip,eb9c2dcd1e9cc1ac1ae85f1a4e759aae4aad57b10c9a0ce7a1320dfefd2245ad
2021-07-16,0,0,False,,550,v28_seed_202_FROZEN.zip,eb9c2dcd1e9cc1ac1ae85f1a4e759aae4aad57b10c9a0ce7a1320dfefd2245ad
2021-07-19,1,1,True,,551,v28_seed_202_FROZEN.zip,eb9c2dcd1e9cc1ac1ae85f1a4e759aae4aad57b10c9a0ce7a1320dfefd2245ad
2021-07-20,1,1,False,,551,v28_seed_202_FROZEN.zip,eb9c2dcd1e9cc1ac1ae85f1a4e759aae4aad57b10c9a0ce7a1320dfefd2245ad
2021-07-21,1,1,False,,551,v28_seed_202_FROZEN.zip,eb9c2dcd1e9cc1ac1ae85f1a4e759aae4aad57b10c9a0ce7a1320dfefd2245ad
2021-07-22,1,1,False,,551,v28_seed_202_FROZEN.zip,eb9c2dcd1e9cc1ac1ae85f1a4e759aae4aad57b10c9a0ce7a1320dfefd2245ad
2021-07-23,0,0,True,,552,v28_seed_202_FROZEN.zip,eb9c2dcd1e9cc1ac1ae85f1a4e759aae4aad57b10c9a0ce7a1320dfefd2245ad
2021-07-26,1,1,True,,553,v28_seed_202_FROZEN.zip,eb9c2dcd1e9cc1ac1ae85f1a4e759aae4aad57b10c9a0ce7a1320dfefd2245ad
2021-07-27,0,0,True,,554,v28_seed_202_FROZEN.zip,eb9c2dcd1e9cc1ac1ae85f1a4e759aae4aad57b10c9a0ce7a1320dfefd2245ad
2021-07-28,1,1,True,,555,v28_seed_202_FROZEN.zip,eb9c2dcd1e9cc1ac1ae85f1a4e759aae4aad57b10c9a0ce7a1320dfefd2245ad
2021-07-29,0,0,True,,556,v28_seed_202_FROZEN.zip,eb9c2dcd1e9cc1ac1ae85f1a4e759aae4aad57b10c9a0ce7a1320dfefd2245ad
2021-07-30,1,1,True,,557,v28_seed_202_FROZEN.zip,eb9c2dcd1e9cc1ac1ae85f1a4e759aae4aad57b10c9a0ce7a1320dfefd2245ad
2021-08-02,1,1,False,,557,v28_seed_202_FROZEN.zip,eb9c2dcd1e9cc1ac1ae85f1a4e759aae4aad57b10c9a0ce7a1320dfefd2245ad
2021-08-03,0,0,True,,558,v28_seed_202_FROZEN.zip,eb9c2dcd1e9cc1ac1ae85f1a4e759aae4aad57b10c9a0ce7a1320dfefd2245ad
2021-08-04,1,1,True,,559,v28_seed_202_FROZEN.zip,eb9c2dcd1e9cc1ac1ae85f1a4e759aae4aad57b10c9a0ce7a1320dfefd2245ad
2021-08-05,1,1,False,,559,v28_seed_202_FROZEN.zip,eb9c2dcd1e9cc1ac1ae85f1a4e759aae4aad57b10c9a0ce7a1320dfefd2245ad
2021-08-06,1,1,False,,559,v28_seed_202_FROZEN.zip,eb9c2dcd1e9cc1ac1ae85f1a4e759aae4aad57b10c9a0ce7a1320dfefd2245ad
2021-08-09,1,1,False,,559,v28_seed_202_FROZEN.zip,eb9c2dcd1e9cc1ac1ae85f1a4e759aae4aad57b10c9a0ce7a1320dfefd2245ad
2021-08-10,0,0,True,,560,v28_seed_202_FROZEN.zip,eb9c2dcd1e9cc1ac1ae85f1a4e759aae4aad57b10c9a0ce7a1320dfefd2245ad
2021-08-11,0,0,False,,560,v28_seed_202_FROZEN.zip,eb9c2dcd1e9cc1ac1ae85f1a4e759aae4aad57b10c9a0ce7a1320dfefd2245ad
2021-08-12,0,0,False,,560,v28_seed_202_FROZEN.zip,eb9c2dcd1e9cc1ac1ae85f1a4e759aae4aad57b10c9a0ce7a1320dfefd2245ad
2021-08-13,0,0,False,,560,v28_seed_202_FROZEN.zip,eb9c2dcd1e9cc1ac1ae85f1a4e759aae4aad57b10c9a0ce7a1320dfefd2245ad
2021-08-16,0,0,False,,560,v28_seed_202_FROZEN.zip,eb9c2dcd1e9cc1ac1ae85f1a4e759aae4aad57b10c9a0ce7a1320dfefd2245ad
2021-08-17,0,0,False,,560,v28_seed_202_FROZEN.zip,eb9c2dcd1e9cc1ac1ae85f1a4e759aae4aad57b10c9a0ce7a1320dfefd2245ad
2021-08-18,0,0,False,,560,v28_seed_202_FROZEN.zip,eb9c2dcd1e9cc1ac1ae85f1a4e759aae4aad57b10c9a0ce7a1320dfefd2245ad
2021-08-19,1,1,True,,561,v28_seed_202_FROZEN.zip,eb9c2dcd1e9cc1ac1ae85f1a4e759aae4aad57b10c9a0ce7a1320dfefd2245ad
2021-08-20,1,1,False,,561,v28_seed_202_FROZEN.zip,eb9c2dcd1e9cc1ac1ae85f1a4e759aae4aad57b10c9a0ce7a1320dfefd2245ad
2021-08-23,1,1,False,,561,v28_seed_202_FROZEN.zip,eb9c2dcd1e9cc1ac1ae85f1a4e759aae4aad57b10c9a0ce7a1320dfefd2245ad
2021-08-24,0,0,True,,562,v28_seed_202_FROZEN.zip,eb9c2dcd1e9cc1ac1ae85f1a4e759aae4aad57b10c9a0ce7a1320dfefd2245ad
2021-08-25,0,0,False,,562,v28_seed_202_FROZEN.zip,eb9c2dcd1e9cc1ac1ae85f1a4e759aae4aad57b10c9a0ce7a1320dfefd2245ad
2021-08-26,0,0,False,,562,v28_seed_202_FROZEN.zip,eb9c2dcd1e9cc1ac1ae85f1a4e759aae4aad57b10c9a0ce7a1320dfefd2245ad
2021-08-27,0,0,False,,562,v28_seed_202_FROZEN.zip,eb9c2dcd1e9cc1ac1ae85f1a4e759aae4aad57b10c9a0ce7a1320dfefd2245ad
2021-08-30,0,0,False,,562,v28_seed_202_FROZEN.zip,eb9c2dcd1e9cc1ac1ae85f1a4e759aae4aad57b10c9a0ce7a1320dfefd2245ad
2021-08-31,0,0,False,,562,v28_seed_202_FROZEN.zip,eb9c2dcd1e9cc1ac1ae85f1a4e759aae4aad57b10c9a0ce7a1320dfefd2245ad
2021-09-01,0,0,False,,562,v28_seed_202_FROZEN.zip,eb9c2dcd1e9cc1ac1ae85f1a4e759aae4aad57b10c9a0ce7a1320dfefd2245ad
2021-09-02,0,0,False,,562,v28_seed_202_FROZEN.zip,eb9c2dcd1e9cc1ac1ae85f1a4e759aae4aad57b10c9a0ce7a1320dfefd2245ad
2021-09-03,1,1,True,,563,v28_seed_202_FROZEN.zip,eb9c2dcd1e9cc1ac1ae85f1a4e759aae4aad57b10c9a0ce7a1320dfefd2245ad
2021-09-07,1,1,False,,563,v28_seed_202_FROZEN.zip,eb9c2dcd1e9cc1ac1ae85f1a4e759aae4aad57b10c9a0ce7a1320dfefd2245ad
2021-09-08,0,0,True,,564,v28_seed_202_FROZEN.zip,eb9c2dcd1e9cc1ac1ae85f1a4e759aae4aad57b10c9a0ce7a1320dfefd2245ad
2021-09-09,1,1,True,,565,v28_seed_202_FROZEN.zip,eb9c2dcd1e9cc1ac1ae85f1a4e759aae4aad57b10c9a0ce7a1320dfefd2245ad
2021-09-10,1,1,False,,565,v28_seed_202_FROZEN.zip,eb9c2dcd1e9cc1ac1ae85f1a4e759aae4aad57b10c9a0ce7a1320dfefd2245ad
2021-09-13,0,0,True,,566,v28_seed_202_FROZEN.zip,eb9c2dcd1e9cc1ac1ae85f1a4e759aae4aad57b10c9a0ce7a1320dfefd2245ad
2021-09-14,1,1,True,,567,v28_seed_202_FROZEN.zip,eb9c2dcd1e9cc1ac1ae85f1a4e759aae4aad57b10c9a0ce7a1320dfefd2245ad
2021-09-15,0,0,True,,568,v28_seed_202_FROZEN.zip,eb9c2dcd1e9cc1ac1ae85f1a4e759aae4aad57b10c9a0ce7a1320dfefd2245ad
2021-09-16,0,0,False,,568,v28_seed_202_FROZEN.zip,eb9c2dcd1e9cc1ac1ae85f1a4e759aae4aad57b10c9a0ce7a1320dfefd2245ad
2021-09-17,0,0,False,,568,v28_seed_202_FROZEN.zip,eb9c2dcd1e9cc1ac1ae85f1a4e759aae4aad57b10c9a0ce7a1320dfefd2245ad
2021-09-20,0,0,False,,568,v28_seed_202_FROZEN.zip,eb9c2dcd1e9cc1ac1ae85f1a4e759aae4aad57b10c9a0ce7a1320dfefd2245ad
2021-09-21,1,1,True,,569,v28_seed_202_FROZEN.zip,eb9c2dcd1e9cc1ac1ae85f1a4e759aae4aad57b10c9a0ce7a1320dfefd2245ad
2021-09-22,0,0,True,,570,v28_seed_202_FROZEN.zip,eb9c2dcd1e9cc1ac1ae85f1a4e759aae4aad57b10c9a0ce7a1320dfefd2245ad
2021-09-23,1,1,True,,571,v28_seed_202_FROZEN.zip,eb9c2dcd1e9cc1ac1ae85f1a4e759aae4aad57b10c9a0ce7a1320dfefd2245ad
2021-09-24,0,0,True,,572,v28_seed_202_FROZEN.zip,eb9c2dcd1e9cc1ac1ae85f1a4e759aae4aad57b10c9a0ce7a1320dfefd2245ad
2021-09-27,0,0,False,,572,v28_seed_202_FROZEN.zip,eb9c2dcd1e9cc1ac1ae85f1a4e759aae4aad57b10c9a0ce7a1320dfefd2245ad
2021-09-28,1,1,True,,573,v28_seed_202_FROZEN.zip,eb9c2dcd1e9cc1ac1ae85f1a4e759aae4aad57b10c9a0ce7a1320dfefd2245ad
2021-09-29,0,0,True,,574,v28_seed_202_FROZEN.zip,eb9c2dcd1e9cc1ac1ae85f1a4e759aae4aad57b10c9a0ce7a1320dfefd2245ad
2021-09-30,0,0,False,,574,v28_seed_202_FROZEN.zip,eb9c2dcd1e9cc1ac1ae85f1a4e759aae4aad57b10c9a0ce7a1320dfefd2245ad
2021-10-01,0,0,False,,574,v28_seed_202_FROZEN.zip,eb9c2dcd1e9cc1ac1ae85f1a4e759aae4aad57b10c9a0ce7a1320dfefd2245ad
2021-10-04,0,0,False,,574,v28_seed_202_FROZEN.zip,eb9c2dcd1e9cc1ac1ae85f1a4e759aae4aad57b10c9a0ce7a1320dfefd2245ad
2021-10-05,0,0,False,,574,v28_seed_202_FROZEN.zip,eb9c2dcd1e9cc1ac1ae85f1a4e759aae4aad57b10c9a0ce7a1320dfefd2245ad
2021-10-06,1,1,True,,575,v28_seed_202_FROZEN.zip,eb9c2dcd1e9cc1ac1ae85f1a4e759aae4aad57b10c9a0ce7a1320dfefd2245ad
2021-10-07,0,0,True,,576,v28_seed_202_FROZEN.zip,eb9c2dcd1e9cc1ac1ae85f1a4e759aae4aad57b10c9a0ce7a1320dfefd2245ad
2021-10-08,0,0,False,,576,v28_seed_202_FROZEN.zip,eb9c2dcd1e9cc1ac1ae85f1a4e759aae4aad57b10c9a0ce7a1320dfefd2245ad
2021-10-11,0,0,False,,576,v28_seed_202_FROZEN.zip,eb9c2dcd1e9cc1ac1ae85f1a4e759aae4aad57b10c9a0ce7a1320dfefd2245ad
2021-10-12,0,0,False,,576,v28_seed_202_FROZEN.zip,eb9c2dcd1e9cc1ac1ae85f1a4e759aae4aad57b10c9a0ce7a1320dfefd2245ad
2021-10-13,1,1,True,,577,v28_seed_202_FROZEN.zip,eb9c2dcd1e9cc1ac1ae85f1a4e759aae4aad57b10c9a0ce7a1320dfefd2245ad
2021-10-14,1,1,False,,577,v28_seed_202_FROZEN.zip,eb9c2dcd1e9cc1ac1ae85f1a4e759aae4aad57b10c9a0ce7a1320dfefd2245ad
2021-10-15,1,1,False,,577,v28_seed_202_FROZEN.zip,eb9c2dcd1e9cc1ac1ae85f1a4e759aae4aad57b10c9a0ce7a1320dfefd2245ad
2021-10-18,1,1,False,,577,v28_seed_202_FROZEN.zip,eb9c2dcd1e9cc1ac1ae85f1a4e759aae4aad57b10c9a0ce7a1320dfefd2245ad
2021-10-19,1,1,False,,577,v28_seed_202_FROZEN.zip,eb9c2dcd1e9cc1ac1ae85f1a4e759aae4aad57b10c9a0ce7a1320dfefd2245ad
2021-10-20,0,0,True,,578,v28_seed_202_FROZEN.zip,eb9c2dcd1e9cc1ac1ae85f1a4e759aae4aad57b10c9a0ce7a1320dfefd2245ad
2021-10-21,0,0,False,,578,v28_seed_202_FROZEN.zip,eb9c2dcd1e9cc1ac1ae85f1a4e759aae4aad57b10c9a0ce7a1320dfefd2245ad
2021-10-22,0,0,False,,578,v28_seed_202_FROZEN.zip,eb9c2dcd1e9cc1ac1ae85f1a4e759aae4aad57b10c9a0ce7a1320dfefd2245ad
2021-10-25,0,0,False,,578,v28_seed_202_FROZEN.zip,eb9c2dcd1e9cc1ac1ae85f1a4e759aae4aad57b10c9a0ce7a1320dfefd2245ad
2021-10-26,0,0,False,,578,v28_seed_202_FROZEN.zip,eb9c2dcd1e9cc1ac1ae85f1a4e759aae4aad57b10c9a0ce7a1320dfefd2245ad
2021-10-27,1,1,True,,579,v28_seed_202_FROZEN.zip,eb9c2dcd1e9cc1ac1ae85f1a4e759aae4aad57b10c9a0ce7a1320dfefd2245ad
2021-10-28,0,0,True,,580,v28_seed_202_FROZEN.zip,eb9c2dcd1e9cc1ac1ae85f1a4e759aae4aad57b10c9a0ce7a1320dfefd2245ad
2021-10-29,1,1,True,,581,v28_seed_202_FROZEN.zip,eb9c2dcd1e9cc1ac1ae85f1a4e759aae4aad57b10c9a0ce7a1320dfefd2245ad
2021-11-01,1,1,False,,581,v28_seed_202_FROZEN.zip,eb9c2dcd1e9cc1ac1ae85f1a4e759aae4aad57b10c9a0ce7a1320dfefd2245ad
2021-11-02,1,1,False,,581,v28_seed_202_FROZEN.zip,eb9c2dcd1e9cc1ac1ae85f1a4e759aae4aad57b10c9a0ce7a1320dfefd2245ad
2021-11-03,1,1,False,,581,v28_seed_202_FROZEN.zip,eb9c2dcd1e9cc1ac1ae85f1a4e759aae4aad57b10c9a0ce7a1320dfefd2245ad
2021-11-04,0,0,True,,582,v28_seed_202_FROZEN.zip,eb9c2dcd1e9cc1ac1ae85f1a4e759aae4aad57b10c9a0ce7a1320dfefd2245ad
2021-11-05,1,1,True,,583,v28_seed_202_FROZEN.zip,eb9c2dcd1e9cc1ac1ae85f1a4e759aae4aad57b10c9a0ce7a1320dfefd2245ad
2021-11-08,1,1,False,,583,v28_seed_202_FROZEN.zip,eb9c2dcd1e9cc1ac1ae85f1a4e759aae4aad57b10c9a0ce7a1320dfefd2245ad
2021-11-09,0,0,True,,584,v28_seed_202_FROZEN.zip,eb9c2dcd1e9cc1ac1ae85f1a4e759aae4aad57b10c9a0ce7a1320dfefd2245ad
2021-11-10,1,1,True,,585,v28_seed_202_FROZEN.zip,eb9c2dcd1e9cc1ac1ae85f1a4e759aae4aad57b10c9a0ce7a1320dfefd2245ad
2021-11-11,1,1,False,,585,v28_seed_202_FROZEN.zip,eb9c2dcd1e9cc1ac1ae85f1a4e759aae4aad57b10c9a0ce7a1320dfefd2245ad
2021-11-12,1,1,False,,585,v28_seed_202_FROZEN.zip,eb9c2dcd1e9cc1ac1ae85f1a4e759aae4aad57b10c9a0ce7a1320dfefd2245ad
2021-11-15,1,1,False,,585,v28_seed_202_FROZEN.zip,eb9c2dcd1e9cc1ac1ae85f1a4e759aae4aad57b10c9a0ce7a1320dfefd2245ad
2021-11-16,1,1,False,,585,v28_seed_202_FROZEN.zip,eb9c2dcd1e9cc1ac1ae85f1a4e759aae4aad57b10c9a0ce7a1320dfefd2245ad
2021-11-17,1,1,False,,585,v28_seed_202_FROZEN.zip,eb9c2dcd1e9cc1ac1ae85f1a4e759aae4aad57b10c9a0ce7a1320dfefd2245ad
2021-11-18,1,1,False,,585,v28_seed_202_FROZEN.zip,eb9c2dcd1e9cc1ac1ae85f1a4e759aae4aad57b10c9a0ce7a1320dfefd2245ad
2021-11-19,1,1,False,,585,v28_seed_202_FROZEN.zip,eb9c2dcd1e9cc1ac1ae85f1a4e759aae4aad57b10c9a0ce7a1320dfefd2245ad
2021-11-22,1,1,False,,585,v28_seed_202_FROZEN.zip,eb9c2dcd1e9cc1ac1ae85f1a4e759aae4aad57b10c9a0ce7a1320dfefd2245ad
2021-11-23,1,1,False,,585,v28_seed_202_FROZEN.zip,eb9c2dcd1e9cc1ac1ae85f1a4e759aae4aad57b10c9a0ce7a1320dfefd2245ad
2021-11-24,0,0,True,,586,v28_seed_202_FROZEN.zip,eb9c2dcd1e9cc1ac1ae85f1a4e759aae4aad57b10c9a0ce7a1320dfefd2245ad
2021-11-26,1,1,True,,587,v28_seed_202_FROZEN.zip,eb9c2dcd1e9cc1ac1ae85f1a4e759aae4aad57b10c9a0ce7a1320dfefd2245ad
2021-11-29,0,0,True,,588,v28_seed_202_FROZEN.zip,eb9c2dcd1e9cc1ac1ae85f1a4e759aae4aad57b10c9a0ce7a1320dfefd2245ad
2021-11-30,0,0,False,,588,v28_seed_202_FROZEN.zip,eb9c2dcd1e9cc1ac1ae85f1a4e759aae4aad57b10c9a0ce7a1320dfefd2245ad
2021-12-01,0,0,False,,588,v28_seed_202_FROZEN.zip,eb9c2dcd1e9cc1ac1ae85f1a4e759aae4aad57b10c9a0ce7a1320dfefd2245ad
2021-12-02,0,0,False,,588,v28_seed_202_FROZEN.zip,eb9c2dcd1e9cc1ac1ae85f1a4e759aae4aad57b10c9a0ce7a1320dfefd2245ad
2021-12-03,0,0,False,,588,v28_seed_202_FROZEN.zip,eb9c2dcd1e9cc1ac1ae85f1a4e759aae4aad57b10c9a0ce7a1320dfefd2245ad
2021-12-06,0,0,False,,588,v28_seed_202_FROZEN.zip,eb9c2dcd1e9cc1ac1ae85f1a4e759aae4aad57b10c9a0ce7a1320dfefd2245ad
2021-12-07,1,1,True,,589,v28_seed_202_FROZEN.zip,eb9c2dcd1e9cc1ac1ae85f1a4e759aae4aad57b10c9a0ce7a1320dfefd2245ad
2021-12-08,0,0,True,,590,v28_seed_202_FROZEN.zip,eb9c2dcd1e9cc1ac1ae85f1a4e759aae4aad57b10c9a0ce7a1320dfefd2245ad
2021-12-09,1,1,True,,591,v28_seed_202_FROZEN.zip,eb9c2dcd1e9cc1ac1ae85f1a4e759aae4aad57b10c9a0ce7a1320dfefd2245ad
2021-12-10,1,1,False,,591,v28_seed_202_FROZEN.zip,eb9c2dcd1e9cc1ac1ae85f1a4e759aae4aad57b10c9a0ce7a1320dfefd2245ad
2021-12-13,1,1,False,,591,v28_seed_202_FROZEN.zip,eb9c2dcd1e9cc1ac1ae85f1a4e759aae4aad57b10c9a0ce7a1320dfefd2245ad
2021-12-14,1,1,False,,591,v28_seed_202_FROZEN.zip,eb9c2dcd1e9cc1ac1ae85f1a4e759aae4aad57b10c9a0ce7a1320dfefd2245ad
2021-12-15,0,0,True,,592,v28_seed_202_FROZEN.zip,eb9c2dcd1e9cc1ac1ae85f1a4e759aae4aad57b10c9a0ce7a1320dfefd2245ad
2021-12-16,0,0,False,,592,v28_seed_202_FROZEN.zip,eb9c2dcd1e9cc1ac1ae85f1a4e759aae4aad57b10c9a0ce7a1320dfefd2245ad
2021-12-17,0,0,False,,592,v28_seed_202_FROZEN.zip,eb9c2dcd1e9cc1ac1ae85f1a4e759aae4aad57b10c9a0ce7a1320dfefd2245ad
2021-12-20,0,0,False,,592,v28_seed_202_FROZEN.zip,eb9c2dcd1e9cc1ac1ae85f1a4e759aae4aad57b10c9a0ce7a1320dfefd2245ad
2021-12-21,1,1,True,,593,v28_seed_202_FROZEN.zip,eb9c2dcd1e9cc1ac1ae85f1a4e759aae4aad57b10c9a0ce7a1320dfefd2245ad
2021-12-22,1,1,False,,593,v28_seed_202_FROZEN.zip,eb9c2dcd1e9cc1ac1ae85f1a4e759aae4aad57b10c9a0ce7a1320dfefd2245ad
2021-12-23,1,1,False,,593,v28_seed_202_FROZEN.zip,eb9c2dcd1e9cc1ac1ae85f1a4e759aae4aad57b10c9a0ce7a1320dfefd2245ad
2021-12-27,1,1,False,,593,v28_seed_202_FROZEN.zip,eb9c2dcd1e9cc1ac1ae85f1a4e759aae4aad57b10c9a0ce7a1320dfefd2245ad
2021-12-28,1,1,False,,593,v28_seed_202_FROZEN.zip,eb9c2dcd1e9cc1ac1ae85f1a4e759aae4aad57b10c9a0ce7a1320dfefd2245ad
2021-12-29,1,1,False,,593,v28_seed_202_FROZEN.zip,eb9c2dcd1e9cc1ac1ae85f1a4e759aae4aad57b10c9a0ce7a1320dfefd2245ad
2021-12-30,1,1,False,,593,v28_seed_202_FROZEN.zip,eb9c2dcd1e9cc1ac1ae85f1a4e759aae4aad57b10c9a0ce7a1320dfefd2245ad
2021-12-31,1,1,False,,593,v28_seed_202_FROZEN.zip,eb9c2dcd1e9cc1ac1ae85f1a4e759aae4aad57b10c9a0ce7a1320dfefd2245ad
2022-01-03,0,0,True,,594,v28_seed_202_FROZEN.zip,eb9c2dcd1e9cc1ac1ae85f1a4e759aae4aad57b10c9a0ce7a1320dfefd2245ad
2022-01-04,0,0,False,,594,v28_seed_202_FROZEN.zip,eb9c2dcd1e9cc1ac1ae85f1a4e759aae4aad57b10c9a0ce7a1320dfefd2245ad
2022-01-05,0,0,False,,594,v28_seed_202_FROZEN.zip,eb9c2dcd1e9cc1ac1ae85f1a4e759aae4aad57b10c9a0ce7a1320dfefd2245ad
2022-01-06,0,0,False,,594,v28_seed_202_FROZEN.zip,eb9c2dcd1e9cc1ac1ae85f1a4e759aae4aad57b10c9a0ce7a1320dfefd2245ad
2022-01-07,0,0,False,,594,v28_seed_202_FROZEN.zip,eb9c2dcd1e9cc1ac1ae85f1a4e759aae4aad57b10c9a0ce7a1320dfefd2245ad
2022-01-10,1,1,True,,595,v28_seed_202_FROZEN.zip,eb9c2dcd1e9cc1ac1ae85f1a4e759aae4aad57b10c9a0ce7a1320dfefd2245ad
2022-01-11,0,0,True,,596,v28_seed_202_FROZEN.zip,eb9c2dcd1e9cc1ac1ae85f1a4e759aae4aad57b10c9a0ce7a1320dfefd2245ad
2022-01-12,0,0,False,,596,v28_seed_202_FROZEN.zip,eb9c2dcd1e9cc1ac1ae85f1a4e759aae4aad57b10c9a0ce7a1320dfefd2245ad
2022-01-13,0,0,False,,596,v28_seed_202_FROZEN.zip,eb9c2dcd1e9cc1ac1ae85f1a4e759aae4aad57b10c9a0ce7a1320dfefd2245ad
2022-01-14,0,0,False,,596,v28_seed_202_FROZEN.zip,eb9c2dcd1e9cc1ac1ae85f1a4e759aae4aad57b10c9a0ce7a1320dfefd2245ad
2022-01-18,0,0,False,,596,v28_seed_202_FROZEN.zip,eb9c2dcd1e9cc1ac1ae85f1a4e759aae4aad57b10c9a0ce7a1320dfefd2245ad
2022-01-19,0,0,False,,596,v28_seed_202_FROZEN.zip,eb9c2dcd1e9cc1ac1ae85f1a4e759aae4aad57b10c9a0ce7a1320dfefd2245ad
2022-01-20,0,0,False,,596,v28_seed_202_FROZEN.zip,eb9c2dcd1e9cc1ac1ae85f1a4e759aae4aad57b10c9a0ce7a1320dfefd2245ad
2022-01-21,1,1,True,,597,v28_seed_202_FROZEN.zip,eb9c2dcd1e9cc1ac1ae85f1a4e759aae4aad57b10c9a0ce7a1320dfefd2245ad
2022-01-24,0,0,True,,598,v28_seed_202_FROZEN.zip,eb9c2dcd1e9cc1ac1ae85f1a4e759aae4aad57b10c9a0ce7a1320dfefd2245ad
2022-01-25,1,1,True,,599,v28_seed_202_FROZEN.zip,eb9c2dcd1e9cc1ac1ae85f1a4e759aae4aad57b10c9a0ce7a1320dfefd2245ad
2022-01-26,1,1,False,,599,v28_seed_202_FROZEN.zip,eb9c2dcd1e9cc1ac1ae85f1a4e759aae4aad57b10c9a0ce7a1320dfefd2245ad
2022-01-27,1,1,False,,599,v28_seed_202_FROZEN.zip,eb9c2dcd1e9cc1ac1ae85f1a4e759aae4aad57b10c9a0ce7a1320dfefd2245ad
2022-01-28,1,1,False,,599,v28_seed_202_FROZEN.zip,eb9c2dcd1e9cc1ac1ae85f1a4e759aae4aad57b10c9a0ce7a1320dfefd2245ad
2022-01-31,1,1,False,,599,v28_seed_202_FROZEN.zip,eb9c2dcd1e9cc1ac1ae85f1a4e759aae4aad57b10c9a0ce7a1320dfefd2245ad
2022-02-01,1,1,False,,599,v28_seed_202_FROZEN.zip,eb9c2dcd1e9cc1ac1ae85f1a4e759aae4aad57b10c9a0ce7a1320dfefd2245ad
2022-02-02,0,0,True,,600,v28_seed_202_FROZEN.zip,eb9c2dcd1e9cc1ac1ae85f1a4e759aae4aad57b10c9a0ce7a1320dfefd2245ad
2022-02-03,1,1,True,,601,v28_seed_202_FROZEN.zip,eb9c2dcd1e9cc1ac1ae85f1a4e759aae4aad57b10c9a0ce7a1320dfefd2245ad
2022-02-04,1,1,False,,601,v28_seed_202_FROZEN.zip,eb9c2dcd1e9cc1ac1ae85f1a4e759aae4aad57b10c9a0ce7a1320dfefd2245ad
2022-02-07,1,1,False,,601,v28_seed_202_FROZEN.zip,eb9c2dcd1e9cc1ac1ae85f1a4e759aae4aad57b10c9a0ce7a1320dfefd2245ad
2022-02-08,1,1,False,,601,v28_seed_202_FROZEN.zip,eb9c2dcd1e9cc1ac1ae85f1a4e759aae4aad57b10c9a0ce7a1320dfefd2245ad
2022-02-09,0,0,True,,602,v28_seed_202_FROZEN.zip,eb9c2dcd1e9cc1ac1ae85f1a4e759aae4aad57b10c9a0ce7a1320dfefd2245ad
2022-02-10,0,0,False,,602,v28_seed_202_FROZEN.zip,eb9c2dcd1e9cc1ac1ae85f1a4e759aae4aad57b10c9a0ce7a1320dfefd2245ad
2022-02-11,1,1,True,,603,v28_seed_202_FROZEN.zip,eb9c2dcd1e9cc1ac1ae85f1a4e759aae4aad57b10c9a0ce7a1320dfefd2245ad
2022-02-14,1,1,False,,603,v28_seed_202_FROZEN.zip,eb9c2dcd1e9cc1ac1ae85f1a4e759aae4aad57b10c9a0ce7a1320dfefd2245ad
2022-02-15,0,0,True,,604,v28_seed_202_FROZEN.zip,eb9c2dcd1e9cc1ac1ae85f1a4e759aae4aad57b10c9a0ce7a1320dfefd2245ad
2022-02-16,0,0,False,,604,v28_seed_202_FROZEN.zip,eb9c2dcd1e9cc1ac1ae85f1a4e759aae4aad57b10c9a0ce7a1320dfefd2245ad
2022-02-17,0,0,False,,604,v28_seed_202_FROZEN.zip,eb9c2dcd1e9cc1ac1ae85f1a4e759aae4aad57b10c9a0ce7a1320dfefd2245ad
2022-02-18,0,0,False,,604,v28_seed_202_FROZEN.zip,eb9c2dcd1e9cc1ac1ae85f1a4e759aae4aad57b10c9a0ce7a1320dfefd2245ad
2022-02-22,0,0,False,,604,v28_seed_202_FROZEN.zip,eb9c2dcd1e9cc1ac1ae85f1a4e759aae4aad57b10c9a0ce7a1320dfefd2245ad
2022-02-23,1,1,True,,605,v28_seed_202_FROZEN.zip,eb9c2dcd1e9cc1ac1ae85f1a4e759aae4aad57b10c9a0ce7a1320dfefd2245ad
2022-02-24,1,1,False,,605,v28_seed_202_FROZEN.zip,eb9c2dcd1e9cc1ac1ae85f1a4e759aae4aad57b10c9a0ce7a1320dfefd2245ad
2022-02-25,1,1,False,,605,v28_seed_202_FROZEN.zip,eb9c2dcd1e9cc1ac1ae85f1a4e759aae4aad57b10c9a0ce7a1320dfefd2245ad
2022-02-28,1,1,False,,605,v28_seed_202_FROZEN.zip,eb9c2dcd1e9cc1ac1ae85f1a4e759aae4aad57b10c9a0ce7a1320dfefd2245ad
2022-03-01,1,1,False,,605,v28_seed_202_FROZEN.zip,eb9c2dcd1e9cc1ac1ae85f1a4e759aae4aad57b10c9a0ce7a1320dfefd2245ad
2022-03-02,0,0,True,,606,v28_seed_202_FROZEN.zip,eb9c2dcd1e9cc1ac1ae85f1a4e759aae4aad57b10c9a0ce7a1320dfefd2245ad
2022-03-03,1,1,True,,607,v28_seed_202_FROZEN.zip,eb9c2dcd1e9cc1ac1ae85f1a4e759aae4aad57b10c9a0ce7a1320dfefd2245ad
2022-03-04,1,1,False,,607,v28_seed_202_FROZEN.zip,eb9c2dcd1e9cc1ac1ae85f1a4e759aae4aad57b10c9a0ce7a1320dfefd2245ad
2022-03-07,0,0,True,,608,v28_seed_202_FROZEN.zip,eb9c2dcd1e9cc1ac1ae85f1a4e759aae4aad57b10c9a0ce7a1320dfefd2245ad
2022-03-08,1,1,True,,609,v28_seed_202_FROZEN.zip,eb9c2dcd1e9cc1ac1ae85f1a4e759aae4aad57b10c9a0ce7a1320dfefd2245ad
2022-03-09,0,0,True,,610,v28_seed_202_FROZEN.zip,eb9c2dcd1e9cc1ac1ae85f1a4e759aae4aad57b10c9a0ce7a1320dfefd2245ad
2022-03-10,1,1,True,,611,v28_seed_202_FROZEN.zip,eb9c2dcd1e9cc1ac1ae85f1a4e759aae4aad57b10c9a0ce7a1320dfefd2245ad
2022-03-11,0,0,True,,612,v28_seed_202_FROZEN.zip,eb9c2dcd1e9cc1ac1ae85f1a4e759aae4aad57b10c9a0ce7a1320dfefd2245ad
2022-03-14,1,1,True,,613,v28_seed_202_FROZEN.zip,eb9c2dcd1e9cc1ac1ae85f1a4e759aae4aad57b10c9a0ce7a1320dfefd2245ad
2022-03-15,1,1,False,,613,v28_seed_202_FROZEN.zip,eb9c2dcd1e9cc1ac1ae85f1a4e759aae4aad57b10c9a0ce7a1320dfefd2245ad
2022-03-16,1,1,False,,613,v28_seed_202_FROZEN.zip,eb9c2dcd1e9cc1ac1ae85f1a4e759aae4aad57b10c9a0ce7a1320dfefd2245ad
2022-03-17,1,1,False,,613,v28_seed_202_FROZEN.zip,eb9c2dcd1e9cc1ac1ae85f1a4e759aae4aad57b10c9a0ce7a1320dfefd2245ad
2022-03-18,0,0,True,,614,v28_seed_202_FROZEN.zip,eb9c2dcd1e9cc1ac1ae85f1a4e759aae4aad57b10c9a0ce7a1320dfefd2245ad
2022-03-21,1,1,True,,615,v28_seed_202_FROZEN.zip,eb9c2dcd1e9cc1ac1ae85f1a4e759aae4aad57b10c9a0ce7a1320dfefd2245ad
2022-03-22,0,0,True,,616,v28_seed_202_FROZEN.zip,eb9c2dcd1e9cc1ac1ae85f1a4e759aae4aad57b10c9a0ce7a1320dfefd2245ad
2022-03-23,1,1,True,,617,v28_seed_202_FROZEN.zip,eb9c2dcd1e9cc1ac1ae85f1a4e759aae4aad57b10c9a0ce7a1320dfefd2245ad
2022-03-24,1,1,False,,617,v28_seed_202_FROZEN.zip,eb9c2dcd1e9cc1ac1ae85f1a4e759aae4aad57b10c9a0ce7a1320dfefd2245ad
2022-03-25,1,1,False,,617,v28_seed_202_FROZEN.zip,eb9c2dcd1e9cc1ac1ae85f1a4e759aae4aad57b10c9a0ce7a1320dfefd2245ad
2022-03-28,1,1,False,,617,v28_seed_202_FROZEN.zip,eb9c2dcd1e9cc1ac1ae85f1a4e759aae4aad57b10c9a0ce7a1320dfefd2245ad
2022-03-29,1,1,False,,617,v28_seed_202_FROZEN.zip,eb9c2dcd1e9cc1ac1ae85f1a4e759aae4aad57b10c9a0ce7a1320dfefd2245ad
2022-03-30,0,0,True,,618,v28_seed_202_FROZEN.zip,eb9c2dcd1e9cc1ac1ae85f1a4e759aae4aad57b10c9a0ce7a1320dfefd2245ad
2022-03-31,1,1,True,,619,v28_seed_202_FROZEN.zip,eb9c2dcd1e9cc1ac1ae85f1a4e759aae4aad57b10c9a0ce7a1320dfefd2245ad
2022-04-01,1,1,False,,619,v28_seed_202_FROZEN.zip,eb9c2dcd1e9cc1ac1ae85f1a4e759aae4aad57b10c9a0ce7a1320dfefd2245ad
2022-04-04,0,0,True,,620,v28_seed_202_FROZEN.zip,eb9c2dcd1e9cc1ac1ae85f1a4e759aae4aad57b10c9a0ce7a1320dfefd2245ad
2022-04-05,0,0,False,,620,v28_seed_202_FROZEN.zip,eb9c2dcd1e9cc1ac1ae85f1a4e759aae4aad57b10c9a0ce7a1320dfefd2245ad
2022-04-06,1,1,True,,621,v28_seed_202_FROZEN.zip,eb9c2dcd1e9cc1ac1ae85f1a4e759aae4aad57b10c9a0ce7a1320dfefd2245ad
2022-04-07,0,0,True,,622,v28_seed_202_FROZEN.zip,eb9c2dcd1e9cc1ac1ae85f1a4e759aae4aad57b10c9a0ce7a1320dfefd2245ad
2022-04-08,0,0,False,,622,v28_seed_202_FROZEN.zip,eb9c2dcd1e9cc1ac1ae85f1a4e759aae4aad57b10c9a0ce7a1320dfefd2245ad
2022-04-11,0,0,False,,622,v28_seed_202_FROZEN.zip,eb9c2dcd1e9cc1ac1ae85f1a4e759aae4aad57b10c9a0ce7a1320dfefd2245ad
2022-04-12,1,1,True,,623,v28_seed_202_FROZEN.zip,eb9c2dcd1e9cc1ac1ae85f1a4e759aae4aad57b10c9a0ce7a1320dfefd2245ad
2022-04-13,0,0,True,,624,v28_seed_202_FROZEN.zip,eb9c2dcd1e9cc1ac1ae85f1a4e759aae4aad57b10c9a0ce7a1320dfefd2245ad
2022-04-14,1,1,True,,625,v28_seed_202_FROZEN.zip,eb9c2dcd1e9cc1ac1ae85f1a4e759aae4aad57b10c9a0ce7a1320dfefd2245ad
2022-04-18,1,1,False,,625,v28_seed_202_FROZEN.zip,eb9c2dcd1e9cc1ac1ae85f1a4e759aae4aad57b10c9a0ce7a1320dfefd2245ad
2022-04-19,1,1,False,,625,v28_seed_202_FROZEN.zip,eb9c2dcd1e9cc1ac1ae85f1a4e759aae4aad57b10c9a0ce7a1320dfefd2245ad
2022-04-20,0,0,True,,626,v28_seed_202_FROZEN.zip,eb9c2dcd1e9cc1ac1ae85f1a4e759aae4aad57b10c9a0ce7a1320dfefd2245ad
2022-04-21,0,0,False,,626,v28_seed_202_FROZEN.zip,eb9c2dcd1e9cc1ac1ae85f1a4e759aae4aad57b10c9a0ce7a1320dfefd2245ad
2022-04-22,0,0,False,,626,v28_seed_202_FROZEN.zip,eb9c2dcd1e9cc1ac1ae85f1a4e759aae4aad57b10c9a0ce7a1320dfefd2245ad
2022-04-25,0,0,False,,626,v28_seed_202_FROZEN.zip,eb9c2dcd1e9cc1ac1ae85f1a4e759aae4aad57b10c9a0ce7a1320dfefd2245ad
2022-04-26,0,0,False,,626,v28_seed_202_FROZEN.zip,eb9c2dcd1e9cc1ac1ae85f1a4e759aae4aad57b10c9a0ce7a1320dfefd2245ad
2022-04-27,1,1,True,,627,v28_seed_202_FROZEN.zip,eb9c2dcd1e9cc1ac1ae85f1a4e759aae4aad57b10c9a0ce7a1320dfefd2245ad
2022-04-28,0,0,True,,628,v28_seed_202_FROZEN.zip,eb9c2dcd1e9cc1ac1ae85f1a4e759aae4aad57b10c9a0ce7a1320dfefd2245ad
2022-04-29,0,0,False,,628,v28_seed_202_FROZEN.zip,eb9c2dcd1e9cc1ac1ae85f1a4e759aae4aad57b10c9a0ce7a1320dfefd2245ad
2022-05-02,0,0,False,,628,v28_seed_202_FROZEN.zip,eb9c2dcd1e9cc1ac1ae85f1a4e759aae4aad57b10c9a0ce7a1320dfefd2245ad
2022-05-03,1,1,True,,629,v28_seed_202_FROZEN.zip,eb9c2dcd1e9cc1ac1ae85f1a4e759aae4aad57b10c9a0ce7a1320dfefd2245ad
2022-05-04,0,0,True,,630,v28_seed_202_FROZEN.zip,eb9c2dcd1e9cc1ac1ae85f1a4e759aae4aad57b10c9a0ce7a1320dfefd2245ad
2022-05-05,0,0,False,,630,v28_seed_202_FROZEN.zip,eb9c2dcd1e9cc1ac1ae85f1a4e759aae4aad57b10c9a0ce7a1320dfefd2245ad
2022-05-06,0,0,False,,630,v28_seed_202_FROZEN.zip,eb9c2dcd1e9cc1ac1ae85f1a4e759aae4aad57b10c9a0ce7a1320dfefd2245ad
2022-05-09,0,0,False,,630,v28_seed_202_FROZEN.zip,eb9c2dcd1e9cc1ac1ae85f1a4e759aae4aad57b10c9a0ce7a1320dfefd2245ad
2022-05-10,0,0,False,,630,v28_seed_202_FROZEN.zip,eb9c2dcd1e9cc1ac1ae85f1a4e759aae4aad57b10c9a0ce7a1320dfefd2245ad
2022-05-11,1,1,True,,631,v28_seed_202_FROZEN.zip,eb9c2dcd1e9cc1ac1ae85f1a4e759aae4aad57b10c9a0ce7a1320dfefd2245ad
2022-05-12,1,1,False,,631,v28_seed_202_FROZEN.zip,eb9c2dcd1e9cc1ac1ae85f1a4e759aae4aad57b10c9a0ce7a1320dfefd2245ad
2022-05-13,0,0,True,,632,v28_seed_202_FROZEN.zip,eb9c2dcd1e9cc1ac1ae85f1a4e759aae4aad57b10c9a0ce7a1320dfefd2245ad
2022-05-16,1,1,True,,633,v28_seed_202_FROZEN.zip,eb9c2dcd1e9cc1ac1ae85f1a4e759aae4aad57b10c9a0ce7a1320dfefd2245ad
2022-05-17,0,0,True,,634,v28_seed_202_FROZEN.zip,eb9c2dcd1e9cc1ac1ae85f1a4e759aae4aad57b10c9a0ce7a1320dfefd2245ad
2022-05-18,1,1,True,,635,v28_seed_202_FROZEN.zip,eb9c2dcd1e9cc1ac1ae85f1a4e759aae4aad57b10c9a0ce7a1320dfefd2245ad
2022-05-19,1,1,False,,635,v28_seed_202_FROZEN.zip,eb9c2dcd1e9cc1ac1ae85f1a4e759aae4aad57b10c9a0ce7a1320dfefd2245ad
2022-05-20,1,1,False,,635,v28_seed_202_FROZEN.zip,eb9c2dcd1e9cc1ac1ae85f1a4e759aae4aad57b10c9a0ce7a1320dfefd2245ad
2022-05-23,0,0,True,,636,v28_seed_202_FROZEN.zip,eb9c2dcd1e9cc1ac1ae85f1a4e759aae4aad57b10c9a0ce7a1320dfefd2245ad
2022-05-24,1,1,True,,637,v28_seed_202_FROZEN.zip,eb9c2dcd1e9cc1ac1ae85f1a4e759aae4aad57b10c9a0ce7a1320dfefd2245ad
2022-05-25,0,0,True,,638,v28_seed_202_FROZEN.zip,eb9c2dcd1e9cc1ac1ae85f1a4e759aae4aad57b10c9a0ce7a1320dfefd2245ad
2022-05-26,1,1,True,,639,v28_seed_202_FROZEN.zip,eb9c2dcd1e9cc1ac1ae85f1a4e759aae4aad57b10c9a0ce7a1320dfefd2245ad
2022-05-27,0,0,True,,640,v28_seed_202_FROZEN.zip,eb9c2dcd1e9cc1ac1ae85f1a4e759aae4aad57b10c9a0ce7a1320dfefd2245ad
2022-05-31,0,0,False,,640,v28_seed_202_FROZEN.zip,eb9c2dcd1e9cc1ac1ae85f1a4e759aae4aad57b10c9a0ce7a1320dfefd2245ad
2022-06-01,0,0,False,,640,v28_seed_202_FROZEN.zip,eb9c2dcd1e9cc1ac1ae85f1a4e759aae4aad57b10c9a0ce7a1320dfefd2245ad
2022-06-02,0,0,False,,640,v28_seed_202_FROZEN.zip,eb9c2dcd1e9cc1ac1ae85f1a4e759aae4aad57b10c9a0ce7a1320dfefd2245ad
2022-06-03,0,0,False,,640,v28_seed_202_FROZEN.zip,eb9c2dcd1e9cc1ac1ae85f1a4e759aae4aad57b10c9a0ce7a1320dfefd2245ad
2022-06-06,0,0,False,,640,v28_seed_202_FROZEN.zip,eb9c2dcd1e9cc1ac1ae85f1a4e759aae4aad57b10c9a0ce7a1320dfefd2245ad
2022-06-07,1,1,True,,641,v28_seed_202_FROZEN.zip,eb9c2dcd1e9cc1ac1ae85f1a4e759aae4aad57b10c9a0ce7a1320dfefd2245ad
2022-06-08,0,0,True,,642,v28_seed_202_FROZEN.zip,eb9c2dcd1e9cc1ac1ae85f1a4e759aae4aad57b10c9a0ce7a1320dfefd2245ad
2022-06-09,0,0,False,,642,v28_seed_202_FROZEN.zip,eb9c2dcd1e9cc1ac1ae85f1a4e759aae4aad57b10c9a0ce7a1320dfefd2245ad
2022-06-10,0,0,False,,642,v28_seed_202_FROZEN.zip,eb9c2dcd1e9cc1ac1ae85f1a4e759aae4aad57b10c9a0ce7a1320dfefd2245ad
2022-06-13,0,0,False,,642,v28_seed_202_FROZEN.zip,eb9c2dcd1e9cc1ac1ae85f1a4e759aae4aad57b10c9a0ce7a1320dfefd2245ad
2022-06-14,1,1,True,,643,v28_seed_202_FROZEN.zip,eb9c2dcd1e9cc1ac1ae85f1a4e759aae4aad57b10c9a0ce7a1320dfefd2245ad
2022-06-15,0,0,True,,644,v28_seed_202_FROZEN.zip,eb9c2dcd1e9cc1ac1ae85f1a4e759aae4aad57b10c9a0ce7a1320dfefd2245ad
2022-06-16,0,0,False,,644,v28_seed_202_FROZEN.zip,eb9c2dcd1e9cc1ac1ae85f1a4e759aae4aad57b10c9a0ce7a1320dfefd2245ad
2022-06-17,1,1,True,,645,v28_seed_202_FROZEN.zip,eb9c2dcd1e9cc1ac1ae85f1a4e759aae4aad57b10c9a0ce7a1320dfefd2245ad
2022-06-21,0,0,True,,646,v28_seed_202_FROZEN.zip,eb9c2dcd1e9cc1ac1ae85f1a4e759aae4aad57b10c9a0ce7a1320dfefd2245ad
2022-06-22,1,1,True,,647,v28_seed_202_FROZEN.zip,eb9c2dcd1e9cc1ac1ae85f1a4e759aae4aad57b10c9a0ce7a1320dfefd2245ad
2022-06-23,0,0,True,,648,v28_seed_202_FROZEN.zip,eb9c2dcd1e9cc1ac1ae85f1a4e759aae4aad57b10c9a0ce7a1320dfefd2245ad
2022-06-24,0,0,False,,648,v28_seed_202_FROZEN.zip,eb9c2dcd1e9cc1ac1ae85f1a4e759aae4aad57b10c9a0ce7a1320dfefd2245ad
2022-06-27,0,0,False,,648,v28_seed_202_FROZEN.zip,eb9c2dcd1e9cc1ac1ae85f1a4e759aae4aad57b10c9a0ce7a1320dfefd2245ad
2022-06-28,1,1,True,,649,v28_seed_202_FROZEN.zip,eb9c2dcd1e9cc1ac1ae85f1a4e759aae4aad57b10c9a0ce7a1320dfefd2245ad
2022-06-29,0,0,True,,650,v28_seed_202_FROZEN.zip,eb9c2dcd1e9cc1ac1ae85f1a4e759aae4aad57b10c9a0ce7a1320dfefd2245ad
2022-06-30,1,1,True,,651,v28_seed_202_FROZEN.zip,eb9c2dcd1e9cc1ac1ae85f1a4e759aae4aad57b10c9a0ce7a1320dfefd2245ad
2022-07-01,0,0,True,,652,v28_seed_202_FROZEN.zip,eb9c2dcd1e9cc1ac1ae85f1a4e759aae4aad57b10c9a0ce7a1320dfefd2245ad
2022-07-05,1,1,True,,653,v28_seed_202_FROZEN.zip,eb9c2dcd1e9cc1ac1ae85f1a4e759aae4aad57b10c9a0ce7a1320dfefd2245ad
2022-07-06,1,1,False,,653,v28_seed_202_FROZEN.zip,eb9c2dcd1e9cc1ac1ae85f1a4e759aae4aad57b10c9a0ce7a1320dfefd2245ad
2022-07-07,1,1,False,,653,v28_seed_202_FROZEN.zip,eb9c2dcd1e9cc1ac1ae85f1a4e759aae4aad57b10c9a0ce7a1320dfefd2245ad
2022-07-08,1,1,False,,653,v28_seed_202_FROZEN.zip,eb9c2dcd1e9cc1ac1ae85f1a4e759aae4aad57b10c9a0ce7a1320dfefd2245ad
2022-07-11,0,0,True,,654,v28_seed_202_FROZEN.zip,eb9c2dcd1e9cc1ac1ae85f1a4e759aae4aad57b10c9a0ce7a1320dfefd2245ad
2022-07-12,0,0,False,,654,v28_seed_202_FROZEN.zip,eb9c2dcd1e9cc1ac1ae85f1a4e759aae4aad57b10c9a0ce7a1320dfefd2245ad
2022-07-13,1,1,True,,655,v28_seed_202_FROZEN.zip,eb9c2dcd1e9cc1ac1ae85f1a4e759aae4aad57b10c9a0ce7a1320dfefd2245ad
2022-07-14,1,1,False,,655,v28_seed_202_FROZEN.zip,eb9c2dcd1e9cc1ac1ae85f1a4e759aae4aad57b10c9a0ce7a1320dfefd2245ad
2022-07-15,0,0,True,,656,v28_seed_202_FROZEN.zip,eb9c2dcd1e9cc1ac1ae85f1a4e759aae4aad57b10c9a0ce7a1320dfefd2245ad
2022-07-18,1,1,True,,657,v28_seed_202_FROZEN.zip,eb9c2dcd1e9cc1ac1ae85f1a4e759aae4aad57b10c9a0ce7a1320dfefd2245ad
2022-07-19,1,1,False,,657,v28_seed_202_FROZEN.zip,eb9c2dcd1e9cc1ac1ae85f1a4e759aae4aad57b10c9a0ce7a1320dfefd2245ad
2022-07-20,0,0,True,,658,v28_seed_202_FROZEN.zip,eb9c2dcd1e9cc1ac1ae85f1a4e759aae4aad57b10c9a0ce7a1320dfefd2245ad
2022-07-21,0,0,False,,658,v28_seed_202_FROZEN.zip,eb9c2dcd1e9cc1ac1ae85f1a4e759aae4aad57b10c9a0ce7a1320dfefd2245ad
2022-07-22,0,0,False,,658,v28_seed_202_FROZEN.zip,eb9c2dcd1e9cc1ac1ae85f1a4e759aae4aad57b10c9a0ce7a1320dfefd2245ad
2022-07-25,0,0,False,,658,v28_seed_202_FROZEN.zip,eb9c2dcd1e9cc1ac1ae85f1a4e759aae4aad57b10c9a0ce7a1320dfefd2245ad
2022-07-26,1,1,True,,659,v28_seed_202_FROZEN.zip,eb9c2dcd1e9cc1ac1ae85f1a4e759aae4aad57b10c9a0ce7a1320dfefd2245ad
2022-07-27,1,1,False,,659,v28_seed_202_FROZEN.zip,eb9c2dcd1e9cc1ac1ae85f1a4e759aae4aad57b10c9a0ce7a1320dfefd2245ad
2022-07-28,1,1,False,,659,v28_seed_202_FROZEN.zip,eb9c2dcd1e9cc1ac1ae85f1a4e759aae4aad57b10c9a0ce7a1320dfefd2245ad
2022-07-29,0,0,True,,660,v28_seed_202_FROZEN.zip,eb9c2dcd1e9cc1ac1ae85f1a4e759aae4aad57b10c9a0ce7a1320dfefd2245ad
2022-08-01,0,0,False,,660,v28_seed_202_FROZEN.zip,eb9c2dcd1e9cc1ac1ae85f1a4e759aae4aad57b10c9a0ce7a1320dfefd2245ad
2022-08-02,0,0,False,,660,v28_seed_202_FROZEN.zip,eb9c2dcd1e9cc1ac1ae85f1a4e759aae4aad57b10c9a0ce7a1320dfefd2245ad
2022-08-03,0,0,False,,660,v28_seed_202_FROZEN.zip,eb9c2dcd1e9cc1ac1ae85f1a4e759aae4aad57b10c9a0ce7a1320dfefd2245ad
2022-08-04,0,0,False,,660,v28_seed_202_FROZEN.zip,eb9c2dcd1e9cc1ac1ae85f1a4e759aae4aad57b10c9a0ce7a1320dfefd2245ad
2022-08-05,0,0,False,,660,v28_seed_202_FROZEN.zip,eb9c2dcd1e9cc1ac1ae85f1a4e759aae4aad57b10c9a0ce7a1320dfefd2245ad
2022-08-08,1,1,True,,661,v28_seed_202_FROZEN.zip,eb9c2dcd1e9cc1ac1ae85f1a4e759aae4aad57b10c9a0ce7a1320dfefd2245ad
2022-08-09,1,1,False,,661,v28_seed_202_FROZEN.zip,eb9c2dcd1e9cc1ac1ae85f1a4e759aae4aad57b10c9a0ce7a1320dfefd2245ad
2022-08-10,1,1,False,,661,v28_seed_202_FROZEN.zip,eb9c2dcd1e9cc1ac1ae85f1a4e759aae4aad57b10c9a0ce7a1320dfefd2245ad
2022-08-11,1,1,False,,661,v28_seed_202_FROZEN.zip,eb9c2dcd1e9cc1ac1ae85f1a4e759aae4aad57b10c9a0ce7a1320dfefd2245ad
2022-08-12,1,1,False,,661,v28_seed_202_FROZEN.zip,eb9c2dcd1e9cc1ac1ae85f1a4e759aae4aad57b10c9a0ce7a1320dfefd2245ad
2022-08-15,1,1,False,,661,v28_seed_202_FROZEN.zip,eb9c2dcd1e9cc1ac1ae85f1a4e759aae4aad57b10c9a0ce7a1320dfefd2245ad
2022-08-16,1,1,False,,661,v28_seed_202_FROZEN.zip,eb9c2dcd1e9cc1ac1ae85f1a4e759aae4aad57b10c9a0ce7a1320dfefd2245ad
2022-08-17,1,1,False,,661,v28_seed_202_FROZEN.zip,eb9c2dcd1e9cc1ac1ae85f1a4e759aae4aad57b10c9a0ce7a1320dfefd2245ad
2022-08-18,1,1,False,,661,v28_seed_202_FROZEN.zip,eb9c2dcd1e9cc1ac1ae85f1a4e759aae4aad57b10c9a0ce7a1320dfefd2245ad
2022-08-19,1,1,False,,661,v28_seed_202_FROZEN.zip,eb9c2dcd1e9cc1ac1ae85f1a4e759aae4aad57b10c9a0ce7a1320dfefd2245ad
2022-08-22,0,0,True,,662,v28_seed_202_FROZEN.zip,eb9c2dcd1e9cc1ac1ae85f1a4e759aae4aad57b10c9a0ce7a1320dfefd2245ad
2022-08-23,1,1,True,,663,v28_seed_202_FROZEN.zip,eb9c2dcd1e9cc1ac1ae85f1a4e759aae4aad57b10c9a0ce7a1320dfefd2245ad
2022-08-24,1,1,False,,663,v28_seed_202_FROZEN.zip,eb9c2dcd1e9cc1ac1ae85f1a4e759aae4aad57b10c9a0ce7a1320dfefd2245ad
2022-08-25,0,0,True,,664,v28_seed_202_FROZEN.zip,eb9c2dcd1e9cc1ac1ae85f1a4e759aae4aad57b10c9a0ce7a1320dfefd2245ad
2022-08-26,0,0,False,,664,v28_seed_202_FROZEN.zip,eb9c2dcd1e9cc1ac1ae85f1a4e759aae4aad57b10c9a0ce7a1320dfefd2245ad
2022-08-29,0,0,False,,664,v28_seed_202_FROZEN.zip,eb9c2dcd1e9cc1ac1ae85f1a4e759aae4aad57b10c9a0ce7a1320dfefd2245ad
2022-08-30,0,0,False,,664,v28_seed_202_FROZEN.zip,eb9c2dcd1e9cc1ac1ae85f1a4e759aae4aad57b10c9a0ce7a1320dfefd2245ad
2022-08-31,1,1,True,,665,v28_seed_202_FROZEN.zip,eb9c2dcd1e9cc1ac1ae85f1a4e759aae4aad57b10c9a0ce7a1320dfefd2245ad
2022-09-01,1,1,False,,665,v28_seed_202_FROZEN.zip,eb9c2dcd1e9cc1ac1ae85f1a4e759aae4aad57b10c9a0ce7a1320dfefd2245ad
2022-09-02,1,1,False,,665,v28_seed_202_FROZEN.zip,eb9c2dcd1e9cc1ac1ae85f1a4e759aae4aad57b10c9a0ce7a1320dfefd2245ad
2022-09-06,1,1,False,,665,v28_seed_202_FROZEN.zip,eb9c2dcd1e9cc1ac1ae85f1a4e759aae4aad57b10c9a0ce7a1320dfefd2245ad
2022-09-07,1,1,False,,665,v28_seed_202_FROZEN.zip,eb9c2dcd1e9cc1ac1ae85f1a4e759aae4aad57b10c9a0ce7a1320dfefd2245ad
2022-09-08,1,1,False,,665,v28_seed_202_FROZEN.zip,eb9c2dcd1e9cc1ac1ae85f1a4e759aae4aad57b10c9a0ce7a1320dfefd2245ad
2022-09-09,1,1,False,,665,v28_seed_202_FROZEN.zip,eb9c2dcd1e9cc1ac1ae85f1a4e759aae4aad57b10c9a0ce7a1320dfefd2245ad
2022-09-12,0,0,True,,666,v28_seed_202_FROZEN.zip,eb9c2dcd1e9cc1ac1ae85f1a4e759aae4aad57b10c9a0ce7a1320dfefd2245ad
2022-09-13,0,0,False,,666,v28_seed_202_FROZEN.zip,eb9c2dcd1e9cc1ac1ae85f1a4e759aae4aad57b10c9a0ce7a1320dfefd2245ad
2022-09-14,0,0,False,,666,v28_seed_202_FROZEN.zip,eb9c2dcd1e9cc1ac1ae85f1a4e759aae4aad57b10c9a0ce7a1320dfefd2245ad
2022-09-15,0,0,False,,666,v28_seed_202_FROZEN.zip,eb9c2dcd1e9cc1ac1ae85f1a4e759aae4aad57b10c9a0ce7a1320dfefd2245ad
2022-09-16,1,1,True,,667,v28_seed_202_FROZEN.zip,eb9c2dcd1e9cc1ac1ae85f1a4e759aae4aad57b10c9a0ce7a1320dfefd2245ad
2022-09-19,0,0,True,,668,v28_seed_202_FROZEN.zip,eb9c2dcd1e9cc1ac1ae85f1a4e759aae4aad57b10c9a0ce7a1320dfefd2245ad
2022-09-20,0,0,False,,668,v28_seed_202_FROZEN.zip,eb9c2dcd1e9cc1ac1ae85f1a4e759aae4aad57b10c9a0ce7a1320dfefd2245ad
2022-09-21,1,1,True,,669,v28_seed_202_FROZEN.zip,eb9c2dcd1e9cc1ac1ae85f1a4e759aae4aad57b10c9a0ce7a1320dfefd2245ad
2022-09-22,1,1,False,,669,v28_seed_202_FROZEN.zip,eb9c2dcd1e9cc1ac1ae85f1a4e759aae4aad57b10c9a0ce7a1320dfefd2245ad
2022-09-23,1,1,False,,669,v28_seed_202_FROZEN.zip,eb9c2dcd1e9cc1ac1ae85f1a4e759aae4aad57b10c9a0ce7a1320dfefd2245ad
2022-09-26,1,1,False,,669,v28_seed_202_FROZEN.zip,eb9c2dcd1e9cc1ac1ae85f1a4e759aae4aad57b10c9a0ce7a1320dfefd2245ad
2022-09-27,1,1,False,,669,v28_seed_202_FROZEN.zip,eb9c2dcd1e9cc1ac1ae85f1a4e759aae4aad57b10c9a0ce7a1320dfefd2245ad
2022-09-28,0,0,True,,670,v28_seed_202_FROZEN.zip,eb9c2dcd1e9cc1ac1ae85f1a4e759aae4aad57b10c9a0ce7a1320dfefd2245ad
2022-09-29,1,1,True,,671,v28_seed_202_FROZEN.zip,eb9c2dcd1e9cc1ac1ae85f1a4e759aae4aad57b10c9a0ce7a1320dfefd2245ad
2022-09-30,1,1,False,,671,v28_seed_202_FROZEN.zip,eb9c2dcd1e9cc1ac1ae85f1a4e759aae4aad57b10c9a0ce7a1320dfefd2245ad
2022-10-03,1,1,False,,671,v28_seed_202_FROZEN.zip,eb9c2dcd1e9cc1ac1ae85f1a4e759aae4aad57b10c9a0ce7a1320dfefd2245ad
2022-10-04,0,0,True,,672,v28_seed_202_FROZEN.zip,eb9c2dcd1e9cc1ac1ae85f1a4e759aae4aad57b10c9a0ce7a1320dfefd2245ad
2022-10-05,0,0,False,,672,v28_seed_202_FROZEN.zip,eb9c2dcd1e9cc1ac1ae85f1a4e759aae4aad57b10c9a0ce7a1320dfefd2245ad
2022-10-06,0,0,False,,672,v28_seed_202_FROZEN.zip,eb9c2dcd1e9cc1ac1ae85f1a4e759aae4aad57b10c9a0ce7a1320dfefd2245ad
2022-10-07,1,1,True,,673,v28_seed_202_FROZEN.zip,eb9c2dcd1e9cc1ac1ae85f1a4e759aae4aad57b10c9a0ce7a1320dfefd2245ad
2022-10-10,1,1,False,,673,v28_seed_202_FROZEN.zip,eb9c2dcd1e9cc1ac1ae85f1a4e759aae4aad57b10c9a0ce7a1320dfefd2245ad
2022-10-11,1,1,False,,673,v28_seed_202_FROZEN.zip,eb9c2dcd1e9cc1ac1ae85f1a4e759aae4aad57b10c9a0ce7a1320dfefd2245ad
2022-10-12,1,1,False,,673,v28_seed_202_FROZEN.zip,eb9c2dcd1e9cc1ac1ae85f1a4e759aae4aad57b10c9a0ce7a1320dfefd2245ad
2022-10-13,0,0,True,,674,v28_seed_202_FROZEN.zip,eb9c2dcd1e9cc1ac1ae85f1a4e759aae4aad57b10c9a0ce7a1320dfefd2245ad
2022-10-14,1,1,True,,675,v28_seed_202_FROZEN.zip,eb9c2dcd1e9cc1ac1ae85f1a4e759aae4aad57b10c9a0ce7a1320dfefd2245ad
2022-10-17,0,0,True,,676,v28_seed_202_FROZEN.zip,eb9c2dcd1e9cc1ac1ae85f1a4e759aae4aad57b10c9a0ce7a1320dfefd2245ad
2022-10-18,0,0,False,,676,v28_seed_202_FROZEN.zip,eb9c2dcd1e9cc1ac1ae85f1a4e759aae4aad57b10c9a0ce7a1320dfefd2245ad
2022-10-19,0,0,False,,676,v28_seed_202_FROZEN.zip,eb9c2dcd1e9cc1ac1ae85f1a4e759aae4aad57b10c9a0ce7a1320dfefd2245ad
2022-10-20,1,1,True,,677,v28_seed_202_FROZEN.zip,eb9c2dcd1e9cc1ac1ae85f1a4e759aae4aad57b10c9a0ce7a1320dfefd2245ad
2022-10-21,1,1,False,,677,v28_seed_202_FROZEN.zip,eb9c2dcd1e9cc1ac1ae85f1a4e759aae4aad57b10c9a0ce7a1320dfefd2245ad
2022-10-24,1,1,False,,677,v28_seed_202_FROZEN.zip,eb9c2dcd1e9cc1ac1ae85f1a4e759aae4aad57b10c9a0ce7a1320dfefd2245ad
2022-10-25,0,0,True,,678,v28_seed_202_FROZEN.zip,eb9c2dcd1e9cc1ac1ae85f1a4e759aae4aad57b10c9a0ce7a1320dfefd2245ad
2022-10-26,0,0,False,,678,v28_seed_202_FROZEN.zip,eb9c2dcd1e9cc1ac1ae85f1a4e759aae4aad57b10c9a0ce7a1320dfefd2245ad
2022-10-27,1,1,True,,679,v28_seed_202_FROZEN.zip,eb9c2dcd1e9cc1ac1ae85f1a4e759aae4aad57b10c9a0ce7a1320dfefd2245ad
2022-10-28,0,0,True,,680,v28_seed_202_FROZEN.zip,eb9c2dcd1e9cc1ac1ae85f1a4e759aae4aad57b10c9a0ce7a1320dfefd2245ad
2022-10-31,0,0,False,,680,v28_seed_202_FROZEN.zip,eb9c2dcd1e9cc1ac1ae85f1a4e759aae4aad57b10c9a0ce7a1320dfefd2245ad
2022-11-01,0,0,False,,680,v28_seed_202_FROZEN.zip,eb9c2dcd1e9cc1ac1ae85f1a4e759aae4aad57b10c9a0ce7a1320dfefd2245ad
2022-11-02,0,0,False,,680,v28_seed_202_FROZEN.zip,eb9c2dcd1e9cc1ac1ae85f1a4e759aae4aad57b10c9a0ce7a1320dfefd2245ad
2022-11-03,1,1,True,,681,v28_seed_202_FROZEN.zip,eb9c2dcd1e9cc1ac1ae85f1a4e759aae4aad57b10c9a0ce7a1320dfefd2245ad
2022-11-04,1,1,False,,681,v28_seed_202_FROZEN.zip,eb9c2dcd1e9cc1ac1ae85f1a4e759aae4aad57b10c9a0ce7a1320dfefd2245ad
2022-11-07,0,0,True,,682,v28_seed_202_FROZEN.zip,eb9c2dcd1e9cc1ac1ae85f1a4e759aae4aad57b10c9a0ce7a1320dfefd2245ad
2022-11-08,0,0,False,,682,v28_seed_202_FROZEN.zip,eb9c2dcd1e9cc1ac1ae85f1a4e759aae4aad57b10c9a0ce7a1320dfefd2245ad
2022-11-09,1,1,True,,683,v28_seed_202_FROZEN.zip,eb9c2dcd1e9cc1ac1ae85f1a4e759aae4aad57b10c9a0ce7a1320dfefd2245ad
2022-11-10,0,0,True,,684,v28_seed_202_FROZEN.zip,eb9c2dcd1e9cc1ac1ae85f1a4e759aae4aad57b10c9a0ce7a1320dfefd2245ad
2022-11-11,0,0,False,,684,v28_seed_202_FROZEN.zip,eb9c2dcd1e9cc1ac1ae85f1a4e759aae4aad57b10c9a0ce7a1320dfefd2245ad
2022-11-14,0,0,False,,684,v28_seed_202_FROZEN.zip,eb9c2dcd1e9cc1ac1ae85f1a4e759aae4aad57b10c9a0ce7a1320dfefd2245ad
2022-11-15,0,0,False,,684,v28_seed_202_FROZEN.zip,eb9c2dcd1e9cc1ac1ae85f1a4e759aae4aad57b10c9a0ce7a1320dfefd2245ad
2022-11-16,0,0,False,,684,v28_seed_202_FROZEN.zip,eb9c2dcd1e9cc1ac1ae85f1a4e759aae4aad57b10c9a0ce7a1320dfefd2245ad
2022-11-17,1,1,True,,685,v28_seed_202_FROZEN.zip,eb9c2dcd1e9cc1ac1ae85f1a4e759aae4aad57b10c9a0ce7a1320dfefd2245ad
2022-11-18,0,0,True,,686,v28_seed_202_FROZEN.zip,eb9c2dcd1e9cc1ac1ae85f1a4e759aae4aad57b10c9a0ce7a1320dfefd2245ad
2022-11-21,1,1,True,,687,v28_seed_202_FROZEN.zip,eb9c2dcd1e9cc1ac1ae85f1a4e759aae4aad57b10c9a0ce7a1320dfefd2245ad
2022-11-22,1,1,False,,687,v28_seed_202_FROZEN.zip,eb9c2dcd1e9cc1ac1ae85f1a4e759aae4aad57b10c9a0ce7a1320dfefd2245ad
2022-11-23,0,0,True,,688,v28_seed_202_FROZEN.zip,eb9c2dcd1e9cc1ac1ae85f1a4e759aae4aad57b10c9a0ce7a1320dfefd2245ad
2022-11-25,1,1,True,,689,v28_seed_202_FROZEN.zip,eb9c2dcd1e9cc1ac1ae85f1a4e759aae4aad57b10c9a0ce7a1320dfefd2245ad
2022-11-28,1,1,False,,689,v28_seed_202_FROZEN.zip,eb9c2dcd1e9cc1ac1ae85f1a4e759aae4aad57b10c9a0ce7a1320dfefd2245ad
2022-11-29,1,1,False,,689,v28_seed_202_FROZEN.zip,eb9c2dcd1e9cc1ac1ae85f1a4e759aae4aad57b10c9a0ce7a1320dfefd2245ad
2022-11-30,0,0,True,,690,v28_seed_202_FROZEN.zip,eb9c2dcd1e9cc1ac1ae85f1a4e759aae4aad57b10c9a0ce7a1320dfefd2245ad
2022-12-01,0,0,False,,690,v28_seed_202_FROZEN.zip,eb9c2dcd1e9cc1ac1ae85f1a4e759aae4aad57b10c9a0ce7a1320dfefd2245ad
2022-12-02,0,0,False,,690,v28_seed_202_FROZEN.zip,eb9c2dcd1e9cc1ac1ae85f1a4e759aae4aad57b10c9a0ce7a1320dfefd2245ad
2022-12-05,0,0,False,,690,v28_seed_202_FROZEN.zip,eb9c2dcd1e9cc1ac1ae85f1a4e759aae4aad57b10c9a0ce7a1320dfefd2245ad
2022-12-06,1,1,True,,691,v28_seed_202_FROZEN.zip,eb9c2dcd1e9cc1ac1ae85f1a4e759aae4aad57b10c9a0ce7a1320dfefd2245ad
2022-12-07,1,1,False,,691,v28_seed_202_FROZEN.zip,eb9c2dcd1e9cc1ac1ae85f1a4e759aae4aad57b10c9a0ce7a1320dfefd2245ad
2022-12-08,0,0,True,,692,v28_seed_202_FROZEN.zip,eb9c2dcd1e9cc1ac1ae85f1a4e759aae4aad57b10c9a0ce7a1320dfefd2245ad
2022-12-09,1,1,True,,693,v28_seed_202_FROZEN.zip,eb9c2dcd1e9cc1ac1ae85f1a4e759aae4aad57b10c9a0ce7a1320dfefd2245ad
2022-12-12,1,1,False,,693,v28_seed_202_FROZEN.zip,eb9c2dcd1e9cc1ac1ae85f1a4e759aae4aad57b10c9a0ce7a1320dfefd2245ad
2022-12-13,1,1,False,,693,v28_seed_202_FROZEN.zip,eb9c2dcd1e9cc1ac1ae85f1a4e759aae4aad57b10c9a0ce7a1320dfefd2245ad
2022-12-14,0,0,True,,694,v28_seed_202_FROZEN.zip,eb9c2dcd1e9cc1ac1ae85f1a4e759aae4aad57b10c9a0ce7a1320dfefd2245ad
2022-12-15,0,0,False,,694,v28_seed_202_FROZEN.zip,eb9c2dcd1e9cc1ac1ae85f1a4e759aae4aad57b10c9a0ce7a1320dfefd2245ad
2022-12-16,0,0,False,,694,v28_seed_202_FROZEN.zip,eb9c2dcd1e9cc1ac1ae85f1a4e759aae4aad57b10c9a0ce7a1320dfefd2245ad
2022-12-19,1,1,True,,695,v28_seed_202_FROZEN.zip,eb9c2dcd1e9cc1ac1ae85f1a4e759aae4aad57b10c9a0ce7a1320dfefd2245ad
2022-12-20,1,1,False,,695,v28_seed_202_FROZEN.zip,eb9c2dcd1e9cc1ac1ae85f1a4e759aae4aad57b10c9a0ce7a1320dfefd2245ad
2022-12-21,0,0,True,,696,v28_seed_202_FROZEN.zip,eb9c2dcd1e9cc1ac1ae85f1a4e759aae4aad57b10c9a0ce7a1320dfefd2245ad
2022-12-22,1,1,True,,697,v28_seed_202_FROZEN.zip,eb9c2dcd1e9cc1ac1ae85f1a4e759aae4aad57b10c9a0ce7a1320dfefd2245ad
2022-12-23,0,0,True,,698,v28_seed_202_FROZEN.zip,eb9c2dcd1e9cc1ac1ae85f1a4e759aae4aad57b10c9a0ce7a1320dfefd2245ad
2022-12-27,0,0,False,,698,v28_seed_202_FROZEN.zip,eb9c2dcd1e9cc1ac1ae85f1a4e759aae4aad57b10c9a0ce7a1320dfefd2245ad
2022-12-28,1,1,True,,699,v28_seed_202_FROZEN.zip,eb9c2dcd1e9cc1ac1ae85f1a4e759aae4aad57b10c9a0ce7a1320dfefd2245ad
2022-12-29,0,0,True,,700,v28_seed_202_FROZEN.zip,eb9c2dcd1e9cc1ac1ae85f1a4e759aae4aad57b10c9a0ce7a1320dfefd2245ad
2022-12-30,0,0,False,,700,v28_seed_202_FROZEN.zip,eb9c2dcd1e9cc1ac1ae85f1a4e759aae4aad57b10c9a0ce7a1320dfefd2245ad
2023-01-03,1,1,True,,701,v28_seed_202_FROZEN.zip,eb9c2dcd1e9cc1ac1ae85f1a4e759aae4aad57b10c9a0ce7a1320dfefd2245ad
2023-01-04,0,0,True,,702,v28_seed_202_FROZEN.zip,eb9c2dcd1e9cc1ac1ae85f1a4e759aae4aad57b10c9a0ce7a1320dfefd2245ad
2023-01-05,0,0,False,,702,v28_seed_202_FROZEN.zip,eb9c2dcd1e9cc1ac1ae85f1a4e759aae4aad57b10c9a0ce7a1320dfefd2245ad
2023-01-06,0,0,False,,702,v28_seed_202_FROZEN.zip,eb9c2dcd1e9cc1ac1ae85f1a4e759aae4aad57b10c9a0ce7a1320dfefd2245ad
2023-01-09,0,0,False,,702,v28_seed_202_FROZEN.zip,eb9c2dcd1e9cc1ac1ae85f1a4e759aae4aad57b10c9a0ce7a1320dfefd2245ad
2023-01-10,1,1,True,,703,v28_seed_202_FROZEN.zip,eb9c2dcd1e9cc1ac1ae85f1a4e759aae4aad57b10c9a0ce7a1320dfefd2245ad
2023-01-11,1,1,False,,703,v28_seed_202_FROZEN.zip,eb9c2dcd1e9cc1ac1ae85f1a4e759aae4aad57b10c9a0ce7a1320dfefd2245ad
2023-01-12,1,1,False,,703,v28_seed_202_FROZEN.zip,eb9c2dcd1e9cc1ac1ae85f1a4e759aae4aad57b10c9a0ce7a1320dfefd2245ad
2023-01-13,1,1,False,,703,v28_seed_202_FROZEN.zip,eb9c2dcd1e9cc1ac1ae85f1a4e759aae4aad57b10c9a0ce7a1320dfefd2245ad
2023-01-17,1,1,False,,703,v28_seed_202_FROZEN.zip,eb9c2dcd1e9cc1ac1ae85f1a4e759aae4aad57b10c9a0ce7a1320dfefd2245ad
2023-01-18,1,1,False,,703,v28_seed_202_FROZEN.zip,eb9c2dcd1e9cc1ac1ae85f1a4e759aae4aad57b10c9a0ce7a1320dfefd2245ad
2023-01-19,1,1,False,,703,v28_seed_202_FROZEN.zip,eb9c2dcd1e9cc1ac1ae85f1a4e759aae4aad57b10c9a0ce7a1320dfefd2245ad
2023-01-20,1,1,False,,703,v28_seed_202_FROZEN.zip,eb9c2dcd1e9cc1ac1ae85f1a4e759aae4aad57b10c9a0ce7a1320dfefd2245ad
2023-01-23,1,1,False,,703,v28_seed_202_FROZEN.zip,eb9c2dcd1e9cc1ac1ae85f1a4e759aae4aad57b10c9a0ce7a1320dfefd2245ad
2023-01-24,1,1,False,,703,v28_seed_202_FROZEN.zip,eb9c2dcd1e9cc1ac1ae85f1a4e759aae4aad57b10c9a0ce7a1320dfefd2245ad
2023-01-25,1,1,False,,703,v28_seed_202_FROZEN.zip,eb9c2dcd1e9cc1ac1ae85f1a4e759aae4aad57b10c9a0ce7a1320dfefd2245ad
2023-01-26,0,0,True,,704,v28_seed_202_FROZEN.zip,eb9c2dcd1e9cc1ac1ae85f1a4e759aae4aad57b10c9a0ce7a1320dfefd2245ad
2023-01-27,0,0,False,,704,v28_seed_202_FROZEN.zip,eb9c2dcd1e9cc1ac1ae85f1a4e759aae4aad57b10c9a0ce7a1320dfefd2245ad
2023-01-30,1,1,True,,705,v28_seed_202_FROZEN.zip,eb9c2dcd1e9cc1ac1ae85f1a4e759aae4aad57b10c9a0ce7a1320dfefd2245ad
2023-01-31,1,1,False,,705,v28_seed_202_FROZEN.zip,eb9c2dcd1e9cc1ac1ae85f1a4e759aae4aad57b10c9a0ce7a1320dfefd2245ad
2023-02-01,1,1,False,,705,v28_seed_202_FROZEN.zip,eb9c2dcd1e9cc1ac1ae85f1a4e759aae4aad57b10c9a0ce7a1320dfefd2245ad
2023-02-02,0,0,True,,706,v28_seed_202_FROZEN.zip,eb9c2dcd1e9cc1ac1ae85f1a4e759aae4aad57b10c9a0ce7a1320dfefd2245ad
2023-02-03,0,0,False,,706,v28_seed_202_FROZEN.zip,eb9c2dcd1e9cc1ac1ae85f1a4e759aae4aad57b10c9a0ce7a1320dfefd2245ad
2023-02-06,1,1,True,,707,v28_seed_202_FROZEN.zip,eb9c2dcd1e9cc1ac1ae85f1a4e759aae4aad57b10c9a0ce7a1320dfefd2245ad
2023-02-07,0,0,True,,708,v28_seed_202_FROZEN.zip,eb9c2dcd1e9cc1ac1ae85f1a4e759aae4aad57b10c9a0ce7a1320dfefd2245ad
2023-02-08,0,0,False,,708,v28_seed_202_FROZEN.zip,eb9c2dcd1e9cc1ac1ae85f1a4e759aae4aad57b10c9a0ce7a1320dfefd2245ad
2023-02-09,1,1,True,,709,v28_seed_202_FROZEN.zip,eb9c2dcd1e9cc1ac1ae85f1a4e759aae4aad57b10c9a0ce7a1320dfefd2245ad
2023-02-10,1,1,False,,709,v28_seed_202_FROZEN.zip,eb9c2dcd1e9cc1ac1ae85f1a4e759aae4aad57b10c9a0ce7a1320dfefd2245ad
2023-02-13,0,0,True,,710,v28_seed_202_FROZEN.zip,eb9c2dcd1e9cc1ac1ae85f1a4e759aae4aad57b10c9a0ce7a1320dfefd2245ad
2023-02-14,1,1,True,,711,v28_seed_202_FROZEN.zip,eb9c2dcd1e9cc1ac1ae85f1a4e759aae4aad57b10c9a0ce7a1320dfefd2245ad
2023-02-15,0,0,True,,712,v28_seed_202_FROZEN.zip,eb9c2dcd1e9cc1ac1ae85f1a4e759aae4aad57b10c9a0ce7a1320dfefd2245ad
2023-02-16,0,0,False,,712,v28_seed_202_FROZEN.zip,eb9c2dcd1e9cc1ac1ae85f1a4e759aae4aad57b10c9a0ce7a1320dfefd2245ad
2023-02-17,0,0,False,,712,v28_seed_202_FROZEN.zip,eb9c2dcd1e9cc1ac1ae85f1a4e759aae4aad57b10c9a0ce7a1320dfefd2245ad
2023-02-21,0,0,False,,712,v28_seed_202_FROZEN.zip,eb9c2dcd1e9cc1ac1ae85f1a4e759aae4aad57b10c9a0ce7a1320dfefd2245ad
2023-02-22,0,0,False,,712,v28_seed_202_FROZEN.zip,eb9c2dcd1e9cc1ac1ae85f1a4e759aae4aad57b10c9a0ce7a1320dfefd2245ad
2023-02-23,0,0,False,,712,v28_seed_202_FROZEN.zip,eb9c2dcd1e9cc1ac1ae85f1a4e759aae4aad57b10c9a0ce7a1320dfefd2245ad
2023-02-24,0,0,False,,712,v28_seed_202_FROZEN.zip,eb9c2dcd1e9cc1ac1ae85f1a4e759aae4aad57b10c9a0ce7a1320dfefd2245ad
2023-02-27,0,0,False,,712,v28_seed_202_FROZEN.zip,eb9c2dcd1e9cc1ac1ae85f1a4e759aae4aad57b10c9a0ce7a1320dfefd2245ad
2023-02-28,0,0,False,,712,v28_seed_202_FROZEN.zip,eb9c2dcd1e9cc1ac1ae85f1a4e759aae4aad57b10c9a0ce7a1320dfefd2245ad
2023-03-01,0,0,False,,712,v28_seed_202_FROZEN.zip,eb9c2dcd1e9cc1ac1ae85f1a4e759aae4aad57b10c9a0ce7a1320dfefd2245ad
2023-03-02,1,1,True,,713,v28_seed_202_FROZEN.zip,eb9c2dcd1e9cc1ac1ae85f1a4e759aae4aad57b10c9a0ce7a1320dfefd2245ad
2023-03-03,1,1,False,,713,v28_seed_202_FROZEN.zip,eb9c2dcd1e9cc1ac1ae85f1a4e759aae4aad57b10c9a0ce7a1320dfefd2245ad
2023-03-06,0,0,True,,714,v28_seed_202_FROZEN.zip,eb9c2dcd1e9cc1ac1ae85f1a4e759aae4aad57b10c9a0ce7a1320dfefd2245ad
2023-03-07,0,0,False,,714,v28_seed_202_FROZEN.zip,eb9c2dcd1e9cc1ac1ae85f1a4e759aae4aad57b10c9a0ce7a1320dfefd2245ad
2023-03-08,0,0,False,,714,v28_seed_202_FROZEN.zip,eb9c2dcd1e9cc1ac1ae85f1a4e759aae4aad57b10c9a0ce7a1320dfefd2245ad
2023-03-09,0,0,False,,714,v28_seed_202_FROZEN.zip,eb9c2dcd1e9cc1ac1ae85f1a4e759aae4aad57b10c9a0ce7a1320dfefd2245ad
2023-03-10,1,1,True,,715,v28_seed_202_FROZEN.zip,eb9c2dcd1e9cc1ac1ae85f1a4e759aae4aad57b10c9a0ce7a1320dfefd2245ad
2023-03-13,1,1,False,,715,v28_seed_202_FROZEN.zip,eb9c2dcd1e9cc1ac1ae85f1a4e759aae4aad57b10c9a0ce7a1320dfefd2245ad
2023-03-14,0,0,True,,716,v28_seed_202_FROZEN.zip,eb9c2dcd1e9cc1ac1ae85f1a4e759aae4aad57b10c9a0ce7a1320dfefd2245ad
2023-03-15,1,1,True,,717,v28_seed_202_FROZEN.zip,eb9c2dcd1e9cc1ac1ae85f1a4e759aae4aad57b10c9a0ce7a1320dfefd2245ad
2023-03-16,0,0,True,,718,v28_seed_202_FROZEN.zip,eb9c2dcd1e9cc1ac1ae85f1a4e759aae4aad57b10c9a0ce7a1320dfefd2245ad
2023-03-17,1,1,True,,719,v28_seed_202_FROZEN.zip,eb9c2dcd1e9cc1ac1ae85f1a4e759aae4aad57b10c9a0ce7a1320dfefd2245ad
2023-03-20,1,1,False,,719,v28_seed_202_FROZEN.zip,eb9c2dcd1e9cc1ac1ae85f1a4e759aae4aad57b10c9a0ce7a1320dfefd2245ad
2023-03-21,0,0,True,,720,v28_seed_202_FROZEN.zip,eb9c2dcd1e9cc1ac1ae85f1a4e759aae4aad57b10c9a0ce7a1320dfefd2245ad
2023-03-22,1,1,True,,721,v28_seed_202_FROZEN.zip,eb9c2dcd1e9cc1ac1ae85f1a4e759aae4aad57b10c9a0ce7a1320dfefd2245ad
2023-03-23,1,1,False,,721,v28_seed_202_FROZEN.zip,eb9c2dcd1e9cc1ac1ae85f1a4e759aae4aad57b10c9a0ce7a1320dfefd2245ad
2023-03-24,1,1,False,,721,v28_seed_202_FROZEN.zip,eb9c2dcd1e9cc1ac1ae85f1a4e759aae4aad57b10c9a0ce7a1320dfefd2245ad
2023-03-27,1,1,False,,721,v28_seed_202_FROZEN.zip,eb9c2dcd1e9cc1ac1ae85f1a4e759aae4aad57b10c9a0ce7a1320dfefd2245ad
2023-03-28,1,1,False,,721,v28_seed_202_FROZEN.zip,eb9c2dcd1e9cc1ac1ae85f1a4e759aae4aad57b10c9a0ce7a1320dfefd2245ad
2023-03-29,1,1,False,,721,v28_seed_202_FROZEN.zip,eb9c2dcd1e9cc1ac1ae85f1a4e759aae4aad57b10c9a0ce7a1320dfefd2245ad
2023-03-30,1,1,False,,721,v28_seed_202_FROZEN.zip,eb9c2dcd1e9cc1ac1ae85f1a4e759aae4aad57b10c9a0ce7a1320dfefd2245ad
2023-03-31,1,1,False,,721,v28_seed_202_FROZEN.zip,eb9c2dcd1e9cc1ac1ae85f1a4e759aae4aad57b10c9a0ce7a1320dfefd2245ad
2023-04-03,0,0,True,,722,v28_seed_202_FROZEN.zip,eb9c2dcd1e9cc1ac1ae85f1a4e759aae4aad57b10c9a0ce7a1320dfefd2245ad
2023-04-04,1,1,True,,723,v28_seed_202_FROZEN.zip,eb9c2dcd1e9cc1ac1ae85f1a4e759aae4aad57b10c9a0ce7a1320dfefd2245ad
2023-04-05,1,1,False,,723,v28_seed_202_FROZEN.zip,eb9c2dcd1e9cc1ac1ae85f1a4e759aae4aad57b10c9a0ce7a1320dfefd2245ad
2023-04-06,0,0,True,,724,v28_seed_202_FROZEN.zip,eb9c2dcd1e9cc1ac1ae85f1a4e759aae4aad57b10c9a0ce7a1320dfefd2245ad
2023-04-10,0,0,False,,724,v28_seed_202_FROZEN.zip,eb9c2dcd1e9cc1ac1ae85f1a4e759aae4aad57b10c9a0ce7a1320dfefd2245ad
2023-04-11,0,0,False,,724,v28_seed_202_FROZEN.zip,eb9c2dcd1e9cc1ac1ae85f1a4e759aae4aad57b10c9a0ce7a1320dfefd2245ad
2023-04-12,1,1,True,,725,v28_seed_202_FROZEN.zip,eb9c2dcd1e9cc1ac1ae85f1a4e759aae4aad57b10c9a0ce7a1320dfefd2245ad
2023-04-13,1,1,False,,725,v28_seed_202_FROZEN.zip,eb9c2dcd1e9cc1ac1ae85f1a4e759aae4aad57b10c9a0ce7a1320dfefd2245ad
2023-04-14,0,0,True,,726,v28_seed_202_FROZEN.zip,eb9c2dcd1e9cc1ac1ae85f1a4e759aae4aad57b10c9a0ce7a1320dfefd2245ad
2023-04-17,0,0,False,,726,v28_seed_202_FROZEN.zip,eb9c2dcd1e9cc1ac1ae85f1a4e759aae4aad57b10c9a0ce7a1320dfefd2245ad
2023-04-18,0,0,False,,726,v28_seed_202_FROZEN.zip,eb9c2dcd1e9cc1ac1ae85f1a4e759aae4aad57b10c9a0ce7a1320dfefd2245ad
2023-04-19,0,0,False,,726,v28_seed_202_FROZEN.zip,eb9c2dcd1e9cc1ac1ae85f1a4e759aae4aad57b10c9a0ce7a1320dfefd2245ad
2023-04-20,0,0,False,,726,v28_seed_202_FROZEN.zip,eb9c2dcd1e9cc1ac1ae85f1a4e759aae4aad57b10c9a0ce7a1320dfefd2245ad
2023-04-21,0,0,False,,726,v28_seed_202_FROZEN.zip,eb9c2dcd1e9cc1ac1ae85f1a4e759aae4aad57b10c9a0ce7a1320dfefd2245ad
2023-04-24,0,0,False,,726,v28_seed_202_FROZEN.zip,eb9c2dcd1e9cc1ac1ae85f1a4e759aae4aad57b10c9a0ce7a1320dfefd2245ad
2023-04-25,0,0,False,,726,v28_seed_202_FROZEN.zip,eb9c2dcd1e9cc1ac1ae85f1a4e759aae4aad57b10c9a0ce7a1320dfefd2245ad
2023-04-26,1,1,True,,727,v28_seed_202_FROZEN.zip,eb9c2dcd1e9cc1ac1ae85f1a4e759aae4aad57b10c9a0ce7a1320dfefd2245ad
2023-04-27,0,0,True,,728,v28_seed_202_FROZEN.zip,eb9c2dcd1e9cc1ac1ae85f1a4e759aae4aad57b10c9a0ce7a1320dfefd2245ad
2023-04-28,1,1,True,,729,v28_seed_202_FROZEN.zip,eb9c2dcd1e9cc1ac1ae85f1a4e759aae4aad57b10c9a0ce7a1320dfefd2245ad
2023-05-01,0,0,True,,730,v28_seed_202_FROZEN.zip,eb9c2dcd1e9cc1ac1ae85f1a4e759aae4aad57b10c9a0ce7a1320dfefd2245ad
2023-05-02,0,0,False,,730,v28_seed_202_FROZEN.zip,eb9c2dcd1e9cc1ac1ae85f1a4e759aae4aad57b10c9a0ce7a1320dfefd2245ad
2023-05-03,0,0,False,,730,v28_seed_202_FROZEN.zip,eb9c2dcd1e9cc1ac1ae85f1a4e759aae4aad57b10c9a0ce7a1320dfefd2245ad
2023-05-04,1,1,True,,731,v28_seed_202_FROZEN.zip,eb9c2dcd1e9cc1ac1ae85f1a4e759aae4aad57b10c9a0ce7a1320dfefd2245ad
2023-05-05,0,0,True,,732,v28_seed_202_FROZEN.zip,eb9c2dcd1e9cc1ac1ae85f1a4e759aae4aad57b10c9a0ce7a1320dfefd2245ad
2023-05-08,0,0,False,,732,v28_seed_202_FROZEN.zip,eb9c2dcd1e9cc1ac1ae85f1a4e759aae4aad57b10c9a0ce7a1320dfefd2245ad
2023-05-09,0,0,False,,732,v28_seed_202_FROZEN.zip,eb9c2dcd1e9cc1ac1ae85f1a4e759aae4aad57b10c9a0ce7a1320dfefd2245ad
2023-05-10,1,1,True,,733,v28_seed_202_FROZEN.zip,eb9c2dcd1e9cc1ac1ae85f1a4e759aae4aad57b10c9a0ce7a1320dfefd2245ad
2023-05-11,0,0,True,,734,v28_seed_202_FROZEN.zip,eb9c2dcd1e9cc1ac1ae85f1a4e759aae4aad57b10c9a0ce7a1320dfefd2245ad
2023-05-12,0,0,False,,734,v28_seed_202_FROZEN.zip,eb9c2dcd1e9cc1ac1ae85f1a4e759aae4aad57b10c9a0ce7a1320dfefd2245ad
2023-05-15,0,0,False,,734,v28_seed_202_FROZEN.zip,eb9c2dcd1e9cc1ac1ae85f1a4e759aae4aad57b10c9a0ce7a1320dfefd2245ad
2023-05-16,1,1,True,,735,v28_seed_202_FROZEN.zip,eb9c2dcd1e9cc1ac1ae85f1a4e759aae4aad57b10c9a0ce7a1320dfefd2245ad
2023-05-17,1,1,False,,735,v28_seed_202_FROZEN.zip,eb9c2dcd1e9cc1ac1ae85f1a4e759aae4aad57b10c9a0ce7a1320dfefd2245ad
2023-05-18,0,0,True,,736,v28_seed_202_FROZEN.zip,eb9c2dcd1e9cc1ac1ae85f1a4e759aae4aad57b10c9a0ce7a1320dfefd2245ad
2023-05-19,0,0,False,,736,v28_seed_202_FROZEN.zip,eb9c2dcd1e9cc1ac1ae85f1a4e759aae4aad57b10c9a0ce7a1320dfefd2245ad
2023-05-22,0,0,False,,736,v28_seed_202_FROZEN.zip,eb9c2dcd1e9cc1ac1ae85f1a4e759aae4aad57b10c9a0ce7a1320dfefd2245ad
2023-05-23,1,1,True,,737,v28_seed_202_FROZEN.zip,eb9c2dcd1e9cc1ac1ae85f1a4e759aae4aad57b10c9a0ce7a1320dfefd2245ad
2023-05-24,1,1,False,,737,v28_seed_202_FROZEN.zip,eb9c2dcd1e9cc1ac1ae85f1a4e759aae4aad57b10c9a0ce7a1320dfefd2245ad
2023-05-25,1,1,False,,737,v28_seed_202_FROZEN.zip,eb9c2dcd1e9cc1ac1ae85f1a4e759aae4aad57b10c9a0ce7a1320dfefd2245ad
2023-05-26,1,1,False,,737,v28_seed_202_FROZEN.zip,eb9c2dcd1e9cc1ac1ae85f1a4e759aae4aad57b10c9a0ce7a1320dfefd2245ad
2023-05-30,1,1,False,,737,v28_seed_202_FROZEN.zip,eb9c2dcd1e9cc1ac1ae85f1a4e759aae4aad57b10c9a0ce7a1320dfefd2245ad
2023-05-31,1,1,False,,737,v28_seed_202_FROZEN.zip,eb9c2dcd1e9cc1ac1ae85f1a4e759aae4aad57b10c9a0ce7a1320dfefd2245ad
2023-06-01,1,1,False,,737,v28_seed_202_FROZEN.zip,eb9c2dcd1e9cc1ac1ae85f1a4e759aae4aad57b10c9a0ce7a1320dfefd2245ad
2023-06-02,0,0,True,,738,v28_seed_202_FROZEN.zip,eb9c2dcd1e9cc1ac1ae85f1a4e759aae4aad57b10c9a0ce7a1320dfefd2245ad
2023-06-05,0,0,False,,738,v28_seed_202_FROZEN.zip,eb9c2dcd1e9cc1ac1ae85f1a4e759aae4aad57b10c9a0ce7a1320dfefd2245ad
2023-06-06,0,0,False,,738,v28_seed_202_FROZEN.zip,eb9c2dcd1e9cc1ac1ae85f1a4e759aae4aad57b10c9a0ce7a1320dfefd2245ad
2023-06-07,1,1,True,,739,v28_seed_202_FROZEN.zip,eb9c2dcd1e9cc1ac1ae85f1a4e759aae4aad57b10c9a0ce7a1320dfefd2245ad
2023-06-08,1,1,False,,739,v28_seed_202_FROZEN.zip,eb9c2dcd1e9cc1ac1ae85f1a4e759aae4aad57b10c9a0ce7a1320dfefd2245ad
2023-06-09,1,1,False,,739,v28_seed_202_FROZEN.zip,eb9c2dcd1e9cc1ac1ae85f1a4e759aae4aad57b10c9a0ce7a1320dfefd2245ad
2023-06-12,1,1,False,,739,v28_seed_202_FROZEN.zip,eb9c2dcd1e9cc1ac1ae85f1a4e759aae4aad57b10c9a0ce7a1320dfefd2245ad
2023-06-13,1,1,False,,739,v28_seed_202_FROZEN.zip,eb9c2dcd1e9cc1ac1ae85f1a4e759aae4aad57b10c9a0ce7a1320dfefd2245ad
2023-06-14,1,1,False,,739,v28_seed_202_FROZEN.zip,eb9c2dcd1e9cc1ac1ae85f1a4e759aae4aad57b10c9a0ce7a1320dfefd2245ad
2023-06-15,0,0,True,,740,v28_seed_202_FROZEN.zip,eb9c2dcd1e9cc1ac1ae85f1a4e759aae4aad57b10c9a0ce7a1320dfefd2245ad
2023-06-16,1,1,True,,741,v28_seed_202_FROZEN.zip,eb9c2dcd1e9cc1ac1ae85f1a4e759aae4aad57b10c9a0ce7a1320dfefd2245ad
2023-06-20,0,0,True,,742,v28_seed_202_FROZEN.zip,eb9c2dcd1e9cc1ac1ae85f1a4e759aae4aad57b10c9a0ce7a1320dfefd2245ad
2023-06-21,1,1,True,,743,v28_seed_202_FROZEN.zip,eb9c2dcd1e9cc1ac1ae85f1a4e759aae4aad57b10c9a0ce7a1320dfefd2245ad
2023-06-22,0,0,True,,744,v28_seed_202_FROZEN.zip,eb9c2dcd1e9cc1ac1ae85f1a4e759aae4aad57b10c9a0ce7a1320dfefd2245ad
2023-06-23,1,1,True,,745,v28_seed_202_FROZEN.zip,eb9c2dcd1e9cc1ac1ae85f1a4e759aae4aad57b10c9a0ce7a1320dfefd2245ad
2023-06-26,1,1,False,,745,v28_seed_202_FROZEN.zip,eb9c2dcd1e9cc1ac1ae85f1a4e759aae4aad57b10c9a0ce7a1320dfefd2245ad
2023-06-27,1,1,False,,745,v28_seed_202_FROZEN.zip,eb9c2dcd1e9cc1ac1ae85f1a4e759aae4aad57b10c9a0ce7a1320dfefd2245ad
2023-06-28,1,1,False,,745,v28_seed_202_FROZEN.zip,eb9c2dcd1e9cc1ac1ae85f1a4e759aae4aad57b10c9a0ce7a1320dfefd2245ad
2023-06-29,1,1,False,,745,v28_seed_202_FROZEN.zip,eb9c2dcd1e9cc1ac1ae85f1a4e759aae4aad57b10c9a0ce7a1320dfefd2245ad
2023-06-30,1,1,False,,745,v28_seed_202_FROZEN.zip,eb9c2dcd1e9cc1ac1ae85f1a4e759aae4aad57b10c9a0ce7a1320dfefd2245ad
2023-07-03,1,1,False,,745,v28_seed_202_FROZEN.zip,eb9c2dcd1e9cc1ac1ae85f1a4e759aae4aad57b10c9a0ce7a1320dfefd2245ad
2023-07-05,1,1,False,,745,v28_seed_202_FROZEN.zip,eb9c2dcd1e9cc1ac1ae85f1a4e759aae4aad57b10c9a0ce7a1320dfefd2245ad
2023-07-06,1,1,False,,745,v28_seed_202_FROZEN.zip,eb9c2dcd1e9cc1ac1ae85f1a4e759aae4aad57b10c9a0ce7a1320dfefd2245ad
2023-07-07,0,0,True,,746,v28_seed_202_FROZEN.zip,eb9c2dcd1e9cc1ac1ae85f1a4e759aae4aad57b10c9a0ce7a1320dfefd2245ad
2023-07-10,1,1,True,,747,v28_seed_202_FROZEN.zip,eb9c2dcd1e9cc1ac1ae85f1a4e759aae4aad57b10c9a0ce7a1320dfefd2245ad
2023-07-11,1,1,False,,747,v28_seed_202_FROZEN.zip,eb9c2dcd1e9cc1ac1ae85f1a4e759aae4aad57b10c9a0ce7a1320dfefd2245ad
2023-07-12,1,1,False,,747,v28_seed_202_FROZEN.zip,eb9c2dcd1e9cc1ac1ae85f1a4e759aae4aad57b10c9a0ce7a1320dfefd2245ad
2023-07-13,1,1,False,,747,v28_seed_202_FROZEN.zip,eb9c2dcd1e9cc1ac1ae85f1a4e759aae4aad57b10c9a0ce7a1320dfefd2245ad
2023-07-14,1,1,False,,747,v28_seed_202_FROZEN.zip,eb9c2dcd1e9cc1ac1ae85f1a4e759aae4aad57b10c9a0ce7a1320dfefd2245ad
2023-07-17,1,1,False,,747,v28_seed_202_FROZEN.zip,eb9c2dcd1e9cc1ac1ae85f1a4e759aae4aad57b10c9a0ce7a1320dfefd2245ad
2023-07-18,1,1,False,,747,v28_seed_202_FROZEN.zip,eb9c2dcd1e9cc1ac1ae85f1a4e759aae4aad57b10c9a0ce7a1320dfefd2245ad
2023-07-19,0,0,True,,748,v28_seed_202_FROZEN.zip,eb9c2dcd1e9cc1ac1ae85f1a4e759aae4aad57b10c9a0ce7a1320dfefd2245ad
2023-07-20,0,0,False,,748,v28_seed_202_FROZEN.zip,eb9c2dcd1e9cc1ac1ae85f1a4e759aae4aad57b10c9a0ce7a1320dfefd2245ad
2023-07-21,0,0,False,,748,v28_seed_202_FROZEN.zip,eb9c2dcd1e9cc1ac1ae85f1a4e759aae4aad57b10c9a0ce7a1320dfefd2245ad
2023-07-24,0,0,False,,748,v28_seed_202_FROZEN.zip,eb9c2dcd1e9cc1ac1ae85f1a4e759aae4aad57b10c9a0ce7a1320dfefd2245ad
2023-07-25,0,0,False,,748,v28_seed_202_FROZEN.zip,eb9c2dcd1e9cc1ac1ae85f1a4e759aae4aad57b10c9a0ce7a1320dfefd2245ad
2023-07-26,0,0,False,,748,v28_seed_202_FROZEN.zip,eb9c2dcd1e9cc1ac1ae85f1a4e759aae4aad57b10c9a0ce7a1320dfefd2245ad
2023-07-27,1,1,True,,749,v28_seed_202_FROZEN.zip,eb9c2dcd1e9cc1ac1ae85f1a4e759aae4aad57b10c9a0ce7a1320dfefd2245ad
2023-07-28,1,1,False,,749,v28_seed_202_FROZEN.zip,eb9c2dcd1e9cc1ac1ae85f1a4e759aae4aad57b10c9a0ce7a1320dfefd2245ad
2023-07-31,1,1,False,,749,v28_seed_202_FROZEN.zip,eb9c2dcd1e9cc1ac1ae85f1a4e759aae4aad57b10c9a0ce7a1320dfefd2245ad
2023-08-01,1,1,False,,749,v28_seed_202_FROZEN.zip,eb9c2dcd1e9cc1ac1ae85f1a4e759aae4aad57b10c9a0ce7a1320dfefd2245ad
2023-08-02,0,0,True,,750,v28_seed_202_FROZEN.zip,eb9c2dcd1e9cc1ac1ae85f1a4e759aae4aad57b10c9a0ce7a1320dfefd2245ad
2023-08-03,0,0,False,,750,v28_seed_202_FROZEN.zip,eb9c2dcd1e9cc1ac1ae85f1a4e759aae4aad57b10c9a0ce7a1320dfefd2245ad
2023-08-04,0,0,False,,750,v28_seed_202_FROZEN.zip,eb9c2dcd1e9cc1ac1ae85f1a4e759aae4aad57b10c9a0ce7a1320dfefd2245ad
2023-08-07,0,0,False,,750,v28_seed_202_FROZEN.zip,eb9c2dcd1e9cc1ac1ae85f1a4e759aae4aad57b10c9a0ce7a1320dfefd2245ad
2023-08-08,0,0,False,,750,v28_seed_202_FROZEN.zip,eb9c2dcd1e9cc1ac1ae85f1a4e759aae4aad57b10c9a0ce7a1320dfefd2245ad
2023-08-09,0,0,False,,750,v28_seed_202_FROZEN.zip,eb9c2dcd1e9cc1ac1ae85f1a4e759aae4aad57b10c9a0ce7a1320dfefd2245ad
2023-08-10,0,0,False,,750,v28_seed_202_FROZEN.zip,eb9c2dcd1e9cc1ac1ae85f1a4e759aae4aad57b10c9a0ce7a1320dfefd2245ad
2023-08-11,0,0,False,,750,v28_seed_202_FROZEN.zip,eb9c2dcd1e9cc1ac1ae85f1a4e759aae4aad57b10c9a0ce7a1320dfefd2245ad
2023-08-14,0,0,False,,750,v28_seed_202_FROZEN.zip,eb9c2dcd1e9cc1ac1ae85f1a4e759aae4aad57b10c9a0ce7a1320dfefd2245ad
2023-08-15,0,0,False,,750,v28_seed_202_FROZEN.zip,eb9c2dcd1e9cc1ac1ae85f1a4e759aae4aad57b10c9a0ce7a1320dfefd2245ad
2023-08-16,0,0,False,,750,v28_seed_202_FROZEN.zip,eb9c2dcd1e9cc1ac1ae85f1a4e759aae4aad57b10c9a0ce7a1320dfefd2245ad
2023-08-17,0,0,False,,750,v28_seed_202_FROZEN.zip,eb9c2dcd1e9cc1ac1ae85f1a4e759aae4aad57b10c9a0ce7a1320dfefd2245ad
2023-08-18,0,0,False,,750,v28_seed_202_FROZEN.zip,eb9c2dcd1e9cc1ac1ae85f1a4e759aae4aad57b10c9a0ce7a1320dfefd2245ad
2023-08-21,0,0,False,,750,v28_seed_202_FROZEN.zip,eb9c2dcd1e9cc1ac1ae85f1a4e759aae4aad57b10c9a0ce7a1320dfefd2245ad
2023-08-22,1,1,True,,751,v28_seed_202_FROZEN.zip,eb9c2dcd1e9cc1ac1ae85f1a4e759aae4aad57b10c9a0ce7a1320dfefd2245ad
2023-08-23,1,1,False,,751,v28_seed_202_FROZEN.zip,eb9c2dcd1e9cc1ac1ae85f1a4e759aae4aad57b10c9a0ce7a1320dfefd2245ad
2023-08-24,0,0,True,,752,v28_seed_202_FROZEN.zip,eb9c2dcd1e9cc1ac1ae85f1a4e759aae4aad57b10c9a0ce7a1320dfefd2245ad
2023-08-25,1,1,True,,753,v28_seed_202_FROZEN.zip,eb9c2dcd1e9cc1ac1ae85f1a4e759aae4aad57b10c9a0ce7a1320dfefd2245ad
2023-08-28,1,1,False,,753,v28_seed_202_FROZEN.zip,eb9c2dcd1e9cc1ac1ae85f1a4e759aae4aad57b10c9a0ce7a1320dfefd2245ad
2023-08-29,1,1,False,,753,v28_seed_202_FROZEN.zip,eb9c2dcd1e9cc1ac1ae85f1a4e759aae4aad57b10c9a0ce7a1320dfefd2245ad
2023-08-30,0,0,True,,754,v28_seed_202_FROZEN.zip,eb9c2dcd1e9cc1ac1ae85f1a4e759aae4aad57b10c9a0ce7a1320dfefd2245ad
2023-08-31,0,0,False,,754,v28_seed_202_FROZEN.zip,eb9c2dcd1e9cc1ac1ae85f1a4e759aae4aad57b10c9a0ce7a1320dfefd2245ad
2023-09-01,0,0,False,,754,v28_seed_202_FROZEN.zip,eb9c2dcd1e9cc1ac1ae85f1a4e759aae4aad57b10c9a0ce7a1320dfefd2245ad
2023-09-05,0,0,False,,754,v28_seed_202_FROZEN.zip,eb9c2dcd1e9cc1ac1ae85f1a4e759aae4aad57b10c9a0ce7a1320dfefd2245ad
2023-09-06,1,1,True,,755,v28_seed_202_FROZEN.zip,eb9c2dcd1e9cc1ac1ae85f1a4e759aae4aad57b10c9a0ce7a1320dfefd2245ad
2023-09-07,1,1,False,,755,v28_seed_202_FROZEN.zip,eb9c2dcd1e9cc1ac1ae85f1a4e759aae4aad57b10c9a0ce7a1320dfefd2245ad
2023-09-08,1,1,False,,755,v28_seed_202_FROZEN.zip,eb9c2dcd1e9cc1ac1ae85f1a4e759aae4aad57b10c9a0ce7a1320dfefd2245ad
2023-09-11,1,1,False,,755,v28_seed_202_FROZEN.zip,eb9c2dcd1e9cc1ac1ae85f1a4e759aae4aad57b10c9a0ce7a1320dfefd2245ad
2023-09-12,0,0,True,,756,v28_seed_202_FROZEN.zip,eb9c2dcd1e9cc1ac1ae85f1a4e759aae4aad57b10c9a0ce7a1320dfefd2245ad
2023-09-13,1,1,True,,757,v28_seed_202_FROZEN.zip,eb9c2dcd1e9cc1ac1ae85f1a4e759aae4aad57b10c9a0ce7a1320dfefd2245ad
2023-09-14,0,0,True,,758,v28_seed_202_FROZEN.zip,eb9c2dcd1e9cc1ac1ae85f1a4e759aae4aad57b10c9a0ce7a1320dfefd2245ad
2023-09-15,0,0,False,,758,v28_seed_202_FROZEN.zip,eb9c2dcd1e9cc1ac1ae85f1a4e759aae4aad57b10c9a0ce7a1320dfefd2245ad
2023-09-18,0,0,False,,758,v28_seed_202_FROZEN.zip,eb9c2dcd1e9cc1ac1ae85f1a4e759aae4aad57b10c9a0ce7a1320dfefd2245ad
2023-09-19,1,1,True,,759,v28_seed_202_FROZEN.zip,eb9c2dcd1e9cc1ac1ae85f1a4e759aae4aad57b10c9a0ce7a1320dfefd2245ad
2023-09-20,0,0,True,,760,v28_seed_202_FROZEN.zip,eb9c2dcd1e9cc1ac1ae85f1a4e759aae4aad57b10c9a0ce7a1320dfefd2245ad
2023-09-21,0,0,False,,760,v28_seed_202_FROZEN.zip,eb9c2dcd1e9cc1ac1ae85f1a4e759aae4aad57b10c9a0ce7a1320dfefd2245ad
2023-09-22,0,0,False,,760,v28_seed_202_FROZEN.zip,eb9c2dcd1e9cc1ac1ae85f1a4e759aae4aad57b10c9a0ce7a1320dfefd2245ad
2023-09-25,0,0,False,,760,v28_seed_202_FROZEN.zip,eb9c2dcd1e9cc1ac1ae85f1a4e759aae4aad57b10c9a0ce7a1320dfefd2245ad
2023-09-26,0,0,False,,760,v28_seed_202_FROZEN.zip,eb9c2dcd1e9cc1ac1ae85f1a4e759aae4aad57b10c9a0ce7a1320dfefd2245ad
2023-09-27,1,1,True,,761,v28_seed_202_FROZEN.zip,eb9c2dcd1e9cc1ac1ae85f1a4e759aae4aad57b10c9a0ce7a1320dfefd2245ad
2023-09-28,1,1,False,,761,v28_seed_202_FROZEN.zip,eb9c2dcd1e9cc1ac1ae85f1a4e759aae4aad57b10c9a0ce7a1320dfefd2245ad
2023-09-29,0,0,True,,762,v28_seed_202_FROZEN.zip,eb9c2dcd1e9cc1ac1ae85f1a4e759aae4aad57b10c9a0ce7a1320dfefd2245ad
2023-10-02,0,0,False,,762,v28_seed_202_FROZEN.zip,eb9c2dcd1e9cc1ac1ae85f1a4e759aae4aad57b10c9a0ce7a1320dfefd2245ad
2023-10-03,0,0,False,,762,v28_seed_202_FROZEN.zip,eb9c2dcd1e9cc1ac1ae85f1a4e759aae4aad57b10c9a0ce7a1320dfefd2245ad
2023-10-04,0,0,False,,762,v28_seed_202_FROZEN.zip,eb9c2dcd1e9cc1ac1ae85f1a4e759aae4aad57b10c9a0ce7a1320dfefd2245ad
2023-10-05,0,0,False,,762,v28_seed_202_FROZEN.zip,eb9c2dcd1e9cc1ac1ae85f1a4e759aae4aad57b10c9a0ce7a1320dfefd2245ad
2023-10-06,0,0,False,,762,v28_seed_202_FROZEN.zip,eb9c2dcd1e9cc1ac1ae85f1a4e759aae4aad57b10c9a0ce7a1320dfefd2245ad
2023-10-09,0,0,False,,762,v28_seed_202_FROZEN.zip,eb9c2dcd1e9cc1ac1ae85f1a4e759aae4aad57b10c9a0ce7a1320dfefd2245ad
2023-10-10,0,0,False,,762,v28_seed_202_FROZEN.zip,eb9c2dcd1e9cc1ac1ae85f1a4e759aae4aad57b10c9a0ce7a1320dfefd2245ad
2023-10-11,0,0,False,,762,v28_seed_202_FROZEN.zip,eb9c2dcd1e9cc1ac1ae85f1a4e759aae4aad57b10c9a0ce7a1320dfefd2245ad
2023-10-12,0,0,False,,762,v28_seed_202_FROZEN.zip,eb9c2dcd1e9cc1ac1ae85f1a4e759aae4aad57b10c9a0ce7a1320dfefd2245ad
2023-10-13,1,1,True,,763,v28_seed_202_FROZEN.zip,eb9c2dcd1e9cc1ac1ae85f1a4e759aae4aad57b10c9a0ce7a1320dfefd2245ad
2023-10-16,1,1,False,,763,v28_seed_202_FROZEN.zip,eb9c2dcd1e9cc1ac1ae85f1a4e759aae4aad57b10c9a0ce7a1320dfefd2245ad
2023-10-17,0,0,True,,764,v28_seed_202_FROZEN.zip,eb9c2dcd1e9cc1ac1ae85f1a4e759aae4aad57b10c9a0ce7a1320dfefd2245ad
2023-10-18,0,0,False,,764,v28_seed_202_FROZEN.zip,eb9c2dcd1e9cc1ac1ae85f1a4e759aae4aad57b10c9a0ce7a1320dfefd2245ad
2023-10-19,0,0,False,,764,v28_seed_202_FROZEN.zip,eb9c2dcd1e9cc1ac1ae85f1a4e759aae4aad57b10c9a0ce7a1320dfefd2245ad
2023-10-20,0,0,False,,764,v28_seed_202_FROZEN.zip,eb9c2dcd1e9cc1ac1ae85f1a4e759aae4aad57b10c9a0ce7a1320dfefd2245ad
2023-10-23,0,0,False,,764,v28_seed_202_FROZEN.zip,eb9c2dcd1e9cc1ac1ae85f1a4e759aae4aad57b10c9a0ce7a1320dfefd2245ad
2023-10-24,0,0,False,,764,v28_seed_202_FROZEN.zip,eb9c2dcd1e9cc1ac1ae85f1a4e759aae4aad57b10c9a0ce7a1320dfefd2245ad
2023-10-25,0,0,False,,764,v28_seed_202_FROZEN.zip,eb9c2dcd1e9cc1ac1ae85f1a4e759aae4aad57b10c9a0ce7a1320dfefd2245ad
2023-10-26,1,1,True,,765,v28_seed_202_FROZEN.zip,eb9c2dcd1e9cc1ac1ae85f1a4e759aae4aad57b10c9a0ce7a1320dfefd2245ad
2023-10-27,0,0,True,,766,v28_seed_202_FROZEN.zip,eb9c2dcd1e9cc1ac1ae85f1a4e759aae4aad57b10c9a0ce7a1320dfefd2245ad
2023-10-30,1,1,True,,767,v28_seed_202_FROZEN.zip,eb9c2dcd1e9cc1ac1ae85f1a4e759aae4aad57b10c9a0ce7a1320dfefd2245ad
2023-10-31,1,1,False,,767,v28_seed_202_FROZEN.zip,eb9c2dcd1e9cc1ac1ae85f1a4e759aae4aad57b10c9a0ce7a1320dfefd2245ad
2023-11-01,1,1,False,,767,v28_seed_202_FROZEN.zip,eb9c2dcd1e9cc1ac1ae85f1a4e759aae4aad57b10c9a0ce7a1320dfefd2245ad
2023-11-02,1,1,False,,767,v28_seed_202_FROZEN.zip,eb9c2dcd1e9cc1ac1ae85f1a4e759aae4aad57b10c9a0ce7a1320dfefd2245ad
2023-11-03,1,1,False,,767,v28_seed_202_FROZEN.zip,eb9c2dcd1e9cc1ac1ae85f1a4e759aae4aad57b10c9a0ce7a1320dfefd2245ad
2023-11-06,1,1,False,,767,v28_seed_202_FROZEN.zip,eb9c2dcd1e9cc1ac1ae85f1a4e759aae4aad57b10c9a0ce7a1320dfefd2245ad
2023-11-07,0,0,True,,768,v28_seed_202_FROZEN.zip,eb9c2dcd1e9cc1ac1ae85f1a4e759aae4aad57b10c9a0ce7a1320dfefd2245ad
2023-11-08,1,1,True,,769,v28_seed_202_FROZEN.zip,eb9c2dcd1e9cc1ac1ae85f1a4e759aae4aad57b10c9a0ce7a1320dfefd2245ad
2023-11-09,1,1,False,,769,v28_seed_202_FROZEN.zip,eb9c2dcd1e9cc1ac1ae85f1a4e759aae4aad57b10c9a0ce7a1320dfefd2245ad
2023-11-10,1,1,False,,769,v28_seed_202_FROZEN.zip,eb9c2dcd1e9cc1ac1ae85f1a4e759aae4aad57b10c9a0ce7a1320dfefd2245ad
2023-11-13,1,1,False,,769,v28_seed_202_FROZEN.zip,eb9c2dcd1e9cc1ac1ae85f1a4e759aae4aad57b10c9a0ce7a1320dfefd2245ad
2023-11-14,1,1,False,,769,v28_seed_202_FROZEN.zip,eb9c2dcd1e9cc1ac1ae85f1a4e759aae4aad57b10c9a0ce7a1320dfefd2245ad
2023-11-15,1,1,False,,769,v28_seed_202_FROZEN.zip,eb9c2dcd1e9cc1ac1ae85f1a4e759aae4aad57b10c9a0ce7a1320dfefd2245ad
2023-11-16,1,1,False,,769,v28_seed_202_FROZEN.zip,eb9c2dcd1e9cc1ac1ae85f1a4e759aae4aad57b10c9a0ce7a1320dfefd2245ad
2023-11-17,1,1,False,,769,v28_seed_202_FROZEN.zip,eb9c2dcd1e9cc1ac1ae85f1a4e759aae4aad57b10c9a0ce7a1320dfefd2245ad
2023-11-20,1,1,False,,769,v28_seed_202_FROZEN.zip,eb9c2dcd1e9cc1ac1ae85f1a4e759aae4aad57b10c9a0ce7a1320dfefd2245ad
2023-11-21,0,0,True,,770,v28_seed_202_FROZEN.zip,eb9c2dcd1e9cc1ac1ae85f1a4e759aae4aad57b10c9a0ce7a1320dfefd2245ad
2023-11-22,1,1,True,,771,v28_seed_202_FROZEN.zip,eb9c2dcd1e9cc1ac1ae85f1a4e759aae4aad57b10c9a0ce7a1320dfefd2245ad
2023-11-24,0,0,True,,772,v28_seed_202_FROZEN.zip,eb9c2dcd1e9cc1ac1ae85f1a4e759aae4aad57b10c9a0ce7a1320dfefd2245ad
2023-11-27,0,0,False,,772,v28_seed_202_FROZEN.zip,eb9c2dcd1e9cc1ac1ae85f1a4e759aae4aad57b10c9a0ce7a1320dfefd2245ad
2023-11-28,1,1,True,,773,v28_seed_202_FROZEN.zip,eb9c2dcd1e9cc1ac1ae85f1a4e759aae4aad57b10c9a0ce7a1320dfefd2245ad
2023-11-29,0,0,True,,774,v28_seed_202_FROZEN.zip,eb9c2dcd1e9cc1ac1ae85f1a4e759aae4aad57b10c9a0ce7a1320dfefd2245ad
2023-11-30,1,1,True,,775,v28_seed_202_FROZEN.zip,eb9c2dcd1e9cc1ac1ae85f1a4e759aae4aad57b10c9a0ce7a1320dfefd2245ad
2023-12-01,1,1,False,,775,v28_seed_202_FROZEN.zip,eb9c2dcd1e9cc1ac1ae85f1a4e759aae4aad57b10c9a0ce7a1320dfefd2245ad
2023-12-04,0,0,True,,776,v28_seed_202_FROZEN.zip,eb9c2dcd1e9cc1ac1ae85f1a4e759aae4aad57b10c9a0ce7a1320dfefd2245ad
2023-12-05,1,1,True,,777,v28_seed_202_FROZEN.zip,eb9c2dcd1e9cc1ac1ae85f1a4e759aae4aad57b10c9a0ce7a1320dfefd2245ad
2023-12-06,0,0,True,,778,v28_seed_202_FROZEN.zip,eb9c2dcd1e9cc1ac1ae85f1a4e759aae4aad57b10c9a0ce7a1320dfefd2245ad
2023-12-07,1,1,True,,779,v28_seed_202_FROZEN.zip,eb9c2dcd1e9cc1ac1ae85f1a4e759aae4aad57b10c9a0ce7a1320dfefd2245ad
2023-12-08,1,1,False,,779,v28_seed_202_FROZEN.zip,eb9c2dcd1e9cc1ac1ae85f1a4e759aae4aad57b10c9a0ce7a1320dfefd2245ad
2023-12-11,1,1,False,,779,v28_seed_202_FROZEN.zip,eb9c2dcd1e9cc1ac1ae85f1a4e759aae4aad57b10c9a0ce7a1320dfefd2245ad
2023-12-12,1,1,False,,779,v28_seed_202_FROZEN.zip,eb9c2dcd1e9cc1ac1ae85f1a4e759aae4aad57b10c9a0ce7a1320dfefd2245ad
2023-12-13,1,1,False,,779,v28_seed_202_FROZEN.zip,eb9c2dcd1e9cc1ac1ae85f1a4e759aae4aad57b10c9a0ce7a1320dfefd2245ad
2023-12-14,0,0,True,,780,v28_seed_202_FROZEN.zip,eb9c2dcd1e9cc1ac1ae85f1a4e759aae4aad57b10c9a0ce7a1320dfefd2245ad
2023-12-15,0,0,False,,780,v28_seed_202_FROZEN.zip,eb9c2dcd1e9cc1ac1ae85f1a4e759aae4aad57b10c9a0ce7a1320dfefd2245ad
2023-12-18,1,1,True,,781,v28_seed_202_FROZEN.zip,eb9c2dcd1e9cc1ac1ae85f1a4e759aae4aad57b10c9a0ce7a1320dfefd2245ad
2023-12-19,1,1,False,,781,v28_seed_202_FROZEN.zip,eb9c2dcd1e9cc1ac1ae85f1a4e759aae4aad57b10c9a0ce7a1320dfefd2245ad
2023-12-20,1,1,False,,781,v28_seed_202_FROZEN.zip,eb9c2dcd1e9cc1ac1ae85f1a4e759aae4aad57b10c9a0ce7a1320dfefd2245ad
2023-12-21,0,0,True,,782,v28_seed_202_FROZEN.zip,eb9c2dcd1e9cc1ac1ae85f1a4e759aae4aad57b10c9a0ce7a1320dfefd2245ad
2023-12-22,1,1,True,,783,v28_seed_202_FROZEN.zip,eb9c2dcd1e9cc1ac1ae85f1a4e759aae4aad57b10c9a0ce7a1320dfefd2245ad
2023-12-26,1,1,False,,783,v28_seed_202_FROZEN.zip,eb9c2dcd1e9cc1ac1ae85f1a4e759aae4aad57b10c9a0ce7a1320dfefd2245ad
2023-12-27,1,1,False,,783,v28_seed_202_FROZEN.zip,eb9c2dcd1e9cc1ac1ae85f1a4e759aae4aad57b10c9a0ce7a1320dfefd2245ad
2023-12-28,1,1,False,,783,v28_seed_202_FROZEN.zip,eb9c2dcd1e9cc1ac1ae85f1a4e759aae4aad57b10c9a0ce7a1320dfefd2245ad
2023-12-29,0,0,True,,784,v28_seed_202_FROZEN.zip,eb9c2dcd1e9cc1ac1ae85f1a4e759aae4aad57b10c9a0ce7a1320dfefd2245ad
2024-01-02,0,0,False,,784,v28_seed_202_FROZEN.zip,eb9c2dcd1e9cc1ac1ae85f1a4e759aae4aad57b10c9a0ce7a1320dfefd2245ad
2024-01-03,0,0,False,,784,v28_seed_202_FROZEN.zip,eb9c2dcd1e9cc1ac1ae85f1a4e759aae4aad57b10c9a0ce7a1320dfefd2245ad
2024-01-04,0,0,False,,784,v28_seed_202_FROZEN.zip,eb9c2dcd1e9cc1ac1ae85f1a4e759aae4aad57b10c9a0ce7a1320dfefd2245ad
2024-01-05,0,0,False,,784,v28_seed_202_FROZEN.zip,eb9c2dcd1e9cc1ac1ae85f1a4e759aae4aad57b10c9a0ce7a1320dfefd2245ad
2024-01-08,1,1,True,,785,v28_seed_202_FROZEN.zip,eb9c2dcd1e9cc1ac1ae85f1a4e759aae4aad57b10c9a0ce7a1320dfefd2245ad
2024-01-09,0,0,True,,786,v28_seed_202_FROZEN.zip,eb9c2dcd1e9cc1ac1ae85f1a4e759aae4aad57b10c9a0ce7a1320dfefd2245ad
2024-01-10,1,1,True,,787,v28_seed_202_FROZEN.zip,eb9c2dcd1e9cc1ac1ae85f1a4e759aae4aad57b10c9a0ce7a1320dfefd2245ad
2024-01-11,0,0,True,,788,v28_seed_202_FROZEN.zip,eb9c2dcd1e9cc1ac1ae85f1a4e759aae4aad57b10c9a0ce7a1320dfefd2245ad
2024-01-12,0,0,False,,788,v28_seed_202_FROZEN.zip,eb9c2dcd1e9cc1ac1ae85f1a4e759aae4aad57b10c9a0ce7a1320dfefd2245ad
2024-01-16,0,0,False,,788,v28_seed_202_FROZEN.zip,eb9c2dcd1e9cc1ac1ae85f1a4e759aae4aad57b10c9a0ce7a1320dfefd2245ad
2024-01-17,0,0,False,,788,v28_seed_202_FROZEN.zip,eb9c2dcd1e9cc1ac1ae85f1a4e759aae4aad57b10c9a0ce7a1320dfefd2245ad
2024-01-18,1,1,True,,789,v28_seed_202_FROZEN.zip,eb9c2dcd1e9cc1ac1ae85f1a4e759aae4aad57b10c9a0ce7a1320dfefd2245ad
2024-01-19,0,0,True,,790,v28_seed_202_FROZEN.zip,eb9c2dcd1e9cc1ac1ae85f1a4e759aae4aad57b10c9a0ce7a1320dfefd2245ad
2024-01-22,1,1,True,,791,v28_seed_202_FROZEN.zip,eb9c2dcd1e9cc1ac1ae85f1a4e759aae4aad57b10c9a0ce7a1320dfefd2245ad
2024-01-23,0,0,True,,792,v28_seed_202_FROZEN.zip,eb9c2dcd1e9cc1ac1ae85f1a4e759aae4aad57b10c9a0ce7a1320dfefd2245ad
2024-01-24,0,0,False,,792,v28_seed_202_FROZEN.zip,eb9c2dcd1e9cc1ac1ae85f1a4e759aae4aad57b10c9a0ce7a1320dfefd2245ad
2024-01-25,0,0,False,,792,v28_seed_202_FROZEN.zip,eb9c2dcd1e9cc1ac1ae85f1a4e759aae4aad57b10c9a0ce7a1320dfefd2245ad
2024-01-26,0,0,False,,792,v28_seed_202_FROZEN.zip,eb9c2dcd1e9cc1ac1ae85f1a4e759aae4aad57b10c9a0ce7a1320dfefd2245ad
2024-01-29,1,1,True,,793,v28_seed_202_FROZEN.zip,eb9c2dcd1e9cc1ac1ae85f1a4e759aae4aad57b10c9a0ce7a1320dfefd2245ad
2024-01-30,0,0,True,,794,v28_seed_202_FROZEN.zip,eb9c2dcd1e9cc1ac1ae85f1a4e759aae4aad57b10c9a0ce7a1320dfefd2245ad
2024-01-31,0,0,False,,794,v28_seed_202_FROZEN.zip,eb9c2dcd1e9cc1ac1ae85f1a4e759aae4aad57b10c9a0ce7a1320dfefd2245ad
2024-02-01,1,1,True,,795,v28_seed_202_FROZEN.zip,eb9c2dcd1e9cc1ac1ae85f1a4e759aae4aad57b10c9a0ce7a1320dfefd2245ad
2024-02-02,1,1,False,,795,v28_seed_202_FROZEN.zip,eb9c2dcd1e9cc1ac1ae85f1a4e759aae4aad57b10c9a0ce7a1320dfefd2245ad
2024-02-05,0,0,True,,796,v28_seed_202_FROZEN.zip,eb9c2dcd1e9cc1ac1ae85f1a4e759aae4aad57b10c9a0ce7a1320dfefd2245ad
2024-02-06,0,0,False,,796,v28_seed_202_FROZEN.zip,eb9c2dcd1e9cc1ac1ae85f1a4e759aae4aad57b10c9a0ce7a1320dfefd2245ad
2024-02-07,0,0,False,,796,v28_seed_202_FROZEN.zip,eb9c2dcd1e9cc1ac1ae85f1a4e759aae4aad57b10c9a0ce7a1320dfefd2245ad
2024-02-08,0,0,False,,796,v28_seed_202_FROZEN.zip,eb9c2dcd1e9cc1ac1ae85f1a4e759aae4aad57b10c9a0ce7a1320dfefd2245ad
2024-02-09,1,1,True,,797,v28_seed_202_FROZEN.zip,eb9c2dcd1e9cc1ac1ae85f1a4e759aae4aad57b10c9a0ce7a1320dfefd2245ad
2024-02-12,0,0,True,,798,v28_seed_202_FROZEN.zip,eb9c2dcd1e9cc1ac1ae85f1a4e759aae4aad57b10c9a0ce7a1320dfefd2245ad
2024-02-13,1,1,True,,799,v28_seed_202_FROZEN.zip,eb9c2dcd1e9cc1ac1ae85f1a4e759aae4aad57b10c9a0ce7a1320dfefd2245ad
2024-02-14,1,1,False,,799,v28_seed_202_FROZEN.zip,eb9c2dcd1e9cc1ac1ae85f1a4e759aae4aad57b10c9a0ce7a1320dfefd2245ad
2024-02-15,0,0,True,,800,v28_seed_202_FROZEN.zip,eb9c2dcd1e9cc1ac1ae85f1a4e759aae4aad57b10c9a0ce7a1320dfefd2245ad
2024-02-16,1,1,True,,801,v28_seed_202_FROZEN.zip,eb9c2dcd1e9cc1ac1ae85f1a4e759aae4aad57b10c9a0ce7a1320dfefd2245ad
2024-02-20,1,1,False,,801,v28_seed_202_FROZEN.zip,eb9c2dcd1e9cc1ac1ae85f1a4e759aae4aad57b10c9a0ce7a1320dfefd2245ad
2024-02-21,1,1,False,,801,v28_seed_202_FROZEN.zip,eb9c2dcd1e9cc1ac1ae85f1a4e759aae4aad57b10c9a0ce7a1320dfefd2245ad
2024-02-22,1,1,False,,801,v28_seed_202_FROZEN.zip,eb9c2dcd1e9cc1ac1ae85f1a4e759aae4aad57b10c9a0ce7a1320dfefd2245ad
2024-02-23,0,0,True,,802,v28_seed_202_FROZEN.zip,eb9c2dcd1e9cc1ac1ae85f1a4e759aae4aad57b10c9a0ce7a1320dfefd2245ad
2024-02-26,0,0,False,,802,v28_seed_202_FROZEN.zip,eb9c2dcd1e9cc1ac1ae85f1a4e759aae4aad57b10c9a0ce7a1320dfefd2245ad
2024-02-27,0,0,False,,802,v28_seed_202_FROZEN.zip,eb9c2dcd1e9cc1ac1ae85f1a4e759aae4aad57b10c9a0ce7a1320dfefd2245ad
2024-02-28,0,0,False,,802,v28_seed_202_FROZEN.zip,eb9c2dcd1e9cc1ac1ae85f1a4e759aae4aad57b10c9a0ce7a1320dfefd2245ad
2024-02-29,1,1,True,,803,v28_seed_202_FROZEN.zip,eb9c2dcd1e9cc1ac1ae85f1a4e759aae4aad57b10c9a0ce7a1320dfefd2245ad
2024-03-01,0,0,True,,804,v28_seed_202_FROZEN.zip,eb9c2dcd1e9cc1ac1ae85f1a4e759aae4aad57b10c9a0ce7a1320dfefd2245ad
2024-03-04,0,0,False,,804,v28_seed_202_FROZEN.zip,eb9c2dcd1e9cc1ac1ae85f1a4e759aae4aad57b10c9a0ce7a1320dfefd2245ad
2024-03-05,1,1,True,,805,v28_seed_202_FROZEN.zip,eb9c2dcd1e9cc1ac1ae85f1a4e759aae4aad57b10c9a0ce7a1320dfefd2245ad
2024-03-06,1,1,False,,805,v28_seed_202_FROZEN.zip,eb9c2dcd1e9cc1ac1ae85f1a4e759aae4aad57b10c9a0ce7a1320dfefd2245ad
2024-03-07,1,1,False,,805,v28_seed_202_FROZEN.zip,eb9c2dcd1e9cc1ac1ae85f1a4e759aae4aad57b10c9a0ce7a1320dfefd2245ad
2024-03-08,1,1,False,,805,v28_seed_202_FROZEN.zip,eb9c2dcd1e9cc1ac1ae85f1a4e759aae4aad57b10c9a0ce7a1320dfefd2245ad
2024-03-11,1,1,False,,805,v28_seed_202_FROZEN.zip,eb9c2dcd1e9cc1ac1ae85f1a4e759aae4aad57b10c9a0ce7a1320dfefd2245ad
2024-03-12,0,0,True,,806,v28_seed_202_FROZEN.zip,eb9c2dcd1e9cc1ac1ae85f1a4e759aae4aad57b10c9a0ce7a1320dfefd2245ad
2024-03-13,0,0,False,,806,v28_seed_202_FROZEN.zip,eb9c2dcd1e9cc1ac1ae85f1a4e759aae4aad57b10c9a0ce7a1320dfefd2245ad
2024-03-14,1,1,True,,807,v28_seed_202_FROZEN.zip,eb9c2dcd1e9cc1ac1ae85f1a4e759aae4aad57b10c9a0ce7a1320dfefd2245ad
2024-03-15,0,0,True,,808,v28_seed_202_FROZEN.zip,eb9c2dcd1e9cc1ac1ae85f1a4e759aae4aad57b10c9a0ce7a1320dfefd2245ad
2024-03-18,0,0,False,,808,v28_seed_202_FROZEN.zip,eb9c2dcd1e9cc1ac1ae85f1a4e759aae4aad57b10c9a0ce7a1320dfefd2245ad
2024-03-19,0,0,False,,808,v28_seed_202_FROZEN.zip,eb9c2dcd1e9cc1ac1ae85f1a4e759aae4aad57b10c9a0ce7a1320dfefd2245ad
2024-03-20,0,0,False,,808,v28_seed_202_FROZEN.zip,eb9c2dcd1e9cc1ac1ae85f1a4e759aae4aad57b10c9a0ce7a1320dfefd2245ad
2024-03-21,0,0,False,,808,v28_seed_202_FROZEN.zip,eb9c2dcd1e9cc1ac1ae85f1a4e759aae4aad57b10c9a0ce7a1320dfefd2245ad
2024-03-22,0,0,False,,808,v28_seed_202_FROZEN.zip,eb9c2dcd1e9cc1ac1ae85f1a4e759aae4aad57b10c9a0ce7a1320dfefd2245ad
2024-03-25,0,0,False,,808,v28_seed_202_FROZEN.zip,eb9c2dcd1e9cc1ac1ae85f1a4e759aae4aad57b10c9a0ce7a1320dfefd2245ad
2024-03-26,0,0,False,,808,v28_seed_202_FROZEN.zip,eb9c2dcd1e9cc1ac1ae85f1a4e759aae4aad57b10c9a0ce7a1320dfefd2245ad
2024-03-27,0,0,False,,808,v28_seed_202_FROZEN.zip,eb9c2dcd1e9cc1ac1ae85f1a4e759aae4aad57b10c9a0ce7a1320dfefd2245ad
2024-03-28,0,0,False,,808,v28_seed_202_FROZEN.zip,eb9c2dcd1e9cc1ac1ae85f1a4e759aae4aad57b10c9a0ce7a1320dfefd2245ad
2024-04-01,1,1,True,,809,v28_seed_202_FROZEN.zip,eb9c2dcd1e9cc1ac1ae85f1a4e759aae4aad57b10c9a0ce7a1320dfefd2245ad
2024-04-02,1,1,False,,809,v28_seed_202_FROZEN.zip,eb9c2dcd1e9cc1ac1ae85f1a4e759aae4aad57b10c9a0ce7a1320dfefd2245ad
2024-04-03,1,1,False,,809,v28_seed_202_FROZEN.zip,eb9c2dcd1e9cc1ac1ae85f1a4e759aae4aad57b10c9a0ce7a1320dfefd2245ad
2024-04-04,1,1,False,,809,v28_seed_202_FROZEN.zip,eb9c2dcd1e9cc1ac1ae85f1a4e759aae4aad57b10c9a0ce7a1320dfefd2245ad
2024-04-05,0,0,True,,810,v28_seed_202_FROZEN.zip,eb9c2dcd1e9cc1ac1ae85f1a4e759aae4aad57b10c9a0ce7a1320dfefd2245ad
2024-04-08,0,0,False,,810,v28_seed_202_FROZEN.zip,eb9c2dcd1e9cc1ac1ae85f1a4e759aae4aad57b10c9a0ce7a1320dfefd2245ad
2024-04-09,1,1,True,,811,v28_seed_202_FROZEN.zip,eb9c2dcd1e9cc1ac1ae85f1a4e759aae4aad57b10c9a0ce7a1320dfefd2245ad
2024-04-10,1,1,False,,811,v28_seed_202_FROZEN.zip,eb9c2dcd1e9cc1ac1ae85f1a4e759aae4aad57b10c9a0ce7a1320dfefd2245ad
2024-04-11,0,0,True,,812,v28_seed_202_FROZEN.zip,eb9c2dcd1e9cc1ac1ae85f1a4e759aae4aad57b10c9a0ce7a1320dfefd2245ad
2024-04-12,1,1,True,,813,v28_seed_202_FROZEN.zip,eb9c2dcd1e9cc1ac1ae85f1a4e759aae4aad57b10c9a0ce7a1320dfefd2245ad
2024-04-15,0,0,True,,814,v28_seed_202_FROZEN.zip,eb9c2dcd1e9cc1ac1ae85f1a4e759aae4aad57b10c9a0ce7a1320dfefd2245ad
2024-04-16,0,0,False,,814,v28_seed_202_FROZEN.zip,eb9c2dcd1e9cc1ac1ae85f1a4e759aae4aad57b10c9a0ce7a1320dfefd2245ad
2024-04-17,0,0,False,,814,v28_seed_202_FROZEN.zip,eb9c2dcd1e9cc1ac1ae85f1a4e759aae4aad57b10c9a0ce7a1320dfefd2245ad
2024-04-18,0,0,False,,814,v28_seed_202_FROZEN.zip,eb9c2dcd1e9cc1ac1ae85f1a4e759aae4aad57b10c9a0ce7a1320dfefd2245ad
2024-04-19,0,0,False,,814,v28_seed_202_FROZEN.zip,eb9c2dcd1e9cc1ac1ae85f1a4e759aae4aad57b10c9a0ce7a1320dfefd2245ad
2024-04-22,0,0,False,,814,v28_seed_202_FROZEN.zip,eb9c2dcd1e9cc1ac1ae85f1a4e759aae4aad57b10c9a0ce7a1320dfefd2245ad
2024-04-23,1,1,True,,815,v28_seed_202_FROZEN.zip,eb9c2dcd1e9cc1ac1ae85f1a4e759aae4aad57b10c9a0ce7a1320dfefd2245ad
2024-04-24,0,0,True,,816,v28_seed_202_FROZEN.zip,eb9c2dcd1e9cc1ac1ae85f1a4e759aae4aad57b10c9a0ce7a1320dfefd2245ad
2024-04-25,1,1,True,,817,v28_seed_202_FROZEN.zip,eb9c2dcd1e9cc1ac1ae85f1a4e759aae4aad57b10c9a0ce7a1320dfefd2245ad
2024-04-26,0,0,True,,818,v28_seed_202_FROZEN.zip,eb9c2dcd1e9cc1ac1ae85f1a4e759aae4aad57b10c9a0ce7a1320dfefd2245ad
2024-04-29,0,0,False,,818,v28_seed_202_FROZEN.zip,eb9c2dcd1e9cc1ac1ae85f1a4e759aae4aad57b10c9a0ce7a1320dfefd2245ad
2024-04-30,0,0,False,,818,v28_seed_202_FROZEN.zip,eb9c2dcd1e9cc1ac1ae85f1a4e759aae4aad57b10c9a0ce7a1320dfefd2245ad
2024-05-01,1,1,True,,819,v28_seed_202_FROZEN.zip,eb9c2dcd1e9cc1ac1ae85f1a4e759aae4aad57b10c9a0ce7a1320dfefd2245ad
2024-05-02,1,1,False,,819,v28_seed_202_FROZEN.zip,eb9c2dcd1e9cc1ac1ae85f1a4e759aae4aad57b10c9a0ce7a1320dfefd2245ad
2024-05-03,1,1,False,,819,v28_seed_202_FROZEN.zip,eb9c2dcd1e9cc1ac1ae85f1a4e759aae4aad57b10c9a0ce7a1320dfefd2245ad
2024-05-06,1,1,False,,819,v28_seed_202_FROZEN.zip,eb9c2dcd1e9cc1ac1ae85f1a4e759aae4aad57b10c9a0ce7a1320dfefd2245ad
2024-05-07,1,1,False,,819,v28_seed_202_FROZEN.zip,eb9c2dcd1e9cc1ac1ae85f1a4e759aae4aad57b10c9a0ce7a1320dfefd2245ad
2024-05-08,1,1,False,,819,v28_seed_202_FROZEN.zip,eb9c2dcd1e9cc1ac1ae85f1a4e759aae4aad57b10c9a0ce7a1320dfefd2245ad
2024-05-09,1,1,False,,819,v28_seed_202_FROZEN.zip,eb9c2dcd1e9cc1ac1ae85f1a4e759aae4aad57b10c9a0ce7a1320dfefd2245ad
2024-05-10,0,0,True,,820,v28_seed_202_FROZEN.zip,eb9c2dcd1e9cc1ac1ae85f1a4e759aae4aad57b10c9a0ce7a1320dfefd2245ad
2024-05-13,1,1,True,,821,v28_seed_202_FROZEN.zip,eb9c2dcd1e9cc1ac1ae85f1a4e759aae4aad57b10c9a0ce7a1320dfefd2245ad
2024-05-14,1,1,False,,821,v28_seed_202_FROZEN.zip,eb9c2dcd1e9cc1ac1ae85f1a4e759aae4aad57b10c9a0ce7a1320dfefd2245ad
2024-05-15,1,1,False,,821,v28_seed_202_FROZEN.zip,eb9c2dcd1e9cc1ac1ae85f1a4e759aae4aad57b10c9a0ce7a1320dfefd2245ad
2024-05-16,0,0,True,,822,v28_seed_202_FROZEN.zip,eb9c2dcd1e9cc1ac1ae85f1a4e759aae4aad57b10c9a0ce7a1320dfefd2245ad
2024-05-17,0,0,False,,822,v28_seed_202_FROZEN.zip,eb9c2dcd1e9cc1ac1ae85f1a4e759aae4aad57b10c9a0ce7a1320dfefd2245ad
2024-05-20,0,0,False,,822,v28_seed_202_FROZEN.zip,eb9c2dcd1e9cc1ac1ae85f1a4e759aae4aad57b10c9a0ce7a1320dfefd2245ad
2024-05-21,0,0,False,,822,v28_seed_202_FROZEN.zip,eb9c2dcd1e9cc1ac1ae85f1a4e759aae4aad57b10c9a0ce7a1320dfefd2245ad
2024-05-22,1,1,True,,823,v28_seed_202_FROZEN.zip,eb9c2dcd1e9cc1ac1ae85f1a4e759aae4aad57b10c9a0ce7a1320dfefd2245ad
2024-05-23,1,1,False,,823,v28_seed_202_FROZEN.zip,eb9c2dcd1e9cc1ac1ae85f1a4e759aae4aad57b10c9a0ce7a1320dfefd2245ad
2024-05-24,1,1,False,,823,v28_seed_202_FROZEN.zip,eb9c2dcd1e9cc1ac1ae85f1a4e759aae4aad57b10c9a0ce7a1320dfefd2245ad
2024-05-28,1,1,False,,823,v28_seed_202_FROZEN.zip,eb9c2dcd1e9cc1ac1ae85f1a4e759aae4aad57b10c9a0ce7a1320dfefd2245ad
2024-05-29,1,1,False,,823,v28_seed_202_FROZEN.zip,eb9c2dcd1e9cc1ac1ae85f1a4e759aae4aad57b10c9a0ce7a1320dfefd2245ad
2024-05-30,0,0,True,,824,v28_seed_202_FROZEN.zip,eb9c2dcd1e9cc1ac1ae85f1a4e759aae4aad57b10c9a0ce7a1320dfefd2245ad
2024-05-31,1,1,True,,825,v28_seed_202_FROZEN.zip,eb9c2dcd1e9cc1ac1ae85f1a4e759aae4aad57b10c9a0ce7a1320dfefd2245ad
2024-06-03,1,1,False,,825,v28_seed_202_FROZEN.zip,eb9c2dcd1e9cc1ac1ae85f1a4e759aae4aad57b10c9a0ce7a1320dfefd2245ad
2024-06-04,1,1,False,,825,v28_seed_202_FROZEN.zip,eb9c2dcd1e9cc1ac1ae85f1a4e759aae4aad57b10c9a0ce7a1320dfefd2245ad
2024-06-05,0,0,True,,826,v28_seed_202_FROZEN.zip,eb9c2dcd1e9cc1ac1ae85f1a4e759aae4aad57b10c9a0ce7a1320dfefd2245ad
2024-06-06,0,0,False,,826,v28_seed_202_FROZEN.zip,eb9c2dcd1e9cc1ac1ae85f1a4e759aae4aad57b10c9a0ce7a1320dfefd2245ad
2024-06-07,0,0,False,,826,v28_seed_202_FROZEN.zip,eb9c2dcd1e9cc1ac1ae85f1a4e759aae4aad57b10c9a0ce7a1320dfefd2245ad
2024-06-10,0,0,False,,826,v28_seed_202_FROZEN.zip,eb9c2dcd1e9cc1ac1ae85f1a4e759aae4aad57b10c9a0ce7a1320dfefd2245ad
2024-06-11,1,1,True,,827,v28_seed_202_FROZEN.zip,eb9c2dcd1e9cc1ac1ae85f1a4e759aae4aad57b10c9a0ce7a1320dfefd2245ad
2024-06-12,0,0,True,,828,v28_seed_202_FROZEN.zip,eb9c2dcd1e9cc1ac1ae85f1a4e759aae4aad57b10c9a0ce7a1320dfefd2245ad
2024-06-13,0,0,False,,828,v28_seed_202_FROZEN.zip,eb9c2dcd1e9cc1ac1ae85f1a4e759aae4aad57b10c9a0ce7a1320dfefd2245ad
2024-06-14,1,1,True,,829,v28_seed_202_FROZEN.zip,eb9c2dcd1e9cc1ac1ae85f1a4e759aae4aad57b10c9a0ce7a1320dfefd2245ad
2024-06-17,0,0,True,,830,v28_seed_202_FROZEN.zip,eb9c2dcd1e9cc1ac1ae85f1a4e759aae4aad57b10c9a0ce7a1320dfefd2245ad
2024-06-18,0,0,False,,830,v28_seed_202_FROZEN.zip,eb9c2dcd1e9cc1ac1ae85f1a4e759aae4aad57b10c9a0ce7a1320dfefd2245ad
2024-06-20,1,1,True,,831,v28_seed_202_FROZEN.zip,eb9c2dcd1e9cc1ac1ae85f1a4e759aae4aad57b10c9a0ce7a1320dfefd2245ad
2024-06-21,0,0,True,,832,v28_seed_202_FROZEN.zip,eb9c2dcd1e9cc1ac1ae85f1a4e759aae4aad57b10c9a0ce7a1320dfefd2245ad
2024-06-24,0,0,False,,832,v28_seed_202_FROZEN.zip,eb9c2dcd1e9cc1ac1ae85f1a4e759aae4aad57b10c9a0ce7a1320dfefd2245ad
2024-06-25,0,0,False,,832,v28_seed_202_FROZEN.zip,eb9c2dcd1e9cc1ac1ae85f1a4e759aae4aad57b10c9a0ce7a1320dfefd2245ad
2024-06-26,0,0,False,,832,v28_seed_202_FROZEN.zip,eb9c2dcd1e9cc1ac1ae85f1a4e759aae4aad57b10c9a0ce7a1320dfefd2245ad
2024-06-27,0,0,False,,832,v28_seed_202_FROZEN.zip,eb9c2dcd1e9cc1ac1ae85f1a4e759aae4aad57b10c9a0ce7a1320dfefd2245ad
2024-06-28,0,0,False,,832,v28_seed_202_FROZEN.zip,eb9c2dcd1e9cc1ac1ae85f1a4e759aae4aad57b10c9a0ce7a1320dfefd2245ad
2024-07-01,0,0,False,,832,v28_seed_202_FROZEN.zip,eb9c2dcd1e9cc1ac1ae85f1a4e759aae4aad57b10c9a0ce7a1320dfefd2245ad
2024-07-02,0,0,False,,832,v28_seed_202_FROZEN.zip,eb9c2dcd1e9cc1ac1ae85f1a4e759aae4aad57b10c9a0ce7a1320dfefd2245ad
2024-07-03,0,0,False,,832,v28_seed_202_FROZEN.zip,eb9c2dcd1e9cc1ac1ae85f1a4e759aae4aad57b10c9a0ce7a1320dfefd2245ad
2024-07-05,0,0,False,,832,v28_seed_202_FROZEN.zip,eb9c2dcd1e9cc1ac1ae85f1a4e759aae4aad57b10c9a0ce7a1320dfefd2245ad
2024-07-08,1,1,True,,833,v28_seed_202_FROZEN.zip,eb9c2dcd1e9cc1ac1ae85f1a4e759aae4aad57b10c9a0ce7a1320dfefd2245ad
2024-07-09,1,1,False,,833,v28_seed_202_FROZEN.zip,eb9c2dcd1e9cc1ac1ae85f1a4e759aae4aad57b10c9a0ce7a1320dfefd2245ad
2024-07-10,1,1,False,,833,v28_seed_202_FROZEN.zip,eb9c2dcd1e9cc1ac1ae85f1a4e759aae4aad57b10c9a0ce7a1320dfefd2245ad
2024-07-11,1,1,False,,833,v28_seed_202_FROZEN.zip,eb9c2dcd1e9cc1ac1ae85f1a4e759aae4aad57b10c9a0ce7a1320dfefd2245ad
2024-07-12,1,1,False,,833,v28_seed_202_FROZEN.zip,eb9c2dcd1e9cc1ac1ae85f1a4e759aae4aad57b10c9a0ce7a1320dfefd2245ad
2024-07-15,1,1,False,,833,v28_seed_202_FROZEN.zip,eb9c2dcd1e9cc1ac1ae85f1a4e759aae4aad57b10c9a0ce7a1320dfefd2245ad
2024-07-16,1,1,False,,833,v28_seed_202_FROZEN.zip,eb9c2dcd1e9cc1ac1ae85f1a4e759aae4aad57b10c9a0ce7a1320dfefd2245ad
2024-07-17,1,1,False,,833,v28_seed_202_FROZEN.zip,eb9c2dcd1e9cc1ac1ae85f1a4e759aae4aad57b10c9a0ce7a1320dfefd2245ad
2024-07-18,1,1,False,,833,v28_seed_202_FROZEN.zip,eb9c2dcd1e9cc1ac1ae85f1a4e759aae4aad57b10c9a0ce7a1320dfefd2245ad
2024-07-19,1,1,False,,833,v28_seed_202_FROZEN.zip,eb9c2dcd1e9cc1ac1ae85f1a4e759aae4aad57b10c9a0ce7a1320dfefd2245ad
2024-07-22,0,0,True,,834,v28_seed_202_FROZEN.zip,eb9c2dcd1e9cc1ac1ae85f1a4e759aae4aad57b10c9a0ce7a1320dfefd2245ad
2024-07-23,1,1,True,,835,v28_seed_202_FROZEN.zip,eb9c2dcd1e9cc1ac1ae85f1a4e759aae4aad57b10c9a0ce7a1320dfefd2245ad
2024-07-24,1,1,False,,835,v28_seed_202_FROZEN.zip,eb9c2dcd1e9cc1ac1ae85f1a4e759aae4aad57b10c9a0ce7a1320dfefd2245ad
2024-07-25,0,0,True,,836,v28_seed_202_FROZEN.zip,eb9c2dcd1e9cc1ac1ae85f1a4e759aae4aad57b10c9a0ce7a1320dfefd2245ad
2024-07-26,0,0,False,,836,v28_seed_202_FROZEN.zip,eb9c2dcd1e9cc1ac1ae85f1a4e759aae4aad57b10c9a0ce7a1320dfefd2245ad
2024-07-29,0,0,False,,836,v28_seed_202_FROZEN.zip,eb9c2dcd1e9cc1ac1ae85f1a4e759aae4aad57b10c9a0ce7a1320dfefd2245ad
2024-07-30,0,0,False,,836,v28_seed_202_FROZEN.zip,eb9c2dcd1e9cc1ac1ae85f1a4e759aae4aad57b10c9a0ce7a1320dfefd2245ad
2024-07-31,0,0,False,,836,v28_seed_202_FROZEN.zip,eb9c2dcd1e9cc1ac1ae85f1a4e759aae4aad57b10c9a0ce7a1320dfefd2245ad
2024-08-01,0,0,False,,836,v28_seed_202_FROZEN.zip,eb9c2dcd1e9cc1ac1ae85f1a4e759aae4aad57b10c9a0ce7a1320dfefd2245ad
2024-08-02,0,0,False,,836,v28_seed_202_FROZEN.zip,eb9c2dcd1e9cc1ac1ae85f1a4e759aae4aad57b10c9a0ce7a1320dfefd2245ad
2024-08-05,1,1,True,,837,v28_seed_202_FROZEN.zip,eb9c2dcd1e9cc1ac1ae85f1a4e759aae4aad57b10c9a0ce7a1320dfefd2245ad
2024-08-06,1,1,False,,837,v28_seed_202_FROZEN.zip,eb9c2dcd1e9cc1ac1ae85f1a4e759aae4aad57b10c9a0ce7a1320dfefd2245ad
2024-08-07,0,0,True,,838,v28_seed_202_FROZEN.zip,eb9c2dcd1e9cc1ac1ae85f1a4e759aae4aad57b10c9a0ce7a1320dfefd2245ad
2024-08-08,0,0,False,,838,v28_seed_202_FROZEN.zip,eb9c2dcd1e9cc1ac1ae85f1a4e759aae4aad57b10c9a0ce7a1320dfefd2245ad
2024-08-09,0,0,False,,838,v28_seed_202_FROZEN.zip,eb9c2dcd1e9cc1ac1ae85f1a4e759aae4aad57b10c9a0ce7a1320dfefd2245ad
2024-08-12,0,0,False,,838,v28_seed_202_FROZEN.zip,eb9c2dcd1e9cc1ac1ae85f1a4e759aae4aad57b10c9a0ce7a1320dfefd2245ad
2024-08-13,0,0,False,,838,v28_seed_202_FROZEN.zip,eb9c2dcd1e9cc1ac1ae85f1a4e759aae4aad57b10c9a0ce7a1320dfefd2245ad
2024-08-14,0,0,False,,838,v28_seed_202_FROZEN.zip,eb9c2dcd1e9cc1ac1ae85f1a4e759aae4aad57b10c9a0ce7a1320dfefd2245ad
2024-08-15,1,1,True,,839,v28_seed_202_FROZEN.zip,eb9c2dcd1e9cc1ac1ae85f1a4e759aae4aad57b10c9a0ce7a1320dfefd2245ad
2024-08-16,0,0,True,,840,v28_seed_202_FROZEN.zip,eb9c2dcd1e9cc1ac1ae85f1a4e759aae4aad57b10c9a0ce7a1320dfefd2245ad
2024-08-19,0,0,False,,840,v28_seed_202_FROZEN.zip,eb9c2dcd1e9cc1ac1ae85f1a4e759aae4aad57b10c9a0ce7a1320dfefd2245ad
2024-08-20,0,0,False,,840,v28_seed_202_FROZEN.zip,eb9c2dcd1e9cc1ac1ae85f1a4e759aae4aad57b10c9a0ce7a1320dfefd2245ad
2024-08-21,0,0,False,,840,v28_seed_202_FROZEN.zip,eb9c2dcd1e9cc1ac1ae85f1a4e759aae4aad57b10c9a0ce7a1320dfefd2245ad
2024-08-22,0,0,False,,840,v28_seed_202_FROZEN.zip,eb9c2dcd1e9cc1ac1ae85f1a4e759aae4aad57b10c9a0ce7a1320dfefd2245ad
2024-08-23,0,0,False,,840,v28_seed_202_FROZEN.zip,eb9c2dcd1e9cc1ac1ae85f1a4e759aae4aad57b10c9a0ce7a1320dfefd2245ad
2024-08-26,0,0,False,,840,v28_seed_202_FROZEN.zip,eb9c2dcd1e9cc1ac1ae85f1a4e759aae4aad57b10c9a0ce7a1320dfefd2245ad
2024-08-27,0,0,False,,840,v28_seed_202_FROZEN.zip,eb9c2dcd1e9cc1ac1ae85f1a4e759aae4aad57b10c9a0ce7a1320dfefd2245ad
2024-08-28,1,1,True,,841,v28_seed_202_FROZEN.zip,eb9c2dcd1e9cc1ac1ae85f1a4e759aae4aad57b10c9a0ce7a1320dfefd2245ad
2024-08-29,0,0,True,,842,v28_seed_202_FROZEN.zip,eb9c2dcd1e9cc1ac1ae85f1a4e759aae4aad57b10c9a0ce7a1320dfefd2245ad
2024-08-30,0,0,False,,842,v28_seed_202_FROZEN.zip,eb9c2dcd1e9cc1ac1ae85f1a4e759aae4aad57b10c9a0ce7a1320dfefd2245ad
2024-09-03,0,0,False,,842,v28_seed_202_FROZEN.zip,eb9c2dcd1e9cc1ac1ae85f1a4e759aae4aad57b10c9a0ce7a1320dfefd2245ad
2024-09-04,0,0,False,,842,v28_seed_202_FROZEN.zip,eb9c2dcd1e9cc1ac1ae85f1a4e759aae4aad57b10c9a0ce7a1320dfefd2245ad
2024-09-05,0,0,False,,842,v28_seed_202_FROZEN.zip,eb9c2dcd1e9cc1ac1ae85f1a4e759aae4aad57b10c9a0ce7a1320dfefd2245ad
2024-09-06,0,0,False,,842,v28_seed_202_FROZEN.zip,eb9c2dcd1e9cc1ac1ae85f1a4e759aae4aad57b10c9a0ce7a1320dfefd2245ad
2024-09-09,0,0,False,,842,v28_seed_202_FROZEN.zip,eb9c2dcd1e9cc1ac1ae85f1a4e759aae4aad57b10c9a0ce7a1320dfefd2245ad
2024-09-10,0,0,False,,842,v28_seed_202_FROZEN.zip,eb9c2dcd1e9cc1ac1ae85f1a4e759aae4aad57b10c9a0ce7a1320dfefd2245ad
2024-09-11,0,0,False,,842,v28_seed_202_FROZEN.zip,eb9c2dcd1e9cc1ac1ae85f1a4e759aae4aad57b10c9a0ce7a1320dfefd2245ad
2024-09-12,0,0,False,,842,v28_seed_202_FROZEN.zip,eb9c2dcd1e9cc1ac1ae85f1a4e759aae4aad57b10c9a0ce7a1320dfefd2245ad
2024-09-13,0,0,False,,842,v28_seed_202_FROZEN.zip,eb9c2dcd1e9cc1ac1ae85f1a4e759aae4aad57b10c9a0ce7a1320dfefd2245ad
2024-09-16,0,0,False,,842,v28_seed_202_FROZEN.zip,eb9c2dcd1e9cc1ac1ae85f1a4e759aae4aad57b10c9a0ce7a1320dfefd2245ad
2024-09-17,0,0,False,,842,v28_seed_202_FROZEN.zip,eb9c2dcd1e9cc1ac1ae85f1a4e759aae4aad57b10c9a0ce7a1320dfefd2245ad
2024-09-18,1,1,True,,843,v28_seed_202_FROZEN.zip,eb9c2dcd1e9cc1ac1ae85f1a4e759aae4aad57b10c9a0ce7a1320dfefd2245ad
2024-09-19,0,0,True,,844,v28_seed_202_FROZEN.zip,eb9c2dcd1e9cc1ac1ae85f1a4e759aae4aad57b10c9a0ce7a1320dfefd2245ad
2024-09-20,0,0,False,,844,v28_seed_202_FROZEN.zip,eb9c2dcd1e9cc1ac1ae85f1a4e759aae4aad57b10c9a0ce7a1320dfefd2245ad
2024-09-23,0,0,False,,844,v28_seed_202_FROZEN.zip,eb9c2dcd1e9cc1ac1ae85f1a4e759aae4aad57b10c9a0ce7a1320dfefd2245ad
2024-09-24,0,0,False,,844,v28_seed_202_FROZEN.zip,eb9c2dcd1e9cc1ac1ae85f1a4e759aae4aad57b10c9a0ce7a1320dfefd2245ad
2024-09-25,0,0,False,,844,v28_seed_202_FROZEN.zip,eb9c2dcd1e9cc1ac1ae85f1a4e759aae4aad57b10c9a0ce7a1320dfefd2245ad
2024-09-26,0,0,False,,844,v28_seed_202_FROZEN.zip,eb9c2dcd1e9cc1ac1ae85f1a4e759aae4aad57b10c9a0ce7a1320dfefd2245ad
2024-09-27,1,1,True,,845,v28_seed_202_FROZEN.zip,eb9c2dcd1e9cc1ac1ae85f1a4e759aae4aad57b10c9a0ce7a1320dfefd2245ad
2024-09-30,0,0,True,,846,v28_seed_202_FROZEN.zip,eb9c2dcd1e9cc1ac1ae85f1a4e759aae4aad57b10c9a0ce7a1320dfefd2245ad
2024-10-01,0,0,False,,846,v28_seed_202_FROZEN.zip,eb9c2dcd1e9cc1ac1ae85f1a4e759aae4aad57b10c9a0ce7a1320dfefd2245ad
2024-10-02,0,0,False,,846,v28_seed_202_FROZEN.zip,eb9c2dcd1e9cc1ac1ae85f1a4e759aae4aad57b10c9a0ce7a1320dfefd2245ad
2024-10-03,0,0,False,,846,v28_seed_202_FROZEN.zip,eb9c2dcd1e9cc1ac1ae85f1a4e759aae4aad57b10c9a0ce7a1320dfefd2245ad
2024-10-04,0,0,False,,846,v28_seed_202_FROZEN.zip,eb9c2dcd1e9cc1ac1ae85f1a4e759aae4aad57b10c9a0ce7a1320dfefd2245ad
2024-10-07,0,0,False,,846,v28_seed_202_FROZEN.zip,eb9c2dcd1e9cc1ac1ae85f1a4e759aae4aad57b10c9a0ce7a1320dfefd2245ad
2024-10-08,0,0,False,,846,v28_seed_202_FROZEN.zip,eb9c2dcd1e9cc1ac1ae85f1a4e759aae4aad57b10c9a0ce7a1320dfefd2245ad
2024-10-09,0,0,False,,846,v28_seed_202_FROZEN.zip,eb9c2dcd1e9cc1ac1ae85f1a4e759aae4aad57b10c9a0ce7a1320dfefd2245ad
2024-10-10,0,0,False,,846,v28_seed_202_FROZEN.zip,eb9c2dcd1e9cc1ac1ae85f1a4e759aae4aad57b10c9a0ce7a1320dfefd2245ad
2024-10-11,0,0,False,,846,v28_seed_202_FROZEN.zip,eb9c2dcd1e9cc1ac1ae85f1a4e759aae4aad57b10c9a0ce7a1320dfefd2245ad
2024-10-14,0,0,False,,846,v28_seed_202_FROZEN.zip,eb9c2dcd1e9cc1ac1ae85f1a4e759aae4aad57b10c9a0ce7a1320dfefd2245ad
2024-10-15,0,0,False,,846,v28_seed_202_FROZEN.zip,eb9c2dcd1e9cc1ac1ae85f1a4e759aae4aad57b10c9a0ce7a1320dfefd2245ad
2024-10-16,0,0,False,,846,v28_seed_202_FROZEN.zip,eb9c2dcd1e9cc1ac1ae85f1a4e759aae4aad57b10c9a0ce7a1320dfefd2245ad
2024-10-17,0,0,False,,846,v28_seed_202_FROZEN.zip,eb9c2dcd1e9cc1ac1ae85f1a4e759aae4aad57b10c9a0ce7a1320dfefd2245ad
2024-10-18,0,0,False,,846,v28_seed_202_FROZEN.zip,eb9c2dcd1e9cc1ac1ae85f1a4e759aae4aad57b10c9a0ce7a1320dfefd2245ad
2024-10-21,1,1,True,,847,v28_seed_202_FROZEN.zip,eb9c2dcd1e9cc1ac1ae85f1a4e759aae4aad57b10c9a0ce7a1320dfefd2245ad
2024-10-22,0,0,True,,848,v28_seed_202_FROZEN.zip,eb9c2dcd1e9cc1ac1ae85f1a4e759aae4aad57b10c9a0ce7a1320dfefd2245ad
2024-10-23,0,0,False,,848,v28_seed_202_FROZEN.zip,eb9c2dcd1e9cc1ac1ae85f1a4e759aae4aad57b10c9a0ce7a1320dfefd2245ad
2024-10-24,0,0,False,,848,v28_seed_202_FROZEN.zip,eb9c2dcd1e9cc1ac1ae85f1a4e759aae4aad57b10c9a0ce7a1320dfefd2245ad
2024-10-25,1,1,True,,849,v28_seed_202_FROZEN.zip,eb9c2dcd1e9cc1ac1ae85f1a4e759aae4aad57b10c9a0ce7a1320dfefd2245ad
2024-10-28,1,1,False,,849,v28_seed_202_FROZEN.zip,eb9c2dcd1e9cc1ac1ae85f1a4e759aae4aad57b10c9a0ce7a1320dfefd2245ad
2024-10-29,1,1,False,,849,v28_seed_202_FROZEN.zip,eb9c2dcd1e9cc1ac1ae85f1a4e759aae4aad57b10c9a0ce7a1320dfefd2245ad
2024-10-30,1,1,False,,849,v28_seed_202_FROZEN.zip,eb9c2dcd1e9cc1ac1ae85f1a4e759aae4aad57b10c9a0ce7a1320dfefd2245ad
2024-10-31,0,0,True,,850,v28_seed_202_FROZEN.zip,eb9c2dcd1e9cc1ac1ae85f1a4e759aae4aad57b10c9a0ce7a1320dfefd2245ad
2024-11-01,0,0,False,,850,v28_seed_202_FROZEN.zip,eb9c2dcd1e9cc1ac1ae85f1a4e759aae4aad57b10c9a0ce7a1320dfefd2245ad
2024-11-04,0,0,False,,850,v28_seed_202_FROZEN.zip,eb9c2dcd1e9cc1ac1ae85f1a4e759aae4aad57b10c9a0ce7a1320dfefd2245ad
2024-11-05,1,1,True,,851,v28_seed_202_FROZEN.zip,eb9c2dcd1e9cc1ac1ae85f1a4e759aae4aad57b10c9a0ce7a1320dfefd2245ad
2024-11-06,1,1,False,,851,v28_seed_202_FROZEN.zip,eb9c2dcd1e9cc1ac1ae85f1a4e759aae4aad57b10c9a0ce7a1320dfefd2245ad
2024-11-07,1,1,False,,851,v28_seed_202_FROZEN.zip,eb9c2dcd1e9cc1ac1ae85f1a4e759aae4aad57b10c9a0ce7a1320dfefd2245ad
2024-11-08,1,1,False,,851,v28_seed_202_FROZEN.zip,eb9c2dcd1e9cc1ac1ae85f1a4e759aae4aad57b10c9a0ce7a1320dfefd2245ad
2024-11-11,1,1,False,,851,v28_seed_202_FROZEN.zip,eb9c2dcd1e9cc1ac1ae85f1a4e759aae4aad57b10c9a0ce7a1320dfefd2245ad
2024-11-12,0,0,True,,852,v28_seed_202_FROZEN.zip,eb9c2dcd1e9cc1ac1ae85f1a4e759aae4aad57b10c9a0ce7a1320dfefd2245ad
2024-11-13,0,0,False,,852,v28_seed_202_FROZEN.zip,eb9c2dcd1e9cc1ac1ae85f1a4e759aae4aad57b10c9a0ce7a1320dfefd2245ad
2024-11-14,0,0,False,,852,v28_seed_202_FROZEN.zip,eb9c2dcd1e9cc1ac1ae85f1a4e759aae4aad57b10c9a0ce7a1320dfefd2245ad
2024-11-15,1,1,True,,853,v28_seed_202_FROZEN.zip,eb9c2dcd1e9cc1ac1ae85f1a4e759aae4aad57b10c9a0ce7a1320dfefd2245ad
2024-11-18,1,1,False,,853,v28_seed_202_FROZEN.zip,eb9c2dcd1e9cc1ac1ae85f1a4e759aae4aad57b10c9a0ce7a1320dfefd2245ad
2024-11-19,1,1,False,,853,v28_seed_202_FROZEN.zip,eb9c2dcd1e9cc1ac1ae85f1a4e759aae4aad57b10c9a0ce7a1320dfefd2245ad
2024-11-20,1,1,False,,853,v28_seed_202_FROZEN.zip,eb9c2dcd1e9cc1ac1ae85f1a4e759aae4aad57b10c9a0ce7a1320dfefd2245ad
2024-11-21,1,1,False,,853,v28_seed_202_FROZEN.zip,eb9c2dcd1e9cc1ac1ae85f1a4e759aae4aad57b10c9a0ce7a1320dfefd2245ad
2024-11-22,1,1,False,,853,v28_seed_202_FROZEN.zip,eb9c2dcd1e9cc1ac1ae85f1a4e759aae4aad57b10c9a0ce7a1320dfefd2245ad
2024-11-25,1,1,False,,853,v28_seed_202_FROZEN.zip,eb9c2dcd1e9cc1ac1ae85f1a4e759aae4aad57b10c9a0ce7a1320dfefd2245ad
2024-11-26,1,1,False,,853,v28_seed_202_FROZEN.zip,eb9c2dcd1e9cc1ac1ae85f1a4e759aae4aad57b10c9a0ce7a1320dfefd2245ad
2024-11-27,1,1,False,,853,v28_seed_202_FROZEN.zip,eb9c2dcd1e9cc1ac1ae85f1a4e759aae4aad57b10c9a0ce7a1320dfefd2245ad
2024-11-29,1,1,False,,853,v28_seed_202_FROZEN.zip,eb9c2dcd1e9cc1ac1ae85f1a4e759aae4aad57b10c9a0ce7a1320dfefd2245ad
2024-12-02,1,1,False,,853,v28_seed_202_FROZEN.zip,eb9c2dcd1e9cc1ac1ae85f1a4e759aae4aad57b10c9a0ce7a1320dfefd2245ad
2024-12-03,0,0,True,,854,v28_seed_202_FROZEN.zip,eb9c2dcd1e9cc1ac1ae85f1a4e759aae4aad57b10c9a0ce7a1320dfefd2245ad
2024-12-04,1,1,True,,855,v28_seed_202_FROZEN.zip,eb9c2dcd1e9cc1ac1ae85f1a4e759aae4aad57b10c9a0ce7a1320dfefd2245ad
2024-12-05,0,0,True,,856,v28_seed_202_FROZEN.zip,eb9c2dcd1e9cc1ac1ae85f1a4e759aae4aad57b10c9a0ce7a1320dfefd2245ad
2024-12-06,1,1,True,,857,v28_seed_202_FROZEN.zip,eb9c2dcd1e9cc1ac1ae85f1a4e759aae4aad57b10c9a0ce7a1320dfefd2245ad
2024-12-09,1,1,False,,857,v28_seed_202_FROZEN.zip,eb9c2dcd1e9cc1ac1ae85f1a4e759aae4aad57b10c9a0ce7a1320dfefd2245ad
2024-12-10,1,1,False,,857,v28_seed_202_FROZEN.zip,eb9c2dcd1e9cc1ac1ae85f1a4e759aae4aad57b10c9a0ce7a1320dfefd2245ad
2024-12-11,1,1,False,,857,v28_seed_202_FROZEN.zip,eb9c2dcd1e9cc1ac1ae85f1a4e759aae4aad57b10c9a0ce7a1320dfefd2245ad
2024-12-12,1,1,False,,857,v28_seed_202_FROZEN.zip,eb9c2dcd1e9cc1ac1ae85f1a4e759aae4aad57b10c9a0ce7a1320dfefd2245ad
2024-12-13,1,1,False,,857,v28_seed_202_FROZEN.zip,eb9c2dcd1e9cc1ac1ae85f1a4e759aae4aad57b10c9a0ce7a1320dfefd2245ad
2024-12-16,1,1,False,,857,v28_seed_202_FROZEN.zip,eb9c2dcd1e9cc1ac1ae85f1a4e759aae4aad57b10c9a0ce7a1320dfefd2245ad
2024-12-17,1,1,False,,857,v28_seed_202_FROZEN.zip,eb9c2dcd1e9cc1ac1ae85f1a4e759aae4aad57b10c9a0ce7a1320dfefd2245ad
2024-12-18,0,0,True,,858,v28_seed_202_FROZEN.zip,eb9c2dcd1e9cc1ac1ae85f1a4e759aae4aad57b10c9a0ce7a1320dfefd2245ad
2024-12-19,1,1,True,,859,v28_seed_202_FROZEN.zip,eb9c2dcd1e9cc1ac1ae85f1a4e759aae4aad57b10c9a0ce7a1320dfefd2245ad
2024-12-20,0,0,True,,860,v28_seed_202_FROZEN.zip,eb9c2dcd1e9cc1ac1ae85f1a4e759aae4aad57b10c9a0ce7a1320dfefd2245ad
2024-12-23,0,0,False,,860,v28_seed_202_FROZEN.zip,eb9c2dcd1e9cc1ac1ae85f1a4e759aae4aad57b10c9a0ce7a1320dfefd2245ad
2024-12-24,1,1,True,,861,v28_seed_202_FROZEN.zip,eb9c2dcd1e9cc1ac1ae85f1a4e759aae4aad57b10c9a0ce7a1320dfefd2245ad
2024-12-26,1,1,False,,861,v28_seed_202_FROZEN.zip,eb9c2dcd1e9cc1ac1ae85f1a4e759aae4aad57b10c9a0ce7a1320dfefd2245ad
2024-12-27,0,0,True,,862,v28_seed_202_FROZEN.zip,eb9c2dcd1e9cc1ac1ae85f1a4e759aae4aad57b10c9a0ce7a1320dfefd2245ad
2024-12-30,1,1,True,,863,v28_seed_202_FROZEN.zip,eb9c2dcd1e9cc1ac1ae85f1a4e759aae4aad57b10c9a0ce7a1320dfefd2245ad
2024-12-31,1,1,False,,863,v28_seed_202_FROZEN.zip,eb9c2dcd1e9cc1ac1ae85f1a4e759aae4aad57b10c9a0ce7a1320dfefd2245ad
2025-01-02,1,1,False,,863,v28_seed_202_FROZEN.zip,eb9c2dcd1e9cc1ac1ae85f1a4e759aae4aad57b10c9a0ce7a1320dfefd2245ad
2025-01-03,1,1,False,,863,v28_seed_202_FROZEN.zip,eb9c2dcd1e9cc1ac1ae85f1a4e759aae4aad57b10c9a0ce7a1320dfefd2245ad
2025-01-06,1,1,False,,863,v28_seed_202_FROZEN.zip,eb9c2dcd1e9cc1ac1ae85f1a4e759aae4aad57b10c9a0ce7a1320dfefd2245ad
2025-01-07,1,1,False,,863,v28_seed_202_FROZEN.zip,eb9c2dcd1e9cc1ac1ae85f1a4e759aae4aad57b10c9a0ce7a1320dfefd2245ad
2025-01-08,1,1,False,,863,v28_seed_202_FROZEN.zip,eb9c2dcd1e9cc1ac1ae85f1a4e759aae4aad57b10c9a0ce7a1320dfefd2245ad
2025-01-10,1,1,False,,863,v28_seed_202_FROZEN.zip,eb9c2dcd1e9cc1ac1ae85f1a4e759aae4aad57b10c9a0ce7a1320dfefd2245ad
2025-01-13,1,1,False,,863,v28_seed_202_FROZEN.zip,eb9c2dcd1e9cc1ac1ae85f1a4e759aae4aad57b10c9a0ce7a1320dfefd2245ad
2025-01-14,1,1,False,,863,v28_seed_202_FROZEN.zip,eb9c2dcd1e9cc1ac1ae85f1a4e759aae4aad57b10c9a0ce7a1320dfefd2245ad
2025-01-15,1,1,False,,863,v28_seed_202_FROZEN.zip,eb9c2dcd1e9cc1ac1ae85f1a4e759aae4aad57b10c9a0ce7a1320dfefd2245ad
2025-01-16,0,0,True,,864,v28_seed_202_FROZEN.zip,eb9c2dcd1e9cc1ac1ae85f1a4e759aae4aad57b10c9a0ce7a1320dfefd2245ad
2025-01-17,1,1,True,,865,v28_seed_202_FROZEN.zip,eb9c2dcd1e9cc1ac1ae85f1a4e759aae4aad57b10c9a0ce7a1320dfefd2245ad
2025-01-21,1,1,False,,865,v28_seed_202_FROZEN.zip,eb9c2dcd1e9cc1ac1ae85f1a4e759aae4aad57b10c9a0ce7a1320dfefd2245ad
2025-01-22,1,1,False,,865,v28_seed_202_FROZEN.zip,eb9c2dcd1e9cc1ac1ae85f1a4e759aae4aad57b10c9a0ce7a1320dfefd2245ad
2025-01-23,0,0,True,,866,v28_seed_202_FROZEN.zip,eb9c2dcd1e9cc1ac1ae85f1a4e759aae4aad57b10c9a0ce7a1320dfefd2245ad
2025-01-24,0,0,False,,866,v28_seed_202_FROZEN.zip,eb9c2dcd1e9cc1ac1ae85f1a4e759aae4aad57b10c9a0ce7a1320dfefd2245ad
2025-01-27,1,1,True,,867,v28_seed_202_FROZEN.zip,eb9c2dcd1e9cc1ac1ae85f1a4e759aae4aad57b10c9a0ce7a1320dfefd2245ad
2025-01-28,0,0,True,,868,v28_seed_202_FROZEN.zip,eb9c2dcd1e9cc1ac1ae85f1a4e759aae4aad57b10c9a0ce7a1320dfefd2245ad
2025-01-29,1,1,True,,869,v28_seed_202_FROZEN.zip,eb9c2dcd1e9cc1ac1ae85f1a4e759aae4aad57b10c9a0ce7a1320dfefd2245ad
2025-01-30,0,0,True,,870,v28_seed_202_FROZEN.zip,eb9c2dcd1e9cc1ac1ae85f1a4e759aae4aad57b10c9a0ce7a1320dfefd2245ad
2025-01-31,1,1,True,,871,v28_seed_202_FROZEN.zip,eb9c2dcd1e9cc1ac1ae85f1a4e759aae4aad57b10c9a0ce7a1320dfefd2245ad
2025-02-03,0,0,True,,872,v28_seed_202_FROZEN.zip,eb9c2dcd1e9cc1ac1ae85f1a4e759aae4aad57b10c9a0ce7a1320dfefd2245ad
2025-02-04,0,0,False,,872,v28_seed_202_FROZEN.zip,eb9c2dcd1e9cc1ac1ae85f1a4e759aae4aad57b10c9a0ce7a1320dfefd2245ad
2025-02-05,0,0,False,,872,v28_seed_202_FROZEN.zip,eb9c2dcd1e9cc1ac1ae85f1a4e759aae4aad57b10c9a0ce7a1320dfefd2245ad
2025-02-06,0,0,False,,872,v28_seed_202_FROZEN.zip,eb9c2dcd1e9cc1ac1ae85f1a4e759aae4aad57b10c9a0ce7a1320dfefd2245ad
2025-02-07,0,0,False,,872,v28_seed_202_FROZEN.zip,eb9c2dcd1e9cc1ac1ae85f1a4e759aae4aad57b10c9a0ce7a1320dfefd2245ad
2025-02-10,0,0,False,,872,v28_seed_202_FROZEN.zip,eb9c2dcd1e9cc1ac1ae85f1a4e759aae4aad57b10c9a0ce7a1320dfefd2245ad
2025-02-11,0,0,False,,872,v28_seed_202_FROZEN.zip,eb9c2dcd1e9cc1ac1ae85f1a4e759aae4aad57b10c9a0ce7a1320dfefd2245ad
2025-02-12,0,0,False,,872,v28_seed_202_FROZEN.zip,eb9c2dcd1e9cc1ac1ae85f1a4e759aae4aad57b10c9a0ce7a1320dfefd2245ad
2025-02-13,0,0,False,,872,v28_seed_202_FROZEN.zip,eb9c2dcd1e9cc1ac1ae85f1a4e759aae4aad57b10c9a0ce7a1320dfefd2245ad
2025-02-14,0,0,False,,872,v28_seed_202_FROZEN.zip,eb9c2dcd1e9cc1ac1ae85f1a4e759aae4aad57b10c9a0ce7a1320dfefd2245ad
2025-02-18,0,0,False,,872,v28_seed_202_FROZEN.zip,eb9c2dcd1e9cc1ac1ae85f1a4e759aae4aad57b10c9a0ce7a1320dfefd2245ad
2025-02-19,0,0,False,,872,v28_seed_202_FROZEN.zip,eb9c2dcd1e9cc1ac1ae85f1a4e759aae4aad57b10c9a0ce7a1320dfefd2245ad
2025-02-20,0,0,False,,872,v28_seed_202_FROZEN.zip,eb9c2dcd1e9cc1ac1ae85f1a4e759aae4aad57b10c9a0ce7a1320dfefd2245ad
2025-02-21,1,1,True,,873,v28_seed_202_FROZEN.zip,eb9c2dcd1e9cc1ac1ae85f1a4e759aae4aad57b10c9a0ce7a1320dfefd2245ad
2025-02-24,0,0,True,,874,v28_seed_202_FROZEN.zip,eb9c2dcd1e9cc1ac1ae85f1a4e759aae4aad57b10c9a0ce7a1320dfefd2245ad
2025-02-25,1,1,True,,875,v28_seed_202_FROZEN.zip,eb9c2dcd1e9cc1ac1ae85f1a4e759aae4aad57b10c9a0ce7a1320dfefd2245ad
2025-02-26,0,0,True,,876,v28_seed_202_FROZEN.zip,eb9c2dcd1e9cc1ac1ae85f1a4e759aae4aad57b10c9a0ce7a1320dfefd2245ad
2025-02-27,0,0,False,,876,v28_seed_202_FROZEN.zip,eb9c2dcd1e9cc1ac1ae85f1a4e759aae4aad57b10c9a0ce7a1320dfefd2245ad
2025-02-28,0,0,False,,876,v28_seed_202_FROZEN.zip,eb9c2dcd1e9cc1ac1ae85f1a4e759aae4aad57b10c9a0ce7a1320dfefd2245ad
2025-03-03,0,0,False,,876,v28_seed_202_FROZEN.zip,eb9c2dcd1e9cc1ac1ae85f1a4e759aae4aad57b10c9a0ce7a1320dfefd2245ad
2025-03-04,0,0,False,,876,v28_seed_202_FROZEN.zip,eb9c2dcd1e9cc1ac1ae85f1a4e759aae4aad57b10c9a0ce7a1320dfefd2245ad
2025-03-05,0,0,False,,876,v28_seed_202_FROZEN.zip,eb9c2dcd1e9cc1ac1ae85f1a4e759aae4aad57b10c9a0ce7a1320dfefd2245ad
2025-03-06,0,0,False,,876,v28_seed_202_FROZEN.zip,eb9c2dcd1e9cc1ac1ae85f1a4e759aae4aad57b10c9a0ce7a1320dfefd2245ad
2025-03-07,0,0,False,,876,v28_seed_202_FROZEN.zip,eb9c2dcd1e9cc1ac1ae85f1a4e759aae4aad57b10c9a0ce7a1320dfefd2245ad
2025-03-10,0,0,False,,876,v28_seed_202_FROZEN.zip,eb9c2dcd1e9cc1ac1ae85f1a4e759aae4aad57b10c9a0ce7a1320dfefd2245ad
2025-03-11,0,0,False,,876,v28_seed_202_FROZEN.zip,eb9c2dcd1e9cc1ac1ae85f1a4e759aae4aad57b10c9a0ce7a1320dfefd2245ad
2025-03-12,0,0,False,,876,v28_seed_202_FROZEN.zip,eb9c2dcd1e9cc1ac1ae85f1a4e759aae4aad57b10c9a0ce7a1320dfefd2245ad
2025-03-13,0,0,False,,876,v28_seed_202_FROZEN.zip,eb9c2dcd1e9cc1ac1ae85f1a4e759aae4aad57b10c9a0ce7a1320dfefd2245ad
2025-03-14,1,1,True,,877,v28_seed_202_FROZEN.zip,eb9c2dcd1e9cc1ac1ae85f1a4e759aae4aad57b10c9a0ce7a1320dfefd2245ad
2025-03-17,1,1,False,,877,v28_seed_202_FROZEN.zip,eb9c2dcd1e9cc1ac1ae85f1a4e759aae4aad57b10c9a0ce7a1320dfefd2245ad
2025-03-18,1,1,False,,877,v28_seed_202_FROZEN.zip,eb9c2dcd1e9cc1ac1ae85f1a4e759aae4aad57b10c9a0ce7a1320dfefd2245ad
2025-03-19,1,1,False,,877,v28_seed_202_FROZEN.zip,eb9c2dcd1e9cc1ac1ae85f1a4e759aae4aad57b10c9a0ce7a1320dfefd2245ad
2025-03-20,1,1,False,,877,v28_seed_202_FROZEN.zip,eb9c2dcd1e9cc1ac1ae85f1a4e759aae4aad57b10c9a0ce7a1320dfefd2245ad
2025-03-21,1,1,False,,877,v28_seed_202_FROZEN.zip,eb9c2dcd1e9cc1ac1ae85f1a4e759aae4aad57b10c9a0ce7a1320dfefd2245ad
2025-03-24,1,1,False,,877,v28_seed_202_FROZEN.zip,eb9c2dcd1e9cc1ac1ae85f1a4e759aae4aad57b10c9a0ce7a1320dfefd2245ad
2025-03-25,0,0,True,,878,v28_seed_202_FROZEN.zip,eb9c2dcd1e9cc1ac1ae85f1a4e759aae4aad57b10c9a0ce7a1320dfefd2245ad
2025-03-26,0,0,False,,878,v28_seed_202_FROZEN.zip,eb9c2dcd1e9cc1ac1ae85f1a4e759aae4aad57b10c9a0ce7a1320dfefd2245ad
2025-03-27,0,0,False,,878,v28_seed_202_FROZEN.zip,eb9c2dcd1e9cc1ac1ae85f1a4e759aae4aad57b10c9a0ce7a1320dfefd2245ad
2025-03-28,1,1,True,,879,v28_seed_202_FROZEN.zip,eb9c2dcd1e9cc1ac1ae85f1a4e759aae4aad57b10c9a0ce7a1320dfefd2245ad
2025-03-31,1,1,False,,879,v28_seed_202_FROZEN.zip,eb9c2dcd1e9cc1ac1ae85f1a4e759aae4aad57b10c9a0ce7a1320dfefd2245ad
2025-04-01,1,1,False,,879,v28_seed_202_FROZEN.zip,eb9c2dcd1e9cc1ac1ae85f1a4e759aae4aad57b10c9a0ce7a1320dfefd2245ad
2025-04-02,0,0,True,,880,v28_seed_202_FROZEN.zip,eb9c2dcd1e9cc1ac1ae85f1a4e759aae4aad57b10c9a0ce7a1320dfefd2245ad
2025-04-03,0,0,False,,880,v28_seed_202_FROZEN.zip,eb9c2dcd1e9cc1ac1ae85f1a4e759aae4aad57b10c9a0ce7a1320dfefd2245ad
2025-04-04,1,1,True,,881,v28_seed_202_FROZEN.zip,eb9c2dcd1e9cc1ac1ae85f1a4e759aae4aad57b10c9a0ce7a1320dfefd2245ad
2025-04-07,0,0,True,,882,v28_seed_202_FROZEN.zip,eb9c2dcd1e9cc1ac1ae85f1a4e759aae4aad57b10c9a0ce7a1320dfefd2245ad
2025-04-08,1,1,True,,883,v28_seed_202_FROZEN.zip,eb9c2dcd1e9cc1ac1ae85f1a4e759aae4aad57b10c9a0ce7a1320dfefd2245ad
2025-04-09,0,0,True,,884,v28_seed_202_FROZEN.zip,eb9c2dcd1e9cc1ac1ae85f1a4e759aae4aad57b10c9a0ce7a1320dfefd2245ad
2025-04-10,0,0,False,,884,v28_seed_202_FROZEN.zip,eb9c2dcd1e9cc1ac1ae85f1a4e759aae4aad57b10c9a0ce7a1320dfefd2245ad
2025-04-11,0,0,False,,884,v28_seed_202_FROZEN.zip,eb9c2dcd1e9cc1ac1ae85f1a4e759aae4aad57b10c9a0ce7a1320dfefd2245ad
2025-04-14,0,0,False,,884,v28_seed_202_FROZEN.zip,eb9c2dcd1e9cc1ac1ae85f1a4e759aae4aad57b10c9a0ce7a1320dfefd2245ad
2025-04-15,0,0,False,,884,v28_seed_202_FROZEN.zip,eb9c2dcd1e9cc1ac1ae85f1a4e759aae4aad57b10c9a0ce7a1320dfefd2245ad
2025-04-16,1,1,True,,885,v28_seed_202_FROZEN.zip,eb9c2dcd1e9cc1ac1ae85f1a4e759aae4aad57b10c9a0ce7a1320dfefd2245ad
2025-04-17,1,1,False,,885,v28_seed_202_FROZEN.zip,eb9c2dcd1e9cc1ac1ae85f1a4e759aae4aad57b10c9a0ce7a1320dfefd2245ad
2025-04-21,1,1,False,,885,v28_seed_202_FROZEN.zip,eb9c2dcd1e9cc1ac1ae85f1a4e759aae4aad57b10c9a0ce7a1320dfefd2245ad
2025-04-22,1,1,False,,885,v28_seed_202_FROZEN.zip,eb9c2dcd1e9cc1ac1ae85f1a4e759aae4aad57b10c9a0ce7a1320dfefd2245ad
2025-04-23,1,1,False,,885,v28_seed_202_FROZEN.zip,eb9c2dcd1e9cc1ac1ae85f1a4e759aae4aad57b10c9a0ce7a1320dfefd2245ad
2025-04-24,0,0,True,,886,v28_seed_202_FROZEN.zip,eb9c2dcd1e9cc1ac1ae85f1a4e759aae4aad57b10c9a0ce7a1320dfefd2245ad
2025-04-25,0,0,False,,886,v28_seed_202_FROZEN.zip,eb9c2dcd1e9cc1ac1ae85f1a4e759aae4aad57b10c9a0ce7a1320dfefd2245ad
2025-04-28,0,0,False,,886,v28_seed_202_FROZEN.zip,eb9c2dcd1e9cc1ac1ae85f1a4e759aae4aad57b10c9a0ce7a1320dfefd2245ad
2025-04-29,0,0,False,,886,v28_seed_202_FROZEN.zip,eb9c2dcd1e9cc1ac1ae85f1a4e759aae4aad57b10c9a0ce7a1320dfefd2245ad
2025-04-30,1,1,True,,887,v28_seed_202_FROZEN.zip,eb9c2dcd1e9cc1ac1ae85f1a4e759aae4aad57b10c9a0ce7a1320dfefd2245ad
2025-05-01,0,0,True,,888,v28_seed_202_FROZEN.zip,eb9c2dcd1e9cc1ac1ae85f1a4e759aae4aad57b10c9a0ce7a1320dfefd2245ad
2025-05-02,0,0,False,,888,v28_seed_202_FROZEN.zip,eb9c2dcd1e9cc1ac1ae85f1a4e759aae4aad57b10c9a0ce7a1320dfefd2245ad
2025-05-05,0,0,False,,888,v28_seed_202_FROZEN.zip,eb9c2dcd1e9cc1ac1ae85f1a4e759aae4aad57b10c9a0ce7a1320dfefd2245ad
2025-05-06,0,0,False,,888,v28_seed_202_FROZEN.zip,eb9c2dcd1e9cc1ac1ae85f1a4e759aae4aad57b10c9a0ce7a1320dfefd2245ad
2025-05-07,0,0,False,,888,v28_seed_202_FROZEN.zip,eb9c2dcd1e9cc1ac1ae85f1a4e759aae4aad57b10c9a0ce7a1320dfefd2245ad
2025-05-08,1,1,True,,889,v28_seed_202_FROZEN.zip,eb9c2dcd1e9cc1ac1ae85f1a4e759aae4aad57b10c9a0ce7a1320dfefd2245ad
2025-05-09,1,1,False,,889,v28_seed_202_FROZEN.zip,eb9c2dcd1e9cc1ac1ae85f1a4e759aae4aad57b10c9a0ce7a1320dfefd2245ad
2025-05-12,1,1,False,,889,v28_seed_202_FROZEN.zip,eb9c2dcd1e9cc1ac1ae85f1a4e759aae4aad57b10c9a0ce7a1320dfefd2245ad
2025-05-13,1,1,False,,889,v28_seed_202_FROZEN.zip,eb9c2dcd1e9cc1ac1ae85f1a4e759aae4aad57b10c9a0ce7a1320dfefd2245ad
2025-05-14,0,0,True,,890,v28_seed_202_FROZEN.zip,eb9c2dcd1e9cc1ac1ae85f1a4e759aae4aad57b10c9a0ce7a1320dfefd2245ad
2025-05-15,0,0,False,,890,v28_seed_202_FROZEN.zip,eb9c2dcd1e9cc1ac1ae85f1a4e759aae4aad57b10c9a0ce7a1320dfefd2245ad
2025-05-16,0,0,False,,890,v28_seed_202_FROZEN.zip,eb9c2dcd1e9cc1ac1ae85f1a4e759aae4aad57b10c9a0ce7a1320dfefd2245ad
2025-05-19,0,0,False,,890,v28_seed_202_FROZEN.zip,eb9c2dcd1e9cc1ac1ae85f1a4e759aae4aad57b10c9a0ce7a1320dfefd2245ad
2025-05-20,0,0,False,,890,v28_seed_202_FROZEN.zip,eb9c2dcd1e9cc1ac1ae85f1a4e759aae4aad57b10c9a0ce7a1320dfefd2245ad
2025-05-21,1,1,True,,891,v28_seed_202_FROZEN.zip,eb9c2dcd1e9cc1ac1ae85f1a4e759aae4aad57b10c9a0ce7a1320dfefd2245ad
2025-05-22,1,1,False,,891,v28_seed_202_FROZEN.zip,eb9c2dcd1e9cc1ac1ae85f1a4e759aae4aad57b10c9a0ce7a1320dfefd2245ad
2025-05-23,1,1,False,,891,v28_seed_202_FROZEN.zip,eb9c2dcd1e9cc1ac1ae85f1a4e759aae4aad57b10c9a0ce7a1320dfefd2245ad
2025-05-27,0,0,True,,892,v28_seed_202_FROZEN.zip,eb9c2dcd1e9cc1ac1ae85f1a4e759aae4aad57b10c9a0ce7a1320dfefd2245ad
2025-05-28,1,1,True,,893,v28_seed_202_FROZEN.zip,eb9c2dcd1e9cc1ac1ae85f1a4e759aae4aad57b10c9a0ce7a1320dfefd2245ad
2025-05-29,1,1,False,,893,v28_seed_202_FROZEN.zip,eb9c2dcd1e9cc1ac1ae85f1a4e759aae4aad57b10c9a0ce7a1320dfefd2245ad
2025-05-30,1,1,False,,893,v28_seed_202_FROZEN.zip,eb9c2dcd1e9cc1ac1ae85f1a4e759aae4aad57b10c9a0ce7a1320dfefd2245ad
2025-06-02,1,1,False,,893,v28_seed_202_FROZEN.zip,eb9c2dcd1e9cc1ac1ae85f1a4e759aae4aad57b10c9a0ce7a1320dfefd2245ad
2025-06-03,1,1,False,,893,v28_seed_202_FROZEN.zip,eb9c2dcd1e9cc1ac1ae85f1a4e759aae4aad57b10c9a0ce7a1320dfefd2245ad
2025-06-04,1,1,False,,893,v28_seed_202_FROZEN.zip,eb9c2dcd1e9cc1ac1ae85f1a4e759aae4aad57b10c9a0ce7a1320dfefd2245ad
2025-06-05,1,1,False,,893,v28_seed_202_FROZEN.zip,eb9c2dcd1e9cc1ac1ae85f1a4e759aae4aad57b10c9a0ce7a1320dfefd2245ad
2025-06-06,1,1,False,,893,v28_seed_202_FROZEN.zip,eb9c2dcd1e9cc1ac1ae85f1a4e759aae4aad57b10c9a0ce7a1320dfefd2245ad
2025-06-09,1,1,False,,893,v28_seed_202_FROZEN.zip,eb9c2dcd1e9cc1ac1ae85f1a4e759aae4aad57b10c9a0ce7a1320dfefd2245ad
2025-06-10,1,1,False,,893,v28_seed_202_FROZEN.zip,eb9c2dcd1e9cc1ac1ae85f1a4e759aae4aad57b10c9a0ce7a1320dfefd2245ad
2025-06-11,0,0,True,,894,v28_seed_202_FROZEN.zip,eb9c2dcd1e9cc1ac1ae85f1a4e759aae4aad57b10c9a0ce7a1320dfefd2245ad
2025-06-12,1,1,True,,895,v28_seed_202_FROZEN.zip,eb9c2dcd1e9cc1ac1ae85f1a4e759aae4aad57b10c9a0ce7a1320dfefd2245ad
2025-06-13,0,0,True,,896,v28_seed_202_FROZEN.zip,eb9c2dcd1e9cc1ac1ae85f1a4e759aae4aad57b10c9a0ce7a1320dfefd2245ad
2025-06-16,0,0,False,,896,v28_seed_202_FROZEN.zip,eb9c2dcd1e9cc1ac1ae85f1a4e759aae4aad57b10c9a0ce7a1320dfefd2245ad
2025-06-17,1,1,True,,897,v28_seed_202_FROZEN.zip,eb9c2dcd1e9cc1ac1ae85f1a4e759aae4aad57b10c9a0ce7a1320dfefd2245ad
2025-06-18,1,1,False,,897,v28_seed_202_FROZEN.zip,eb9c2dcd1e9cc1ac1ae85f1a4e759aae4aad57b10c9a0ce7a1320dfefd2245ad
2025-06-20,1,1,False,,897,v28_seed_202_FROZEN.zip,eb9c2dcd1e9cc1ac1ae85f1a4e759aae4aad57b10c9a0ce7a1320dfefd2245ad
2025-06-23,1,1,False,,897,v28_seed_202_FROZEN.zip,eb9c2dcd1e9cc1ac1ae85f1a4e759aae4aad57b10c9a0ce7a1320dfefd2245ad
2025-06-24,1,1,False,,897,v28_seed_202_FROZEN.zip,eb9c2dcd1e9cc1ac1ae85f1a4e759aae4aad57b10c9a0ce7a1320dfefd2245ad
2025-06-25,0,0,True,,898,v28_seed_202_FROZEN.zip,eb9c2dcd1e9cc1ac1ae85f1a4e759aae4aad57b10c9a0ce7a1320dfefd2245ad
2025-06-26,1,1,True,,899,v28_seed_202_FROZEN.zip,eb9c2dcd1e9cc1ac1ae85f1a4e759aae4aad57b10c9a0ce7a1320dfefd2245ad
2025-06-27,1,1,False,,899,v28_seed_202_FROZEN.zip,eb9c2dcd1e9cc1ac1ae85f1a4e759aae4aad57b10c9a0ce7a1320dfefd2245ad
2025-06-30,1,1,False,,899,v28_seed_202_FROZEN.zip,eb9c2dcd1e9cc1ac1ae85f1a4e759aae4aad57b10c9a0ce7a1320dfefd2245ad
2025-07-01,0,0,True,,900,v28_seed_202_FROZEN.zip,eb9c2dcd1e9cc1ac1ae85f1a4e759aae4aad57b10c9a0ce7a1320dfefd2245ad
2025-07-02,1,1,True,,901,v28_seed_202_FROZEN.zip,eb9c2dcd1e9cc1ac1ae85f1a4e759aae4aad57b10c9a0ce7a1320dfefd2245ad
2025-07-03,1,1,False,,901,v28_seed_202_FROZEN.zip,eb9c2dcd1e9cc1ac1ae85f1a4e759aae4aad57b10c9a0ce7a1320dfefd2245ad
2025-07-07,1,1,False,,901,v28_seed_202_FROZEN.zip,eb9c2dcd1e9cc1ac1ae85f1a4e759aae4aad57b10c9a0ce7a1320dfefd2245ad
2025-07-08,1,1,False,,901,v28_seed_202_FROZEN.zip,eb9c2dcd1e9cc1ac1ae85f1a4e759aae4aad57b10c9a0ce7a1320dfefd2245ad
2025-07-09,1,1,False,,901,v28_seed_202_FROZEN.zip,eb9c2dcd1e9cc1ac1ae85f1a4e759aae4aad57b10c9a0ce7a1320dfefd2245ad
2025-07-10,1,1,False,,901,v28_seed_202_FROZEN.zip,eb9c2dcd1e9cc1ac1ae85f1a4e759aae4aad57b10c9a0ce7a1320dfefd2245ad
2025-07-11,1,1,False,,901,v28_seed_202_FROZEN.zip,eb9c2dcd1e9cc1ac1ae85f1a4e759aae4aad57b10c9a0ce7a1320dfefd2245ad
2025-07-14,1,1,False,,901,v28_seed_202_FROZEN.zip,eb9c2dcd1e9cc1ac1ae85f1a4e759aae4aad57b10c9a0ce7a1320dfefd2245ad
2025-07-15,1,1,False,,901,v28_seed_202_FROZEN.zip,eb9c2dcd1e9cc1ac1ae85f1a4e759aae4aad57b10c9a0ce7a1320dfefd2245ad
2025-07-16,1,1,False,,901,v28_seed_202_FROZEN.zip,eb9c2dcd1e9cc1ac1ae85f1a4e759aae4aad57b10c9a0ce7a1320dfefd2245ad
2025-07-17,1,1,False,,901,v28_seed_202_FROZEN.zip,eb9c2dcd1e9cc1ac1ae85f1a4e759aae4aad57b10c9a0ce7a1320dfefd2245ad
2025-07-18,1,1,False,,901,v28_seed_202_FROZEN.zip,eb9c2dcd1e9cc1ac1ae85f1a4e759aae4aad57b10c9a0ce7a1320dfefd2245ad
2025-07-21,1,1,False,,901,v28_seed_202_FROZEN.zip,eb9c2dcd1e9cc1ac1ae85f1a4e759aae4aad57b10c9a0ce7a1320dfefd2245ad
2025-07-22,1,1,False,,901,v28_seed_202_FROZEN.zip,eb9c2dcd1e9cc1ac1ae85f1a4e759aae4aad57b10c9a0ce7a1320dfefd2245ad
2025-07-23,1,1,False,,901,v28_seed_202_FROZEN.zip,eb9c2dcd1e9cc1ac1ae85f1a4e759aae4aad57b10c9a0ce7a1320dfefd2245ad
2025-07-24,1,1,False,,901,v28_seed_202_FROZEN.zip,eb9c2dcd1e9cc1ac1ae85f1a4e759aae4aad57b10c9a0ce7a1320dfefd2245ad
2025-07-25,1,1,False,,901,v28_seed_202_FROZEN.zip,eb9c2dcd1e9cc1ac1ae85f1a4e759aae4aad57b10c9a0ce7a1320dfefd2245ad
2025-07-28,1,1,False,,901,v28_seed_202_FROZEN.zip,eb9c2dcd1e9cc1ac1ae85f1a4e759aae4aad57b10c9a0ce7a1320dfefd2245ad
2025-07-29,1,1,False,,901,v28_seed_202_FROZEN.zip,eb9c2dcd1e9cc1ac1ae85f1a4e759aae4aad57b10c9a0ce7a1320dfefd2245ad
2025-07-30,1,1,False,,901,v28_seed_202_FROZEN.zip,eb9c2dcd1e9cc1ac1ae85f1a4e759aae4aad57b10c9a0ce7a1320dfefd2245ad
2025-07-31,1,1,False,,901,v28_seed_202_FROZEN.zip,eb9c2dcd1e9cc1ac1ae85f1a4e759aae4aad57b10c9a0ce7a1320dfefd2245ad
2025-08-01,1,1,False,,901,v28_seed_202_FROZEN.zip,eb9c2dcd1e9cc1ac1ae85f1a4e759aae4aad57b10c9a0ce7a1320dfefd2245ad
2025-08-04,1,1,False,,901,v28_seed_202_FROZEN.zip,eb9c2dcd1e9cc1ac1ae85f1a4e759aae4aad57b10c9a0ce7a1320dfefd2245ad
2025-08-05,1,1,False,,901,v28_seed_202_FROZEN.zip,eb9c2dcd1e9cc1ac1ae85f1a4e759aae4aad57b10c9a0ce7a1320dfefd2245ad
2025-08-06,1,1,False,,901,v28_seed_202_FROZEN.zip,eb9c2dcd1e9cc1ac1ae85f1a4e759aae4aad57b10c9a0ce7a1320dfefd2245ad
2025-08-07,1,1,False,,901,v28_seed_202_FROZEN.zip,eb9c2dcd1e9cc1ac1ae85f1a4e759aae4aad57b10c9a0ce7a1320dfefd2245ad
2025-08-08,0,0,True,,902,v28_seed_202_FROZEN.zip,eb9c2dcd1e9cc1ac1ae85f1a4e759aae4aad57b10c9a0ce7a1320dfefd2245ad
2025-08-11,1,1,True,,903,v28_seed_202_FROZEN.zip,eb9c2dcd1e9cc1ac1ae85f1a4e759aae4aad57b10c9a0ce7a1320dfefd2245ad
2025-08-12,1,1,False,,903,v28_seed_202_FROZEN.zip,eb9c2dcd1e9cc1ac1ae85f1a4e759aae4aad57b10c9a0ce7a1320dfefd2245ad
2025-08-13,1,1,False,,903,v28_seed_202_FROZEN.zip,eb9c2dcd1e9cc1ac1ae85f1a4e759aae4aad57b10c9a0ce7a1320dfefd2245ad
2025-08-14,1,1,False,,903,v28_seed_202_FROZEN.zip,eb9c2dcd1e9cc1ac1ae85f1a4e759aae4aad57b10c9a0ce7a1320dfefd2245ad
2025-08-15,1,1,False,,903,v28_seed_202_FROZEN.zip,eb9c2dcd1e9cc1ac1ae85f1a4e759aae4aad57b10c9a0ce7a1320dfefd2245ad
2025-08-18,1,1,False,,903,v28_seed_202_FROZEN.zip,eb9c2dcd1e9cc1ac1ae85f1a4e759aae4aad57b10c9a0ce7a1320dfefd2245ad
2025-08-19,1,1,False,,903,v28_seed_202_FROZEN.zip,eb9c2dcd1e9cc1ac1ae85f1a4e759aae4aad57b10c9a0ce7a1320dfefd2245ad
2025-08-20,0,0,True,,904,v28_seed_202_FROZEN.zip,eb9c2dcd1e9cc1ac1ae85f1a4e759aae4aad57b10c9a0ce7a1320dfefd2245ad
2025-08-21,1,1,True,,905,v28_seed_202_FROZEN.zip,eb9c2dcd1e9cc1ac1ae85f1a4e759aae4aad57b10c9a0ce7a1320dfefd2245ad
2025-08-22,1,1,False,,905,v28_seed_202_FROZEN.zip,eb9c2dcd1e9cc1ac1ae85f1a4e759aae4aad57b10c9a0ce7a1320dfefd2245ad
2025-08-25,1,1,False,,905,v28_seed_202_FROZEN.zip,eb9c2dcd1e9cc1ac1ae85f1a4e759aae4aad57b10c9a0ce7a1320dfefd2245ad
2025-08-26,1,1,False,,905,v28_seed_202_FROZEN.zip,eb9c2dcd1e9cc1ac1ae85f1a4e759aae4aad57b10c9a0ce7a1320dfefd2245ad
2025-08-27,1,1,False,,905,v28_seed_202_FROZEN.zip,eb9c2dcd1e9cc1ac1ae85f1a4e759aae4aad57b10c9a0ce7a1320dfefd2245ad
2025-08-28,1,1,False,,905,v28_seed_202_FROZEN.zip,eb9c2dcd1e9cc1ac1ae85f1a4e759aae4aad57b10c9a0ce7a1320dfefd2245ad
2025-08-29,1,1,False,,905,v28_seed_202_FROZEN.zip,eb9c2dcd1e9cc1ac1ae85f1a4e759aae4aad57b10c9a0ce7a1320dfefd2245ad
2025-09-02,0,0,True,,906,v28_seed_202_FROZEN.zip,eb9c2dcd1e9cc1ac1ae85f1a4e759aae4aad57b10c9a0ce7a1320dfefd2245ad
2025-09-03,0,0,False,,906,v28_seed_202_FROZEN.zip,eb9c2dcd1e9cc1ac1ae85f1a4e759aae4aad57b10c9a0ce7a1320dfefd2245ad
2025-09-04,1,1,True,,907,v28_seed_202_FROZEN.zip,eb9c2dcd1e9cc1ac1ae85f1a4e759aae4aad57b10c9a0ce7a1320dfefd2245ad
2025-09-05,1,1,False,,907,v28_seed_202_FROZEN.zip,eb9c2dcd1e9cc1ac1ae85f1a4e759aae4aad57b10c9a0ce7a1320dfefd2245ad
2025-09-08,0,0,True,,908,v28_seed_202_FROZEN.zip,eb9c2dcd1e9cc1ac1ae85f1a4e759aae4aad57b10c9a0ce7a1320dfefd2245ad
2025-09-09,0,0,False,,908,v28_seed_202_FROZEN.zip,eb9c2dcd1e9cc1ac1ae85f1a4e759aae4aad57b10c9a0ce7a1320dfefd2245ad
2025-09-10,1,1,True,,909,v28_seed_202_FROZEN.zip,eb9c2dcd1e9cc1ac1ae85f1a4e759aae4aad57b10c9a0ce7a1320dfefd2245ad
2025-09-11,1,1,False,,909,v28_seed_202_FROZEN.zip,eb9c2dcd1e9cc1ac1ae85f1a4e759aae4aad57b10c9a0ce7a1320dfefd2245ad
2025-09-12,1,1,False,,909,v28_seed_202_FROZEN.zip,eb9c2dcd1e9cc1ac1ae85f1a4e759aae4aad57b10c9a0ce7a1320dfefd2245ad
2025-09-15,1,1,False,,909,v28_seed_202_FROZEN.zip,eb9c2dcd1e9cc1ac1ae85f1a4e759aae4aad57b10c9a0ce7a1320dfefd2245ad
2025-09-16,1,1,False,,909,v28_seed_202_FROZEN.zip,eb9c2dcd1e9cc1ac1ae85f1a4e759aae4aad57b10c9a0ce7a1320dfefd2245ad
2025-09-17,1,1,False,,909,v28_seed_202_FROZEN.zip,eb9c2dcd1e9cc1ac1ae85f1a4e759aae4aad57b10c9a0ce7a1320dfefd2245ad
2025-09-18,1,1,False,,909,v28_seed_202_FROZEN.zip,eb9c2dcd1e9cc1ac1ae85f1a4e759aae4aad57b10c9a0ce7a1320dfefd2245ad
2025-09-19,1,1,False,,909,v28_seed_202_FROZEN.zip,eb9c2dcd1e9cc1ac1ae85f1a4e759aae4aad57b10c9a0ce7a1320dfefd2245ad
2025-09-22,1,1,False,,909,v28_seed_202_FROZEN.zip,eb9c2dcd1e9cc1ac1ae85f1a4e759aae4aad57b10c9a0ce7a1320dfefd2245ad
2025-09-23,1,1,False,,909,v28_seed_202_FROZEN.zip,eb9c2dcd1e9cc1ac1ae85f1a4e759aae4aad57b10c9a0ce7a1320dfefd2245ad
2025-09-24,1,1,False,,909,v28_seed_202_FROZEN.zip,eb9c2dcd1e9cc1ac1ae85f1a4e759aae4aad57b10c9a0ce7a1320dfefd2245ad
2025-09-25,1,1,False,,909,v28_seed_202_FROZEN.zip,eb9c2dcd1e9cc1ac1ae85f1a4e759aae4aad57b10c9a0ce7a1320dfefd2245ad
2025-09-26,0,0,True,,910,v28_seed_202_FROZEN.zip,eb9c2dcd1e9cc1ac1ae85f1a4e759aae4aad57b10c9a0ce7a1320dfefd2245ad
2025-09-29,1,1,True,,911,v28_seed_202_FROZEN.zip,eb9c2dcd1e9cc1ac1ae85f1a4e759aae4aad57b10c9a0ce7a1320dfefd2245ad
2025-09-30,1,1,False,,911,v28_seed_202_FROZEN.zip,eb9c2dcd1e9cc1ac1ae85f1a4e759aae4aad57b10c9a0ce7a1320dfefd2245ad
2025-10-01,1,1,False,,911,v28_seed_202_FROZEN.zip,eb9c2dcd1e9cc1ac1ae85f1a4e759aae4aad57b10c9a0ce7a1320dfefd2245ad
2025-10-02,0,0,True,,912,v28_seed_202_FROZEN.zip,eb9c2dcd1e9cc1ac1ae85f1a4e759aae4aad57b10c9a0ce7a1320dfefd2245ad
2025-10-03,1,1,True,,913,v28_seed_202_FROZEN.zip,eb9c2dcd1e9cc1ac1ae85f1a4e759aae4aad57b10c9a0ce7a1320dfefd2245ad
2025-10-06,1,1,False,,913,v28_seed_202_FROZEN.zip,eb9c2dcd1e9cc1ac1ae85f1a4e759aae4aad57b10c9a0ce7a1320dfefd2245ad
2025-10-07,1,1,False,,913,v28_seed_202_FROZEN.zip,eb9c2dcd1e9cc1ac1ae85f1a4e759aae4aad57b10c9a0ce7a1320dfefd2245ad
2025-10-08,0,0,True,,914,v28_seed_202_FROZEN.zip,eb9c2dcd1e9cc1ac1ae85f1a4e759aae4aad57b10c9a0ce7a1320dfefd2245ad
2025-10-09,1,1,True,,915,v28_seed_202_FROZEN.zip,eb9c2dcd1e9cc1ac1ae85f1a4e759aae4aad57b10c9a0ce7a1320dfefd2245ad
2025-10-10,1,1,False,,915,v28_seed_202_FROZEN.zip,eb9c2dcd1e9cc1ac1ae85f1a4e759aae4aad57b10c9a0ce7a1320dfefd2245ad
2025-10-13,1,1,False,,915,v28_seed_202_FROZEN.zip,eb9c2dcd1e9cc1ac1ae85f1a4e759aae4aad57b10c9a0ce7a1320dfefd2245ad
2025-10-14,1,1,False,,915,v28_seed_202_FROZEN.zip,eb9c2dcd1e9cc1ac1ae85f1a4e759aae4aad57b10c9a0ce7a1320dfefd2245ad
2025-10-15,1,1,False,,915,v28_seed_202_FROZEN.zip,eb9c2dcd1e9cc1ac1ae85f1a4e759aae4aad57b10c9a0ce7a1320dfefd2245ad
2025-10-16,1,1,False,,915,v28_seed_202_FROZEN.zip,eb9c2dcd1e9cc1ac1ae85f1a4e759aae4aad57b10c9a0ce7a1320dfefd2245ad
2025-10-17,1,1,False,,915,v28_seed_202_FROZEN.zip,eb9c2dcd1e9cc1ac1ae85f1a4e759aae4aad57b10c9a0ce7a1320dfefd2245ad
2025-10-20,1,1,False,,915,v28_seed_202_FROZEN.zip,eb9c2dcd1e9cc1ac1ae85f1a4e759aae4aad57b10c9a0ce7a1320dfefd2245ad
2025-10-21,0,0,True,,916,v28_seed_202_FROZEN.zip,eb9c2dcd1e9cc1ac1ae85f1a4e759aae4aad57b10c9a0ce7a1320dfefd2245ad
2025-10-22,1,1,True,,917,v28_seed_202_FROZEN.zip,eb9c2dcd1e9cc1ac1ae85f1a4e759aae4aad57b10c9a0ce7a1320dfefd2245ad
2025-10-23,0,0,True,,918,v28_seed_202_FROZEN.zip,eb9c2dcd1e9cc1ac1ae85f1a4e759aae4aad57b10c9a0ce7a1320dfefd2245ad
2025-10-24,0,0,False,,918,v28_seed_202_FROZEN.zip,eb9c2dcd1e9cc1ac1ae85f1a4e759aae4aad57b10c9a0ce7a1320dfefd2245ad
2025-10-27,0,0,False,,918,v28_seed_202_FROZEN.zip,eb9c2dcd1e9cc1ac1ae85f1a4e759aae4aad57b10c9a0ce7a1320dfefd2245ad
2025-10-28,0,0,False,,918,v28_seed_202_FROZEN.zip,eb9c2dcd1e9cc1ac1ae85f1a4e759aae4aad57b10c9a0ce7a1320dfefd2245ad
2025-10-29,0,0,False,,918,v28_seed_202_FROZEN.zip,eb9c2dcd1e9cc1ac1ae85f1a4e759aae4aad57b10c9a0ce7a1320dfefd2245ad
2025-10-30,0,0,False,,918,v28_seed_202_FROZEN.zip,eb9c2dcd1e9cc1ac1ae85f1a4e759aae4aad57b10c9a0ce7a1320dfefd2245ad
2025-10-31,1,1,True,,919,v28_seed_202_FROZEN.zip,eb9c2dcd1e9cc1ac1ae85f1a4e759aae4aad57b10c9a0ce7a1320dfefd2245ad
2025-11-03,0,0,True,,920,v28_seed_202_FROZEN.zip,eb9c2dcd1e9cc1ac1ae85f1a4e759aae4aad57b10c9a0ce7a1320dfefd2245ad
2025-11-04,1,1,True,,921,v28_seed_202_FROZEN.zip,eb9c2dcd1e9cc1ac1ae85f1a4e759aae4aad57b10c9a0ce7a1320dfefd2245ad
2025-11-05,1,1,False,,921,v28_seed_202_FROZEN.zip,eb9c2dcd1e9cc1ac1ae85f1a4e759aae4aad57b10c9a0ce7a1320dfefd2245ad
2025-11-06,1,1,False,,921,v28_seed_202_FROZEN.zip,eb9c2dcd1e9cc1ac1ae85f1a4e759aae4aad57b10c9a0ce7a1320dfefd2245ad
2025-11-07,1,1,False,,921,v28_seed_202_FROZEN.zip,eb9c2dcd1e9cc1ac1ae85f1a4e759aae4aad57b10c9a0ce7a1320dfefd2245ad
2025-11-10,0,0,True,,922,v28_seed_202_FROZEN.zip,eb9c2dcd1e9cc1ac1ae85f1a4e759aae4aad57b10c9a0ce7a1320dfefd2245ad
2025-11-11,0,0,False,,922,v28_seed_202_FROZEN.zip,eb9c2dcd1e9cc1ac1ae85f1a4e759aae4aad57b10c9a0ce7a1320dfefd2245ad
2025-11-12,0,0,False,,922,v28_seed_202_FROZEN.zip,eb9c2dcd1e9cc1ac1ae85f1a4e759aae4aad57b10c9a0ce7a1320dfefd2245ad
2025-11-13,0,0,False,,922,v28_seed_202_FROZEN.zip,eb9c2dcd1e9cc1ac1ae85f1a4e759aae4aad57b10c9a0ce7a1320dfefd2245ad
2025-11-14,0,0,False,,922,v28_seed_202_FROZEN.zip,eb9c2dcd1e9cc1ac1ae85f1a4e759aae4aad57b10c9a0ce7a1320dfefd2245ad
2025-11-17,0,0,False,,922,v28_seed_202_FROZEN.zip,eb9c2dcd1e9cc1ac1ae85f1a4e759aae4aad57b10c9a0ce7a1320dfefd2245ad
2025-11-18,0,0,False,,922,v28_seed_202_FROZEN.zip,eb9c2dcd1e9cc1ac1ae85f1a4e759aae4aad57b10c9a0ce7a1320dfefd2245ad
2025-11-19,0,0,False,,922,v28_seed_202_FROZEN.zip,eb9c2dcd1e9cc1ac1ae85f1a4e759aae4aad57b10c9a0ce7a1320dfefd2245ad
2025-11-20,0,0,False,,922,v28_seed_202_FROZEN.zip,eb9c2dcd1e9cc1ac1ae85f1a4e759aae4aad57b10c9a0ce7a1320dfefd2245ad
2025-11-21,0,0,False,,922,v28_seed_202_FROZEN.zip,eb9c2dcd1e9cc1ac1ae85f1a4e759aae4aad57b10c9a0ce7a1320dfefd2245ad
2025-11-24,1,1,True,,923,v28_seed_202_FROZEN.zip,eb9c2dcd1e9cc1ac1ae85f1a4e759aae4aad57b10c9a0ce7a1320dfefd2245ad
2025-11-25,0,0,True,,924,v28_seed_202_FROZEN.zip,eb9c2dcd1e9cc1ac1ae85f1a4e759aae4aad57b10c9a0ce7a1320dfefd2245ad
2025-11-26,0,0,False,,924,v28_seed_202_FROZEN.zip,eb9c2dcd1e9cc1ac1ae85f1a4e759aae4aad57b10c9a0ce7a1320dfefd2245ad
2025-11-28,1,1,True,,925,v28_seed_202_FROZEN.zip,eb9c2dcd1e9cc1ac1ae85f1a4e759aae4aad57b10c9a0ce7a1320dfefd2245ad
2025-12-01,0,0,True,,926,v28_seed_202_FROZEN.zip,eb9c2dcd1e9cc1ac1ae85f1a4e759aae4aad57b10c9a0ce7a1320dfefd2245ad
2025-12-02,0,0,False,,926,v28_seed_202_FROZEN.zip,eb9c2dcd1e9cc1ac1ae85f1a4e759aae4aad57b10c9a0ce7a1320dfefd2245ad
2025-12-03,0,0,False,,926,v28_seed_202_FROZEN.zip,eb9c2dcd1e9cc1ac1ae85f1a4e759aae4aad57b10c9a0ce7a1320dfefd2245ad
2025-12-04,0,0,False,,926,v28_seed_202_FROZEN.zip,eb9c2dcd1e9cc1ac1ae85f1a4e759aae4aad57b10c9a0ce7a1320dfefd2245ad
2025-12-05,0,0,False,,926,v28_seed_202_FROZEN.zip,eb9c2dcd1e9cc1ac1ae85f1a4e759aae4aad57b10c9a0ce7a1320dfefd2245ad
2025-12-08,0,0,False,,926,v28_seed_202_FROZEN.zip,eb9c2dcd1e9cc1ac1ae85f1a4e759aae4aad57b10c9a0ce7a1320dfefd2245ad
2025-12-09,1,1,True,,927,v28_seed_202_FROZEN.zip,eb9c2dcd1e9cc1ac1ae85f1a4e759aae4aad57b10c9a0ce7a1320dfefd2245ad
2025-12-10,1,1,False,,927,v28_seed_202_FROZEN.zip,eb9c2dcd1e9cc1ac1ae85f1a4e759aae4aad57b10c9a0ce7a1320dfefd2245ad
2025-12-11,1,1,False,,927,v28_seed_202_FROZEN.zip,eb9c2dcd1e9cc1ac1ae85f1a4e759aae4aad57b10c9a0ce7a1320dfefd2245ad
2025-12-12,1,1,False,,927,v28_seed_202_FROZEN.zip,eb9c2dcd1e9cc1ac1ae85f1a4e759aae4aad57b10c9a0ce7a1320dfefd2245ad
2025-12-15,0,0,True,,928,v28_seed_202_FROZEN.zip,eb9c2dcd1e9cc1ac1ae85f1a4e759aae4aad57b10c9a0ce7a1320dfefd2245ad
2025-12-16,0,0,False,,928,v28_seed_202_FROZEN.zip,eb9c2dcd1e9cc1ac1ae85f1a4e759aae4aad57b10c9a0ce7a1320dfefd2245ad
2025-12-17,0,0,False,,928,v28_seed_202_FROZEN.zip,eb9c2dcd1e9cc1ac1ae85f1a4e759aae4aad57b10c9a0ce7a1320dfefd2245ad
2025-12-18,0,0,False,,928,v28_seed_202_FROZEN.zip,eb9c2dcd1e9cc1ac1ae85f1a4e759aae4aad57b10c9a0ce7a1320dfefd2245ad
2025-12-19,0,0,False,,928,v28_seed_202_FROZEN.zip,eb9c2dcd1e9cc1ac1ae85f1a4e759aae4aad57b10c9a0ce7a1320dfefd2245ad
2025-12-22,0,0,False,,928,v28_seed_202_FROZEN.zip,eb9c2dcd1e9cc1ac1ae85f1a4e759aae4aad57b10c9a0ce7a1320dfefd2245ad
2025-12-23,0,0,False,,928,v28_seed_202_FROZEN.zip,eb9c2dcd1e9cc1ac1ae85f1a4e759aae4aad57b10c9a0ce7a1320dfefd2245ad
2025-12-24,0,0,False,,928,v28_seed_202_FROZEN.zip,eb9c2dcd1e9cc1ac1ae85f1a4e759aae4aad57b10c9a0ce7a1320dfefd2245ad
2025-12-26,0,0,False,,928,v28_seed_202_FROZEN.zip,eb9c2dcd1e9cc1ac1ae85f1a4e759aae4aad57b10c9a0ce7a1320dfefd2245ad
2025-12-29,0,0,False,,928,v28_seed_202_FROZEN.zip,eb9c2dcd1e9cc1ac1ae85f1a4e759aae4aad57b10c9a0ce7a1320dfefd2245ad
2025-12-30,0,0,False,,928,v28_seed_202_FROZEN.zip,eb9c2dcd1e9cc1ac1ae85f1a4e759aae4aad57b10c9a0ce7a1320dfefd2245ad
2025-12-31,0,0,False,,928,v28_seed_202_FROZEN.zip,eb9c2dcd1e9cc1ac1ae85f1a4e759aae4aad57b10c9a0ce7a1320dfefd2245ad
2026-01-02,0,0,False,,928,v28_seed_202_FROZEN.zip,eb9c2dcd1e9cc1ac1ae85f1a4e759aae4aad57b10c9a0ce7a1320dfefd2245ad
2026-01-05,0,0,False,,928,v28_seed_202_FROZEN.zip,eb9c2dcd1e9cc1ac1ae85f1a4e759aae4aad57b10c9a0ce7a1320dfefd2245ad
2026-01-06,1,1,True,,929,v28_seed_202_FROZEN.zip,eb9c2dcd1e9cc1ac1ae85f1a4e759aae4aad57b10c9a0ce7a1320dfefd2245ad
2026-01-07,1,1,False,,929,v28_seed_202_FROZEN.zip,eb9c2dcd1e9cc1ac1ae85f1a4e759aae4aad57b10c9a0ce7a1320dfefd2245ad
2026-01-08,1,1,False,,929,v28_seed_202_FROZEN.zip,eb9c2dcd1e9cc1ac1ae85f1a4e759aae4aad57b10c9a0ce7a1320dfefd2245ad
2026-01-09,0,0,True,,930,v28_seed_202_FROZEN.zip,eb9c2dcd1e9cc1ac1ae85f1a4e759aae4aad57b10c9a0ce7a1320dfefd2245ad
2026-01-12,1,1,True,,931,v28_seed_202_FROZEN.zip,eb9c2dcd1e9cc1ac1ae85f1a4e759aae4aad57b10c9a0ce7a1320dfefd2245ad
2026-01-13,1,1,False,,931,v28_seed_202_FROZEN.zip,eb9c2dcd1e9cc1ac1ae85f1a4e759aae4aad57b10c9a0ce7a1320dfefd2245ad
2026-01-14,1,1,False,,931,v28_seed_202_FROZEN.zip,eb9c2dcd1e9cc1ac1ae85f1a4e759aae4aad57b10c9a0ce7a1320dfefd2245ad
2026-01-15,1,1,False,,931,v28_seed_202_FROZEN.zip,eb9c2dcd1e9cc1ac1ae85f1a4e759aae4aad57b10c9a0ce7a1320dfefd2245ad
2026-01-16,0,0,True,,932,v28_seed_202_FROZEN.zip,eb9c2dcd1e9cc1ac1ae85f1a4e759aae4aad57b10c9a0ce7a1320dfefd2245ad
2026-01-20,0,0,False,,932,v28_seed_202_FROZEN.zip,eb9c2dcd1e9cc1ac1ae85f1a4e759aae4aad57b10c9a0ce7a1320dfefd2245ad
2026-01-21,1,1,True,,933,v28_seed_202_FROZEN.zip,eb9c2dcd1e9cc1ac1ae85f1a4e759aae4aad57b10c9a0ce7a1320dfefd2245ad
2026-01-22,0,0,True,,934,v28_seed_202_FROZEN.zip,eb9c2dcd1e9cc1ac1ae85f1a4e759aae4aad57b10c9a0ce7a1320dfefd2245ad
2026-01-23,1,1,True,,935,v28_seed_202_FROZEN.zip,eb9c2dcd1e9cc1ac1ae85f1a4e759aae4aad57b10c9a0ce7a1320dfefd2245ad
2026-01-26,1,1,False,,935,v28_seed_202_FROZEN.zip,eb9c2dcd1e9cc1ac1ae85f1a4e759aae4aad57b10c9a0ce7a1320dfefd2245ad
2026-01-27,1,1,False,,935,v28_seed_202_FROZEN.zip,eb9c2dcd1e9cc1ac1ae85f1a4e759aae4aad57b10c9a0ce7a1320dfefd2245ad
2026-01-28,1,1,False,,935,v28_seed_202_FROZEN.zip,eb9c2dcd1e9cc1ac1ae85f1a4e759aae4aad57b10c9a0ce7a1320dfefd2245ad
2026-01-29,1,1,False,,935,v28_seed_202_FROZEN.zip,eb9c2dcd1e9cc1ac1ae85f1a4e759aae4aad57b10c9a0ce7a1320dfefd2245ad
2026-01-30,1,1,False,,935,v28_seed_202_FROZEN.zip,eb9c2dcd1e9cc1ac1ae85f1a4e759aae4aad57b10c9a0ce7a1320dfefd2245ad
2026-02-02,1,1,False,,935,v28_seed_202_FROZEN.zip,eb9c2dcd1e9cc1ac1ae85f1a4e759aae4aad57b10c9a0ce7a1320dfefd2245ad
2026-02-03,1,1,False,,935,v28_seed_202_FROZEN.zip,eb9c2dcd1e9cc1ac1ae85f1a4e759aae4aad57b10c9a0ce7a1320dfefd2245ad
2026-02-04,0,0,True,,936,v28_seed_202_FROZEN.zip,eb9c2dcd1e9cc1ac1ae85f1a4e759aae4aad57b10c9a0ce7a1320dfefd2245ad
2026-02-05,0,0,False,,936,v28_seed_202_FROZEN.zip,eb9c2dcd1e9cc1ac1ae85f1a4e759aae4aad57b10c9a0ce7a1320dfefd2245ad
2026-02-06,1,1,True,,937,v28_seed_202_FROZEN.zip,eb9c2dcd1e9cc1ac1ae85f1a4e759aae4aad57b10c9a0ce7a1320dfefd2245ad
2026-02-09,1,1,False,,937,v28_seed_202_FROZEN.zip,eb9c2dcd1e9cc1ac1ae85f1a4e759aae4aad57b10c9a0ce7a1320dfefd2245ad
2026-02-10,0,0,True,,938,v28_seed_202_FROZEN.zip,eb9c2dcd1e9cc1ac1ae85f1a4e759aae4aad57b10c9a0ce7a1320dfefd2245ad
2026-02-11,0,0,False,,938,v28_seed_202_FROZEN.zip,eb9c2dcd1e9cc1ac1ae85f1a4e759aae4aad57b10c9a0ce7a1320dfefd2245ad
2026-02-12,1,1,True,,939,v28_seed_202_FROZEN.zip,eb9c2dcd1e9cc1ac1ae85f1a4e759aae4aad57b10c9a0ce7a1320dfefd2245ad
2026-02-13,1,1,False,,939,v28_seed_202_FROZEN.zip,eb9c2dcd1e9cc1ac1ae85f1a4e759aae4aad57b10c9a0ce7a1320dfefd2245ad
2026-02-17,1,1,False,,939,v28_seed_202_FROZEN.zip,eb9c2dcd1e9cc1ac1ae85f1a4e759aae4aad57b10c9a0ce7a1320dfefd2245ad
2026-02-18,1,1,False,,939,v28_seed_202_FROZEN.zip,eb9c2dcd1e9cc1ac1ae85f1a4e759aae4aad57b10c9a0ce7a1320dfefd2245ad
2026-02-19,1,1,False,,939,v28_seed_202_FROZEN.zip,eb9c2dcd1e9cc1ac1ae85f1a4e759aae4aad57b10c9a0ce7a1320dfefd2245ad
2026-02-20,0,0,True,,940,v28_seed_202_FROZEN.zip,eb9c2dcd1e9cc1ac1ae85f1a4e759aae4aad57b10c9a0ce7a1320dfefd2245ad
2026-02-23,1,1,True,,941,v28_seed_202_FROZEN.zip,eb9c2dcd1e9cc1ac1ae85f1a4e759aae4aad57b10c9a0ce7a1320dfefd2245ad
2026-02-24,0,0,True,,942,v28_seed_202_FROZEN.zip,eb9c2dcd1e9cc1ac1ae85f1a4e759aae4aad57b10c9a0ce7a1320dfefd2245ad
2026-02-25,0,0,False,,942,v28_seed_202_FROZEN.zip,eb9c2dcd1e9cc1ac1ae85f1a4e759aae4aad57b10c9a0ce7a1320dfefd2245ad
2026-02-26,1,1,True,,943,v28_seed_202_FROZEN.zip,eb9c2dcd1e9cc1ac1ae85f1a4e759aae4aad57b10c9a0ce7a1320dfefd2245ad
2026-02-27,1,1,False,,943,v28_seed_202_FROZEN.zip,eb9c2dcd1e9cc1ac1ae85f1a4e759aae4aad57b10c9a0ce7a1320dfefd2245ad
2026-03-02,1,1,False,,943,v28_seed_202_FROZEN.zip,eb9c2dcd1e9cc1ac1ae85f1a4e759aae4aad57b10c9a0ce7a1320dfefd2245ad
2026-03-03,1,1,False,,943,v28_seed_202_FROZEN.zip,eb9c2dcd1e9cc1ac1ae85f1a4e759aae4aad57b10c9a0ce7a1320dfefd2245ad
2026-03-04,0,0,True,,944,v28_seed_202_FROZEN.zip,eb9c2dcd1e9cc1ac1ae85f1a4e759aae4aad57b10c9a0ce7a1320dfefd2245ad
2026-03-05,1,1,True,,945,v28_seed_202_FROZEN.zip,eb9c2dcd1e9cc1ac1ae85f1a4e759aae4aad57b10c9a0ce7a1320dfefd2245ad
2026-03-06,1,1,False,,945,v28_seed_202_FROZEN.zip,eb9c2dcd1e9cc1ac1ae85f1a4e759aae4aad57b10c9a0ce7a1320dfefd2245ad
2026-03-09,0,0,True,,946,v28_seed_202_FROZEN.zip,eb9c2dcd1e9cc1ac1ae85f1a4e759aae4aad57b10c9a0ce7a1320dfefd2245ad
2026-03-10,0,0,False,,946,v28_seed_202_FROZEN.zip,eb9c2dcd1e9cc1ac1ae85f1a4e759aae4aad57b10c9a0ce7a1320dfefd2245ad
2026-03-11,0,0,False,,946,v28_seed_202_FROZEN.zip,eb9c2dcd1e9cc1ac1ae85f1a4e759aae4aad57b10c9a0ce7a1320dfefd2245ad
2026-03-12,0,0,False,,946,v28_seed_202_FROZEN.zip,eb9c2dcd1e9cc1ac1ae85f1a4e759aae4aad57b10c9a0ce7a1320dfefd2245ad
2026-03-13,0,0,False,,946,v28_seed_202_FROZEN.zip,eb9c2dcd1e9cc1ac1ae85f1a4e759aae4aad57b10c9a0ce7a1320dfefd2245ad
2026-03-16,0,0,False,,946,v28_seed_202_FROZEN.zip,eb9c2dcd1e9cc1ac1ae85f1a4e759aae4aad57b10c9a0ce7a1320dfefd2245ad
2026-03-17,0,0,False,,946,v28_seed_202_FROZEN.zip,eb9c2dcd1e9cc1ac1ae85f1a4e759aae4aad57b10c9a0ce7a1320dfefd2245ad
2026-03-18,1,1,True,,947,v28_seed_202_FROZEN.zip,eb9c2dcd1e9cc1ac1ae85f1a4e759aae4aad57b10c9a0ce7a1320dfefd2245ad
2026-03-19,0,0,True,,948,v28_seed_202_FROZEN.zip,eb9c2dcd1e9cc1ac1ae85f1a4e759aae4aad57b10c9a0ce7a1320dfefd2245ad
2026-03-20,0,0,False,,948,v28_seed_202_FROZEN.zip,eb9c2dcd1e9cc1ac1ae85f1a4e759aae4aad57b10c9a0ce7a1320dfefd2245ad
2026-03-23,0,0,False,,948,v28_seed_202_FROZEN.zip,eb9c2dcd1e9cc1ac1ae85f1a4e759aae4aad57b10c9a0ce7a1320dfefd2245ad
2026-03-24,0,0,False,,948,v28_seed_202_FROZEN.zip,eb9c2dcd1e9cc1ac1ae85f1a4e759aae4aad57b10c9a0ce7a1320dfefd2245ad
2026-03-25,1,1,True,,949,v28_seed_202_FROZEN.zip,eb9c2dcd1e9cc1ac1ae85f1a4e759aae4aad57b10c9a0ce7a1320dfefd2245ad
2026-03-26,0,0,True,,950,v28_seed_202_FROZEN.zip,eb9c2dcd1e9cc1ac1ae85f1a4e759aae4aad57b10c9a0ce7a1320dfefd2245ad
2026-03-27,0,0,False,,950,v28_seed_202_FROZEN.zip,eb9c2dcd1e9cc1ac1ae85f1a4e759aae4aad57b10c9a0ce7a1320dfefd2245ad
2026-03-30,0,0,False,,950,v28_seed_202_FROZEN.zip,eb9c2dcd1e9cc1ac1ae85f1a4e759aae4aad57b10c9a0ce7a1320dfefd2245ad
2026-03-31,0,0,False,,950,v28_seed_202_FROZEN.zip,eb9c2dcd1e9cc1ac1ae85f1a4e759aae4aad57b10c9a0ce7a1320dfefd2245ad
2026-04-01,1,1,True,,951,v28_seed_202_FROZEN.zip,eb9c2dcd1e9cc1ac1ae85f1a4e759aae4aad57b10c9a0ce7a1320dfefd2245ad
2026-04-02,1,1,False,,951,v28_seed_202_FROZEN.zip,eb9c2dcd1e9cc1ac1ae85f1a4e759aae4aad57b10c9a0ce7a1320dfefd2245ad
2026-04-06,0,0,True,,952,v28_seed_202_FROZEN.zip,eb9c2dcd1e9cc1ac1ae85f1a4e759aae4aad57b10c9a0ce7a1320dfefd2245ad
2026-04-07,0,0,False,,952,v28_seed_202_FROZEN.zip,eb9c2dcd1e9cc1ac1ae85f1a4e759aae4aad57b10c9a0ce7a1320dfefd2245ad
2026-04-08,1,1,True,,953,v28_seed_202_FROZEN.zip,eb9c2dcd1e9cc1ac1ae85f1a4e759aae4aad57b10c9a0ce7a1320dfefd2245ad
2026-04-09,1,1,False,,953,v28_seed_202_FROZEN.zip,eb9c2dcd1e9cc1ac1ae85f1a4e759aae4aad57b10c9a0ce7a1320dfefd2245ad
2026-04-10,1,1,False,,953,v28_seed_202_FROZEN.zip,eb9c2dcd1e9cc1ac1ae85f1a4e759aae4aad57b10c9a0ce7a1320dfefd2245ad
2026-04-13,0,0,True,,954,v28_seed_202_FROZEN.zip,eb9c2dcd1e9cc1ac1ae85f1a4e759aae4aad57b10c9a0ce7a1320dfefd2245ad
2026-04-14,1,1,True,,955,v28_seed_202_FROZEN.zip,eb9c2dcd1e9cc1ac1ae85f1a4e759aae4aad57b10c9a0ce7a1320dfefd2245ad
2026-04-15,1,1,False,,955,v28_seed_202_FROZEN.zip,eb9c2dcd1e9cc1ac1ae85f1a4e759aae4aad57b10c9a0ce7a1320dfefd2245ad
2026-04-16,1,1,False,,955,v28_seed_202_FROZEN.zip,eb9c2dcd1e9cc1ac1ae85f1a4e759aae4aad57b10c9a0ce7a1320dfefd2245ad
2026-04-17,1,1,False,,955,v28_seed_202_FROZEN.zip,eb9c2dcd1e9cc1ac1ae85f1a4e759aae4aad57b10c9a0ce7a1320dfefd2245ad
2026-04-20,0,0,True,,956,v28_seed_202_FROZEN.zip,eb9c2dcd1e9cc1ac1ae85f1a4e759aae4aad57b10c9a0ce7a1320dfefd2245ad
2026-04-21,1,1,True,,957,v28_seed_202_FROZEN.zip,eb9c2dcd1e9cc1ac1ae85f1a4e759aae4aad57b10c9a0ce7a1320dfefd2245ad
2026-04-22,0,0,True,,958,v28_seed_202_FROZEN.zip,eb9c2dcd1e9cc1ac1ae85f1a4e759aae4aad57b10c9a0ce7a1320dfefd2245ad
2026-04-23,1,1,True,,959,v28_seed_202_FROZEN.zip,eb9c2dcd1e9cc1ac1ae85f1a4e759aae4aad57b10c9a0ce7a1320dfefd2245ad
2026-04-24,0,0,True,,960,v28_seed_202_FROZEN.zip,eb9c2dcd1e9cc1ac1ae85f1a4e759aae4aad57b10c9a0ce7a1320dfefd2245ad
2026-04-27,1,1,True,,961,v28_seed_202_FROZEN.zip,eb9c2dcd1e9cc1ac1ae85f1a4e759aae4aad57b10c9a0ce7a1320dfefd2245ad
2026-04-28,0,0,True,,962,v28_seed_202_FROZEN.zip,eb9c2dcd1e9cc1ac1ae85f1a4e759aae4aad57b10c9a0ce7a1320dfefd2245ad
2026-04-29,0,0,False,,962,v28_seed_202_FROZEN.zip,eb9c2dcd1e9cc1ac1ae85f1a4e759aae4aad57b10c9a0ce7a1320dfefd2245ad
2026-04-30,1,1,True,,963,v28_seed_202_FROZEN.zip,eb9c2dcd1e9cc1ac1ae85f1a4e759aae4aad57b10c9a0ce7a1320dfefd2245ad
2026-05-01,1,1,False,,963,v28_seed_202_FROZEN.zip,eb9c2dcd1e9cc1ac1ae85f1a4e759aae4aad57b10c9a0ce7a1320dfefd2245ad
2026-05-04,1,1,False,,963,v28_seed_202_FROZEN.zip,eb9c2dcd1e9cc1ac1ae85f1a4e759aae4aad57b10c9a0ce7a1320dfefd2245ad
2026-05-05,1,1,False,,963,v28_seed_202_FROZEN.zip,eb9c2dcd1e9cc1ac1ae85f1a4e759aae4aad57b10c9a0ce7a1320dfefd2245ad
2026-05-06,1,1,False,,963,v28_seed_202_FROZEN.zip,eb9c2dcd1e9cc1ac1ae85f1a4e759aae4aad57b10c9a0ce7a1320dfefd2245ad
2026-05-07,0,0,True,,964,v28_seed_202_FROZEN.zip,eb9c2dcd1e9cc1ac1ae85f1a4e759aae4aad57b10c9a0ce7a1320dfefd2245ad
2026-05-08,0,0,False,,964,v28_seed_202_FROZEN.zip,eb9c2dcd1e9cc1ac1ae85f1a4e759aae4aad57b10c9a0ce7a1320dfefd2245ad
2026-05-11,1,1,True,,965,v28_seed_202_FROZEN.zip,eb9c2dcd1e9cc1ac1ae85f1a4e759aae4aad57b10c9a0ce7a1320dfefd2245ad
2026-05-12,0,0,True,,966,v28_seed_202_FROZEN.zip,eb9c2dcd1e9cc1ac1ae85f1a4e759aae4aad57b10c9a0ce7a1320dfefd2245ad
2026-05-13,0,0,False,,966,v28_seed_202_FROZEN.zip,eb9c2dcd1e9cc1ac1ae85f1a4e759aae4aad57b10c9a0ce7a1320dfefd2245ad
2026-05-14,1,1,True,,967,v28_seed_202_FROZEN.zip,eb9c2dcd1e9cc1ac1ae85f1a4e759aae4aad57b10c9a0ce7a1320dfefd2245ad
2026-05-15,1,1,False,,967,v28_seed_202_FROZEN.zip,eb9c2dcd1e9cc1ac1ae85f1a4e759aae4aad57b10c9a0ce7a1320dfefd2245ad
2026-05-18,0,0,True,,968,v28_seed_202_FROZEN.zip,eb9c2dcd1e9cc1ac1ae85f1a4e759aae4aad57b10c9a0ce7a1320dfefd2245ad
2026-05-19,1,1,True,,969,v28_seed_202_FROZEN.zip,eb9c2dcd1e9cc1ac1ae85f1a4e759aae4aad57b10c9a0ce7a1320dfefd2245ad
2026-05-20,0,0,True,,970,v28_seed_202_FROZEN.zip,eb9c2dcd1e9cc1ac1ae85f1a4e759aae4aad57b10c9a0ce7a1320dfefd2245ad
2026-05-21,0,0,False,,970,v28_seed_202_FROZEN.zip,eb9c2dcd1e9cc1ac1ae85f1a4e759aae4aad57b10c9a0ce7a1320dfefd2245ad
2026-05-22,0,0,False,,970,v28_seed_202_FROZEN.zip,eb9c2dcd1e9cc1ac1ae85f1a4e759aae4aad57b10c9a0ce7a1320dfefd2245ad
2026-05-26,1,1,True,,971,v28_seed_202_FROZEN.zip,eb9c2dcd1e9cc1ac1ae85f1a4e759aae4aad57b10c9a0ce7a1320dfefd2245ad
2026-05-27,1,1,False,,971,v28_seed_202_FROZEN.zip,eb9c2dcd1e9cc1ac1ae85f1a4e759aae4aad57b10c9a0ce7a1320dfefd2245ad
2026-05-28,1,1,False,,971,v28_seed_202_FROZEN.zip,eb9c2dcd1e9cc1ac1ae85f1a4e759aae4aad57b10c9a0ce7a1320dfefd2245ad
2026-05-29,1,1,False,,971,v28_seed_202_FROZEN.zip,eb9c2dcd1e9cc1ac1ae85f1a4e759aae4aad57b10c9a0ce7a1320dfefd2245ad
2026-06-01,0,0,True,,972,v28_seed_202_FROZEN.zip,eb9c2dcd1e9cc1ac1ae85f1a4e759aae4aad57b10c9a0ce7a1320dfefd2245ad
2026-06-02,1,1,True,,973,v28_seed_202_FROZEN.zip,eb9c2dcd1e9cc1ac1ae85f1a4e759aae4aad57b10c9a0ce7a1320dfefd2245ad
2026-06-03,0,0,True,,974,v28_seed_202_FROZEN.zip,eb9c2dcd1e9cc1ac1ae85f1a4e759aae4aad57b10c9a0ce7a1320dfefd2245ad
2026-06-04,0,0,False,,974,v28_seed_202_FROZEN.zip,eb9c2dcd1e9cc1ac1ae85f1a4e759aae4aad57b10c9a0ce7a1320dfefd2245ad
2026-06-05,0,0,False,,974,v28_seed_202_FROZEN.zip,eb9c2dcd1e9cc1ac1ae85f1a4e759aae4aad57b10c9a0ce7a1320dfefd2245ad
2026-06-08,1,1,True,,975,v28_seed_202_FROZEN.zip,eb9c2dcd1e9cc1ac1ae85f1a4e759aae4aad57b10c9a0ce7a1320dfefd2245ad
2026-06-09,0,0,True,,976,v28_seed_202_FROZEN.zip,eb9c2dcd1e9cc1ac1ae85f1a4e759aae4aad57b10c9a0ce7a1320dfefd2245ad
2026-06-10,0,0,False,,976,v28_seed_202_FROZEN.zip,eb9c2dcd1e9cc1ac1ae85f1a4e759aae4aad57b10c9a0ce7a1320dfefd2245ad
2026-06-11,1,1,True,,977,v28_seed_202_FROZEN.zip,eb9c2dcd1e9cc1ac1ae85f1a4e759aae4aad57b10c9a0ce7a1320dfefd2245ad
2026-06-12,0,0,True,,978,v28_seed_202_FROZEN.zip,eb9c2dcd1e9cc1ac1ae85f1a4e759aae4aad57b10c9a0ce7a1320dfefd2245ad
2026-06-15,1,1,True,,979,v28_seed_202_FROZEN.zip,eb9c2dcd1e9cc1ac1ae85f1a4e759aae4aad57b10c9a0ce7a1320dfefd2245ad
2026-06-16,0,0,True,,980,v28_seed_202_FROZEN.zip,eb9c2dcd1e9cc1ac1ae85f1a4e759aae4aad57b10c9a0ce7a1320dfefd2245ad
2026-06-17,1,1,True,,981,v28_seed_202_FROZEN.zip,eb9c2dcd1e9cc1ac1ae85f1a4e759aae4aad57b10c9a0ce7a1320dfefd2245ad
2026-06-18,0,0,True,,982,v28_seed_202_FROZEN.zip,eb9c2dcd1e9cc1ac1ae85f1a4e759aae4aad57b10c9a0ce7a1320dfefd2245ad
2026-06-22,0,0,False,,982,v28_seed_202_FROZEN.zip,eb9c2dcd1e9cc1ac1ae85f1a4e759aae4aad57b10c9a0ce7a1320dfefd2245ad
2026-06-23,1,1,True,,983,v28_seed_202_FROZEN.zip,eb9c2dcd1e9cc1ac1ae85f1a4e759aae4aad57b10c9a0ce7a1320dfefd2245ad
2026-06-24,1,1,False,,983,v28_seed_202_FROZEN.zip,eb9c2dcd1e9cc1ac1ae85f1a4e759aae4aad57b10c9a0ce7a1320dfefd2245ad
2026-06-25,1,1,False,,983,v28_seed_202_FROZEN.zip,eb9c2dcd1e9cc1ac1ae85f1a4e759aae4aad57b10c9a0ce7a1320dfefd2245ad
2026-06-26,1,1,False,,983,v28_seed_202_FROZEN.zip,eb9c2dcd1e9cc1ac1ae85f1a4e759aae4aad57b10c9a0ce7a1320dfefd2245ad
2026-06-29,0,0,True,,984,v28_seed_202_FROZEN.zip,eb9c2dcd1e9cc1ac1ae85f1a4e759aae4aad57b10c9a0ce7a1320dfefd2245ad
2026-06-30,0,0,False,,984,v28_seed_202_FROZEN.zip,eb9c2dcd1e9cc1ac1ae85f1a4e759aae4aad57b10c9a0ce7a1320dfefd2245ad
2026-07-01,0,0,False,,984,v28_seed_202_FROZEN.zip,eb9c2dcd1e9cc1ac1ae85f1a4e759aae4aad57b10c9a0ce7a1320dfefd2245ad
2026-07-02,0,0,False,,984,v28_seed_202_FROZEN.zip,eb9c2dcd1e9cc1ac1ae85f1a4e759aae4aad57b10c9a0ce7a1320dfefd2245ad
2026-07-06,0,0,False,,984,v28_seed_202_FROZEN.zip,eb9c2dcd1e9cc1ac1ae85f1a4e759aae4aad57b10c9a0ce7a1320dfefd2245ad
2026-07-07,0,0,False,,984,v28_seed_202_FROZEN.zip,eb9c2dcd1e9cc1ac1ae85f1a4e759aae4aad57b10c9a0ce7a1320dfefd2245ad
2026-07-08,0,0,False,,984,v28_seed_202_FROZEN.zip,eb9c2dcd1e9cc1ac1ae85f1a4e759aae4aad57b10c9a0ce7a1320dfefd2245ad
2026-07-09,0,0,False,,984,v28_seed_202_FROZEN.zip,eb9c2dcd1e9cc1ac1ae85f1a4e759aae4aad57b10c9a0ce7a1320dfefd2245ad
2026-07-10,0,0,False,,984,v28_seed_202_FROZEN.zip,eb9c2dcd1e9cc1ac1ae85f1a4e759aae4aad57b10c9a0ce7a1320dfefd2245ad
2026-07-13,0,0,False,,984,v28_seed_202_FROZEN.zip,eb9c2dcd1e9cc1ac1ae85f1a4e759aae4aad57b10c9a0ce7a1320dfefd2245ad
2026-07-14,0,0,False,,984,v28_seed_202_FROZEN.zip,eb9c2dcd1e9cc1ac1ae85f1a4e759aae4aad57b10c9a0ce7a1320dfefd2245ad
2026-07-15,0,0,False,,984,v28_seed_202_FROZEN.zip,eb9c2dcd1e9cc1ac1ae85f1a4e759aae4aad57b10c9a0ce7a1320dfefd2245ad
2026-07-16,0,0,False,,984,v28_seed_202_FROZEN.zip,eb9c2dcd1e9cc1ac1ae85f1a4e759aae4aad57b10c9a0ce7a1320dfefd2245ad
2026-07-17,0,0,False,,984,v28_seed_202_FROZEN.zip,eb9c2dcd1e9cc1ac1ae85f1a4e759aae4aad57b10c9a0ce7a1320dfefd2245ad
2026-07-20,0,0,False,,984,v28_seed_202_FROZEN.zip,eb9c2dcd1e9cc1ac1ae85f1a4e759aae4aad57b10c9a0ce7a1320dfefd2245ad
2026-07-21,0,0,False,,984,v28_seed_202_FROZEN.zip,eb9c2dcd1e9cc1ac1ae85f1a4e759aae4aad57b10c9a0ce7a1320dfefd2245ad
2026-07-22,1,1,True,,985,v28_seed_202_FROZEN.zip,eb9c2dcd1e9cc1ac1ae85f1a4e759aae4aad57b10c9a0ce7a1320dfefd2245ad
2026-07-23,1,1,False,,985,v28_seed_202_FROZEN.zip,eb9c2dcd1e9cc1ac1ae85f1a4e759aae4aad57b10c9a0ce7a1320dfefd2245ad
2026-07-24,0,0,True,,986,v28_seed_202_FROZEN.zip,eb9c2dcd1e9cc1ac1ae85f1a4e759aae4aad57b10c9a0ce7a1320dfefd2245ad
2026-07-27,0,0,False,,986,v28_seed_202_FROZEN.zip,eb9c2dcd1e9cc1ac1ae85f1a4e759aae4aad57b10c9a0ce7a1320dfefd2245ad
2026-07-28,0,0,False,,986,v28_seed_202_FROZEN.zip,eb9c2dcd1e9cc1ac1ae85f1a4e759aae4aad57b10c9a0ce7a1320dfefd2245ad
2026-07-29,0,0,False,,986,v28_seed_202_FROZEN.zip,eb9c2dcd1e9cc1ac1ae85f1a4e759aae4aad57b10c9a0ce7a1320dfefd2245ad
2026-07-30,1,1,True,,987,v28_seed_202_FROZEN.zip,eb9c2dcd1e9cc1ac1ae85f1a4e759aae4aad57b10c9a0ce7a1320dfefd2245ad
2026-07-31,0,0,True,,988,v28_seed_202_FROZEN.zip,eb9c2dcd1e9cc1ac1ae85f1a4e759aae4aad57b10c9a0ce7a1320dfefd2245ad
2026-08-03,0,0,False,,988,v28_seed_202_FROZEN.zip,eb9c2dcd1e9cc1ac1ae85f1a4e759aae4aad57b10c9a0ce7a1320dfefd2245ad
2026-08-04,0,0,False,,988,v28_seed_202_FROZEN.zip,eb9c2dcd1e9cc1ac1ae85f1a4e759aae4aad57b10c9a0ce7a1320dfefd2245ad
2026-08-05,0,0,False,,988,v28_seed_202_FROZEN.zip,eb9c2dcd1e9cc1ac1ae85f1a4e759aae4aad57b10c9a0ce7a1320dfefd2245ad
2026-08-06,0,0,False,,988,v28_seed_202_FROZEN.zip,eb9c2dcd1e9cc1ac1ae85f1a4e759aae4aad57b10c9a0ce7a1320dfefd2245ad
2026-08-07,0,0,False,,988,v28_seed_202_FROZEN.zip,eb9c2dcd1e9cc1ac1ae85f1a4e759aae4aad57b10c9a0ce7a1320dfefd2245ad
2026-08-10,0,0,False,,988,v28_seed_202_FROZEN.zip,eb9c2dcd1e9cc1ac1ae85f1a4e759aae4aad57b10c9a0ce7a1320dfefd2245ad
2026-08-11,0,0,False,0.0,0,v28_seed_202_FROZEN.zip,
2026-08-12,0,0,False,,0,v28_seed_202_FROZEN.zip,eb9c2dcd1e9cc1ac1ae85f1a4e759aae4aad57b10c9a0ce7a1320dfefd2245ad
2026-08-13,0,0,False,,0,v28_seed_202_FROZEN.zip,eb9c2dcd1e9cc1ac1ae85f1a4e759aae4aad57b10c9a0ce7a1320dfefd2245ad
2026-08-14,0,0,False,,0,v28_seed_202_FROZEN.zip,eb9c2dcd1e9cc1ac1ae85f1a4e759aae4aad57b10c9a0ce7a1320dfefd2245ad
2026-08-17,0,0,False,,0,v28_seed_202_FROZEN.zip,eb9c2dcd1e9cc1ac1ae85f1a4e759aae4aad57b10c9a0ce7a1320dfefd2245ad
2026-08-18,1,1,True,,1,v28_seed_202_FROZEN.zip,eb9c2dcd1e9cc1ac1ae85f1a4e759aae4aad57b10c9a0ce7a1320dfefd2245ad
2026-08-19,0,0,True,,2,v28_seed_202_FROZEN.zip,eb9c2dcd1e9cc1ac1ae85f1a4e759aae4aad57b10c9a0ce7a1320dfefd2245ad
2026-08-20,1,1,True,,3,v28_seed_202_FROZEN.zip,eb9c2dcd1e9cc1ac1ae85f1a4e759aae4aad57b10c9a0ce7a1320dfefd2245ad
