Date,Open,High,Low,Close,cash,shares,position,market_value,equity,daily_return,signal,executed_position
2024-01-02,458.3335624378489,459.7993540123723,456.7124526493962,458.8092041015625,10000.0,0.0,0,0.0,10000.0,0.0,0,0
2024-01-03,456.6542157231931,457.3919698393569,454.4604162904711,455.062255859375,10000.0,0.0,0,0.0,10000.0,0.0,0,0
2024-01-04,454.5865557790852,457.1686653982138,453.3731600721968,453.596435546875,10000.0,0.0,0,0.0,10000.0,0.0,0,0
2024-01-05,453.8002817612887,456.6639075045455,452.7713245626224,454.21771240234375,10000.0,0.0,0,0.0,10000.0,0.0,0,0
2024-01-08,454.7127531652984,460.8476889622242,454.5865552720958,460.70208740234375,10000.0,0.0,0,0.0,10000.0,0.0,1,0
2024-01-09,458.0520544271024,461.02244496424106,457.54729244084217,460.0032043457031,-1.8189894035458565e-12,21.80976462925788,1,10032.561615484201,10032.5616154842,0.0032561615484199002,0,1
2024-01-10,460.27499186871785,463.4686578138975,459.9934757568045,462.6047058105469,10028.45325777524,0.0,0,0.0,10028.45325777524,-0.00040950236504089244,1,0
2024-01-11,463.6045580641455,464.119036700077,458.4306513904914,462.40087890625,0.0,21.609865879403493,1,9992.420975682358,9992.420975682358,-0.0035930049397143726,0,1
2024-01-12,463.8472262405501,464.5849803515552,461.3136700813151,462.72119140625,10013.655177163111,0.0,0,0.0,10013.655177163111,0.0021250307140210367,0,0
2024-01-16,461.3427224116192,462.6531659566437,459.2071343123152,461.0223693847656,10013.655177163111,0.0,0,0.0,10013.655177163111,0.0,0,0
2024-01-17,458.0035703058881,458.94516670999695,456.1106608508071,458.4598083496094,10013.655177163111,0.0,0,0.0,10013.655177163111,0.0,0,0
2024-01-18,460.129384955841,463.09005873569527,458.5859491170127,462.5367431640625,10013.655177163111,0.0,0,0.0,10013.655177163111,0.0,1,0
2024-01-19,463.6628619602822,468.5844031225256,462.5853805588044,468.3028869628906,-1.8189894035458565e-12,21.57526480540198,1,10103.758795358595,10103.758795358593,0.008998074789011046,0,1
2024-01-22,469.83659824827777,471.0111571575836,468.64260604571103,469.2929992675781,10126.714707665635,0.0,0,0.0,10126.714707665635,0.0022720170554335617,1,0
2024-01-23,469.8365966379768,470.9043613024555,468.74939868030367,470.6616821289063,0.0,21.53215746777799,1,10134.36145364888,10134.36145364888,0.0007551062910320372,0,1
2024-01-24,473.525295727068,474.4571754342008,470.6811029978881,471.1761779785156,10185.827760344106,0.0,0,0.0,10185.827760344106,0.005078396594656143,0,0
2024-01-25,473.30196574868353,474.0105994997861,471.1761237432126,473.7388000488281,10185.827760344106,0.0,0,0.0,10185.827760344106,0.0,0,0
2024-01-26,473.311776348533,474.79697179035713,472.292535611096,473.1370544433594,10185.827760344106,0.0,0,0.0,10185.827760344106,0.0,0,0
2024-01-29,473.4475958586122,477.029542315143,472.9039969579279,476.8839111328125,10185.827760344106,0.0,0,0.0,10185.827760344106,0.0,1,0
2024-01-30,476.19475312019154,477.2237103899132,475.7579187820987,476.5151062011719,0.0,21.368672166567354,1,10182.495086829867,10182.495086829867,-0.00032718730304992505,0,1
2024-01-31,474.3115894395865,474.7581108271003,468.72025176527393,468.73968505859375,10125.275984530692,0.0,0,0.0,10125.275984530692,-0.005619359676704683,0,0
2024-02-01,470.43839078044346,474.9036930669608,469.6326794127357,474.8745727539063,10125.275984530692,0.0,0,0.0,10125.275984530692,0.0,1,0
2024-02-02,475.311399216602,481.5239798187347,474.971642466127,479.873779296875,0.0,21.28111868159539,1,10212.25084940251,10212.25084940251,0.008589875970264726,1,1
2024-02-05,479.2428126687566,479.90289286822576,475.8744247735656,478.12646484375,0.0,21.28111868159539,1,10175.06604315149,10175.06604315149,-0.003641195932157837,0,1
2024-02-06,479.0680364458104,479.8446274850516,477.64108188661896,479.51458740234375,10184.91118519793,0.0,0,0.0,10184.91118519793,0.0009675752476385746,0,0
2024-02-07,481.75695184930976,483.93134756331705,480.8541628931194,483.5139465332031,10184.91118519793,0.0,0,0.0,10184.91118519793,0.0,0,0
2024-02-08,483.513949705615,484.1060726186496,482.69855130751233,483.7275085449219,10184.91118519793,0.0,0,0.0,10184.91118519793,0.0,0,0
2024-02-09,484.2322866772762,486.9599980744067,483.8925299274153,486.523193359375,10184.91118519793,0.0,0,0.0,10184.91118519793,0.0,1,0
2024-02-12,486.4940393494017,488.7557959365899,485.59125041969,486.3096008300781,0.0,20.91440610703828,1,10170.876485511933,10170.876485511933,-0.0013779894032256434,0,1
2024-02-13,480.0484981553464,482.53353038052535,476.3500701317823,479.6116638183594,10029.891822235548,0.0,0,0.0,10029.891822235548,-0.013861604108280523,1,0
2024-02-14,482.2423403647749,484.4555731763151,479.92231331563113,483.97021484375,0.0,20.777664276100676,1,10055.770643655753,10055.770643655753,0.0025801695450826667,1,1
2024-02-15,484.6691586183729,487.4939478237512,484.1934872820953,487.30950927734375,0.0,20.777664276100676,1,10125.153382316017,10125.153382316017,0.006899793274823596,0,1
2024-02-16,487.0085622942672,488.1442842020213,484.144936285217,484.8826904296875,10108.784036254912,0.0,0,0.0,10108.784036254912,-0.0016167010457041053,1,0
2024-02-20,483.1450754577469,483.8148722929186,479.970842787005,482.2131958007813,0.0,20.90196783893045,1,10079.204710135802,10079.204710135802,-0.002926101300910644,1,1
2024-02-21,480.9124325062878,482.8053121078392,479.1068842202188,482.6499938964844,0.0,20.90196783893045,1,10088.334649884295,10088.334649884295,0.0009058194580879864,1,1
2024-02-22,489.250880438706,493.5996718242251,488.2898508655614,492.638671875,0.0,20.90196783893045,1,10297.117675744661,10297.117675744661,0.020695489702332592,1,1
2024-02-23,494.3567638290291,495.19159539397833,492.2503256878247,492.9783630371094,0.0,20.90196783893045,1,10304.217889490239,10304.217889490239,0.0006895340977119968,0,1
2024-02-26,493.41526570907337,493.8521000550051,491.0467146922128,491.17291259765625,10303.03924341079,0.0,0,0.0,10303.03924341079,-0.00011438481717762627,0,0
2024-02-27,491.8621118078968,492.308633148054,489.9692025931845,492.0853576660156,10303.03924341079,0.0,0,0.0,10303.03924341079,0.0,0,0
2024-02-28,490.5322390639573,492.01743437576624,490.1730786379002,491.4350280761719,10303.03924341079,0.0,0,0.0,10303.03924341079,0.0,0,0
2024-02-29,493.1920036518268,494.8130838290683,490.5516532421677,493.2016906738281,10303.03924341079,0.0,0,0.0,10303.03924341079,0.0,1,0
2024-03-01,494.07533144522296,498.2590878764062,493.6676174504883,497.83197021484375,0.0,20.83233723932571,1,10371.003492033577,10371.003492033577,0.006596524289301575,0,1
2024-03-04,497.0360730146448,499.1425115484434,497.0069230762816,497.2981262207031,10344.07125866382,0.0,0,0.0,10344.07125866382,-0.0025968782471671448,0,0
2024-03-05,495.2984852488147,495.7450362651965,490.1245782125844,492.3280944824219,10344.07125866382,0.0,0,0.0,10344.07125866382,0.0,1,0
2024-03-06,495.5993458504527,497.0748540345267,493.5317443866829,494.8227844238281,-1.8189894035458565e-12,20.85098583525573,1,10317.54286898304,10317.542868983039,-0.002564598504535831,1,1
2024-03-07,498.1135085613306,500.78297909459656,494.8810058352906,499.7345886230469,-1.8189894035458565e-12,20.85098583525573,1,10419.958828766501,10419.9588287665,0.009926390525727413,1,1
2024-03-08,500.36563844693006,503.0447667007892,496.1624186562773,496.7351379394531,-1.8189894035458565e-12,20.85098583525573,1,10357.417325049339,10357.417325049337,-0.006002087411756674,1,1
2024-03-11,495.5314219659159,496.89041928478855,493.6093924281333,496.3079833984375,-1.8189894035458565e-12,20.85098583525573,1,10348.510731765156,10348.510731765155,-0.0008599241494925414,1,1
2024-03-12,498.41443934118087,502.2293483869414,495.9002573325016,501.6469421386719,-1.8189894035458565e-12,20.85098583525573,1,10459.8332848328,10459.833284832797,0.010757350110865094,0,1
2024-03-13,501.9672268025058,502.1419486738022,499.4239541516855,500.860595703125,10456.04764091371,0.0,0,0.0,10456.04764091371,-0.0003619220130952616,0,0
2024-03-14,501.831351753217,501.9866995940405,496.8321966177629,499.87054443359375,10456.04764091371,0.0,0,0.0,10456.04764091371,0.0,1,0
2024-03-15,496.80813351794416,498.2590153922283,494.7730358188075,496.4381103515625,0.0,21.025419523866322,1,10437.819537777046,10437.819537777046,-0.0017433072000684335,0,1
2024-03-18,500.498619372016,501.93972478311895,498.9795987021718,499.3885498046875,10512.672880767474,0.0,0,0.0,10512.672880767474,0.007171358224724589,0,0
2024-03-19,498.6972103635703,502.4460573676712,497.6942371868493,502.1636962890625,10512.672880767474,0.0,0,0.0,10512.672880767474,0.0,0,0
2024-03-20,502.22213711517423,506.9447169695436,501.5502591703246,506.8083801269531,10512.672880767474,0.0,0,0.0,10512.672880767474,0.0,0,0
2024-03-21,509.6419290067136,510.34298796408666,508.2007643189091,508.4831848144531,10512.672880767474,0.0,0,0.0,10512.672880767474,0.0,0,0
2024-03-22,508.3956109581728,508.8824773514824,507.2855413177628,507.519287109375,10512.672880767474,0.0,0,0.0,10512.672880767474,0.0,0,0
2024-03-25,506.1462159868013,507.2660322991133,505.96120440733904,506.1170349121094,10512.672880767474,0.0,0,0.0,10512.672880767474,0.0,0,0
2024-03-26,507.53872874874105,507.8795708881853,504.7831077134368,505.1823120117188,10512.672880767474,0.0,0,0.0,10512.672880767474,0.0,0,0
2024-03-27,508.0060008997066,509.4665996408776,505.8442838581778,509.4276123046875,10512.672880767474,0.0,0,0.0,10512.672880767474,0.0,0,0
2024-03-28,509.4666896201177,510.8298796934876,509.0479917055304,509.3303527832031,10512.672880767474,0.0,0,0.0,10512.672880767474,0.0,0,0
2024-04-01,510.07039018205234,510.6059312526336,507.2854696375655,508.4442138671875,10512.672880767474,0.0,0,0.0,10512.672880767474,0.0,1,0
2024-04-02,504.6272115527488,505.3477642225264,502.9134325371014,505.2114868164063,0.0,20.811735567772725,1,10514.327869424344,10514.327869424344,0.00015742796105611134,1,1
2024-04-03,504.12083842082313,507.2660352902269,504.0721636747669,505.7664489746094,0.0,20.811735567772725,1,10525.877595110987,10525.877595110987,0.001098474941059191,1,1
2024-04-04,509.7685667902679,510.1093494656175,499.2911933332161,499.5930480957031,0.0,20.811735567772725,1,10397.398408465335,10397.398408465335,-0.012206030849658323,1,1
2024-04-05,500.94653513579135,506.7694375345306,500.5083435441168,504.8122253417969,0.0,20.811735567772725,1,10506.018545192373,10506.018545192373,0.010446857229073903,0,1
2024-04-08,505.5133313161047,506.5162450455588,504.28641866242464,505.0945739746094,10510.091797709763,0.0,0,0.0,10510.091797709763,0.0003877065797921464,0,0
2024-04-09,506.8278303713481,507.0712635271461,500.8393509659492,505.6788330078125,10510.091797709763,0.0,0,0.0,10510.091797709763,0.0,1,0
2024-04-10,499.9921838509081,502.601780021425,498.6387407392185,500.6153869628906,0.0,20.99950743702025,1,10512.676541613992,10512.676541613992,0.000245929717263893,1,1
2024-04-11,502.1344876196163,505.8346601112469,498.6290735605831,504.3935546875,0.0,20.99950743702025,1,10592.016202845236,10592.016202845236,0.007547046740873364,0,1
2024-04-12,500.85886371567153,502.2707879594682,495.70780962230026,497.4313354492188,10507.27427350862,0.0,0,0.0,10507.27427350862,-0.00800054755522872,1,0
2024-04-15,501.5989207934361,501.7644387082916,490.3522904966187,491.199462890625,0.0,20.926629702146325,1,10279.149269805275,10279.149269805275,-0.02171114960599274,0,1
2024-04-16,491.6765860412786,493.19560665785394,489.0182851042901,490.3036193847656,10278.847287735487,0.0,0,0.0,10278.847287735487,-2.937811893399811e-05,0,0
2024-04-17,492.7573849272521,492.9229325491744,486.00942494137024,487.40185546875,10278.847287735487,0.0,0,0.0,10278.847287735487,0.0,0,0
2024-04-18,488.7943295112607,490.88784877913054,485.4641507516637,486.39892578125,10278.847287735487,0.0,0,0.0,10278.847287735487,0.0,0,0
2024-04-19,486.32104754330464,487.3142441699,480.8876025986124,482.1534729003906,10278.847287735487,0.0,0,0.0,10278.847287735487,0.0,0,0
2024-04-22,484.75331996273405,489.1838214219077,482.4163675078979,486.59368896484375,10278.847287735487,0.0,0,0.0,10278.847287735487,0.0,0,0
2024-04-23,488.5995792337359,492.7963646750655,486.4086807205422,492.367919921875,10278.847287735487,0.0,0,0.0,10278.847287735487,0.0,1,0
2024-04-24,493.2540334865075,494.0427545951939,489.914137461728,492.1342468261719,-1.8189894035458565e-12,20.81802772470971,1,10245.264394706379,10245.264394706377,-0.003267184742512974,0,1
2024-04-25,486.0678932982719,491.0241892900092,484.4222826199273,490.2646789550781,10108.858433639609,0.0,0,0.0,10108.858433639609,-0.013314049868468736,1,0
2024-04-26,493.0495602812449,496.4868355354093,492.41663996726425,494.9093933105469,0.0,20.48223538834108,1,10136.850689687699,10136.850689687699,0.0027690818139207707,0,1
2024-04-29,496.6912896486231,497.33395677101214,493.9258924563797,496.6620788574219,10163.177105348856,0.0,0,0.0,10163.177105348856,0.0025971000725046878,0,0
2024-04-30,495.2015209263445,496.1752536684076,488.79437255859375,488.79437255859375,10163.177105348856,0.0,0,0.0,10163.177105348856,0.0,0,0
2024-05-01,488.2101273744075,494.8412449760708,486.7397814235659,487.2071838378906,10163.177105348856,0.0,0,0.0,10163.177105348856,0.0,1,0
2024-05-02,490.9073316662554,492.6016467604268,486.4281553313073,491.7642211914063,0.0,20.68215504357242,1,10170.743867562307,10170.743867562307,0.0007445272413357795,1,1
2024-05-03,497.733181730278,499.08665465274976,495.20147091341136,497.8597717285156,0.0,20.68215504357242,1,10296.812988846732,10296.812988846732,0.012395270486212695,1,1
2024-05-06,500.255195688938,503.0400570645358,499.8170040691018,503.0011291503906,0.0,20.68215504357242,1,10403.147340180372,10403.147340180372,0.010326918770771076,1,1
2024-05-07,503.96507290224616,504.9485523975052,502.8842439138016,503.5561218261719,0.0,20.68215504357242,1,10414.625784748929,10414.625784748929,0.0011033626837353427,1,1
2024-05-08,501.72550045922026,504.1403384404924,501.6086572944442,503.6047973632813,0.0,20.68215504357242,1,10415.632499754254,10415.632499754254,9.666357929050129e-05,1,1
2024-05-09,503.7897771689901,506.5454570669787,503.1373929681529,506.5064697265625,0.0,20.68215504357242,1,10475.645337457285,10475.645337457285,0.005761804451572816,1,1
2024-05-10,508.10336653372445,508.911581170476,505.94170885537113,507.1588745117188,0.0,20.68215504357242,1,10489.138474375057,10489.138474375057,0.001288048276083309,0,1
2024-05-13,508.8337028193061,508.9407991411694,506.0877697676685,507.2270202636719,10513.25638651522,0.0,0,0.0,10513.25638651522,0.0022993225038532294,1,0
2024-05-14,507.42181386177714,510.0703976103099,506.88627278339663,509.5542907714844,0.0,20.698264684140334,1,10546.88958132759,10546.88958132759,0.0031991224769813975,1,1
2024-05-15,512.01781913004,516.1561825946173,511.3848691803367,515.8640747070312,0.0,20.698264684140334,1,10677.491159325276,10677.491159325276,0.012382947312628234,1,1
2024-05-16,515.961600989722,517.5585372316199,514.6567727355028,514.8028564453125,0.0,20.698264684140334,1,10655.525782856577,10655.525782856577,-0.002057166439282443,0,1
2024-05-17,514.9195214966393,515.6108930215729,513.4686694664939,515.542724609375,10647.2852709065,0.0,0,0.0,10647.2852709065,-0.0007733557327913587,0,0
2024-05-20,515.6595382886503,517.5972564963745,515.2700215074756,516.1366577148438,10647.2852709065,0.0,0,0.0,10647.2852709065,0.0,0,0
2024-05-21,515.3772666864285,517.5584184029028,515.1727614260365,517.402587890625,10647.2852709065,0.0,0,0.0,10647.2852709065,0.0,0,0
2024-05-22,516.7113709167669,517.4221768932046,513.7414381195646,515.9129028320312,10647.2852709065,0.0,0,0.0,10647.2852709065,0.0,1,0
2024-05-23,518.9605372397859,519.0676335599267,510.9369308576571,512.1444091796875,-1.8189894035458565e-12,20.496059338832854,1,10496.942200598369,10496.942200598367,-0.014120319544639437,1,1
2024-05-24,513.9848197975488,516.3412958961842,513.0403275362747,515.5330810546875,-1.8189894035458565e-12,20.496059338832854,1,10566.396620428202,10566.3966204282,0.006616633539801242,1,1
2024-05-28,516.3413100648252,516.5749964273494,513.2642811397658,515.8933715820312,-1.8189894035458565e-12,20.496059338832854,1,10573.78115645586,10573.781156455858,0.0006988698506149582,1,1
2024-05-29,511.871810616093,513.4589997088932,511.56995584928654,512.28076171875,-1.8189894035458565e-12,20.496059338832854,1,10499.736890329994,10499.736890329992,-0.00700262895838899,1,1
2024-05-30,510.7423703380884,511.40450154015656,507.6361601885423,508.8825073242188,-1.8189894035458565e-12,20.496059338832854,1,10430.086066611233,10430.086066611231,-0.006633578007360086,0,1
2024-05-31,509.8367164200918,513.6439850215788,504.7440541264526,513.5173950195312,10439.196561679935,0.0,0,0.0,10439.196561679935,0.0008734822522575847,1,0
2024-06-03,515.1240197883811,515.4063808363203,508.8726139393969,513.93603515625,-1.8189894035458565e-12,20.245154154495836,1,10404.714257288673,10404.714257288671,-0.003303156922807693,1,1
2024-06-04,512.6312623824123,515.250605333056,511.17066354967966,514.5105590820312,-1.8189894035458565e-12,20.245154154495836,1,10416.345582731561,10416.34558273156,0.0011178899444297397,1,1
2024-06-05,516.8281493311971,520.6451650598835,514.84169649016,520.6256713867188,-1.8189894035458565e-12,20.245154154495836,1,10540.146974012014,10540.146974012012,0.011885299916094771,0,1
2024-06-06,520.9275073614583,521.3559521321091,518.6879340097541,520.6159057617188,10535.71406872456,0.0,0,0.0,10535.71406872456,-0.000420573384638967,0,0
2024-06-07,519.6421291117942,522.787325920015,518.5515533208824,519.9829711914062,10535.71406872456,0.0,0,0.0,10535.71406872456,0.0,0,0
2024-06-10,519.1748224338155,521.9110090941606,518.5808597177815,521.5896606445312,10535.71406872456,0.0,0,0.0,10535.71406872456,0.0,0,0
2024-06-11,520.0413486344055,522.9041247005574,518.0743898707741,522.845703125,10535.71406872456,0.0,0,0.0,10535.71406872456,0.0,1,0
2024-06-12,527.402758345961,529.8273428520355,526.107677431855,527.1398315429688,-1.8189894035458565e-12,19.95663861179998,1,10519.939115988147,10519.939115988145,-0.001497283680395478,0,1
2024-06-13,528.8829186945259,529.0581834417079,525.4164327979901,528.2012939453125,10544.173189745623,0.0,0,0.0,10544.173189745623,0.002303632510633813,0,0
2024-06-14,526.6725282080745,528.5518251182958,525.6695550365463,528.5226440429688,10544.173189745623,0.0,0,0.0,10544.173189745623,0.0,1,0
2024-06-17,527.8410283318889,534.1216160104203,527.3833430672393,532.7291259765625,0.0,19.956078353185113,1,10631.184179012103,10631.184179012103,0.008252044773989553,0,1
2024-06-18,532.7875604635906,534.2092316077063,532.3688625324717,534.0826416015625,10621.720609999129,0.0,0,0.0,10621.720609999129,-0.0008901707329703745,0,0
2024-06-20,535.0076850141029,535.669816103357,530.8595742964317,532.6317749023438,10621.720609999129,0.0,0,0.0,10621.720609999129,0.0,1,0
2024-06-21,531.810221745453,533.0313142277637,530.4621308750893,531.9176635742188,0.0,19.952807254334747,1,10613.250616472462,10613.250616472462,-0.0007974219844093522,0,1
2024-06-24,531.7418545665156,534.3012597413704,530.0713785197397,530.1885986328125,10599.13564293064,0.0,0,0.0,10599.13564293064,-0.0013299387767131687,0,0
2024-06-25,531.4097461795637,532.5917853363576,529.8956032092343,532.2303466796875,10599.13564293064,0.0,0,0.0,10599.13564293064,0.0,0,0
2024-06-26,531.1166134619692,533.6076301716555,530.4719028733521,532.89453125,10599.13564293064,0.0,0,0.0,10599.13564293064,0.0,0,0
2024-06-27,532.7578670304722,534.311123211826,532.0154331135317,533.7347412109375,10599.13564293064,0.0,0,0.0,10599.13564293064,0.0,0,0
2024-06-28,534.5063503169283,537.5542520433446,530.3937489459842,531.6343383789062,10599.13564293064,0.0,0,0.0,10599.13564293064,0.0,0,0
2024-07-01,533.0118486999152,533.2560672380866,529.973784394742,532.7285766601562,10599.13564293064,0.0,0,0.0,10599.13564293064,0.0,0,0
2024-07-02,531.126400132376,536.3135986328125,531.0775683576217,536.3135986328125,10599.13564293064,0.0,0,0.0,10599.13564293064,0.0,0,0
2024-07-03,536.0010100914286,539.068408833479,535.9619565950238,538.7069702148438,10599.13564293064,0.0,0,0.0,10599.13564293064,0.0,0,0
2024-07-05,539.0098526062544,542.213968717536,538.3748605783948,541.8134765625,10599.13564293064,0.0,0,0.0,10599.13564293064,0.0,0,0
2024-07-08,542.5948722312855,543.3861377502993,541.3737797869028,542.4385986328125,10599.13564293064,0.0,0,0.0,10599.13564293064,0.0,1,0
2024-07-09,543.396013525926,544.2947210316149,542.6731362089374,542.9661865234375,0.0,19.48587068690005,1,10580.168897954956,10580.168897954956,-0.0017894614820156418,1,1
2024-07-10,544.1872742397521,548.6808713510104,543.8942239279161,548.3389892578125,0.0,19.48587068690005,1,10684.86263726321,10684.86263726321,0.009895280530775707,1,1
2024-07-11,548.4562180647349,549.3256503566656,542.9759684638211,543.6109008789062,0.0,19.48587068690005,1,10592.731718515608,10592.731718515608,-0.008622564638902985,1,1
2024-07-12,544.7342644743289,550.6345620898736,544.2653840243584,547.0396728515625,0.0,19.48587068690005,1,10659.544325789655,10659.544325789655,0.006307401060414053,1,1
2024-07-15,549.0325654558818,551.7775792240066,546.6880438244344,548.5441284179688,0.0,19.48587068690005,1,10688.859952410834,10688.859952410834,0.0027501763419899294,1,1
2024-07-16,549.8530882979716,552.090108393895,549.1008762046278,551.7970581054688,0.0,19.48587068690005,1,10752.246119655038,10752.246119655038,0.005930114860369873,1,1
2024-07-17,545.8771519032762,547.5476278240299,543.7377955656038,544.0601806640625,0.0,19.48587068690005,1,10601.4863263114,10601.4863263114,-0.014021237206247483,1,1
2024-07-18,545.5939606590898,546.5806130354061,537.7008012722223,539.8792114257812,0.0,19.48587068690005,1,10520.016500388345,10520.016500388345,-0.007684755082017047,1,1
2024-07-19,539.644738170822,541.2663824595259,535.2390267295067,536.2940673828125,0.0,19.48587068690005,1,10450.156847173146,10450.156847173146,-0.00664064103061246,1,1
2024-07-22,540.2112543695183,542.4287771514711,538.2770631712352,541.8231201171875,0.0,19.48587068690005,1,10557.895253776229,10557.895253776229,0.01030974062673784,0,1
2024-07-23,541.7157018138391,543.8648365993427,540.484890622907,540.9733276367188,10545.248951443698,0.0,0,0.0,10545.248951443698,-0.0011978052470266176,1,0
2024-07-24,536.1671163330532,536.4699449259502,527.7952979520205,528.7135620117188,0.0,19.648186703818194,1,10388.262779247008,10388.262779247008,-0.014886910012228527,1,1
2024-07-25,528.8306910081631,534.7994361794972,525.0209183627663,525.9586791992188,0.0,19.648186703818194,1,10334.134327399868,10334.134327399868,-0.005210539336305109,0,1
2024-07-26,529.7392825093052,534.5357078065754,528.9675138593225,531.8493041992188,10398.010512866513,0.0,0,0.0,10398.010512866513,0.006181087205077596,0,0
2024-07-29,533.3926747810592,534.3988238349518,530.1689434005636,532.1618041992188,10398.010512866513,0.0,0,0.0,10398.010512866513,0.0,0,0
2024-07-30,533.6272524601584,534.6822931769603,526.0662565076813,529.4657592773438,10398.010512866513,0.0,0,0.0,10398.010512866513,0.0,0,0
2024-07-31,536.2843251839307,540.6998152024645,534.9167372159726,538.072021484375,10398.010512866513,0.0,0,0.0,10398.010512866513,0.0,0,0
2024-08-01,539.7913683115238,542.0381669821182,526.9552273833177,530.4524536132812,10398.010512866513,0.0,0,0.0,10398.010512866513,0.0,0,0
2024-08-02,523.3603002519518,524.5716145988897,516.3756265717791,520.5762329101562,10398.010512866513,0.0,0,0.0,10398.010512866513,0.0,0,0
2024-08-05,499.80785259777787,511.4717311244644,498.4695101090915,505.41510009765625,10398.010512866513,0.0,0,0.0,10398.010512866513,0.0,1,0
2024-08-06,507.2124445147762,517.4989554385519,505.8936885816187,510.0747375488281,0.0,20.47982143971856,1,10446.239545911307,10446.239545911307,0.004638294314582181,1,1
2024-08-07,516.2486294067602,519.2965314666948,506.0696179320819,506.6654968261719,0.0,20.47982143971856,1,10376.41890466629,10376.41890466629,-0.006683806257568037,0,1
2024-08-08,511.79405372836936,519.0033889369354,509.77197692780607,518.3782348632812,10470.972003795174,0.0,0,0.0,10470.972003795174,0.009112305507091856,0,0
2024-08-09,517.5576103421191,522.1489300560904,516.3365178449808,520.6640625,10470.972003795174,0.0,0,0.0,10470.972003795174,0.0,0,0
2024-08-12,521.8558860240913,523.3406939742863,518.6712672136742,520.9376220703125,10470.972003795174,0.0,0,0.0,10470.972003795174,0.0,0,0
2024-08-13,524.1222955084382,529.7393216479126,523.878076980635,529.5048217773438,10470.972003795174,0.0,0,0.0,10470.972003795174,0.0,0,0
2024-08-14,530.2960824274743,532.3573320967027,527.6292352085552,531.17529296875,10470.972003795174,0.0,0,0.0,10470.972003795174,0.0,0,0
2024-08-15,536.7922766972661,540.5629961238054,536.1866195717042,540.2797241210938,10470.972003795174,0.0,0,0.0,10470.972003795174,0.0,1,0
2024-08-16,538.6679083622046,542.1846909540823,538.5116347380534,541.4910888671875,-3.637978807091713e-12,19.419216770482713,1,10515.332833996632,10515.332833996628,0.0042365532240347115,0,1
2024-08-19,541.9012465320536,546.6683959960938,541.0513709978661,546.6683959960938,10512.777107650583,0.0,0,0.0,10512.777107650583,-0.00024304759406024168,0,0
2024-08-20,546.2191462607274,547.8700657821756,544.4412283435015,545.779541015625,10512.777107650583,0.0,0,0.0,10512.777107650583,0.0,0,0
2024-08-21,546.8248322343893,549.1106842316043,541.9013486274712,547.6551513671875,10512.777107650583,0.0,0,0.0,10512.777107650583,0.0,0,0
2024-08-22,549.5503421956289,550.1559994238155,542.1456191373768,543.35693359375,10512.777107650583,0.0,0,0.0,10512.777107650583,0.0,0,0
2024-08-23,546.5904001832064,550.0680696349215,544.4021520897437,549.1302490234375,10512.777107650583,0.0,0,0.0,10512.777107650583,0.0,0,0
2024-08-26,550.1559102385648,550.8690092024209,546.1214157161334,547.8211669921875,10512.777107650583,0.0,0,0.0,10512.777107650583,0.0,0,0
2024-08-27,546.5512279111676,549.0618012606642,545.4083020191189,548.5733642578125,10512.777107650583,0.0,0,0.0,10512.777107650583,0.0,0,0
2024-08-28,548.2315309438809,548.661357929549,542.204174863817,545.3887939453125,10512.777107650583,0.0,0,0.0,10512.777107650583,0.0,1,0
2024-08-29,547.352316743397,550.644377643334,544.2946960843145,545.4376220703125,-3.637978807091713e-12,19.18740797948647,1,10465.53418202404,10465.534182024036,-0.0044938578210858005,0,1
2024-08-30,547.8016709409602,551.1523417216108,544.2556134288437,550.6443481445312,10500.385885759946,0.0,0,0.0,10500.385885759946,0.0033301409301946805,0,0
2024-09-03,547.5086116923438,547.8407751289367,536.8021094517958,539.3126831054688,10500.385885759946,0.0,0,0.0,10500.385885759946,0.0,0,0
2024-09-04,537.4761456891545,541.6083040829072,536.7532683896355,538.2088012695312,10500.385885759946,0.0,0,0.0,10500.385885759946,0.0,0,0
2024-09-05,538.1500854338868,540.9927622926045,534.4476951362813,536.899658203125,10500.385885759946,0.0,0,0.0,10500.385885759946,0.0,0,0
2024-09-06,537.2222417910504,538.8438268549829,526.9650618918539,527.86376953125,10500.385885759946,0.0,0,0.0,10500.385885759946,0.0,0,0
2024-09-09,532.0544335310877,535.043665505135,530.1299607989381,533.773681640625,10500.385885759946,0.0,0,0.0,10500.385885759946,0.0,0,0
2024-09-10,535.6786451567546,536.4504138231891,530.8138314182086,536.0986938476562,10500.385885759946,0.0,0,0.0,10500.385885759946,0.0,0,0
2024-09-11,536.0108196239122,542.5167747623394,527.4729497044474,541.5985107421875,10500.385885759946,0.0,0,0.0,10500.385885759946,0.0,0,0
2024-09-12,542.1748597619055,546.4633510224045,539.9573366553728,546.1605224609375,10500.385885759946,0.0,0,0.0,10500.385885759946,0.0,0,0
2024-09-13,546.7662020730168,550.0094311099382,546.5122052774053,549.0130004882812,10500.385885759946,0.0,0,0.0,10500.385885759946,0.0,0,0
2024-09-16,548.7492552395013,550.0875680057417,546.9518402590558,549.8238525390625,10500.385885759946,0.0,0,0.0,10500.385885759946,0.0,0,0
2024-09-17,552.0315464267048,553.4773606816602,547.8212213158272,550.0485229492188,10500.385885759946,0.0,0,0.0,10500.385885759946,0.0,0,0
2024-09-18,550.702966140304,555.5385046014119,547.8602888957543,548.4171142578125,10500.385885759946,0.0,0,0.0,10500.385885759946,0.0,1,0
2024-09-19,557.8049085738365,559.6316584337985,554.9426745171918,557.7755737304688,1.8189894035458565e-12,18.805667014900678,1,10489.341708620377,10489.341708620379,-0.0010517877399671693,0,1
2024-09-20,556.4096197933483,557.8500005367814,553.7933228326182,556.8113403320312,10453.192995600984,0.0,0,0.0,10453.192995600984,-0.0034462327592671427,0,0
2024-09-23,557.8794446150124,558.8495067502496,556.6643550711399,558.2027587890625,10453.192995600984,0.0,0,0.0,10453.192995600984,0.0,0,0
2024-09-24,558.9964258828836,559.8587165873663,556.1743944512203,559.7999267578125,10453.192995600984,0.0,0,0.0,10453.192995600984,0.0,0,0
2024-09-25,559.6432009533316,560.378103761662,557.4580492681129,558.5653076171875,10453.192995600984,0.0,0,0.0,10453.192995600984,0.0,0,0
2024-09-26,562.8179934718497,563.1413674659622,558.428192996937,560.7798461914062,10453.192995600984,0.0,0,0.0,10453.192995600984,0.0,0,0
2024-09-27,561.8478858705382,562.6611352170194,558.9376397719122,559.9664916992188,10453.192995600984,0.0,0,0.0,10453.192995600984,0.0,1,0
2024-09-30,558.9376557740085,562.8179640810873,556.6447925339722,562.21044921875,-1.8189894035458565e-12,18.683206488952404,1,10503.893913000597,10503.893913000595,0.004850280428281284,0,1
2024-10-01,561.8576982708267,562.5043864049716,554.6066335561335,557.1738891601562,10486.808715133018,0.0,0,0.0,10486.808715133018,-0.0016265584943151445,0,0
2024-10-02,556.282242548741,558.4281611024765,553.8913563966638,557.4090576171875,10486.808715133018,0.0,0,0.0,10486.808715133018,0.0,0,0
2024-10-03,555.9392527365582,558.3301388916863,554.106899883147,556.3900146484375,10486.808715133018,0.0,0,0.0,10486.808715133018,0.0,0,0
2024-10-04,560.8287828388663,561.8184614824812,556.6643337627131,561.4461059570312,10486.808715133018,0.0,0,0.0,10486.808715133018,0.0,0,0
2024-10-07,559.7999688939893,560.4467168743025,555.22399069742,556.3704223632812,10486.808715133018,0.0,0,0.0,10486.808715133018,0.0,0,0
2024-10-08,558.9376197622599,562.230029540932,558.0655806170524,561.6322631835938,10486.808715133018,0.0,0,0.0,10486.808715133018,0.0,0,0
2024-10-09,561.6225357741174,566.0809942856702,561.0248291372598,565.5224609375,10486.808715133018,0.0,0,0.0,10486.808715133018,0.0,0,0
2024-10-10,564.1800368650188,565.953600014702,562.9257739624676,564.5327758789062,10486.808715133018,0.0,0,0.0,10486.808715133018,0.0,0,0
2024-10-11,564.4542980317323,568.6481717987969,564.3171018304082,567.9132690429688,10486.808715133018,0.0,0,0.0,10486.808715133018,0.0,0,0
2024-10-14,569.5202272995722,573.4887501402064,569.0401003876937,572.557861328125,10486.808715133018,0.0,0,0.0,10486.808715133018,0.0,0,0
2024-10-15,572.8224884018784,573.1262458468478,566.8942243784207,568.1093139648438,10486.808715133018,0.0,0,0.0,10486.808715133018,0.0,0,0
2024-10-16,568.1093193754714,571.097912292803,567.3058184280349,570.5785522460938,10486.808715133018,0.0,0,0.0,10486.808715133018,0.0,0,0
2024-10-17,574.1159000748407,574.3216944108202,570.441385688738,570.6275634765625,10486.808715133018,0.0,0,0.0,10486.808715133018,0.0,0,0
2024-10-18,572.3128360166068,573.6062719503354,570.8528388827377,572.8223876953125,10486.808715133018,0.0,0,0.0,10486.808715133018,0.0,0,0
2024-10-21,572.0973176864316,573.0771881011084,568.912738838732,571.8817749023438,10486.808715133018,0.0,0,0.0,10486.808715133018,0.0,1,0
2024-10-22,569.3536780068462,572.7342428128154,568.697181591541,571.5780029296875,0.0,18.40039007556621,1,10517.258212519377,10517.258212519377,0.002903599961961545,0,1
2024-10-23,569.5594196255329,570.0003732214365,562.8570804647936,566.355224609375,10469.637996859457,0.0,0,0.0,10469.637996859457,-0.004527816537130747,0,0
2024-10-24,568.3052337104026,568.3836400907534,564.9639018539431,567.5801391601562,10469.637996859457,0.0,0,0.0,10469.637996859457,0.0,0,0
2024-10-25,569.8044050522926,572.6950344865168,566.443456997856,567.3840942382812,10469.637996859457,0.0,0,0.0,10469.637996859457,0.0,1,0
2024-10-28,570.8529569215461,570.9803448675634,568.8344261393737,569.13818359375,0.0,18.322014590697794,1,10427.758103927927,10427.758103927927,-0.004000128079317822,1,1
2024-10-29,568.1778707648036,571.1762720247682,566.7864714367279,570.0592651367188,0.0,18.322014590697794,1,10444.634173397424,10444.634173397424,0.0016183794542703467,1,1
2024-10-30,569.588797638648,571.5779630983764,567.6290569957021,568.3345947265625,0.0,18.322014590697794,1,10413.034736978396,10413.034736978396,-0.003025422996576821,1,1
2024-10-31,563.9741674152153,564.0427655154251,556.9974954170759,557.1934814453125,0.0,18.322014590697794,1,10208.907096882716,10208.907096882716,-0.01960308836489222,0,1
2024-11-01,559.8195584319851,563.9643910438907,559.1336371976272,559.545166015625,10246.76765988661,0.0,0,0.0,10246.76765988661,0.0037085814029449438,0,0
2024-11-04,559.6823223393656,560.9757583388703,556.4585705161212,558.3399047851562,10246.76765988661,0.0,0,0.0,10246.76765988661,0.0,0,0
2024-11-05,559.251198693126,565.1304208425688,559.0356559214524,565.0912475585938,10246.76765988661,0.0,0,0.0,10246.76765988661,0.0,1,0
2024-11-06,577.3396500855225,580.0146771322202,573.6063462638446,579.142578125,0.0,17.73051369443607,1,10268.495412476324,10268.495412476324,0.002120449424726667,1,1
2024-11-07,581.1415036340469,584.6396478381987,581.0630972629532,583.6205444335938,0.0,17.73051369443607,1,10347.89205543407,10347.89205543407,0.007732061978746874,1,1
2024-11-08,584.1693242787533,587.5695056932594,584.1693242787533,586.148681640625,0.0,17.73051369443607,1,10392.717226804749,10392.717226804749,0.004331816676338418,1,1
2024-11-11,587.7360663213191,588.0888053142032,584.9826328704219,586.7072143554688,0.0,17.73051369443607,1,10402.620298754076,10402.620298754076,0.0009528857307679051,1,1
2024-11-12,586.6287204841349,587.2264269895784,582.4054820528869,584.8845825195312,0.0,17.73051369443607,1,10370.304100027073,10370.304100027073,-0.0031065441012850803,0,1
2024-11-13,585.3451316888757,587.1676761411395,582.9836705187753,585.1687622070312,10368.093998125181,0.0,0,0.0,10368.093998125181,-0.00021311833101267386,0,0
2024-11-14,585.296183408181,585.7763103260314,580.7202054727688,581.4060668945312,10368.093998125181,0.0,0,0.0,10368.093998125181,0.0,0,0
2024-11-15,577.8491633593196,578.3195418358689,572.1071369723535,573.9591064453125,10368.093998125181,0.0,0,0.0,10368.093998125181,0.0,1,0
2024-11-18,574.4195885423085,577.6237838402152,573.5573576252949,576.310791015625,0.0,18.03165122084595,1,10391.835178403591,10391.835178403591,0.0022898307328911294,1,1
2024-11-19,572.9400989259979,579.1426361014928,572.2737941658764,578.4175415039062,0.0,18.03165122084595,1,10429.823368417625,10429.823368417625,0.0036555804977527195,1,1
2024-11-20,578.4959457161364,578.897666302881,572.8616903884546,578.613525390625,0.0,18.03165122084595,1,10433.357281507842,10433.357281507842,0.0003388277025782038,1,1
2024-11-21,581.4550801704302,583.1404284379229,575.6248397212988,581.7196044921875,0.0,18.03165122084595,1,10489.365016531578,10489.365016531578,0.005368141194877385,1,1
2024-11-22,581.7098478799927,584.1497754660484,581.2101642027249,583.5226440429688,0.0,18.03165122084595,1,10521.876796848655,10521.876796848655,0.0030994993753996614,1,1
2024-11-25,587.4520080099294,588.7650010479646,583.218960080664,585.5020751953125,0.0,18.03165122084595,1,10557.569209003395,10557.569209003395,0.003392209664100143,1,1
2024-11-26,586.7463470552605,589.2254477201681,586.0310608458545,588.5591430664062,0.0,18.03165122084595,1,10612.69319061341,10612.69319061341,0.005221275893981803,1,1
2024-11-27,588.3730726347505,588.7551766837055,585.2570915650057,586.77587890625,0.0,18.03165122084595,1,10580.537993242839,10580.537993242839,-0.0030298809918496428,1,1
2024-11-29,587.5890586237147,591.2047827973582,587.3147260107087,590.4208984375,0.0,18.03165122084595,1,10646.26371412351,10646.26371412351,0.00621194507525491,1,1
2024-12-02,590.8323780737772,592.1552388895445,590.3424429138348,591.4791259765625,0.0,18.03165122084595,1,10665.34530402018,10665.34530402018,0.0017923273750355406,1,1
2024-12-03,591.2439870884159,591.9984465923378,590.2151351783115,591.7534790039062,0.0,18.03165122084595,1,10670.292342120625,10670.292342120625,0.00046384228165408103,0,1
2024-12-04,593.4389336760423,595.6730071584342,592.7726289600115,595.4280395507812,10689.98586421518,0.0,0,0.0,10689.98586421518,0.0018456403501536656,1,0
2024-12-05,595.4279293312596,596.231430112411,594.095320145877,594.4480590820312,0.0,17.93551052012778,1,10661.729417335313,10661.729417335313,-0.002643263259538564,0,1
2024-12-06,595.212525949607,596.8097196143469,594.8009970944031,595.5750732421875,10664.767749220255,0.0,0,0.0,10664.767749220255,0.00028497552001294224,1,0
2024-12-09,595.4574149257465,595.6239761392873,591.9200973185369,592.5079956054688,-1.8189894035458565e-12,17.892313887881237,1,10601.339038452403,10601.339038452401,-0.005947500429392072,1,1
2024-12-10,593.1841677805376,593.605504896008,590.0093971009587,590.6658935546875,-1.8189894035458565e-12,17.892313887881237,1,10568.379570346315,10568.379570346313,-0.003108991042220177,1,1
2024-12-11,593.5859415432025,596.1825623151827,593.3115491139272,595.2321166992188,-1.8189894035458565e-12,17.892313887881237,1,10650.079868130377,10650.079868130375,0.007730636209670516,1,1
2024-12-12,594.369747252086,594.9380289691392,592.1650390625,592.1650390625,-1.8189894035458565e-12,17.892313887881237,1,10595.202752335705,10595.202752335703,-0.005152742183548109,1,1
2024-12-13,594.1934038090473,594.9086900260288,590.6756429397628,592.0474853515625,-1.8189894035458565e-12,17.892313887881237,1,10593.099444440924,10593.099444440923,-0.00019851511518420573,1,1
2024-12-16,593.8014854078001,595.5456834945226,593.0274092921627,594.5755615234375,-1.8189894035458565e-12,17.892313887881237,1,10638.332576840585,10638.332576840583,0.004270056430311087,1,1
2024-12-17,592.0277693260103,592.9880229689915,590.7539500471205,592.125732421875,-1.8189894035458565e-12,17.892313887881237,1,10594.499465583764,10594.499465583762,-0.004120299016806883,1,1
2024-12-18,591.822113059209,594.2031909866316,574.0962907751041,574.4784545898438,-1.8189894035458565e-12,17.892313887881237,1,10278.748831346411,10278.74883134641,-0.0298032611416017,0,1
2024-12-19,579.456191269411,581.0631932062172,574.0570953688857,574.3020629882812,10357.446838362994,0.0,0,0.0,10357.446838362994,0.007656380003817631,1,0
2024-12-20,571.9777678628068,585.7224397345614,571.1321976271144,581.1998901367188,0.0,18.09003380165661,1,10513.92565809235,10513.92565809235,0.015107856421697763,0,1
2024-12-23,580.9443313472664,585.2800771480029,577.7686569320756,584.6803588867188,10498.795915687542,0.0,0,0.0,10498.795915687542,-0.001439019344136483,0,0
2024-12-24,586.0273454449668,591.2185033240278,585.4472496940897,591.1791381835938,10498.795915687542,0.0,0,0.0,10498.795915687542,0.0,1,0
2024-12-26,589.4093887705021,592.3392110668057,588.0133066034633,591.2184448242188,0.0,17.794601152352012,1,10520.496419560808,10520.496419560808,0.002066951681653384,1,1
2024-12-27,587.4823184826345,587.7183292627742,580.8164691334702,584.9949340820312,0.0,17.794601152352012,1,10409.751528136203,10409.751528136203,-0.010526584203640499,0,1
2024-12-30,577.9948115421023,581.7799853973963,574.5733451400716,578.3192138671875,10274.904523677842,0.0,0,0.0,10274.904523677842,-0.012953911925168149,1,0
2024-12-31,579.9807622286955,580.6985158642835,574.583178079053,576.2152709960938,0.0,17.698237577319517,1,10197.994761768416,10197.994761768416,-0.007485204532284739,1,1
2025-01-02,579.4695486945864,581.180251846637,570.7291685588775,574.7994995117188,0.0,17.698237577319517,1,10172.938101682752,10172.938101682752,-0.002457018332623573,1,1
2025-01-03,577.64092396713,582.6255346471705,576.5594027877501,581.9865112304688,0.0,17.698237577319517,1,10300.135542552169,10300.135542552169,0.012503510745669022,1,1
2025-01-06,586.2337670283534,589.6060270134918,583.608664526265,585.3390502929688,0.0,17.698237577319517,1,10359.469575367539,10359.469575367539,0.00576050990496646,1,1
2025-01-07,587.3643786767495,587.6888410122485,576.903513754268,578.7223510742188,0.0,17.698237577319517,1,10242.365660616437,10242.365660616437,-0.011304045433904064,1,1
2025-01-08,578.7911897402016,580.6395509433228,575.350100693004,579.56787109375,0.0,17.698237577319517,1,10257.32987479848,10257.32987479848,0.0014610115160782478,1,1
2025-01-10,576.0185903209236,576.0874192959229,568.8119506064235,570.7192993164062,0.0,17.698237577319517,1,10100.725749263087,10100.725749263087,-0.015267533310024395,1,1
2025-01-13,566.0788468496604,571.9581742427216,565.6658729466735,571.604248046875,0.0,17.698237577319517,1,10116.387782138669,10116.387782138669,0.0015505849049237685,1,1
2025-01-14,574.5241441869972,575.1533862250869,568.6152938144415,572.3906860351562,0.0,17.698237577319517,1,10130.3063484951,10130.3063484951,0.001375843498309326,1,1
2025-01-15,580.3937768602567,583.9430001285099,579.2827918470954,582.8025512695312,0.0,17.698237577319517,1,10314.578013036102,10314.578013036102,0.018190137415575514,1,1
2025-01-16,584.1691475266347,584.346110636513,580.9836915331506,581.6817626953125,0.0,17.698237577319517,1,10294.742030575633,10294.742030575633,-0.0019231016950377322,0,1
2025-01-17,586.9122299431212,589.27179809953,585.5849165977943,587.5217895507812,10376.927367313196,0.0,0,0.0,10376.927367313196,0.007983234207663559,1,0
2025-01-21,590.5596519481012,592.9094384516549,588.5933154613438,592.8995971679688,0.0,17.553786790647877,1,10407.633116947538,10407.633116947538,0.0029590406242085976,1,1
2025-01-22,595.7213992287225,597.5894432517595,595.1708273073808,596.232666015625,0.0,17.553786790647877,1,10466.141096857846,10466.141096857846,0.005621641275482148,1,1
2025-01-23,595.6033506126263,599.4868774414062,595.3280946897063,599.4868774414062,0.0,17.553786790647877,1,10523.2648303977,10523.2648303977,0.005457955612408583,0,1
2025-01-24,599.54587252364,600.4995770008244,596.5865262707722,597.73681640625,10513.77874815054,0.0,0,0.0,10513.77874815054,-0.0009014390875879963,0,0
2025-01-27,584.798310310645,589.5961762199101,584.6311885086425,589.2815551757812,10513.77874815054,0.0,0,0.0,10513.77874815054,0.0,1,0
2025-01-28,590.5104687195756,595.1805175844501,587.1971967465958,594.3448486328125,1.8189894035458565e-12,17.78676823843184,1,10571.474076337689,10571.47407633769,0.005487592003712294,0,1
2025-01-29,593.5583059073574,593.9614384934404,589.1340487911447,591.6804809570312,10546.929178518234,0.0,0,0.0,10546.929178518234,-0.002321804664346283,1,0
2025-01-30,593.7943006280343,596.389819126707,590.6087851839717,594.8560791015625,-1.8189894035458565e-12,17.74417528615967,1,10555.230537615787,10555.230537615786,0.0007870877823337175,0,1
2025-01-31,597.2746959271392,599.6933113603776,590.9332488823969,591.6903076171875,10587.55140115708,0.0,0,0.0,10587.55140115708,0.0030620708307707023,1,0
2025-02-03,582.6943020815504,590.1860392450765,580.5510025263411,587.70849609375,0.0,18.151836644609432,1,10667.98861574283,10667.98861574283,0.007597338755489735,0,1
2025-02-04,587.767535135661,592.1622687341741,587.2268045597665,591.6510620117188,10658.393889769537,0.0,0,0.0,10658.393889769537,-0.0008993940956343316,0,0
2025-02-05,590.5302880913656,594.1974870575806,588.5049635673978,594.0499877929688,10658.393889769537,0.0,0,0.0,10658.393889769537,0.0,0,0
2025-02-06,595.7901616750784,596.242440705887,592.4867305159943,596.1146240234375,10658.393889769537,0.0,0,0.0,10658.393889769537,0.0,0,0
2025-02-07,596.6750050236558,597.8941240756534,589.9501076619601,590.6580200195312,10658.393889769537,0.0,0,0.0,10658.393889769537,0.0,0,0
2025-02-10,593.8631663388722,595.3083949100401,592.5948408497425,594.6693115234375,10658.393889769537,0.0,0,0.0,10658.393889769537,0.0,0,0
2025-02-11,592.4080280097315,595.662312577201,592.2900526181724,595.12158203125,10658.393889769537,0.0,0,0.0,10658.393889769537,0.0,0,0
2025-02-12,589.1144530437037,594.3743794070193,588.4360645213627,593.2044067382812,10658.393889769537,0.0,0,0.0,10658.393889769537,0.0,0,0
2025-02-13,594.3055902381474,599.6737110792319,593.047165943141,599.4672241210938,10658.393889769537,0.0,0,0.0,10658.393889769537,0.0,0,0
2025-02-14,599.6736338799176,600.7059485220444,598.8182823186273,599.4376831054688,10658.393889769537,0.0,0,0.0,10658.393889769537,0.0,0,0
2025-02-18,600.5978525430173,601.1975708007812,598.1399318067746,601.1975708007812,10658.393889769537,0.0,0,0.0,10658.393889769537,0.0,0,0
2025-02-19,599.8112758662747,602.9082197102092,599.3000091966954,602.61328125,10658.393889769537,0.0,0,0.0,10658.393889769537,0.0,0,0
2025-02-20,601.2467721645895,601.3844301402796,596.8028918726411,600.1063232421875,10658.393889769537,0.0,0,0.0,10658.393889769537,0.0,0,0
2025-02-21,599.8899309928074,600.0275889538111,589.3798596850504,589.8419799804688,10658.393889769537,0.0,0,0.0,10658.393889769537,0.0,1,0
2025-02-24,591.8869345556642,592.8799440315161,586.4499856464254,587.1578979492188,0.0,17.98948897620572,1,10562.670532449594,10562.670532449594,-0.008981030191783645,0,1
2025-02-25,587.098968367302,587.8265033006376,579.6366946428752,584.2379150390625,10551.05144936855,0.0,0,0.0,10551.05144936855,-0.00110001377448532,1,0
2025-02-26,585.8995163780398,589.4881049123491,581.8980139327481,584.5328979492188,1.8189894035458565e-12,17.99030040354989,1,10515.922429864018,10515.92242986402,-0.003329433059169884,0,1
2025-02-27,586.8040113591791,587.9543615454245,574.8094053796542,575.20263671875,10546.226301112487,0.0,0,0.0,10546.226301112487,0.0028817130832390347,0,0
2025-02-28,575.7040488167072,584.7098443771037,572.6365684069419,584.178955078125,10546.226301112487,0.0,0,0.0,10546.226301112487,0.0,0,0
2025-03-03,586.1453068357338,587.2858157400013,570.1393571070072,573.9442138671875,10546.226301112487,0.0,0,0.0,10546.226301112487,0.0,0,0
2025-03-04,569.9525173224438,575.5369060706639,562.6180601948478,567.1504516601562,10546.226301112487,0.0,0,0.0,10546.226301112487,0.0,0,0
2025-03-05,566.9833769883293,575.0355284425119,563.4341535288585,573.2461547851562,10546.226301112487,0.0,0,0.0,10546.226301112487,0.0,0,0
2025-03-06,565.7937090893346,570.4047711019521,560.523941077153,563.0703735351562,10546.226301112487,0.0,0,0.0,10546.226301112487,0.0,0,0
2025-03-07,561.2907933786839,567.6715458955733,556.1094773560538,566.2262573242188,10546.226301112487,0.0,0,0.0,10546.226301112487,0.0,0,0
2025-03-10,558.0364891964213,559.9536192631458,546.2384702857362,551.1444702148438,10546.226301112487,0.0,0,0.0,10546.226301112487,0.0,0,0
2025-03-11,549.9843324603625,554.5265648872522,542.7285461144836,546.5628662109375,10546.226301112487,0.0,0,0.0,10546.226301112487,0.0,0,0
2025-03-12,552.7076387923001,553.6318192815521,544.3703918307585,549.4631958007812,10546.226301112487,0.0,0,0.0,10546.226301112487,0.0,0,0
2025-03-13,549.0896792735167,549.6992388466521,540.4279685563406,542.138671875,10546.226301112487,0.0,0,0.0,10546.226301112487,0.0,0,0
2025-03-14,546.7496145526088,554.3397037227768,542.2073825911375,553.3368530273438,10546.226301112487,0.0,0,0.0,10546.226301112487,0.0,1,0
2025-03-17,553.3172833424321,560.1208513978755,552.8846868765244,557.6039428710938,-1.8189894035458565e-12,19.04095226443713,1,10617.310058670426,10617.310058670424,0.006740207874208037,1,1
2025-03-18,555.2934322950165,555.5097605205915,549.6500559715837,551.5770874023438,-1.8189894035458565e-12,19.04095226443713,1,10502.552991385295,10502.552991385293,-0.010808487898628982,1,1
2025-03-19,553.3566169353411,561.3399385264869,552.1768030039566,557.584228515625,-1.8189894035458565e-12,19.04095226443713,1,10616.93467856902,10616.934678569018,0.010890845995020992,1,1
2025-03-20,553.848245552193,560.966374832501,553.1304918485869,555.9718627929688,-1.8189894035458565e-12,19.04095226443713,1,10586.233699811108,10586.233699811106,-0.0028916989401737148,1,1
2025-03-21,551.5205297947124,557.0526817242638,550.2878724028328,556.1552734375,-1.8189894035458565e-12,19.04095226443713,1,10589.726013138417,10589.726013138416,0.0003298919546212975,1,1
2025-03-24,562.880651498493,567.1703352751009,562.2890000340255,566.1151733398438,-1.8189894035458565e-12,19.04095226443713,1,10779.371991737517,10779.371991737515,0.01790848775160092,1,1
2025-03-25,567.3182603575567,568.4128457426297,565.7306119858723,567.47607421875,-1.8189894035458565e-12,19.04095226443713,1,10805.2848404094,10805.284840409398,0.0024039293468809397,0,1
2025-03-26,567.2097618801449,568.3339598573967,559.3207546377017,560.7013549804688,10789.416485936206,0.0,0,0.0,10789.416485936206,-0.0014685734534131134,0,0
2025-03-27,559.3108687859911,562.9792883535321,557.101956447335,559.2122802734375,10789.416485936206,0.0,0,0.0,10789.416485936206,0.0,0,0
2025-03-28,557.6837393471919,558.4134627917625,547.3688420558537,547.9506225585938,10789.416485936206,0.0,0,0.0,10789.416485936206,0.0,1,0
2025-03-31,542.201546342058,552.9305994826874,539.282592409213,551.62890625,0.0,19.87938844667439,1,10966.04530575788,10966.04530575788,0.01637056276879334,1,1
2025-04-01,549.715889513425,555.1297110203275,545.9981756472096,553.18701171875,0.0,19.87938844667439,1,10997.01948961205,10997.01948961205,0.002824553701041843,1,1
2025-04-02,547.3491017135567,559.547472787333,547.1124411566806,556.687744140625,0.0,19.87938844667439,1,11066.61190927437,11066.61190927437,0.006328298292828993,0,1
2025-04-03,537.5471385326381,540.3674444952709,529.2538452148438,529.2538452148438,10675.42493844041,0.0,0,0.0,10675.42493844041,-0.035348395158424806,0,0
2025-04-04,516.404523136506,518.5740121118964,498.0527349403516,498.2696838378906,10675.42493844041,0.0,0,0.0,10675.42493844041,0.0,1,0
2025-04-07,482.40291724281104,515.9114550791749,475.115432610906,497.3821716308594,0.0,22.107572598629897,1,10995.912468593418,10995.912468593418,0.03002105602363292,0,1
2025-04-08,514.6196468974629,517.6963548854247,482.3733480760591,489.591796875,11365.617057510279,0.0,0,0.0,11365.617057510279,0.03362200180956454,1,0
2025-04-09,486.5940541464612,541.0084838867188,486.2094505309847,541.0084838867188,0.0,23.33415269305522,1,12623.974571251,12623.974571251,0.1107161632644671,0,1
2025-04-10,524.7866027854379,526.0981670837639,502.25365007002944,517.3019409179688,12233.208331307143,0.0,0,0.0,12233.208331307143,-0.030954295553934363,0,0
2025-04-11,515.7536950429114,528.9874872153164,512.8544826104954,526.5320434570312,12233.208331307143,0.0,0,0.0,12233.208331307143,0.0,0,0
2025-04-14,536.5017912856171,536.7286411738348,526.453165817952,531.6401977539062,12233.208331307143,0.0,0,0.0,12233.208331307143,0.0,0,0
2025-04-15,532.1825399641931,535.6931457102869,529.3622343758641,530.151123046875,12233.208331307143,0.0,0,0.0,12233.208331307143,0.0,0,0
2025-04-16,524.3034408726064,530.4273047249436,513.0714517926509,518.366943359375,12233.208331307143,0.0,0,0.0,12233.208331307143,0.0,1,0
2025-04-17,520.3194821276195,523.800475242003,516.6411916080497,519.1065063476562,-1.8189894035458565e-12,23.487462437110597,1,12192.49456870029,12192.494568700287,-0.0033281344929491086,1,1
2025-04-21,513.9293002870572,514.4618467446136,501.40552056556845,506.7503356933594,-1.8189894035458565e-12,23.487462437110597,1,11902.279474590963,11902.279474590961,-0.02380276591259234,1,1
2025-04-22,512.9235348557764,521.9564215250564,511.9867032226325,519.9348754882812,-1.8189894035458565e-12,23.487462437110597,1,12211.950857774782,12211.95085777478,0.026017821531153507,1,1
2025-04-23,532.9319549297188,537.8625838932508,526.4728430251603,527.991455078125,-1.8189894035458565e-12,23.487462437110597,1,12401.179468262828,12401.179468262826,0.015495362918822586,1,1
2025-04-24,529.2735171048926,539.8349482182391,528.0211780146883,539.105224609375,-1.8189894035458565e-12,23.487462437110597,1,12662.213712662768,12662.213712662766,0.021049146580611966,0,1
2025-04-25,539.0657336001437,543.4046513367819,536.1467793425768,543.0003662109375,12648.628048219318,0.0,0,0.0,12648.628048219318,-0.0010729296434052182,0,0
2025-04-28,543.7399439376,545.8699492792146,537.4583271221219,543.2073974609375,12648.628048219318,0.0,0,0.0,12648.628048219318,0.0,0,0
2025-04-29,541.2943585019403,547.7436606136026,540.9393676118534,546.6293334960938,12648.628048219318,0.0,0,0.0,12648.628048219318,0.0,0,0
2025-04-30,539.9729233205555,548.7987614609631,534.0068741379372,546.84619140625,12648.628048219318,0.0,0,0.0,12648.628048219318,0.0,1,0
2025-05-01,552.595342895286,556.2440206119321,550.1201573586014,550.7216796875,0.0,22.866622136401585,1,12593.14455173845,12593.14455173845,-0.004386522891601463,0,1
2025-05-02,556.894803218062,560.4941864598073,554.5774316657111,558.8966674804688,12721.571915453986,0.0,0,0.0,12721.571915453986,0.010198196581314267,0,0
2025-05-05,554.7648727126054,558.788283367358,553.9069479669498,555.6918334960938,12721.571915453986,0.0,0,0.0,12721.571915453986,0.0,0,0
2025-05-06,550.1891335164119,555.5339182387945,549.232620427504,551.0470581054688,12721.571915453986,0.0,0,0.0,12721.571915453986,0.0,0,0
2025-05-07,552.3784371058738,555.9975022415719,548.3254139860352,553.3645629882812,12721.571915453986,0.0,0,0.0,12721.571915453986,0.0,0,0
2025-05-08,557.3978323656503,562.3974982446085,553.9069681077176,557.2203369140625,12721.571915453986,0.0,0,0.0,12721.571915453986,0.0,1,0
2025-05-09,558.6205173502777,559.6263849147109,554.9521583078488,556.51025390625,-1.8189894035458565e-12,22.75043519461654,1,12660.850466633736,12660.850466633734,-0.0047731089541291905,1,1
2025-05-12,573.402558732667,574.9113601462691,569.0340285188223,574.9014892578125,-1.8189894035458565e-12,22.75043519461654,1,13079.2590746484,13079.259074648398,0.033047433039141705,1,1
2025-05-13,575.3157161654024,580.907093658496,574.7536773375426,578.6981811523438,-1.8189894035458565e-12,22.75043519461654,1,13165.635467548858,13165.635467548856,0.006604073855214221,1,1
2025-05-14,579.6546018902411,580.8083522191259,577.4160770724685,579.4376831054688,-1.8189894035458565e-12,22.75043519461654,1,13182.45945880972,13182.459458809719,0.0012778715696883935,0,1
2025-05-15,577.4358426248243,582.770756919371,576.9822030720642,582.2678833007812,13123.783084197354,0.0,0,0.0,13123.783084197354,-0.004451094637969999,0,0
2025-05-16,583.0469103495059,586.2518193704545,581.1042713102905,585.9559936523438,13123.783084197354,0.0,0,0.0,13123.783084197354,0.0,0,0
2025-05-19,579.9405744991373,587.2773530559552,579.9405744991373,586.596923828125,13123.783084197354,0.0,0,0.0,13123.783084197354,0.0,0,0
2025-05-20,584.8614155899625,585.8080578995526,581.419785763877,584.6246948242188,13123.783084197354,0.0,0,0.0,13123.783084197354,0.0,0,0
2025-05-21,580.2758530681597,584.3584282191854,573.7477052570061,574.7732543945312,13123.783084197354,0.0,0,0.0,13123.783084197354,0.0,1,0
2025-05-22,574.5760959985981,578.4811762683786,573.3434386116112,575.0001831054688,-1.8189894035458565e-12,22.817985691880693,1,13120.345950929364,13120.345950929363,-0.00026190110320623017,1,1
2025-05-23,567.988738706783,573.7378691727489,567.6140060747297,571.0753173828125,-1.8189894035458565e-12,22.817985691880693,1,13030.788421027242,13030.78842102724,-0.006825851257053039,1,1
2025-05-27,577.938827709351,583.1061179228353,570.4048112020747,582.9483642578125,-1.8189894035458565e-12,22.817985691880693,1,13301.70743474002,13301.707434740018,0.020790684719859787,0,1
2025-05-28,583.3526236048898,584.545857588394,578.8460211072919,579.5757446289062,13297.624214651654,0.0,0,0.0,13297.624214651654,-0.0003069696208848338,1,0
2025-05-29,584.8318350718904,584.9699071457442,577.9388245287198,581.8635864257812,-1.8189894035458565e-12,22.714797246592315,1,13216.913390836666,13216.913390836664,-0.00606956720329499,1,1
2025-05-30,580.7591289651484,582.9286180198035,575.1480700909575,581.2127685546875,-1.8189894035458565e-12,22.714797246592315,1,13202.130194850311,13202.13019485031,-0.0011185059286689114,1,1
2025-06-02,579.6053591727813,584.5655410710423,576.9428072484826,584.4866943359375,-1.8189894035458565e-12,22.714797246592315,1,13276.496755171798,13276.496755171796,0.005632921295572135,1,1
2025-06-03,584.121791379625,588.7960181097066,583.6385391723649,587.8197631835938,-1.8189894035458565e-12,22.714797246592315,1,13352.206738255241,13352.20673825524,0.005702557269405384,1,1
2025-06-04,588.6777258495218,589.6539808386906,587.2280895107962,587.6619873046875,-1.8189894035458565e-12,22.714797246592315,1,13348.622891155484,13348.622891155483,-0.0002684085986692786,1,1
2025-06-05,589.3383724752952,590.6893600195378,582.8496477946317,584.8218994140625,-1.8189894035458565e-12,22.714797246592315,1,13284.110870557435,13284.110870557433,-0.004832859623354335,1,1
2025-06-06,590.3540722792903,592.4940086999786,588.5790577947733,590.8274536132812,-1.8189894035458565e-12,22.714797246592315,1,13420.52581654611,13420.525816546107,0.010269030973764304,1,1
2025-06-09,591.3993476813894,592.9081490758875,590.1864321834666,591.3599243164062,-1.8189894035458565e-12,22.714797246592315,1,13432.620780607345,13432.620780607343,0.0009012287764704752,1,1
2025-06-10,591.8924030034493,595.0973118762876,590.7781362147839,594.7127685546875,-1.8189894035458565e-12,22.714797246592315,1,13508.779957679308,13508.779957679306,0.005669718390465706,1,1
2025-06-11,595.8074157747775,596.6653405011278,590.9556931519085,593.0166625976562,-1.8189894035458565e-12,22.714797246592315,1,13470.253254756606,13470.253254756604,-0.00285197501501977,0,1
2025-06-12,591.6853731206485,595.3734741210938,591.2021810906274,595.3734741210938,13426.576630928963,0.0,0,0.0,13426.576630928963,-0.003242450086246018,1,0
2025-06-13,590.1963519379123,593.499849631983,587.218232455665,588.7171630859375,1.8189894035458565e-12,22.72660627853636,1,13379.54317487098,13379.543174870982,-0.0035030117766309266,0,1
2025-06-16,592.0700235861916,596.0638215052488,591.8924679557008,594.318359375,13442.289936987327,0.0,0,0.0,13442.289936987327,0.0046897537005743395,0,0
2025-06-17,591.8826784891205,593.401290785268,588.480531921813,589.2398681640625,13442.289936987327,0.0,0,0.0,13442.289936987327,0.0,1,0
2025-06-18,590.1370656402779,592.8784637852062,588.194366715566,589.1509399414062,-1.8189894035458565e-12,22.75548936666266,1,13406.41794919598,13406.417949195979,-0.002668592030041217,1,1
2025-06-20,591.8224395288368,592.8906208578056,586.3629131433069,587.7673950195312,-1.8189894035458565e-12,22.75548936666266,1,13374.934707437953,13374.934707437951,-0.002348370897978458,1,1
2025-06-23,588.5190130228361,593.9587392448562,585.4035696790836,593.5730590820312,-1.8189894035458565e-12,22.75548936666266,1,13507.045434278589,13507.045434278587,0.009877485739587799,1,1
2025-06-24,597.7072083922786,601.1885919192599,596.7972471416377,600.13037109375,-1.8189894035458565e-12,22.75548936666266,1,13656.260278035143,13656.26027803514,0.011047186039507384,1,1
2025-06-25,601.2479344884113,601.9402753154866,598.9039119654944,600.4666137695312,-1.8189894035458565e-12,22.75548936666266,1,13663.911644668502,13663.9116446685,0.0005602827185173798,0,1
2025-06-26,602.3161684365299,605.5997923429508,601.7029677445283,605.1646118164062,13692.296593560013,0.0,0,0.0,13692.296593560013,0.002077366249846113,1,0
2025-06-27,606.1634816784541,609.6350254118207,604.1359596054803,608.1712036132812,0.0,22.565883582216514,1,13723.9205787938,13723.9205787938,0.0023096187712339233,1,1
2025-06-30,610.6142201701539,612.4340220516922,608.2998373553096,611.0790405273438,0.0,22.565883582216514,1,13789.538488072607,13789.538488072607,0.004781280167141189,1,1
2025-07-01,609.6054458188352,612.0484090785977,608.7746849801475,610.88134765625,0.0,22.565883582216514,1,13785.077373758471,13785.077373758471,-0.0003235144031827897,0,1
2025-07-02,610.4757300098587,613.6901136433279,609.8526292762224,613.6505737304688,13762.151772899006,0.0,0,0.0,13762.151772899006,-0.001663073788987779,1,0
2025-07-03,615.628656191773,619.4167005776212,615.6088560521965,618.4869995117188,-1.8189894035458565e-12,22.33229366045045,1,13812.233298266578,13812.233298266576,0.003639076664318841,1,1
2025-07-07,616.5286747873084,617.1913758193931,611.0988485499288,613.8780517578125,-1.8189894035458565e-12,22.33229366045045,1,13709.304923560669,13709.304923560667,-0.007451971921066947,1,1
2025-07-08,614.5406287940525,615.2923096464036,612.7307271465106,613.541748046875,-1.8189894035458565e-12,22.33229366045045,1,13701.794490328914,13701.794490328912,-0.0005478347205515322,1,1
2025-07-09,615.945166968477,617.8737488887257,614.1055045789822,617.2210083007812,-1.8189894035458565e-12,22.33229366045045,1,13783.96081077237,13783.960810772369,0.00599675615492945,1,1
2025-07-10,617.3595500232223,620.000273214104,616.1825885407072,618.9617919921875,-1.8189894035458565e-12,22.33229366045045,1,13822.836503368178,13822.836503368177,0.0028203571621754353,1,1
2025-07-11,615.9154666088177,618.0122289852302,614.7187654701638,616.7858276367188,-1.8189894035458565e-12,22.33229366045045,1,13774.242228387178,13774.242228387177,-0.0035155067463294998,1,1
2025-07-14,616.3308265898004,618.3089087938923,614.9857451789246,617.9627685546875,-1.8189894035458565e-12,22.33229366045045,1,13800.526018588256,13800.526018588254,0.0019081841138897104,1,1
2025-07-15,620.6431287961128,620.9793689858044,615.242942324076,615.3220825195312,-1.8189894035458565e-12,22.33229366045045,1,13741.553442586097,13741.553442586095,-0.004273212189356279,1,1
2025-07-16,616.9044910111767,617.8836320494379,611.276844692317,617.3792114257812,-1.8189894035458565e-12,22.33229366045045,1,13787.493849417873,13787.493849417871,0.0033431741923299896,1,1
2025-07-17,617.557284919235,621.5134493059918,617.3396644874989,621.1573486328125,-1.8189894035458565e-12,22.33229366045045,1,13871.868319014768,13871.868319014766,0.00611963787751435,1,1
2025-07-18,622.4036365954075,622.5717567026577,619.5947932954602,620.7025146484375,-1.8189894035458565e-12,22.33229366045045,1,13861.710832908953,13861.710832908951,-0.0007322363413651001,1,1
2025-07-21,621.87939453125,624.6189973413707,621.4541141003111,621.87939453125,-1.8189894035458565e-12,22.33229366045045,1,13887.993260054998,13887.993260054996,0.0018960449732978724,1,1
2025-07-22,622.2057439990875,622.8288447335428,619.3276609031153,621.9683837890625,-1.8189894035458565e-12,22.33229366045045,1,13889.980594293093,13889.98059429309,0.00014309729281114514,1,1
2025-07-23,624.6288217656338,627.2597045898438,622.8287599296668,627.2597045898438,-1.8189894035458565e-12,22.33229366045045,1,14008.147924267789,14008.147924267787,0.008507379054456532,1,1
2025-07-24,627.6454884244192,629.1785504969665,627.0421878119985,627.4674682617188,-1.8189894035458565e-12,22.33229366045045,1,14012.787763600076,14012.787763600074,0.00033122432439824934,1,1
2025-07-25,628.1301809903662,630.5928838363332,627.8829206987424,630.1181030273438,-1.8189894035458565e-12,22.33229366045045,1,14071.982517572613,14071.982517572611,0.004224338152491125,1,1
2025-07-28,630.4938993278172,631.0477599275997,628.5751571845921,629.9598388671875,-1.8189894035458565e-12,22.33229366045045,1,14068.44811587208,14068.448115872077,-0.0002511658677887274,1,1
2025-07-29,631.3543820995848,631.6708825055948,627.3883778702398,628.2982788085938,-1.8189894035458565e-12,22.33229366045045,1,14031.341668709087,14031.341668709085,-0.0026375650574513854,1,1
2025-07-30,628.9509803708415,630.6917023127537,624.6189756546709,627.5070190429688,-1.8189894035458565e-12,22.33229366045045,1,14013.671023261451,14013.67102326145,-0.0012593696215837946,1,1
2025-07-31,632.4523273568442,632.8380075585872,623.857556644127,625.1531982421875,-1.8189894035458565e-12,22.33229366045045,1,13961.104805914327,13961.104805914325,-0.003751066887460741,1,1
2025-08-01,619.4364414435403,619.476041722763,612.5032535330552,614.9066162109375,-1.8189894035458565e-12,22.33229366045045,1,13732.275126976558,13732.275126976556,-0.016390513653391503,1,1
2025-08-04,618.813325728958,624.3024917393647,618.7243458354196,624.2530517578125,-1.8189894035458565e-12,22.33229366045045,1,13941.002470287842,13941.00247028784,0.015199764160073181,1,1
2025-08-05,624.8662177521945,625.6772386500149,620.168272806011,621.0880737304688,-1.8189894035458565e-12,22.33229366045045,1,13870.321251552328,13870.321251552326,-0.005070024116712868,1,1
2025-08-06,622.1563552914652,626.4982606508958,621.2464542892866,625.8455200195312,-1.8189894035458565e-12,22.33229366045045,1,13976.565939153494,13976.565939153492,0.007659857740445197,1,1
2025-08-07,629.2675537310744,629.9994345491891,622.2156852544556,625.3212890625,-1.8189894035458565e-12,22.33229366045045,1,13964.858659475172,13964.85865947517,-0.0008376363499652539,1,1
2025-08-08,627.1114011688534,630.6620853000642,626.7949007710238,630.1972045898438,-1.8189894035458565e-12,22.33229366045045,1,14073.749036895362,14073.74903689536,0.007797456463786601,0,1
2025-08-11,630.474150672182,631.9478122276477,627.7047873460086,628.9509887695312,14065.857464239585,0.0,0,0.0,14065.857464239585,-0.0005607299544057032,1,0
2025-08-12,631.2949848204768,635.8050095563038,629.8114232578196,635.6467895507812,0.0,22.258694409137213,1,14148.667640759993,14148.667640759993,0.0058873180487533094,1,1
2025-08-13,637.8425547169825,639.1085564704525,635.6370120856271,637.8228149414062,0.0,22.258694409137213,1,14197.103124956438,14197.103124956438,0.003423324755817303,1,1
2025-08-14,635.7457174616427,638.5447207235369,635.300697252298,637.882080078125,0.0,22.258694409137213,1,14198.422289523776,14198.422289523776,9.29178689290655e-05,1,1
2025-08-15,638.9106535836406,639.0095939138803,635.4787099260534,636.3886108398438,0.0,22.258694409137213,1,14165.179614139428,14165.179614139428,-0.002341293610408801,1,1
2025-08-18,635.8150025688236,636.9425240091701,635.1424618060598,636.2501831054688,0.0,22.258694409137213,1,14162.098393502225,14162.098393502225,-0.0002175207601411433,1,1
2025-08-19,636.0721245937336,637.0512656505922,631.4829592777961,632.7984008789062,0.0,22.258694409137213,1,14085.26622775428,14085.26622775428,-0.00542519643721695,1,1
2025-08-20,632.3929060531275,632.6500060324975,626.013578858981,631.1170043945312,0.0,22.258694409137213,1,14047.84053722798,14047.84053722798,-0.002657080804944645,0,1
2025-08-21,629.3071240874224,630.9785456585483,626.864161086776,628.5850830078125,13993.550911479115,0.0,0,0.0,13993.550911479115,-0.0038646242890494342,1,0
2025-08-22,630.7709103705197,639.4151205943501,630.2664897119097,638.2381591796875,-1.8189894035458565e-12,22.162670501920754,1,14145.062023651863,14145.06202365186,0.010827209843389918,1,1
2025-08-25,636.9820621561176,638.218363635622,635.3105801411765,635.4292602539062,-1.8189894035458565e-12,22.162670501920754,1,14082.809322286574,14082.809322286572,-0.0044010200352035955,1,1
2025-08-26,635.1622594491828,638.4359833484747,634.5391586749303,638.0897827148438,-1.8189894035458565e-12,22.162670501920754,1,14141.773604951291,14141.77360495129,0.004186968758527865,1,1
2025-08-27,637.5062179210042,640.2755208793137,637.3578376120881,639.5436401367188,-1.8189894035458565e-12,22.162670501920754,1,14173.994967949078,14173.994967949076,0.002278452752666471,1,1
2025-08-28,640.146950913372,642.3623933153343,638.267809046051,641.8085327148438,-1.8189894035458565e-12,22.162670501920754,1,14224.191035880309,14224.191035880307,0.0035414199062957508,1,1
2025-08-29,640.374480883152,640.7404816664739,636.0919759234915,637.9810180664062,-1.8189894035458565e-12,22.162670501920754,1,14139.363089885714,14139.363089885712,-0.005963639392962183,1,1
2025-09-02,630.5136938017484,633.4709169972102,627.9619508913343,633.2533569335938,-1.8189894035458565e-12,22.162670501920754,1,14034.585493954453,14034.585493954452,-0.007410347641911175,0,1
2025-09-03,635.6270824559713,637.1502445176759,633.4413400681225,636.6853637695312,14073.109918776734,0.0,0,0.0,14073.109918776734,0.0027449634931417943,0,0
2025-09-04,637.3579030521721,642.0361089027498,636.4579021356687,642.0064086914062,14073.109918776734,0.0,0,0.0,14073.109918776734,0.0,1,0
2025-09-05,644.3405588325719,645.0625999768899,636.2799090574998,640.1470336914062,-1.8189894035458565e-12,21.819280447176382,1,13967.54765554086,13967.547655540859,-0.007500990459474166,1,1
2025-09-08,641.5118230975241,642.718484610511,640.1370415028089,641.7195434570312,-1.8189894035458565e-12,21.819280447176382,1,14001.858687122956,14001.858687122955,0.002456482156227624,0,1
2025-09-09,641.8579832056892,643.7272854003053,640.1271612550325,643.203125,13990.87796470097,0.0,0,0.0,13990.87796470097,-0.0007842331984169171,0,0
2025-09-10,646.4570825189741,647.3768835600082,643.4998590892842,645.0625610351562,13990.87796470097,0.0,0,0.0,13990.87796470097,0.0,1,0
2025-09-11,647.0108918753651,651.115436538164,646.4273914384058,650.423095703125,-3.637978807091713e-12,21.60226009857663,1,14050.608887500306,14050.608887500302,0.004269276234846187,1,1
2025-09-12,650.3934866540098,651.8869485652141,649.701206088218,650.20556640625,-3.637978807091713e-12,21.60226009857663,1,14045.909763050151,14045.909763050147,-0.0003344427624296653,1,1
2025-09-15,652.4110731340584,653.7956944276398,652.114372883025,653.6671142578125,-3.637978807091713e-12,21.60226009857663,1,14120.687020083273,14120.687020083269,0.005323774557475458,1,1
2025-09-16,654.2210123755038,654.5276730798186,651.9858301119879,652.7671508789062,-3.637978807091713e-12,21.60226009857663,1,14101.245777092947,14101.245777092943,-0.0013767915798059693,1,1
2025-09-17,652.7770367516476,654.4682584259048,647.1295902463727,651.9561157226562,-3.637978807091713e-12,21.60226009857663,1,14083.725584698544,14083.72558469854,-0.001242457061691904,1,1
2025-09-18,654.6364399867887,657.603563340362,653.0341982051615,655.0023803710938,-3.637978807091713e-12,21.60226009857663,1,14149.53178596319,14149.531785963187,0.004672499536354291,1,1
2025-09-19,656.8877828567474,659.0895125014193,654.9438659954435,658.2465209960938,-3.637978807091713e-12,21.60226009857663,1,14219.6125555408,14219.612555540796,0.004952868450893266,1,1
2025-09-22,656.7588293222589,661.8069717744121,656.7290467709187,661.3607177734375,-3.637978807091713e-12,21.60226009857663,1,14286.886244323128,14286.886244323125,0.004731049353107419,1,1
2025-09-23,661.2416672722171,661.856628548307,656.5406245808955,657.7605590820312,-3.637978807091713e-12,21.60226009857663,1,14209.11467987522,14209.114679875216,-0.005443562937222257,1,1
2025-09-24,659.0497999269948,659.1489540239103,654.2495430702726,655.6677856445312,-3.637978807091713e-12,21.60226009857663,1,14163.906043750952,14163.906043750949,-0.0031816645261014687,1,1
2025-09-25,652.5338627083877,653.9917550046746,649.0328388399253,652.6429443359375,-3.637978807091713e-12,21.60226009857663,1,14098.56263504579,14098.562635045786,-0.004613374905433787,1,1
2025-09-26,654.0909412604747,656.9274266555326,652.4743298182361,656.3819580078125,-3.637978807091713e-12,21.60226009857663,1,14179.333780897769,14179.333780897765,0.0057290340826092745,0,1
2025-09-29,658.9010899003678,659.8135740530697,656.4216318338509,658.2266845703125,14219.52252897828,0.0,0,0.0,14219.52252897828,0.0028343185019494843,1,0
2025-09-30,657.4828203674869,661.1722852976668,656.173659297658,660.7061157226562,0.0,21.60560431989098,1,14274.95490803581,14274.95490803581,0.003898329141823531,1,1
2025-10-01,657.7208144097488,663.8698820443607,657.6117327913598,662.9574584960938,0.0,21.60560431989098,1,14323.596529187147,14323.596529187147,0.0034074798459751143,1,1
2025-10-02,664.9410037342527,665.0600128657511,661.3011766397112,663.7210693359375,0.0,21.60560431989098,1,14340.094802847192,14340.094802847192,0.001151824796686185,0,1
2025-10-03,664.4848020775174,667.1527012490268,662.6698219114437,663.7112426757812,14342.242703706574,0.0,0,0.0,14342.242703706574,0.0001497828911811716,1,0
2025-10-06,666.1014192164715,666.9841207809839,663.9591941673339,666.0914916992188,0.0,21.51010461345666,1,14327.697668583594,14327.697668583594,-0.001014139519422641,1,1
2025-10-07,667.0138297258598,667.4601442579947,662.1838505424819,663.6219482421875,0.0,21.51010461345666,1,14274.577530475375,14274.577530475375,-0.0037075138893177817,1,1
2025-10-08,664.7426772273783,667.6783772359653,663.919480237528,667.5791625976562,0.0,21.51010461345666,1,14359.69762523938,14359.69762523938,0.005963055269571305,0,1
2025-10-09,667.9957845708525,668.4023890582872,663.7112737749407,665.6452026367188,14354.29414042443,0.0,0,0.0,14354.29414042443,-0.00037629516692971876,1,0
2025-10-10,666.6071968358344,668.4122493878771,647.4757221413303,647.6542358398438,-1.8189894035458565e-12,21.511844865910522,1,13932.237448136546,13932.237448136544,-0.029402817593049968,1,1
2025-10-13,655.2216030747315,659.664772492732,654.3488290056752,657.5919189453125,-1.8189894035458565e-12,21.511844865910522,1,14146.015345427968,14146.015345427966,0.015344118135168339,1,1
2025-10-14,651.7701536094826,660.3590300864076,647.8030207789583,656.78857421875,-1.8189894035458565e-12,21.511844865910522,1,14128.73391829631,14128.733918296308,-0.0012216462876412093,1,1
2025-10-15,661.3408732132422,664.7228272522149,653.5156893256119,659.7044067382812,-1.8189894035458565e-12,21.511844865910522,1,14191.458855111443,14191.458855111441,0.004439529909605389,1,1
2025-10-16,661.3409444600238,663.2154294168515,651.710706867285,655.2117309570312,-1.8189894035458565e-12,21.511844865910522,1,14094.81311067236,14094.813110672358,-0.006810134562330372,1,1
2025-10-17,654.0810128478913,660.2895852935891,652.7322022395391,658.9308471679688,-1.8189894035458565e-12,21.511844865910522,1,14174.81816164034,14174.818161640338,0.005676205164253156,1,1
2025-10-20,661.8367798071084,666.6866142382812,661.7872027532737,665.7840576171875,-1.8189894035458565e-12,21.511844865910522,1,14322.24336165737,14322.243361657369,0.010400500262923273,1,1
2025-10-21,665.9229005771253,667.4601523988813,664.4748753427003,665.7741088867188,-1.8189894035458565e-12,21.511844865910522,1,14322.029346110914,14322.029346110912,-1.494287878323064e-05,0,1
2025-10-22,666.4783066993808,666.4783066993808,657.8497808005621,662.3128051757812,14322.844346566088,0.0,0,0.0,14322.844346566088,5.690537531233275e-05,1,0
2025-10-23,662.6301900162397,667.1825015615415,662.3128121266341,666.2402954101562,-3.637978807091713e-12,21.593541092423155,1,14386.48719636735,14386.487196367347,0.004443450494979295,0,1
2025-10-24,670.9016937183009,672.8951271271609,670.0983517375236,671.6851806640625,14472.659770775961,0.0,0,0.0,14472.659770775961,0.005989827345091792,0,0
2025-10-27,677.1201116013259,679.9070199177999,676.5151383891614,679.6094970703125,14472.659770775961,0.0,0,0.0,14472.659770775961,0.0,0,0
2025-10-28,681.4045622297778,683.2492642554724,679.2028328185232,681.4144897460938,14472.659770775961,0.0,0,0.0,14472.659770775961,0.0,0,0
2025-10-29,683.0609104229828,684.0328991417463,677.2590027977353,681.7418823242188,14472.659770775961,0.0,0,0.0,14472.659770775961,0.0,0,0
2025-10-30,678.2805836148408,680.3037996369978,674.2440185546875,674.2440185546875,14472.659770775961,0.0,0,0.0,14472.659770775961,0.0,0,0
2025-10-31,679.4111219213156,679.4508319897004,673.6587916341136,676.4556274414062,14472.659770775961,0.0,0,0.0,14472.659770775961,0.0,1,0
2025-11-03,680.0359699637585,680.1649066224819,674.3530715971103,677.7251586914062,0.0,21.26093118138844,1,14409.067958833548,14409.067958833548,-0.004393927097686712,0,1
2025-11-04,670.5545580097922,674.3729598389511,669.0371611161902,669.6917114257812,14242.361261054899,0.0,0,0.0,14242.361261054899,-0.011569568431138433,1,0
2025-11-05,669.4337786331213,675.2654684624238,668.6304366940664,672.012451171875,0.0,21.25397616400485,1,14282.936619121505,14282.936619121505,0.0028489207177715414,1,1
2025-11-06,670.9115428502156,671.8140994484131,663.2252231578799,664.8021850585938,0.0,21.25397616400485,1,14129.689795013694,14129.689795013694,-0.010729363869237507,1,1
2025-11-07,662.4218719882706,665.5658682287408,655.7769731606511,665.4567260742188,0.0,21.25397616400485,1,14143.60139415815,14143.60139415815,0.000984565078659072,1,1
2025-11-10,671.6752576501947,676.57466917413,669.4834554774103,675.8407592773438,0.0,21.25397616400485,1,14364.303388343604,14364.303388343604,0.01560437034633999,0,1
2025-11-11,674.3629519753922,677.9532020666294,673.1529450781785,677.3878784179688,14318.564796289289,0.0,0,0.0,14318.564796289289,-0.0031841844896864924,0,0
2025-11-12,679.1631581075335,679.3318048264125,675.3547447293747,677.7647705078125,14318.564796289289,0.0,0,0.0,14318.564796289289,0.0,0,0
2025-11-13,674.9085136071693,675.265541055433,665.0105359672095,666.5180053710938,14318.564796289289,0.0,0,0.0,14318.564796289289,0.0,0,0
2025-11-14,659.9127066954921,670.1082064558575,657.8200586834998,666.4088745117188,14318.564796289289,0.0,0,0.0,14318.564796289289,0.0,0,0
2025-11-17,664.1971714004484,668.1742314199619,656.7290154076413,660.2002563476562,14318.564796289289,0.0,0,0.0,14318.564796289289,0.0,0,0
2025-11-18,656.6595496130724,659.6547538697382,650.4708329116884,654.6561889648438,14318.564796289289,0.0,0,0.0,14318.564796289289,0.0,0,0
2025-11-19,655.3505280387882,661.856623370592,653.3371790986623,657.185302734375,14318.564796289289,0.0,0,0.0,14318.564796289289,0.0,0,0
2025-11-20,667.3808213360044,670.0090710879778,646.5335791707308,647.1683349609375,14318.564796289289,0.0,0,0.0,14318.564796289289,0.0,0,0
2025-11-21,649.6675301260088,659.0894699034471,645.5020288545189,653.6148681640625,14318.564796289289,0.0,0,0.0,14318.564796289289,0.0,0,0
2025-11-24,657.2448196444445,664.5542570793402,656.1538823239337,663.2351684570312,14318.564796289289,0.0,0,0.0,14318.564796289289,0.0,1,0
2025-11-25,663.135941149376,670.6536740212097,659.020017057554,669.4734497070312,0.0,21.570625381078017,1,14440.960986208345,14440.960986208345,0.008548076686482942,0,1
2025-11-26,672.0620713400136,676.0986363282427,671.1595147067713,674.09521484375,14482.30599873285,0.0,0,0.0,14482.30599873285,0.0028630374781839496,0,0
2025-11-28,675.2654787466182,678.0523870500939,674.9084513312986,677.7747192382812,14482.30599873285,0.0,0,0.0,14482.30599873285,0.0,1,0
2025-12-01,673.232272756968,677.3779187836101,673.1628406770591,674.6802978515625,-1.8189894035458565e-12,21.490108440552692,1,14498.952763534468,14498.952763534466,0.0011494553977158262,0,1
2025-12-02,676.316803165018,678.2012155152329,673.7481184984898,675.9300537109375,14519.59095227434,0.0,0,0.0,14519.59095227434,0.0014234261657697367,0,0
2025-12-03,674.9779023816353,679.2822075879724,674.105128319461,678.2706298828125,14519.59095227434,0.0,0,0.0,14519.59095227434,0.0,0,0
2025-12-04,679.6690366334618,679.7384687237238,675.7416137771377,678.7665405273438,14519.59095227434,0.0,0,0.0,14519.59095227434,0.0,0,0
2025-12-05,679.8375623637357,682.7336127271673,678.9549213715281,680.0557861328125,14519.59095227434,0.0,0,0.0,14519.59095227434,0.0,0,0
2025-12-08,680.9484564225444,680.9980334759979,675.9696853695019,678.0127563476562,14519.59095227434,0.0,0,0.0,14519.59095227434,0.0,0,0
2025-12-09,677.5367544682442,679.7583392727543,676.9813582671167,677.4276123046875,14519.59095227434,0.0,0,0.0,14519.59095227434,0.0,1,0
2025-12-10,676.9515664343469,683.3088703732143,675.711837383319,681.92041015625,0.0,21.42706060961124,1,14611.549959348924,14611.549959348924,0.006333443371569603,1,1
2025-12-11,679.5104080599091,683.5866227950731,676.5647802535024,683.5072631835938,0.0,21.42706060961124,1,14645.551555344364,14645.551555344364,0.0023270355362734474,1,1
2025-12-12,682.5154459360199,683.2196338188487,673.5893968987631,676.1581420898438,0.0,21.42706060961124,1,14488.08149224121,14488.08149224121,-0.010752074615154483,1,1
2025-12-15,680.1053789946951,680.1252340287925,673.6687159286942,675.1365356445312,0.0,21.42706060961124,1,14466.19146901833,14466.19146901833,-0.001510898681416406,0,1
2025-12-16,673.6488975485244,675.4837328267965,669.4338188610296,673.2918701171875,14419.885050191593,0.0,0,0.0,14419.885050191593,-0.003201009673203137,0,0
2025-12-17,674.3034691132465,674.8489377460819,665.6848710067972,665.8832397460938,14419.885050191593,0.0,0,0.0,14419.885050191593,0.0,0,0
2025-12-18,672.0322187932205,675.1464323222394,669.3544527925658,670.9114990234375,14419.885050191593,0.0,0,0.0,14419.885050191593,0.0,0,0
2025-12-19,673.0134542661981,677.4896664833268,672.8940327515619,676.9923095703125,14419.885050191593,0.0,0,0.0,14419.885050191593,0.0,0,0
2025-12-22,680.3245290528953,681.7370055876305,676.9922622536055,681.2098388671875,14419.885050191593,0.0,0,0.0,14419.885050191593,0.0,0,0
2025-12-23,680.3046207584179,684.562024812114,680.2548972126992,684.3233032226562,14419.885050191593,0.0,0,0.0,14419.885050191593,0.0,0,0
2025-12-24,684.313382495532,687.1781631452748,684.164151137988,686.7305297851562,14419.885050191593,0.0,0,0.0,14419.885050191593,0.0,0,0
2025-12-26,686.989161229118,688.0037280321676,685.6264081645946,686.660888671875,14419.885050191593,0.0,0,0.0,14419.885050191593,0.0,0,0
2025-12-29,683.9055083361335,685.5567672531378,682.4433081832867,684.2138671875,14419.885050191593,0.0,0,0.0,14419.885050191593,0.0,0,0
2025-12-30,683.8159723723246,684.9200900521846,682.9505762759469,683.3782958984375,14419.885050191593,0.0,0,0.0,14419.885050191593,0.0,0,0
2025-12-31,683.5076844111845,683.726492314561,678.1063955310838,678.3152465820312,14419.885050191593,0.0,0,0.0,14419.885050191593,0.0,0,0
2026-01-02,682.0852055985325,683.2390468658663,676.2263268834449,679.55859375,14419.885050191593,0.0,0,0.0,14419.885050191593,0.0,0,0
2026-01-05,682.910839643419,685.7855773037328,682.7517121374489,684.0845947265625,14419.885050191593,0.0,0,0.0,14419.885050191593,0.0,0,0
2026-01-06,684.2934596862484,688.6602678554459,684.1442890432024,688.1529541015625,14419.885050191593,0.0,0,0.0,14419.885050191593,0.0,1,0
2026-01-07,688.5309418430683,690.2916046822218,685.6761181181482,685.9347534179688,-1.8189894035458565e-12,20.92204590586589,1,14351.158399439542,14351.15839943954,-0.00476610253915577,1,1
2026-01-08,685.1787573638412,686.9692300361542,683.8557710289468,685.8651123046875,-1.8189894035458565e-12,20.92204590586589,1,14349.701364870536,14349.701364870534,-0.00010152731427337525,1,1
2026-01-09,686.9791831428475,691.6344363504869,685.5368360184962,690.4010009765625,-1.8189894035458565e-12,20.92204590586589,1,14444.601435887402,14444.6014358874,0.006613382996888628,0,1
2026-01-12,687.0289310253164,692.410366767912,686.979207477028,691.4852294921875,14359.680376248776,0.0,0,0.0,14359.680376248776,-0.005879086385010113,1,0
2026-01-13,691.813478661017,692.4103433578374,687.6953490317495,690.1026000976562,0.0,20.735836899596677,1,14309.85495961259,14309.85495961259,-0.0034698137653953465,1,1
2026-01-14,687.347202661372,688.0633674208381,682.4134005947378,686.7105712890625,0.0,20.735836899596677,1,14239.518403478856,14239.518403478856,-0.004915252903138989,1,1
2026-01-15,690.8983886882239,691.7737417111902,687.5959315038539,688.5806884765625,0.0,20.735836899596677,1,14278.296848461989,14278.296848461989,0.0027232975079871657,1,1
2026-01-16,689.9931507530615,690.5800586110835,686.4519720383781,688.0037231445312,0.0,20.735836899596677,1,14266.332989440267,14266.332989440267,-0.000837905189162047,0,1
2026-01-20,677.8874730475171,681.1501633341576,672.9934983300664,673.9981689453125,14042.511027456681,0.0,0,0.0,14042.511027456681,-0.015688822218663745,0,0
2026-01-21,676.0572511802958,685.0991655259935,674.5452667925615,681.77685546875,14042.511027456681,0.0,0,0.0,14042.511027456681,0.0,1,0
2026-01-22,686.2033478813381,687.476610793547,683.2888434897402,685.3379516601562,0.0,20.443617893454967,1,14010.787211623345,14010.787211623345,-0.002259127001667194,0,1
2026-01-23,684.5123006998919,687.3074439470811,683.5274830754288,685.5865478515625,13979.917509436436,0.0,0,0.0,13979.917509436436,-0.002203281066270102,1,0
2026-01-26,686.8399658941375,690.4607389282814,686.2729717064406,689.068115234375,0.0,20.333627574654134,1,14011.25442874464,14011.25442874464,0.00224156682520138,1,1
2026-01-27,690.5104039402848,692.8480177488461,689.9036431059924,691.8134765625,0.0,20.333627574654134,1,14067.077583548591,14067.077583548591,0.003984165378470905,1,1
2026-01-28,693.3652237572153,694.1510864943795,690.271678492269,691.7438354492188,0.0,20.333627574654134,1,14065.661527087246,14065.661527087246,-0.0001006645803248718,1,1
2026-01-29,692.7087686795362,693.375209936545,681.2098793986574,690.3711547851562,0.0,20.333627574654134,1,14037.74994968527,14037.74994968527,-0.001984377154833683,1,1
2026-01-30,688.1330925763239,690.540343876794,683.4877957603626,688.3121337890625,0.0,20.333627574654134,1,13995.882583582306,13995.882583582306,-0.0029824841055744455,1,1
2026-02-02,685.9347490634862,693.2458711004026,685.7755608588325,691.73388671875,0.0,20.333627574654134,1,14065.459233307054,14065.459233307054,0.00497122273706152,1,1
2026-02-03,692.529690413304,693.2757257351432,680.4140840721383,685.885009765625,0.0,20.333627574654134,1,13946.530347612232,13946.530347612232,-0.008455385901172563,1,1
2026-02-04,686.7006659106327,687.7948875474046,678.1561081391175,682.5626831054688,0.0,20.333627574654134,1,13878.97539462327,13878.97539462327,-0.004843853725993386,0,1
2026-02-05,677.3404209861714,680.0758839506523,672.2176206040476,674.0379638671875,13759.018516927626,0.0,0,0.0,13759.018516927626,-0.008643064367857778,0,0
2026-02-06,677.8576866055596,688.6503070282812,677.2508650473027,686.96923828125,13759.018516927626,0.0,0,0.0,13759.018516927626,0.0,1,0
2026-02-09,685.7755337993461,692.1914496038428,684.7012866666231,690.2816162109375,-1.8189894035458565e-12,20.043394862233686,1,13835.58699985667,13835.586999856669,0.0055649669222292975,1,1
2026-02-10,691.276360737094,692.8579216647231,688.0037135108784,688.4613037109375,-1.8189894035458565e-12,20.043394862233686,1,13799.101757646511,13799.10175764651,-0.002637057770699336,0,1
2026-02-11,692.7087599208829,693.4547952732178,685.5368515439336,688.3021850585938,13870.35443548167,0.0,0,0.0,13870.35443548167,0.005163573621426165,0,0
2026-02-12,690.5701102294341,691.6742279947084,676.7734344520502,677.668701171875,13870.35443548167,0.0,0,0.0,13870.35443548167,0.0,1,0
2026-02-13,678.0864377658819,682.6522007204912,673.9384983110481,678.1461181640625,0.0,20.434702281518426,1,13857.714028050032,13857.714028050032,-0.0009113254812942451,1,1
2026-02-17,676.5446598627462,681.31927396984,672.2077222570326,679.2402954101562,0.0,20.434702281518426,1,13880.07321431717,13880.07321431717,0.0016134830190519533,1,1
2026-02-18,680.4041503420104,685.507036973797,679.2204384959671,682.662109375,0.0,20.434702281518426,1,13949.996963951493,13949.996963951493,0.005037707550576753,1,1
2026-02-19,680.2251236342836,682.5527199680946,677.9471901363287,680.8616943359375,0.0,20.434702281518426,1,13913.206018645084,13913.206018645084,-0.002637344323549451,1,1
2026-02-20,678.7131823752115,686.4122580979458,678.126274472082,685.7855834960938,0.0,20.434702281518426,1,14013.824227700072,14013.824227700072,0.00723184928909637,0,1
2026-02-23,684.1940214696967,686.3525334522094,676.7734345413753,678.7827758789062,13967.323325721833,0.0,0,0.0,13967.323325721833,-0.0033182164427554284,1,0
2026-02-24,678.295350173768,684.7112054782021,676.4053697086953,683.7164916992188,0.0,20.57122530374812,1,14064.88599463286,14064.88599463286,0.006985065544473867,0,1
2026-02-25,686.53156929616,690.0130676270821,686.4519751919497,689.4859008789062,14108.676325235843,0.0,0,0.0,14108.676325235843,0.003113450803632123,0,0
2026-02-26,689.615191050754,689.6350440416309,680.7323436648176,685.6561889648438,14108.676325235843,0.0,0,0.0,14108.676325235843,0.0,1,0
2026-02-27,679.4790749097389,683.2291046432514,678.0367277603054,682.3637084960938,-1.8189894035458565e-12,20.743211592263126,1,14154.414788215829,14154.414788215827,0.00324186776460178,1,1
2026-03-02,675.1122534180175,684.9797970984218,674.4358553343317,682.7516479492188,-1.8189894035458565e-12,20.743211592263126,1,14162.461898376987,14162.461898376985,0.0005685229860479257,1,1
2026-03-03,671.4915420947397,679.0016196644848,666.1200629162043,676.7337036132812,-1.8189894035458565e-12,20.743211592263126,1,14037.630405666174,14037.630405666172,-0.008814250912485666,1,1
2026-03-04,678.026802327329,683.4579617719511,676.027417786932,681.50830078125,-1.8189894035458565e-12,20.743211592263126,1,14136.670884989171,14136.67088498917,0.00705535595829776,0,1
2026-03-05,678.4743840881955,681.9061587313661,672.0385544367263,677.7084350585938,14059.667489797197,0.0,0,0.0,14059.667489797197,-0.005447067121986726,1,0
2026-03-06,669.8501461298736,672.5358853430707,666.2194774432897,668.8256225585938,0.0,20.96829931467888,1,14024.135843135036,14024.135843135036,-0.0025272039106148947,1,1
2026-03-09,662.8673051642795,676.3257505242918,658.888450195908,674.6845092773438,0.0,20.96829931467888,1,14146.986733504584,14146.986733504584,0.00875996152231262,0,1
2026-03-10,674.1374043547928,679.7476047325034,671.1930903760745,673.6002807617188,14121.382892736989,0.0,0,0.0,14121.382892736989,-0.0018098441208654892,0,0
2026-03-11,673.9982140650914,676.4849986405864,669.7806371390539,672.7548217773438,14121.382892736989,0.0,0,0.0,14121.382892736989,0.0,0,0
2026-03-12,667.6120785283837,668.0995392824933,662.3500644519811,662.5390625,14121.382892736989,0.0,0,0.0,14121.382892736989,0.0,0,0
2026-03-13,665.7321452917186,668.7859240392634,657.863924887251,658.7890014648438,14121.382892736989,0.0,0,0.0,14121.382892736989,0.0,0,0
2026-03-16,664.8468199428278,668.5173163233716,663.5934708305671,665.493408203125,14121.382892736989,0.0,0,0.0,14121.382892736989,0.0,0,0
2026-03-17,668.8355969918504,670.8747480492216,666.1598145596139,667.2440185546875,14121.382892736989,0.0,0,0.0,14121.382892736989,0.0,0,0
2026-03-18,664.8268919718373,666.1796881508768,657.6948111200146,657.9335327148438,14121.382892736989,0.0,0,0.0,14121.382892736989,0.0,1,0
2026-03-19,653.497076818377,659.4753162945015,651.7066041735543,656.3121337890625,0.0,21.587353018483206,1,14168.041722418473,14168.041722418473,0.003304126092741333,0,1
2026-03-20,654.8230422006715,655.0025723674255,643.063298812559,646.9034423828125,14121.763814420443,0.0,0,0.0,14121.763814420443,-0.0032663588168859725,0,0
2026-03-23,656.3790129905765,660.9173090129275,652.2596206790361,653.6959228515625,14121.763814420443,0.0,0,0.0,14121.763814420443,0.0,0,0
2026-03-24,649.6463809650626,655.3417305137531,648.2100787416998,651.5015869140625,14121.763814420443,0.0,0,0.0,14121.763814420443,0.0,0,0
2026-03-25,656.9774239230809,659.1917509309695,652.5588148295345,655.1322021484375,14121.763814420443,0.0,0,0.0,14121.763814420443,0.0,1,0
2026-03-26,650.3844333840033,653.1672421520028,643.1630473705688,643.432373046875,0.0,21.69125198994869,1,13956.853742250434,13956.853742250434,-0.011677724846354542,0,1
2026-03-27,640.8489947137006,641.0085567819559,631.4831091918358,632.4606323242188,13886.919690012593,0.0,0,0.0,13886.919690012593,-0.00501073189770096,0,0
2026-03-30,638.4651675144013,638.7245091624994,627.6630399662237,630.3460693359375,13886.919690012593,0.0,0,0.0,13886.919690012593,0.0,0,0
2026-03-31,637.2981538716512,649.865752001465,636.3405988140365,648.6688842773438,13886.919690012593,0.0,0,0.0,13886.919690012593,0.0,0,0
2026-04-01,652.219751792706,656.8278752918841,651.3220400966815,653.5562744140625,13886.919690012593,0.0,0,0.0,13886.919690012593,0.0,1,0
2026-04-02,644.7589215344626,656.5086804928782,643.4522901873171,654.144775390625,-1.8189894035458565e-12,21.516636242204687,1,14074.995181818766,14074.995181818764,0.013543355618412134,1,1
2026-04-06,654.1746977251443,658.0247645183308,653.8356054757206,657.23681640625,-1.8189894035458565e-12,21.516636242204687,1,14141.525503597946,14141.525503597944,0.004726845083763864,0,1
2026-04-07,654.9626585699763,657.9150134208243,649.386996170508,657.5260009765625,14078.504206549125,0.0,0,0.0,14078.504206549125,-0.004456470911344379,0,0
2026-04-08,674.6519776493207,675.3402070755335,669.734652974974,674.27294921875,14078.504206549125,0.0,0,0.0,14078.504206549125,0.0,1,0
2026-04-09,673.1059235004034,679.4096297331154,672.0386657215836,678.162841796875,0.0,20.894833581385722,1,14170.099720425316,14170.099720425316,0.006506054374269432,1,1
2026-04-10,679.5692561407437,680.2774536083281,676.7066358948267,677.7140502929688,0.0,20.894833581385722,1,14160.722296638456,14160.722296638456,-0.0006617754265584308,1,1
2026-04-13,675.669302461078,684.536473353906,674.8414790590384,684.3369750976562,0.0,20.894833581385722,1,14299.107208254432,14299.107208254432,0.009772447246481741,0,1
2026-04-14,685.9229138241225,692.7952238870419,685.8929616905456,692.675537109375,14317.91647194149,0.0,0,0.0,14317.91647194149,0.0013154152502752314,1,0
2026-04-15,693.4734516118131,698.480571570673,692.4161778504387,698.1414184570312,-3.637978807091713e-12,20.626037310450894,1,14399.890945065838,14399.890945065834,0.005725307399647717,1,1
2026-04-16,699.2585607342904,700.9741726960574,696.7350934539525,699.8569946289062,-3.637978807091713e-12,20.626037310450894,1,14435.27648319585,14435.276483195847,0.002457347646937391,1,1
2026-04-17,704.3255249385737,710.5594650064761,703.9464965121796,708.3152465820312,-3.637978807091713e-12,20.626037310450894,1,14609.736703562201,14609.736703562197,0.012085686101644066,1,1
2026-04-20,706.9587079747221,708.0857482546458,704.3254772575062,706.8988037109375,-3.637978807091713e-12,20.626037310450894,1,14580.521100054899,14580.521100054895,-0.0019997351150194964,0,1
2026-04-21,708.4548936431559,709.4523240430285,700.8345107773317,702.2708129882812,14598.008105140461,0.0,0,0.0,14598.008105140461,0.0011993401995420427,1,0
2026-04-22,707.3278031045794,709.6218808832724,706.4001392457644,709.3825073242188,-1.8189894035458565e-12,20.61762732107786,1,14625.784164102526,14625.784164102524,0.0019027293834890102,0,1
2026-04-23,707.6768673789517,710.5295037064266,700.4754491270062,706.6295776367188,14576.030945106177,0.0,0,0.0,14576.030945106177,-0.003401747108949027,1,0
2026-04-24,708.9236633096505,712.6340752101273,707.1881441382454,712.10546875,0.0,20.540245152658304,1,14626.820902673657,14626.820902673657,0.003484484751627992,0,1
2026-04-27,711.3374146094498,713.7911152864904,710.4696550399041,713.332275390625,14596.437490215127,0.0,0,0.0,14596.437490215127,-0.0020772396586176134,1,0
2026-04-28,709.9908768700561,711.0481506026886,707.4274735730012,709.8612060546875,-1.8189894035458565e-12,20.538083611781634,1,14579.188802711322,14579.18880271132,-0.001181705297293889,0,1
2026-04-29,709.1729992133655,710.3699278433978,706.5497524472755,709.7515258789062,14550.492939972577,0.0,0,0.0,14550.492939972577,-0.001968275678918885,0,0
2026-04-30,712.7936806635566,717.9403946619685,708.6244289610544,716.8132934570312,14550.492939972577,0.0,0,0.0,14550.492939972577,0.0,1,0
2026-05-01,719.3966516418469,723.0073446973263,718.6186267345964,718.7982177734375,1.8189894035458565e-12,20.205756197859483,1,14523.861543785984,14523.861543785986,-0.0018302744997339415,1,1
2026-05-04,718.2196821209096,720.2644021704073,713.152718877996,716.1649780273438,1.8189894035458565e-12,20.205756197859483,1,14470.654943465901,14470.654943465903,-0.0036633921467564834,1,1
2026-05-05,719.9153564929043,723.1769124909786,719.6360467603954,721.9102172851562,1.8189894035458565e-12,20.205756197859483,1,14586.741847207632,14586.741847207633,0.008022228723942426,1,1
2026-05-06,726.288861980811,732.7023927493656,725.9497697512824,731.9443359375,1.8189894035458565e-12,20.205756197859483,1,14789.488802357284,14789.488802357286,0.013899399692774095,1,1
2026-05-07,733.161188473549,734.238430329629,727.8748196364371,729.7001342773438,1.8189894035458565e-12,20.205756197859483,1,14744.143010753336,14744.143010753338,-0.0030660824190704705,0,1
2026-05-08,733.0415191543954,736.1834492768152,732.6824588199246,735.724609375,14796.850263637869,0.0,0,0.0,14796.850263637869,0.0035747925699098904,0,0
2026-05-11,734.5576163199453,738.8864300819614,734.5576163199453,737.4002685546875,14796.850263637869,0.0,0,0.0,14796.850263637869,0.0,1,0
2026-05-12,734.9964788307154,736.9414802248905,729.9494836014034,736.2831420898438,-1.8189894035458565e-12,20.11174873536059,1,14807.941551792735,14807.941551792734,0.0007495708855094207,0,1
2026-05-13,736.5723674930287,741.9983910774667,733.5800764180441,740.4025268554688,14798.948325488638,0.0,0,0.0,14798.948325488638,-0.0006073245408647621,0,0
2026-05-14,741.7391534739264,747.6040491923611,741.649357949993,746.2474975585938,14798.948325488638,0.0,0,0.0,14798.948325488638,0.0,1,0
2026-05-15,739.8838927249178,741.5496453663399,736.0637780312098,737.2706298828125,-1.8189894035458565e-12,19.98173039628011,1,14731.942955413977,14731.942955413975,-0.004527711604969786,1,1
2026-05-18,737.9289136337939,739.5147938000424,731.5054597381557,736.751953125,-1.8189894035458565e-12,19.98173039628011,1,14721.578896276551,14721.57889627655,-0.0007035093177317764,0,1
2026-05-19,732.8919551385734,735.7545755811656,729.650306265128,731.8446044921875,14629.808668836771,0.0,0,0.0,14629.808668836771,-0.006233721809757009,1,0
2026-05-20,733.8195334397973,739.9636778498481,732.0042028263388,739.3452758789062,0.0,19.916599598684755,1,14725.243824859293,14725.243824859293,0.006523335894734528,0,1
2026-05-21,736.7419902854853,742.9559620700644,735.1361419849363,740.8114624023438,14658.725501174855,0.0,0,0.0,14658.725501174855,-0.004517298625109523,0,0
2026-05-22,744.3224328967863,747.015507083493,742.566945697205,743.7239990234375,14658.725501174855,0.0,0,0.0,14658.725501174855,0.0,0,0
2026-05-26,748.0827892360243,750.1973368284331,746.4469887578754,748.6613159179688,14658.725501174855,0.0,0,0.0,14658.725501174855,0.0,1,0
2026-05-27,748.9505199197505,749.4492351039673,746.2973210478585,748.5316162109375,-1.8189894035458565e-12,19.552797378339662,1,14635.887023053569,14635.887023053567,-0.0015580125379561771,1,1
2026-05-28,748.3221518516883,753.2095851254732,747.3047533704411,752.6609497070312,-1.8189894035458565e-12,19.552797378339662,1,14716.627044210281,14716.62704421028,0.005516578600909927,1,1
2026-05-29,753.9576670103595,756.1320579864754,752.7507543048832,754.5361328125,-1.8189894035458565e-12,19.552797378339662,1,14753.292119518797,14753.292119518796,0.0024914048034492264,1,1
2026-06-01,753.4189990020213,758.3264003155792,752.7507376917755,756.5908203125,-1.8189894035458565e-12,19.552797378339662,1,14793.467007882104,14793.467007882102,0.0027231134609038143,0,1
2026-06-02,755.0847737682097,758.4461093852723,754.805464031348,757.6182250976562,14749.259256379184,0.0,0,0.0,14749.259256379184,-0.002988329340198881,1,0
2026-06-03,756.2018667594974,756.8501599793441,751.6336185743088,752.3018798828125,-1.8189894035458565e-12,19.484904361368624,1,14658.530180394428,14658.530180394426,-0.006151432719952887,0,1
2026-06-04,750.1673635570705,756.3614281257201,749.5389775481502,755.1445922851562,14602.326048830468,0.0,0,0.0,14602.326048830468,-0.0038342269567470666,0,0
2026-06-05,750.3768677170906,750.8855669656407,733.6400171295905,735.65478515625,14602.326048830468,0.0,0,0.0,14602.326048830468,0.0,0,0
2026-06-08,741.4498108327123,743.4247643242134,736.2931129658897,737.3204345703125,14602.326048830468,0.0,0,0.0,14602.326048830468,0.0,1,0
2026-06-09,741.7191759970133,744.9807928982774,720.7332622187009,735.1560668945312,-1.8189894035458565e-12,19.66746329245277,1,14458.654959872147,14458.654959872145,-0.009838918024284937,0,1
2026-06-10,731.5054857614351,736.4826536495077,723.4661992814284,723.56591796875,14372.474028865738,0.0,0,0.0,14372.474028865738,-0.005960508169369105,0,0
2026-06-11,726.8873842592473,738.0984921563339,722.5485255148498,735.8642578125,14372.474028865738,0.0,0,0.0,14372.474028865738,0.0,1,0
2026-06-12,738.8066884479139,742.5270843334097,733.1412911200548,739.843994140625,0.0,19.434193749889012,1,14378.271526820658,14378.271526820658,0.00040337508652132925,0,1
2026-06-15,749.9179969688896,754.7356026867302,749.8282623277308,752.890380859375,14559.481241485373,0.0,0,0.0,14559.481241485373,0.012603024941258978,1,0
2026-06-16,752.6111046530555,753.4988323298886,747.9531216783239,748.4019775390625,0.0,19.325960755368687,1,14463.58724716024,14463.58724716024,-0.006586360649436851,0,1
2026-06-17,749.3594421826946,750.217278570044,737.3204502885575,739.0560302734375,14467.612700639233,0.0,0,0.0,14467.612700639233,0.00027831639621656024,1,0
2026-06-18,747.760009765625,748.22998046875,743.8599853515625,746.739990234375,-1.8189894035458565e-12,19.328602416100022,1,14433.440379442647,14433.440379442645,-0.002361987558256784,0,1
2026-06-22,747.7000122070312,750.1799926757812,743.1300048828125,744.3900146484375,14437.547879199443,0.0,0,0.0,14437.547879199443,0.00028458216813276316,0,0
2026-06-23,733.8099975585938,739.6300048828125,732.2999877929688,733.5800170898438,14437.547879199443,0.0,0,0.0,14437.547879199443,0.0,1,0
2026-06-24,735.1699829101562,739.9500122070312,730.8400268554688,733.239990234375,-1.8189894035458565e-12,19.618756869225322,1,14385.257095201352,14385.25709520135,-0.003621860473510874,1,1
2026-06-25,738.9099731445312,739.3699951171875,729.5999755859375,734.2999877929688,-1.8189894035458565e-12,19.618756869225322,1,14406.052929585376,14406.052929585374,0.0014456352254532678,1,1
2026-06-26,728.9500122070312,736.530029296875,716.5800170898438,728.989990234375,-1.8189894035458565e-12,19.618756869225322,1,14301.877378507144,14301.877378507143,-0.007231373616869652,1,1
2026-06-29,736.530029296875,741.5599975585938,732.0900268554688,741.0,-1.8189894035458565e-12,19.618756869225322,1,14537.498840095965,14537.498840095963,0.016474862380159383,0,1
2026-06-30,741.2899780273438,748.02001953125,740.8900146484375,746.77001953125,14528.64829646029,0.0,0,0.0,14528.64829646029,-0.0006088078653022633,0,0
2026-07-01,745.0,749.4400024414062,742.3800048828125,745.760009765625,14528.64829646029,0.0,0,0.0,14528.64829646029,0.0,0,0
2026-07-02,747.4000244140625,751.3099975585938,740.030029296875,744.780029296875,14528.64829646029,0.0,0,0.0,14528.64829646029,0.0,0,0
2026-07-06,748.739990234375,752.4099731445312,747.4099731445312,751.280029296875,14528.64829646029,0.0,0,0.0,14528.64829646029,0.0,0,0
2026-07-07,750.219970703125,750.9600219726562,745.2100219726562,747.7100219726562,14528.64829646029,0.0,0,0.0,14528.64829646029,0.0,0,0
2026-07-08,743.1599731445312,746.1500244140625,739.510009765625,745.4000244140625,14528.64829646029,0.0,0,0.0,14528.64829646029,0.0,0,0
2026-07-09,747.3499755859375,751.969970703125,745.5900268554688,751.7100219726562,14528.64829646029,0.0,0,0.0,14528.64829646029,0.0,0,0
2026-07-10,752.0499877929688,755.4199829101562,748.0999755859375,754.9500122070312,14528.64829646029,0.0,0,0.0,14528.64829646029,0.0,0,0
2026-07-13,752.469970703125,753.9099731445312,748.0,749.1699829101562,14528.64829646029,0.0,0,0.0,14528.64829646029,0.0,0,0
2026-07-14,750.9099731445312,753.3400268554688,748.6599731445312,751.8300170898438,14528.64829646029,0.0,0,0.0,14528.64829646029,0.0,0,0
2026-07-15,754.239990234375,755.5800170898438,750.2000122070312,754.8099975585938,14528.64829646029,0.0,0,0.0,14528.64829646029,0.0,0,0
2026-07-16,752.760009765625,754.5700073242188,747.8800048828125,750.719970703125,14528.64829646029,0.0,0,0.0,14528.64829646029,0.0,0,0
2026-07-17,742.0800170898438,747.2899780273438,740.7999877929688,743.2899780273438,14528.64829646029,0.0,0,0.0,14528.64829646029,0.0,0,0
2026-07-20,747.0599975585938,748.72998046875,741.510009765625,742.0900268554688,14528.64829646029,0.0,0,0.0,14528.64829646029,0.0,0,0
2026-07-21,746.2899780273438,749.0399780273438,744.1799926757812,748.280029296875,14528.64829646029,0.0,0,0.0,14528.64829646029,0.0,0,0
2026-07-22,746.6199951171875,750.02001953125,746.3699951171875,747.4099731445312,14528.64829646029,0.0,0,0.0,14528.64829646029,0.0,1,0
2026-07-23,739.3699951171875,742.5599975585938,735.2100219726562,738.1799926757812,-1.8189894035458565e-12,19.6304024145446,1,14490.770310591173,14490.770310591171,-0.0026071238766476323,1,1
2026-07-24,738.510009765625,743.719970703125,737.2899780273438,738.9299926757812,-1.8189894035458565e-12,19.6304024145446,1,14505.49311240208,14505.493112402079,0.0010160123647910968,0,1
2026-07-27,744.9099731445312,745.530029296875,735.8699951171875,739.0900268554688,14608.263308619957,0.0,0,0.0,14608.263308619957,0.007084915722720853,0,0
2026-07-28,739.1900024414062,742.7899780273438,735.97998046875,740.8599853515625,14608.263308619957,0.0,0,0.0,14608.263308619957,0.0,0,0
2026-07-29,739.969970703125,742.6799926757812,729.0999755859375,729.4600219726562,14608.263308619957,0.0,0,0.0,14608.263308619957,0.0,0,0
2026-07-30,736.0499877929688,742.4500122070312,734.5900268554688,741.6900024414062,14608.263308619957,0.0,0,0.0,14608.263308619957,0.0,1,0
2026-07-31,744.6799926757812,748.9000244140625,737.6799926757812,747.030029296875,-3.637978807091713e-12,19.597231210377156,1,14639.72020522568,14639.720205225676,0.002153363198701186,0,1
2026-08-03,749.4400024414062,758.5800170898438,748.7999877929688,757.6699829101562,14672.265728880957,0.0,0,0.0,14672.265728880957,0.0022230973815786648,0,0
2026-08-04,760.6300048828125,773.4099731445312,760.52001953125,771.3300170898438,14672.265728880957,0.0,0,0.0,14672.265728880957,0.0,0,0
2026-08-05,775.8499755859375,776.8499755859375,769.510009765625,769.7899780273438,14672.265728880957,0.0,0,0.0,14672.265728880957,0.0,0,0
2026-08-06,770.2100219726562,771.8200073242188,767.4600219726562,768.5599975585938,14672.265728880957,0.0,0,0.0,14672.265728880957,0.0,0,0
2026-08-07,771.02001953125,773.9199829101562,769.6099853515625,773.260009765625,14672.265728880957,0.0,0,0.0,14672.265728880957,0.0,0,0
2026-08-10,772.5999755859375,775.0499877929688,771.6199951171875,773.030029296875,14672.265728880957,0.0,0,0.0,14672.265728880957,0.0,0,0
2026-08-11,774.530029296875,774.6099853515625,769.2000122070312,770.5599975585938,14672.265728880957,0.0,0,0.0,14672.265728880957,0.0,0,0
